month_end,condition,demographics_type,demographics_values,rate_per_100000_visits
2025-12,Anxiety Disorders,RaceEthnicity,"AI/AN, NH",2572
2025-12,Anxiety Disorders,RaceEthnicity,All,2338
2025-12,Anxiety Disorders,RaceEthnicity,"Asian, NH",1370
2025-12,Anxiety Disorders,RaceEthnicity,"Black, NH",1445
2025-12,Anxiety Disorders,RaceEthnicity,Hispanic,1846
2025-12,Anxiety Disorders,RaceEthnicity,"Multiple/Other, NH",1623
2025-12,Anxiety Disorders,RaceEthnicity,"NHOPI, NH",1272
2025-12,Anxiety Disorders,RaceEthnicity,"White, NH",2938
2025-11,Anxiety Disorders,RaceEthnicity,"AI/AN, NH",2808
2025-11,Anxiety Disorders,RaceEthnicity,All,2578
2025-11,Anxiety Disorders,RaceEthnicity,"Asian, NH",1529
2025-11,Anxiety Disorders,RaceEthnicity,"Black, NH",1645
2025-11,Anxiety Disorders,RaceEthnicity,Hispanic,2046
2025-11,Anxiety Disorders,RaceEthnicity,"Multiple/Other, NH",1914
2025-11,Anxiety Disorders,RaceEthnicity,"NHOPI, NH",1384
2025-11,Anxiety Disorders,RaceEthnicity,"White, NH",3178
2025-10,Anxiety Disorders,RaceEthnicity,"AI/AN, NH",2827
2025-10,Anxiety Disorders,RaceEthnicity,All,2614
2025-10,Anxiety Disorders,RaceEthnicity,"Asian, NH",1549
2025-10,Anxiety Disorders,RaceEthnicity,"Black, NH",1649
2025-10,Anxiety Disorders,RaceEthnicity,Hispanic,2096
2025-10,Anxiety Disorders,RaceEthnicity,"Multiple/Other, NH",1915
2025-10,Anxiety Disorders,RaceEthnicity,"NHOPI, NH",1471
2025-10,Anxiety Disorders,RaceEthnicity,"White, NH",3224
2025-09,Anxiety Disorders,RaceEthnicity,"AI/AN, NH",2673
2025-09,Anxiety Disorders,RaceEthnicity,All,2583
2025-09,Anxiety Disorders,RaceEthnicity,"Asian, NH",1560
2025-09,Anxiety Disorders,RaceEthnicity,"Black, NH",1609
2025-09,Anxiety Disorders,RaceEthnicity,Hispanic,2095
2025-09,Anxiety Disorders,RaceEthnicity,"Multiple/Other, NH",1933
2025-09,Anxiety Disorders,RaceEthnicity,"NHOPI, NH",1406
2025-09,Anxiety Disorders,RaceEthnicity,"White, NH",3179
2025-08,Anxiety Disorders,RaceEthnicity,"AI/AN, NH",2765
2025-08,Anxiety Disorders,RaceEthnicity,All,2604
2025-08,Anxiety Disorders,RaceEthnicity,"Asian, NH",1591
2025-08,Anxiety Disorders,RaceEthnicity,"Black, NH",1642
2025-08,Anxiety Disorders,RaceEthnicity,Hispanic,2137
2025-08,Anxiety Disorders,RaceEthnicity,"Multiple/Other, NH",1923
2025-08,Anxiety Disorders,RaceEthnicity,"NHOPI, NH",1468
2025-08,Anxiety Disorders,RaceEthnicity,"White, NH",3176
2025-07,Anxiety Disorders,RaceEthnicity,"AI/AN, NH",2833
2025-07,Anxiety Disorders,RaceEthnicity,All,2635
2025-07,Anxiety Disorders,RaceEthnicity,"Asian, NH",1530
2025-07,Anxiety Disorders,RaceEthnicity,"Black, NH",1715
2025-07,Anxiety Disorders,RaceEthnicity,Hispanic,2188
2025-07,Anxiety Disorders,RaceEthnicity,"Multiple/Other, NH",1939
2025-07,Anxiety Disorders,RaceEthnicity,"NHOPI, NH",1464
2025-07,Anxiety Disorders,RaceEthnicity,"White, NH",3177
2025-06,Anxiety Disorders,RaceEthnicity,"AI/AN, NH",2861
2025-06,Anxiety Disorders,RaceEthnicity,All,2616
2025-06,Anxiety Disorders,RaceEthnicity,"Asian, NH",1533
2025-06,Anxiety Disorders,RaceEthnicity,"Black, NH",1684
2025-06,Anxiety Disorders,RaceEthnicity,Hispanic,2145
2025-06,Anxiety Disorders,RaceEthnicity,"Multiple/Other, NH",1927
2025-06,Anxiety Disorders,RaceEthnicity,"NHOPI, NH",1444
2025-06,Anxiety Disorders,RaceEthnicity,"White, NH",3175
2025-05,Anxiety Disorders,RaceEthnicity,"AI/AN, NH",2752
2025-05,Anxiety Disorders,RaceEthnicity,All,2552
2025-05,Anxiety Disorders,RaceEthnicity,"Asian, NH",1570
2025-05,Anxiety Disorders,RaceEthnicity,"Black, NH",1626
2025-05,Anxiety Disorders,RaceEthnicity,Hispanic,2023
2025-05,Anxiety Disorders,RaceEthnicity,"Multiple/Other, NH",1855
2025-05,Anxiety Disorders,RaceEthnicity,"NHOPI, NH",1332
2025-05,Anxiety Disorders,RaceEthnicity,"White, NH",3159
2025-04,Anxiety Disorders,RaceEthnicity,"AI/AN, NH",2858
2025-04,Anxiety Disorders,RaceEthnicity,All,2564
2025-04,Anxiety Disorders,RaceEthnicity,"Asian, NH",1546
2025-04,Anxiety Disorders,RaceEthnicity,"Black, NH",1640
2025-04,Anxiety Disorders,RaceEthnicity,Hispanic,2013
2025-04,Anxiety Disorders,RaceEthnicity,"Multiple/Other, NH",1783
2025-04,Anxiety Disorders,RaceEthnicity,"NHOPI, NH",1233
2025-04,Anxiety Disorders,RaceEthnicity,"White, NH",3196
2025-03,Anxiety Disorders,RaceEthnicity,"AI/AN, NH",2737
2025-03,Anxiety Disorders,RaceEthnicity,All,2546
2025-03,Anxiety Disorders,RaceEthnicity,"Asian, NH",1504
2025-03,Anxiety Disorders,RaceEthnicity,"Black, NH",1619
2025-03,Anxiety Disorders,RaceEthnicity,Hispanic,1970
2025-03,Anxiety Disorders,RaceEthnicity,"Multiple/Other, NH",1778
2025-03,Anxiety Disorders,RaceEthnicity,"NHOPI, NH",1449
2025-03,Anxiety Disorders,RaceEthnicity,"White, NH",3180
2025-02,Anxiety Disorders,RaceEthnicity,"AI/AN, NH",2577
2025-02,Anxiety Disorders,RaceEthnicity,All,2390
2025-02,Anxiety Disorders,RaceEthnicity,"Asian, NH",1389
2025-02,Anxiety Disorders,RaceEthnicity,"Black, NH",1503
2025-02,Anxiety Disorders,RaceEthnicity,Hispanic,1861
2025-02,Anxiety Disorders,RaceEthnicity,"Multiple/Other, NH",1709
2025-02,Anxiety Disorders,RaceEthnicity,"NHOPI, NH",1101
2025-02,Anxiety Disorders,RaceEthnicity,"White, NH",2987
2025-01,Anxiety Disorders,RaceEthnicity,"AI/AN, NH",2576
2025-01,Anxiety Disorders,RaceEthnicity,All,2333
2025-01,Anxiety Disorders,RaceEthnicity,"Asian, NH",1356
2025-01,Anxiety Disorders,RaceEthnicity,"Black, NH",1437
2025-01,Anxiety Disorders,RaceEthnicity,Hispanic,1808
2025-01,Anxiety Disorders,RaceEthnicity,"Multiple/Other, NH",1586
2025-01,Anxiety Disorders,RaceEthnicity,"NHOPI, NH",1126
2025-01,Anxiety Disorders,RaceEthnicity,"White, NH",2961
2024-12,Anxiety Disorders,RaceEthnicity,"AI/AN, NH",2567
2024-12,Anxiety Disorders,RaceEthnicity,All,2273
2024-12,Anxiety Disorders,RaceEthnicity,"Asian, NH",1361
2024-12,Anxiety Disorders,RaceEthnicity,"Black, NH",1441
2024-12,Anxiety Disorders,RaceEthnicity,Hispanic,1778
2024-12,Anxiety Disorders,RaceEthnicity,"Multiple/Other, NH",1508
2024-12,Anxiety Disorders,RaceEthnicity,"NHOPI, NH",1117
2024-12,Anxiety Disorders,RaceEthnicity,"White, NH",2867
2024-11,Anxiety Disorders,RaceEthnicity,"AI/AN, NH",2794
2024-11,Anxiety Disorders,RaceEthnicity,All,2457
2024-11,Anxiety Disorders,RaceEthnicity,"Asian, NH",1529
2024-11,Anxiety Disorders,RaceEthnicity,"Black, NH",1578
2024-11,Anxiety Disorders,RaceEthnicity,Hispanic,1943
2024-11,Anxiety Disorders,RaceEthnicity,"Multiple/Other, NH",1697
2024-11,Anxiety Disorders,RaceEthnicity,"NHOPI, NH",1266
2024-11,Anxiety Disorders,RaceEthnicity,"White, NH",3060
2024-10,Anxiety Disorders,RaceEthnicity,"AI/AN, NH",2892
2024-10,Anxiety Disorders,RaceEthnicity,All,2482
2024-10,Anxiety Disorders,RaceEthnicity,"Asian, NH",1509
2024-10,Anxiety Disorders,RaceEthnicity,"Black, NH",1577
2024-10,Anxiety Disorders,RaceEthnicity,Hispanic,2027
2024-10,Anxiety Disorders,RaceEthnicity,"Multiple/Other, NH",1690
2024-10,Anxiety Disorders,RaceEthnicity,"NHOPI, NH",1380
2024-10,Anxiety Disorders,RaceEthnicity,"White, NH",3066
2024-09,Anxiety Disorders,RaceEthnicity,"AI/AN, NH",2898
2024-09,Anxiety Disorders,RaceEthnicity,All,2492
2024-09,Anxiety Disorders,RaceEthnicity,"Asian, NH",1459
2024-09,Anxiety Disorders,RaceEthnicity,"Black, NH",1584
2024-09,Anxiety Disorders,RaceEthnicity,Hispanic,2063
2024-09,Anxiety Disorders,RaceEthnicity,"Multiple/Other, NH",1703
2024-09,Anxiety Disorders,RaceEthnicity,"NHOPI, NH",1380
2024-09,Anxiety Disorders,RaceEthnicity,"White, NH",3070
2024-08,Anxiety Disorders,RaceEthnicity,"AI/AN, NH",2925
2024-08,Anxiety Disorders,RaceEthnicity,All,2522
2024-08,Anxiety Disorders,RaceEthnicity,"Asian, NH",1561
2024-08,Anxiety Disorders,RaceEthnicity,"Black, NH",1603
2024-08,Anxiety Disorders,RaceEthnicity,Hispanic,2129
2024-08,Anxiety Disorders,RaceEthnicity,"Multiple/Other, NH",1778
2024-08,Anxiety Disorders,RaceEthnicity,"NHOPI, NH",1656
2024-08,Anxiety Disorders,RaceEthnicity,"White, NH",3072
2024-07,Anxiety Disorders,RaceEthnicity,"AI/AN, NH",2895
2024-07,Anxiety Disorders,RaceEthnicity,All,2534
2024-07,Anxiety Disorders,RaceEthnicity,"Asian, NH",1517
2024-07,Anxiety Disorders,RaceEthnicity,"Black, NH",1648
2024-07,Anxiety Disorders,RaceEthnicity,Hispanic,2144
2024-07,Anxiety Disorders,RaceEthnicity,"Multiple/Other, NH",1789
2024-07,Anxiety Disorders,RaceEthnicity,"NHOPI, NH",1444
2024-07,Anxiety Disorders,RaceEthnicity,"White, NH",3075
2024-06,Anxiety Disorders,RaceEthnicity,"AI/AN, NH",2721
2024-06,Anxiety Disorders,RaceEthnicity,All,2484
2024-06,Anxiety Disorders,RaceEthnicity,"Asian, NH",1480
2024-06,Anxiety Disorders,RaceEthnicity,"Black, NH",1629
2024-06,Anxiety Disorders,RaceEthnicity,Hispanic,2077
2024-06,Anxiety Disorders,RaceEthnicity,"Multiple/Other, NH",1750
2024-06,Anxiety Disorders,RaceEthnicity,"NHOPI, NH",1406
2024-06,Anxiety Disorders,RaceEthnicity,"White, NH",3020
2024-05,Anxiety Disorders,RaceEthnicity,"AI/AN, NH",2815
2024-05,Anxiety Disorders,RaceEthnicity,All,2425
2024-05,Anxiety Disorders,RaceEthnicity,"Asian, NH",1456
2024-05,Anxiety Disorders,RaceEthnicity,"Black, NH",1563
2024-05,Anxiety Disorders,RaceEthnicity,Hispanic,1963
2024-05,Anxiety Disorders,RaceEthnicity,"Multiple/Other, NH",1714
2024-05,Anxiety Disorders,RaceEthnicity,"NHOPI, NH",1265
2024-05,Anxiety Disorders,RaceEthnicity,"White, NH",2994
2024-04,Anxiety Disorders,RaceEthnicity,"AI/AN, NH",2765
2024-04,Anxiety Disorders,RaceEthnicity,All,2448
2024-04,Anxiety Disorders,RaceEthnicity,"Asian, NH",1423
2024-04,Anxiety Disorders,RaceEthnicity,"Black, NH",1551
2024-04,Anxiety Disorders,RaceEthnicity,Hispanic,1964
2024-04,Anxiety Disorders,RaceEthnicity,"Multiple/Other, NH",1715
2024-04,Anxiety Disorders,RaceEthnicity,"NHOPI, NH",1343
2024-04,Anxiety Disorders,RaceEthnicity,"White, NH",3040
2024-03,Anxiety Disorders,RaceEthnicity,"AI/AN, NH",2819
2024-03,Anxiety Disorders,RaceEthnicity,All,2447
2024-03,Anxiety Disorders,RaceEthnicity,"Asian, NH",1425
2024-03,Anxiety Disorders,RaceEthnicity,"Black, NH",1545
2024-03,Anxiety Disorders,RaceEthnicity,Hispanic,1935
2024-03,Anxiety Disorders,RaceEthnicity,"Multiple/Other, NH",1721
2024-03,Anxiety Disorders,RaceEthnicity,"NHOPI, NH",1318
2024-03,Anxiety Disorders,RaceEthnicity,"White, NH",3051
2024-02,Anxiety Disorders,RaceEthnicity,"AI/AN, NH",2882
2024-02,Anxiety Disorders,RaceEthnicity,All,2437
2024-02,Anxiety Disorders,RaceEthnicity,"Asian, NH",1462
2024-02,Anxiety Disorders,RaceEthnicity,"Black, NH",1519
2024-02,Anxiety Disorders,RaceEthnicity,Hispanic,1947
2024-02,Anxiety Disorders,RaceEthnicity,"Multiple/Other, NH",1699
2024-02,Anxiety Disorders,RaceEthnicity,"NHOPI, NH",1296
2024-02,Anxiety Disorders,RaceEthnicity,"White, NH",3035
2024-01,Anxiety Disorders,RaceEthnicity,"AI/AN, NH",2773
2024-01,Anxiety Disorders,RaceEthnicity,All,2433
2024-01,Anxiety Disorders,RaceEthnicity,"Asian, NH",1407
2024-01,Anxiety Disorders,RaceEthnicity,"Black, NH",1495
2024-01,Anxiety Disorders,RaceEthnicity,Hispanic,1942
2024-01,Anxiety Disorders,RaceEthnicity,"Multiple/Other, NH",1683
2024-01,Anxiety Disorders,RaceEthnicity,"NHOPI, NH",1446
2024-01,Anxiety Disorders,RaceEthnicity,"White, NH",3040
2023-12,Anxiety Disorders,RaceEthnicity,"AI/AN, NH",2587
2023-12,Anxiety Disorders,RaceEthnicity,All,2227
2023-12,Anxiety Disorders,RaceEthnicity,"Asian, NH",1278
2023-12,Anxiety Disorders,RaceEthnicity,"Black, NH",1366
2023-12,Anxiety Disorders,RaceEthnicity,Hispanic,1753
2023-12,Anxiety Disorders,RaceEthnicity,"Multiple/Other, NH",1545
2023-12,Anxiety Disorders,RaceEthnicity,"NHOPI, NH",1351
2023-12,Anxiety Disorders,RaceEthnicity,"White, NH",2815
2023-11,Anxiety Disorders,RaceEthnicity,"AI/AN, NH",2631
2023-11,Anxiety Disorders,RaceEthnicity,All,2358
2023-11,Anxiety Disorders,RaceEthnicity,"Asian, NH",1432
2023-11,Anxiety Disorders,RaceEthnicity,"Black, NH",1455
2023-11,Anxiety Disorders,RaceEthnicity,Hispanic,1860
2023-11,Anxiety Disorders,RaceEthnicity,"Multiple/Other, NH",1704
2023-11,Anxiety Disorders,RaceEthnicity,"NHOPI, NH",1276
2023-11,Anxiety Disorders,RaceEthnicity,"White, NH",2975
2023-10,Anxiety Disorders,RaceEthnicity,"AI/AN, NH",2826
2023-10,Anxiety Disorders,RaceEthnicity,All,2474
2023-10,Anxiety Disorders,RaceEthnicity,"Asian, NH",1521
2023-10,Anxiety Disorders,RaceEthnicity,"Black, NH",1544
2023-10,Anxiety Disorders,RaceEthnicity,Hispanic,1968
2023-10,Anxiety Disorders,RaceEthnicity,"Multiple/Other, NH",1753
2023-10,Anxiety Disorders,RaceEthnicity,"NHOPI, NH",1540
2023-10,Anxiety Disorders,RaceEthnicity,"White, NH",3098
2023-09,Anxiety Disorders,RaceEthnicity,"AI/AN, NH",2779
2023-09,Anxiety Disorders,RaceEthnicity,All,2475
2023-09,Anxiety Disorders,RaceEthnicity,"Asian, NH",1580
2023-09,Anxiety Disorders,RaceEthnicity,"Black, NH",1573
2023-09,Anxiety Disorders,RaceEthnicity,Hispanic,1997
2023-09,Anxiety Disorders,RaceEthnicity,"Multiple/Other, NH",1776
2023-09,Anxiety Disorders,RaceEthnicity,"NHOPI, NH",1504
2023-09,Anxiety Disorders,RaceEthnicity,"White, NH",3083
2023-08,Anxiety Disorders,RaceEthnicity,"AI/AN, NH",2755
2023-08,Anxiety Disorders,RaceEthnicity,All,2529
2023-08,Anxiety Disorders,RaceEthnicity,"Asian, NH",1524
2023-08,Anxiety Disorders,RaceEthnicity,"Black, NH",1594
2023-08,Anxiety Disorders,RaceEthnicity,Hispanic,2115
2023-08,Anxiety Disorders,RaceEthnicity,"Multiple/Other, NH",1851
2023-08,Anxiety Disorders,RaceEthnicity,"NHOPI, NH",1642
2023-08,Anxiety Disorders,RaceEthnicity,"White, NH",3114
2023-07,Anxiety Disorders,RaceEthnicity,"AI/AN, NH",2943
2023-07,Anxiety Disorders,RaceEthnicity,All,2563
2023-07,Anxiety Disorders,RaceEthnicity,"Asian, NH",1501
2023-07,Anxiety Disorders,RaceEthnicity,"Black, NH",1666
2023-07,Anxiety Disorders,RaceEthnicity,Hispanic,2169
2023-07,Anxiety Disorders,RaceEthnicity,"Multiple/Other, NH",1878
2023-07,Anxiety Disorders,RaceEthnicity,"NHOPI, NH",1541
2023-07,Anxiety Disorders,RaceEthnicity,"White, NH",3127
2023-06,Anxiety Disorders,RaceEthnicity,"AI/AN, NH",2785
2023-06,Anxiety Disorders,RaceEthnicity,All,2529
2023-06,Anxiety Disorders,RaceEthnicity,"Asian, NH",1452
2023-06,Anxiety Disorders,RaceEthnicity,"Black, NH",1645
2023-06,Anxiety Disorders,RaceEthnicity,Hispanic,2093
2023-06,Anxiety Disorders,RaceEthnicity,"Multiple/Other, NH",1867
2023-06,Anxiety Disorders,RaceEthnicity,"NHOPI, NH",1572
2023-06,Anxiety Disorders,RaceEthnicity,"White, NH",3113
2023-05,Anxiety Disorders,RaceEthnicity,"AI/AN, NH",2796
2023-05,Anxiety Disorders,RaceEthnicity,All,2482
2023-05,Anxiety Disorders,RaceEthnicity,"Asian, NH",1465
2023-05,Anxiety Disorders,RaceEthnicity,"Black, NH",1592
2023-05,Anxiety Disorders,RaceEthnicity,Hispanic,1988
2023-05,Anxiety Disorders,RaceEthnicity,"Multiple/Other, NH",1818
2023-05,Anxiety Disorders,RaceEthnicity,"NHOPI, NH",1416
2023-05,Anxiety Disorders,RaceEthnicity,"White, NH",3097
2023-04,Anxiety Disorders,RaceEthnicity,"AI/AN, NH",2795
2023-04,Anxiety Disorders,RaceEthnicity,All,2548
2023-04,Anxiety Disorders,RaceEthnicity,"Asian, NH",1527
2023-04,Anxiety Disorders,RaceEthnicity,"Black, NH",1638
2023-04,Anxiety Disorders,RaceEthnicity,Hispanic,2056
2023-04,Anxiety Disorders,RaceEthnicity,"Multiple/Other, NH",1833
2023-04,Anxiety Disorders,RaceEthnicity,"NHOPI, NH",1400
2023-04,Anxiety Disorders,RaceEthnicity,"White, NH",3170
2023-03,Anxiety Disorders,RaceEthnicity,"AI/AN, NH",2899
2023-03,Anxiety Disorders,RaceEthnicity,All,2573
2023-03,Anxiety Disorders,RaceEthnicity,"Asian, NH",1493
2023-03,Anxiety Disorders,RaceEthnicity,"Black, NH",1642
2023-03,Anxiety Disorders,RaceEthnicity,Hispanic,2097
2023-03,Anxiety Disorders,RaceEthnicity,"Multiple/Other, NH",1849
2023-03,Anxiety Disorders,RaceEthnicity,"NHOPI, NH",1446
2023-03,Anxiety Disorders,RaceEthnicity,"White, NH",3207
2023-02,Anxiety Disorders,RaceEthnicity,"AI/AN, NH",2795
2023-02,Anxiety Disorders,RaceEthnicity,All,2596
2023-02,Anxiety Disorders,RaceEthnicity,"Asian, NH",1559
2023-02,Anxiety Disorders,RaceEthnicity,"Black, NH",1645
2023-02,Anxiety Disorders,RaceEthnicity,Hispanic,2130
2023-02,Anxiety Disorders,RaceEthnicity,"Multiple/Other, NH",1896
2023-02,Anxiety Disorders,RaceEthnicity,"NHOPI, NH",1441
2023-02,Anxiety Disorders,RaceEthnicity,"White, NH",3226
2023-01,Anxiety Disorders,RaceEthnicity,"AI/AN, NH",3012
2023-01,Anxiety Disorders,RaceEthnicity,All,2662
2023-01,Anxiety Disorders,RaceEthnicity,"Asian, NH",1638
2023-01,Anxiety Disorders,RaceEthnicity,"Black, NH",1700
2023-01,Anxiety Disorders,RaceEthnicity,Hispanic,2221
2023-01,Anxiety Disorders,RaceEthnicity,"Multiple/Other, NH",1965
2023-01,Anxiety Disorders,RaceEthnicity,"NHOPI, NH",1508
2023-01,Anxiety Disorders,RaceEthnicity,"White, NH",3288
2022-12,Anxiety Disorders,RaceEthnicity,"AI/AN, NH",2556
2022-12,Anxiety Disorders,RaceEthnicity,All,2303
2022-12,Anxiety Disorders,RaceEthnicity,"Asian, NH",1334
2022-12,Anxiety Disorders,RaceEthnicity,"Black, NH",1487
2022-12,Anxiety Disorders,RaceEthnicity,Hispanic,1850
2022-12,Anxiety Disorders,RaceEthnicity,"Multiple/Other, NH",1628
2022-12,Anxiety Disorders,RaceEthnicity,"NHOPI, NH",1300
2022-12,Anxiety Disorders,RaceEthnicity,"White, NH",2871
2022-11,Anxiety Disorders,RaceEthnicity,"AI/AN, NH",2595
2022-11,Anxiety Disorders,RaceEthnicity,All,2198
2022-11,Anxiety Disorders,RaceEthnicity,"Asian, NH",1319
2022-11,Anxiety Disorders,RaceEthnicity,"Black, NH",1367
2022-11,Anxiety Disorders,RaceEthnicity,Hispanic,1701
2022-11,Anxiety Disorders,RaceEthnicity,"Multiple/Other, NH",1492
2022-11,Anxiety Disorders,RaceEthnicity,"NHOPI, NH",1132
2022-11,Anxiety Disorders,RaceEthnicity,"White, NH",2821
2022-10,Anxiety Disorders,RaceEthnicity,"AI/AN, NH",2748
2022-10,Anxiety Disorders,RaceEthnicity,All,2342
2022-10,Anxiety Disorders,RaceEthnicity,"Asian, NH",1431
2022-10,Anxiety Disorders,RaceEthnicity,"Black, NH",1472
2022-10,Anxiety Disorders,RaceEthnicity,Hispanic,1925
2022-10,Anxiety Disorders,RaceEthnicity,"Multiple/Other, NH",1694
2022-10,Anxiety Disorders,RaceEthnicity,"NHOPI, NH",1466
2022-10,Anxiety Disorders,RaceEthnicity,"White, NH",2943
2022-09,Anxiety Disorders,RaceEthnicity,"AI/AN, NH",2826
2022-09,Anxiety Disorders,RaceEthnicity,All,2409
2022-09,Anxiety Disorders,RaceEthnicity,"Asian, NH",1479
2022-09,Anxiety Disorders,RaceEthnicity,"Black, NH",1528
2022-09,Anxiety Disorders,RaceEthnicity,Hispanic,2046
2022-09,Anxiety Disorders,RaceEthnicity,"Multiple/Other, NH",1780
2022-09,Anxiety Disorders,RaceEthnicity,"NHOPI, NH",1540
2022-09,Anxiety Disorders,RaceEthnicity,"White, NH",3009
2022-08,Anxiety Disorders,RaceEthnicity,"AI/AN, NH",2804
2022-08,Anxiety Disorders,RaceEthnicity,All,2484
2022-08,Anxiety Disorders,RaceEthnicity,"Asian, NH",1520
2022-08,Anxiety Disorders,RaceEthnicity,"Black, NH",1556
2022-08,Anxiety Disorders,RaceEthnicity,Hispanic,2168
2022-08,Anxiety Disorders,RaceEthnicity,"Multiple/Other, NH",1846
2022-08,Anxiety Disorders,RaceEthnicity,"NHOPI, NH",1510
2022-08,Anxiety Disorders,RaceEthnicity,"White, NH",3079
2022-07,Anxiety Disorders,RaceEthnicity,"AI/AN, NH",2971
2022-07,Anxiety Disorders,RaceEthnicity,All,2490
2022-07,Anxiety Disorders,RaceEthnicity,"Asian, NH",1471
2022-07,Anxiety Disorders,RaceEthnicity,"Black, NH",1580
2022-07,Anxiety Disorders,RaceEthnicity,Hispanic,2210
2022-07,Anxiety Disorders,RaceEthnicity,"Multiple/Other, NH",1798
2022-07,Anxiety Disorders,RaceEthnicity,"NHOPI, NH",1380
2022-07,Anxiety Disorders,RaceEthnicity,"White, NH",3065
2022-06,Anxiety Disorders,RaceEthnicity,"AI/AN, NH",2998
2022-06,Anxiety Disorders,RaceEthnicity,All,2476
2022-06,Anxiety Disorders,RaceEthnicity,"Asian, NH",1414
2022-06,Anxiety Disorders,RaceEthnicity,"Black, NH",1596
2022-06,Anxiety Disorders,RaceEthnicity,Hispanic,2144
2022-06,Anxiety Disorders,RaceEthnicity,"Multiple/Other, NH",1856
2022-06,Anxiety Disorders,RaceEthnicity,"NHOPI, NH",1455
2022-06,Anxiety Disorders,RaceEthnicity,"White, NH",3063
2022-05,Anxiety Disorders,RaceEthnicity,"AI/AN, NH",2904
2022-05,Anxiety Disorders,RaceEthnicity,All,2470
2022-05,Anxiety Disorders,RaceEthnicity,"Asian, NH",1395
2022-05,Anxiety Disorders,RaceEthnicity,"Black, NH",1596
2022-05,Anxiety Disorders,RaceEthnicity,Hispanic,2097
2022-05,Anxiety Disorders,RaceEthnicity,"Multiple/Other, NH",1800
2022-05,Anxiety Disorders,RaceEthnicity,"NHOPI, NH",1632
2022-05,Anxiety Disorders,RaceEthnicity,"White, NH",3084
2022-04,Anxiety Disorders,RaceEthnicity,"AI/AN, NH",3140
2022-04,Anxiety Disorders,RaceEthnicity,All,2629
2022-04,Anxiety Disorders,RaceEthnicity,"Asian, NH",1528
2022-04,Anxiety Disorders,RaceEthnicity,"Black, NH",1707
2022-04,Anxiety Disorders,RaceEthnicity,Hispanic,2205
2022-04,Anxiety Disorders,RaceEthnicity,"Multiple/Other, NH",1892
2022-04,Anxiety Disorders,RaceEthnicity,"NHOPI, NH",1581
2022-04,Anxiety Disorders,RaceEthnicity,"White, NH",3279
2022-03,Anxiety Disorders,RaceEthnicity,"AI/AN, NH",3340
2022-03,Anxiety Disorders,RaceEthnicity,All,2746
2022-03,Anxiety Disorders,RaceEthnicity,"Asian, NH",1665
2022-03,Anxiety Disorders,RaceEthnicity,"Black, NH",1762
2022-03,Anxiety Disorders,RaceEthnicity,Hispanic,2351
2022-03,Anxiety Disorders,RaceEthnicity,"Multiple/Other, NH",1979
2022-03,Anxiety Disorders,RaceEthnicity,"NHOPI, NH",1891
2022-03,Anxiety Disorders,RaceEthnicity,"White, NH",3410
2022-02,Anxiety Disorders,RaceEthnicity,"AI/AN, NH",3471
2022-02,Anxiety Disorders,RaceEthnicity,All,2844
2022-02,Anxiety Disorders,RaceEthnicity,"Asian, NH",1607
2022-02,Anxiety Disorders,RaceEthnicity,"Black, NH",1833
2022-02,Anxiety Disorders,RaceEthnicity,Hispanic,2444
2022-02,Anxiety Disorders,RaceEthnicity,"Multiple/Other, NH",2078
2022-02,Anxiety Disorders,RaceEthnicity,"NHOPI, NH",1784
2022-02,Anxiety Disorders,RaceEthnicity,"White, NH",3495
2022-01,Anxiety Disorders,RaceEthnicity,"AI/AN, NH",3011
2022-01,Anxiety Disorders,RaceEthnicity,All,2476
2022-01,Anxiety Disorders,RaceEthnicity,"Asian, NH",1373
2022-01,Anxiety Disorders,RaceEthnicity,"Black, NH",1523
2022-01,Anxiety Disorders,RaceEthnicity,Hispanic,2158
2022-01,Anxiety Disorders,RaceEthnicity,"Multiple/Other, NH",1699
2022-01,Anxiety Disorders,RaceEthnicity,"NHOPI, NH",1488
2022-01,Anxiety Disorders,RaceEthnicity,"White, NH",3102
2021-12,Anxiety Disorders,RaceEthnicity,"AI/AN, NH",3121
2021-12,Anxiety Disorders,RaceEthnicity,All,2378
2021-12,Anxiety Disorders,RaceEthnicity,"Asian, NH",1325
2021-12,Anxiety Disorders,RaceEthnicity,"Black, NH",1450
2021-12,Anxiety Disorders,RaceEthnicity,Hispanic,2102
2021-12,Anxiety Disorders,RaceEthnicity,"Multiple/Other, NH",1589
2021-12,Anxiety Disorders,RaceEthnicity,"NHOPI, NH",1468
2021-12,Anxiety Disorders,RaceEthnicity,"White, NH",3022
2021-11,Anxiety Disorders,RaceEthnicity,"AI/AN, NH",3269
2021-11,Anxiety Disorders,RaceEthnicity,All,2603
2021-11,Anxiety Disorders,RaceEthnicity,"Asian, NH",1527
2021-11,Anxiety Disorders,RaceEthnicity,"Black, NH",1653
2021-11,Anxiety Disorders,RaceEthnicity,Hispanic,2334
2021-11,Anxiety Disorders,RaceEthnicity,"Multiple/Other, NH",1830
2021-11,Anxiety Disorders,RaceEthnicity,"NHOPI, NH",1914
2021-11,Anxiety Disorders,RaceEthnicity,"White, NH",3210
2021-10,Anxiety Disorders,RaceEthnicity,"AI/AN, NH",3583
2021-10,Anxiety Disorders,RaceEthnicity,All,2714
2021-10,Anxiety Disorders,RaceEthnicity,"Asian, NH",1639
2021-10,Anxiety Disorders,RaceEthnicity,"Black, NH",1720
2021-10,Anxiety Disorders,RaceEthnicity,Hispanic,2434
2021-10,Anxiety Disorders,RaceEthnicity,"Multiple/Other, NH",1912
2021-10,Anxiety Disorders,RaceEthnicity,"NHOPI, NH",1933
2021-10,Anxiety Disorders,RaceEthnicity,"White, NH",3349
2021-09,Anxiety Disorders,RaceEthnicity,"AI/AN, NH",3263
2021-09,Anxiety Disorders,RaceEthnicity,All,2671
2021-09,Anxiety Disorders,RaceEthnicity,"Asian, NH",1570
2021-09,Anxiety Disorders,RaceEthnicity,"Black, NH",1684
2021-09,Anxiety Disorders,RaceEthnicity,Hispanic,2396
2021-09,Anxiety Disorders,RaceEthnicity,"Multiple/Other, NH",1857
2021-09,Anxiety Disorders,RaceEthnicity,"NHOPI, NH",1755
2021-09,Anxiety Disorders,RaceEthnicity,"White, NH",3313
2021-08,Anxiety Disorders,RaceEthnicity,"AI/AN, NH",3077
2021-08,Anxiety Disorders,RaceEthnicity,All,2606
2021-08,Anxiety Disorders,RaceEthnicity,"Asian, NH",1473
2021-08,Anxiety Disorders,RaceEthnicity,"Black, NH",1639
2021-08,Anxiety Disorders,RaceEthnicity,Hispanic,2353
2021-08,Anxiety Disorders,RaceEthnicity,"Multiple/Other, NH",1950
2021-08,Anxiety Disorders,RaceEthnicity,"NHOPI, NH",1595
2021-08,Anxiety Disorders,RaceEthnicity,"White, NH",3231
2021-07,Anxiety Disorders,RaceEthnicity,"AI/AN, NH",3459
2021-07,Anxiety Disorders,RaceEthnicity,All,2752
2021-07,Anxiety Disorders,RaceEthnicity,"Asian, NH",1507
2021-07,Anxiety Disorders,RaceEthnicity,"Black, NH",1716
2021-07,Anxiety Disorders,RaceEthnicity,Hispanic,2538
2021-07,Anxiety Disorders,RaceEthnicity,"Multiple/Other, NH",2185
2021-07,Anxiety Disorders,RaceEthnicity,"NHOPI, NH",1785
2021-07,Anxiety Disorders,RaceEthnicity,"White, NH",3384
2021-06,Anxiety Disorders,RaceEthnicity,"AI/AN, NH",3484
2021-06,Anxiety Disorders,RaceEthnicity,All,2888
2021-06,Anxiety Disorders,RaceEthnicity,"Asian, NH",1668
2021-06,Anxiety Disorders,RaceEthnicity,"Black, NH",1836
2021-06,Anxiety Disorders,RaceEthnicity,Hispanic,2715
2021-06,Anxiety Disorders,RaceEthnicity,"Multiple/Other, NH",2382
2021-06,Anxiety Disorders,RaceEthnicity,"NHOPI, NH",1773
2021-06,Anxiety Disorders,RaceEthnicity,"White, NH",3508
2021-05,Anxiety Disorders,RaceEthnicity,"AI/AN, NH",3590
2021-05,Anxiety Disorders,RaceEthnicity,All,2949
2021-05,Anxiety Disorders,RaceEthnicity,"Asian, NH",1670
2021-05,Anxiety Disorders,RaceEthnicity,"Black, NH",1853
2021-05,Anxiety Disorders,RaceEthnicity,Hispanic,2787
2021-05,Anxiety Disorders,RaceEthnicity,"Multiple/Other, NH",2355
2021-05,Anxiety Disorders,RaceEthnicity,"NHOPI, NH",1921
2021-05,Anxiety Disorders,RaceEthnicity,"White, NH",3582
2021-04,Anxiety Disorders,RaceEthnicity,"AI/AN, NH",3670
2021-04,Anxiety Disorders,RaceEthnicity,All,3034
2021-04,Anxiety Disorders,RaceEthnicity,"Asian, NH",1787
2021-04,Anxiety Disorders,RaceEthnicity,"Black, NH",1946
2021-04,Anxiety Disorders,RaceEthnicity,Hispanic,2812
2021-04,Anxiety Disorders,RaceEthnicity,"Multiple/Other, NH",2391
2021-04,Anxiety Disorders,RaceEthnicity,"NHOPI, NH",2039
2021-04,Anxiety Disorders,RaceEthnicity,"White, NH",3689
2021-03,Anxiety Disorders,RaceEthnicity,"AI/AN, NH",3962
2021-03,Anxiety Disorders,RaceEthnicity,All,3252
2021-03,Anxiety Disorders,RaceEthnicity,"Asian, NH",1898
2021-03,Anxiety Disorders,RaceEthnicity,"Black, NH",2063
2021-03,Anxiety Disorders,RaceEthnicity,Hispanic,3095
2021-03,Anxiety Disorders,RaceEthnicity,"Multiple/Other, NH",2511
2021-03,Anxiety Disorders,RaceEthnicity,"NHOPI, NH",2490
2021-03,Anxiety Disorders,RaceEthnicity,"White, NH",3949
2021-02,Anxiety Disorders,RaceEthnicity,"AI/AN, NH",4031
2021-02,Anxiety Disorders,RaceEthnicity,All,3387
2021-02,Anxiety Disorders,RaceEthnicity,"Asian, NH",1958
2021-02,Anxiety Disorders,RaceEthnicity,"Black, NH",2200
2021-02,Anxiety Disorders,RaceEthnicity,Hispanic,3285
2021-02,Anxiety Disorders,RaceEthnicity,"Multiple/Other, NH",2568
2021-02,Anxiety Disorders,RaceEthnicity,"NHOPI, NH",2575
2021-02,Anxiety Disorders,RaceEthnicity,"White, NH",4081
2021-01,Anxiety Disorders,RaceEthnicity,"AI/AN, NH",4291
2021-01,Anxiety Disorders,RaceEthnicity,All,3324
2021-01,Anxiety Disorders,RaceEthnicity,"Asian, NH",2038
2021-01,Anxiety Disorders,RaceEthnicity,"Black, NH",2152
2021-01,Anxiety Disorders,RaceEthnicity,Hispanic,3356
2021-01,Anxiety Disorders,RaceEthnicity,"Multiple/Other, NH",2616
2021-01,Anxiety Disorders,RaceEthnicity,"NHOPI, NH",2313
2021-01,Anxiety Disorders,RaceEthnicity,"White, NH",4055
2020-12,Anxiety Disorders,RaceEthnicity,"AI/AN, NH",4215
2020-12,Anxiety Disorders,RaceEthnicity,All,3192
2020-12,Anxiety Disorders,RaceEthnicity,"Asian, NH",1951
2020-12,Anxiety Disorders,RaceEthnicity,"Black, NH",2117
2020-12,Anxiety Disorders,RaceEthnicity,Hispanic,3205
2020-12,Anxiety Disorders,RaceEthnicity,"Multiple/Other, NH",2577
2020-12,Anxiety Disorders,RaceEthnicity,"NHOPI, NH",2535
2020-12,Anxiety Disorders,RaceEthnicity,"White, NH",3897
2020-11,Anxiety Disorders,RaceEthnicity,"AI/AN, NH",3852
2020-11,Anxiety Disorders,RaceEthnicity,All,3203
2020-11,Anxiety Disorders,RaceEthnicity,"Asian, NH",2026
2020-11,Anxiety Disorders,RaceEthnicity,"Black, NH",2140
2020-11,Anxiety Disorders,RaceEthnicity,Hispanic,3190
2020-11,Anxiety Disorders,RaceEthnicity,"Multiple/Other, NH",2601
2020-11,Anxiety Disorders,RaceEthnicity,"NHOPI, NH",2410
2020-11,Anxiety Disorders,RaceEthnicity,"White, NH",3925
2020-10,Anxiety Disorders,RaceEthnicity,"AI/AN, NH",4058
2020-10,Anxiety Disorders,RaceEthnicity,All,3382
2020-10,Anxiety Disorders,RaceEthnicity,"Asian, NH",2176
2020-10,Anxiety Disorders,RaceEthnicity,"Black, NH",2287
2020-10,Anxiety Disorders,RaceEthnicity,Hispanic,3287
2020-10,Anxiety Disorders,RaceEthnicity,"Multiple/Other, NH",2679
2020-10,Anxiety Disorders,RaceEthnicity,"NHOPI, NH",2722
2020-10,Anxiety Disorders,RaceEthnicity,"White, NH",4180
2020-09,Anxiety Disorders,RaceEthnicity,"AI/AN, NH",4099
2020-09,Anxiety Disorders,RaceEthnicity,All,3570
2020-09,Anxiety Disorders,RaceEthnicity,"Asian, NH",2226
2020-09,Anxiety Disorders,RaceEthnicity,"Black, NH",2452
2020-09,Anxiety Disorders,RaceEthnicity,Hispanic,3507
2020-09,Anxiety Disorders,RaceEthnicity,"Multiple/Other, NH",2826
2020-09,Anxiety Disorders,RaceEthnicity,"NHOPI, NH",2695
2020-09,Anxiety Disorders,RaceEthnicity,"White, NH",4391
2020-08,Anxiety Disorders,RaceEthnicity,"AI/AN, NH",4063
2020-08,Anxiety Disorders,RaceEthnicity,All,3567
2020-08,Anxiety Disorders,RaceEthnicity,"Asian, NH",2204
2020-08,Anxiety Disorders,RaceEthnicity,"Black, NH",2479
2020-08,Anxiety Disorders,RaceEthnicity,Hispanic,3500
2020-08,Anxiety Disorders,RaceEthnicity,"Multiple/Other, NH",2822
2020-08,Anxiety Disorders,RaceEthnicity,"NHOPI, NH",2614
2020-08,Anxiety Disorders,RaceEthnicity,"White, NH",4366
2020-07,Anxiety Disorders,RaceEthnicity,"AI/AN, NH",3935
2020-07,Anxiety Disorders,RaceEthnicity,All,3485
2020-07,Anxiety Disorders,RaceEthnicity,"Asian, NH",2138
2020-07,Anxiety Disorders,RaceEthnicity,"Black, NH",2434
2020-07,Anxiety Disorders,RaceEthnicity,Hispanic,3340
2020-07,Anxiety Disorders,RaceEthnicity,"Multiple/Other, NH",2775
2020-07,Anxiety Disorders,RaceEthnicity,"NHOPI, NH",2377
2020-07,Anxiety Disorders,RaceEthnicity,"White, NH",4279
2020-06,Anxiety Disorders,RaceEthnicity,"AI/AN, NH",4219
2020-06,Anxiety Disorders,RaceEthnicity,All,3576
2020-06,Anxiety Disorders,RaceEthnicity,"Asian, NH",2226
2020-06,Anxiety Disorders,RaceEthnicity,"Black, NH",2473
2020-06,Anxiety Disorders,RaceEthnicity,Hispanic,3445
2020-06,Anxiety Disorders,RaceEthnicity,"Multiple/Other, NH",2868
2020-06,Anxiety Disorders,RaceEthnicity,"NHOPI, NH",2191
2020-06,Anxiety Disorders,RaceEthnicity,"White, NH",4313
2020-05,Anxiety Disorders,RaceEthnicity,"AI/AN, NH",4023
2020-05,Anxiety Disorders,RaceEthnicity,All,3794
2020-05,Anxiety Disorders,RaceEthnicity,"Asian, NH",2230
2020-05,Anxiety Disorders,RaceEthnicity,"Black, NH",2682
2020-05,Anxiety Disorders,RaceEthnicity,Hispanic,3710
2020-05,Anxiety Disorders,RaceEthnicity,"Multiple/Other, NH",2940
2020-05,Anxiety Disorders,RaceEthnicity,"NHOPI, NH",2504
2020-05,Anxiety Disorders,RaceEthnicity,"White, NH",4499
2020-04,Anxiety Disorders,RaceEthnicity,"AI/AN, NH",4360
2020-04,Anxiety Disorders,RaceEthnicity,All,3813
2020-04,Anxiety Disorders,RaceEthnicity,"Asian, NH",2302
2020-04,Anxiety Disorders,RaceEthnicity,"Black, NH",2779
2020-04,Anxiety Disorders,RaceEthnicity,Hispanic,3755
2020-04,Anxiety Disorders,RaceEthnicity,"Multiple/Other, NH",2961
2020-04,Anxiety Disorders,RaceEthnicity,"NHOPI, NH",2541
2020-04,Anxiety Disorders,RaceEthnicity,"White, NH",4566
2020-03,Anxiety Disorders,RaceEthnicity,"AI/AN, NH",3152
2020-03,Anxiety Disorders,RaceEthnicity,All,3008
2020-03,Anxiety Disorders,RaceEthnicity,"Asian, NH",1825
2020-03,Anxiety Disorders,RaceEthnicity,"Black, NH",1949
2020-03,Anxiety Disorders,RaceEthnicity,Hispanic,2702
2020-03,Anxiety Disorders,RaceEthnicity,"Multiple/Other, NH",2228
2020-03,Anxiety Disorders,RaceEthnicity,"NHOPI, NH",1765
2020-03,Anxiety Disorders,RaceEthnicity,"White, NH",3849
2020-02,Anxiety Disorders,RaceEthnicity,"AI/AN, NH",3157
2020-02,Anxiety Disorders,RaceEthnicity,All,2873
2020-02,Anxiety Disorders,RaceEthnicity,"Asian, NH",1639
2020-02,Anxiety Disorders,RaceEthnicity,"Black, NH",1811
2020-02,Anxiety Disorders,RaceEthnicity,Hispanic,2464
2020-02,Anxiety Disorders,RaceEthnicity,"Multiple/Other, NH",2047
2020-02,Anxiety Disorders,RaceEthnicity,"NHOPI, NH",1729
2020-02,Anxiety Disorders,RaceEthnicity,"White, NH",3688
2020-01,Anxiety Disorders,RaceEthnicity,"AI/AN, NH",2830
2020-01,Anxiety Disorders,RaceEthnicity,All,2787
2020-01,Anxiety Disorders,RaceEthnicity,"Asian, NH",1513
2020-01,Anxiety Disorders,RaceEthnicity,"Black, NH",1780
2020-01,Anxiety Disorders,RaceEthnicity,Hispanic,2359
2020-01,Anxiety Disorders,RaceEthnicity,"Multiple/Other, NH",1997
2020-01,Anxiety Disorders,RaceEthnicity,"NHOPI, NH",1606
2020-01,Anxiety Disorders,RaceEthnicity,"White, NH",3616
2019-12,Anxiety Disorders,RaceEthnicity,"AI/AN, NH",2955
2019-12,Anxiety Disorders,RaceEthnicity,All,2678
2019-12,Anxiety Disorders,RaceEthnicity,"Asian, NH",1460
2019-12,Anxiety Disorders,RaceEthnicity,"Black, NH",1707
2019-12,Anxiety Disorders,RaceEthnicity,Hispanic,2333
2019-12,Anxiety Disorders,RaceEthnicity,"Multiple/Other, NH",1880
2019-12,Anxiety Disorders,RaceEthnicity,"NHOPI, NH",1556
2019-12,Anxiety Disorders,RaceEthnicity,"White, NH",3460
2019-11,Anxiety Disorders,RaceEthnicity,"AI/AN, NH",3061
2019-11,Anxiety Disorders,RaceEthnicity,All,2786
2019-11,Anxiety Disorders,RaceEthnicity,"Asian, NH",1640
2019-11,Anxiety Disorders,RaceEthnicity,"Black, NH",1800
2019-11,Anxiety Disorders,RaceEthnicity,Hispanic,2465
2019-11,Anxiety Disorders,RaceEthnicity,"Multiple/Other, NH",2033
2019-11,Anxiety Disorders,RaceEthnicity,"NHOPI, NH",1873
2019-11,Anxiety Disorders,RaceEthnicity,"White, NH",3544
2019-10,Anxiety Disorders,RaceEthnicity,"AI/AN, NH",3017
2019-10,Anxiety Disorders,RaceEthnicity,All,2886
2019-10,Anxiety Disorders,RaceEthnicity,"Asian, NH",1708
2019-10,Anxiety Disorders,RaceEthnicity,"Black, NH",1839
2019-10,Anxiety Disorders,RaceEthnicity,Hispanic,2665
2019-10,Anxiety Disorders,RaceEthnicity,"Multiple/Other, NH",2260
2019-10,Anxiety Disorders,RaceEthnicity,"NHOPI, NH",1905
2019-10,Anxiety Disorders,RaceEthnicity,"White, NH",3665
2019-09,Anxiety Disorders,RaceEthnicity,"AI/AN, NH",3133
2019-09,Anxiety Disorders,RaceEthnicity,All,2919
2019-09,Anxiety Disorders,RaceEthnicity,"Asian, NH",1706
2019-09,Anxiety Disorders,RaceEthnicity,"Black, NH",1848
2019-09,Anxiety Disorders,RaceEthnicity,Hispanic,2676
2019-09,Anxiety Disorders,RaceEthnicity,"Multiple/Other, NH",2265
2019-09,Anxiety Disorders,RaceEthnicity,"NHOPI, NH",1599
2019-09,Anxiety Disorders,RaceEthnicity,"White, NH",3700
2019-08,Anxiety Disorders,RaceEthnicity,"AI/AN, NH",3210
2019-08,Anxiety Disorders,RaceEthnicity,All,2990
2019-08,Anxiety Disorders,RaceEthnicity,"Asian, NH",1705
2019-08,Anxiety Disorders,RaceEthnicity,"Black, NH",1937
2019-08,Anxiety Disorders,RaceEthnicity,Hispanic,2802
2019-08,Anxiety Disorders,RaceEthnicity,"Multiple/Other, NH",2424
2019-08,Anxiety Disorders,RaceEthnicity,"NHOPI, NH",1692
2019-08,Anxiety Disorders,RaceEthnicity,"White, NH",3731
2019-07,Anxiety Disorders,RaceEthnicity,"AI/AN, NH",3150
2019-07,Anxiety Disorders,RaceEthnicity,All,2921
2019-07,Anxiety Disorders,RaceEthnicity,"Asian, NH",1739
2019-07,Anxiety Disorders,RaceEthnicity,"Black, NH",1977
2019-07,Anxiety Disorders,RaceEthnicity,Hispanic,2852
2019-07,Anxiety Disorders,RaceEthnicity,"Multiple/Other, NH",2329
2019-07,Anxiety Disorders,RaceEthnicity,"NHOPI, NH",1871
2019-07,Anxiety Disorders,RaceEthnicity,"White, NH",3612
2019-06,Anxiety Disorders,RaceEthnicity,"AI/AN, NH",3251
2019-06,Anxiety Disorders,RaceEthnicity,All,2809
2019-06,Anxiety Disorders,RaceEthnicity,"Asian, NH",1644
2019-06,Anxiety Disorders,RaceEthnicity,"Black, NH",1853
2019-06,Anxiety Disorders,RaceEthnicity,Hispanic,2675
2019-06,Anxiety Disorders,RaceEthnicity,"Multiple/Other, NH",2233
2019-06,Anxiety Disorders,RaceEthnicity,"NHOPI, NH",1737
2019-06,Anxiety Disorders,RaceEthnicity,"White, NH",3522
2019-05,Anxiety Disorders,RaceEthnicity,"AI/AN, NH",3162
2019-05,Anxiety Disorders,RaceEthnicity,All,2768
2019-05,Anxiety Disorders,RaceEthnicity,"Asian, NH",1642
2019-05,Anxiety Disorders,RaceEthnicity,"Black, NH",1824
2019-05,Anxiety Disorders,RaceEthnicity,Hispanic,2580
2019-05,Anxiety Disorders,RaceEthnicity,"Multiple/Other, NH",2175
2019-05,Anxiety Disorders,RaceEthnicity,"NHOPI, NH",1581
2019-05,Anxiety Disorders,RaceEthnicity,"White, NH",3503
2019-04,Anxiety Disorders,RaceEthnicity,"AI/AN, NH",3150
2019-04,Anxiety Disorders,RaceEthnicity,All,2749
2019-04,Anxiety Disorders,RaceEthnicity,"Asian, NH",1552
2019-04,Anxiety Disorders,RaceEthnicity,"Black, NH",1800
2019-04,Anxiety Disorders,RaceEthnicity,Hispanic,2486
2019-04,Anxiety Disorders,RaceEthnicity,"Multiple/Other, NH",2192
2019-04,Anxiety Disorders,RaceEthnicity,"NHOPI, NH",1618
2019-04,Anxiety Disorders,RaceEthnicity,"White, NH",3494
2019-03,Anxiety Disorders,RaceEthnicity,"AI/AN, NH",2976
2019-03,Anxiety Disorders,RaceEthnicity,All,2677
2019-03,Anxiety Disorders,RaceEthnicity,"Asian, NH",1575
2019-03,Anxiety Disorders,RaceEthnicity,"Black, NH",1748
2019-03,Anxiety Disorders,RaceEthnicity,Hispanic,2351
2019-03,Anxiety Disorders,RaceEthnicity,"Multiple/Other, NH",2108
2019-03,Anxiety Disorders,RaceEthnicity,"NHOPI, NH",1411
2019-03,Anxiety Disorders,RaceEthnicity,"White, NH",3407
2019-02,Anxiety Disorders,RaceEthnicity,"AI/AN, NH",3037
2019-02,Anxiety Disorders,RaceEthnicity,All,2581
2019-02,Anxiety Disorders,RaceEthnicity,"Asian, NH",1592
2019-02,Anxiety Disorders,RaceEthnicity,"Black, NH",1689
2019-02,Anxiety Disorders,RaceEthnicity,Hispanic,2274
2019-02,Anxiety Disorders,RaceEthnicity,"Multiple/Other, NH",2046
2019-02,Anxiety Disorders,RaceEthnicity,"NHOPI, NH",1479
2019-02,Anxiety Disorders,RaceEthnicity,"White, NH",3303
2019-01,Anxiety Disorders,RaceEthnicity,"AI/AN, NH",3085
2019-01,Anxiety Disorders,RaceEthnicity,All,2528
2019-01,Anxiety Disorders,RaceEthnicity,"Asian, NH",1489
2019-01,Anxiety Disorders,RaceEthnicity,"Black, NH",1652
2019-01,Anxiety Disorders,RaceEthnicity,Hispanic,2250
2019-01,Anxiety Disorders,RaceEthnicity,"Multiple/Other, NH",2027
2019-01,Anxiety Disorders,RaceEthnicity,"NHOPI, NH",1327
2019-01,Anxiety Disorders,RaceEthnicity,"White, NH",3210
2025-12,Any Mental Health,RaceEthnicity,"AI/AN, NH",5094
2025-12,Any Mental Health,RaceEthnicity,All,4707
2025-12,Any Mental Health,RaceEthnicity,"Asian, NH",3007
2025-12,Any Mental Health,RaceEthnicity,"Black, NH",3995
2025-12,Any Mental Health,RaceEthnicity,Hispanic,3465
2025-12,Any Mental Health,RaceEthnicity,"Multiple/Other, NH",3824
2025-12,Any Mental Health,RaceEthnicity,"NHOPI, NH",2889
2025-12,Any Mental Health,RaceEthnicity,"White, NH",5503
2025-11,Any Mental Health,RaceEthnicity,"AI/AN, NH",5556
2025-11,Any Mental Health,RaceEthnicity,All,5204
2025-11,Any Mental Health,RaceEthnicity,"Asian, NH",3371
2025-11,Any Mental Health,RaceEthnicity,"Black, NH",4525
2025-11,Any Mental Health,RaceEthnicity,Hispanic,3878
2025-11,Any Mental Health,RaceEthnicity,"Multiple/Other, NH",4444
2025-11,Any Mental Health,RaceEthnicity,"NHOPI, NH",3185
2025-11,Any Mental Health,RaceEthnicity,"White, NH",5970
2025-10,Any Mental Health,RaceEthnicity,"AI/AN, NH",5695
2025-10,Any Mental Health,RaceEthnicity,All,5284
2025-10,Any Mental Health,RaceEthnicity,"Asian, NH",3468
2025-10,Any Mental Health,RaceEthnicity,"Black, NH",4540
2025-10,Any Mental Health,RaceEthnicity,Hispanic,3941
2025-10,Any Mental Health,RaceEthnicity,"Multiple/Other, NH",4449
2025-10,Any Mental Health,RaceEthnicity,"NHOPI, NH",3243
2025-10,Any Mental Health,RaceEthnicity,"White, NH",6075
2025-09,Any Mental Health,RaceEthnicity,"AI/AN, NH",5423
2025-09,Any Mental Health,RaceEthnicity,All,5201
2025-09,Any Mental Health,RaceEthnicity,"Asian, NH",3390
2025-09,Any Mental Health,RaceEthnicity,"Black, NH",4400
2025-09,Any Mental Health,RaceEthnicity,Hispanic,3904
2025-09,Any Mental Health,RaceEthnicity,"Multiple/Other, NH",4411
2025-09,Any Mental Health,RaceEthnicity,"NHOPI, NH",3216
2025-09,Any Mental Health,RaceEthnicity,"White, NH",5993
2025-08,Any Mental Health,RaceEthnicity,"AI/AN, NH",5467
2025-08,Any Mental Health,RaceEthnicity,All,5169
2025-08,Any Mental Health,RaceEthnicity,"Asian, NH",3377
2025-08,Any Mental Health,RaceEthnicity,"Black, NH",4437
2025-08,Any Mental Health,RaceEthnicity,Hispanic,3888
2025-08,Any Mental Health,RaceEthnicity,"Multiple/Other, NH",4286
2025-08,Any Mental Health,RaceEthnicity,"NHOPI, NH",3167
2025-08,Any Mental Health,RaceEthnicity,"White, NH",5914
2025-07,Any Mental Health,RaceEthnicity,"AI/AN, NH",5719
2025-07,Any Mental Health,RaceEthnicity,All,5249
2025-07,Any Mental Health,RaceEthnicity,"Asian, NH",3291
2025-07,Any Mental Health,RaceEthnicity,"Black, NH",4584
2025-07,Any Mental Health,RaceEthnicity,Hispanic,4010
2025-07,Any Mental Health,RaceEthnicity,"Multiple/Other, NH",4315
2025-07,Any Mental Health,RaceEthnicity,"NHOPI, NH",3255
2025-07,Any Mental Health,RaceEthnicity,"White, NH",5943
2025-06,Any Mental Health,RaceEthnicity,"AI/AN, NH",5615
2025-06,Any Mental Health,RaceEthnicity,All,5242
2025-06,Any Mental Health,RaceEthnicity,"Asian, NH",3327
2025-06,Any Mental Health,RaceEthnicity,"Black, NH",4574
2025-06,Any Mental Health,RaceEthnicity,Hispanic,3978
2025-06,Any Mental Health,RaceEthnicity,"Multiple/Other, NH",4433
2025-06,Any Mental Health,RaceEthnicity,"NHOPI, NH",3206
2025-06,Any Mental Health,RaceEthnicity,"White, NH",5948
2025-05,Any Mental Health,RaceEthnicity,"AI/AN, NH",5577
2025-05,Any Mental Health,RaceEthnicity,All,5190
2025-05,Any Mental Health,RaceEthnicity,"Asian, NH",3418
2025-05,Any Mental Health,RaceEthnicity,"Black, NH",4496
2025-05,Any Mental Health,RaceEthnicity,Hispanic,3821
2025-05,Any Mental Health,RaceEthnicity,"Multiple/Other, NH",4356
2025-05,Any Mental Health,RaceEthnicity,"NHOPI, NH",3109
2025-05,Any Mental Health,RaceEthnicity,"White, NH",5992
2025-04,Any Mental Health,RaceEthnicity,"AI/AN, NH",5643
2025-04,Any Mental Health,RaceEthnicity,All,5219
2025-04,Any Mental Health,RaceEthnicity,"Asian, NH",3478
2025-04,Any Mental Health,RaceEthnicity,"Black, NH",4512
2025-04,Any Mental Health,RaceEthnicity,Hispanic,3797
2025-04,Any Mental Health,RaceEthnicity,"Multiple/Other, NH",4290
2025-04,Any Mental Health,RaceEthnicity,"NHOPI, NH",3146
2025-04,Any Mental Health,RaceEthnicity,"White, NH",6065
2025-03,Any Mental Health,RaceEthnicity,"AI/AN, NH",5552
2025-03,Any Mental Health,RaceEthnicity,All,5177
2025-03,Any Mental Health,RaceEthnicity,"Asian, NH",3377
2025-03,Any Mental Health,RaceEthnicity,"Black, NH",4456
2025-03,Any Mental Health,RaceEthnicity,Hispanic,3747
2025-03,Any Mental Health,RaceEthnicity,"Multiple/Other, NH",4340
2025-03,Any Mental Health,RaceEthnicity,"NHOPI, NH",3102
2025-03,Any Mental Health,RaceEthnicity,"White, NH",6017
2025-02,Any Mental Health,RaceEthnicity,"AI/AN, NH",5242
2025-02,Any Mental Health,RaceEthnicity,All,4884
2025-02,Any Mental Health,RaceEthnicity,"Asian, NH",3135
2025-02,Any Mental Health,RaceEthnicity,"Black, NH",4191
2025-02,Any Mental Health,RaceEthnicity,Hispanic,3529
2025-02,Any Mental Health,RaceEthnicity,"Multiple/Other, NH",4094
2025-02,Any Mental Health,RaceEthnicity,"NHOPI, NH",2788
2025-02,Any Mental Health,RaceEthnicity,"White, NH",5679
2025-01,Any Mental Health,RaceEthnicity,"AI/AN, NH",5263
2025-01,Any Mental Health,RaceEthnicity,All,4780
2025-01,Any Mental Health,RaceEthnicity,"Asian, NH",3033
2025-01,Any Mental Health,RaceEthnicity,"Black, NH",4029
2025-01,Any Mental Health,RaceEthnicity,Hispanic,3416
2025-01,Any Mental Health,RaceEthnicity,"Multiple/Other, NH",3892
2025-01,Any Mental Health,RaceEthnicity,"NHOPI, NH",2658
2025-01,Any Mental Health,RaceEthnicity,"White, NH",5644
2024-12,Any Mental Health,RaceEthnicity,"AI/AN, NH",5205
2024-12,Any Mental Health,RaceEthnicity,All,4613
2024-12,Any Mental Health,RaceEthnicity,"Asian, NH",3014
2024-12,Any Mental Health,RaceEthnicity,"Black, NH",3983
2024-12,Any Mental Health,RaceEthnicity,Hispanic,3312
2024-12,Any Mental Health,RaceEthnicity,"Multiple/Other, NH",3678
2024-12,Any Mental Health,RaceEthnicity,"NHOPI, NH",2767
2024-12,Any Mental Health,RaceEthnicity,"White, NH",5415
2024-11,Any Mental Health,RaceEthnicity,"AI/AN, NH",5701
2024-11,Any Mental Health,RaceEthnicity,All,5023
2024-11,Any Mental Health,RaceEthnicity,"Asian, NH",3412
2024-11,Any Mental Health,RaceEthnicity,"Black, NH",4373
2024-11,Any Mental Health,RaceEthnicity,Hispanic,3656
2024-11,Any Mental Health,RaceEthnicity,"Multiple/Other, NH",4079
2024-11,Any Mental Health,RaceEthnicity,"NHOPI, NH",2888
2024-11,Any Mental Health,RaceEthnicity,"White, NH",5832
2024-10,Any Mental Health,RaceEthnicity,"AI/AN, NH",5832
2024-10,Any Mental Health,RaceEthnicity,All,5087
2024-10,Any Mental Health,RaceEthnicity,"Asian, NH",3377
2024-10,Any Mental Health,RaceEthnicity,"Black, NH",4351
2024-10,Any Mental Health,RaceEthnicity,Hispanic,3803
2024-10,Any Mental Health,RaceEthnicity,"Multiple/Other, NH",4131
2024-10,Any Mental Health,RaceEthnicity,"NHOPI, NH",3167
2024-10,Any Mental Health,RaceEthnicity,"White, NH",5877
2024-09,Any Mental Health,RaceEthnicity,"AI/AN, NH",5801
2024-09,Any Mental Health,RaceEthnicity,All,5090
2024-09,Any Mental Health,RaceEthnicity,"Asian, NH",3319
2024-09,Any Mental Health,RaceEthnicity,"Black, NH",4352
2024-09,Any Mental Health,RaceEthnicity,Hispanic,3819
2024-09,Any Mental Health,RaceEthnicity,"Multiple/Other, NH",4192
2024-09,Any Mental Health,RaceEthnicity,"NHOPI, NH",3284
2024-09,Any Mental Health,RaceEthnicity,"White, NH",5872
2024-08,Any Mental Health,RaceEthnicity,"AI/AN, NH",5806
2024-08,Any Mental Health,RaceEthnicity,All,5094
2024-08,Any Mental Health,RaceEthnicity,"Asian, NH",3358
2024-08,Any Mental Health,RaceEthnicity,"Black, NH",4360
2024-08,Any Mental Health,RaceEthnicity,Hispanic,3874
2024-08,Any Mental Health,RaceEthnicity,"Multiple/Other, NH",4211
2024-08,Any Mental Health,RaceEthnicity,"NHOPI, NH",3382
2024-08,Any Mental Health,RaceEthnicity,"White, NH",5840
2024-07,Any Mental Health,RaceEthnicity,"AI/AN, NH",5822
2024-07,Any Mental Health,RaceEthnicity,All,5110
2024-07,Any Mental Health,RaceEthnicity,"Asian, NH",3347
2024-07,Any Mental Health,RaceEthnicity,"Black, NH",4434
2024-07,Any Mental Health,RaceEthnicity,Hispanic,3893
2024-07,Any Mental Health,RaceEthnicity,"Multiple/Other, NH",4236
2024-07,Any Mental Health,RaceEthnicity,"NHOPI, NH",3358
2024-07,Any Mental Health,RaceEthnicity,"White, NH",5834
2024-06,Any Mental Health,RaceEthnicity,"AI/AN, NH",5674
2024-06,Any Mental Health,RaceEthnicity,All,5047
2024-06,Any Mental Health,RaceEthnicity,"Asian, NH",3299
2024-06,Any Mental Health,RaceEthnicity,"Black, NH",4427
2024-06,Any Mental Health,RaceEthnicity,Hispanic,3806
2024-06,Any Mental Health,RaceEthnicity,"Multiple/Other, NH",4167
2024-06,Any Mental Health,RaceEthnicity,"NHOPI, NH",3190
2024-06,Any Mental Health,RaceEthnicity,"White, NH",5758
2024-05,Any Mental Health,RaceEthnicity,"AI/AN, NH",5803
2024-05,Any Mental Health,RaceEthnicity,All,5024
2024-05,Any Mental Health,RaceEthnicity,"Asian, NH",3277
2024-05,Any Mental Health,RaceEthnicity,"Black, NH",4374
2024-05,Any Mental Health,RaceEthnicity,Hispanic,3696
2024-05,Any Mental Health,RaceEthnicity,"Multiple/Other, NH",4209
2024-05,Any Mental Health,RaceEthnicity,"NHOPI, NH",3174
2024-05,Any Mental Health,RaceEthnicity,"White, NH",5797
2024-04,Any Mental Health,RaceEthnicity,"AI/AN, NH",5666
2024-04,Any Mental Health,RaceEthnicity,All,5106
2024-04,Any Mental Health,RaceEthnicity,"Asian, NH",3360
2024-04,Any Mental Health,RaceEthnicity,"Black, NH",4402
2024-04,Any Mental Health,RaceEthnicity,Hispanic,3714
2024-04,Any Mental Health,RaceEthnicity,"Multiple/Other, NH",4262
2024-04,Any Mental Health,RaceEthnicity,"NHOPI, NH",3140
2024-04,Any Mental Health,RaceEthnicity,"White, NH",5913
2024-03,Any Mental Health,RaceEthnicity,"AI/AN, NH",5802
2024-03,Any Mental Health,RaceEthnicity,All,5057
2024-03,Any Mental Health,RaceEthnicity,"Asian, NH",3264
2024-03,Any Mental Health,RaceEthnicity,"Black, NH",4363
2024-03,Any Mental Health,RaceEthnicity,Hispanic,3656
2024-03,Any Mental Health,RaceEthnicity,"Multiple/Other, NH",4243
2024-03,Any Mental Health,RaceEthnicity,"NHOPI, NH",3227
2024-03,Any Mental Health,RaceEthnicity,"White, NH",5856
2024-02,Any Mental Health,RaceEthnicity,"AI/AN, NH",5903
2024-02,Any Mental Health,RaceEthnicity,All,5040
2024-02,Any Mental Health,RaceEthnicity,"Asian, NH",3327
2024-02,Any Mental Health,RaceEthnicity,"Black, NH",4266
2024-02,Any Mental Health,RaceEthnicity,Hispanic,3685
2024-02,Any Mental Health,RaceEthnicity,"Multiple/Other, NH",4204
2024-02,Any Mental Health,RaceEthnicity,"NHOPI, NH",3234
2024-02,Any Mental Health,RaceEthnicity,"White, NH",5845
2024-01,Any Mental Health,RaceEthnicity,"AI/AN, NH",5571
2024-01,Any Mental Health,RaceEthnicity,All,5027
2024-01,Any Mental Health,RaceEthnicity,"Asian, NH",3214
2024-01,Any Mental Health,RaceEthnicity,"Black, NH",4210
2024-01,Any Mental Health,RaceEthnicity,Hispanic,3646
2024-01,Any Mental Health,RaceEthnicity,"Multiple/Other, NH",4174
2024-01,Any Mental Health,RaceEthnicity,"NHOPI, NH",3322
2024-01,Any Mental Health,RaceEthnicity,"White, NH",5864
2023-12,Any Mental Health,RaceEthnicity,"AI/AN, NH",5259
2023-12,Any Mental Health,RaceEthnicity,All,4583
2023-12,Any Mental Health,RaceEthnicity,"Asian, NH",2844
2023-12,Any Mental Health,RaceEthnicity,"Black, NH",3845
2023-12,Any Mental Health,RaceEthnicity,Hispanic,3296
2023-12,Any Mental Health,RaceEthnicity,"Multiple/Other, NH",3709
2023-12,Any Mental Health,RaceEthnicity,"NHOPI, NH",3226
2023-12,Any Mental Health,RaceEthnicity,"White, NH",5396
2023-11,Any Mental Health,RaceEthnicity,"AI/AN, NH",5560
2023-11,Any Mental Health,RaceEthnicity,All,4912
2023-11,Any Mental Health,RaceEthnicity,"Asian, NH",3231
2023-11,Any Mental Health,RaceEthnicity,"Black, NH",4133
2023-11,Any Mental Health,RaceEthnicity,Hispanic,3504
2023-11,Any Mental Health,RaceEthnicity,"Multiple/Other, NH",4105
2023-11,Any Mental Health,RaceEthnicity,"NHOPI, NH",3201
2023-11,Any Mental Health,RaceEthnicity,"White, NH",5773
2023-10,Any Mental Health,RaceEthnicity,"AI/AN, NH",5850
2023-10,Any Mental Health,RaceEthnicity,All,5137
2023-10,Any Mental Health,RaceEthnicity,"Asian, NH",3402
2023-10,Any Mental Health,RaceEthnicity,"Black, NH",4350
2023-10,Any Mental Health,RaceEthnicity,Hispanic,3733
2023-10,Any Mental Health,RaceEthnicity,"Multiple/Other, NH",4265
2023-10,Any Mental Health,RaceEthnicity,"NHOPI, NH",3515
2023-10,Any Mental Health,RaceEthnicity,"White, NH",5998
2023-09,Any Mental Health,RaceEthnicity,"AI/AN, NH",5678
2023-09,Any Mental Health,RaceEthnicity,All,5104
2023-09,Any Mental Health,RaceEthnicity,"Asian, NH",3445
2023-09,Any Mental Health,RaceEthnicity,"Black, NH",4371
2023-09,Any Mental Health,RaceEthnicity,Hispanic,3759
2023-09,Any Mental Health,RaceEthnicity,"Multiple/Other, NH",4247
2023-09,Any Mental Health,RaceEthnicity,"NHOPI, NH",3476
2023-09,Any Mental Health,RaceEthnicity,"White, NH",5925
2023-08,Any Mental Health,RaceEthnicity,"AI/AN, NH",5768
2023-08,Any Mental Health,RaceEthnicity,All,5173
2023-08,Any Mental Health,RaceEthnicity,"Asian, NH",3411
2023-08,Any Mental Health,RaceEthnicity,"Black, NH",4413
2023-08,Any Mental Health,RaceEthnicity,Hispanic,3894
2023-08,Any Mental Health,RaceEthnicity,"Multiple/Other, NH",4369
2023-08,Any Mental Health,RaceEthnicity,"NHOPI, NH",3708
2023-08,Any Mental Health,RaceEthnicity,"White, NH",5962
2023-07,Any Mental Health,RaceEthnicity,"AI/AN, NH",5986
2023-07,Any Mental Health,RaceEthnicity,All,5244
2023-07,Any Mental Health,RaceEthnicity,"Asian, NH",3378
2023-07,Any Mental Health,RaceEthnicity,"Black, NH",4569
2023-07,Any Mental Health,RaceEthnicity,Hispanic,3973
2023-07,Any Mental Health,RaceEthnicity,"Multiple/Other, NH",4280
2023-07,Any Mental Health,RaceEthnicity,"NHOPI, NH",3666
2023-07,Any Mental Health,RaceEthnicity,"White, NH",6003
2023-06,Any Mental Health,RaceEthnicity,"AI/AN, NH",5874
2023-06,Any Mental Health,RaceEthnicity,All,5234
2023-06,Any Mental Health,RaceEthnicity,"Asian, NH",3305
2023-06,Any Mental Health,RaceEthnicity,"Black, NH",4566
2023-06,Any Mental Health,RaceEthnicity,Hispanic,3922
2023-06,Any Mental Health,RaceEthnicity,"Multiple/Other, NH",4342
2023-06,Any Mental Health,RaceEthnicity,"NHOPI, NH",3780
2023-06,Any Mental Health,RaceEthnicity,"White, NH",6026
2023-05,Any Mental Health,RaceEthnicity,"AI/AN, NH",5958
2023-05,Any Mental Health,RaceEthnicity,All,5224
2023-05,Any Mental Health,RaceEthnicity,"Asian, NH",3468
2023-05,Any Mental Health,RaceEthnicity,"Black, NH",4541
2023-05,Any Mental Health,RaceEthnicity,Hispanic,3823
2023-05,Any Mental Health,RaceEthnicity,"Multiple/Other, NH",4306
2023-05,Any Mental Health,RaceEthnicity,"NHOPI, NH",3723
2023-05,Any Mental Health,RaceEthnicity,"White, NH",6065
2023-04,Any Mental Health,RaceEthnicity,"AI/AN, NH",6010
2023-04,Any Mental Health,RaceEthnicity,All,5352
2023-04,Any Mental Health,RaceEthnicity,"Asian, NH",3502
2023-04,Any Mental Health,RaceEthnicity,"Black, NH",4632
2023-04,Any Mental Health,RaceEthnicity,Hispanic,3931
2023-04,Any Mental Health,RaceEthnicity,"Multiple/Other, NH",4350
2023-04,Any Mental Health,RaceEthnicity,"NHOPI, NH",3608
2023-04,Any Mental Health,RaceEthnicity,"White, NH",6220
2023-03,Any Mental Health,RaceEthnicity,"AI/AN, NH",6100
2023-03,Any Mental Health,RaceEthnicity,All,5419
2023-03,Any Mental Health,RaceEthnicity,"Asian, NH",3536
2023-03,Any Mental Health,RaceEthnicity,"Black, NH",4703
2023-03,Any Mental Health,RaceEthnicity,Hispanic,4038
2023-03,Any Mental Health,RaceEthnicity,"Multiple/Other, NH",4423
2023-03,Any Mental Health,RaceEthnicity,"NHOPI, NH",3485
2023-03,Any Mental Health,RaceEthnicity,"White, NH",6277
2023-02,Any Mental Health,RaceEthnicity,"AI/AN, NH",5992
2023-02,Any Mental Health,RaceEthnicity,All,5462
2023-02,Any Mental Health,RaceEthnicity,"Asian, NH",3609
2023-02,Any Mental Health,RaceEthnicity,"Black, NH",4705
2023-02,Any Mental Health,RaceEthnicity,Hispanic,4100
2023-02,Any Mental Health,RaceEthnicity,"Multiple/Other, NH",4462
2023-02,Any Mental Health,RaceEthnicity,"NHOPI, NH",3675
2023-02,Any Mental Health,RaceEthnicity,"White, NH",6321
2023-01,Any Mental Health,RaceEthnicity,"AI/AN, NH",6419
2023-01,Any Mental Health,RaceEthnicity,All,5516
2023-01,Any Mental Health,RaceEthnicity,"Asian, NH",3676
2023-01,Any Mental Health,RaceEthnicity,"Black, NH",4756
2023-01,Any Mental Health,RaceEthnicity,Hispanic,4171
2023-01,Any Mental Health,RaceEthnicity,"Multiple/Other, NH",4546
2023-01,Any Mental Health,RaceEthnicity,"NHOPI, NH",3878
2023-01,Any Mental Health,RaceEthnicity,"White, NH",6355
2022-12,Any Mental Health,RaceEthnicity,"AI/AN, NH",5253
2022-12,Any Mental Health,RaceEthnicity,All,4810
2022-12,Any Mental Health,RaceEthnicity,"Asian, NH",3127
2022-12,Any Mental Health,RaceEthnicity,"Black, NH",4235
2022-12,Any Mental Health,RaceEthnicity,Hispanic,3509
2022-12,Any Mental Health,RaceEthnicity,"Multiple/Other, NH",3764
2022-12,Any Mental Health,RaceEthnicity,"NHOPI, NH",3402
2022-12,Any Mental Health,RaceEthnicity,"White, NH",5588
2022-11,Any Mental Health,RaceEthnicity,"AI/AN, NH",5359
2022-11,Any Mental Health,RaceEthnicity,All,4655
2022-11,Any Mental Health,RaceEthnicity,"Asian, NH",3062
2022-11,Any Mental Health,RaceEthnicity,"Black, NH",3907
2022-11,Any Mental Health,RaceEthnicity,Hispanic,3298
2022-11,Any Mental Health,RaceEthnicity,"Multiple/Other, NH",3573
2022-11,Any Mental Health,RaceEthnicity,"NHOPI, NH",2791
2022-11,Any Mental Health,RaceEthnicity,"White, NH",5560
2022-10,Any Mental Health,RaceEthnicity,"AI/AN, NH",5810
2022-10,Any Mental Health,RaceEthnicity,All,4965
2022-10,Any Mental Health,RaceEthnicity,"Asian, NH",3365
2022-10,Any Mental Health,RaceEthnicity,"Black, NH",4197
2022-10,Any Mental Health,RaceEthnicity,Hispanic,3713
2022-10,Any Mental Health,RaceEthnicity,"Multiple/Other, NH",4007
2022-10,Any Mental Health,RaceEthnicity,"NHOPI, NH",3629
2022-10,Any Mental Health,RaceEthnicity,"White, NH",5808
2022-09,Any Mental Health,RaceEthnicity,"AI/AN, NH",5789
2022-09,Any Mental Health,RaceEthnicity,All,5087
2022-09,Any Mental Health,RaceEthnicity,"Asian, NH",3421
2022-09,Any Mental Health,RaceEthnicity,"Black, NH",4364
2022-09,Any Mental Health,RaceEthnicity,Hispanic,3907
2022-09,Any Mental Health,RaceEthnicity,"Multiple/Other, NH",4172
2022-09,Any Mental Health,RaceEthnicity,"NHOPI, NH",3807
2022-09,Any Mental Health,RaceEthnicity,"White, NH",5927
2022-08,Any Mental Health,RaceEthnicity,"AI/AN, NH",5839
2022-08,Any Mental Health,RaceEthnicity,All,5150
2022-08,Any Mental Health,RaceEthnicity,"Asian, NH",3466
2022-08,Any Mental Health,RaceEthnicity,"Black, NH",4340
2022-08,Any Mental Health,RaceEthnicity,Hispanic,4080
2022-08,Any Mental Health,RaceEthnicity,"Multiple/Other, NH",4213
2022-08,Any Mental Health,RaceEthnicity,"NHOPI, NH",3618
2022-08,Any Mental Health,RaceEthnicity,"White, NH",5974
2022-07,Any Mental Health,RaceEthnicity,"AI/AN, NH",6002
2022-07,Any Mental Health,RaceEthnicity,All,5152
2022-07,Any Mental Health,RaceEthnicity,"Asian, NH",3331
2022-07,Any Mental Health,RaceEthnicity,"Black, NH",4408
2022-07,Any Mental Health,RaceEthnicity,Hispanic,4128
2022-07,Any Mental Health,RaceEthnicity,"Multiple/Other, NH",4118
2022-07,Any Mental Health,RaceEthnicity,"NHOPI, NH",3485
2022-07,Any Mental Health,RaceEthnicity,"White, NH",5933
2022-06,Any Mental Health,RaceEthnicity,"AI/AN, NH",6230
2022-06,Any Mental Health,RaceEthnicity,All,5193
2022-06,Any Mental Health,RaceEthnicity,"Asian, NH",3294
2022-06,Any Mental Health,RaceEthnicity,"Black, NH",4536
2022-06,Any Mental Health,RaceEthnicity,Hispanic,4090
2022-06,Any Mental Health,RaceEthnicity,"Multiple/Other, NH",4248
2022-06,Any Mental Health,RaceEthnicity,"NHOPI, NH",3487
2022-06,Any Mental Health,RaceEthnicity,"White, NH",5985
2022-05,Any Mental Health,RaceEthnicity,"AI/AN, NH",6223
2022-05,Any Mental Health,RaceEthnicity,All,5263
2022-05,Any Mental Health,RaceEthnicity,"Asian, NH",3316
2022-05,Any Mental Health,RaceEthnicity,"Black, NH",4570
2022-05,Any Mental Health,RaceEthnicity,Hispanic,4094
2022-05,Any Mental Health,RaceEthnicity,"Multiple/Other, NH",4277
2022-05,Any Mental Health,RaceEthnicity,"NHOPI, NH",3821
2022-05,Any Mental Health,RaceEthnicity,"White, NH",6110
2022-04,Any Mental Health,RaceEthnicity,"AI/AN, NH",6575
2022-04,Any Mental Health,RaceEthnicity,All,5541
2022-04,Any Mental Health,RaceEthnicity,"Asian, NH",3611
2022-04,Any Mental Health,RaceEthnicity,"Black, NH",4798
2022-04,Any Mental Health,RaceEthnicity,Hispanic,4268
2022-04,Any Mental Health,RaceEthnicity,"Multiple/Other, NH",4499
2022-04,Any Mental Health,RaceEthnicity,"NHOPI, NH",4041
2022-04,Any Mental Health,RaceEthnicity,"White, NH",6424
2022-03,Any Mental Health,RaceEthnicity,"AI/AN, NH",7083
2022-03,Any Mental Health,RaceEthnicity,All,5824
2022-03,Any Mental Health,RaceEthnicity,"Asian, NH",3916
2022-03,Any Mental Health,RaceEthnicity,"Black, NH",5037
2022-03,Any Mental Health,RaceEthnicity,Hispanic,4599
2022-03,Any Mental Health,RaceEthnicity,"Multiple/Other, NH",4788
2022-03,Any Mental Health,RaceEthnicity,"NHOPI, NH",4577
2022-03,Any Mental Health,RaceEthnicity,"White, NH",6704
2022-02,Any Mental Health,RaceEthnicity,"AI/AN, NH",7405
2022-02,Any Mental Health,RaceEthnicity,All,6041
2022-02,Any Mental Health,RaceEthnicity,"Asian, NH",3907
2022-02,Any Mental Health,RaceEthnicity,"Black, NH",5294
2022-02,Any Mental Health,RaceEthnicity,Hispanic,4857
2022-02,Any Mental Health,RaceEthnicity,"Multiple/Other, NH",4958
2022-02,Any Mental Health,RaceEthnicity,"NHOPI, NH",4423
2022-02,Any Mental Health,RaceEthnicity,"White, NH",6854
2022-01,Any Mental Health,RaceEthnicity,"AI/AN, NH",6416
2022-01,Any Mental Health,RaceEthnicity,All,5196
2022-01,Any Mental Health,RaceEthnicity,"Asian, NH",3285
2022-01,Any Mental Health,RaceEthnicity,"Black, NH",4368
2022-01,Any Mental Health,RaceEthnicity,Hispanic,4121
2022-01,Any Mental Health,RaceEthnicity,"Multiple/Other, NH",4103
2022-01,Any Mental Health,RaceEthnicity,"NHOPI, NH",3397
2022-01,Any Mental Health,RaceEthnicity,"White, NH",6032
2021-12,Any Mental Health,RaceEthnicity,"AI/AN, NH",6474
2021-12,Any Mental Health,RaceEthnicity,All,4937
2021-12,Any Mental Health,RaceEthnicity,"Asian, NH",3170
2021-12,Any Mental Health,RaceEthnicity,"Black, NH",3987
2021-12,Any Mental Health,RaceEthnicity,Hispanic,3980
2021-12,Any Mental Health,RaceEthnicity,"Multiple/Other, NH",3783
2021-12,Any Mental Health,RaceEthnicity,"NHOPI, NH",3648
2021-12,Any Mental Health,RaceEthnicity,"White, NH",5841
2021-11,Any Mental Health,RaceEthnicity,"AI/AN, NH",6821
2021-11,Any Mental Health,RaceEthnicity,All,5430
2021-11,Any Mental Health,RaceEthnicity,"Asian, NH",3618
2021-11,Any Mental Health,RaceEthnicity,"Black, NH",4621
2021-11,Any Mental Health,RaceEthnicity,Hispanic,4446
2021-11,Any Mental Health,RaceEthnicity,"Multiple/Other, NH",4324
2021-11,Any Mental Health,RaceEthnicity,"NHOPI, NH",3833
2021-11,Any Mental Health,RaceEthnicity,"White, NH",6230
2021-10,Any Mental Health,RaceEthnicity,"AI/AN, NH",7144
2021-10,Any Mental Health,RaceEthnicity,All,5627
2021-10,Any Mental Health,RaceEthnicity,"Asian, NH",3776
2021-10,Any Mental Health,RaceEthnicity,"Black, NH",4792
2021-10,Any Mental Health,RaceEthnicity,Hispanic,4641
2021-10,Any Mental Health,RaceEthnicity,"Multiple/Other, NH",4452
2021-10,Any Mental Health,RaceEthnicity,"NHOPI, NH",4173
2021-10,Any Mental Health,RaceEthnicity,"White, NH",6460
2021-09,Any Mental Health,RaceEthnicity,"AI/AN, NH",6672
2021-09,Any Mental Health,RaceEthnicity,All,5452
2021-09,Any Mental Health,RaceEthnicity,"Asian, NH",3531
2021-09,Any Mental Health,RaceEthnicity,"Black, NH",4517
2021-09,Any Mental Health,RaceEthnicity,Hispanic,4442
2021-09,Any Mental Health,RaceEthnicity,"Multiple/Other, NH",4210
2021-09,Any Mental Health,RaceEthnicity,"NHOPI, NH",4024
2021-09,Any Mental Health,RaceEthnicity,"White, NH",6350
2021-08,Any Mental Health,RaceEthnicity,"AI/AN, NH",6277
2021-08,Any Mental Health,RaceEthnicity,All,5228
2021-08,Any Mental Health,RaceEthnicity,"Asian, NH",3263
2021-08,Any Mental Health,RaceEthnicity,"Black, NH",4267
2021-08,Any Mental Health,RaceEthnicity,Hispanic,4262
2021-08,Any Mental Health,RaceEthnicity,"Multiple/Other, NH",4286
2021-08,Any Mental Health,RaceEthnicity,"NHOPI, NH",3636
2021-08,Any Mental Health,RaceEthnicity,"White, NH",6104
2021-07,Any Mental Health,RaceEthnicity,"AI/AN, NH",7075
2021-07,Any Mental Health,RaceEthnicity,All,5521
2021-07,Any Mental Health,RaceEthnicity,"Asian, NH",3486
2021-07,Any Mental Health,RaceEthnicity,"Black, NH",4507
2021-07,Any Mental Health,RaceEthnicity,Hispanic,4558
2021-07,Any Mental Health,RaceEthnicity,"Multiple/Other, NH",4726
2021-07,Any Mental Health,RaceEthnicity,"NHOPI, NH",4032
2021-07,Any Mental Health,RaceEthnicity,"White, NH",6392
2021-06,Any Mental Health,RaceEthnicity,"AI/AN, NH",6964
2021-06,Any Mental Health,RaceEthnicity,All,5854
2021-06,Any Mental Health,RaceEthnicity,"Asian, NH",3776
2021-06,Any Mental Health,RaceEthnicity,"Black, NH",4833
2021-06,Any Mental Health,RaceEthnicity,Hispanic,4973
2021-06,Any Mental Health,RaceEthnicity,"Multiple/Other, NH",5145
2021-06,Any Mental Health,RaceEthnicity,"NHOPI, NH",3984
2021-06,Any Mental Health,RaceEthnicity,"White, NH",6695
2021-05,Any Mental Health,RaceEthnicity,"AI/AN, NH",7344
2021-05,Any Mental Health,RaceEthnicity,All,6068
2021-05,Any Mental Health,RaceEthnicity,"Asian, NH",3804
2021-05,Any Mental Health,RaceEthnicity,"Black, NH",4991
2021-05,Any Mental Health,RaceEthnicity,Hispanic,5205
2021-05,Any Mental Health,RaceEthnicity,"Multiple/Other, NH",5304
2021-05,Any Mental Health,RaceEthnicity,"NHOPI, NH",4419
2021-05,Any Mental Health,RaceEthnicity,"White, NH",6912
2021-04,Any Mental Health,RaceEthnicity,"AI/AN, NH",7520
2021-04,Any Mental Health,RaceEthnicity,All,6194
2021-04,Any Mental Health,RaceEthnicity,"Asian, NH",3969
2021-04,Any Mental Health,RaceEthnicity,"Black, NH",5107
2021-04,Any Mental Health,RaceEthnicity,Hispanic,5256
2021-04,Any Mental Health,RaceEthnicity,"Multiple/Other, NH",5305
2021-04,Any Mental Health,RaceEthnicity,"NHOPI, NH",4323
2021-04,Any Mental Health,RaceEthnicity,"White, NH",7077
2021-03,Any Mental Health,RaceEthnicity,"AI/AN, NH",8183
2021-03,Any Mental Health,RaceEthnicity,All,6678
2021-03,Any Mental Health,RaceEthnicity,"Asian, NH",4340
2021-03,Any Mental Health,RaceEthnicity,"Black, NH",5534
2021-03,Any Mental Health,RaceEthnicity,Hispanic,5814
2021-03,Any Mental Health,RaceEthnicity,"Multiple/Other, NH",5619
2021-03,Any Mental Health,RaceEthnicity,"NHOPI, NH",5080
2021-03,Any Mental Health,RaceEthnicity,"White, NH",7589
2021-02,Any Mental Health,RaceEthnicity,"AI/AN, NH",8458
2021-02,Any Mental Health,RaceEthnicity,All,6918
2021-02,Any Mental Health,RaceEthnicity,"Asian, NH",4423
2021-02,Any Mental Health,RaceEthnicity,"Black, NH",5835
2021-02,Any Mental Health,RaceEthnicity,Hispanic,6142
2021-02,Any Mental Health,RaceEthnicity,"Multiple/Other, NH",5689
2021-02,Any Mental Health,RaceEthnicity,"NHOPI, NH",5729
2021-02,Any Mental Health,RaceEthnicity,"White, NH",7812
2021-01,Any Mental Health,RaceEthnicity,"AI/AN, NH",8544
2021-01,Any Mental Health,RaceEthnicity,All,6732
2021-01,Any Mental Health,RaceEthnicity,"Asian, NH",4562
2021-01,Any Mental Health,RaceEthnicity,"Black, NH",5600
2021-01,Any Mental Health,RaceEthnicity,Hispanic,6122
2021-01,Any Mental Health,RaceEthnicity,"Multiple/Other, NH",5546
2021-01,Any Mental Health,RaceEthnicity,"NHOPI, NH",5042
2021-01,Any Mental Health,RaceEthnicity,"White, NH",7678
2020-12,Any Mental Health,RaceEthnicity,"AI/AN, NH",8496
2020-12,Any Mental Health,RaceEthnicity,All,6488
2020-12,Any Mental Health,RaceEthnicity,"Asian, NH",4256
2020-12,Any Mental Health,RaceEthnicity,"Black, NH",5515
2020-12,Any Mental Health,RaceEthnicity,Hispanic,5877
2020-12,Any Mental Health,RaceEthnicity,"Multiple/Other, NH",5322
2020-12,Any Mental Health,RaceEthnicity,"NHOPI, NH",5142
2020-12,Any Mental Health,RaceEthnicity,"White, NH",7383
2020-11,Any Mental Health,RaceEthnicity,"AI/AN, NH",7923
2020-11,Any Mental Health,RaceEthnicity,All,6536
2020-11,Any Mental Health,RaceEthnicity,"Asian, NH",4360
2020-11,Any Mental Health,RaceEthnicity,"Black, NH",5531
2020-11,Any Mental Health,RaceEthnicity,Hispanic,5822
2020-11,Any Mental Health,RaceEthnicity,"Multiple/Other, NH",5455
2020-11,Any Mental Health,RaceEthnicity,"NHOPI, NH",4969
2020-11,Any Mental Health,RaceEthnicity,"White, NH",7480
2020-10,Any Mental Health,RaceEthnicity,"AI/AN, NH",8275
2020-10,Any Mental Health,RaceEthnicity,All,6878
2020-10,Any Mental Health,RaceEthnicity,"Asian, NH",4707
2020-10,Any Mental Health,RaceEthnicity,"Black, NH",5856
2020-10,Any Mental Health,RaceEthnicity,Hispanic,6127
2020-10,Any Mental Health,RaceEthnicity,"Multiple/Other, NH",5626
2020-10,Any Mental Health,RaceEthnicity,"NHOPI, NH",5283
2020-10,Any Mental Health,RaceEthnicity,"White, NH",7922
2020-09,Any Mental Health,RaceEthnicity,"AI/AN, NH",8158
2020-09,Any Mental Health,RaceEthnicity,All,7162
2020-09,Any Mental Health,RaceEthnicity,"Asian, NH",4895
2020-09,Any Mental Health,RaceEthnicity,"Black, NH",6131
2020-09,Any Mental Health,RaceEthnicity,Hispanic,6468
2020-09,Any Mental Health,RaceEthnicity,"Multiple/Other, NH",5811
2020-09,Any Mental Health,RaceEthnicity,"NHOPI, NH",5641
2020-09,Any Mental Health,RaceEthnicity,"White, NH",8241
2020-08,Any Mental Health,RaceEthnicity,"AI/AN, NH",8060
2020-08,Any Mental Health,RaceEthnicity,All,7154
2020-08,Any Mental Health,RaceEthnicity,"Asian, NH",4648
2020-08,Any Mental Health,RaceEthnicity,"Black, NH",6179
2020-08,Any Mental Health,RaceEthnicity,Hispanic,6362
2020-08,Any Mental Health,RaceEthnicity,"Multiple/Other, NH",5746
2020-08,Any Mental Health,RaceEthnicity,"NHOPI, NH",5285
2020-08,Any Mental Health,RaceEthnicity,"White, NH",8222
2020-07,Any Mental Health,RaceEthnicity,"AI/AN, NH",7844
2020-07,Any Mental Health,RaceEthnicity,All,6988
2020-07,Any Mental Health,RaceEthnicity,"Asian, NH",4565
2020-07,Any Mental Health,RaceEthnicity,"Black, NH",6006
2020-07,Any Mental Health,RaceEthnicity,Hispanic,5990
2020-07,Any Mental Health,RaceEthnicity,"Multiple/Other, NH",5611
2020-07,Any Mental Health,RaceEthnicity,"NHOPI, NH",4945
2020-07,Any Mental Health,RaceEthnicity,"White, NH",8089
2020-06,Any Mental Health,RaceEthnicity,"AI/AN, NH",8218
2020-06,Any Mental Health,RaceEthnicity,All,7197
2020-06,Any Mental Health,RaceEthnicity,"Asian, NH",4685
2020-06,Any Mental Health,RaceEthnicity,"Black, NH",6158
2020-06,Any Mental Health,RaceEthnicity,Hispanic,6193
2020-06,Any Mental Health,RaceEthnicity,"Multiple/Other, NH",5895
2020-06,Any Mental Health,RaceEthnicity,"NHOPI, NH",5106
2020-06,Any Mental Health,RaceEthnicity,"White, NH",8190
2020-05,Any Mental Health,RaceEthnicity,"AI/AN, NH",8435
2020-05,Any Mental Health,RaceEthnicity,All,7718
2020-05,Any Mental Health,RaceEthnicity,"Asian, NH",4718
2020-05,Any Mental Health,RaceEthnicity,"Black, NH",6776
2020-05,Any Mental Health,RaceEthnicity,Hispanic,6801
2020-05,Any Mental Health,RaceEthnicity,"Multiple/Other, NH",6237
2020-05,Any Mental Health,RaceEthnicity,"NHOPI, NH",5503
2020-05,Any Mental Health,RaceEthnicity,"White, NH",8580
2020-04,Any Mental Health,RaceEthnicity,"AI/AN, NH",8923
2020-04,Any Mental Health,RaceEthnicity,All,7815
2020-04,Any Mental Health,RaceEthnicity,"Asian, NH",4673
2020-04,Any Mental Health,RaceEthnicity,"Black, NH",6975
2020-04,Any Mental Health,RaceEthnicity,Hispanic,6749
2020-04,Any Mental Health,RaceEthnicity,"Multiple/Other, NH",6225
2020-04,Any Mental Health,RaceEthnicity,"NHOPI, NH",5436
2020-04,Any Mental Health,RaceEthnicity,"White, NH",8809
2020-03,Any Mental Health,RaceEthnicity,"AI/AN, NH",6749
2020-03,Any Mental Health,RaceEthnicity,All,6274
2020-03,Any Mental Health,RaceEthnicity,"Asian, NH",3710
2020-03,Any Mental Health,RaceEthnicity,"Black, NH",5146
2020-03,Any Mental Health,RaceEthnicity,Hispanic,5012
2020-03,Any Mental Health,RaceEthnicity,"Multiple/Other, NH",4841
2020-03,Any Mental Health,RaceEthnicity,"NHOPI, NH",3841
2020-03,Any Mental Health,RaceEthnicity,"White, NH",7495
2020-02,Any Mental Health,RaceEthnicity,"AI/AN, NH",6530
2020-02,Any Mental Health,RaceEthnicity,All,5971
2020-02,Any Mental Health,RaceEthnicity,"Asian, NH",3532
2020-02,Any Mental Health,RaceEthnicity,"Black, NH",4802
2020-02,Any Mental Health,RaceEthnicity,Hispanic,4713
2020-02,Any Mental Health,RaceEthnicity,"Multiple/Other, NH",4592
2020-02,Any Mental Health,RaceEthnicity,"NHOPI, NH",3607
2020-02,Any Mental Health,RaceEthnicity,"White, NH",7119
2020-01,Any Mental Health,RaceEthnicity,"AI/AN, NH",6186
2020-01,Any Mental Health,RaceEthnicity,All,5817
2020-01,Any Mental Health,RaceEthnicity,"Asian, NH",3350
2020-01,Any Mental Health,RaceEthnicity,"Black, NH",4706
2020-01,Any Mental Health,RaceEthnicity,Hispanic,4531
2020-01,Any Mental Health,RaceEthnicity,"Multiple/Other, NH",4465
2020-01,Any Mental Health,RaceEthnicity,"NHOPI, NH",3468
2020-01,Any Mental Health,RaceEthnicity,"White, NH",7023
2019-12,Any Mental Health,RaceEthnicity,"AI/AN, NH",6054
2019-12,Any Mental Health,RaceEthnicity,All,5576
2019-12,Any Mental Health,RaceEthnicity,"Asian, NH",3265
2019-12,Any Mental Health,RaceEthnicity,"Black, NH",4508
2019-12,Any Mental Health,RaceEthnicity,Hispanic,4538
2019-12,Any Mental Health,RaceEthnicity,"Multiple/Other, NH",4172
2019-12,Any Mental Health,RaceEthnicity,"NHOPI, NH",3427
2019-12,Any Mental Health,RaceEthnicity,"White, NH",6693
2019-11,Any Mental Health,RaceEthnicity,"AI/AN, NH",6648
2019-11,Any Mental Health,RaceEthnicity,All,5881
2019-11,Any Mental Health,RaceEthnicity,"Asian, NH",3625
2019-11,Any Mental Health,RaceEthnicity,"Black, NH",4815
2019-11,Any Mental Health,RaceEthnicity,Hispanic,4804
2019-11,Any Mental Health,RaceEthnicity,"Multiple/Other, NH",4552
2019-11,Any Mental Health,RaceEthnicity,"NHOPI, NH",3903
2019-11,Any Mental Health,RaceEthnicity,"White, NH",6931
2019-10,Any Mental Health,RaceEthnicity,"AI/AN, NH",6644
2019-10,Any Mental Health,RaceEthnicity,All,6109
2019-10,Any Mental Health,RaceEthnicity,"Asian, NH",3735
2019-10,Any Mental Health,RaceEthnicity,"Black, NH",4949
2019-10,Any Mental Health,RaceEthnicity,Hispanic,5078
2019-10,Any Mental Health,RaceEthnicity,"Multiple/Other, NH",4949
2019-10,Any Mental Health,RaceEthnicity,"NHOPI, NH",4233
2019-10,Any Mental Health,RaceEthnicity,"White, NH",7222
2019-09,Any Mental Health,RaceEthnicity,"AI/AN, NH",6643
2019-09,Any Mental Health,RaceEthnicity,All,6077
2019-09,Any Mental Health,RaceEthnicity,"Asian, NH",3700
2019-09,Any Mental Health,RaceEthnicity,"Black, NH",4923
2019-09,Any Mental Health,RaceEthnicity,Hispanic,5042
2019-09,Any Mental Health,RaceEthnicity,"Multiple/Other, NH",4874
2019-09,Any Mental Health,RaceEthnicity,"NHOPI, NH",3806
2019-09,Any Mental Health,RaceEthnicity,"White, NH",7183
2019-08,Any Mental Health,RaceEthnicity,"AI/AN, NH",6510
2019-08,Any Mental Health,RaceEthnicity,All,6153
2019-08,Any Mental Health,RaceEthnicity,"Asian, NH",3579
2019-08,Any Mental Health,RaceEthnicity,"Black, NH",5072
2019-08,Any Mental Health,RaceEthnicity,Hispanic,5151
2019-08,Any Mental Health,RaceEthnicity,"Multiple/Other, NH",4891
2019-08,Any Mental Health,RaceEthnicity,"NHOPI, NH",3803
2019-08,Any Mental Health,RaceEthnicity,"White, NH",7204
2019-07,Any Mental Health,RaceEthnicity,"AI/AN, NH",6653
2019-07,Any Mental Health,RaceEthnicity,All,6009
2019-07,Any Mental Health,RaceEthnicity,"Asian, NH",3633
2019-07,Any Mental Health,RaceEthnicity,"Black, NH",5059
2019-07,Any Mental Health,RaceEthnicity,Hispanic,5122
2019-07,Any Mental Health,RaceEthnicity,"Multiple/Other, NH",4706
2019-07,Any Mental Health,RaceEthnicity,"NHOPI, NH",3948
2019-07,Any Mental Health,RaceEthnicity,"White, NH",7013
2019-06,Any Mental Health,RaceEthnicity,"AI/AN, NH",6817
2019-06,Any Mental Health,RaceEthnicity,All,5849
2019-06,Any Mental Health,RaceEthnicity,"Asian, NH",3597
2019-06,Any Mental Health,RaceEthnicity,"Black, NH",4916
2019-06,Any Mental Health,RaceEthnicity,Hispanic,4920
2019-06,Any Mental Health,RaceEthnicity,"Multiple/Other, NH",4575
2019-06,Any Mental Health,RaceEthnicity,"NHOPI, NH",3654
2019-06,Any Mental Health,RaceEthnicity,"White, NH",6845
2019-05,Any Mental Health,RaceEthnicity,"AI/AN, NH",6866
2019-05,Any Mental Health,RaceEthnicity,All,5870
2019-05,Any Mental Health,RaceEthnicity,"Asian, NH",3679
2019-05,Any Mental Health,RaceEthnicity,"Black, NH",4857
2019-05,Any Mental Health,RaceEthnicity,Hispanic,4830
2019-05,Any Mental Health,RaceEthnicity,"Multiple/Other, NH",4555
2019-05,Any Mental Health,RaceEthnicity,"NHOPI, NH",3618
2019-05,Any Mental Health,RaceEthnicity,"White, NH",6935
2019-04,Any Mental Health,RaceEthnicity,"AI/AN, NH",6885
2019-04,Any Mental Health,RaceEthnicity,All,5861
2019-04,Any Mental Health,RaceEthnicity,"Asian, NH",3534
2019-04,Any Mental Health,RaceEthnicity,"Black, NH",4861
2019-04,Any Mental Health,RaceEthnicity,Hispanic,4703
2019-04,Any Mental Health,RaceEthnicity,"Multiple/Other, NH",4534
2019-04,Any Mental Health,RaceEthnicity,"NHOPI, NH",3618
2019-04,Any Mental Health,RaceEthnicity,"White, NH",6936
2019-03,Any Mental Health,RaceEthnicity,"AI/AN, NH",6418
2019-03,Any Mental Health,RaceEthnicity,All,5659
2019-03,Any Mental Health,RaceEthnicity,"Asian, NH",3447
2019-03,Any Mental Health,RaceEthnicity,"Black, NH",4653
2019-03,Any Mental Health,RaceEthnicity,Hispanic,4423
2019-03,Any Mental Health,RaceEthnicity,"Multiple/Other, NH",4378
2019-03,Any Mental Health,RaceEthnicity,"NHOPI, NH",3253
2019-03,Any Mental Health,RaceEthnicity,"White, NH",6699
2019-02,Any Mental Health,RaceEthnicity,"AI/AN, NH",6416
2019-02,Any Mental Health,RaceEthnicity,All,5518
2019-02,Any Mental Health,RaceEthnicity,"Asian, NH",3590
2019-02,Any Mental Health,RaceEthnicity,"Black, NH",4556
2019-02,Any Mental Health,RaceEthnicity,Hispanic,4365
2019-02,Any Mental Health,RaceEthnicity,"Multiple/Other, NH",4286
2019-02,Any Mental Health,RaceEthnicity,"NHOPI, NH",3107
2019-02,Any Mental Health,RaceEthnicity,"White, NH",6551
2019-01,Any Mental Health,RaceEthnicity,"AI/AN, NH",6522
2019-01,Any Mental Health,RaceEthnicity,All,5383
2019-01,Any Mental Health,RaceEthnicity,"Asian, NH",3415
2019-01,Any Mental Health,RaceEthnicity,"Black, NH",4487
2019-01,Any Mental Health,RaceEthnicity,Hispanic,4332
2019-01,Any Mental Health,RaceEthnicity,"Multiple/Other, NH",4250
2019-01,Any Mental Health,RaceEthnicity,"NHOPI, NH",3178
2019-01,Any Mental Health,RaceEthnicity,"White, NH",6368
2025-12,Bipolar Disorders,RaceEthnicity,"AI/AN, NH",297
2025-12,Bipolar Disorders,RaceEthnicity,All,408
2025-12,Bipolar Disorders,RaceEthnicity,"Asian, NH",202
2025-12,Bipolar Disorders,RaceEthnicity,"Black, NH",359
2025-12,Bipolar Disorders,RaceEthnicity,Hispanic,239
2025-12,Bipolar Disorders,RaceEthnicity,"Multiple/Other, NH",285
2025-12,Bipolar Disorders,RaceEthnicity,"NHOPI, NH",250
2025-12,Bipolar Disorders,RaceEthnicity,"White, NH",503
2025-11,Bipolar Disorders,RaceEthnicity,"AI/AN, NH",367
2025-11,Bipolar Disorders,RaceEthnicity,All,452
2025-11,Bipolar Disorders,RaceEthnicity,"Asian, NH",227
2025-11,Bipolar Disorders,RaceEthnicity,"Black, NH",404
2025-11,Bipolar Disorders,RaceEthnicity,Hispanic,265
2025-11,Bipolar Disorders,RaceEthnicity,"Multiple/Other, NH",338
2025-11,Bipolar Disorders,RaceEthnicity,"NHOPI, NH",220
2025-11,Bipolar Disorders,RaceEthnicity,"White, NH",549
2025-10,Bipolar Disorders,RaceEthnicity,"AI/AN, NH",330
2025-10,Bipolar Disorders,RaceEthnicity,All,461
2025-10,Bipolar Disorders,RaceEthnicity,"Asian, NH",223
2025-10,Bipolar Disorders,RaceEthnicity,"Black, NH",406
2025-10,Bipolar Disorders,RaceEthnicity,Hispanic,264
2025-10,Bipolar Disorders,RaceEthnicity,"Multiple/Other, NH",349
2025-10,Bipolar Disorders,RaceEthnicity,"NHOPI, NH",259
2025-10,Bipolar Disorders,RaceEthnicity,"White, NH",563
2025-09,Bipolar Disorders,RaceEthnicity,"AI/AN, NH",347
2025-09,Bipolar Disorders,RaceEthnicity,All,454
2025-09,Bipolar Disorders,RaceEthnicity,"Asian, NH",218
2025-09,Bipolar Disorders,RaceEthnicity,"Black, NH",390
2025-09,Bipolar Disorders,RaceEthnicity,Hispanic,270
2025-09,Bipolar Disorders,RaceEthnicity,"Multiple/Other, NH",339
2025-09,Bipolar Disorders,RaceEthnicity,"NHOPI, NH",304
2025-09,Bipolar Disorders,RaceEthnicity,"White, NH",554
2025-08,Bipolar Disorders,RaceEthnicity,"AI/AN, NH",326
2025-08,Bipolar Disorders,RaceEthnicity,All,461
2025-08,Bipolar Disorders,RaceEthnicity,"Asian, NH",226
2025-08,Bipolar Disorders,RaceEthnicity,"Black, NH",406
2025-08,Bipolar Disorders,RaceEthnicity,Hispanic,272
2025-08,Bipolar Disorders,RaceEthnicity,"Multiple/Other, NH",337
2025-08,Bipolar Disorders,RaceEthnicity,"NHOPI, NH",234
2025-08,Bipolar Disorders,RaceEthnicity,"White, NH",556
2025-07,Bipolar Disorders,RaceEthnicity,"AI/AN, NH",391
2025-07,Bipolar Disorders,RaceEthnicity,All,471
2025-07,Bipolar Disorders,RaceEthnicity,"Asian, NH",227
2025-07,Bipolar Disorders,RaceEthnicity,"Black, NH",414
2025-07,Bipolar Disorders,RaceEthnicity,Hispanic,285
2025-07,Bipolar Disorders,RaceEthnicity,"Multiple/Other, NH",347
2025-07,Bipolar Disorders,RaceEthnicity,"NHOPI, NH",244
2025-07,Bipolar Disorders,RaceEthnicity,"White, NH",563
2025-06,Bipolar Disorders,RaceEthnicity,"AI/AN, NH",339
2025-06,Bipolar Disorders,RaceEthnicity,All,469
2025-06,Bipolar Disorders,RaceEthnicity,"Asian, NH",248
2025-06,Bipolar Disorders,RaceEthnicity,"Black, NH",412
2025-06,Bipolar Disorders,RaceEthnicity,Hispanic,279
2025-06,Bipolar Disorders,RaceEthnicity,"Multiple/Other, NH",349
2025-06,Bipolar Disorders,RaceEthnicity,"NHOPI, NH",277
2025-06,Bipolar Disorders,RaceEthnicity,"White, NH",564
2025-05,Bipolar Disorders,RaceEthnicity,"AI/AN, NH",368
2025-05,Bipolar Disorders,RaceEthnicity,All,456
2025-05,Bipolar Disorders,RaceEthnicity,"Asian, NH",209
2025-05,Bipolar Disorders,RaceEthnicity,"Black, NH",393
2025-05,Bipolar Disorders,RaceEthnicity,Hispanic,256
2025-05,Bipolar Disorders,RaceEthnicity,"Multiple/Other, NH",329
2025-05,Bipolar Disorders,RaceEthnicity,"NHOPI, NH",240
2025-05,Bipolar Disorders,RaceEthnicity,"White, NH",564
2025-04,Bipolar Disorders,RaceEthnicity,"AI/AN, NH",395
2025-04,Bipolar Disorders,RaceEthnicity,All,457
2025-04,Bipolar Disorders,RaceEthnicity,"Asian, NH",236
2025-04,Bipolar Disorders,RaceEthnicity,"Black, NH",394
2025-04,Bipolar Disorders,RaceEthnicity,Hispanic,252
2025-04,Bipolar Disorders,RaceEthnicity,"Multiple/Other, NH",317
2025-04,Bipolar Disorders,RaceEthnicity,"NHOPI, NH",230
2025-04,Bipolar Disorders,RaceEthnicity,"White, NH",569
2025-03,Bipolar Disorders,RaceEthnicity,"AI/AN, NH",396
2025-03,Bipolar Disorders,RaceEthnicity,All,455
2025-03,Bipolar Disorders,RaceEthnicity,"Asian, NH",238
2025-03,Bipolar Disorders,RaceEthnicity,"Black, NH",395
2025-03,Bipolar Disorders,RaceEthnicity,Hispanic,249
2025-03,Bipolar Disorders,RaceEthnicity,"Multiple/Other, NH",328
2025-03,Bipolar Disorders,RaceEthnicity,"NHOPI, NH",231
2025-03,Bipolar Disorders,RaceEthnicity,"White, NH",563
2025-02,Bipolar Disorders,RaceEthnicity,"AI/AN, NH",349
2025-02,Bipolar Disorders,RaceEthnicity,All,429
2025-02,Bipolar Disorders,RaceEthnicity,"Asian, NH",223
2025-02,Bipolar Disorders,RaceEthnicity,"Black, NH",370
2025-02,Bipolar Disorders,RaceEthnicity,Hispanic,228
2025-02,Bipolar Disorders,RaceEthnicity,"Multiple/Other, NH",320
2025-02,Bipolar Disorders,RaceEthnicity,"NHOPI, NH",257
2025-02,Bipolar Disorders,RaceEthnicity,"White, NH",535
2025-01,Bipolar Disorders,RaceEthnicity,"AI/AN, NH",379
2025-01,Bipolar Disorders,RaceEthnicity,All,421
2025-01,Bipolar Disorders,RaceEthnicity,"Asian, NH",200
2025-01,Bipolar Disorders,RaceEthnicity,"Black, NH",372
2025-01,Bipolar Disorders,RaceEthnicity,Hispanic,231
2025-01,Bipolar Disorders,RaceEthnicity,"Multiple/Other, NH",288
2025-01,Bipolar Disorders,RaceEthnicity,"NHOPI, NH",215
2025-01,Bipolar Disorders,RaceEthnicity,"White, NH",528
2024-12,Bipolar Disorders,RaceEthnicity,"AI/AN, NH",361
2024-12,Bipolar Disorders,RaceEthnicity,All,406
2024-12,Bipolar Disorders,RaceEthnicity,"Asian, NH",219
2024-12,Bipolar Disorders,RaceEthnicity,"Black, NH",361
2024-12,Bipolar Disorders,RaceEthnicity,Hispanic,221
2024-12,Bipolar Disorders,RaceEthnicity,"Multiple/Other, NH",264
2024-12,Bipolar Disorders,RaceEthnicity,"NHOPI, NH",260
2024-12,Bipolar Disorders,RaceEthnicity,"White, NH",508
2024-11,Bipolar Disorders,RaceEthnicity,"AI/AN, NH",397
2024-11,Bipolar Disorders,RaceEthnicity,All,442
2024-11,Bipolar Disorders,RaceEthnicity,"Asian, NH",224
2024-11,Bipolar Disorders,RaceEthnicity,"Black, NH",394
2024-11,Bipolar Disorders,RaceEthnicity,Hispanic,247
2024-11,Bipolar Disorders,RaceEthnicity,"Multiple/Other, NH",315
2024-11,Bipolar Disorders,RaceEthnicity,"NHOPI, NH",227
2024-11,Bipolar Disorders,RaceEthnicity,"White, NH",547
2024-10,Bipolar Disorders,RaceEthnicity,"AI/AN, NH",403
2024-10,Bipolar Disorders,RaceEthnicity,All,443
2024-10,Bipolar Disorders,RaceEthnicity,"Asian, NH",221
2024-10,Bipolar Disorders,RaceEthnicity,"Black, NH",381
2024-10,Bipolar Disorders,RaceEthnicity,Hispanic,253
2024-10,Bipolar Disorders,RaceEthnicity,"Multiple/Other, NH",294
2024-10,Bipolar Disorders,RaceEthnicity,"NHOPI, NH",209
2024-10,Bipolar Disorders,RaceEthnicity,"White, NH",549
2024-09,Bipolar Disorders,RaceEthnicity,"AI/AN, NH",393
2024-09,Bipolar Disorders,RaceEthnicity,All,442
2024-09,Bipolar Disorders,RaceEthnicity,"Asian, NH",239
2024-09,Bipolar Disorders,RaceEthnicity,"Black, NH",382
2024-09,Bipolar Disorders,RaceEthnicity,Hispanic,249
2024-09,Bipolar Disorders,RaceEthnicity,"Multiple/Other, NH",311
2024-09,Bipolar Disorders,RaceEthnicity,"NHOPI, NH",229
2024-09,Bipolar Disorders,RaceEthnicity,"White, NH",547
2024-08,Bipolar Disorders,RaceEthnicity,"AI/AN, NH",403
2024-08,Bipolar Disorders,RaceEthnicity,All,458
2024-08,Bipolar Disorders,RaceEthnicity,"Asian, NH",236
2024-08,Bipolar Disorders,RaceEthnicity,"Black, NH",391
2024-08,Bipolar Disorders,RaceEthnicity,Hispanic,266
2024-08,Bipolar Disorders,RaceEthnicity,"Multiple/Other, NH",315
2024-08,Bipolar Disorders,RaceEthnicity,"NHOPI, NH",246
2024-08,Bipolar Disorders,RaceEthnicity,"White, NH",564
2024-07,Bipolar Disorders,RaceEthnicity,"AI/AN, NH",424
2024-07,Bipolar Disorders,RaceEthnicity,All,461
2024-07,Bipolar Disorders,RaceEthnicity,"Asian, NH",230
2024-07,Bipolar Disorders,RaceEthnicity,"Black, NH",405
2024-07,Bipolar Disorders,RaceEthnicity,Hispanic,267
2024-07,Bipolar Disorders,RaceEthnicity,"Multiple/Other, NH",330
2024-07,Bipolar Disorders,RaceEthnicity,"NHOPI, NH",277
2024-07,Bipolar Disorders,RaceEthnicity,"White, NH",562
2024-06,Bipolar Disorders,RaceEthnicity,"AI/AN, NH",413
2024-06,Bipolar Disorders,RaceEthnicity,All,457
2024-06,Bipolar Disorders,RaceEthnicity,"Asian, NH",240
2024-06,Bipolar Disorders,RaceEthnicity,"Black, NH",411
2024-06,Bipolar Disorders,RaceEthnicity,Hispanic,260
2024-06,Bipolar Disorders,RaceEthnicity,"Multiple/Other, NH",337
2024-06,Bipolar Disorders,RaceEthnicity,"NHOPI, NH",296
2024-06,Bipolar Disorders,RaceEthnicity,"White, NH",555
2024-05,Bipolar Disorders,RaceEthnicity,"AI/AN, NH",419
2024-05,Bipolar Disorders,RaceEthnicity,All,445
2024-05,Bipolar Disorders,RaceEthnicity,"Asian, NH",221
2024-05,Bipolar Disorders,RaceEthnicity,"Black, NH",398
2024-05,Bipolar Disorders,RaceEthnicity,Hispanic,249
2024-05,Bipolar Disorders,RaceEthnicity,"Multiple/Other, NH",313
2024-05,Bipolar Disorders,RaceEthnicity,"NHOPI, NH",227
2024-05,Bipolar Disorders,RaceEthnicity,"White, NH",549
2024-04,Bipolar Disorders,RaceEthnicity,"AI/AN, NH",389
2024-04,Bipolar Disorders,RaceEthnicity,All,456
2024-04,Bipolar Disorders,RaceEthnicity,"Asian, NH",263
2024-04,Bipolar Disorders,RaceEthnicity,"Black, NH",399
2024-04,Bipolar Disorders,RaceEthnicity,Hispanic,252
2024-04,Bipolar Disorders,RaceEthnicity,"Multiple/Other, NH",323
2024-04,Bipolar Disorders,RaceEthnicity,"NHOPI, NH",223
2024-04,Bipolar Disorders,RaceEthnicity,"White, NH",564
2024-03,Bipolar Disorders,RaceEthnicity,"AI/AN, NH",409
2024-03,Bipolar Disorders,RaceEthnicity,All,451
2024-03,Bipolar Disorders,RaceEthnicity,"Asian, NH",215
2024-03,Bipolar Disorders,RaceEthnicity,"Black, NH",396
2024-03,Bipolar Disorders,RaceEthnicity,Hispanic,255
2024-03,Bipolar Disorders,RaceEthnicity,"Multiple/Other, NH",323
2024-03,Bipolar Disorders,RaceEthnicity,"NHOPI, NH",289
2024-03,Bipolar Disorders,RaceEthnicity,"White, NH",557
2024-02,Bipolar Disorders,RaceEthnicity,"AI/AN, NH",450
2024-02,Bipolar Disorders,RaceEthnicity,All,449
2024-02,Bipolar Disorders,RaceEthnicity,"Asian, NH",248
2024-02,Bipolar Disorders,RaceEthnicity,"Black, NH",393
2024-02,Bipolar Disorders,RaceEthnicity,Hispanic,253
2024-02,Bipolar Disorders,RaceEthnicity,"Multiple/Other, NH",317
2024-02,Bipolar Disorders,RaceEthnicity,"NHOPI, NH",247
2024-02,Bipolar Disorders,RaceEthnicity,"White, NH",553
2024-01,Bipolar Disorders,RaceEthnicity,"AI/AN, NH",447
2024-01,Bipolar Disorders,RaceEthnicity,All,453
2024-01,Bipolar Disorders,RaceEthnicity,"Asian, NH",221
2024-01,Bipolar Disorders,RaceEthnicity,"Black, NH",400
2024-01,Bipolar Disorders,RaceEthnicity,Hispanic,249
2024-01,Bipolar Disorders,RaceEthnicity,"Multiple/Other, NH",316
2024-01,Bipolar Disorders,RaceEthnicity,"NHOPI, NH",329
2024-01,Bipolar Disorders,RaceEthnicity,"White, NH",559
2023-12,Bipolar Disorders,RaceEthnicity,"AI/AN, NH",343
2023-12,Bipolar Disorders,RaceEthnicity,All,412
2023-12,Bipolar Disorders,RaceEthnicity,"Asian, NH",184
2023-12,Bipolar Disorders,RaceEthnicity,"Black, NH",361
2023-12,Bipolar Disorders,RaceEthnicity,Hispanic,222
2023-12,Bipolar Disorders,RaceEthnicity,"Multiple/Other, NH",288
2023-12,Bipolar Disorders,RaceEthnicity,"NHOPI, NH",298
2023-12,Bipolar Disorders,RaceEthnicity,"White, NH",516
2023-11,Bipolar Disorders,RaceEthnicity,"AI/AN, NH",375
2023-11,Bipolar Disorders,RaceEthnicity,All,444
2023-11,Bipolar Disorders,RaceEthnicity,"Asian, NH",223
2023-11,Bipolar Disorders,RaceEthnicity,"Black, NH",386
2023-11,Bipolar Disorders,RaceEthnicity,Hispanic,238
2023-11,Bipolar Disorders,RaceEthnicity,"Multiple/Other, NH",315
2023-11,Bipolar Disorders,RaceEthnicity,"NHOPI, NH",266
2023-11,Bipolar Disorders,RaceEthnicity,"White, NH",558
2023-10,Bipolar Disorders,RaceEthnicity,"AI/AN, NH",414
2023-10,Bipolar Disorders,RaceEthnicity,All,460
2023-10,Bipolar Disorders,RaceEthnicity,"Asian, NH",228
2023-10,Bipolar Disorders,RaceEthnicity,"Black, NH",401
2023-10,Bipolar Disorders,RaceEthnicity,Hispanic,246
2023-10,Bipolar Disorders,RaceEthnicity,"Multiple/Other, NH",317
2023-10,Bipolar Disorders,RaceEthnicity,"NHOPI, NH",266
2023-10,Bipolar Disorders,RaceEthnicity,"White, NH",577
2023-09,Bipolar Disorders,RaceEthnicity,"AI/AN, NH",437
2023-09,Bipolar Disorders,RaceEthnicity,All,463
2023-09,Bipolar Disorders,RaceEthnicity,"Asian, NH",239
2023-09,Bipolar Disorders,RaceEthnicity,"Black, NH",408
2023-09,Bipolar Disorders,RaceEthnicity,Hispanic,256
2023-09,Bipolar Disorders,RaceEthnicity,"Multiple/Other, NH",336
2023-09,Bipolar Disorders,RaceEthnicity,"NHOPI, NH",257
2023-09,Bipolar Disorders,RaceEthnicity,"White, NH",570
2023-08,Bipolar Disorders,RaceEthnicity,"AI/AN, NH",376
2023-08,Bipolar Disorders,RaceEthnicity,All,475
2023-08,Bipolar Disorders,RaceEthnicity,"Asian, NH",250
2023-08,Bipolar Disorders,RaceEthnicity,"Black, NH",417
2023-08,Bipolar Disorders,RaceEthnicity,Hispanic,267
2023-08,Bipolar Disorders,RaceEthnicity,"Multiple/Other, NH",349
2023-08,Bipolar Disorders,RaceEthnicity,"NHOPI, NH",280
2023-08,Bipolar Disorders,RaceEthnicity,"White, NH",584
2023-07,Bipolar Disorders,RaceEthnicity,"AI/AN, NH",458
2023-07,Bipolar Disorders,RaceEthnicity,All,491
2023-07,Bipolar Disorders,RaceEthnicity,"Asian, NH",249
2023-07,Bipolar Disorders,RaceEthnicity,"Black, NH",430
2023-07,Bipolar Disorders,RaceEthnicity,Hispanic,284
2023-07,Bipolar Disorders,RaceEthnicity,"Multiple/Other, NH",341
2023-07,Bipolar Disorders,RaceEthnicity,"NHOPI, NH",309
2023-07,Bipolar Disorders,RaceEthnicity,"White, NH",598
2023-06,Bipolar Disorders,RaceEthnicity,"AI/AN, NH",481
2023-06,Bipolar Disorders,RaceEthnicity,All,490
2023-06,Bipolar Disorders,RaceEthnicity,"Asian, NH",228
2023-06,Bipolar Disorders,RaceEthnicity,"Black, NH",433
2023-06,Bipolar Disorders,RaceEthnicity,Hispanic,279
2023-06,Bipolar Disorders,RaceEthnicity,"Multiple/Other, NH",356
2023-06,Bipolar Disorders,RaceEthnicity,"NHOPI, NH",267
2023-06,Bipolar Disorders,RaceEthnicity,"White, NH",602
2023-05,Bipolar Disorders,RaceEthnicity,"AI/AN, NH",430
2023-05,Bipolar Disorders,RaceEthnicity,All,479
2023-05,Bipolar Disorders,RaceEthnicity,"Asian, NH",282
2023-05,Bipolar Disorders,RaceEthnicity,"Black, NH",414
2023-05,Bipolar Disorders,RaceEthnicity,Hispanic,265
2023-05,Bipolar Disorders,RaceEthnicity,"Multiple/Other, NH",337
2023-05,Bipolar Disorders,RaceEthnicity,"NHOPI, NH",303
2023-05,Bipolar Disorders,RaceEthnicity,"White, NH",596
2023-04,Bipolar Disorders,RaceEthnicity,"AI/AN, NH",414
2023-04,Bipolar Disorders,RaceEthnicity,All,490
2023-04,Bipolar Disorders,RaceEthnicity,"Asian, NH",260
2023-04,Bipolar Disorders,RaceEthnicity,"Black, NH",434
2023-04,Bipolar Disorders,RaceEthnicity,Hispanic,284
2023-04,Bipolar Disorders,RaceEthnicity,"Multiple/Other, NH",343
2023-04,Bipolar Disorders,RaceEthnicity,"NHOPI, NH",289
2023-04,Bipolar Disorders,RaceEthnicity,"White, NH",604
2023-03,Bipolar Disorders,RaceEthnicity,"AI/AN, NH",445
2023-03,Bipolar Disorders,RaceEthnicity,All,487
2023-03,Bipolar Disorders,RaceEthnicity,"Asian, NH",245
2023-03,Bipolar Disorders,RaceEthnicity,"Black, NH",425
2023-03,Bipolar Disorders,RaceEthnicity,Hispanic,292
2023-03,Bipolar Disorders,RaceEthnicity,"Multiple/Other, NH",323
2023-03,Bipolar Disorders,RaceEthnicity,"NHOPI, NH",253
2023-03,Bipolar Disorders,RaceEthnicity,"White, NH",601
2023-02,Bipolar Disorders,RaceEthnicity,"AI/AN, NH",449
2023-02,Bipolar Disorders,RaceEthnicity,All,488
2023-02,Bipolar Disorders,RaceEthnicity,"Asian, NH",238
2023-02,Bipolar Disorders,RaceEthnicity,"Black, NH",433
2023-02,Bipolar Disorders,RaceEthnicity,Hispanic,300
2023-02,Bipolar Disorders,RaceEthnicity,"Multiple/Other, NH",324
2023-02,Bipolar Disorders,RaceEthnicity,"NHOPI, NH",264
2023-02,Bipolar Disorders,RaceEthnicity,"White, NH",596
2023-01,Bipolar Disorders,RaceEthnicity,"AI/AN, NH",464
2023-01,Bipolar Disorders,RaceEthnicity,All,495
2023-01,Bipolar Disorders,RaceEthnicity,"Asian, NH",267
2023-01,Bipolar Disorders,RaceEthnicity,"Black, NH",432
2023-01,Bipolar Disorders,RaceEthnicity,Hispanic,312
2023-01,Bipolar Disorders,RaceEthnicity,"Multiple/Other, NH",327
2023-01,Bipolar Disorders,RaceEthnicity,"NHOPI, NH",285
2023-01,Bipolar Disorders,RaceEthnicity,"White, NH",602
2022-12,Bipolar Disorders,RaceEthnicity,"AI/AN, NH",420
2022-12,Bipolar Disorders,RaceEthnicity,All,444
2022-12,Bipolar Disorders,RaceEthnicity,"Asian, NH",242
2022-12,Bipolar Disorders,RaceEthnicity,"Black, NH",402
2022-12,Bipolar Disorders,RaceEthnicity,Hispanic,265
2022-12,Bipolar Disorders,RaceEthnicity,"Multiple/Other, NH",291
2022-12,Bipolar Disorders,RaceEthnicity,"NHOPI, NH",283
2022-12,Bipolar Disorders,RaceEthnicity,"White, NH",542
2022-11,Bipolar Disorders,RaceEthnicity,"AI/AN, NH",365
2022-11,Bipolar Disorders,RaceEthnicity,All,429
2022-11,Bipolar Disorders,RaceEthnicity,"Asian, NH",240
2022-11,Bipolar Disorders,RaceEthnicity,"Black, NH",374
2022-11,Bipolar Disorders,RaceEthnicity,Hispanic,249
2022-11,Bipolar Disorders,RaceEthnicity,"Multiple/Other, NH",258
2022-11,Bipolar Disorders,RaceEthnicity,"NHOPI, NH",209
2022-11,Bipolar Disorders,RaceEthnicity,"White, NH",540
2022-10,Bipolar Disorders,RaceEthnicity,"AI/AN, NH",465
2022-10,Bipolar Disorders,RaceEthnicity,All,456
2022-10,Bipolar Disorders,RaceEthnicity,"Asian, NH",246
2022-10,Bipolar Disorders,RaceEthnicity,"Black, NH",397
2022-10,Bipolar Disorders,RaceEthnicity,Hispanic,273
2022-10,Bipolar Disorders,RaceEthnicity,"Multiple/Other, NH",314
2022-10,Bipolar Disorders,RaceEthnicity,"NHOPI, NH",263
2022-10,Bipolar Disorders,RaceEthnicity,"White, NH",564
2022-09,Bipolar Disorders,RaceEthnicity,"AI/AN, NH",429
2022-09,Bipolar Disorders,RaceEthnicity,All,469
2022-09,Bipolar Disorders,RaceEthnicity,"Asian, NH",258
2022-09,Bipolar Disorders,RaceEthnicity,"Black, NH",412
2022-09,Bipolar Disorders,RaceEthnicity,Hispanic,284
2022-09,Bipolar Disorders,RaceEthnicity,"Multiple/Other, NH",322
2022-09,Bipolar Disorders,RaceEthnicity,"NHOPI, NH",241
2022-09,Bipolar Disorders,RaceEthnicity,"White, NH",580
2022-08,Bipolar Disorders,RaceEthnicity,"AI/AN, NH",430
2022-08,Bipolar Disorders,RaceEthnicity,All,489
2022-08,Bipolar Disorders,RaceEthnicity,"Asian, NH",254
2022-08,Bipolar Disorders,RaceEthnicity,"Black, NH",419
2022-08,Bipolar Disorders,RaceEthnicity,Hispanic,318
2022-08,Bipolar Disorders,RaceEthnicity,"Multiple/Other, NH",344
2022-08,Bipolar Disorders,RaceEthnicity,"NHOPI, NH",299
2022-08,Bipolar Disorders,RaceEthnicity,"White, NH",598
2022-07,Bipolar Disorders,RaceEthnicity,"AI/AN, NH",497
2022-07,Bipolar Disorders,RaceEthnicity,All,500
2022-07,Bipolar Disorders,RaceEthnicity,"Asian, NH",248
2022-07,Bipolar Disorders,RaceEthnicity,"Black, NH",442
2022-07,Bipolar Disorders,RaceEthnicity,Hispanic,335
2022-07,Bipolar Disorders,RaceEthnicity,"Multiple/Other, NH",332
2022-07,Bipolar Disorders,RaceEthnicity,"NHOPI, NH",270
2022-07,Bipolar Disorders,RaceEthnicity,"White, NH",605
2022-06,Bipolar Disorders,RaceEthnicity,"AI/AN, NH",493
2022-06,Bipolar Disorders,RaceEthnicity,All,500
2022-06,Bipolar Disorders,RaceEthnicity,"Asian, NH",209
2022-06,Bipolar Disorders,RaceEthnicity,"Black, NH",453
2022-06,Bipolar Disorders,RaceEthnicity,Hispanic,330
2022-06,Bipolar Disorders,RaceEthnicity,"Multiple/Other, NH",352
2022-06,Bipolar Disorders,RaceEthnicity,"NHOPI, NH",273
2022-06,Bipolar Disorders,RaceEthnicity,"White, NH",606
2022-05,Bipolar Disorders,RaceEthnicity,"AI/AN, NH",538
2022-05,Bipolar Disorders,RaceEthnicity,All,497
2022-05,Bipolar Disorders,RaceEthnicity,"Asian, NH",208
2022-05,Bipolar Disorders,RaceEthnicity,"Black, NH",448
2022-05,Bipolar Disorders,RaceEthnicity,Hispanic,326
2022-05,Bipolar Disorders,RaceEthnicity,"Multiple/Other, NH",346
2022-05,Bipolar Disorders,RaceEthnicity,"NHOPI, NH",274
2022-05,Bipolar Disorders,RaceEthnicity,"White, NH",606
2022-04,Bipolar Disorders,RaceEthnicity,"AI/AN, NH",500
2022-04,Bipolar Disorders,RaceEthnicity,All,525
2022-04,Bipolar Disorders,RaceEthnicity,"Asian, NH",230
2022-04,Bipolar Disorders,RaceEthnicity,"Black, NH",465
2022-04,Bipolar Disorders,RaceEthnicity,Hispanic,346
2022-04,Bipolar Disorders,RaceEthnicity,"Multiple/Other, NH",348
2022-04,Bipolar Disorders,RaceEthnicity,"NHOPI, NH",298
2022-04,Bipolar Disorders,RaceEthnicity,"White, NH",641
2022-03,Bipolar Disorders,RaceEthnicity,"AI/AN, NH",547
2022-03,Bipolar Disorders,RaceEthnicity,All,540
2022-03,Bipolar Disorders,RaceEthnicity,"Asian, NH",256
2022-03,Bipolar Disorders,RaceEthnicity,"Black, NH",491
2022-03,Bipolar Disorders,RaceEthnicity,Hispanic,356
2022-03,Bipolar Disorders,RaceEthnicity,"Multiple/Other, NH",368
2022-03,Bipolar Disorders,RaceEthnicity,"NHOPI, NH",373
2022-03,Bipolar Disorders,RaceEthnicity,"White, NH",651
2022-02,Bipolar Disorders,RaceEthnicity,"AI/AN, NH",667
2022-02,Bipolar Disorders,RaceEthnicity,All,571
2022-02,Bipolar Disorders,RaceEthnicity,"Asian, NH",256
2022-02,Bipolar Disorders,RaceEthnicity,"Black, NH",513
2022-02,Bipolar Disorders,RaceEthnicity,Hispanic,381
2022-02,Bipolar Disorders,RaceEthnicity,"Multiple/Other, NH",402
2022-02,Bipolar Disorders,RaceEthnicity,"NHOPI, NH",349
2022-02,Bipolar Disorders,RaceEthnicity,"White, NH",678
2022-01,Bipolar Disorders,RaceEthnicity,"AI/AN, NH",566
2022-01,Bipolar Disorders,RaceEthnicity,All,509
2022-01,Bipolar Disorders,RaceEthnicity,"Asian, NH",234
2022-01,Bipolar Disorders,RaceEthnicity,"Black, NH",445
2022-01,Bipolar Disorders,RaceEthnicity,Hispanic,344
2022-01,Bipolar Disorders,RaceEthnicity,"Multiple/Other, NH",345
2022-01,Bipolar Disorders,RaceEthnicity,"NHOPI, NH",247
2022-01,Bipolar Disorders,RaceEthnicity,"White, NH",617
2021-12,Bipolar Disorders,RaceEthnicity,"AI/AN, NH",578
2021-12,Bipolar Disorders,RaceEthnicity,All,474
2021-12,Bipolar Disorders,RaceEthnicity,"Asian, NH",202
2021-12,Bipolar Disorders,RaceEthnicity,"Black, NH",399
2021-12,Bipolar Disorders,RaceEthnicity,Hispanic,329
2021-12,Bipolar Disorders,RaceEthnicity,"Multiple/Other, NH",312
2021-12,Bipolar Disorders,RaceEthnicity,"NHOPI, NH",278
2021-12,Bipolar Disorders,RaceEthnicity,"White, NH",584
2021-11,Bipolar Disorders,RaceEthnicity,"AI/AN, NH",560
2021-11,Bipolar Disorders,RaceEthnicity,All,519
2021-11,Bipolar Disorders,RaceEthnicity,"Asian, NH",221
2021-11,Bipolar Disorders,RaceEthnicity,"Black, NH",450
2021-11,Bipolar Disorders,RaceEthnicity,Hispanic,367
2021-11,Bipolar Disorders,RaceEthnicity,"Multiple/Other, NH",363
2021-11,Bipolar Disorders,RaceEthnicity,"NHOPI, NH",201
2021-11,Bipolar Disorders,RaceEthnicity,"White, NH",625
2021-10,Bipolar Disorders,RaceEthnicity,"AI/AN, NH",644
2021-10,Bipolar Disorders,RaceEthnicity,All,542
2021-10,Bipolar Disorders,RaceEthnicity,"Asian, NH",233
2021-10,Bipolar Disorders,RaceEthnicity,"Black, NH",472
2021-10,Bipolar Disorders,RaceEthnicity,Hispanic,390
2021-10,Bipolar Disorders,RaceEthnicity,"Multiple/Other, NH",360
2021-10,Bipolar Disorders,RaceEthnicity,"NHOPI, NH",211
2021-10,Bipolar Disorders,RaceEthnicity,"White, NH",652
2021-09,Bipolar Disorders,RaceEthnicity,"AI/AN, NH",538
2021-09,Bipolar Disorders,RaceEthnicity,All,529
2021-09,Bipolar Disorders,RaceEthnicity,"Asian, NH",225
2021-09,Bipolar Disorders,RaceEthnicity,"Black, NH",458
2021-09,Bipolar Disorders,RaceEthnicity,Hispanic,360
2021-09,Bipolar Disorders,RaceEthnicity,"Multiple/Other, NH",340
2021-09,Bipolar Disorders,RaceEthnicity,"NHOPI, NH",210
2021-09,Bipolar Disorders,RaceEthnicity,"White, NH",647
2021-08,Bipolar Disorders,RaceEthnicity,"AI/AN, NH",573
2021-08,Bipolar Disorders,RaceEthnicity,All,522
2021-08,Bipolar Disorders,RaceEthnicity,"Asian, NH",237
2021-08,Bipolar Disorders,RaceEthnicity,"Black, NH",436
2021-08,Bipolar Disorders,RaceEthnicity,Hispanic,356
2021-08,Bipolar Disorders,RaceEthnicity,"Multiple/Other, NH",390
2021-08,Bipolar Disorders,RaceEthnicity,"NHOPI, NH",316
2021-08,Bipolar Disorders,RaceEthnicity,"White, NH",635
2021-07,Bipolar Disorders,RaceEthnicity,"AI/AN, NH",641
2021-07,Bipolar Disorders,RaceEthnicity,All,563
2021-07,Bipolar Disorders,RaceEthnicity,"Asian, NH",236
2021-07,Bipolar Disorders,RaceEthnicity,"Black, NH",464
2021-07,Bipolar Disorders,RaceEthnicity,Hispanic,393
2021-07,Bipolar Disorders,RaceEthnicity,"Multiple/Other, NH",441
2021-07,Bipolar Disorders,RaceEthnicity,"NHOPI, NH",268
2021-07,Bipolar Disorders,RaceEthnicity,"White, NH",681
2021-06,Bipolar Disorders,RaceEthnicity,"AI/AN, NH",572
2021-06,Bipolar Disorders,RaceEthnicity,All,596
2021-06,Bipolar Disorders,RaceEthnicity,"Asian, NH",241
2021-06,Bipolar Disorders,RaceEthnicity,"Black, NH",508
2021-06,Bipolar Disorders,RaceEthnicity,Hispanic,434
2021-06,Bipolar Disorders,RaceEthnicity,"Multiple/Other, NH",472
2021-06,Bipolar Disorders,RaceEthnicity,"NHOPI, NH",342
2021-06,Bipolar Disorders,RaceEthnicity,"White, NH",707
2021-05,Bipolar Disorders,RaceEthnicity,"AI/AN, NH",645
2021-05,Bipolar Disorders,RaceEthnicity,All,611
2021-05,Bipolar Disorders,RaceEthnicity,"Asian, NH",259
2021-05,Bipolar Disorders,RaceEthnicity,"Black, NH",521
2021-05,Bipolar Disorders,RaceEthnicity,Hispanic,454
2021-05,Bipolar Disorders,RaceEthnicity,"Multiple/Other, NH",474
2021-05,Bipolar Disorders,RaceEthnicity,"NHOPI, NH",311
2021-05,Bipolar Disorders,RaceEthnicity,"White, NH",722
2021-04,Bipolar Disorders,RaceEthnicity,"AI/AN, NH",708
2021-04,Bipolar Disorders,RaceEthnicity,All,616
2021-04,Bipolar Disorders,RaceEthnicity,"Asian, NH",247
2021-04,Bipolar Disorders,RaceEthnicity,"Black, NH",521
2021-04,Bipolar Disorders,RaceEthnicity,Hispanic,444
2021-04,Bipolar Disorders,RaceEthnicity,"Multiple/Other, NH",492
2021-04,Bipolar Disorders,RaceEthnicity,"NHOPI, NH",314
2021-04,Bipolar Disorders,RaceEthnicity,"White, NH",729
2021-03,Bipolar Disorders,RaceEthnicity,"AI/AN, NH",692
2021-03,Bipolar Disorders,RaceEthnicity,All,676
2021-03,Bipolar Disorders,RaceEthnicity,"Asian, NH",272
2021-03,Bipolar Disorders,RaceEthnicity,"Black, NH",585
2021-03,Bipolar Disorders,RaceEthnicity,Hispanic,502
2021-03,Bipolar Disorders,RaceEthnicity,"Multiple/Other, NH",517
2021-03,Bipolar Disorders,RaceEthnicity,"NHOPI, NH",355
2021-03,Bipolar Disorders,RaceEthnicity,"White, NH",795
2021-02,Bipolar Disorders,RaceEthnicity,"AI/AN, NH",784
2021-02,Bipolar Disorders,RaceEthnicity,All,708
2021-02,Bipolar Disorders,RaceEthnicity,"Asian, NH",314
2021-02,Bipolar Disorders,RaceEthnicity,"Black, NH",607
2021-02,Bipolar Disorders,RaceEthnicity,Hispanic,536
2021-02,Bipolar Disorders,RaceEthnicity,"Multiple/Other, NH",520
2021-02,Bipolar Disorders,RaceEthnicity,"NHOPI, NH",527
2021-02,Bipolar Disorders,RaceEthnicity,"White, NH",829
2021-01,Bipolar Disorders,RaceEthnicity,"AI/AN, NH",716
2021-01,Bipolar Disorders,RaceEthnicity,All,683
2021-01,Bipolar Disorders,RaceEthnicity,"Asian, NH",357
2021-01,Bipolar Disorders,RaceEthnicity,"Black, NH",601
2021-01,Bipolar Disorders,RaceEthnicity,Hispanic,541
2021-01,Bipolar Disorders,RaceEthnicity,"Multiple/Other, NH",520
2021-01,Bipolar Disorders,RaceEthnicity,"NHOPI, NH",408
2021-01,Bipolar Disorders,RaceEthnicity,"White, NH",803
2020-12,Bipolar Disorders,RaceEthnicity,"AI/AN, NH",778
2020-12,Bipolar Disorders,RaceEthnicity,All,666
2020-12,Bipolar Disorders,RaceEthnicity,"Asian, NH",345
2020-12,Bipolar Disorders,RaceEthnicity,"Black, NH",598
2020-12,Bipolar Disorders,RaceEthnicity,Hispanic,516
2020-12,Bipolar Disorders,RaceEthnicity,"Multiple/Other, NH",529
2020-12,Bipolar Disorders,RaceEthnicity,"NHOPI, NH",416
2020-12,Bipolar Disorders,RaceEthnicity,"White, NH",783
2020-11,Bipolar Disorders,RaceEthnicity,"AI/AN, NH",699
2020-11,Bipolar Disorders,RaceEthnicity,All,672
2020-11,Bipolar Disorders,RaceEthnicity,"Asian, NH",335
2020-11,Bipolar Disorders,RaceEthnicity,"Black, NH",607
2020-11,Bipolar Disorders,RaceEthnicity,Hispanic,520
2020-11,Bipolar Disorders,RaceEthnicity,"Multiple/Other, NH",543
2020-11,Bipolar Disorders,RaceEthnicity,"NHOPI, NH",421
2020-11,Bipolar Disorders,RaceEthnicity,"White, NH",792
2020-10,Bipolar Disorders,RaceEthnicity,"AI/AN, NH",731
2020-10,Bipolar Disorders,RaceEthnicity,All,713
2020-10,Bipolar Disorders,RaceEthnicity,"Asian, NH",369
2020-10,Bipolar Disorders,RaceEthnicity,"Black, NH",658
2020-10,Bipolar Disorders,RaceEthnicity,Hispanic,536
2020-10,Bipolar Disorders,RaceEthnicity,"Multiple/Other, NH",520
2020-10,Bipolar Disorders,RaceEthnicity,"NHOPI, NH",376
2020-10,Bipolar Disorders,RaceEthnicity,"White, NH",852
2020-09,Bipolar Disorders,RaceEthnicity,"AI/AN, NH",755
2020-09,Bipolar Disorders,RaceEthnicity,All,760
2020-09,Bipolar Disorders,RaceEthnicity,"Asian, NH",392
2020-09,Bipolar Disorders,RaceEthnicity,"Black, NH",710
2020-09,Bipolar Disorders,RaceEthnicity,Hispanic,553
2020-09,Bipolar Disorders,RaceEthnicity,"Multiple/Other, NH",560
2020-09,Bipolar Disorders,RaceEthnicity,"NHOPI, NH",451
2020-09,Bipolar Disorders,RaceEthnicity,"White, NH",908
2020-08,Bipolar Disorders,RaceEthnicity,"AI/AN, NH",693
2020-08,Bipolar Disorders,RaceEthnicity,All,790
2020-08,Bipolar Disorders,RaceEthnicity,"Asian, NH",411
2020-08,Bipolar Disorders,RaceEthnicity,"Black, NH",741
2020-08,Bipolar Disorders,RaceEthnicity,Hispanic,562
2020-08,Bipolar Disorders,RaceEthnicity,"Multiple/Other, NH",547
2020-08,Bipolar Disorders,RaceEthnicity,"NHOPI, NH",403
2020-08,Bipolar Disorders,RaceEthnicity,"White, NH",945
2020-07,Bipolar Disorders,RaceEthnicity,"AI/AN, NH",815
2020-07,Bipolar Disorders,RaceEthnicity,All,767
2020-07,Bipolar Disorders,RaceEthnicity,"Asian, NH",351
2020-07,Bipolar Disorders,RaceEthnicity,"Black, NH",703
2020-07,Bipolar Disorders,RaceEthnicity,Hispanic,514
2020-07,Bipolar Disorders,RaceEthnicity,"Multiple/Other, NH",582
2020-07,Bipolar Disorders,RaceEthnicity,"NHOPI, NH",493
2020-07,Bipolar Disorders,RaceEthnicity,"White, NH",927
2020-06,Bipolar Disorders,RaceEthnicity,"AI/AN, NH",621
2020-06,Bipolar Disorders,RaceEthnicity,All,795
2020-06,Bipolar Disorders,RaceEthnicity,"Asian, NH",348
2020-06,Bipolar Disorders,RaceEthnicity,"Black, NH",728
2020-06,Bipolar Disorders,RaceEthnicity,Hispanic,544
2020-06,Bipolar Disorders,RaceEthnicity,"Multiple/Other, NH",567
2020-06,Bipolar Disorders,RaceEthnicity,"NHOPI, NH",398
2020-06,Bipolar Disorders,RaceEthnicity,"White, NH",943
2020-05,Bipolar Disorders,RaceEthnicity,"AI/AN, NH",631
2020-05,Bipolar Disorders,RaceEthnicity,All,860
2020-05,Bipolar Disorders,RaceEthnicity,"Asian, NH",362
2020-05,Bipolar Disorders,RaceEthnicity,"Black, NH",785
2020-05,Bipolar Disorders,RaceEthnicity,Hispanic,600
2020-05,Bipolar Disorders,RaceEthnicity,"Multiple/Other, NH",584
2020-05,Bipolar Disorders,RaceEthnicity,"NHOPI, NH",361
2020-05,Bipolar Disorders,RaceEthnicity,"White, NH",998
2020-04,Bipolar Disorders,RaceEthnicity,"AI/AN, NH",730
2020-04,Bipolar Disorders,RaceEthnicity,All,873
2020-04,Bipolar Disorders,RaceEthnicity,"Asian, NH",338
2020-04,Bipolar Disorders,RaceEthnicity,"Black, NH",816
2020-04,Bipolar Disorders,RaceEthnicity,Hispanic,579
2020-04,Bipolar Disorders,RaceEthnicity,"Multiple/Other, NH",591
2020-04,Bipolar Disorders,RaceEthnicity,"NHOPI, NH",502
2020-04,Bipolar Disorders,RaceEthnicity,"White, NH",1026
2020-03,Bipolar Disorders,RaceEthnicity,"AI/AN, NH",544
2020-03,Bipolar Disorders,RaceEthnicity,All,689
2020-03,Bipolar Disorders,RaceEthnicity,"Asian, NH",265
2020-03,Bipolar Disorders,RaceEthnicity,"Black, NH",601
2020-03,Bipolar Disorders,RaceEthnicity,Hispanic,428
2020-03,Bipolar Disorders,RaceEthnicity,"Multiple/Other, NH",442
2020-03,Bipolar Disorders,RaceEthnicity,"NHOPI, NH",291
2020-03,Bipolar Disorders,RaceEthnicity,"White, NH",857
2020-02,Bipolar Disorders,RaceEthnicity,"AI/AN, NH",498
2020-02,Bipolar Disorders,RaceEthnicity,All,621
2020-02,Bipolar Disorders,RaceEthnicity,"Asian, NH",233
2020-02,Bipolar Disorders,RaceEthnicity,"Black, NH",554
2020-02,Bipolar Disorders,RaceEthnicity,Hispanic,386
2020-02,Bipolar Disorders,RaceEthnicity,"Multiple/Other, NH",401
2020-02,Bipolar Disorders,RaceEthnicity,"NHOPI, NH",323
2020-02,Bipolar Disorders,RaceEthnicity,"White, NH",768
2020-01,Bipolar Disorders,RaceEthnicity,"AI/AN, NH",509
2020-01,Bipolar Disorders,RaceEthnicity,All,615
2020-01,Bipolar Disorders,RaceEthnicity,"Asian, NH",249
2020-01,Bipolar Disorders,RaceEthnicity,"Black, NH",550
2020-01,Bipolar Disorders,RaceEthnicity,Hispanic,382
2020-01,Bipolar Disorders,RaceEthnicity,"Multiple/Other, NH",395
2020-01,Bipolar Disorders,RaceEthnicity,"NHOPI, NH",279
2020-01,Bipolar Disorders,RaceEthnicity,"White, NH",769
2019-12,Bipolar Disorders,RaceEthnicity,"AI/AN, NH",371
2019-12,Bipolar Disorders,RaceEthnicity,All,591
2019-12,Bipolar Disorders,RaceEthnicity,"Asian, NH",228
2019-12,Bipolar Disorders,RaceEthnicity,"Black, NH",529
2019-12,Bipolar Disorders,RaceEthnicity,Hispanic,397
2019-12,Bipolar Disorders,RaceEthnicity,"Multiple/Other, NH",359
2019-12,Bipolar Disorders,RaceEthnicity,"NHOPI, NH",336
2019-12,Bipolar Disorders,RaceEthnicity,"White, NH",733
2019-11,Bipolar Disorders,RaceEthnicity,"AI/AN, NH",524
2019-11,Bipolar Disorders,RaceEthnicity,All,617
2019-11,Bipolar Disorders,RaceEthnicity,"Asian, NH",239
2019-11,Bipolar Disorders,RaceEthnicity,"Black, NH",567
2019-11,Bipolar Disorders,RaceEthnicity,Hispanic,404
2019-11,Bipolar Disorders,RaceEthnicity,"Multiple/Other, NH",396
2019-11,Bipolar Disorders,RaceEthnicity,"NHOPI, NH",271
2019-11,Bipolar Disorders,RaceEthnicity,"White, NH",746
2019-10,Bipolar Disorders,RaceEthnicity,"AI/AN, NH",506
2019-10,Bipolar Disorders,RaceEthnicity,All,643
2019-10,Bipolar Disorders,RaceEthnicity,"Asian, NH",237
2019-10,Bipolar Disorders,RaceEthnicity,"Black, NH",577
2019-10,Bipolar Disorders,RaceEthnicity,Hispanic,424
2019-10,Bipolar Disorders,RaceEthnicity,"Multiple/Other, NH",424
2019-10,Bipolar Disorders,RaceEthnicity,"NHOPI, NH",443
2019-10,Bipolar Disorders,RaceEthnicity,"White, NH",787
2019-09,Bipolar Disorders,RaceEthnicity,"AI/AN, NH",486
2019-09,Bipolar Disorders,RaceEthnicity,All,638
2019-09,Bipolar Disorders,RaceEthnicity,"Asian, NH",233
2019-09,Bipolar Disorders,RaceEthnicity,"Black, NH",574
2019-09,Bipolar Disorders,RaceEthnicity,Hispanic,407
2019-09,Bipolar Disorders,RaceEthnicity,"Multiple/Other, NH",415
2019-09,Bipolar Disorders,RaceEthnicity,"NHOPI, NH",285
2019-09,Bipolar Disorders,RaceEthnicity,"White, NH",780
2019-08,Bipolar Disorders,RaceEthnicity,"AI/AN, NH",513
2019-08,Bipolar Disorders,RaceEthnicity,All,667
2019-08,Bipolar Disorders,RaceEthnicity,"Asian, NH",246
2019-08,Bipolar Disorders,RaceEthnicity,"Black, NH",611
2019-08,Bipolar Disorders,RaceEthnicity,Hispanic,444
2019-08,Bipolar Disorders,RaceEthnicity,"Multiple/Other, NH",456
2019-08,Bipolar Disorders,RaceEthnicity,"NHOPI, NH",349
2019-08,Bipolar Disorders,RaceEthnicity,"White, NH",799
2019-07,Bipolar Disorders,RaceEthnicity,"AI/AN, NH",503
2019-07,Bipolar Disorders,RaceEthnicity,All,646
2019-07,Bipolar Disorders,RaceEthnicity,"Asian, NH",258
2019-07,Bipolar Disorders,RaceEthnicity,"Black, NH",602
2019-07,Bipolar Disorders,RaceEthnicity,Hispanic,408
2019-07,Bipolar Disorders,RaceEthnicity,"Multiple/Other, NH",421
2019-07,Bipolar Disorders,RaceEthnicity,"NHOPI, NH",323
2019-07,Bipolar Disorders,RaceEthnicity,"White, NH",778
2019-06,Bipolar Disorders,RaceEthnicity,"AI/AN, NH",482
2019-06,Bipolar Disorders,RaceEthnicity,All,631
2019-06,Bipolar Disorders,RaceEthnicity,"Asian, NH",244
2019-06,Bipolar Disorders,RaceEthnicity,"Black, NH",587
2019-06,Bipolar Disorders,RaceEthnicity,Hispanic,412
2019-06,Bipolar Disorders,RaceEthnicity,"Multiple/Other, NH",419
2019-06,Bipolar Disorders,RaceEthnicity,"NHOPI, NH",271
2019-06,Bipolar Disorders,RaceEthnicity,"White, NH",756
2019-05,Bipolar Disorders,RaceEthnicity,"AI/AN, NH",579
2019-05,Bipolar Disorders,RaceEthnicity,All,613
2019-05,Bipolar Disorders,RaceEthnicity,"Asian, NH",234
2019-05,Bipolar Disorders,RaceEthnicity,"Black, NH",550
2019-05,Bipolar Disorders,RaceEthnicity,Hispanic,383
2019-05,Bipolar Disorders,RaceEthnicity,"Multiple/Other, NH",397
2019-05,Bipolar Disorders,RaceEthnicity,"NHOPI, NH",311
2019-05,Bipolar Disorders,RaceEthnicity,"White, NH",746
2019-04,Bipolar Disorders,RaceEthnicity,"AI/AN, NH",547
2019-04,Bipolar Disorders,RaceEthnicity,All,616
2019-04,Bipolar Disorders,RaceEthnicity,"Asian, NH",231
2019-04,Bipolar Disorders,RaceEthnicity,"Black, NH",567
2019-04,Bipolar Disorders,RaceEthnicity,Hispanic,377
2019-04,Bipolar Disorders,RaceEthnicity,"Multiple/Other, NH",399
2019-04,Bipolar Disorders,RaceEthnicity,"NHOPI, NH",181
2019-04,Bipolar Disorders,RaceEthnicity,"White, NH",746
2019-03,Bipolar Disorders,RaceEthnicity,"AI/AN, NH",531
2019-03,Bipolar Disorders,RaceEthnicity,All,584
2019-03,Bipolar Disorders,RaceEthnicity,"Asian, NH",231
2019-03,Bipolar Disorders,RaceEthnicity,"Black, NH",526
2019-03,Bipolar Disorders,RaceEthnicity,Hispanic,328
2019-03,Bipolar Disorders,RaceEthnicity,"Multiple/Other, NH",377
2019-03,Bipolar Disorders,RaceEthnicity,"NHOPI, NH",185
2019-03,Bipolar Disorders,RaceEthnicity,"White, NH",713
2019-02,Bipolar Disorders,RaceEthnicity,"AI/AN, NH",473
2019-02,Bipolar Disorders,RaceEthnicity,All,568
2019-02,Bipolar Disorders,RaceEthnicity,"Asian, NH",230
2019-02,Bipolar Disorders,RaceEthnicity,"Black, NH",520
2019-02,Bipolar Disorders,RaceEthnicity,Hispanic,321
2019-02,Bipolar Disorders,RaceEthnicity,"Multiple/Other, NH",361
2019-02,Bipolar Disorders,RaceEthnicity,"NHOPI, NH",177
2019-02,Bipolar Disorders,RaceEthnicity,"White, NH",697
2019-01,Bipolar Disorders,RaceEthnicity,"AI/AN, NH",427
2019-01,Bipolar Disorders,RaceEthnicity,All,557
2019-01,Bipolar Disorders,RaceEthnicity,"Asian, NH",204
2019-01,Bipolar Disorders,RaceEthnicity,"Black, NH",512
2019-01,Bipolar Disorders,RaceEthnicity,Hispanic,345
2019-01,Bipolar Disorders,RaceEthnicity,"Multiple/Other, NH",374
2019-01,Bipolar Disorders,RaceEthnicity,"NHOPI, NH",200
2019-01,Bipolar Disorders,RaceEthnicity,"White, NH",675
2025-12,Depressive Disorders,RaceEthnicity,"AI/AN, NH",1518
2025-12,Depressive Disorders,RaceEthnicity,All,1450
2025-12,Depressive Disorders,RaceEthnicity,"Asian, NH",834
2025-12,Depressive Disorders,RaceEthnicity,"Black, NH",932
2025-12,Depressive Disorders,RaceEthnicity,Hispanic,973
2025-12,Depressive Disorders,RaceEthnicity,"Multiple/Other, NH",979
2025-12,Depressive Disorders,RaceEthnicity,"NHOPI, NH",760
2025-12,Depressive Disorders,RaceEthnicity,"White, NH",1869
2025-11,Depressive Disorders,RaceEthnicity,"AI/AN, NH",1716
2025-11,Depressive Disorders,RaceEthnicity,All,1611
2025-11,Depressive Disorders,RaceEthnicity,"Asian, NH",918
2025-11,Depressive Disorders,RaceEthnicity,"Black, NH",1079
2025-11,Depressive Disorders,RaceEthnicity,Hispanic,1109
2025-11,Depressive Disorders,RaceEthnicity,"Multiple/Other, NH",1152
2025-11,Depressive Disorders,RaceEthnicity,"NHOPI, NH",784
2025-11,Depressive Disorders,RaceEthnicity,"White, NH",2025
2025-10,Depressive Disorders,RaceEthnicity,"AI/AN, NH",1689
2025-10,Depressive Disorders,RaceEthnicity,All,1622
2025-10,Depressive Disorders,RaceEthnicity,"Asian, NH",930
2025-10,Depressive Disorders,RaceEthnicity,"Black, NH",1081
2025-10,Depressive Disorders,RaceEthnicity,Hispanic,1107
2025-10,Depressive Disorders,RaceEthnicity,"Multiple/Other, NH",1156
2025-10,Depressive Disorders,RaceEthnicity,"NHOPI, NH",787
2025-10,Depressive Disorders,RaceEthnicity,"White, NH",2041
2025-09,Depressive Disorders,RaceEthnicity,"AI/AN, NH",1630
2025-09,Depressive Disorders,RaceEthnicity,All,1575
2025-09,Depressive Disorders,RaceEthnicity,"Asian, NH",887
2025-09,Depressive Disorders,RaceEthnicity,"Black, NH",1050
2025-09,Depressive Disorders,RaceEthnicity,Hispanic,1074
2025-09,Depressive Disorders,RaceEthnicity,"Multiple/Other, NH",1091
2025-09,Depressive Disorders,RaceEthnicity,"NHOPI, NH",732
2025-09,Depressive Disorders,RaceEthnicity,"White, NH",1985
2025-08,Depressive Disorders,RaceEthnicity,"AI/AN, NH",1532
2025-08,Depressive Disorders,RaceEthnicity,All,1548
2025-08,Depressive Disorders,RaceEthnicity,"Asian, NH",889
2025-08,Depressive Disorders,RaceEthnicity,"Black, NH",1022
2025-08,Depressive Disorders,RaceEthnicity,Hispanic,1057
2025-08,Depressive Disorders,RaceEthnicity,"Multiple/Other, NH",1042
2025-08,Depressive Disorders,RaceEthnicity,"NHOPI, NH",769
2025-08,Depressive Disorders,RaceEthnicity,"White, NH",1945
2025-07,Depressive Disorders,RaceEthnicity,"AI/AN, NH",1632
2025-07,Depressive Disorders,RaceEthnicity,All,1571
2025-07,Depressive Disorders,RaceEthnicity,"Asian, NH",816
2025-07,Depressive Disorders,RaceEthnicity,"Black, NH",1050
2025-07,Depressive Disorders,RaceEthnicity,Hispanic,1089
2025-07,Depressive Disorders,RaceEthnicity,"Multiple/Other, NH",1053
2025-07,Depressive Disorders,RaceEthnicity,"NHOPI, NH",729
2025-07,Depressive Disorders,RaceEthnicity,"White, NH",1957
2025-06,Depressive Disorders,RaceEthnicity,"AI/AN, NH",1616
2025-06,Depressive Disorders,RaceEthnicity,All,1571
2025-06,Depressive Disorders,RaceEthnicity,"Asian, NH",830
2025-06,Depressive Disorders,RaceEthnicity,"Black, NH",1044
2025-06,Depressive Disorders,RaceEthnicity,Hispanic,1085
2025-06,Depressive Disorders,RaceEthnicity,"Multiple/Other, NH",1096
2025-06,Depressive Disorders,RaceEthnicity,"NHOPI, NH",839
2025-06,Depressive Disorders,RaceEthnicity,"White, NH",1962
2025-05,Depressive Disorders,RaceEthnicity,"AI/AN, NH",1691
2025-05,Depressive Disorders,RaceEthnicity,All,1576
2025-05,Depressive Disorders,RaceEthnicity,"Asian, NH",933
2025-05,Depressive Disorders,RaceEthnicity,"Black, NH",1058
2025-05,Depressive Disorders,RaceEthnicity,Hispanic,1051
2025-05,Depressive Disorders,RaceEthnicity,"Multiple/Other, NH",1072
2025-05,Depressive Disorders,RaceEthnicity,"NHOPI, NH",819
2025-05,Depressive Disorders,RaceEthnicity,"White, NH",2003
2025-04,Depressive Disorders,RaceEthnicity,"AI/AN, NH",1648
2025-04,Depressive Disorders,RaceEthnicity,All,1594
2025-04,Depressive Disorders,RaceEthnicity,"Asian, NH",973
2025-04,Depressive Disorders,RaceEthnicity,"Black, NH",1057
2025-04,Depressive Disorders,RaceEthnicity,Hispanic,1063
2025-04,Depressive Disorders,RaceEthnicity,"Multiple/Other, NH",1076
2025-04,Depressive Disorders,RaceEthnicity,"NHOPI, NH",792
2025-04,Depressive Disorders,RaceEthnicity,"White, NH",2042
2025-03,Depressive Disorders,RaceEthnicity,"AI/AN, NH",1619
2025-03,Depressive Disorders,RaceEthnicity,All,1588
2025-03,Depressive Disorders,RaceEthnicity,"Asian, NH",951
2025-03,Depressive Disorders,RaceEthnicity,"Black, NH",1034
2025-03,Depressive Disorders,RaceEthnicity,Hispanic,1042
2025-03,Depressive Disorders,RaceEthnicity,"Multiple/Other, NH",1086
2025-03,Depressive Disorders,RaceEthnicity,"NHOPI, NH",719
2025-03,Depressive Disorders,RaceEthnicity,"White, NH",2042
2025-02,Depressive Disorders,RaceEthnicity,"AI/AN, NH",1521
2025-02,Depressive Disorders,RaceEthnicity,All,1514
2025-02,Depressive Disorders,RaceEthnicity,"Asian, NH",900
2025-02,Depressive Disorders,RaceEthnicity,"Black, NH",989
2025-02,Depressive Disorders,RaceEthnicity,Hispanic,991
2025-02,Depressive Disorders,RaceEthnicity,"Multiple/Other, NH",1062
2025-02,Depressive Disorders,RaceEthnicity,"NHOPI, NH",763
2025-02,Depressive Disorders,RaceEthnicity,"White, NH",1942
2025-01,Depressive Disorders,RaceEthnicity,"AI/AN, NH",1606
2025-01,Depressive Disorders,RaceEthnicity,All,1507
2025-01,Depressive Disorders,RaceEthnicity,"Asian, NH",831
2025-01,Depressive Disorders,RaceEthnicity,"Black, NH",976
2025-01,Depressive Disorders,RaceEthnicity,Hispanic,995
2025-01,Depressive Disorders,RaceEthnicity,"Multiple/Other, NH",997
2025-01,Depressive Disorders,RaceEthnicity,"NHOPI, NH",711
2025-01,Depressive Disorders,RaceEthnicity,"White, NH",1956
2024-12,Depressive Disorders,RaceEthnicity,"AI/AN, NH",1471
2024-12,Depressive Disorders,RaceEthnicity,All,1442
2024-12,Depressive Disorders,RaceEthnicity,"Asian, NH",789
2024-12,Depressive Disorders,RaceEthnicity,"Black, NH",976
2024-12,Depressive Disorders,RaceEthnicity,Hispanic,939
2024-12,Depressive Disorders,RaceEthnicity,"Multiple/Other, NH",937
2024-12,Depressive Disorders,RaceEthnicity,"NHOPI, NH",644
2024-12,Depressive Disorders,RaceEthnicity,"White, NH",1865
2024-11,Depressive Disorders,RaceEthnicity,"AI/AN, NH",1775
2024-11,Depressive Disorders,RaceEthnicity,All,1568
2024-11,Depressive Disorders,RaceEthnicity,"Asian, NH",967
2024-11,Depressive Disorders,RaceEthnicity,"Black, NH",1067
2024-11,Depressive Disorders,RaceEthnicity,Hispanic,1051
2024-11,Depressive Disorders,RaceEthnicity,"Multiple/Other, NH",1058
2024-11,Depressive Disorders,RaceEthnicity,"NHOPI, NH",784
2024-11,Depressive Disorders,RaceEthnicity,"White, NH",1998
2024-10,Depressive Disorders,RaceEthnicity,"AI/AN, NH",1785
2024-10,Depressive Disorders,RaceEthnicity,All,1581
2024-10,Depressive Disorders,RaceEthnicity,"Asian, NH",931
2024-10,Depressive Disorders,RaceEthnicity,"Black, NH",1063
2024-10,Depressive Disorders,RaceEthnicity,Hispanic,1079
2024-10,Depressive Disorders,RaceEthnicity,"Multiple/Other, NH",1041
2024-10,Depressive Disorders,RaceEthnicity,"NHOPI, NH",752
2024-10,Depressive Disorders,RaceEthnicity,"White, NH",2010
2024-09,Depressive Disorders,RaceEthnicity,"AI/AN, NH",1740
2024-09,Depressive Disorders,RaceEthnicity,All,1565
2024-09,Depressive Disorders,RaceEthnicity,"Asian, NH",920
2024-09,Depressive Disorders,RaceEthnicity,"Black, NH",1040
2024-09,Depressive Disorders,RaceEthnicity,Hispanic,1078
2024-09,Depressive Disorders,RaceEthnicity,"Multiple/Other, NH",1056
2024-09,Depressive Disorders,RaceEthnicity,"NHOPI, NH",850
2024-09,Depressive Disorders,RaceEthnicity,"White, NH",1982
2024-08,Depressive Disorders,RaceEthnicity,"AI/AN, NH",1698
2024-08,Depressive Disorders,RaceEthnicity,All,1545
2024-08,Depressive Disorders,RaceEthnicity,"Asian, NH",906
2024-08,Depressive Disorders,RaceEthnicity,"Black, NH",1022
2024-08,Depressive Disorders,RaceEthnicity,Hispanic,1070
2024-08,Depressive Disorders,RaceEthnicity,"Multiple/Other, NH",1021
2024-08,Depressive Disorders,RaceEthnicity,"NHOPI, NH",770
2024-08,Depressive Disorders,RaceEthnicity,"White, NH",1951
2024-07,Depressive Disorders,RaceEthnicity,"AI/AN, NH",1676
2024-07,Depressive Disorders,RaceEthnicity,All,1544
2024-07,Depressive Disorders,RaceEthnicity,"Asian, NH",868
2024-07,Depressive Disorders,RaceEthnicity,"Black, NH",1046
2024-07,Depressive Disorders,RaceEthnicity,Hispanic,1072
2024-07,Depressive Disorders,RaceEthnicity,"Multiple/Other, NH",1049
2024-07,Depressive Disorders,RaceEthnicity,"NHOPI, NH",822
2024-07,Depressive Disorders,RaceEthnicity,"White, NH",1937
2024-06,Depressive Disorders,RaceEthnicity,"AI/AN, NH",1711
2024-06,Depressive Disorders,RaceEthnicity,All,1534
2024-06,Depressive Disorders,RaceEthnicity,"Asian, NH",875
2024-06,Depressive Disorders,RaceEthnicity,"Black, NH",1046
2024-06,Depressive Disorders,RaceEthnicity,Hispanic,1045
2024-06,Depressive Disorders,RaceEthnicity,"Multiple/Other, NH",1024
2024-06,Depressive Disorders,RaceEthnicity,"NHOPI, NH",773
2024-06,Depressive Disorders,RaceEthnicity,"White, NH",1929
2024-05,Depressive Disorders,RaceEthnicity,"AI/AN, NH",1763
2024-05,Depressive Disorders,RaceEthnicity,All,1538
2024-05,Depressive Disorders,RaceEthnicity,"Asian, NH",887
2024-05,Depressive Disorders,RaceEthnicity,"Black, NH",1025
2024-05,Depressive Disorders,RaceEthnicity,Hispanic,1031
2024-05,Depressive Disorders,RaceEthnicity,"Multiple/Other, NH",1059
2024-05,Depressive Disorders,RaceEthnicity,"NHOPI, NH",756
2024-05,Depressive Disorders,RaceEthnicity,"White, NH",1956
2024-04,Depressive Disorders,RaceEthnicity,"AI/AN, NH",1786
2024-04,Depressive Disorders,RaceEthnicity,All,1575
2024-04,Depressive Disorders,RaceEthnicity,"Asian, NH",906
2024-04,Depressive Disorders,RaceEthnicity,"Black, NH",1050
2024-04,Depressive Disorders,RaceEthnicity,Hispanic,1049
2024-04,Depressive Disorders,RaceEthnicity,"Multiple/Other, NH",1106
2024-04,Depressive Disorders,RaceEthnicity,"NHOPI, NH",830
2024-04,Depressive Disorders,RaceEthnicity,"White, NH",2000
2024-03,Depressive Disorders,RaceEthnicity,"AI/AN, NH",1754
2024-03,Depressive Disorders,RaceEthnicity,All,1554
2024-03,Depressive Disorders,RaceEthnicity,"Asian, NH",887
2024-03,Depressive Disorders,RaceEthnicity,"Black, NH",1030
2024-03,Depressive Disorders,RaceEthnicity,Hispanic,1031
2024-03,Depressive Disorders,RaceEthnicity,"Multiple/Other, NH",1085
2024-03,Depressive Disorders,RaceEthnicity,"NHOPI, NH",854
2024-03,Depressive Disorders,RaceEthnicity,"White, NH",1976
2024-02,Depressive Disorders,RaceEthnicity,"AI/AN, NH",1806
2024-02,Depressive Disorders,RaceEthnicity,All,1560
2024-02,Depressive Disorders,RaceEthnicity,"Asian, NH",927
2024-02,Depressive Disorders,RaceEthnicity,"Black, NH",1021
2024-02,Depressive Disorders,RaceEthnicity,Hispanic,1057
2024-02,Depressive Disorders,RaceEthnicity,"Multiple/Other, NH",1089
2024-02,Depressive Disorders,RaceEthnicity,"NHOPI, NH",839
2024-02,Depressive Disorders,RaceEthnicity,"White, NH",1978
2024-01,Depressive Disorders,RaceEthnicity,"AI/AN, NH",1752
2024-01,Depressive Disorders,RaceEthnicity,All,1578
2024-01,Depressive Disorders,RaceEthnicity,"Asian, NH",938
2024-01,Depressive Disorders,RaceEthnicity,"Black, NH",1011
2024-01,Depressive Disorders,RaceEthnicity,Hispanic,1038
2024-01,Depressive Disorders,RaceEthnicity,"Multiple/Other, NH",1084
2024-01,Depressive Disorders,RaceEthnicity,"NHOPI, NH",938
2024-01,Depressive Disorders,RaceEthnicity,"White, NH",2020
2023-12,Depressive Disorders,RaceEthnicity,"AI/AN, NH",1578
2023-12,Depressive Disorders,RaceEthnicity,All,1436
2023-12,Depressive Disorders,RaceEthnicity,"Asian, NH",790
2023-12,Depressive Disorders,RaceEthnicity,"Black, NH",931
2023-12,Depressive Disorders,RaceEthnicity,Hispanic,929
2023-12,Depressive Disorders,RaceEthnicity,"Multiple/Other, NH",958
2023-12,Depressive Disorders,RaceEthnicity,"NHOPI, NH",823
2023-12,Depressive Disorders,RaceEthnicity,"White, NH",1856
2023-11,Depressive Disorders,RaceEthnicity,"AI/AN, NH",1740
2023-11,Depressive Disorders,RaceEthnicity,All,1541
2023-11,Depressive Disorders,RaceEthnicity,"Asian, NH",931
2023-11,Depressive Disorders,RaceEthnicity,"Black, NH",1004
2023-11,Depressive Disorders,RaceEthnicity,Hispanic,1000
2023-11,Depressive Disorders,RaceEthnicity,"Multiple/Other, NH",1082
2023-11,Depressive Disorders,RaceEthnicity,"NHOPI, NH",858
2023-11,Depressive Disorders,RaceEthnicity,"White, NH",1985
2023-10,Depressive Disorders,RaceEthnicity,"AI/AN, NH",1792
2023-10,Depressive Disorders,RaceEthnicity,All,1604
2023-10,Depressive Disorders,RaceEthnicity,"Asian, NH",948
2023-10,Depressive Disorders,RaceEthnicity,"Black, NH",1057
2023-10,Depressive Disorders,RaceEthnicity,Hispanic,1059
2023-10,Depressive Disorders,RaceEthnicity,"Multiple/Other, NH",1120
2023-10,Depressive Disorders,RaceEthnicity,"NHOPI, NH",913
2023-10,Depressive Disorders,RaceEthnicity,"White, NH",2056
2023-09,Depressive Disorders,RaceEthnicity,"AI/AN, NH",1733
2023-09,Depressive Disorders,RaceEthnicity,All,1566
2023-09,Depressive Disorders,RaceEthnicity,"Asian, NH",928
2023-09,Depressive Disorders,RaceEthnicity,"Black, NH",1052
2023-09,Depressive Disorders,RaceEthnicity,Hispanic,1034
2023-09,Depressive Disorders,RaceEthnicity,"Multiple/Other, NH",1103
2023-09,Depressive Disorders,RaceEthnicity,"NHOPI, NH",848
2023-09,Depressive Disorders,RaceEthnicity,"White, NH",2002
2023-08,Depressive Disorders,RaceEthnicity,"AI/AN, NH",1730
2023-08,Depressive Disorders,RaceEthnicity,All,1577
2023-08,Depressive Disorders,RaceEthnicity,"Asian, NH",948
2023-08,Depressive Disorders,RaceEthnicity,"Black, NH",1057
2023-08,Depressive Disorders,RaceEthnicity,Hispanic,1072
2023-08,Depressive Disorders,RaceEthnicity,"Multiple/Other, NH",1085
2023-08,Depressive Disorders,RaceEthnicity,"NHOPI, NH",909
2023-08,Depressive Disorders,RaceEthnicity,"White, NH",2002
2023-07,Depressive Disorders,RaceEthnicity,"AI/AN, NH",1778
2023-07,Depressive Disorders,RaceEthnicity,All,1590
2023-07,Depressive Disorders,RaceEthnicity,"Asian, NH",877
2023-07,Depressive Disorders,RaceEthnicity,"Black, NH",1087
2023-07,Depressive Disorders,RaceEthnicity,Hispanic,1079
2023-07,Depressive Disorders,RaceEthnicity,"Multiple/Other, NH",1062
2023-07,Depressive Disorders,RaceEthnicity,"NHOPI, NH",990
2023-07,Depressive Disorders,RaceEthnicity,"White, NH",2010
2023-06,Depressive Disorders,RaceEthnicity,"AI/AN, NH",1793
2023-06,Depressive Disorders,RaceEthnicity,All,1594
2023-06,Depressive Disorders,RaceEthnicity,"Asian, NH",891
2023-06,Depressive Disorders,RaceEthnicity,"Black, NH",1093
2023-06,Depressive Disorders,RaceEthnicity,Hispanic,1075
2023-06,Depressive Disorders,RaceEthnicity,"Multiple/Other, NH",1098
2023-06,Depressive Disorders,RaceEthnicity,"NHOPI, NH",1026
2023-06,Depressive Disorders,RaceEthnicity,"White, NH",2026
2023-05,Depressive Disorders,RaceEthnicity,"AI/AN, NH",1831
2023-05,Depressive Disorders,RaceEthnicity,All,1622
2023-05,Depressive Disorders,RaceEthnicity,"Asian, NH",970
2023-05,Depressive Disorders,RaceEthnicity,"Black, NH",1106
2023-05,Depressive Disorders,RaceEthnicity,Hispanic,1080
2023-05,Depressive Disorders,RaceEthnicity,"Multiple/Other, NH",1115
2023-05,Depressive Disorders,RaceEthnicity,"NHOPI, NH",985
2023-05,Depressive Disorders,RaceEthnicity,"White, NH",2077
2023-04,Depressive Disorders,RaceEthnicity,"AI/AN, NH",1861
2023-04,Depressive Disorders,RaceEthnicity,All,1682
2023-04,Depressive Disorders,RaceEthnicity,"Asian, NH",1024
2023-04,Depressive Disorders,RaceEthnicity,"Black, NH",1144
2023-04,Depressive Disorders,RaceEthnicity,Hispanic,1110
2023-04,Depressive Disorders,RaceEthnicity,"Multiple/Other, NH",1131
2023-04,Depressive Disorders,RaceEthnicity,"NHOPI, NH",1013
2023-04,Depressive Disorders,RaceEthnicity,"White, NH",2153
2023-03,Depressive Disorders,RaceEthnicity,"AI/AN, NH",1927
2023-03,Depressive Disorders,RaceEthnicity,All,1706
2023-03,Depressive Disorders,RaceEthnicity,"Asian, NH",1059
2023-03,Depressive Disorders,RaceEthnicity,"Black, NH",1163
2023-03,Depressive Disorders,RaceEthnicity,Hispanic,1174
2023-03,Depressive Disorders,RaceEthnicity,"Multiple/Other, NH",1163
2023-03,Depressive Disorders,RaceEthnicity,"NHOPI, NH",935
2023-03,Depressive Disorders,RaceEthnicity,"White, NH",2168
2023-02,Depressive Disorders,RaceEthnicity,"AI/AN, NH",1939
2023-02,Depressive Disorders,RaceEthnicity,All,1731
2023-02,Depressive Disorders,RaceEthnicity,"Asian, NH",1061
2023-02,Depressive Disorders,RaceEthnicity,"Black, NH",1177
2023-02,Depressive Disorders,RaceEthnicity,Hispanic,1207
2023-02,Depressive Disorders,RaceEthnicity,"Multiple/Other, NH",1199
2023-02,Depressive Disorders,RaceEthnicity,"NHOPI, NH",944
2023-02,Depressive Disorders,RaceEthnicity,"White, NH",2193
2023-01,Depressive Disorders,RaceEthnicity,"AI/AN, NH",1979
2023-01,Depressive Disorders,RaceEthnicity,All,1743
2023-01,Depressive Disorders,RaceEthnicity,"Asian, NH",1044
2023-01,Depressive Disorders,RaceEthnicity,"Black, NH",1175
2023-01,Depressive Disorders,RaceEthnicity,Hispanic,1220
2023-01,Depressive Disorders,RaceEthnicity,"Multiple/Other, NH",1221
2023-01,Depressive Disorders,RaceEthnicity,"NHOPI, NH",1134
2023-01,Depressive Disorders,RaceEthnicity,"White, NH",2208
2022-12,Depressive Disorders,RaceEthnicity,"AI/AN, NH",1668
2022-12,Depressive Disorders,RaceEthnicity,All,1555
2022-12,Depressive Disorders,RaceEthnicity,"Asian, NH",924
2022-12,Depressive Disorders,RaceEthnicity,"Black, NH",1063
2022-12,Depressive Disorders,RaceEthnicity,Hispanic,1038
2022-12,Depressive Disorders,RaceEthnicity,"Multiple/Other, NH",1016
2022-12,Depressive Disorders,RaceEthnicity,"NHOPI, NH",1010
2022-12,Depressive Disorders,RaceEthnicity,"White, NH",1986
2022-11,Depressive Disorders,RaceEthnicity,"AI/AN, NH",1762
2022-11,Depressive Disorders,RaceEthnicity,All,1507
2022-11,Depressive Disorders,RaceEthnicity,"Asian, NH",936
2022-11,Depressive Disorders,RaceEthnicity,"Black, NH",982
2022-11,Depressive Disorders,RaceEthnicity,Hispanic,995
2022-11,Depressive Disorders,RaceEthnicity,"Multiple/Other, NH",984
2022-11,Depressive Disorders,RaceEthnicity,"NHOPI, NH",818
2022-11,Depressive Disorders,RaceEthnicity,"White, NH",1969
2022-10,Depressive Disorders,RaceEthnicity,"AI/AN, NH",1890
2022-10,Depressive Disorders,RaceEthnicity,All,1582
2022-10,Depressive Disorders,RaceEthnicity,"Asian, NH",933
2022-10,Depressive Disorders,RaceEthnicity,"Black, NH",1051
2022-10,Depressive Disorders,RaceEthnicity,Hispanic,1104
2022-10,Depressive Disorders,RaceEthnicity,"Multiple/Other, NH",1071
2022-10,Depressive Disorders,RaceEthnicity,"NHOPI, NH",988
2022-10,Depressive Disorders,RaceEthnicity,"White, NH",2031
2022-09,Depressive Disorders,RaceEthnicity,"AI/AN, NH",1826
2022-09,Depressive Disorders,RaceEthnicity,All,1590
2022-09,Depressive Disorders,RaceEthnicity,"Asian, NH",999
2022-09,Depressive Disorders,RaceEthnicity,"Black, NH",1081
2022-09,Depressive Disorders,RaceEthnicity,Hispanic,1137
2022-09,Depressive Disorders,RaceEthnicity,"Multiple/Other, NH",1097
2022-09,Depressive Disorders,RaceEthnicity,"NHOPI, NH",1058
2022-09,Depressive Disorders,RaceEthnicity,"White, NH",2025
2022-08,Depressive Disorders,RaceEthnicity,"AI/AN, NH",1848
2022-08,Depressive Disorders,RaceEthnicity,All,1589
2022-08,Depressive Disorders,RaceEthnicity,"Asian, NH",950
2022-08,Depressive Disorders,RaceEthnicity,"Black, NH",1052
2022-08,Depressive Disorders,RaceEthnicity,Hispanic,1125
2022-08,Depressive Disorders,RaceEthnicity,"Multiple/Other, NH",1072
2022-08,Depressive Disorders,RaceEthnicity,"NHOPI, NH",1026
2022-08,Depressive Disorders,RaceEthnicity,"White, NH",2032
2022-07,Depressive Disorders,RaceEthnicity,"AI/AN, NH",1915
2022-07,Depressive Disorders,RaceEthnicity,All,1596
2022-07,Depressive Disorders,RaceEthnicity,"Asian, NH",834
2022-07,Depressive Disorders,RaceEthnicity,"Black, NH",1079
2022-07,Depressive Disorders,RaceEthnicity,Hispanic,1153
2022-07,Depressive Disorders,RaceEthnicity,"Multiple/Other, NH",1065
2022-07,Depressive Disorders,RaceEthnicity,"NHOPI, NH",911
2022-07,Depressive Disorders,RaceEthnicity,"White, NH",2024
2022-06,Depressive Disorders,RaceEthnicity,"AI/AN, NH",1997
2022-06,Depressive Disorders,RaceEthnicity,All,1619
2022-06,Depressive Disorders,RaceEthnicity,"Asian, NH",865
2022-06,Depressive Disorders,RaceEthnicity,"Black, NH",1104
2022-06,Depressive Disorders,RaceEthnicity,Hispanic,1161
2022-06,Depressive Disorders,RaceEthnicity,"Multiple/Other, NH",1089
2022-06,Depressive Disorders,RaceEthnicity,"NHOPI, NH",961
2022-06,Depressive Disorders,RaceEthnicity,"White, NH",2059
2022-05,Depressive Disorders,RaceEthnicity,"AI/AN, NH",2046
2022-05,Depressive Disorders,RaceEthnicity,All,1678
2022-05,Depressive Disorders,RaceEthnicity,"Asian, NH",897
2022-05,Depressive Disorders,RaceEthnicity,"Black, NH",1152
2022-05,Depressive Disorders,RaceEthnicity,Hispanic,1193
2022-05,Depressive Disorders,RaceEthnicity,"Multiple/Other, NH",1127
2022-05,Depressive Disorders,RaceEthnicity,"NHOPI, NH",1080
2022-05,Depressive Disorders,RaceEthnicity,"White, NH",2139
2022-04,Depressive Disorders,RaceEthnicity,"AI/AN, NH",2188
2022-04,Depressive Disorders,RaceEthnicity,All,1767
2022-04,Depressive Disorders,RaceEthnicity,"Asian, NH",1051
2022-04,Depressive Disorders,RaceEthnicity,"Black, NH",1196
2022-04,Depressive Disorders,RaceEthnicity,Hispanic,1245
2022-04,Depressive Disorders,RaceEthnicity,"Multiple/Other, NH",1193
2022-04,Depressive Disorders,RaceEthnicity,"NHOPI, NH",1235
2022-04,Depressive Disorders,RaceEthnicity,"White, NH",2250
2022-03,Depressive Disorders,RaceEthnicity,"AI/AN, NH",2208
2022-03,Depressive Disorders,RaceEthnicity,All,1860
2022-03,Depressive Disorders,RaceEthnicity,"Asian, NH",1097
2022-03,Depressive Disorders,RaceEthnicity,"Black, NH",1257
2022-03,Depressive Disorders,RaceEthnicity,Hispanic,1374
2022-03,Depressive Disorders,RaceEthnicity,"Multiple/Other, NH",1294
2022-03,Depressive Disorders,RaceEthnicity,"NHOPI, NH",1398
2022-03,Depressive Disorders,RaceEthnicity,"White, NH",2346
2022-02,Depressive Disorders,RaceEthnicity,"AI/AN, NH",2341
2022-02,Depressive Disorders,RaceEthnicity,All,1962
2022-02,Depressive Disorders,RaceEthnicity,"Asian, NH",1103
2022-02,Depressive Disorders,RaceEthnicity,"Black, NH",1359
2022-02,Depressive Disorders,RaceEthnicity,Hispanic,1462
2022-02,Depressive Disorders,RaceEthnicity,"Multiple/Other, NH",1367
2022-02,Depressive Disorders,RaceEthnicity,"NHOPI, NH",1314
2022-02,Depressive Disorders,RaceEthnicity,"White, NH",2433
2022-01,Depressive Disorders,RaceEthnicity,"AI/AN, NH",2063
2022-01,Depressive Disorders,RaceEthnicity,All,1689
2022-01,Depressive Disorders,RaceEthnicity,"Asian, NH",894
2022-01,Depressive Disorders,RaceEthnicity,"Black, NH",1111
2022-01,Depressive Disorders,RaceEthnicity,Hispanic,1223
2022-01,Depressive Disorders,RaceEthnicity,"Multiple/Other, NH",1090
2022-01,Depressive Disorders,RaceEthnicity,"NHOPI, NH",936
2022-01,Depressive Disorders,RaceEthnicity,"White, NH",2158
2021-12,Depressive Disorders,RaceEthnicity,"AI/AN, NH",2084
2021-12,Depressive Disorders,RaceEthnicity,All,1601
2021-12,Depressive Disorders,RaceEthnicity,"Asian, NH",945
2021-12,Depressive Disorders,RaceEthnicity,"Black, NH",1015
2021-12,Depressive Disorders,RaceEthnicity,Hispanic,1169
2021-12,Depressive Disorders,RaceEthnicity,"Multiple/Other, NH",1015
2021-12,Depressive Disorders,RaceEthnicity,"NHOPI, NH",1236
2021-12,Depressive Disorders,RaceEthnicity,"White, NH",2079
2021-11,Depressive Disorders,RaceEthnicity,"AI/AN, NH",2187
2021-11,Depressive Disorders,RaceEthnicity,All,1751
2021-11,Depressive Disorders,RaceEthnicity,"Asian, NH",1039
2021-11,Depressive Disorders,RaceEthnicity,"Black, NH",1185
2021-11,Depressive Disorders,RaceEthnicity,Hispanic,1339
2021-11,Depressive Disorders,RaceEthnicity,"Multiple/Other, NH",1153
2021-11,Depressive Disorders,RaceEthnicity,"NHOPI, NH",1057
2021-11,Depressive Disorders,RaceEthnicity,"White, NH",2188
2021-10,Depressive Disorders,RaceEthnicity,"AI/AN, NH",2197
2021-10,Depressive Disorders,RaceEthnicity,All,1797
2021-10,Depressive Disorders,RaceEthnicity,"Asian, NH",1086
2021-10,Depressive Disorders,RaceEthnicity,"Black, NH",1213
2021-10,Depressive Disorders,RaceEthnicity,Hispanic,1410
2021-10,Depressive Disorders,RaceEthnicity,"Multiple/Other, NH",1169
2021-10,Depressive Disorders,RaceEthnicity,"NHOPI, NH",1397
2021-10,Depressive Disorders,RaceEthnicity,"White, NH",2249
2021-09,Depressive Disorders,RaceEthnicity,"AI/AN, NH",2186
2021-09,Depressive Disorders,RaceEthnicity,All,1782
2021-09,Depressive Disorders,RaceEthnicity,"Asian, NH",1027
2021-09,Depressive Disorders,RaceEthnicity,"Black, NH",1148
2021-09,Depressive Disorders,RaceEthnicity,Hispanic,1342
2021-09,Depressive Disorders,RaceEthnicity,"Multiple/Other, NH",1138
2021-09,Depressive Disorders,RaceEthnicity,"NHOPI, NH",1351
2021-09,Depressive Disorders,RaceEthnicity,"White, NH",2274
2021-08,Depressive Disorders,RaceEthnicity,"AI/AN, NH",1960
2021-08,Depressive Disorders,RaceEthnicity,All,1669
2021-08,Depressive Disorders,RaceEthnicity,"Asian, NH",900
2021-08,Depressive Disorders,RaceEthnicity,"Black, NH",1064
2021-08,Depressive Disorders,RaceEthnicity,Hispanic,1237
2021-08,Depressive Disorders,RaceEthnicity,"Multiple/Other, NH",1198
2021-08,Depressive Disorders,RaceEthnicity,"NHOPI, NH",1129
2021-08,Depressive Disorders,RaceEthnicity,"White, NH",2138
2021-07,Depressive Disorders,RaceEthnicity,"AI/AN, NH",2250
2021-07,Depressive Disorders,RaceEthnicity,All,1775
2021-07,Depressive Disorders,RaceEthnicity,"Asian, NH",938
2021-07,Depressive Disorders,RaceEthnicity,"Black, NH",1141
2021-07,Depressive Disorders,RaceEthnicity,Hispanic,1330
2021-07,Depressive Disorders,RaceEthnicity,"Multiple/Other, NH",1327
2021-07,Depressive Disorders,RaceEthnicity,"NHOPI, NH",1266
2021-07,Depressive Disorders,RaceEthnicity,"White, NH",2251
2021-06,Depressive Disorders,RaceEthnicity,"AI/AN, NH",2270
2021-06,Depressive Disorders,RaceEthnicity,All,1903
2021-06,Depressive Disorders,RaceEthnicity,"Asian, NH",1081
2021-06,Depressive Disorders,RaceEthnicity,"Black, NH",1240
2021-06,Depressive Disorders,RaceEthnicity,Hispanic,1502
2021-06,Depressive Disorders,RaceEthnicity,"Multiple/Other, NH",1479
2021-06,Depressive Disorders,RaceEthnicity,"NHOPI, NH",1273
2021-06,Depressive Disorders,RaceEthnicity,"White, NH",2375
2021-05,Depressive Disorders,RaceEthnicity,"AI/AN, NH",2327
2021-05,Depressive Disorders,RaceEthnicity,All,1989
2021-05,Depressive Disorders,RaceEthnicity,"Asian, NH",1077
2021-05,Depressive Disorders,RaceEthnicity,"Black, NH",1288
2021-05,Depressive Disorders,RaceEthnicity,Hispanic,1576
2021-05,Depressive Disorders,RaceEthnicity,"Multiple/Other, NH",1506
2021-05,Depressive Disorders,RaceEthnicity,"NHOPI, NH",1389
2021-05,Depressive Disorders,RaceEthnicity,"White, NH",2480
2021-04,Depressive Disorders,RaceEthnicity,"AI/AN, NH",2347
2021-04,Depressive Disorders,RaceEthnicity,All,2030
2021-04,Depressive Disorders,RaceEthnicity,"Asian, NH",1178
2021-04,Depressive Disorders,RaceEthnicity,"Black, NH",1323
2021-04,Depressive Disorders,RaceEthnicity,Hispanic,1620
2021-04,Depressive Disorders,RaceEthnicity,"Multiple/Other, NH",1519
2021-04,Depressive Disorders,RaceEthnicity,"NHOPI, NH",1221
2021-04,Depressive Disorders,RaceEthnicity,"White, NH",2527
2021-03,Depressive Disorders,RaceEthnicity,"AI/AN, NH",2670
2021-03,Depressive Disorders,RaceEthnicity,All,2227
2021-03,Depressive Disorders,RaceEthnicity,"Asian, NH",1357
2021-03,Depressive Disorders,RaceEthnicity,"Black, NH",1457
2021-03,Depressive Disorders,RaceEthnicity,Hispanic,1839
2021-03,Depressive Disorders,RaceEthnicity,"Multiple/Other, NH",1633
2021-03,Depressive Disorders,RaceEthnicity,"NHOPI, NH",1611
2021-03,Depressive Disorders,RaceEthnicity,"White, NH",2756
2021-02,Depressive Disorders,RaceEthnicity,"AI/AN, NH",2929
2021-02,Depressive Disorders,RaceEthnicity,All,2327
2021-02,Depressive Disorders,RaceEthnicity,"Asian, NH",1312
2021-02,Depressive Disorders,RaceEthnicity,"Black, NH",1554
2021-02,Depressive Disorders,RaceEthnicity,Hispanic,1964
2021-02,Depressive Disorders,RaceEthnicity,"Multiple/Other, NH",1668
2021-02,Depressive Disorders,RaceEthnicity,"NHOPI, NH",1910
2021-02,Depressive Disorders,RaceEthnicity,"White, NH",2861
2021-01,Depressive Disorders,RaceEthnicity,"AI/AN, NH",2880
2021-01,Depressive Disorders,RaceEthnicity,All,2260
2021-01,Depressive Disorders,RaceEthnicity,"Asian, NH",1368
2021-01,Depressive Disorders,RaceEthnicity,"Black, NH",1521
2021-01,Depressive Disorders,RaceEthnicity,Hispanic,1937
2021-01,Depressive Disorders,RaceEthnicity,"Multiple/Other, NH",1706
2021-01,Depressive Disorders,RaceEthnicity,"NHOPI, NH",1615
2021-01,Depressive Disorders,RaceEthnicity,"White, NH",2820
2020-12,Depressive Disorders,RaceEthnicity,"AI/AN, NH",2864
2020-12,Depressive Disorders,RaceEthnicity,All,2236
2020-12,Depressive Disorders,RaceEthnicity,"Asian, NH",1318
2020-12,Depressive Disorders,RaceEthnicity,"Black, NH",1557
2020-12,Depressive Disorders,RaceEthnicity,Hispanic,1894
2020-12,Depressive Disorders,RaceEthnicity,"Multiple/Other, NH",1670
2020-12,Depressive Disorders,RaceEthnicity,"NHOPI, NH",1743
2020-12,Depressive Disorders,RaceEthnicity,"White, NH",2796
2020-11,Depressive Disorders,RaceEthnicity,"AI/AN, NH",2834
2020-11,Depressive Disorders,RaceEthnicity,All,2293
2020-11,Depressive Disorders,RaceEthnicity,"Asian, NH",1413
2020-11,Depressive Disorders,RaceEthnicity,"Black, NH",1566
2020-11,Depressive Disorders,RaceEthnicity,Hispanic,1909
2020-11,Depressive Disorders,RaceEthnicity,"Multiple/Other, NH",1770
2020-11,Depressive Disorders,RaceEthnicity,"NHOPI, NH",1779
2020-11,Depressive Disorders,RaceEthnicity,"White, NH",2881
2020-10,Depressive Disorders,RaceEthnicity,"AI/AN, NH",2920
2020-10,Depressive Disorders,RaceEthnicity,All,2436
2020-10,Depressive Disorders,RaceEthnicity,"Asian, NH",1479
2020-10,Depressive Disorders,RaceEthnicity,"Black, NH",1714
2020-10,Depressive Disorders,RaceEthnicity,Hispanic,2038
2020-10,Depressive Disorders,RaceEthnicity,"Multiple/Other, NH",1800
2020-10,Depressive Disorders,RaceEthnicity,"NHOPI, NH",1825
2020-10,Depressive Disorders,RaceEthnicity,"White, NH",3076
2020-09,Depressive Disorders,RaceEthnicity,"AI/AN, NH",2802
2020-09,Depressive Disorders,RaceEthnicity,All,2504
2020-09,Depressive Disorders,RaceEthnicity,"Asian, NH",1487
2020-09,Depressive Disorders,RaceEthnicity,"Black, NH",1777
2020-09,Depressive Disorders,RaceEthnicity,Hispanic,2109
2020-09,Depressive Disorders,RaceEthnicity,"Multiple/Other, NH",1812
2020-09,Depressive Disorders,RaceEthnicity,"NHOPI, NH",1993
2020-09,Depressive Disorders,RaceEthnicity,"White, NH",3159
2020-08,Depressive Disorders,RaceEthnicity,"AI/AN, NH",2544
2020-08,Depressive Disorders,RaceEthnicity,All,2485
2020-08,Depressive Disorders,RaceEthnicity,"Asian, NH",1356
2020-08,Depressive Disorders,RaceEthnicity,"Black, NH",1767
2020-08,Depressive Disorders,RaceEthnicity,Hispanic,2006
2020-08,Depressive Disorders,RaceEthnicity,"Multiple/Other, NH",1759
2020-08,Depressive Disorders,RaceEthnicity,"NHOPI, NH",1710
2020-08,Depressive Disorders,RaceEthnicity,"White, NH",3147
2020-07,Depressive Disorders,RaceEthnicity,"AI/AN, NH",2577
2020-07,Depressive Disorders,RaceEthnicity,All,2418
2020-07,Depressive Disorders,RaceEthnicity,"Asian, NH",1340
2020-07,Depressive Disorders,RaceEthnicity,"Black, NH",1702
2020-07,Depressive Disorders,RaceEthnicity,Hispanic,1853
2020-07,Depressive Disorders,RaceEthnicity,"Multiple/Other, NH",1709
2020-07,Depressive Disorders,RaceEthnicity,"NHOPI, NH",1550
2020-07,Depressive Disorders,RaceEthnicity,"White, NH",3094
2020-06,Depressive Disorders,RaceEthnicity,"AI/AN, NH",2718
2020-06,Depressive Disorders,RaceEthnicity,All,2481
2020-06,Depressive Disorders,RaceEthnicity,"Asian, NH",1378
2020-06,Depressive Disorders,RaceEthnicity,"Black, NH",1744
2020-06,Depressive Disorders,RaceEthnicity,Hispanic,1914
2020-06,Depressive Disorders,RaceEthnicity,"Multiple/Other, NH",1752
2020-06,Depressive Disorders,RaceEthnicity,"NHOPI, NH",1720
2020-06,Depressive Disorders,RaceEthnicity,"White, NH",3115
2020-05,Depressive Disorders,RaceEthnicity,"AI/AN, NH",2722
2020-05,Depressive Disorders,RaceEthnicity,All,2630
2020-05,Depressive Disorders,RaceEthnicity,"Asian, NH",1355
2020-05,Depressive Disorders,RaceEthnicity,"Black, NH",1855
2020-05,Depressive Disorders,RaceEthnicity,Hispanic,2070
2020-05,Depressive Disorders,RaceEthnicity,"Multiple/Other, NH",1736
2020-05,Depressive Disorders,RaceEthnicity,"NHOPI, NH",2051
2020-05,Depressive Disorders,RaceEthnicity,"White, NH",3253
2020-04,Depressive Disorders,RaceEthnicity,"AI/AN, NH",2636
2020-04,Depressive Disorders,RaceEthnicity,All,2583
2020-04,Depressive Disorders,RaceEthnicity,"Asian, NH",1271
2020-04,Depressive Disorders,RaceEthnicity,"Black, NH",1814
2020-04,Depressive Disorders,RaceEthnicity,Hispanic,1971
2020-04,Depressive Disorders,RaceEthnicity,"Multiple/Other, NH",1689
2020-04,Depressive Disorders,RaceEthnicity,"NHOPI, NH",1892
2020-04,Depressive Disorders,RaceEthnicity,"White, NH",3263
2020-03,Depressive Disorders,RaceEthnicity,"AI/AN, NH",2335
2020-03,Depressive Disorders,RaceEthnicity,All,2191
2020-03,Depressive Disorders,RaceEthnicity,"Asian, NH",1116
2020-03,Depressive Disorders,RaceEthnicity,"Black, NH",1485
2020-03,Depressive Disorders,RaceEthnicity,Hispanic,1593
2020-03,Depressive Disorders,RaceEthnicity,"Multiple/Other, NH",1439
2020-03,Depressive Disorders,RaceEthnicity,"NHOPI, NH",1222
2020-03,Depressive Disorders,RaceEthnicity,"White, NH",2870
2020-02,Depressive Disorders,RaceEthnicity,"AI/AN, NH",2220
2020-02,Depressive Disorders,RaceEthnicity,All,2172
2020-02,Depressive Disorders,RaceEthnicity,"Asian, NH",1185
2020-02,Depressive Disorders,RaceEthnicity,"Black, NH",1463
2020-02,Depressive Disorders,RaceEthnicity,Hispanic,1565
2020-02,Depressive Disorders,RaceEthnicity,"Multiple/Other, NH",1474
2020-02,Depressive Disorders,RaceEthnicity,"NHOPI, NH",1268
2020-02,Depressive Disorders,RaceEthnicity,"White, NH",2806
2020-01,Depressive Disorders,RaceEthnicity,"AI/AN, NH",2123
2020-01,Depressive Disorders,RaceEthnicity,All,2117
2020-01,Depressive Disorders,RaceEthnicity,"Asian, NH",1092
2020-01,Depressive Disorders,RaceEthnicity,"Black, NH",1439
2020-01,Depressive Disorders,RaceEthnicity,Hispanic,1514
2020-01,Depressive Disorders,RaceEthnicity,"Multiple/Other, NH",1456
2020-01,Depressive Disorders,RaceEthnicity,"NHOPI, NH",1234
2020-01,Depressive Disorders,RaceEthnicity,"White, NH",2774
2019-12,Depressive Disorders,RaceEthnicity,"AI/AN, NH",2104
2019-12,Depressive Disorders,RaceEthnicity,All,2041
2019-12,Depressive Disorders,RaceEthnicity,"Asian, NH",1116
2019-12,Depressive Disorders,RaceEthnicity,"Black, NH",1409
2019-12,Depressive Disorders,RaceEthnicity,Hispanic,1541
2019-12,Depressive Disorders,RaceEthnicity,"Multiple/Other, NH",1326
2019-12,Depressive Disorders,RaceEthnicity,"NHOPI, NH",1306
2019-12,Depressive Disorders,RaceEthnicity,"White, NH",2654
2019-11,Depressive Disorders,RaceEthnicity,"AI/AN, NH",2328
2019-11,Depressive Disorders,RaceEthnicity,All,2141
2019-11,Depressive Disorders,RaceEthnicity,"Asian, NH",1240
2019-11,Depressive Disorders,RaceEthnicity,"Black, NH",1498
2019-11,Depressive Disorders,RaceEthnicity,Hispanic,1618
2019-11,Depressive Disorders,RaceEthnicity,"Multiple/Other, NH",1473
2019-11,Depressive Disorders,RaceEthnicity,"NHOPI, NH",1381
2019-11,Depressive Disorders,RaceEthnicity,"White, NH",2732
2019-10,Depressive Disorders,RaceEthnicity,"AI/AN, NH",2334
2019-10,Depressive Disorders,RaceEthnicity,All,2212
2019-10,Depressive Disorders,RaceEthnicity,"Asian, NH",1252
2019-10,Depressive Disorders,RaceEthnicity,"Black, NH",1538
2019-10,Depressive Disorders,RaceEthnicity,Hispanic,1695
2019-10,Depressive Disorders,RaceEthnicity,"Multiple/Other, NH",1592
2019-10,Depressive Disorders,RaceEthnicity,"NHOPI, NH",1449
2019-10,Depressive Disorders,RaceEthnicity,"White, NH",2831
2019-09,Depressive Disorders,RaceEthnicity,"AI/AN, NH",2324
2019-09,Depressive Disorders,RaceEthnicity,All,2179
2019-09,Depressive Disorders,RaceEthnicity,"Asian, NH",1150
2019-09,Depressive Disorders,RaceEthnicity,"Black, NH",1538
2019-09,Depressive Disorders,RaceEthnicity,Hispanic,1652
2019-09,Depressive Disorders,RaceEthnicity,"Multiple/Other, NH",1506
2019-09,Depressive Disorders,RaceEthnicity,"NHOPI, NH",1338
2019-09,Depressive Disorders,RaceEthnicity,"White, NH",2786
2019-08,Depressive Disorders,RaceEthnicity,"AI/AN, NH",2198
2019-08,Depressive Disorders,RaceEthnicity,All,2182
2019-08,Depressive Disorders,RaceEthnicity,"Asian, NH",1075
2019-08,Depressive Disorders,RaceEthnicity,"Black, NH",1549
2019-08,Depressive Disorders,RaceEthnicity,Hispanic,1653
2019-08,Depressive Disorders,RaceEthnicity,"Multiple/Other, NH",1555
2019-08,Depressive Disorders,RaceEthnicity,"NHOPI, NH",1214
2019-08,Depressive Disorders,RaceEthnicity,"White, NH",2759
2019-07,Depressive Disorders,RaceEthnicity,"AI/AN, NH",2200
2019-07,Depressive Disorders,RaceEthnicity,All,2125
2019-07,Depressive Disorders,RaceEthnicity,"Asian, NH",1070
2019-07,Depressive Disorders,RaceEthnicity,"Black, NH",1544
2019-07,Depressive Disorders,RaceEthnicity,Hispanic,1629
2019-07,Depressive Disorders,RaceEthnicity,"Multiple/Other, NH",1513
2019-07,Depressive Disorders,RaceEthnicity,"NHOPI, NH",1413
2019-07,Depressive Disorders,RaceEthnicity,"White, NH",2686
2019-06,Depressive Disorders,RaceEthnicity,"AI/AN, NH",2428
2019-06,Depressive Disorders,RaceEthnicity,All,2072
2019-06,Depressive Disorders,RaceEthnicity,"Asian, NH",1175
2019-06,Depressive Disorders,RaceEthnicity,"Black, NH",1490
2019-06,Depressive Disorders,RaceEthnicity,Hispanic,1628
2019-06,Depressive Disorders,RaceEthnicity,"Multiple/Other, NH",1442
2019-06,Depressive Disorders,RaceEthnicity,"NHOPI, NH",1243
2019-06,Depressive Disorders,RaceEthnicity,"White, NH",2618
2019-05,Depressive Disorders,RaceEthnicity,"AI/AN, NH",2347
2019-05,Depressive Disorders,RaceEthnicity,All,2103
2019-05,Depressive Disorders,RaceEthnicity,"Asian, NH",1127
2019-05,Depressive Disorders,RaceEthnicity,"Black, NH",1471
2019-05,Depressive Disorders,RaceEthnicity,Hispanic,1625
2019-05,Depressive Disorders,RaceEthnicity,"Multiple/Other, NH",1471
2019-05,Depressive Disorders,RaceEthnicity,"NHOPI, NH",1171
2019-05,Depressive Disorders,RaceEthnicity,"White, NH",2693
2019-04,Depressive Disorders,RaceEthnicity,"AI/AN, NH",2433
2019-04,Depressive Disorders,RaceEthnicity,All,2091
2019-04,Depressive Disorders,RaceEthnicity,"Asian, NH",1153
2019-04,Depressive Disorders,RaceEthnicity,"Black, NH",1481
2019-04,Depressive Disorders,RaceEthnicity,Hispanic,1573
2019-04,Depressive Disorders,RaceEthnicity,"Multiple/Other, NH",1467
2019-04,Depressive Disorders,RaceEthnicity,"NHOPI, NH",1322
2019-04,Depressive Disorders,RaceEthnicity,"White, NH",2681
2019-03,Depressive Disorders,RaceEthnicity,"AI/AN, NH",2207
2019-03,Depressive Disorders,RaceEthnicity,All,2013
2019-03,Depressive Disorders,RaceEthnicity,"Asian, NH",1058
2019-03,Depressive Disorders,RaceEthnicity,"Black, NH",1400
2019-03,Depressive Disorders,RaceEthnicity,Hispanic,1475
2019-03,Depressive Disorders,RaceEthnicity,"Multiple/Other, NH",1460
2019-03,Depressive Disorders,RaceEthnicity,"NHOPI, NH",1046
2019-03,Depressive Disorders,RaceEthnicity,"White, NH",2577
2019-02,Depressive Disorders,RaceEthnicity,"AI/AN, NH",2214
2019-02,Depressive Disorders,RaceEthnicity,All,1975
2019-02,Depressive Disorders,RaceEthnicity,"Asian, NH",1204
2019-02,Depressive Disorders,RaceEthnicity,"Black, NH",1393
2019-02,Depressive Disorders,RaceEthnicity,Hispanic,1476
2019-02,Depressive Disorders,RaceEthnicity,"Multiple/Other, NH",1417
2019-02,Depressive Disorders,RaceEthnicity,"NHOPI, NH",1083
2019-02,Depressive Disorders,RaceEthnicity,"White, NH",2528
2019-01,Depressive Disorders,RaceEthnicity,"AI/AN, NH",2187
2019-01,Depressive Disorders,RaceEthnicity,All,1892
2019-01,Depressive Disorders,RaceEthnicity,"Asian, NH",1103
2019-01,Depressive Disorders,RaceEthnicity,"Black, NH",1345
2019-01,Depressive Disorders,RaceEthnicity,Hispanic,1421
2019-01,Depressive Disorders,RaceEthnicity,"Multiple/Other, NH",1393
2019-01,Depressive Disorders,RaceEthnicity,"NHOPI, NH",1064
2019-01,Depressive Disorders,RaceEthnicity,"White, NH",2404
2025-12,Schizophrenia Spectrum Disorders,RaceEthnicity,"AI/AN, NH",376
2025-12,Schizophrenia Spectrum Disorders,RaceEthnicity,All,373
2025-12,Schizophrenia Spectrum Disorders,RaceEthnicity,"Asian, NH",275
2025-12,Schizophrenia Spectrum Disorders,RaceEthnicity,"Black, NH",655
2025-12,Schizophrenia Spectrum Disorders,RaceEthnicity,Hispanic,260
2025-12,Schizophrenia Spectrum Disorders,RaceEthnicity,"Multiple/Other, NH",312
2025-12,Schizophrenia Spectrum Disorders,RaceEthnicity,"NHOPI, NH",326
2025-12,Schizophrenia Spectrum Disorders,RaceEthnicity,"White, NH",302
2025-11,Schizophrenia Spectrum Disorders,RaceEthnicity,"AI/AN, NH",440
2025-11,Schizophrenia Spectrum Disorders,RaceEthnicity,All,413
2025-11,Schizophrenia Spectrum Disorders,RaceEthnicity,"Asian, NH",285
2025-11,Schizophrenia Spectrum Disorders,RaceEthnicity,"Black, NH",733
2025-11,Schizophrenia Spectrum Disorders,RaceEthnicity,Hispanic,285
2025-11,Schizophrenia Spectrum Disorders,RaceEthnicity,"Multiple/Other, NH",359
2025-11,Schizophrenia Spectrum Disorders,RaceEthnicity,"NHOPI, NH",340
2025-11,Schizophrenia Spectrum Disorders,RaceEthnicity,"White, NH",328
2025-10,Schizophrenia Spectrum Disorders,RaceEthnicity,"AI/AN, NH",422
2025-10,Schizophrenia Spectrum Disorders,RaceEthnicity,All,419
2025-10,Schizophrenia Spectrum Disorders,RaceEthnicity,"Asian, NH",301
2025-10,Schizophrenia Spectrum Disorders,RaceEthnicity,"Black, NH",723
2025-10,Schizophrenia Spectrum Disorders,RaceEthnicity,Hispanic,284
2025-10,Schizophrenia Spectrum Disorders,RaceEthnicity,"Multiple/Other, NH",362
2025-10,Schizophrenia Spectrum Disorders,RaceEthnicity,"NHOPI, NH",404
2025-10,Schizophrenia Spectrum Disorders,RaceEthnicity,"White, NH",339
2025-09,Schizophrenia Spectrum Disorders,RaceEthnicity,"AI/AN, NH",417
2025-09,Schizophrenia Spectrum Disorders,RaceEthnicity,All,407
2025-09,Schizophrenia Spectrum Disorders,RaceEthnicity,"Asian, NH",333
2025-09,Schizophrenia Spectrum Disorders,RaceEthnicity,"Black, NH",692
2025-09,Schizophrenia Spectrum Disorders,RaceEthnicity,Hispanic,278
2025-09,Schizophrenia Spectrum Disorders,RaceEthnicity,"Multiple/Other, NH",354
2025-09,Schizophrenia Spectrum Disorders,RaceEthnicity,"NHOPI, NH",362
2025-09,Schizophrenia Spectrum Disorders,RaceEthnicity,"White, NH",329
2025-08,Schizophrenia Spectrum Disorders,RaceEthnicity,"AI/AN, NH",433
2025-08,Schizophrenia Spectrum Disorders,RaceEthnicity,All,414
2025-08,Schizophrenia Spectrum Disorders,RaceEthnicity,"Asian, NH",292
2025-08,Schizophrenia Spectrum Disorders,RaceEthnicity,"Black, NH",723
2025-08,Schizophrenia Spectrum Disorders,RaceEthnicity,Hispanic,287
2025-08,Schizophrenia Spectrum Disorders,RaceEthnicity,"Multiple/Other, NH",353
2025-08,Schizophrenia Spectrum Disorders,RaceEthnicity,"NHOPI, NH",405
2025-08,Schizophrenia Spectrum Disorders,RaceEthnicity,"White, NH",332
2025-07,Schizophrenia Spectrum Disorders,RaceEthnicity,"AI/AN, NH",444
2025-07,Schizophrenia Spectrum Disorders,RaceEthnicity,All,424
2025-07,Schizophrenia Spectrum Disorders,RaceEthnicity,"Asian, NH",307
2025-07,Schizophrenia Spectrum Disorders,RaceEthnicity,"Black, NH",741
2025-07,Schizophrenia Spectrum Disorders,RaceEthnicity,Hispanic,303
2025-07,Schizophrenia Spectrum Disorders,RaceEthnicity,"Multiple/Other, NH",360
2025-07,Schizophrenia Spectrum Disorders,RaceEthnicity,"NHOPI, NH",352
2025-07,Schizophrenia Spectrum Disorders,RaceEthnicity,"White, NH",339
2025-06,Schizophrenia Spectrum Disorders,RaceEthnicity,"AI/AN, NH",438
2025-06,Schizophrenia Spectrum Disorders,RaceEthnicity,All,425
2025-06,Schizophrenia Spectrum Disorders,RaceEthnicity,"Asian, NH",314
2025-06,Schizophrenia Spectrum Disorders,RaceEthnicity,"Black, NH",746
2025-06,Schizophrenia Spectrum Disorders,RaceEthnicity,Hispanic,294
2025-06,Schizophrenia Spectrum Disorders,RaceEthnicity,"Multiple/Other, NH",379
2025-06,Schizophrenia Spectrum Disorders,RaceEthnicity,"NHOPI, NH",320
2025-06,Schizophrenia Spectrum Disorders,RaceEthnicity,"White, NH",338
2025-05,Schizophrenia Spectrum Disorders,RaceEthnicity,"AI/AN, NH",405
2025-05,Schizophrenia Spectrum Disorders,RaceEthnicity,All,417
2025-05,Schizophrenia Spectrum Disorders,RaceEthnicity,"Asian, NH",313
2025-05,Schizophrenia Spectrum Disorders,RaceEthnicity,"Black, NH",729
2025-05,Schizophrenia Spectrum Disorders,RaceEthnicity,Hispanic,275
2025-05,Schizophrenia Spectrum Disorders,RaceEthnicity,"Multiple/Other, NH",347
2025-05,Schizophrenia Spectrum Disorders,RaceEthnicity,"NHOPI, NH",433
2025-05,Schizophrenia Spectrum Disorders,RaceEthnicity,"White, NH",340
2025-04,Schizophrenia Spectrum Disorders,RaceEthnicity,"AI/AN, NH",433
2025-04,Schizophrenia Spectrum Disorders,RaceEthnicity,All,421
2025-04,Schizophrenia Spectrum Disorders,RaceEthnicity,"Asian, NH",313
2025-04,Schizophrenia Spectrum Disorders,RaceEthnicity,"Black, NH",740
2025-04,Schizophrenia Spectrum Disorders,RaceEthnicity,Hispanic,267
2025-04,Schizophrenia Spectrum Disorders,RaceEthnicity,"Multiple/Other, NH",350
2025-04,Schizophrenia Spectrum Disorders,RaceEthnicity,"NHOPI, NH",380
2025-04,Schizophrenia Spectrum Disorders,RaceEthnicity,"White, NH",345
2025-03,Schizophrenia Spectrum Disorders,RaceEthnicity,"AI/AN, NH",474
2025-03,Schizophrenia Spectrum Disorders,RaceEthnicity,All,421
2025-03,Schizophrenia Spectrum Disorders,RaceEthnicity,"Asian, NH",313
2025-03,Schizophrenia Spectrum Disorders,RaceEthnicity,"Black, NH",732
2025-03,Schizophrenia Spectrum Disorders,RaceEthnicity,Hispanic,268
2025-03,Schizophrenia Spectrum Disorders,RaceEthnicity,"Multiple/Other, NH",365
2025-03,Schizophrenia Spectrum Disorders,RaceEthnicity,"NHOPI, NH",404
2025-03,Schizophrenia Spectrum Disorders,RaceEthnicity,"White, NH",345
2025-02,Schizophrenia Spectrum Disorders,RaceEthnicity,"AI/AN, NH",418
2025-02,Schizophrenia Spectrum Disorders,RaceEthnicity,All,396
2025-02,Schizophrenia Spectrum Disorders,RaceEthnicity,"Asian, NH",288
2025-02,Schizophrenia Spectrum Disorders,RaceEthnicity,"Black, NH",693
2025-02,Schizophrenia Spectrum Disorders,RaceEthnicity,Hispanic,259
2025-02,Schizophrenia Spectrum Disorders,RaceEthnicity,"Multiple/Other, NH",340
2025-02,Schizophrenia Spectrum Disorders,RaceEthnicity,"NHOPI, NH",321
2025-02,Schizophrenia Spectrum Disorders,RaceEthnicity,"White, NH",323
2025-01,Schizophrenia Spectrum Disorders,RaceEthnicity,"AI/AN, NH",465
2025-01,Schizophrenia Spectrum Disorders,RaceEthnicity,All,390
2025-01,Schizophrenia Spectrum Disorders,RaceEthnicity,"Asian, NH",312
2025-01,Schizophrenia Spectrum Disorders,RaceEthnicity,"Black, NH",668
2025-01,Schizophrenia Spectrum Disorders,RaceEthnicity,Hispanic,246
2025-01,Schizophrenia Spectrum Disorders,RaceEthnicity,"Multiple/Other, NH",315
2025-01,Schizophrenia Spectrum Disorders,RaceEthnicity,"NHOPI, NH",304
2025-01,Schizophrenia Spectrum Disorders,RaceEthnicity,"White, NH",324
2024-12,Schizophrenia Spectrum Disorders,RaceEthnicity,"AI/AN, NH",440
2024-12,Schizophrenia Spectrum Disorders,RaceEthnicity,All,371
2024-12,Schizophrenia Spectrum Disorders,RaceEthnicity,"Asian, NH",277
2024-12,Schizophrenia Spectrum Disorders,RaceEthnicity,"Black, NH",648
2024-12,Schizophrenia Spectrum Disorders,RaceEthnicity,Hispanic,245
2024-12,Schizophrenia Spectrum Disorders,RaceEthnicity,"Multiple/Other, NH",309
2024-12,Schizophrenia Spectrum Disorders,RaceEthnicity,"NHOPI, NH",339
2024-12,Schizophrenia Spectrum Disorders,RaceEthnicity,"White, NH",306
2024-11,Schizophrenia Spectrum Disorders,RaceEthnicity,"AI/AN, NH",488
2024-11,Schizophrenia Spectrum Disorders,RaceEthnicity,All,405
2024-11,Schizophrenia Spectrum Disorders,RaceEthnicity,"Asian, NH",327
2024-11,Schizophrenia Spectrum Disorders,RaceEthnicity,"Black, NH",724
2024-11,Schizophrenia Spectrum Disorders,RaceEthnicity,Hispanic,263
2024-11,Schizophrenia Spectrum Disorders,RaceEthnicity,"Multiple/Other, NH",333
2024-11,Schizophrenia Spectrum Disorders,RaceEthnicity,"NHOPI, NH",308
2024-11,Schizophrenia Spectrum Disorders,RaceEthnicity,"White, NH",326
2024-10,Schizophrenia Spectrum Disorders,RaceEthnicity,"AI/AN, NH",512
2024-10,Schizophrenia Spectrum Disorders,RaceEthnicity,All,399
2024-10,Schizophrenia Spectrum Disorders,RaceEthnicity,"Asian, NH",308
2024-10,Schizophrenia Spectrum Disorders,RaceEthnicity,"Black, NH",690
2024-10,Schizophrenia Spectrum Disorders,RaceEthnicity,Hispanic,268
2024-10,Schizophrenia Spectrum Disorders,RaceEthnicity,"Multiple/Other, NH",327
2024-10,Schizophrenia Spectrum Disorders,RaceEthnicity,"NHOPI, NH",341
2024-10,Schizophrenia Spectrum Disorders,RaceEthnicity,"White, NH",324
2024-09,Schizophrenia Spectrum Disorders,RaceEthnicity,"AI/AN, NH",449
2024-09,Schizophrenia Spectrum Disorders,RaceEthnicity,All,397
2024-09,Schizophrenia Spectrum Disorders,RaceEthnicity,"Asian, NH",290
2024-09,Schizophrenia Spectrum Disorders,RaceEthnicity,"Black, NH",691
2024-09,Schizophrenia Spectrum Disorders,RaceEthnicity,Hispanic,262
2024-09,Schizophrenia Spectrum Disorders,RaceEthnicity,"Multiple/Other, NH",334
2024-09,Schizophrenia Spectrum Disorders,RaceEthnicity,"NHOPI, NH",427
2024-09,Schizophrenia Spectrum Disorders,RaceEthnicity,"White, NH",323
2024-08,Schizophrenia Spectrum Disorders,RaceEthnicity,"AI/AN, NH",472
2024-08,Schizophrenia Spectrum Disorders,RaceEthnicity,All,413
2024-08,Schizophrenia Spectrum Disorders,RaceEthnicity,"Asian, NH",334
2024-08,Schizophrenia Spectrum Disorders,RaceEthnicity,"Black, NH",708
2024-08,Schizophrenia Spectrum Disorders,RaceEthnicity,Hispanic,281
2024-08,Schizophrenia Spectrum Disorders,RaceEthnicity,"Multiple/Other, NH",362
2024-08,Schizophrenia Spectrum Disorders,RaceEthnicity,"NHOPI, NH",352
2024-08,Schizophrenia Spectrum Disorders,RaceEthnicity,"White, NH",338
2024-07,Schizophrenia Spectrum Disorders,RaceEthnicity,"AI/AN, NH",470
2024-07,Schizophrenia Spectrum Disorders,RaceEthnicity,All,412
2024-07,Schizophrenia Spectrum Disorders,RaceEthnicity,"Asian, NH",325
2024-07,Schizophrenia Spectrum Disorders,RaceEthnicity,"Black, NH",712
2024-07,Schizophrenia Spectrum Disorders,RaceEthnicity,Hispanic,276
2024-07,Schizophrenia Spectrum Disorders,RaceEthnicity,"Multiple/Other, NH",353
2024-07,Schizophrenia Spectrum Disorders,RaceEthnicity,"NHOPI, NH",409
2024-07,Schizophrenia Spectrum Disorders,RaceEthnicity,"White, NH",338
2024-06,Schizophrenia Spectrum Disorders,RaceEthnicity,"AI/AN, NH",490
2024-06,Schizophrenia Spectrum Disorders,RaceEthnicity,All,411
2024-06,Schizophrenia Spectrum Disorders,RaceEthnicity,"Asian, NH",327
2024-06,Schizophrenia Spectrum Disorders,RaceEthnicity,"Black, NH",716
2024-06,Schizophrenia Spectrum Disorders,RaceEthnicity,Hispanic,272
2024-06,Schizophrenia Spectrum Disorders,RaceEthnicity,"Multiple/Other, NH",349
2024-06,Schizophrenia Spectrum Disorders,RaceEthnicity,"NHOPI, NH",393
2024-06,Schizophrenia Spectrum Disorders,RaceEthnicity,"White, NH",336
2024-05,Schizophrenia Spectrum Disorders,RaceEthnicity,"AI/AN, NH",482
2024-05,Schizophrenia Spectrum Disorders,RaceEthnicity,All,404
2024-05,Schizophrenia Spectrum Disorders,RaceEthnicity,"Asian, NH",321
2024-05,Schizophrenia Spectrum Disorders,RaceEthnicity,"Black, NH",704
2024-05,Schizophrenia Spectrum Disorders,RaceEthnicity,Hispanic,262
2024-05,Schizophrenia Spectrum Disorders,RaceEthnicity,"Multiple/Other, NH",351
2024-05,Schizophrenia Spectrum Disorders,RaceEthnicity,"NHOPI, NH",348
2024-05,Schizophrenia Spectrum Disorders,RaceEthnicity,"White, NH",329
2024-04,Schizophrenia Spectrum Disorders,RaceEthnicity,"AI/AN, NH",461
2024-04,Schizophrenia Spectrum Disorders,RaceEthnicity,All,416
2024-04,Schizophrenia Spectrum Disorders,RaceEthnicity,"Asian, NH",330
2024-04,Schizophrenia Spectrum Disorders,RaceEthnicity,"Black, NH",724
2024-04,Schizophrenia Spectrum Disorders,RaceEthnicity,Hispanic,264
2024-04,Schizophrenia Spectrum Disorders,RaceEthnicity,"Multiple/Other, NH",355
2024-04,Schizophrenia Spectrum Disorders,RaceEthnicity,"NHOPI, NH",319
2024-04,Schizophrenia Spectrum Disorders,RaceEthnicity,"White, NH",339
2024-03,Schizophrenia Spectrum Disorders,RaceEthnicity,"AI/AN, NH",476
2024-03,Schizophrenia Spectrum Disorders,RaceEthnicity,All,417
2024-03,Schizophrenia Spectrum Disorders,RaceEthnicity,"Asian, NH",322
2024-03,Schizophrenia Spectrum Disorders,RaceEthnicity,"Black, NH",731
2024-03,Schizophrenia Spectrum Disorders,RaceEthnicity,Hispanic,261
2024-03,Schizophrenia Spectrum Disorders,RaceEthnicity,"Multiple/Other, NH",354
2024-03,Schizophrenia Spectrum Disorders,RaceEthnicity,"NHOPI, NH",386
2024-03,Schizophrenia Spectrum Disorders,RaceEthnicity,"White, NH",339
2024-02,Schizophrenia Spectrum Disorders,RaceEthnicity,"AI/AN, NH",507
2024-02,Schizophrenia Spectrum Disorders,RaceEthnicity,All,409
2024-02,Schizophrenia Spectrum Disorders,RaceEthnicity,"Asian, NH",303
2024-02,Schizophrenia Spectrum Disorders,RaceEthnicity,"Black, NH",698
2024-02,Schizophrenia Spectrum Disorders,RaceEthnicity,Hispanic,260
2024-02,Schizophrenia Spectrum Disorders,RaceEthnicity,"Multiple/Other, NH",350
2024-02,Schizophrenia Spectrum Disorders,RaceEthnicity,"NHOPI, NH",418
2024-02,Schizophrenia Spectrum Disorders,RaceEthnicity,"White, NH",336
2024-01,Schizophrenia Spectrum Disorders,RaceEthnicity,"AI/AN, NH",486
2024-01,Schizophrenia Spectrum Disorders,RaceEthnicity,All,417
2024-01,Schizophrenia Spectrum Disorders,RaceEthnicity,"Asian, NH",317
2024-01,Schizophrenia Spectrum Disorders,RaceEthnicity,"Black, NH",714
2024-01,Schizophrenia Spectrum Disorders,RaceEthnicity,Hispanic,266
2024-01,Schizophrenia Spectrum Disorders,RaceEthnicity,"Multiple/Other, NH",358
2024-01,Schizophrenia Spectrum Disorders,RaceEthnicity,"NHOPI, NH",384
2024-01,Schizophrenia Spectrum Disorders,RaceEthnicity,"White, NH",343
2023-12,Schizophrenia Spectrum Disorders,RaceEthnicity,"AI/AN, NH",466
2023-12,Schizophrenia Spectrum Disorders,RaceEthnicity,All,370
2023-12,Schizophrenia Spectrum Disorders,RaceEthnicity,"Asian, NH",270
2023-12,Schizophrenia Spectrum Disorders,RaceEthnicity,"Black, NH",632
2023-12,Schizophrenia Spectrum Disorders,RaceEthnicity,Hispanic,238
2023-12,Schizophrenia Spectrum Disorders,RaceEthnicity,"Multiple/Other, NH",317
2023-12,Schizophrenia Spectrum Disorders,RaceEthnicity,"NHOPI, NH",434
2023-12,Schizophrenia Spectrum Disorders,RaceEthnicity,"White, NH",304
2023-11,Schizophrenia Spectrum Disorders,RaceEthnicity,"AI/AN, NH",478
2023-11,Schizophrenia Spectrum Disorders,RaceEthnicity,All,395
2023-11,Schizophrenia Spectrum Disorders,RaceEthnicity,"Asian, NH",294
2023-11,Schizophrenia Spectrum Disorders,RaceEthnicity,"Black, NH",682
2023-11,Schizophrenia Spectrum Disorders,RaceEthnicity,Hispanic,252
2023-11,Schizophrenia Spectrum Disorders,RaceEthnicity,"Multiple/Other, NH",352
2023-11,Schizophrenia Spectrum Disorders,RaceEthnicity,"NHOPI, NH",360
2023-11,Schizophrenia Spectrum Disorders,RaceEthnicity,"White, NH",325
2023-10,Schizophrenia Spectrum Disorders,RaceEthnicity,"AI/AN, NH",443
2023-10,Schizophrenia Spectrum Disorders,RaceEthnicity,All,404
2023-10,Schizophrenia Spectrum Disorders,RaceEthnicity,"Asian, NH",304
2023-10,Schizophrenia Spectrum Disorders,RaceEthnicity,"Black, NH",704
2023-10,Schizophrenia Spectrum Disorders,RaceEthnicity,Hispanic,268
2023-10,Schizophrenia Spectrum Disorders,RaceEthnicity,"Multiple/Other, NH",334
2023-10,Schizophrenia Spectrum Disorders,RaceEthnicity,"NHOPI, NH",374
2023-10,Schizophrenia Spectrum Disorders,RaceEthnicity,"White, NH",334
2023-09,Schizophrenia Spectrum Disorders,RaceEthnicity,"AI/AN, NH",440
2023-09,Schizophrenia Spectrum Disorders,RaceEthnicity,All,399
2023-09,Schizophrenia Spectrum Disorders,RaceEthnicity,"Asian, NH",309
2023-09,Schizophrenia Spectrum Disorders,RaceEthnicity,"Black, NH",697
2023-09,Schizophrenia Spectrum Disorders,RaceEthnicity,Hispanic,261
2023-09,Schizophrenia Spectrum Disorders,RaceEthnicity,"Multiple/Other, NH",352
2023-09,Schizophrenia Spectrum Disorders,RaceEthnicity,"NHOPI, NH",399
2023-09,Schizophrenia Spectrum Disorders,RaceEthnicity,"White, NH",331
2023-08,Schizophrenia Spectrum Disorders,RaceEthnicity,"AI/AN, NH",514
2023-08,Schizophrenia Spectrum Disorders,RaceEthnicity,All,411
2023-08,Schizophrenia Spectrum Disorders,RaceEthnicity,"Asian, NH",346
2023-08,Schizophrenia Spectrum Disorders,RaceEthnicity,"Black, NH",712
2023-08,Schizophrenia Spectrum Disorders,RaceEthnicity,Hispanic,276
2023-08,Schizophrenia Spectrum Disorders,RaceEthnicity,"Multiple/Other, NH",369
2023-08,Schizophrenia Spectrum Disorders,RaceEthnicity,"NHOPI, NH",453
2023-08,Schizophrenia Spectrum Disorders,RaceEthnicity,"White, NH",336
2023-07,Schizophrenia Spectrum Disorders,RaceEthnicity,"AI/AN, NH",482
2023-07,Schizophrenia Spectrum Disorders,RaceEthnicity,All,420
2023-07,Schizophrenia Spectrum Disorders,RaceEthnicity,"Asian, NH",357
2023-07,Schizophrenia Spectrum Disorders,RaceEthnicity,"Black, NH",730
2023-07,Schizophrenia Spectrum Disorders,RaceEthnicity,Hispanic,292
2023-07,Schizophrenia Spectrum Disorders,RaceEthnicity,"Multiple/Other, NH",356
2023-07,Schizophrenia Spectrum Disorders,RaceEthnicity,"NHOPI, NH",443
2023-07,Schizophrenia Spectrum Disorders,RaceEthnicity,"White, NH",346
2023-06,Schizophrenia Spectrum Disorders,RaceEthnicity,"AI/AN, NH",466
2023-06,Schizophrenia Spectrum Disorders,RaceEthnicity,All,424
2023-06,Schizophrenia Spectrum Disorders,RaceEthnicity,"Asian, NH",343
2023-06,Schizophrenia Spectrum Disorders,RaceEthnicity,"Black, NH",745
2023-06,Schizophrenia Spectrum Disorders,RaceEthnicity,Hispanic,280
2023-06,Schizophrenia Spectrum Disorders,RaceEthnicity,"Multiple/Other, NH",360
2023-06,Schizophrenia Spectrum Disorders,RaceEthnicity,"NHOPI, NH",473
2023-06,Schizophrenia Spectrum Disorders,RaceEthnicity,"White, NH",352
2023-05,Schizophrenia Spectrum Disorders,RaceEthnicity,"AI/AN, NH",468
2023-05,Schizophrenia Spectrum Disorders,RaceEthnicity,All,411
2023-05,Schizophrenia Spectrum Disorders,RaceEthnicity,"Asian, NH",297
2023-05,Schizophrenia Spectrum Disorders,RaceEthnicity,"Black, NH",728
2023-05,Schizophrenia Spectrum Disorders,RaceEthnicity,Hispanic,268
2023-05,Schizophrenia Spectrum Disorders,RaceEthnicity,"Multiple/Other, NH",347
2023-05,Schizophrenia Spectrum Disorders,RaceEthnicity,"NHOPI, NH",416
2023-05,Schizophrenia Spectrum Disorders,RaceEthnicity,"White, NH",341
2023-04,Schizophrenia Spectrum Disorders,RaceEthnicity,"AI/AN, NH",514
2023-04,Schizophrenia Spectrum Disorders,RaceEthnicity,All,421
2023-04,Schizophrenia Spectrum Disorders,RaceEthnicity,"Asian, NH",312
2023-04,Schizophrenia Spectrum Disorders,RaceEthnicity,"Black, NH",739
2023-04,Schizophrenia Spectrum Disorders,RaceEthnicity,Hispanic,286
2023-04,Schizophrenia Spectrum Disorders,RaceEthnicity,"Multiple/Other, NH",321
2023-04,Schizophrenia Spectrum Disorders,RaceEthnicity,"NHOPI, NH",455
2023-04,Schizophrenia Spectrum Disorders,RaceEthnicity,"White, NH",352
2023-03,Schizophrenia Spectrum Disorders,RaceEthnicity,"AI/AN, NH",519
2023-03,Schizophrenia Spectrum Disorders,RaceEthnicity,All,431
2023-03,Schizophrenia Spectrum Disorders,RaceEthnicity,"Asian, NH",342
2023-03,Schizophrenia Spectrum Disorders,RaceEthnicity,"Black, NH",764
2023-03,Schizophrenia Spectrum Disorders,RaceEthnicity,Hispanic,296
2023-03,Schizophrenia Spectrum Disorders,RaceEthnicity,"Multiple/Other, NH",323
2023-03,Schizophrenia Spectrum Disorders,RaceEthnicity,"NHOPI, NH",420
2023-03,Schizophrenia Spectrum Disorders,RaceEthnicity,"White, NH",357
2023-02,Schizophrenia Spectrum Disorders,RaceEthnicity,"AI/AN, NH",498
2023-02,Schizophrenia Spectrum Disorders,RaceEthnicity,All,432
2023-02,Schizophrenia Spectrum Disorders,RaceEthnicity,"Asian, NH",314
2023-02,Schizophrenia Spectrum Disorders,RaceEthnicity,"Black, NH",767
2023-02,Schizophrenia Spectrum Disorders,RaceEthnicity,Hispanic,299
2023-02,Schizophrenia Spectrum Disorders,RaceEthnicity,"Multiple/Other, NH",352
2023-02,Schizophrenia Spectrum Disorders,RaceEthnicity,"NHOPI, NH",506
2023-02,Schizophrenia Spectrum Disorders,RaceEthnicity,"White, NH",353
2023-01,Schizophrenia Spectrum Disorders,RaceEthnicity,"AI/AN, NH",539
2023-01,Schizophrenia Spectrum Disorders,RaceEthnicity,All,434
2023-01,Schizophrenia Spectrum Disorders,RaceEthnicity,"Asian, NH",341
2023-01,Schizophrenia Spectrum Disorders,RaceEthnicity,"Black, NH",761
2023-01,Schizophrenia Spectrum Disorders,RaceEthnicity,Hispanic,307
2023-01,Schizophrenia Spectrum Disorders,RaceEthnicity,"Multiple/Other, NH",339
2023-01,Schizophrenia Spectrum Disorders,RaceEthnicity,"NHOPI, NH",407
2023-01,Schizophrenia Spectrum Disorders,RaceEthnicity,"White, NH",353
2022-12,Schizophrenia Spectrum Disorders,RaceEthnicity,"AI/AN, NH",466
2022-12,Schizophrenia Spectrum Disorders,RaceEthnicity,All,392
2022-12,Schizophrenia Spectrum Disorders,RaceEthnicity,"Asian, NH",278
2022-12,Schizophrenia Spectrum Disorders,RaceEthnicity,"Black, NH",705
2022-12,Schizophrenia Spectrum Disorders,RaceEthnicity,Hispanic,267
2022-12,Schizophrenia Spectrum Disorders,RaceEthnicity,"Multiple/Other, NH",294
2022-12,Schizophrenia Spectrum Disorders,RaceEthnicity,"NHOPI, NH",395
2022-12,Schizophrenia Spectrum Disorders,RaceEthnicity,"White, NH",323
2022-11,Schizophrenia Spectrum Disorders,RaceEthnicity,"AI/AN, NH",426
2022-11,Schizophrenia Spectrum Disorders,RaceEthnicity,All,372
2022-11,Schizophrenia Spectrum Disorders,RaceEthnicity,"Asian, NH",283
2022-11,Schizophrenia Spectrum Disorders,RaceEthnicity,"Black, NH",637
2022-11,Schizophrenia Spectrum Disorders,RaceEthnicity,Hispanic,254
2022-11,Schizophrenia Spectrum Disorders,RaceEthnicity,"Multiple/Other, NH",274
2022-11,Schizophrenia Spectrum Disorders,RaceEthnicity,"NHOPI, NH",336
2022-11,Schizophrenia Spectrum Disorders,RaceEthnicity,"White, NH",310
2022-10,Schizophrenia Spectrum Disorders,RaceEthnicity,"AI/AN, NH",474
2022-10,Schizophrenia Spectrum Disorders,RaceEthnicity,All,392
2022-10,Schizophrenia Spectrum Disorders,RaceEthnicity,"Asian, NH",315
2022-10,Schizophrenia Spectrum Disorders,RaceEthnicity,"Black, NH",668
2022-10,Schizophrenia Spectrum Disorders,RaceEthnicity,Hispanic,278
2022-10,Schizophrenia Spectrum Disorders,RaceEthnicity,"Multiple/Other, NH",306
2022-10,Schizophrenia Spectrum Disorders,RaceEthnicity,"NHOPI, NH",466
2022-10,Schizophrenia Spectrum Disorders,RaceEthnicity,"White, NH",322
2022-09,Schizophrenia Spectrum Disorders,RaceEthnicity,"AI/AN, NH",455
2022-09,Schizophrenia Spectrum Disorders,RaceEthnicity,All,398
2022-09,Schizophrenia Spectrum Disorders,RaceEthnicity,"Asian, NH",302
2022-09,Schizophrenia Spectrum Disorders,RaceEthnicity,"Black, NH",696
2022-09,Schizophrenia Spectrum Disorders,RaceEthnicity,Hispanic,287
2022-09,Schizophrenia Spectrum Disorders,RaceEthnicity,"Multiple/Other, NH",319
2022-09,Schizophrenia Spectrum Disorders,RaceEthnicity,"NHOPI, NH",430
2022-09,Schizophrenia Spectrum Disorders,RaceEthnicity,"White, NH",333
2022-08,Schizophrenia Spectrum Disorders,RaceEthnicity,"AI/AN, NH",486
2022-08,Schizophrenia Spectrum Disorders,RaceEthnicity,All,416
2022-08,Schizophrenia Spectrum Disorders,RaceEthnicity,"Asian, NH",346
2022-08,Schizophrenia Spectrum Disorders,RaceEthnicity,"Black, NH",712
2022-08,Schizophrenia Spectrum Disorders,RaceEthnicity,Hispanic,328
2022-08,Schizophrenia Spectrum Disorders,RaceEthnicity,"Multiple/Other, NH",332
2022-08,Schizophrenia Spectrum Disorders,RaceEthnicity,"NHOPI, NH",368
2022-08,Schizophrenia Spectrum Disorders,RaceEthnicity,"White, NH",346
2022-07,Schizophrenia Spectrum Disorders,RaceEthnicity,"AI/AN, NH",507
2022-07,Schizophrenia Spectrum Disorders,RaceEthnicity,All,417
2022-07,Schizophrenia Spectrum Disorders,RaceEthnicity,"Asian, NH",311
2022-07,Schizophrenia Spectrum Disorders,RaceEthnicity,"Black, NH",743
2022-07,Schizophrenia Spectrum Disorders,RaceEthnicity,Hispanic,328
2022-07,Schizophrenia Spectrum Disorders,RaceEthnicity,"Multiple/Other, NH",318
2022-07,Schizophrenia Spectrum Disorders,RaceEthnicity,"NHOPI, NH",323
2022-07,Schizophrenia Spectrum Disorders,RaceEthnicity,"White, NH",341
2022-06,Schizophrenia Spectrum Disorders,RaceEthnicity,"AI/AN, NH",492
2022-06,Schizophrenia Spectrum Disorders,RaceEthnicity,All,421
2022-06,Schizophrenia Spectrum Disorders,RaceEthnicity,"Asian, NH",295
2022-06,Schizophrenia Spectrum Disorders,RaceEthnicity,"Black, NH",768
2022-06,Schizophrenia Spectrum Disorders,RaceEthnicity,Hispanic,327
2022-06,Schizophrenia Spectrum Disorders,RaceEthnicity,"Multiple/Other, NH",316
2022-06,Schizophrenia Spectrum Disorders,RaceEthnicity,"NHOPI, NH",357
2022-06,Schizophrenia Spectrum Disorders,RaceEthnicity,"White, NH",344
2022-05,Schizophrenia Spectrum Disorders,RaceEthnicity,"AI/AN, NH",576
2022-05,Schizophrenia Spectrum Disorders,RaceEthnicity,All,416
2022-05,Schizophrenia Spectrum Disorders,RaceEthnicity,"Asian, NH",293
2022-05,Schizophrenia Spectrum Disorders,RaceEthnicity,"Black, NH",738
2022-05,Schizophrenia Spectrum Disorders,RaceEthnicity,Hispanic,311
2022-05,Schizophrenia Spectrum Disorders,RaceEthnicity,"Multiple/Other, NH",342
2022-05,Schizophrenia Spectrum Disorders,RaceEthnicity,"NHOPI, NH",354
2022-05,Schizophrenia Spectrum Disorders,RaceEthnicity,"White, NH",345
2022-04,Schizophrenia Spectrum Disorders,RaceEthnicity,"AI/AN, NH",513
2022-04,Schizophrenia Spectrum Disorders,RaceEthnicity,All,444
2022-04,Schizophrenia Spectrum Disorders,RaceEthnicity,"Asian, NH",314
2022-04,Schizophrenia Spectrum Disorders,RaceEthnicity,"Black, NH",810
2022-04,Schizophrenia Spectrum Disorders,RaceEthnicity,Hispanic,328
2022-04,Schizophrenia Spectrum Disorders,RaceEthnicity,"Multiple/Other, NH",367
2022-04,Schizophrenia Spectrum Disorders,RaceEthnicity,"NHOPI, NH",459
2022-04,Schizophrenia Spectrum Disorders,RaceEthnicity,"White, NH",363
2022-03,Schizophrenia Spectrum Disorders,RaceEthnicity,"AI/AN, NH",652
2022-03,Schizophrenia Spectrum Disorders,RaceEthnicity,All,470
2022-03,Schizophrenia Spectrum Disorders,RaceEthnicity,"Asian, NH",335
2022-03,Schizophrenia Spectrum Disorders,RaceEthnicity,"Black, NH",850
2022-03,Schizophrenia Spectrum Disorders,RaceEthnicity,Hispanic,360
2022-03,Schizophrenia Spectrum Disorders,RaceEthnicity,"Multiple/Other, NH",390
2022-03,Schizophrenia Spectrum Disorders,RaceEthnicity,"NHOPI, NH",522
2022-03,Schizophrenia Spectrum Disorders,RaceEthnicity,"White, NH",381
2022-02,Schizophrenia Spectrum Disorders,RaceEthnicity,"AI/AN, NH",700
2022-02,Schizophrenia Spectrum Disorders,RaceEthnicity,All,491
2022-02,Schizophrenia Spectrum Disorders,RaceEthnicity,"Asian, NH",357
2022-02,Schizophrenia Spectrum Disorders,RaceEthnicity,"Black, NH",906
2022-02,Schizophrenia Spectrum Disorders,RaceEthnicity,Hispanic,390
2022-02,Schizophrenia Spectrum Disorders,RaceEthnicity,"Multiple/Other, NH",390
2022-02,Schizophrenia Spectrum Disorders,RaceEthnicity,"NHOPI, NH",517
2022-02,Schizophrenia Spectrum Disorders,RaceEthnicity,"White, NH",393
2022-01,Schizophrenia Spectrum Disorders,RaceEthnicity,"AI/AN, NH",567
2022-01,Schizophrenia Spectrum Disorders,RaceEthnicity,All,434
2022-01,Schizophrenia Spectrum Disorders,RaceEthnicity,"Asian, NH",343
2022-01,Schizophrenia Spectrum Disorders,RaceEthnicity,"Black, NH",775
2022-01,Schizophrenia Spectrum Disorders,RaceEthnicity,Hispanic,331
2022-01,Schizophrenia Spectrum Disorders,RaceEthnicity,"Multiple/Other, NH",347
2022-01,Schizophrenia Spectrum Disorders,RaceEthnicity,"NHOPI, NH",361
2022-01,Schizophrenia Spectrum Disorders,RaceEthnicity,"White, NH",353
2021-12,Schizophrenia Spectrum Disorders,RaceEthnicity,"AI/AN, NH",606
2021-12,Schizophrenia Spectrum Disorders,RaceEthnicity,All,399
2021-12,Schizophrenia Spectrum Disorders,RaceEthnicity,"Asian, NH",291
2021-12,Schizophrenia Spectrum Disorders,RaceEthnicity,"Black, NH",674
2021-12,Schizophrenia Spectrum Disorders,RaceEthnicity,Hispanic,315
2021-12,Schizophrenia Spectrum Disorders,RaceEthnicity,"Multiple/Other, NH",307
2021-12,Schizophrenia Spectrum Disorders,RaceEthnicity,"NHOPI, NH",382
2021-12,Schizophrenia Spectrum Disorders,RaceEthnicity,"White, NH",335
2021-11,Schizophrenia Spectrum Disorders,RaceEthnicity,"AI/AN, NH",633
2021-11,Schizophrenia Spectrum Disorders,RaceEthnicity,All,431
2021-11,Schizophrenia Spectrum Disorders,RaceEthnicity,"Asian, NH",310
2021-11,Schizophrenia Spectrum Disorders,RaceEthnicity,"Black, NH",771
2021-11,Schizophrenia Spectrum Disorders,RaceEthnicity,Hispanic,343
2021-11,Schizophrenia Spectrum Disorders,RaceEthnicity,"Multiple/Other, NH",346
2021-11,Schizophrenia Spectrum Disorders,RaceEthnicity,"NHOPI, NH",230
2021-11,Schizophrenia Spectrum Disorders,RaceEthnicity,"White, NH",351
2021-10,Schizophrenia Spectrum Disorders,RaceEthnicity,"AI/AN, NH",576
2021-10,Schizophrenia Spectrum Disorders,RaceEthnicity,All,450
2021-10,Schizophrenia Spectrum Disorders,RaceEthnicity,"Asian, NH",285
2021-10,Schizophrenia Spectrum Disorders,RaceEthnicity,"Black, NH",798
2021-10,Schizophrenia Spectrum Disorders,RaceEthnicity,Hispanic,373
2021-10,Schizophrenia Spectrum Disorders,RaceEthnicity,"Multiple/Other, NH",351
2021-10,Schizophrenia Spectrum Disorders,RaceEthnicity,"NHOPI, NH",331
2021-10,Schizophrenia Spectrum Disorders,RaceEthnicity,"White, NH",370
2021-09,Schizophrenia Spectrum Disorders,RaceEthnicity,"AI/AN, NH",519
2021-09,Schizophrenia Spectrum Disorders,RaceEthnicity,All,422
2021-09,Schizophrenia Spectrum Disorders,RaceEthnicity,"Asian, NH",294
2021-09,Schizophrenia Spectrum Disorders,RaceEthnicity,"Black, NH",743
2021-09,Schizophrenia Spectrum Disorders,RaceEthnicity,Hispanic,346
2021-09,Schizophrenia Spectrum Disorders,RaceEthnicity,"Multiple/Other, NH",326
2021-09,Schizophrenia Spectrum Disorders,RaceEthnicity,"NHOPI, NH",332
2021-09,Schizophrenia Spectrum Disorders,RaceEthnicity,"White, NH",352
2021-08,Schizophrenia Spectrum Disorders,RaceEthnicity,"AI/AN, NH",488
2021-08,Schizophrenia Spectrum Disorders,RaceEthnicity,All,416
2021-08,Schizophrenia Spectrum Disorders,RaceEthnicity,"Asian, NH",295
2021-08,Schizophrenia Spectrum Disorders,RaceEthnicity,"Black, NH",709
2021-08,Schizophrenia Spectrum Disorders,RaceEthnicity,Hispanic,342
2021-08,Schizophrenia Spectrum Disorders,RaceEthnicity,"Multiple/Other, NH",350
2021-08,Schizophrenia Spectrum Disorders,RaceEthnicity,"NHOPI, NH",321
2021-08,Schizophrenia Spectrum Disorders,RaceEthnicity,"White, NH",347
2021-07,Schizophrenia Spectrum Disorders,RaceEthnicity,"AI/AN, NH",548
2021-07,Schizophrenia Spectrum Disorders,RaceEthnicity,All,441
2021-07,Schizophrenia Spectrum Disorders,RaceEthnicity,"Asian, NH",322
2021-07,Schizophrenia Spectrum Disorders,RaceEthnicity,"Black, NH",745
2021-07,Schizophrenia Spectrum Disorders,RaceEthnicity,Hispanic,355
2021-07,Schizophrenia Spectrum Disorders,RaceEthnicity,"Multiple/Other, NH",395
2021-07,Schizophrenia Spectrum Disorders,RaceEthnicity,"NHOPI, NH",390
2021-07,Schizophrenia Spectrum Disorders,RaceEthnicity,"White, NH",369
2021-06,Schizophrenia Spectrum Disorders,RaceEthnicity,"AI/AN, NH",495
2021-06,Schizophrenia Spectrum Disorders,RaceEthnicity,All,472
2021-06,Schizophrenia Spectrum Disorders,RaceEthnicity,"Asian, NH",336
2021-06,Schizophrenia Spectrum Disorders,RaceEthnicity,"Black, NH",801
2021-06,Schizophrenia Spectrum Disorders,RaceEthnicity,Hispanic,396
2021-06,Schizophrenia Spectrum Disorders,RaceEthnicity,"Multiple/Other, NH",438
2021-06,Schizophrenia Spectrum Disorders,RaceEthnicity,"NHOPI, NH",329
2021-06,Schizophrenia Spectrum Disorders,RaceEthnicity,"White, NH",390
2021-05,Schizophrenia Spectrum Disorders,RaceEthnicity,"AI/AN, NH",573
2021-05,Schizophrenia Spectrum Disorders,RaceEthnicity,All,488
2021-05,Schizophrenia Spectrum Disorders,RaceEthnicity,"Asian, NH",315
2021-05,Schizophrenia Spectrum Disorders,RaceEthnicity,"Black, NH",839
2021-05,Schizophrenia Spectrum Disorders,RaceEthnicity,Hispanic,416
2021-05,Schizophrenia Spectrum Disorders,RaceEthnicity,"Multiple/Other, NH",434
2021-05,Schizophrenia Spectrum Disorders,RaceEthnicity,"NHOPI, NH",344
2021-05,Schizophrenia Spectrum Disorders,RaceEthnicity,"White, NH",392
2021-04,Schizophrenia Spectrum Disorders,RaceEthnicity,"AI/AN, NH",592
2021-04,Schizophrenia Spectrum Disorders,RaceEthnicity,All,492
2021-04,Schizophrenia Spectrum Disorders,RaceEthnicity,"Asian, NH",289
2021-04,Schizophrenia Spectrum Disorders,RaceEthnicity,"Black, NH",846
2021-04,Schizophrenia Spectrum Disorders,RaceEthnicity,Hispanic,424
2021-04,Schizophrenia Spectrum Disorders,RaceEthnicity,"Multiple/Other, NH",425
2021-04,Schizophrenia Spectrum Disorders,RaceEthnicity,"NHOPI, NH",355
2021-04,Schizophrenia Spectrum Disorders,RaceEthnicity,"White, NH",396
2021-03,Schizophrenia Spectrum Disorders,RaceEthnicity,"AI/AN, NH",620
2021-03,Schizophrenia Spectrum Disorders,RaceEthnicity,All,548
2021-03,Schizophrenia Spectrum Disorders,RaceEthnicity,"Asian, NH",353
2021-03,Schizophrenia Spectrum Disorders,RaceEthnicity,"Black, NH",963
2021-03,Schizophrenia Spectrum Disorders,RaceEthnicity,Hispanic,472
2021-03,Schizophrenia Spectrum Disorders,RaceEthnicity,"Multiple/Other, NH",465
2021-03,Schizophrenia Spectrum Disorders,RaceEthnicity,"NHOPI, NH",369
2021-03,Schizophrenia Spectrum Disorders,RaceEthnicity,"White, NH",439
2021-02,Schizophrenia Spectrum Disorders,RaceEthnicity,"AI/AN, NH",691
2021-02,Schizophrenia Spectrum Disorders,RaceEthnicity,All,580
2021-02,Schizophrenia Spectrum Disorders,RaceEthnicity,"Asian, NH",364
2021-02,Schizophrenia Spectrum Disorders,RaceEthnicity,"Black, NH",1031
2021-02,Schizophrenia Spectrum Disorders,RaceEthnicity,Hispanic,506
2021-02,Schizophrenia Spectrum Disorders,RaceEthnicity,"Multiple/Other, NH",476
2021-02,Schizophrenia Spectrum Disorders,RaceEthnicity,"NHOPI, NH",397
2021-02,Schizophrenia Spectrum Disorders,RaceEthnicity,"White, NH",459
2021-01,Schizophrenia Spectrum Disorders,RaceEthnicity,"AI/AN, NH",720
2021-01,Schizophrenia Spectrum Disorders,RaceEthnicity,All,561
2021-01,Schizophrenia Spectrum Disorders,RaceEthnicity,"Asian, NH",401
2021-01,Schizophrenia Spectrum Disorders,RaceEthnicity,"Black, NH",986
2021-01,Schizophrenia Spectrum Disorders,RaceEthnicity,Hispanic,491
2021-01,Schizophrenia Spectrum Disorders,RaceEthnicity,"Multiple/Other, NH",450
2021-01,Schizophrenia Spectrum Disorders,RaceEthnicity,"NHOPI, NH",439
2021-01,Schizophrenia Spectrum Disorders,RaceEthnicity,"White, NH",445
2020-12,Schizophrenia Spectrum Disorders,RaceEthnicity,"AI/AN, NH",732
2020-12,Schizophrenia Spectrum Disorders,RaceEthnicity,All,549
2020-12,Schizophrenia Spectrum Disorders,RaceEthnicity,"Asian, NH",387
2020-12,Schizophrenia Spectrum Disorders,RaceEthnicity,"Black, NH",974
2020-12,Schizophrenia Spectrum Disorders,RaceEthnicity,Hispanic,483
2020-12,Schizophrenia Spectrum Disorders,RaceEthnicity,"Multiple/Other, NH",444
2020-12,Schizophrenia Spectrum Disorders,RaceEthnicity,"NHOPI, NH",448
2020-12,Schizophrenia Spectrum Disorders,RaceEthnicity,"White, NH",430
2020-11,Schizophrenia Spectrum Disorders,RaceEthnicity,"AI/AN, NH",646
2020-11,Schizophrenia Spectrum Disorders,RaceEthnicity,All,538
2020-11,Schizophrenia Spectrum Disorders,RaceEthnicity,"Asian, NH",355
2020-11,Schizophrenia Spectrum Disorders,RaceEthnicity,"Black, NH",963
2020-11,Schizophrenia Spectrum Disorders,RaceEthnicity,Hispanic,462
2020-11,Schizophrenia Spectrum Disorders,RaceEthnicity,"Multiple/Other, NH",435
2020-11,Schizophrenia Spectrum Disorders,RaceEthnicity,"NHOPI, NH",507
2020-11,Schizophrenia Spectrum Disorders,RaceEthnicity,"White, NH",424
2020-10,Schizophrenia Spectrum Disorders,RaceEthnicity,"AI/AN, NH",709
2020-10,Schizophrenia Spectrum Disorders,RaceEthnicity,All,559
2020-10,Schizophrenia Spectrum Disorders,RaceEthnicity,"Asian, NH",395
2020-10,Schizophrenia Spectrum Disorders,RaceEthnicity,"Black, NH",1000
2020-10,Schizophrenia Spectrum Disorders,RaceEthnicity,Hispanic,486
2020-10,Schizophrenia Spectrum Disorders,RaceEthnicity,"Multiple/Other, NH",432
2020-10,Schizophrenia Spectrum Disorders,RaceEthnicity,"NHOPI, NH",424
2020-10,Schizophrenia Spectrum Disorders,RaceEthnicity,"White, NH",444
2020-09,Schizophrenia Spectrum Disorders,RaceEthnicity,"AI/AN, NH",693
2020-09,Schizophrenia Spectrum Disorders,RaceEthnicity,All,588
2020-09,Schizophrenia Spectrum Disorders,RaceEthnicity,"Asian, NH",465
2020-09,Schizophrenia Spectrum Disorders,RaceEthnicity,"Black, NH",1053
2020-09,Schizophrenia Spectrum Disorders,RaceEthnicity,Hispanic,517
2020-09,Schizophrenia Spectrum Disorders,RaceEthnicity,"Multiple/Other, NH",433
2020-09,Schizophrenia Spectrum Disorders,RaceEthnicity,"NHOPI, NH",355
2020-09,Schizophrenia Spectrum Disorders,RaceEthnicity,"White, NH",470
2020-08,Schizophrenia Spectrum Disorders,RaceEthnicity,"AI/AN, NH",664
2020-08,Schizophrenia Spectrum Disorders,RaceEthnicity,All,600
2020-08,Schizophrenia Spectrum Disorders,RaceEthnicity,"Asian, NH",389
2020-08,Schizophrenia Spectrum Disorders,RaceEthnicity,"Black, NH",1076
2020-08,Schizophrenia Spectrum Disorders,RaceEthnicity,Hispanic,528
2020-08,Schizophrenia Spectrum Disorders,RaceEthnicity,"Multiple/Other, NH",440
2020-08,Schizophrenia Spectrum Disorders,RaceEthnicity,"NHOPI, NH",427
2020-08,Schizophrenia Spectrum Disorders,RaceEthnicity,"White, NH",482
2020-07,Schizophrenia Spectrum Disorders,RaceEthnicity,"AI/AN, NH",608
2020-07,Schizophrenia Spectrum Disorders,RaceEthnicity,All,588
2020-07,Schizophrenia Spectrum Disorders,RaceEthnicity,"Asian, NH",411
2020-07,Schizophrenia Spectrum Disorders,RaceEthnicity,"Black, NH",1059
2020-07,Schizophrenia Spectrum Disorders,RaceEthnicity,Hispanic,491
2020-07,Schizophrenia Spectrum Disorders,RaceEthnicity,"Multiple/Other, NH",444
2020-07,Schizophrenia Spectrum Disorders,RaceEthnicity,"NHOPI, NH",358
2020-07,Schizophrenia Spectrum Disorders,RaceEthnicity,"White, NH",473
2020-06,Schizophrenia Spectrum Disorders,RaceEthnicity,"AI/AN, NH",606
2020-06,Schizophrenia Spectrum Disorders,RaceEthnicity,All,612
2020-06,Schizophrenia Spectrum Disorders,RaceEthnicity,"Asian, NH",394
2020-06,Schizophrenia Spectrum Disorders,RaceEthnicity,"Black, NH",1103
2020-06,Schizophrenia Spectrum Disorders,RaceEthnicity,Hispanic,519
2020-06,Schizophrenia Spectrum Disorders,RaceEthnicity,"Multiple/Other, NH",476
2020-06,Schizophrenia Spectrum Disorders,RaceEthnicity,"NHOPI, NH",480
2020-06,Schizophrenia Spectrum Disorders,RaceEthnicity,"White, NH",485
2020-05,Schizophrenia Spectrum Disorders,RaceEthnicity,"AI/AN, NH",714
2020-05,Schizophrenia Spectrum Disorders,RaceEthnicity,All,682
2020-05,Schizophrenia Spectrum Disorders,RaceEthnicity,"Asian, NH",422
2020-05,Schizophrenia Spectrum Disorders,RaceEthnicity,"Black, NH",1245
2020-05,Schizophrenia Spectrum Disorders,RaceEthnicity,Hispanic,597
2020-05,Schizophrenia Spectrum Disorders,RaceEthnicity,"Multiple/Other, NH",497
2020-05,Schizophrenia Spectrum Disorders,RaceEthnicity,"NHOPI, NH",443
2020-05,Schizophrenia Spectrum Disorders,RaceEthnicity,"White, NH",524
2020-04,Schizophrenia Spectrum Disorders,RaceEthnicity,"AI/AN, NH",736
2020-04,Schizophrenia Spectrum Disorders,RaceEthnicity,All,744
2020-04,Schizophrenia Spectrum Disorders,RaceEthnicity,"Asian, NH",455
2020-04,Schizophrenia Spectrum Disorders,RaceEthnicity,"Black, NH",1370
2020-04,Schizophrenia Spectrum Disorders,RaceEthnicity,Hispanic,585
2020-04,Schizophrenia Spectrum Disorders,RaceEthnicity,"Multiple/Other, NH",513
2020-04,Schizophrenia Spectrum Disorders,RaceEthnicity,"NHOPI, NH",544
2020-04,Schizophrenia Spectrum Disorders,RaceEthnicity,"White, NH",578
2020-03,Schizophrenia Spectrum Disorders,RaceEthnicity,"AI/AN, NH",559
2020-03,Schizophrenia Spectrum Disorders,RaceEthnicity,All,534
2020-03,Schizophrenia Spectrum Disorders,RaceEthnicity,"Asian, NH",303
2020-03,Schizophrenia Spectrum Disorders,RaceEthnicity,"Black, NH",917
2020-03,Schizophrenia Spectrum Disorders,RaceEthnicity,Hispanic,397
2020-03,Schizophrenia Spectrum Disorders,RaceEthnicity,"Multiple/Other, NH",358
2020-03,Schizophrenia Spectrum Disorders,RaceEthnicity,"NHOPI, NH",336
2020-03,Schizophrenia Spectrum Disorders,RaceEthnicity,"White, NH",439
2020-02,Schizophrenia Spectrum Disorders,RaceEthnicity,"AI/AN, NH",485
2020-02,Schizophrenia Spectrum Disorders,RaceEthnicity,All,461
2020-02,Schizophrenia Spectrum Disorders,RaceEthnicity,"Asian, NH",298
2020-02,Schizophrenia Spectrum Disorders,RaceEthnicity,"Black, NH",805
2020-02,Schizophrenia Spectrum Disorders,RaceEthnicity,Hispanic,343
2020-02,Schizophrenia Spectrum Disorders,RaceEthnicity,"Multiple/Other, NH",319
2020-02,Schizophrenia Spectrum Disorders,RaceEthnicity,"NHOPI, NH",351
2020-02,Schizophrenia Spectrum Disorders,RaceEthnicity,"White, NH",381
2020-01,Schizophrenia Spectrum Disorders,RaceEthnicity,"AI/AN, NH",458
2020-01,Schizophrenia Spectrum Disorders,RaceEthnicity,All,456
2020-01,Schizophrenia Spectrum Disorders,RaceEthnicity,"Asian, NH",273
2020-01,Schizophrenia Spectrum Disorders,RaceEthnicity,"Black, NH",785
2020-01,Schizophrenia Spectrum Disorders,RaceEthnicity,Hispanic,341
2020-01,Schizophrenia Spectrum Disorders,RaceEthnicity,"Multiple/Other, NH",303
2020-01,Schizophrenia Spectrum Disorders,RaceEthnicity,"NHOPI, NH",317
2020-01,Schizophrenia Spectrum Disorders,RaceEthnicity,"White, NH",384
2019-12,Schizophrenia Spectrum Disorders,RaceEthnicity,"AI/AN, NH",447
2019-12,Schizophrenia Spectrum Disorders,RaceEthnicity,All,435
2019-12,Schizophrenia Spectrum Disorders,RaceEthnicity,"Asian, NH",268
2019-12,Schizophrenia Spectrum Disorders,RaceEthnicity,"Black, NH",752
2019-12,Schizophrenia Spectrum Disorders,RaceEthnicity,Hispanic,340
2019-12,Schizophrenia Spectrum Disorders,RaceEthnicity,"Multiple/Other, NH",275
2019-12,Schizophrenia Spectrum Disorders,RaceEthnicity,"NHOPI, NH",298
2019-12,Schizophrenia Spectrum Disorders,RaceEthnicity,"White, NH",360
2019-11,Schizophrenia Spectrum Disorders,RaceEthnicity,"AI/AN, NH",421
2019-11,Schizophrenia Spectrum Disorders,RaceEthnicity,All,460
2019-11,Schizophrenia Spectrum Disorders,RaceEthnicity,"Asian, NH",284
2019-11,Schizophrenia Spectrum Disorders,RaceEthnicity,"Black, NH",798
2019-11,Schizophrenia Spectrum Disorders,RaceEthnicity,Hispanic,359
2019-11,Schizophrenia Spectrum Disorders,RaceEthnicity,"Multiple/Other, NH",302
2019-11,Schizophrenia Spectrum Disorders,RaceEthnicity,"NHOPI, NH",322
2019-11,Schizophrenia Spectrum Disorders,RaceEthnicity,"White, NH",373
2019-10,Schizophrenia Spectrum Disorders,RaceEthnicity,"AI/AN, NH",471
2019-10,Schizophrenia Spectrum Disorders,RaceEthnicity,All,467
2019-10,Schizophrenia Spectrum Disorders,RaceEthnicity,"Asian, NH",279
2019-10,Schizophrenia Spectrum Disorders,RaceEthnicity,"Black, NH",789
2019-10,Schizophrenia Spectrum Disorders,RaceEthnicity,Hispanic,350
2019-10,Schizophrenia Spectrum Disorders,RaceEthnicity,"Multiple/Other, NH",341
2019-10,Schizophrenia Spectrum Disorders,RaceEthnicity,"NHOPI, NH",367
2019-10,Schizophrenia Spectrum Disorders,RaceEthnicity,"White, NH",390
2019-09,Schizophrenia Spectrum Disorders,RaceEthnicity,"AI/AN, NH",505
2019-09,Schizophrenia Spectrum Disorders,RaceEthnicity,All,460
2019-09,Schizophrenia Spectrum Disorders,RaceEthnicity,"Asian, NH",281
2019-09,Schizophrenia Spectrum Disorders,RaceEthnicity,"Black, NH",786
2019-09,Schizophrenia Spectrum Disorders,RaceEthnicity,Hispanic,354
2019-09,Schizophrenia Spectrum Disorders,RaceEthnicity,"Multiple/Other, NH",340
2019-09,Schizophrenia Spectrum Disorders,RaceEthnicity,"NHOPI, NH",336
2019-09,Schizophrenia Spectrum Disorders,RaceEthnicity,"White, NH",378
2019-08,Schizophrenia Spectrum Disorders,RaceEthnicity,"AI/AN, NH",449
2019-08,Schizophrenia Spectrum Disorders,RaceEthnicity,All,482
2019-08,Schizophrenia Spectrum Disorders,RaceEthnicity,"Asian, NH",311
2019-08,Schizophrenia Spectrum Disorders,RaceEthnicity,"Black, NH",826
2019-08,Schizophrenia Spectrum Disorders,RaceEthnicity,Hispanic,382
2019-08,Schizophrenia Spectrum Disorders,RaceEthnicity,"Multiple/Other, NH",342
2019-08,Schizophrenia Spectrum Disorders,RaceEthnicity,"NHOPI, NH",426
2019-08,Schizophrenia Spectrum Disorders,RaceEthnicity,"White, NH",393
2019-07,Schizophrenia Spectrum Disorders,RaceEthnicity,"AI/AN, NH",535
2019-07,Schizophrenia Spectrum Disorders,RaceEthnicity,All,478
2019-07,Schizophrenia Spectrum Disorders,RaceEthnicity,"Asian, NH",303
2019-07,Schizophrenia Spectrum Disorders,RaceEthnicity,"Black, NH",835
2019-07,Schizophrenia Spectrum Disorders,RaceEthnicity,Hispanic,371
2019-07,Schizophrenia Spectrum Disorders,RaceEthnicity,"Multiple/Other, NH",334
2019-07,Schizophrenia Spectrum Disorders,RaceEthnicity,"NHOPI, NH",303
2019-07,Schizophrenia Spectrum Disorders,RaceEthnicity,"White, NH",390
2019-06,Schizophrenia Spectrum Disorders,RaceEthnicity,"AI/AN, NH",551
2019-06,Schizophrenia Spectrum Disorders,RaceEthnicity,All,457
2019-06,Schizophrenia Spectrum Disorders,RaceEthnicity,"Asian, NH",289
2019-06,Schizophrenia Spectrum Disorders,RaceEthnicity,"Black, NH",803
2019-06,Schizophrenia Spectrum Disorders,RaceEthnicity,Hispanic,350
2019-06,Schizophrenia Spectrum Disorders,RaceEthnicity,"Multiple/Other, NH",322
2019-06,Schizophrenia Spectrum Disorders,RaceEthnicity,"NHOPI, NH",285
2019-06,Schizophrenia Spectrum Disorders,RaceEthnicity,"White, NH",367
2019-05,Schizophrenia Spectrum Disorders,RaceEthnicity,"AI/AN, NH",521
2019-05,Schizophrenia Spectrum Disorders,RaceEthnicity,All,444
2019-05,Schizophrenia Spectrum Disorders,RaceEthnicity,"Asian, NH",295
2019-05,Schizophrenia Spectrum Disorders,RaceEthnicity,"Black, NH",763
2019-05,Schizophrenia Spectrum Disorders,RaceEthnicity,Hispanic,318
2019-05,Schizophrenia Spectrum Disorders,RaceEthnicity,"Multiple/Other, NH",302
2019-05,Schizophrenia Spectrum Disorders,RaceEthnicity,"NHOPI, NH",377
2019-05,Schizophrenia Spectrum Disorders,RaceEthnicity,"White, NH",364
2019-04,Schizophrenia Spectrum Disorders,RaceEthnicity,"AI/AN, NH",476
2019-04,Schizophrenia Spectrum Disorders,RaceEthnicity,All,449
2019-04,Schizophrenia Spectrum Disorders,RaceEthnicity,"Asian, NH",314
2019-04,Schizophrenia Spectrum Disorders,RaceEthnicity,"Black, NH",778
2019-04,Schizophrenia Spectrum Disorders,RaceEthnicity,Hispanic,316
2019-04,Schizophrenia Spectrum Disorders,RaceEthnicity,"Multiple/Other, NH",305
2019-04,Schizophrenia Spectrum Disorders,RaceEthnicity,"NHOPI, NH",275
2019-04,Schizophrenia Spectrum Disorders,RaceEthnicity,"White, NH",368
2019-03,Schizophrenia Spectrum Disorders,RaceEthnicity,"AI/AN, NH",440
2019-03,Schizophrenia Spectrum Disorders,RaceEthnicity,All,428
2019-03,Schizophrenia Spectrum Disorders,RaceEthnicity,"Asian, NH",251
2019-03,Schizophrenia Spectrum Disorders,RaceEthnicity,"Black, NH",733
2019-03,Schizophrenia Spectrum Disorders,RaceEthnicity,Hispanic,307
2019-03,Schizophrenia Spectrum Disorders,RaceEthnicity,"Multiple/Other, NH",290
2019-03,Schizophrenia Spectrum Disorders,RaceEthnicity,"NHOPI, NH",257
2019-03,Schizophrenia Spectrum Disorders,RaceEthnicity,"White, NH",352
2019-02,Schizophrenia Spectrum Disorders,RaceEthnicity,"AI/AN, NH",551
2019-02,Schizophrenia Spectrum Disorders,RaceEthnicity,All,423
2019-02,Schizophrenia Spectrum Disorders,RaceEthnicity,"Asian, NH",280
2019-02,Schizophrenia Spectrum Disorders,RaceEthnicity,"Black, NH",741
2019-02,Schizophrenia Spectrum Disorders,RaceEthnicity,Hispanic,294
2019-02,Schizophrenia Spectrum Disorders,RaceEthnicity,"Multiple/Other, NH",270
2019-02,Schizophrenia Spectrum Disorders,RaceEthnicity,"NHOPI, NH",227
2019-02,Schizophrenia Spectrum Disorders,RaceEthnicity,"White, NH",348
2019-01,Schizophrenia Spectrum Disorders,RaceEthnicity,"AI/AN, NH",511
2019-01,Schizophrenia Spectrum Disorders,RaceEthnicity,All,405
2019-01,Schizophrenia Spectrum Disorders,RaceEthnicity,"Asian, NH",252
2019-01,Schizophrenia Spectrum Disorders,RaceEthnicity,"Black, NH",737
2019-01,Schizophrenia Spectrum Disorders,RaceEthnicity,Hispanic,307
2019-01,Schizophrenia Spectrum Disorders,RaceEthnicity,"Multiple/Other, NH",296
2019-01,Schizophrenia Spectrum Disorders,RaceEthnicity,"NHOPI, NH",297
2019-01,Schizophrenia Spectrum Disorders,RaceEthnicity,"White, NH",342
2025-12,Suspected Suicide Attempts,RaceEthnicity,"AI/AN, NH",279
2025-12,Suspected Suicide Attempts,RaceEthnicity,All,136
2025-12,Suspected Suicide Attempts,RaceEthnicity,"Asian, NH",128
2025-12,Suspected Suicide Attempts,RaceEthnicity,"Black, NH",111
2025-12,Suspected Suicide Attempts,RaceEthnicity,Hispanic,121
2025-12,Suspected Suicide Attempts,RaceEthnicity,"Multiple/Other, NH",150
2025-12,Suspected Suicide Attempts,RaceEthnicity,"NHOPI, NH",118
2025-12,Suspected Suicide Attempts,RaceEthnicity,"White, NH",150
2025-11,Suspected Suicide Attempts,RaceEthnicity,"AI/AN, NH",366
2025-11,Suspected Suicide Attempts,RaceEthnicity,All,165
2025-11,Suspected Suicide Attempts,RaceEthnicity,"Asian, NH",152
2025-11,Suspected Suicide Attempts,RaceEthnicity,"Black, NH",134
2025-11,Suspected Suicide Attempts,RaceEthnicity,Hispanic,150
2025-11,Suspected Suicide Attempts,RaceEthnicity,"Multiple/Other, NH",191
2025-11,Suspected Suicide Attempts,RaceEthnicity,"NHOPI, NH",126
2025-11,Suspected Suicide Attempts,RaceEthnicity,"White, NH",178
2025-10,Suspected Suicide Attempts,RaceEthnicity,"AI/AN, NH",302
2025-10,Suspected Suicide Attempts,RaceEthnicity,All,160
2025-10,Suspected Suicide Attempts,RaceEthnicity,"Asian, NH",148
2025-10,Suspected Suicide Attempts,RaceEthnicity,"Black, NH",130
2025-10,Suspected Suicide Attempts,RaceEthnicity,Hispanic,149
2025-10,Suspected Suicide Attempts,RaceEthnicity,"Multiple/Other, NH",165
2025-10,Suspected Suicide Attempts,RaceEthnicity,"NHOPI, NH",115
2025-10,Suspected Suicide Attempts,RaceEthnicity,"White, NH",174
2025-09,Suspected Suicide Attempts,RaceEthnicity,"AI/AN, NH",304
2025-09,Suspected Suicide Attempts,RaceEthnicity,All,158
2025-09,Suspected Suicide Attempts,RaceEthnicity,"Asian, NH",149
2025-09,Suspected Suicide Attempts,RaceEthnicity,"Black, NH",125
2025-09,Suspected Suicide Attempts,RaceEthnicity,Hispanic,144
2025-09,Suspected Suicide Attempts,RaceEthnicity,"Multiple/Other, NH",180
2025-09,Suspected Suicide Attempts,RaceEthnicity,"NHOPI, NH",120
2025-09,Suspected Suicide Attempts,RaceEthnicity,"White, NH",171
2025-08,Suspected Suicide Attempts,RaceEthnicity,"AI/AN, NH",310
2025-08,Suspected Suicide Attempts,RaceEthnicity,All,152
2025-08,Suspected Suicide Attempts,RaceEthnicity,"Asian, NH",129
2025-08,Suspected Suicide Attempts,RaceEthnicity,"Black, NH",118
2025-08,Suspected Suicide Attempts,RaceEthnicity,Hispanic,145
2025-08,Suspected Suicide Attempts,RaceEthnicity,"Multiple/Other, NH",161
2025-08,Suspected Suicide Attempts,RaceEthnicity,"NHOPI, NH",152
2025-08,Suspected Suicide Attempts,RaceEthnicity,"White, NH",164
2025-07,Suspected Suicide Attempts,RaceEthnicity,"AI/AN, NH",333
2025-07,Suspected Suicide Attempts,RaceEthnicity,All,154
2025-07,Suspected Suicide Attempts,RaceEthnicity,"Asian, NH",122
2025-07,Suspected Suicide Attempts,RaceEthnicity,"Black, NH",119
2025-07,Suspected Suicide Attempts,RaceEthnicity,Hispanic,151
2025-07,Suspected Suicide Attempts,RaceEthnicity,"Multiple/Other, NH",168
2025-07,Suspected Suicide Attempts,RaceEthnicity,"NHOPI, NH",133
2025-07,Suspected Suicide Attempts,RaceEthnicity,"White, NH",166
2025-06,Suspected Suicide Attempts,RaceEthnicity,"AI/AN, NH",302
2025-06,Suspected Suicide Attempts,RaceEthnicity,All,151
2025-06,Suspected Suicide Attempts,RaceEthnicity,"Asian, NH",129
2025-06,Suspected Suicide Attempts,RaceEthnicity,"Black, NH",119
2025-06,Suspected Suicide Attempts,RaceEthnicity,Hispanic,135
2025-06,Suspected Suicide Attempts,RaceEthnicity,"Multiple/Other, NH",179
2025-06,Suspected Suicide Attempts,RaceEthnicity,"NHOPI, NH",151
2025-06,Suspected Suicide Attempts,RaceEthnicity,"White, NH",164
2025-05,Suspected Suicide Attempts,RaceEthnicity,"AI/AN, NH",293
2025-05,Suspected Suicide Attempts,RaceEthnicity,All,155
2025-05,Suspected Suicide Attempts,RaceEthnicity,"Asian, NH",143
2025-05,Suspected Suicide Attempts,RaceEthnicity,"Black, NH",120
2025-05,Suspected Suicide Attempts,RaceEthnicity,Hispanic,136
2025-05,Suspected Suicide Attempts,RaceEthnicity,"Multiple/Other, NH",171
2025-05,Suspected Suicide Attempts,RaceEthnicity,"NHOPI, NH",141
2025-05,Suspected Suicide Attempts,RaceEthnicity,"White, NH",171
2025-04,Suspected Suicide Attempts,RaceEthnicity,"AI/AN, NH",284
2025-04,Suspected Suicide Attempts,RaceEthnicity,All,153
2025-04,Suspected Suicide Attempts,RaceEthnicity,"Asian, NH",146
2025-04,Suspected Suicide Attempts,RaceEthnicity,"Black, NH",121
2025-04,Suspected Suicide Attempts,RaceEthnicity,Hispanic,138
2025-04,Suspected Suicide Attempts,RaceEthnicity,"Multiple/Other, NH",156
2025-04,Suspected Suicide Attempts,RaceEthnicity,"NHOPI, NH",98
2025-04,Suspected Suicide Attempts,RaceEthnicity,"White, NH",170
2025-03,Suspected Suicide Attempts,RaceEthnicity,"AI/AN, NH",289
2025-03,Suspected Suicide Attempts,RaceEthnicity,All,149
2025-03,Suspected Suicide Attempts,RaceEthnicity,"Asian, NH",136
2025-03,Suspected Suicide Attempts,RaceEthnicity,"Black, NH",112
2025-03,Suspected Suicide Attempts,RaceEthnicity,Hispanic,128
2025-03,Suspected Suicide Attempts,RaceEthnicity,"Multiple/Other, NH",154
2025-03,Suspected Suicide Attempts,RaceEthnicity,"NHOPI, NH",140
2025-03,Suspected Suicide Attempts,RaceEthnicity,"White, NH",167
2025-02,Suspected Suicide Attempts,RaceEthnicity,"AI/AN, NH",298
2025-02,Suspected Suicide Attempts,RaceEthnicity,All,138
2025-02,Suspected Suicide Attempts,RaceEthnicity,"Asian, NH",114
2025-02,Suspected Suicide Attempts,RaceEthnicity,"Black, NH",102
2025-02,Suspected Suicide Attempts,RaceEthnicity,Hispanic,123
2025-02,Suspected Suicide Attempts,RaceEthnicity,"Multiple/Other, NH",158
2025-02,Suspected Suicide Attempts,RaceEthnicity,"NHOPI, NH",116
2025-02,Suspected Suicide Attempts,RaceEthnicity,"White, NH",155
2025-01,Suspected Suicide Attempts,RaceEthnicity,"AI/AN, NH",279
2025-01,Suspected Suicide Attempts,RaceEthnicity,All,134
2025-01,Suspected Suicide Attempts,RaceEthnicity,"Asian, NH",122
2025-01,Suspected Suicide Attempts,RaceEthnicity,"Black, NH",103
2025-01,Suspected Suicide Attempts,RaceEthnicity,Hispanic,115
2025-01,Suspected Suicide Attempts,RaceEthnicity,"Multiple/Other, NH",137
2025-01,Suspected Suicide Attempts,RaceEthnicity,"NHOPI, NH",97
2025-01,Suspected Suicide Attempts,RaceEthnicity,"White, NH",151
2024-12,Suspected Suicide Attempts,RaceEthnicity,"AI/AN, NH",267
2024-12,Suspected Suicide Attempts,RaceEthnicity,All,129
2024-12,Suspected Suicide Attempts,RaceEthnicity,"Asian, NH",119
2024-12,Suspected Suicide Attempts,RaceEthnicity,"Black, NH",103
2024-12,Suspected Suicide Attempts,RaceEthnicity,Hispanic,119
2024-12,Suspected Suicide Attempts,RaceEthnicity,"Multiple/Other, NH",133
2024-12,Suspected Suicide Attempts,RaceEthnicity,"NHOPI, NH",121
2024-12,Suspected Suicide Attempts,RaceEthnicity,"White, NH",141
2024-11,Suspected Suicide Attempts,RaceEthnicity,"AI/AN, NH",355
2024-11,Suspected Suicide Attempts,RaceEthnicity,All,148
2024-11,Suspected Suicide Attempts,RaceEthnicity,"Asian, NH",142
2024-11,Suspected Suicide Attempts,RaceEthnicity,"Black, NH",117
2024-11,Suspected Suicide Attempts,RaceEthnicity,Hispanic,130
2024-11,Suspected Suicide Attempts,RaceEthnicity,"Multiple/Other, NH",158
2024-11,Suspected Suicide Attempts,RaceEthnicity,"NHOPI, NH",102
2024-11,Suspected Suicide Attempts,RaceEthnicity,"White, NH",164
2024-10,Suspected Suicide Attempts,RaceEthnicity,"AI/AN, NH",332
2024-10,Suspected Suicide Attempts,RaceEthnicity,All,155
2024-10,Suspected Suicide Attempts,RaceEthnicity,"Asian, NH",135
2024-10,Suspected Suicide Attempts,RaceEthnicity,"Black, NH",125
2024-10,Suspected Suicide Attempts,RaceEthnicity,Hispanic,143
2024-10,Suspected Suicide Attempts,RaceEthnicity,"Multiple/Other, NH",158
2024-10,Suspected Suicide Attempts,RaceEthnicity,"NHOPI, NH",106
2024-10,Suspected Suicide Attempts,RaceEthnicity,"White, NH",168
2024-09,Suspected Suicide Attempts,RaceEthnicity,"AI/AN, NH",305
2024-09,Suspected Suicide Attempts,RaceEthnicity,All,157
2024-09,Suspected Suicide Attempts,RaceEthnicity,"Asian, NH",149
2024-09,Suspected Suicide Attempts,RaceEthnicity,"Black, NH",120
2024-09,Suspected Suicide Attempts,RaceEthnicity,Hispanic,146
2024-09,Suspected Suicide Attempts,RaceEthnicity,"Multiple/Other, NH",159
2024-09,Suspected Suicide Attempts,RaceEthnicity,"NHOPI, NH",156
2024-09,Suspected Suicide Attempts,RaceEthnicity,"White, NH",175
2024-08,Suspected Suicide Attempts,RaceEthnicity,"AI/AN, NH",253
2024-08,Suspected Suicide Attempts,RaceEthnicity,All,150
2024-08,Suspected Suicide Attempts,RaceEthnicity,"Asian, NH",133
2024-08,Suspected Suicide Attempts,RaceEthnicity,"Black, NH",117
2024-08,Suspected Suicide Attempts,RaceEthnicity,Hispanic,138
2024-08,Suspected Suicide Attempts,RaceEthnicity,"Multiple/Other, NH",145
2024-08,Suspected Suicide Attempts,RaceEthnicity,"NHOPI, NH",143
2024-08,Suspected Suicide Attempts,RaceEthnicity,"White, NH",166
2024-07,Suspected Suicide Attempts,RaceEthnicity,"AI/AN, NH",287
2024-07,Suspected Suicide Attempts,RaceEthnicity,All,148
2024-07,Suspected Suicide Attempts,RaceEthnicity,"Asian, NH",121
2024-07,Suspected Suicide Attempts,RaceEthnicity,"Black, NH",115
2024-07,Suspected Suicide Attempts,RaceEthnicity,Hispanic,140
2024-07,Suspected Suicide Attempts,RaceEthnicity,"Multiple/Other, NH",151
2024-07,Suspected Suicide Attempts,RaceEthnicity,"NHOPI, NH",98
2024-07,Suspected Suicide Attempts,RaceEthnicity,"White, NH",162
2024-06,Suspected Suicide Attempts,RaceEthnicity,"AI/AN, NH",271
2024-06,Suspected Suicide Attempts,RaceEthnicity,All,147
2024-06,Suspected Suicide Attempts,RaceEthnicity,"Asian, NH",135
2024-06,Suspected Suicide Attempts,RaceEthnicity,"Black, NH",118
2024-06,Suspected Suicide Attempts,RaceEthnicity,Hispanic,137
2024-06,Suspected Suicide Attempts,RaceEthnicity,"Multiple/Other, NH",152
2024-06,Suspected Suicide Attempts,RaceEthnicity,"NHOPI, NH",97
2024-06,Suspected Suicide Attempts,RaceEthnicity,"White, NH",161
2024-05,Suspected Suicide Attempts,RaceEthnicity,"AI/AN, NH",314
2024-05,Suspected Suicide Attempts,RaceEthnicity,All,149
2024-05,Suspected Suicide Attempts,RaceEthnicity,"Asian, NH",143
2024-05,Suspected Suicide Attempts,RaceEthnicity,"Black, NH",116
2024-05,Suspected Suicide Attempts,RaceEthnicity,Hispanic,143
2024-05,Suspected Suicide Attempts,RaceEthnicity,"Multiple/Other, NH",140
2024-05,Suspected Suicide Attempts,RaceEthnicity,"NHOPI, NH",151
2024-05,Suspected Suicide Attempts,RaceEthnicity,"White, NH",162
2024-04,Suspected Suicide Attempts,RaceEthnicity,"AI/AN, NH",294
2024-04,Suspected Suicide Attempts,RaceEthnicity,All,153
2024-04,Suspected Suicide Attempts,RaceEthnicity,"Asian, NH",140
2024-04,Suspected Suicide Attempts,RaceEthnicity,"Black, NH",120
2024-04,Suspected Suicide Attempts,RaceEthnicity,Hispanic,139
2024-04,Suspected Suicide Attempts,RaceEthnicity,"Multiple/Other, NH",159
2024-04,Suspected Suicide Attempts,RaceEthnicity,"NHOPI, NH",121
2024-04,Suspected Suicide Attempts,RaceEthnicity,"White, NH",169
2024-03,Suspected Suicide Attempts,RaceEthnicity,"AI/AN, NH",301
2024-03,Suspected Suicide Attempts,RaceEthnicity,All,144
2024-03,Suspected Suicide Attempts,RaceEthnicity,"Asian, NH",125
2024-03,Suspected Suicide Attempts,RaceEthnicity,"Black, NH",113
2024-03,Suspected Suicide Attempts,RaceEthnicity,Hispanic,131
2024-03,Suspected Suicide Attempts,RaceEthnicity,"Multiple/Other, NH",143
2024-03,Suspected Suicide Attempts,RaceEthnicity,"NHOPI, NH",135
2024-03,Suspected Suicide Attempts,RaceEthnicity,"White, NH",159
2024-02,Suspected Suicide Attempts,RaceEthnicity,"AI/AN, NH",249
2024-02,Suspected Suicide Attempts,RaceEthnicity,All,141
2024-02,Suspected Suicide Attempts,RaceEthnicity,"Asian, NH",120
2024-02,Suspected Suicide Attempts,RaceEthnicity,"Black, NH",108
2024-02,Suspected Suicide Attempts,RaceEthnicity,Hispanic,125
2024-02,Suspected Suicide Attempts,RaceEthnicity,"Multiple/Other, NH",141
2024-02,Suspected Suicide Attempts,RaceEthnicity,"NHOPI, NH",137
2024-02,Suspected Suicide Attempts,RaceEthnicity,"White, NH",158
2024-01,Suspected Suicide Attempts,RaceEthnicity,"AI/AN, NH",249
2024-01,Suspected Suicide Attempts,RaceEthnicity,All,143
2024-01,Suspected Suicide Attempts,RaceEthnicity,"Asian, NH",131
2024-01,Suspected Suicide Attempts,RaceEthnicity,"Black, NH",105
2024-01,Suspected Suicide Attempts,RaceEthnicity,Hispanic,127
2024-01,Suspected Suicide Attempts,RaceEthnicity,"Multiple/Other, NH",139
2024-01,Suspected Suicide Attempts,RaceEthnicity,"NHOPI, NH",111
2024-01,Suspected Suicide Attempts,RaceEthnicity,"White, NH",162
2023-12,Suspected Suicide Attempts,RaceEthnicity,"AI/AN, NH",204
2023-12,Suspected Suicide Attempts,RaceEthnicity,All,124
2023-12,Suspected Suicide Attempts,RaceEthnicity,"Asian, NH",105
2023-12,Suspected Suicide Attempts,RaceEthnicity,"Black, NH",97
2023-12,Suspected Suicide Attempts,RaceEthnicity,Hispanic,107
2023-12,Suspected Suicide Attempts,RaceEthnicity,"Multiple/Other, NH",121
2023-12,Suspected Suicide Attempts,RaceEthnicity,"NHOPI, NH",154
2023-12,Suspected Suicide Attempts,RaceEthnicity,"White, NH",140
2023-11,Suspected Suicide Attempts,RaceEthnicity,"AI/AN, NH",272
2023-11,Suspected Suicide Attempts,RaceEthnicity,All,141
2023-11,Suspected Suicide Attempts,RaceEthnicity,"Asian, NH",128
2023-11,Suspected Suicide Attempts,RaceEthnicity,"Black, NH",110
2023-11,Suspected Suicide Attempts,RaceEthnicity,Hispanic,126
2023-11,Suspected Suicide Attempts,RaceEthnicity,"Multiple/Other, NH",138
2023-11,Suspected Suicide Attempts,RaceEthnicity,"NHOPI, NH",121
2023-11,Suspected Suicide Attempts,RaceEthnicity,"White, NH",158
2023-10,Suspected Suicide Attempts,RaceEthnicity,"AI/AN, NH",288
2023-10,Suspected Suicide Attempts,RaceEthnicity,All,150
2023-10,Suspected Suicide Attempts,RaceEthnicity,"Asian, NH",137
2023-10,Suspected Suicide Attempts,RaceEthnicity,"Black, NH",116
2023-10,Suspected Suicide Attempts,RaceEthnicity,Hispanic,134
2023-10,Suspected Suicide Attempts,RaceEthnicity,"Multiple/Other, NH",140
2023-10,Suspected Suicide Attempts,RaceEthnicity,"NHOPI, NH",173
2023-10,Suspected Suicide Attempts,RaceEthnicity,"White, NH",170
2023-09,Suspected Suicide Attempts,RaceEthnicity,"AI/AN, NH",306
2023-09,Suspected Suicide Attempts,RaceEthnicity,All,150
2023-09,Suspected Suicide Attempts,RaceEthnicity,"Asian, NH",130
2023-09,Suspected Suicide Attempts,RaceEthnicity,"Black, NH",114
2023-09,Suspected Suicide Attempts,RaceEthnicity,Hispanic,136
2023-09,Suspected Suicide Attempts,RaceEthnicity,"Multiple/Other, NH",149
2023-09,Suspected Suicide Attempts,RaceEthnicity,"NHOPI, NH",168
2023-09,Suspected Suicide Attempts,RaceEthnicity,"White, NH",168
2023-08,Suspected Suicide Attempts,RaceEthnicity,"AI/AN, NH",287
2023-08,Suspected Suicide Attempts,RaceEthnicity,All,150
2023-08,Suspected Suicide Attempts,RaceEthnicity,"Asian, NH",124
2023-08,Suspected Suicide Attempts,RaceEthnicity,"Black, NH",116
2023-08,Suspected Suicide Attempts,RaceEthnicity,Hispanic,139
2023-08,Suspected Suicide Attempts,RaceEthnicity,"Multiple/Other, NH",149
2023-08,Suspected Suicide Attempts,RaceEthnicity,"NHOPI, NH",131
2023-08,Suspected Suicide Attempts,RaceEthnicity,"White, NH",168
2023-07,Suspected Suicide Attempts,RaceEthnicity,"AI/AN, NH",303
2023-07,Suspected Suicide Attempts,RaceEthnicity,All,152
2023-07,Suspected Suicide Attempts,RaceEthnicity,"Asian, NH",128
2023-07,Suspected Suicide Attempts,RaceEthnicity,"Black, NH",129
2023-07,Suspected Suicide Attempts,RaceEthnicity,Hispanic,136
2023-07,Suspected Suicide Attempts,RaceEthnicity,"Multiple/Other, NH",143
2023-07,Suspected Suicide Attempts,RaceEthnicity,"NHOPI, NH",164
2023-07,Suspected Suicide Attempts,RaceEthnicity,"White, NH",169
2023-06,Suspected Suicide Attempts,RaceEthnicity,"AI/AN, NH",308
2023-06,Suspected Suicide Attempts,RaceEthnicity,All,148
2023-06,Suspected Suicide Attempts,RaceEthnicity,"Asian, NH",125
2023-06,Suspected Suicide Attempts,RaceEthnicity,"Black, NH",118
2023-06,Suspected Suicide Attempts,RaceEthnicity,Hispanic,137
2023-06,Suspected Suicide Attempts,RaceEthnicity,"Multiple/Other, NH",143
2023-06,Suspected Suicide Attempts,RaceEthnicity,"NHOPI, NH",186
2023-06,Suspected Suicide Attempts,RaceEthnicity,"White, NH",165
2023-05,Suspected Suicide Attempts,RaceEthnicity,"AI/AN, NH",335
2023-05,Suspected Suicide Attempts,RaceEthnicity,All,157
2023-05,Suspected Suicide Attempts,RaceEthnicity,"Asian, NH",132
2023-05,Suspected Suicide Attempts,RaceEthnicity,"Black, NH",129
2023-05,Suspected Suicide Attempts,RaceEthnicity,Hispanic,144
2023-05,Suspected Suicide Attempts,RaceEthnicity,"Multiple/Other, NH",154
2023-05,Suspected Suicide Attempts,RaceEthnicity,"NHOPI, NH",193
2023-05,Suspected Suicide Attempts,RaceEthnicity,"White, NH",174
2023-04,Suspected Suicide Attempts,RaceEthnicity,"AI/AN, NH",296
2023-04,Suspected Suicide Attempts,RaceEthnicity,All,164
2023-04,Suspected Suicide Attempts,RaceEthnicity,"Asian, NH",140
2023-04,Suspected Suicide Attempts,RaceEthnicity,"Black, NH",131
2023-04,Suspected Suicide Attempts,RaceEthnicity,Hispanic,152
2023-04,Suspected Suicide Attempts,RaceEthnicity,"Multiple/Other, NH",153
2023-04,Suspected Suicide Attempts,RaceEthnicity,"NHOPI, NH",111
2023-04,Suspected Suicide Attempts,RaceEthnicity,"White, NH",184
2023-03,Suspected Suicide Attempts,RaceEthnicity,"AI/AN, NH",331
2023-03,Suspected Suicide Attempts,RaceEthnicity,All,161
2023-03,Suspected Suicide Attempts,RaceEthnicity,"Asian, NH",129
2023-03,Suspected Suicide Attempts,RaceEthnicity,"Black, NH",129
2023-03,Suspected Suicide Attempts,RaceEthnicity,Hispanic,142
2023-03,Suspected Suicide Attempts,RaceEthnicity,"Multiple/Other, NH",156
2023-03,Suspected Suicide Attempts,RaceEthnicity,"NHOPI, NH",166
2023-03,Suspected Suicide Attempts,RaceEthnicity,"White, NH",182
2023-02,Suspected Suicide Attempts,RaceEthnicity,"AI/AN, NH",334
2023-02,Suspected Suicide Attempts,RaceEthnicity,All,169
2023-02,Suspected Suicide Attempts,RaceEthnicity,"Asian, NH",152
2023-02,Suspected Suicide Attempts,RaceEthnicity,"Black, NH",132
2023-02,Suspected Suicide Attempts,RaceEthnicity,Hispanic,154
2023-02,Suspected Suicide Attempts,RaceEthnicity,"Multiple/Other, NH",168
2023-02,Suspected Suicide Attempts,RaceEthnicity,"NHOPI, NH",197
2023-02,Suspected Suicide Attempts,RaceEthnicity,"White, NH",190
2023-01,Suspected Suicide Attempts,RaceEthnicity,"AI/AN, NH",356
2023-01,Suspected Suicide Attempts,RaceEthnicity,All,167
2023-01,Suspected Suicide Attempts,RaceEthnicity,"Asian, NH",149
2023-01,Suspected Suicide Attempts,RaceEthnicity,"Black, NH",141
2023-01,Suspected Suicide Attempts,RaceEthnicity,Hispanic,149
2023-01,Suspected Suicide Attempts,RaceEthnicity,"Multiple/Other, NH",162
2023-01,Suspected Suicide Attempts,RaceEthnicity,"NHOPI, NH",195
2023-01,Suspected Suicide Attempts,RaceEthnicity,"White, NH",184
2022-12,Suspected Suicide Attempts,RaceEthnicity,"AI/AN, NH",264
2022-12,Suspected Suicide Attempts,RaceEthnicity,All,136
2022-12,Suspected Suicide Attempts,RaceEthnicity,"Asian, NH",119
2022-12,Suspected Suicide Attempts,RaceEthnicity,"Black, NH",111
2022-12,Suspected Suicide Attempts,RaceEthnicity,Hispanic,123
2022-12,Suspected Suicide Attempts,RaceEthnicity,"Multiple/Other, NH",130
2022-12,Suspected Suicide Attempts,RaceEthnicity,"NHOPI, NH",174
2022-12,Suspected Suicide Attempts,RaceEthnicity,"White, NH",150
2022-11,Suspected Suicide Attempts,RaceEthnicity,"AI/AN, NH",261
2022-11,Suspected Suicide Attempts,RaceEthnicity,All,139
2022-11,Suspected Suicide Attempts,RaceEthnicity,"Asian, NH",135
2022-11,Suspected Suicide Attempts,RaceEthnicity,"Black, NH",107
2022-11,Suspected Suicide Attempts,RaceEthnicity,Hispanic,119
2022-11,Suspected Suicide Attempts,RaceEthnicity,"Multiple/Other, NH",133
2022-11,Suspected Suicide Attempts,RaceEthnicity,"NHOPI, NH",134
2022-11,Suspected Suicide Attempts,RaceEthnicity,"White, NH",159
2022-10,Suspected Suicide Attempts,RaceEthnicity,"AI/AN, NH",281
2022-10,Suspected Suicide Attempts,RaceEthnicity,All,152
2022-10,Suspected Suicide Attempts,RaceEthnicity,"Asian, NH",126
2022-10,Suspected Suicide Attempts,RaceEthnicity,"Black, NH",116
2022-10,Suspected Suicide Attempts,RaceEthnicity,Hispanic,137
2022-10,Suspected Suicide Attempts,RaceEthnicity,"Multiple/Other, NH",145
2022-10,Suspected Suicide Attempts,RaceEthnicity,"NHOPI, NH",117
2022-10,Suspected Suicide Attempts,RaceEthnicity,"White, NH",173
2022-09,Suspected Suicide Attempts,RaceEthnicity,"AI/AN, NH",318
2022-09,Suspected Suicide Attempts,RaceEthnicity,All,157
2022-09,Suspected Suicide Attempts,RaceEthnicity,"Asian, NH",163
2022-09,Suspected Suicide Attempts,RaceEthnicity,"Black, NH",121
2022-09,Suspected Suicide Attempts,RaceEthnicity,Hispanic,147
2022-09,Suspected Suicide Attempts,RaceEthnicity,"Multiple/Other, NH",155
2022-09,Suspected Suicide Attempts,RaceEthnicity,"NHOPI, NH",142
2022-09,Suspected Suicide Attempts,RaceEthnicity,"White, NH",175
2022-08,Suspected Suicide Attempts,RaceEthnicity,"AI/AN, NH",300
2022-08,Suspected Suicide Attempts,RaceEthnicity,All,148
2022-08,Suspected Suicide Attempts,RaceEthnicity,"Asian, NH",137
2022-08,Suspected Suicide Attempts,RaceEthnicity,"Black, NH",106
2022-08,Suspected Suicide Attempts,RaceEthnicity,Hispanic,144
2022-08,Suspected Suicide Attempts,RaceEthnicity,"Multiple/Other, NH",137
2022-08,Suspected Suicide Attempts,RaceEthnicity,"NHOPI, NH",190
2022-08,Suspected Suicide Attempts,RaceEthnicity,"White, NH",166
2022-07,Suspected Suicide Attempts,RaceEthnicity,"AI/AN, NH",276
2022-07,Suspected Suicide Attempts,RaceEthnicity,All,145
2022-07,Suspected Suicide Attempts,RaceEthnicity,"Asian, NH",116
2022-07,Suspected Suicide Attempts,RaceEthnicity,"Black, NH",110
2022-07,Suspected Suicide Attempts,RaceEthnicity,Hispanic,143
2022-07,Suspected Suicide Attempts,RaceEthnicity,"Multiple/Other, NH",142
2022-07,Suspected Suicide Attempts,RaceEthnicity,"NHOPI, NH",137
2022-07,Suspected Suicide Attempts,RaceEthnicity,"White, NH",161
2022-06,Suspected Suicide Attempts,RaceEthnicity,"AI/AN, NH",280
2022-06,Suspected Suicide Attempts,RaceEthnicity,All,146
2022-06,Suspected Suicide Attempts,RaceEthnicity,"Asian, NH",108
2022-06,Suspected Suicide Attempts,RaceEthnicity,"Black, NH",110
2022-06,Suspected Suicide Attempts,RaceEthnicity,Hispanic,142
2022-06,Suspected Suicide Attempts,RaceEthnicity,"Multiple/Other, NH",149
2022-06,Suspected Suicide Attempts,RaceEthnicity,"NHOPI, NH",159
2022-06,Suspected Suicide Attempts,RaceEthnicity,"White, NH",163
2022-05,Suspected Suicide Attempts,RaceEthnicity,"AI/AN, NH",313
2022-05,Suspected Suicide Attempts,RaceEthnicity,All,159
2022-05,Suspected Suicide Attempts,RaceEthnicity,"Asian, NH",139
2022-05,Suspected Suicide Attempts,RaceEthnicity,"Black, NH",126
2022-05,Suspected Suicide Attempts,RaceEthnicity,Hispanic,153
2022-05,Suspected Suicide Attempts,RaceEthnicity,"Multiple/Other, NH",143
2022-05,Suspected Suicide Attempts,RaceEthnicity,"NHOPI, NH",143
2022-05,Suspected Suicide Attempts,RaceEthnicity,"White, NH",177
2022-04,Suspected Suicide Attempts,RaceEthnicity,"AI/AN, NH",287
2022-04,Suspected Suicide Attempts,RaceEthnicity,All,161
2022-04,Suspected Suicide Attempts,RaceEthnicity,"Asian, NH",133
2022-04,Suspected Suicide Attempts,RaceEthnicity,"Black, NH",121
2022-04,Suspected Suicide Attempts,RaceEthnicity,Hispanic,152
2022-04,Suspected Suicide Attempts,RaceEthnicity,"Multiple/Other, NH",153
2022-04,Suspected Suicide Attempts,RaceEthnicity,"NHOPI, NH",199
2022-04,Suspected Suicide Attempts,RaceEthnicity,"White, NH",183
2022-03,Suspected Suicide Attempts,RaceEthnicity,"AI/AN, NH",290
2022-03,Suspected Suicide Attempts,RaceEthnicity,All,172
2022-03,Suspected Suicide Attempts,RaceEthnicity,"Asian, NH",156
2022-03,Suspected Suicide Attempts,RaceEthnicity,"Black, NH",126
2022-03,Suspected Suicide Attempts,RaceEthnicity,Hispanic,170
2022-03,Suspected Suicide Attempts,RaceEthnicity,"Multiple/Other, NH",166
2022-03,Suspected Suicide Attempts,RaceEthnicity,"NHOPI, NH",204
2022-03,Suspected Suicide Attempts,RaceEthnicity,"White, NH",193
2022-02,Suspected Suicide Attempts,RaceEthnicity,"AI/AN, NH",389
2022-02,Suspected Suicide Attempts,RaceEthnicity,All,189
2022-02,Suspected Suicide Attempts,RaceEthnicity,"Asian, NH",176
2022-02,Suspected Suicide Attempts,RaceEthnicity,"Black, NH",146
2022-02,Suspected Suicide Attempts,RaceEthnicity,Hispanic,199
2022-02,Suspected Suicide Attempts,RaceEthnicity,"Multiple/Other, NH",173
2022-02,Suspected Suicide Attempts,RaceEthnicity,"NHOPI, NH",233
2022-02,Suspected Suicide Attempts,RaceEthnicity,"White, NH",205
2022-01,Suspected Suicide Attempts,RaceEthnicity,"AI/AN, NH",312
2022-01,Suspected Suicide Attempts,RaceEthnicity,All,154
2022-01,Suspected Suicide Attempts,RaceEthnicity,"Asian, NH",132
2022-01,Suspected Suicide Attempts,RaceEthnicity,"Black, NH",109
2022-01,Suspected Suicide Attempts,RaceEthnicity,Hispanic,155
2022-01,Suspected Suicide Attempts,RaceEthnicity,"Multiple/Other, NH",147
2022-01,Suspected Suicide Attempts,RaceEthnicity,"NHOPI, NH",164
2022-01,Suspected Suicide Attempts,RaceEthnicity,"White, NH",174
2021-12,Suspected Suicide Attempts,RaceEthnicity,"AI/AN, NH",290
2021-12,Suspected Suicide Attempts,RaceEthnicity,All,137
2021-12,Suspected Suicide Attempts,RaceEthnicity,"Asian, NH",115
2021-12,Suspected Suicide Attempts,RaceEthnicity,"Black, NH",103
2021-12,Suspected Suicide Attempts,RaceEthnicity,Hispanic,130
2021-12,Suspected Suicide Attempts,RaceEthnicity,"Multiple/Other, NH",128
2021-12,Suspected Suicide Attempts,RaceEthnicity,"NHOPI, NH",179
2021-12,Suspected Suicide Attempts,RaceEthnicity,"White, NH",156
2021-11,Suspected Suicide Attempts,RaceEthnicity,"AI/AN, NH",352
2021-11,Suspected Suicide Attempts,RaceEthnicity,All,165
2021-11,Suspected Suicide Attempts,RaceEthnicity,"Asian, NH",146
2021-11,Suspected Suicide Attempts,RaceEthnicity,"Black, NH",126
2021-11,Suspected Suicide Attempts,RaceEthnicity,Hispanic,171
2021-11,Suspected Suicide Attempts,RaceEthnicity,"Multiple/Other, NH",148
2021-11,Suspected Suicide Attempts,RaceEthnicity,"NHOPI, NH",149
2021-11,Suspected Suicide Attempts,RaceEthnicity,"White, NH",182
2021-10,Suspected Suicide Attempts,RaceEthnicity,"AI/AN, NH",289
2021-10,Suspected Suicide Attempts,RaceEthnicity,All,166
2021-10,Suspected Suicide Attempts,RaceEthnicity,"Asian, NH",155
2021-10,Suspected Suicide Attempts,RaceEthnicity,"Black, NH",127
2021-10,Suspected Suicide Attempts,RaceEthnicity,Hispanic,169
2021-10,Suspected Suicide Attempts,RaceEthnicity,"Multiple/Other, NH",146
2021-10,Suspected Suicide Attempts,RaceEthnicity,"NHOPI, NH",160
2021-10,Suspected Suicide Attempts,RaceEthnicity,"White, NH",186
2021-09,Suspected Suicide Attempts,RaceEthnicity,"AI/AN, NH",255
2021-09,Suspected Suicide Attempts,RaceEthnicity,All,155
2021-09,Suspected Suicide Attempts,RaceEthnicity,"Asian, NH",139
2021-09,Suspected Suicide Attempts,RaceEthnicity,"Black, NH",114
2021-09,Suspected Suicide Attempts,RaceEthnicity,Hispanic,163
2021-09,Suspected Suicide Attempts,RaceEthnicity,"Multiple/Other, NH",136
2021-09,Suspected Suicide Attempts,RaceEthnicity,"NHOPI, NH",149
2021-09,Suspected Suicide Attempts,RaceEthnicity,"White, NH",176
2021-08,Suspected Suicide Attempts,RaceEthnicity,"AI/AN, NH",260
2021-08,Suspected Suicide Attempts,RaceEthnicity,All,135
2021-08,Suspected Suicide Attempts,RaceEthnicity,"Asian, NH",116
2021-08,Suspected Suicide Attempts,RaceEthnicity,"Black, NH",97
2021-08,Suspected Suicide Attempts,RaceEthnicity,Hispanic,142
2021-08,Suspected Suicide Attempts,RaceEthnicity,"Multiple/Other, NH",129
2021-08,Suspected Suicide Attempts,RaceEthnicity,"NHOPI, NH",150
2021-08,Suspected Suicide Attempts,RaceEthnicity,"White, NH",152
2021-07,Suspected Suicide Attempts,RaceEthnicity,"AI/AN, NH",312
2021-07,Suspected Suicide Attempts,RaceEthnicity,All,140
2021-07,Suspected Suicide Attempts,RaceEthnicity,"Asian, NH",116
2021-07,Suspected Suicide Attempts,RaceEthnicity,"Black, NH",102
2021-07,Suspected Suicide Attempts,RaceEthnicity,Hispanic,153
2021-07,Suspected Suicide Attempts,RaceEthnicity,"Multiple/Other, NH",127
2021-07,Suspected Suicide Attempts,RaceEthnicity,"NHOPI, NH",162
2021-07,Suspected Suicide Attempts,RaceEthnicity,"White, NH",156
2021-06,Suspected Suicide Attempts,RaceEthnicity,"AI/AN, NH",300
2021-06,Suspected Suicide Attempts,RaceEthnicity,All,152
2021-06,Suspected Suicide Attempts,RaceEthnicity,"Asian, NH",133
2021-06,Suspected Suicide Attempts,RaceEthnicity,"Black, NH",112
2021-06,Suspected Suicide Attempts,RaceEthnicity,Hispanic,163
2021-06,Suspected Suicide Attempts,RaceEthnicity,"Multiple/Other, NH",147
2021-06,Suspected Suicide Attempts,RaceEthnicity,"NHOPI, NH",114
2021-06,Suspected Suicide Attempts,RaceEthnicity,"White, NH",168
2021-05,Suspected Suicide Attempts,RaceEthnicity,"AI/AN, NH",359
2021-05,Suspected Suicide Attempts,RaceEthnicity,All,168
2021-05,Suspected Suicide Attempts,RaceEthnicity,"Asian, NH",143
2021-05,Suspected Suicide Attempts,RaceEthnicity,"Black, NH",117
2021-05,Suspected Suicide Attempts,RaceEthnicity,Hispanic,177
2021-05,Suspected Suicide Attempts,RaceEthnicity,"Multiple/Other, NH",171
2021-05,Suspected Suicide Attempts,RaceEthnicity,"NHOPI, NH",195
2021-05,Suspected Suicide Attempts,RaceEthnicity,"White, NH",186
2021-04,Suspected Suicide Attempts,RaceEthnicity,"AI/AN, NH",309
2021-04,Suspected Suicide Attempts,RaceEthnicity,All,164
2021-04,Suspected Suicide Attempts,RaceEthnicity,"Asian, NH",156
2021-04,Suspected Suicide Attempts,RaceEthnicity,"Black, NH",117
2021-04,Suspected Suicide Attempts,RaceEthnicity,Hispanic,186
2021-04,Suspected Suicide Attempts,RaceEthnicity,"Multiple/Other, NH",163
2021-04,Suspected Suicide Attempts,RaceEthnicity,"NHOPI, NH",177
2021-04,Suspected Suicide Attempts,RaceEthnicity,"White, NH",180
2021-03,Suspected Suicide Attempts,RaceEthnicity,"AI/AN, NH",345
2021-03,Suspected Suicide Attempts,RaceEthnicity,All,176
2021-03,Suspected Suicide Attempts,RaceEthnicity,"Asian, NH",200
2021-03,Suspected Suicide Attempts,RaceEthnicity,"Black, NH",124
2021-03,Suspected Suicide Attempts,RaceEthnicity,Hispanic,192
2021-03,Suspected Suicide Attempts,RaceEthnicity,"Multiple/Other, NH",171
2021-03,Suspected Suicide Attempts,RaceEthnicity,"NHOPI, NH",213
2021-03,Suspected Suicide Attempts,RaceEthnicity,"White, NH",192
2021-02,Suspected Suicide Attempts,RaceEthnicity,"AI/AN, NH",355
2021-02,Suspected Suicide Attempts,RaceEthnicity,All,191
2021-02,Suspected Suicide Attempts,RaceEthnicity,"Asian, NH",194
2021-02,Suspected Suicide Attempts,RaceEthnicity,"Black, NH",136
2021-02,Suspected Suicide Attempts,RaceEthnicity,Hispanic,217
2021-02,Suspected Suicide Attempts,RaceEthnicity,"Multiple/Other, NH",188
2021-02,Suspected Suicide Attempts,RaceEthnicity,"NHOPI, NH",251
2021-02,Suspected Suicide Attempts,RaceEthnicity,"White, NH",209
2021-01,Suspected Suicide Attempts,RaceEthnicity,"AI/AN, NH",390
2021-01,Suspected Suicide Attempts,RaceEthnicity,All,173
2021-01,Suspected Suicide Attempts,RaceEthnicity,"Asian, NH",158
2021-01,Suspected Suicide Attempts,RaceEthnicity,"Black, NH",123
2021-01,Suspected Suicide Attempts,RaceEthnicity,Hispanic,190
2021-01,Suspected Suicide Attempts,RaceEthnicity,"Multiple/Other, NH",183
2021-01,Suspected Suicide Attempts,RaceEthnicity,"NHOPI, NH",212
2021-01,Suspected Suicide Attempts,RaceEthnicity,"White, NH",193
2020-12,Suspected Suicide Attempts,RaceEthnicity,"AI/AN, NH",366
2020-12,Suspected Suicide Attempts,RaceEthnicity,All,161
2020-12,Suspected Suicide Attempts,RaceEthnicity,"Asian, NH",153
2020-12,Suspected Suicide Attempts,RaceEthnicity,"Black, NH",120
2020-12,Suspected Suicide Attempts,RaceEthnicity,Hispanic,187
2020-12,Suspected Suicide Attempts,RaceEthnicity,"Multiple/Other, NH",162
2020-12,Suspected Suicide Attempts,RaceEthnicity,"NHOPI, NH",192
2020-12,Suspected Suicide Attempts,RaceEthnicity,"White, NH",176
2020-11,Suspected Suicide Attempts,RaceEthnicity,"AI/AN, NH",354
2020-11,Suspected Suicide Attempts,RaceEthnicity,All,170
2020-11,Suspected Suicide Attempts,RaceEthnicity,"Asian, NH",164
2020-11,Suspected Suicide Attempts,RaceEthnicity,"Black, NH",124
2020-11,Suspected Suicide Attempts,RaceEthnicity,Hispanic,188
2020-11,Suspected Suicide Attempts,RaceEthnicity,"Multiple/Other, NH",186
2020-11,Suspected Suicide Attempts,RaceEthnicity,"NHOPI, NH",195
2020-11,Suspected Suicide Attempts,RaceEthnicity,"White, NH",188
2020-10,Suspected Suicide Attempts,RaceEthnicity,"AI/AN, NH",310
2020-10,Suspected Suicide Attempts,RaceEthnicity,All,173
2020-10,Suspected Suicide Attempts,RaceEthnicity,"Asian, NH",186
2020-10,Suspected Suicide Attempts,RaceEthnicity,"Black, NH",127
2020-10,Suspected Suicide Attempts,RaceEthnicity,Hispanic,194
2020-10,Suspected Suicide Attempts,RaceEthnicity,"Multiple/Other, NH",192
2020-10,Suspected Suicide Attempts,RaceEthnicity,"NHOPI, NH",184
2020-10,Suspected Suicide Attempts,RaceEthnicity,"White, NH",193
2020-09,Suspected Suicide Attempts,RaceEthnicity,"AI/AN, NH",344
2020-09,Suspected Suicide Attempts,RaceEthnicity,All,173
2020-09,Suspected Suicide Attempts,RaceEthnicity,"Asian, NH",167
2020-09,Suspected Suicide Attempts,RaceEthnicity,"Black, NH",126
2020-09,Suspected Suicide Attempts,RaceEthnicity,Hispanic,201
2020-09,Suspected Suicide Attempts,RaceEthnicity,"Multiple/Other, NH",179
2020-09,Suspected Suicide Attempts,RaceEthnicity,"NHOPI, NH",173
2020-09,Suspected Suicide Attempts,RaceEthnicity,"White, NH",193
2020-08,Suspected Suicide Attempts,RaceEthnicity,"AI/AN, NH",315
2020-08,Suspected Suicide Attempts,RaceEthnicity,All,163
2020-08,Suspected Suicide Attempts,RaceEthnicity,"Asian, NH",143
2020-08,Suspected Suicide Attempts,RaceEthnicity,"Black, NH",121
2020-08,Suspected Suicide Attempts,RaceEthnicity,Hispanic,190
2020-08,Suspected Suicide Attempts,RaceEthnicity,"Multiple/Other, NH",177
2020-08,Suspected Suicide Attempts,RaceEthnicity,"NHOPI, NH",189
2020-08,Suspected Suicide Attempts,RaceEthnicity,"White, NH",181
2020-07,Suspected Suicide Attempts,RaceEthnicity,"AI/AN, NH",307
2020-07,Suspected Suicide Attempts,RaceEthnicity,All,155
2020-07,Suspected Suicide Attempts,RaceEthnicity,"Asian, NH",145
2020-07,Suspected Suicide Attempts,RaceEthnicity,"Black, NH",114
2020-07,Suspected Suicide Attempts,RaceEthnicity,Hispanic,168
2020-07,Suspected Suicide Attempts,RaceEthnicity,"Multiple/Other, NH",149
2020-07,Suspected Suicide Attempts,RaceEthnicity,"NHOPI, NH",254
2020-07,Suspected Suicide Attempts,RaceEthnicity,"White, NH",176
2020-06,Suspected Suicide Attempts,RaceEthnicity,"AI/AN, NH",303
2020-06,Suspected Suicide Attempts,RaceEthnicity,All,160
2020-06,Suspected Suicide Attempts,RaceEthnicity,"Asian, NH",150
2020-06,Suspected Suicide Attempts,RaceEthnicity,"Black, NH",119
2020-06,Suspected Suicide Attempts,RaceEthnicity,Hispanic,176
2020-06,Suspected Suicide Attempts,RaceEthnicity,"Multiple/Other, NH",170
2020-06,Suspected Suicide Attempts,RaceEthnicity,"NHOPI, NH",199
2020-06,Suspected Suicide Attempts,RaceEthnicity,"White, NH",180
2020-05,Suspected Suicide Attempts,RaceEthnicity,"AI/AN, NH",369
2020-05,Suspected Suicide Attempts,RaceEthnicity,All,185
2020-05,Suspected Suicide Attempts,RaceEthnicity,"Asian, NH",171
2020-05,Suspected Suicide Attempts,RaceEthnicity,"Black, NH",134
2020-05,Suspected Suicide Attempts,RaceEthnicity,Hispanic,213
2020-05,Suspected Suicide Attempts,RaceEthnicity,"Multiple/Other, NH",197
2020-05,Suspected Suicide Attempts,RaceEthnicity,"NHOPI, NH",134
2020-05,Suspected Suicide Attempts,RaceEthnicity,"White, NH",206
2020-04,Suspected Suicide Attempts,RaceEthnicity,"AI/AN, NH",393
2020-04,Suspected Suicide Attempts,RaceEthnicity,All,198
2020-04,Suspected Suicide Attempts,RaceEthnicity,"Asian, NH",150
2020-04,Suspected Suicide Attempts,RaceEthnicity,"Black, NH",139
2020-04,Suspected Suicide Attempts,RaceEthnicity,Hispanic,219
2020-04,Suspected Suicide Attempts,RaceEthnicity,"Multiple/Other, NH",205
2020-04,Suspected Suicide Attempts,RaceEthnicity,"NHOPI, NH",230
2020-04,Suspected Suicide Attempts,RaceEthnicity,"White, NH",231
2020-03,Suspected Suicide Attempts,RaceEthnicity,"AI/AN, NH",355
2020-03,Suspected Suicide Attempts,RaceEthnicity,All,149
2020-03,Suspected Suicide Attempts,RaceEthnicity,"Asian, NH",123
2020-03,Suspected Suicide Attempts,RaceEthnicity,"Black, NH",103
2020-03,Suspected Suicide Attempts,RaceEthnicity,Hispanic,158
2020-03,Suspected Suicide Attempts,RaceEthnicity,"Multiple/Other, NH",139
2020-03,Suspected Suicide Attempts,RaceEthnicity,"NHOPI, NH",142
2020-03,Suspected Suicide Attempts,RaceEthnicity,"White, NH",182
2020-02,Suspected Suicide Attempts,RaceEthnicity,"AI/AN, NH",281
2020-02,Suspected Suicide Attempts,RaceEthnicity,All,140
2020-02,Suspected Suicide Attempts,RaceEthnicity,"Asian, NH",105
2020-02,Suspected Suicide Attempts,RaceEthnicity,"Black, NH",101
2020-02,Suspected Suicide Attempts,RaceEthnicity,Hispanic,144
2020-02,Suspected Suicide Attempts,RaceEthnicity,"Multiple/Other, NH",130
2020-02,Suspected Suicide Attempts,RaceEthnicity,"NHOPI, NH",161
2020-02,Suspected Suicide Attempts,RaceEthnicity,"White, NH",169
2020-01,Suspected Suicide Attempts,RaceEthnicity,"AI/AN, NH",257
2020-01,Suspected Suicide Attempts,RaceEthnicity,All,133
2020-01,Suspected Suicide Attempts,RaceEthnicity,"Asian, NH",105
2020-01,Suspected Suicide Attempts,RaceEthnicity,"Black, NH",98
2020-01,Suspected Suicide Attempts,RaceEthnicity,Hispanic,133
2020-01,Suspected Suicide Attempts,RaceEthnicity,"Multiple/Other, NH",128
2020-01,Suspected Suicide Attempts,RaceEthnicity,"NHOPI, NH",158
2020-01,Suspected Suicide Attempts,RaceEthnicity,"White, NH",158
2019-12,Suspected Suicide Attempts,RaceEthnicity,"AI/AN, NH",268
2019-12,Suspected Suicide Attempts,RaceEthnicity,All,123
2019-12,Suspected Suicide Attempts,RaceEthnicity,"Asian, NH",107
2019-12,Suspected Suicide Attempts,RaceEthnicity,"Black, NH",90
2019-12,Suspected Suicide Attempts,RaceEthnicity,Hispanic,136
2019-12,Suspected Suicide Attempts,RaceEthnicity,"Multiple/Other, NH",119
2019-12,Suspected Suicide Attempts,RaceEthnicity,"NHOPI, NH",128
2019-12,Suspected Suicide Attempts,RaceEthnicity,"White, NH",144
2019-11,Suspected Suicide Attempts,RaceEthnicity,"AI/AN, NH",278
2019-11,Suspected Suicide Attempts,RaceEthnicity,All,134
2019-11,Suspected Suicide Attempts,RaceEthnicity,"Asian, NH",118
2019-11,Suspected Suicide Attempts,RaceEthnicity,"Black, NH",95
2019-11,Suspected Suicide Attempts,RaceEthnicity,Hispanic,136
2019-11,Suspected Suicide Attempts,RaceEthnicity,"Multiple/Other, NH",127
2019-11,Suspected Suicide Attempts,RaceEthnicity,"NHOPI, NH",158
2019-11,Suspected Suicide Attempts,RaceEthnicity,"White, NH",161
2019-10,Suspected Suicide Attempts,RaceEthnicity,"AI/AN, NH",302
2019-10,Suspected Suicide Attempts,RaceEthnicity,All,137
2019-10,Suspected Suicide Attempts,RaceEthnicity,"Asian, NH",122
2019-10,Suspected Suicide Attempts,RaceEthnicity,"Black, NH",106
2019-10,Suspected Suicide Attempts,RaceEthnicity,Hispanic,143
2019-10,Suspected Suicide Attempts,RaceEthnicity,"Multiple/Other, NH",126
2019-10,Suspected Suicide Attempts,RaceEthnicity,"NHOPI, NH",171
2019-10,Suspected Suicide Attempts,RaceEthnicity,"White, NH",162
2019-09,Suspected Suicide Attempts,RaceEthnicity,"AI/AN, NH",328
2019-09,Suspected Suicide Attempts,RaceEthnicity,All,134
2019-09,Suspected Suicide Attempts,RaceEthnicity,"Asian, NH",103
2019-09,Suspected Suicide Attempts,RaceEthnicity,"Black, NH",102
2019-09,Suspected Suicide Attempts,RaceEthnicity,Hispanic,141
2019-09,Suspected Suicide Attempts,RaceEthnicity,"Multiple/Other, NH",129
2019-09,Suspected Suicide Attempts,RaceEthnicity,"NHOPI, NH",184
2019-09,Suspected Suicide Attempts,RaceEthnicity,"White, NH",161
2019-08,Suspected Suicide Attempts,RaceEthnicity,"AI/AN, NH",308
2019-08,Suspected Suicide Attempts,RaceEthnicity,All,132
2019-08,Suspected Suicide Attempts,RaceEthnicity,"Asian, NH",93
2019-08,Suspected Suicide Attempts,RaceEthnicity,"Black, NH",105
2019-08,Suspected Suicide Attempts,RaceEthnicity,Hispanic,133
2019-08,Suspected Suicide Attempts,RaceEthnicity,"Multiple/Other, NH",134
2019-08,Suspected Suicide Attempts,RaceEthnicity,"NHOPI, NH",90
2019-08,Suspected Suicide Attempts,RaceEthnicity,"White, NH",155
2019-07,Suspected Suicide Attempts,RaceEthnicity,"AI/AN, NH",294
2019-07,Suspected Suicide Attempts,RaceEthnicity,All,127
2019-07,Suspected Suicide Attempts,RaceEthnicity,"Asian, NH",120
2019-07,Suspected Suicide Attempts,RaceEthnicity,"Black, NH",100
2019-07,Suspected Suicide Attempts,RaceEthnicity,Hispanic,127
2019-07,Suspected Suicide Attempts,RaceEthnicity,"Multiple/Other, NH",127
2019-07,Suspected Suicide Attempts,RaceEthnicity,"NHOPI, NH",135
2019-07,Suspected Suicide Attempts,RaceEthnicity,"White, NH",152
2019-06,Suspected Suicide Attempts,RaceEthnicity,"AI/AN, NH",317
2019-06,Suspected Suicide Attempts,RaceEthnicity,All,128
2019-06,Suspected Suicide Attempts,RaceEthnicity,"Asian, NH",127
2019-06,Suspected Suicide Attempts,RaceEthnicity,"Black, NH",101
2019-06,Suspected Suicide Attempts,RaceEthnicity,Hispanic,134
2019-06,Suspected Suicide Attempts,RaceEthnicity,"Multiple/Other, NH",126
2019-06,Suspected Suicide Attempts,RaceEthnicity,"NHOPI, NH",188
2019-06,Suspected Suicide Attempts,RaceEthnicity,"White, NH",152
2019-05,Suspected Suicide Attempts,RaceEthnicity,"AI/AN, NH",322
2019-05,Suspected Suicide Attempts,RaceEthnicity,All,129
2019-05,Suspected Suicide Attempts,RaceEthnicity,"Asian, NH",108
2019-05,Suspected Suicide Attempts,RaceEthnicity,"Black, NH",103
2019-05,Suspected Suicide Attempts,RaceEthnicity,Hispanic,130
2019-05,Suspected Suicide Attempts,RaceEthnicity,"Multiple/Other, NH",128
2019-05,Suspected Suicide Attempts,RaceEthnicity,"NHOPI, NH",119
2019-05,Suspected Suicide Attempts,RaceEthnicity,"White, NH",155
2019-04,Suspected Suicide Attempts,RaceEthnicity,"AI/AN, NH",272
2019-04,Suspected Suicide Attempts,RaceEthnicity,All,128
2019-04,Suspected Suicide Attempts,RaceEthnicity,"Asian, NH",110
2019-04,Suspected Suicide Attempts,RaceEthnicity,"Black, NH",99
2019-04,Suspected Suicide Attempts,RaceEthnicity,Hispanic,136
2019-04,Suspected Suicide Attempts,RaceEthnicity,"Multiple/Other, NH",126
2019-04,Suspected Suicide Attempts,RaceEthnicity,"NHOPI, NH",101
2019-04,Suspected Suicide Attempts,RaceEthnicity,"White, NH",154
2019-03,Suspected Suicide Attempts,RaceEthnicity,"AI/AN, NH",295
2019-03,Suspected Suicide Attempts,RaceEthnicity,All,122
2019-03,Suspected Suicide Attempts,RaceEthnicity,"Asian, NH",103
2019-03,Suspected Suicide Attempts,RaceEthnicity,"Black, NH",92
2019-03,Suspected Suicide Attempts,RaceEthnicity,Hispanic,125
2019-03,Suspected Suicide Attempts,RaceEthnicity,"Multiple/Other, NH",115
2019-03,Suspected Suicide Attempts,RaceEthnicity,"NHOPI, NH",108
2019-03,Suspected Suicide Attempts,RaceEthnicity,"White, NH",149
2019-02,Suspected Suicide Attempts,RaceEthnicity,"AI/AN, NH",277
2019-02,Suspected Suicide Attempts,RaceEthnicity,All,127
2019-02,Suspected Suicide Attempts,RaceEthnicity,"Asian, NH",120
2019-02,Suspected Suicide Attempts,RaceEthnicity,"Black, NH",94
2019-02,Suspected Suicide Attempts,RaceEthnicity,Hispanic,130
2019-02,Suspected Suicide Attempts,RaceEthnicity,"Multiple/Other, NH",123
2019-02,Suspected Suicide Attempts,RaceEthnicity,"NHOPI, NH",71
2019-02,Suspected Suicide Attempts,RaceEthnicity,"White, NH",157
2019-01,Suspected Suicide Attempts,RaceEthnicity,"AI/AN, NH",296
2019-01,Suspected Suicide Attempts,RaceEthnicity,All,121
2019-01,Suspected Suicide Attempts,RaceEthnicity,"Asian, NH",111
2019-01,Suspected Suicide Attempts,RaceEthnicity,"Black, NH",92
2019-01,Suspected Suicide Attempts,RaceEthnicity,Hispanic,130
2019-01,Suspected Suicide Attempts,RaceEthnicity,"Multiple/Other, NH",114
2019-01,Suspected Suicide Attempts,RaceEthnicity,"NHOPI, NH",131
2019-01,Suspected Suicide Attempts,RaceEthnicity,"White, NH",151
2025-12,Trauma and Stressor-related Disorders,RaceEthnicity,"AI/AN, NH",517
2025-12,Trauma and Stressor-related Disorders,RaceEthnicity,All,366
2025-12,Trauma and Stressor-related Disorders,RaceEthnicity,"Asian, NH",283
2025-12,Trauma and Stressor-related Disorders,RaceEthnicity,"Black, NH",321
2025-12,Trauma and Stressor-related Disorders,RaceEthnicity,Hispanic,295
2025-12,Trauma and Stressor-related Disorders,RaceEthnicity,"Multiple/Other, NH",382
2025-12,Trauma and Stressor-related Disorders,RaceEthnicity,"NHOPI, NH",284
2025-12,Trauma and Stressor-related Disorders,RaceEthnicity,"White, NH",413
2025-11,Trauma and Stressor-related Disorders,RaceEthnicity,"AI/AN, NH",583
2025-11,Trauma and Stressor-related Disorders,RaceEthnicity,All,423
2025-11,Trauma and Stressor-related Disorders,RaceEthnicity,"Asian, NH",338
2025-11,Trauma and Stressor-related Disorders,RaceEthnicity,"Black, NH",370
2025-11,Trauma and Stressor-related Disorders,RaceEthnicity,Hispanic,340
2025-11,Trauma and Stressor-related Disorders,RaceEthnicity,"Multiple/Other, NH",448
2025-11,Trauma and Stressor-related Disorders,RaceEthnicity,"NHOPI, NH",382
2025-11,Trauma and Stressor-related Disorders,RaceEthnicity,"White, NH",473
2025-10,Trauma and Stressor-related Disorders,RaceEthnicity,"AI/AN, NH",606
2025-10,Trauma and Stressor-related Disorders,RaceEthnicity,All,429
2025-10,Trauma and Stressor-related Disorders,RaceEthnicity,"Asian, NH",319
2025-10,Trauma and Stressor-related Disorders,RaceEthnicity,"Black, NH",379
2025-10,Trauma and Stressor-related Disorders,RaceEthnicity,Hispanic,351
2025-10,Trauma and Stressor-related Disorders,RaceEthnicity,"Multiple/Other, NH",459
2025-10,Trauma and Stressor-related Disorders,RaceEthnicity,"NHOPI, NH",398
2025-10,Trauma and Stressor-related Disorders,RaceEthnicity,"White, NH",476
2025-09,Trauma and Stressor-related Disorders,RaceEthnicity,"AI/AN, NH",584
2025-09,Trauma and Stressor-related Disorders,RaceEthnicity,All,420
2025-09,Trauma and Stressor-related Disorders,RaceEthnicity,"Asian, NH",315
2025-09,Trauma and Stressor-related Disorders,RaceEthnicity,"Black, NH",361
2025-09,Trauma and Stressor-related Disorders,RaceEthnicity,Hispanic,339
2025-09,Trauma and Stressor-related Disorders,RaceEthnicity,"Multiple/Other, NH",453
2025-09,Trauma and Stressor-related Disorders,RaceEthnicity,"NHOPI, NH",426
2025-09,Trauma and Stressor-related Disorders,RaceEthnicity,"White, NH",470
2025-08,Trauma and Stressor-related Disorders,RaceEthnicity,"AI/AN, NH",573
2025-08,Trauma and Stressor-related Disorders,RaceEthnicity,All,409
2025-08,Trauma and Stressor-related Disorders,RaceEthnicity,"Asian, NH",309
2025-08,Trauma and Stressor-related Disorders,RaceEthnicity,"Black, NH",358
2025-08,Trauma and Stressor-related Disorders,RaceEthnicity,Hispanic,320
2025-08,Trauma and Stressor-related Disorders,RaceEthnicity,"Multiple/Other, NH",417
2025-08,Trauma and Stressor-related Disorders,RaceEthnicity,"NHOPI, NH",340
2025-08,Trauma and Stressor-related Disorders,RaceEthnicity,"White, NH",461
2025-07,Trauma and Stressor-related Disorders,RaceEthnicity,"AI/AN, NH",653
2025-07,Trauma and Stressor-related Disorders,RaceEthnicity,All,413
2025-07,Trauma and Stressor-related Disorders,RaceEthnicity,"Asian, NH",300
2025-07,Trauma and Stressor-related Disorders,RaceEthnicity,"Black, NH",362
2025-07,Trauma and Stressor-related Disorders,RaceEthnicity,Hispanic,329
2025-07,Trauma and Stressor-related Disorders,RaceEthnicity,"Multiple/Other, NH",429
2025-07,Trauma and Stressor-related Disorders,RaceEthnicity,"NHOPI, NH",394
2025-07,Trauma and Stressor-related Disorders,RaceEthnicity,"White, NH",458
2025-06,Trauma and Stressor-related Disorders,RaceEthnicity,"AI/AN, NH",574
2025-06,Trauma and Stressor-related Disorders,RaceEthnicity,All,412
2025-06,Trauma and Stressor-related Disorders,RaceEthnicity,"Asian, NH",314
2025-06,Trauma and Stressor-related Disorders,RaceEthnicity,"Black, NH",362
2025-06,Trauma and Stressor-related Disorders,RaceEthnicity,Hispanic,333
2025-06,Trauma and Stressor-related Disorders,RaceEthnicity,"Multiple/Other, NH",425
2025-06,Trauma and Stressor-related Disorders,RaceEthnicity,"NHOPI, NH",387
2025-06,Trauma and Stressor-related Disorders,RaceEthnicity,"White, NH",458
2025-05,Trauma and Stressor-related Disorders,RaceEthnicity,"AI/AN, NH",627
2025-05,Trauma and Stressor-related Disorders,RaceEthnicity,All,421
2025-05,Trauma and Stressor-related Disorders,RaceEthnicity,"Asian, NH",330
2025-05,Trauma and Stressor-related Disorders,RaceEthnicity,"Black, NH",369
2025-05,Trauma and Stressor-related Disorders,RaceEthnicity,Hispanic,342
2025-05,Trauma and Stressor-related Disorders,RaceEthnicity,"Multiple/Other, NH",475
2025-05,Trauma and Stressor-related Disorders,RaceEthnicity,"NHOPI, NH",411
2025-05,Trauma and Stressor-related Disorders,RaceEthnicity,"White, NH",466
2025-04,Trauma and Stressor-related Disorders,RaceEthnicity,"AI/AN, NH",583
2025-04,Trauma and Stressor-related Disorders,RaceEthnicity,All,418
2025-04,Trauma and Stressor-related Disorders,RaceEthnicity,"Asian, NH",352
2025-04,Trauma and Stressor-related Disorders,RaceEthnicity,"Black, NH",359
2025-04,Trauma and Stressor-related Disorders,RaceEthnicity,Hispanic,332
2025-04,Trauma and Stressor-related Disorders,RaceEthnicity,"Multiple/Other, NH",460
2025-04,Trauma and Stressor-related Disorders,RaceEthnicity,"NHOPI, NH",340
2025-04,Trauma and Stressor-related Disorders,RaceEthnicity,"White, NH",470
2025-03,Trauma and Stressor-related Disorders,RaceEthnicity,"AI/AN, NH",549
2025-03,Trauma and Stressor-related Disorders,RaceEthnicity,All,411
2025-03,Trauma and Stressor-related Disorders,RaceEthnicity,"Asian, NH",317
2025-03,Trauma and Stressor-related Disorders,RaceEthnicity,"Black, NH",352
2025-03,Trauma and Stressor-related Disorders,RaceEthnicity,Hispanic,327
2025-03,Trauma and Stressor-related Disorders,RaceEthnicity,"Multiple/Other, NH",474
2025-03,Trauma and Stressor-related Disorders,RaceEthnicity,"NHOPI, NH",354
2025-03,Trauma and Stressor-related Disorders,RaceEthnicity,"White, NH",461
2025-02,Trauma and Stressor-related Disorders,RaceEthnicity,"AI/AN, NH",555
2025-02,Trauma and Stressor-related Disorders,RaceEthnicity,All,379
2025-02,Trauma and Stressor-related Disorders,RaceEthnicity,"Asian, NH",288
2025-02,Trauma and Stressor-related Disorders,RaceEthnicity,"Black, NH",323
2025-02,Trauma and Stressor-related Disorders,RaceEthnicity,Hispanic,296
2025-02,Trauma and Stressor-related Disorders,RaceEthnicity,"Multiple/Other, NH",436
2025-02,Trauma and Stressor-related Disorders,RaceEthnicity,"NHOPI, NH",315
2025-02,Trauma and Stressor-related Disorders,RaceEthnicity,"White, NH",427
2025-01,Trauma and Stressor-related Disorders,RaceEthnicity,"AI/AN, NH",563
2025-01,Trauma and Stressor-related Disorders,RaceEthnicity,All,372
2025-01,Trauma and Stressor-related Disorders,RaceEthnicity,"Asian, NH",263
2025-01,Trauma and Stressor-related Disorders,RaceEthnicity,"Black, NH",307
2025-01,Trauma and Stressor-related Disorders,RaceEthnicity,Hispanic,293
2025-01,Trauma and Stressor-related Disorders,RaceEthnicity,"Multiple/Other, NH",417
2025-01,Trauma and Stressor-related Disorders,RaceEthnicity,"NHOPI, NH",302
2025-01,Trauma and Stressor-related Disorders,RaceEthnicity,"White, NH",425
2024-12,Trauma and Stressor-related Disorders,RaceEthnicity,"AI/AN, NH",547
2024-12,Trauma and Stressor-related Disorders,RaceEthnicity,All,358
2024-12,Trauma and Stressor-related Disorders,RaceEthnicity,"Asian, NH",269
2024-12,Trauma and Stressor-related Disorders,RaceEthnicity,"Black, NH",317
2024-12,Trauma and Stressor-related Disorders,RaceEthnicity,Hispanic,282
2024-12,Trauma and Stressor-related Disorders,RaceEthnicity,"Multiple/Other, NH",400
2024-12,Trauma and Stressor-related Disorders,RaceEthnicity,"NHOPI, NH",297
2024-12,Trauma and Stressor-related Disorders,RaceEthnicity,"White, NH",403
2024-11,Trauma and Stressor-related Disorders,RaceEthnicity,"AI/AN, NH",660
2024-11,Trauma and Stressor-related Disorders,RaceEthnicity,All,407
2024-11,Trauma and Stressor-related Disorders,RaceEthnicity,"Asian, NH",329
2024-11,Trauma and Stressor-related Disorders,RaceEthnicity,"Black, NH",364
2024-11,Trauma and Stressor-related Disorders,RaceEthnicity,Hispanic,325
2024-11,Trauma and Stressor-related Disorders,RaceEthnicity,"Multiple/Other, NH",448
2024-11,Trauma and Stressor-related Disorders,RaceEthnicity,"NHOPI, NH",386
2024-11,Trauma and Stressor-related Disorders,RaceEthnicity,"White, NH",453
2024-10,Trauma and Stressor-related Disorders,RaceEthnicity,"AI/AN, NH",625
2024-10,Trauma and Stressor-related Disorders,RaceEthnicity,All,407
2024-10,Trauma and Stressor-related Disorders,RaceEthnicity,"Asian, NH",285
2024-10,Trauma and Stressor-related Disorders,RaceEthnicity,"Black, NH",352
2024-10,Trauma and Stressor-related Disorders,RaceEthnicity,Hispanic,330
2024-10,Trauma and Stressor-related Disorders,RaceEthnicity,"Multiple/Other, NH",428
2024-10,Trauma and Stressor-related Disorders,RaceEthnicity,"NHOPI, NH",393
2024-10,Trauma and Stressor-related Disorders,RaceEthnicity,"White, NH",455
2024-09,Trauma and Stressor-related Disorders,RaceEthnicity,"AI/AN, NH",590
2024-09,Trauma and Stressor-related Disorders,RaceEthnicity,All,404
2024-09,Trauma and Stressor-related Disorders,RaceEthnicity,"Asian, NH",314
2024-09,Trauma and Stressor-related Disorders,RaceEthnicity,"Black, NH",340
2024-09,Trauma and Stressor-related Disorders,RaceEthnicity,Hispanic,334
2024-09,Trauma and Stressor-related Disorders,RaceEthnicity,"Multiple/Other, NH",446
2024-09,Trauma and Stressor-related Disorders,RaceEthnicity,"NHOPI, NH",421
2024-09,Trauma and Stressor-related Disorders,RaceEthnicity,"White, NH",453
2024-08,Trauma and Stressor-related Disorders,RaceEthnicity,"AI/AN, NH",605
2024-08,Trauma and Stressor-related Disorders,RaceEthnicity,All,399
2024-08,Trauma and Stressor-related Disorders,RaceEthnicity,"Asian, NH",289
2024-08,Trauma and Stressor-related Disorders,RaceEthnicity,"Black, NH",333
2024-08,Trauma and Stressor-related Disorders,RaceEthnicity,Hispanic,335
2024-08,Trauma and Stressor-related Disorders,RaceEthnicity,"Multiple/Other, NH",425
2024-08,Trauma and Stressor-related Disorders,RaceEthnicity,"NHOPI, NH",358
2024-08,Trauma and Stressor-related Disorders,RaceEthnicity,"White, NH",448
2024-07,Trauma and Stressor-related Disorders,RaceEthnicity,"AI/AN, NH",611
2024-07,Trauma and Stressor-related Disorders,RaceEthnicity,All,394
2024-07,Trauma and Stressor-related Disorders,RaceEthnicity,"Asian, NH",276
2024-07,Trauma and Stressor-related Disorders,RaceEthnicity,"Black, NH",333
2024-07,Trauma and Stressor-related Disorders,RaceEthnicity,Hispanic,325
2024-07,Trauma and Stressor-related Disorders,RaceEthnicity,"Multiple/Other, NH",442
2024-07,Trauma and Stressor-related Disorders,RaceEthnicity,"NHOPI, NH",397
2024-07,Trauma and Stressor-related Disorders,RaceEthnicity,"White, NH",440
2024-06,Trauma and Stressor-related Disorders,RaceEthnicity,"AI/AN, NH",628
2024-06,Trauma and Stressor-related Disorders,RaceEthnicity,All,396
2024-06,Trauma and Stressor-related Disorders,RaceEthnicity,"Asian, NH",287
2024-06,Trauma and Stressor-related Disorders,RaceEthnicity,"Black, NH",347
2024-06,Trauma and Stressor-related Disorders,RaceEthnicity,Hispanic,325
2024-06,Trauma and Stressor-related Disorders,RaceEthnicity,"Multiple/Other, NH",430
2024-06,Trauma and Stressor-related Disorders,RaceEthnicity,"NHOPI, NH",274
2024-06,Trauma and Stressor-related Disorders,RaceEthnicity,"White, NH",441
2024-05,Trauma and Stressor-related Disorders,RaceEthnicity,"AI/AN, NH",641
2024-05,Trauma and Stressor-related Disorders,RaceEthnicity,All,395
2024-05,Trauma and Stressor-related Disorders,RaceEthnicity,"Asian, NH",315
2024-05,Trauma and Stressor-related Disorders,RaceEthnicity,"Black, NH",337
2024-05,Trauma and Stressor-related Disorders,RaceEthnicity,Hispanic,324
2024-05,Trauma and Stressor-related Disorders,RaceEthnicity,"Multiple/Other, NH",454
2024-05,Trauma and Stressor-related Disorders,RaceEthnicity,"NHOPI, NH",372
2024-05,Trauma and Stressor-related Disorders,RaceEthnicity,"White, NH",440
2024-04,Trauma and Stressor-related Disorders,RaceEthnicity,"AI/AN, NH",586
2024-04,Trauma and Stressor-related Disorders,RaceEthnicity,All,398
2024-04,Trauma and Stressor-related Disorders,RaceEthnicity,"Asian, NH",316
2024-04,Trauma and Stressor-related Disorders,RaceEthnicity,"Black, NH",337
2024-04,Trauma and Stressor-related Disorders,RaceEthnicity,Hispanic,318
2024-04,Trauma and Stressor-related Disorders,RaceEthnicity,"Multiple/Other, NH",449
2024-04,Trauma and Stressor-related Disorders,RaceEthnicity,"NHOPI, NH",357
2024-04,Trauma and Stressor-related Disorders,RaceEthnicity,"White, NH",448
2024-03,Trauma and Stressor-related Disorders,RaceEthnicity,"AI/AN, NH",609
2024-03,Trauma and Stressor-related Disorders,RaceEthnicity,All,393
2024-03,Trauma and Stressor-related Disorders,RaceEthnicity,"Asian, NH",294
2024-03,Trauma and Stressor-related Disorders,RaceEthnicity,"Black, NH",334
2024-03,Trauma and Stressor-related Disorders,RaceEthnicity,Hispanic,309
2024-03,Trauma and Stressor-related Disorders,RaceEthnicity,"Multiple/Other, NH",446
2024-03,Trauma and Stressor-related Disorders,RaceEthnicity,"NHOPI, NH",355
2024-03,Trauma and Stressor-related Disorders,RaceEthnicity,"White, NH",442
2024-02,Trauma and Stressor-related Disorders,RaceEthnicity,"AI/AN, NH",614
2024-02,Trauma and Stressor-related Disorders,RaceEthnicity,All,394
2024-02,Trauma and Stressor-related Disorders,RaceEthnicity,"Asian, NH",331
2024-02,Trauma and Stressor-related Disorders,RaceEthnicity,"Black, NH",323
2024-02,Trauma and Stressor-related Disorders,RaceEthnicity,Hispanic,321
2024-02,Trauma and Stressor-related Disorders,RaceEthnicity,"Multiple/Other, NH",448
2024-02,Trauma and Stressor-related Disorders,RaceEthnicity,"NHOPI, NH",398
2024-02,Trauma and Stressor-related Disorders,RaceEthnicity,"White, NH",442
2024-01,Trauma and Stressor-related Disorders,RaceEthnicity,"AI/AN, NH",532
2024-01,Trauma and Stressor-related Disorders,RaceEthnicity,All,385
2024-01,Trauma and Stressor-related Disorders,RaceEthnicity,"Asian, NH",276
2024-01,Trauma and Stressor-related Disorders,RaceEthnicity,"Black, NH",321
2024-01,Trauma and Stressor-related Disorders,RaceEthnicity,Hispanic,310
2024-01,Trauma and Stressor-related Disorders,RaceEthnicity,"Multiple/Other, NH",448
2024-01,Trauma and Stressor-related Disorders,RaceEthnicity,"NHOPI, NH",388
2024-01,Trauma and Stressor-related Disorders,RaceEthnicity,"White, NH",434
2023-12,Trauma and Stressor-related Disorders,RaceEthnicity,"AI/AN, NH",555
2023-12,Trauma and Stressor-related Disorders,RaceEthnicity,All,343
2023-12,Trauma and Stressor-related Disorders,RaceEthnicity,"Asian, NH",246
2023-12,Trauma and Stressor-related Disorders,RaceEthnicity,"Black, NH",283
2023-12,Trauma and Stressor-related Disorders,RaceEthnicity,Hispanic,281
2023-12,Trauma and Stressor-related Disorders,RaceEthnicity,"Multiple/Other, NH",380
2023-12,Trauma and Stressor-related Disorders,RaceEthnicity,"NHOPI, NH",304
2023-12,Trauma and Stressor-related Disorders,RaceEthnicity,"White, NH",390
2023-11,Trauma and Stressor-related Disorders,RaceEthnicity,"AI/AN, NH",565
2023-11,Trauma and Stressor-related Disorders,RaceEthnicity,All,381
2023-11,Trauma and Stressor-related Disorders,RaceEthnicity,"Asian, NH",271
2023-11,Trauma and Stressor-related Disorders,RaceEthnicity,"Black, NH",313
2023-11,Trauma and Stressor-related Disorders,RaceEthnicity,Hispanic,312
2023-11,Trauma and Stressor-related Disorders,RaceEthnicity,"Multiple/Other, NH",427
2023-11,Trauma and Stressor-related Disorders,RaceEthnicity,"NHOPI, NH",411
2023-11,Trauma and Stressor-related Disorders,RaceEthnicity,"White, NH",435
2023-10,Trauma and Stressor-related Disorders,RaceEthnicity,"AI/AN, NH",594
2023-10,Trauma and Stressor-related Disorders,RaceEthnicity,All,406
2023-10,Trauma and Stressor-related Disorders,RaceEthnicity,"Asian, NH",295
2023-10,Trauma and Stressor-related Disorders,RaceEthnicity,"Black, NH",340
2023-10,Trauma and Stressor-related Disorders,RaceEthnicity,Hispanic,347
2023-10,Trauma and Stressor-related Disorders,RaceEthnicity,"Multiple/Other, NH",454
2023-10,Trauma and Stressor-related Disorders,RaceEthnicity,"NHOPI, NH",339
2023-10,Trauma and Stressor-related Disorders,RaceEthnicity,"White, NH",457
2023-09,Trauma and Stressor-related Disorders,RaceEthnicity,"AI/AN, NH",583
2023-09,Trauma and Stressor-related Disorders,RaceEthnicity,All,399
2023-09,Trauma and Stressor-related Disorders,RaceEthnicity,"Asian, NH",312
2023-09,Trauma and Stressor-related Disorders,RaceEthnicity,"Black, NH",333
2023-09,Trauma and Stressor-related Disorders,RaceEthnicity,Hispanic,336
2023-09,Trauma and Stressor-related Disorders,RaceEthnicity,"Multiple/Other, NH",447
2023-09,Trauma and Stressor-related Disorders,RaceEthnicity,"NHOPI, NH",335
2023-09,Trauma and Stressor-related Disorders,RaceEthnicity,"White, NH",449
2023-08,Trauma and Stressor-related Disorders,RaceEthnicity,"AI/AN, NH",637
2023-08,Trauma and Stressor-related Disorders,RaceEthnicity,All,397
2023-08,Trauma and Stressor-related Disorders,RaceEthnicity,"Asian, NH",288
2023-08,Trauma and Stressor-related Disorders,RaceEthnicity,"Black, NH",325
2023-08,Trauma and Stressor-related Disorders,RaceEthnicity,Hispanic,337
2023-08,Trauma and Stressor-related Disorders,RaceEthnicity,"Multiple/Other, NH",434
2023-08,Trauma and Stressor-related Disorders,RaceEthnicity,"NHOPI, NH",439
2023-08,Trauma and Stressor-related Disorders,RaceEthnicity,"White, NH",448
2023-07,Trauma and Stressor-related Disorders,RaceEthnicity,"AI/AN, NH",633
2023-07,Trauma and Stressor-related Disorders,RaceEthnicity,All,402
2023-07,Trauma and Stressor-related Disorders,RaceEthnicity,"Asian, NH",292
2023-07,Trauma and Stressor-related Disorders,RaceEthnicity,"Black, NH",341
2023-07,Trauma and Stressor-related Disorders,RaceEthnicity,Hispanic,347
2023-07,Trauma and Stressor-related Disorders,RaceEthnicity,"Multiple/Other, NH",424
2023-07,Trauma and Stressor-related Disorders,RaceEthnicity,"NHOPI, NH",450
2023-07,Trauma and Stressor-related Disorders,RaceEthnicity,"White, NH",447
2023-06,Trauma and Stressor-related Disorders,RaceEthnicity,"AI/AN, NH",652
2023-06,Trauma and Stressor-related Disorders,RaceEthnicity,All,406
2023-06,Trauma and Stressor-related Disorders,RaceEthnicity,"Asian, NH",300
2023-06,Trauma and Stressor-related Disorders,RaceEthnicity,"Black, NH",348
2023-06,Trauma and Stressor-related Disorders,RaceEthnicity,Hispanic,345
2023-06,Trauma and Stressor-related Disorders,RaceEthnicity,"Multiple/Other, NH",435
2023-06,Trauma and Stressor-related Disorders,RaceEthnicity,"NHOPI, NH",469
2023-06,Trauma and Stressor-related Disorders,RaceEthnicity,"White, NH",452
2023-05,Trauma and Stressor-related Disorders,RaceEthnicity,"AI/AN, NH",594
2023-05,Trauma and Stressor-related Disorders,RaceEthnicity,All,413
2023-05,Trauma and Stressor-related Disorders,RaceEthnicity,"Asian, NH",325
2023-05,Trauma and Stressor-related Disorders,RaceEthnicity,"Black, NH",347
2023-05,Trauma and Stressor-related Disorders,RaceEthnicity,Hispanic,353
2023-05,Trauma and Stressor-related Disorders,RaceEthnicity,"Multiple/Other, NH",422
2023-05,Trauma and Stressor-related Disorders,RaceEthnicity,"NHOPI, NH",438
2023-05,Trauma and Stressor-related Disorders,RaceEthnicity,"White, NH",464
2023-04,Trauma and Stressor-related Disorders,RaceEthnicity,"AI/AN, NH",650
2023-04,Trauma and Stressor-related Disorders,RaceEthnicity,All,413
2023-04,Trauma and Stressor-related Disorders,RaceEthnicity,"Asian, NH",319
2023-04,Trauma and Stressor-related Disorders,RaceEthnicity,"Black, NH",349
2023-04,Trauma and Stressor-related Disorders,RaceEthnicity,Hispanic,349
2023-04,Trauma and Stressor-related Disorders,RaceEthnicity,"Multiple/Other, NH",431
2023-04,Trauma and Stressor-related Disorders,RaceEthnicity,"NHOPI, NH",400
2023-04,Trauma and Stressor-related Disorders,RaceEthnicity,"White, NH",464
2023-03,Trauma and Stressor-related Disorders,RaceEthnicity,"AI/AN, NH",631
2023-03,Trauma and Stressor-related Disorders,RaceEthnicity,All,419
2023-03,Trauma and Stressor-related Disorders,RaceEthnicity,"Asian, NH",313
2023-03,Trauma and Stressor-related Disorders,RaceEthnicity,"Black, NH",364
2023-03,Trauma and Stressor-related Disorders,RaceEthnicity,Hispanic,357
2023-03,Trauma and Stressor-related Disorders,RaceEthnicity,"Multiple/Other, NH",451
2023-03,Trauma and Stressor-related Disorders,RaceEthnicity,"NHOPI, NH",360
2023-03,Trauma and Stressor-related Disorders,RaceEthnicity,"White, NH",468
2023-02,Trauma and Stressor-related Disorders,RaceEthnicity,"AI/AN, NH",695
2023-02,Trauma and Stressor-related Disorders,RaceEthnicity,All,420
2023-02,Trauma and Stressor-related Disorders,RaceEthnicity,"Asian, NH",313
2023-02,Trauma and Stressor-related Disorders,RaceEthnicity,"Black, NH",354
2023-02,Trauma and Stressor-related Disorders,RaceEthnicity,Hispanic,349
2023-02,Trauma and Stressor-related Disorders,RaceEthnicity,"Multiple/Other, NH",455
2023-02,Trauma and Stressor-related Disorders,RaceEthnicity,"NHOPI, NH",380
2023-02,Trauma and Stressor-related Disorders,RaceEthnicity,"White, NH",473
2023-01,Trauma and Stressor-related Disorders,RaceEthnicity,"AI/AN, NH",706
2023-01,Trauma and Stressor-related Disorders,RaceEthnicity,All,417
2023-01,Trauma and Stressor-related Disorders,RaceEthnicity,"Asian, NH",313
2023-01,Trauma and Stressor-related Disorders,RaceEthnicity,"Black, NH",355
2023-01,Trauma and Stressor-related Disorders,RaceEthnicity,Hispanic,351
2023-01,Trauma and Stressor-related Disorders,RaceEthnicity,"Multiple/Other, NH",438
2023-01,Trauma and Stressor-related Disorders,RaceEthnicity,"NHOPI, NH",439
2023-01,Trauma and Stressor-related Disorders,RaceEthnicity,"White, NH",469
2022-12,Trauma and Stressor-related Disorders,RaceEthnicity,"AI/AN, NH",595
2022-12,Trauma and Stressor-related Disorders,RaceEthnicity,All,357
2022-12,Trauma and Stressor-related Disorders,RaceEthnicity,"Asian, NH",272
2022-12,Trauma and Stressor-related Disorders,RaceEthnicity,"Black, NH",312
2022-12,Trauma and Stressor-related Disorders,RaceEthnicity,Hispanic,288
2022-12,Trauma and Stressor-related Disorders,RaceEthnicity,"Multiple/Other, NH",349
2022-12,Trauma and Stressor-related Disorders,RaceEthnicity,"NHOPI, NH",387
2022-12,Trauma and Stressor-related Disorders,RaceEthnicity,"White, NH",404
2022-11,Trauma and Stressor-related Disorders,RaceEthnicity,"AI/AN, NH",629
2022-11,Trauma and Stressor-related Disorders,RaceEthnicity,All,353
2022-11,Trauma and Stressor-related Disorders,RaceEthnicity,"Asian, NH",271
2022-11,Trauma and Stressor-related Disorders,RaceEthnicity,"Black, NH",291
2022-11,Trauma and Stressor-related Disorders,RaceEthnicity,Hispanic,278
2022-11,Trauma and Stressor-related Disorders,RaceEthnicity,"Multiple/Other, NH",335
2022-11,Trauma and Stressor-related Disorders,RaceEthnicity,"NHOPI, NH",295
2022-11,Trauma and Stressor-related Disorders,RaceEthnicity,"White, NH",411
2022-10,Trauma and Stressor-related Disorders,RaceEthnicity,"AI/AN, NH",680
2022-10,Trauma and Stressor-related Disorders,RaceEthnicity,All,377
2022-10,Trauma and Stressor-related Disorders,RaceEthnicity,"Asian, NH",300
2022-10,Trauma and Stressor-related Disorders,RaceEthnicity,"Black, NH",306
2022-10,Trauma and Stressor-related Disorders,RaceEthnicity,Hispanic,319
2022-10,Trauma and Stressor-related Disorders,RaceEthnicity,"Multiple/Other, NH",384
2022-10,Trauma and Stressor-related Disorders,RaceEthnicity,"NHOPI, NH",373
2022-10,Trauma and Stressor-related Disorders,RaceEthnicity,"White, NH",429
2022-09,Trauma and Stressor-related Disorders,RaceEthnicity,"AI/AN, NH",646
2022-09,Trauma and Stressor-related Disorders,RaceEthnicity,All,390
2022-09,Trauma and Stressor-related Disorders,RaceEthnicity,"Asian, NH",307
2022-09,Trauma and Stressor-related Disorders,RaceEthnicity,"Black, NH",325
2022-09,Trauma and Stressor-related Disorders,RaceEthnicity,Hispanic,326
2022-09,Trauma and Stressor-related Disorders,RaceEthnicity,"Multiple/Other, NH",384
2022-09,Trauma and Stressor-related Disorders,RaceEthnicity,"NHOPI, NH",396
2022-09,Trauma and Stressor-related Disorders,RaceEthnicity,"White, NH",444
2022-08,Trauma and Stressor-related Disorders,RaceEthnicity,"AI/AN, NH",619
2022-08,Trauma and Stressor-related Disorders,RaceEthnicity,All,385
2022-08,Trauma and Stressor-related Disorders,RaceEthnicity,"Asian, NH",297
2022-08,Trauma and Stressor-related Disorders,RaceEthnicity,"Black, NH",316
2022-08,Trauma and Stressor-related Disorders,RaceEthnicity,Hispanic,326
2022-08,Trauma and Stressor-related Disorders,RaceEthnicity,"Multiple/Other, NH",392
2022-08,Trauma and Stressor-related Disorders,RaceEthnicity,"NHOPI, NH",385
2022-08,Trauma and Stressor-related Disorders,RaceEthnicity,"White, NH",436
2022-07,Trauma and Stressor-related Disorders,RaceEthnicity,"AI/AN, NH",679
2022-07,Trauma and Stressor-related Disorders,RaceEthnicity,All,379
2022-07,Trauma and Stressor-related Disorders,RaceEthnicity,"Asian, NH",271
2022-07,Trauma and Stressor-related Disorders,RaceEthnicity,"Black, NH",323
2022-07,Trauma and Stressor-related Disorders,RaceEthnicity,Hispanic,319
2022-07,Trauma and Stressor-related Disorders,RaceEthnicity,"Multiple/Other, NH",318
2022-07,Trauma and Stressor-related Disorders,RaceEthnicity,"NHOPI, NH",349
2022-07,Trauma and Stressor-related Disorders,RaceEthnicity,"White, NH",432
2022-06,Trauma and Stressor-related Disorders,RaceEthnicity,"AI/AN, NH",738
2022-06,Trauma and Stressor-related Disorders,RaceEthnicity,All,391
2022-06,Trauma and Stressor-related Disorders,RaceEthnicity,"Asian, NH",260
2022-06,Trauma and Stressor-related Disorders,RaceEthnicity,"Black, NH",342
2022-06,Trauma and Stressor-related Disorders,RaceEthnicity,Hispanic,329
2022-06,Trauma and Stressor-related Disorders,RaceEthnicity,"Multiple/Other, NH",386
2022-06,Trauma and Stressor-related Disorders,RaceEthnicity,"NHOPI, NH",406
2022-06,Trauma and Stressor-related Disorders,RaceEthnicity,"White, NH",436
2022-05,Trauma and Stressor-related Disorders,RaceEthnicity,"AI/AN, NH",696
2022-05,Trauma and Stressor-related Disorders,RaceEthnicity,All,398
2022-05,Trauma and Stressor-related Disorders,RaceEthnicity,"Asian, NH",268
2022-05,Trauma and Stressor-related Disorders,RaceEthnicity,"Black, NH",343
2022-05,Trauma and Stressor-related Disorders,RaceEthnicity,Hispanic,337
2022-05,Trauma and Stressor-related Disorders,RaceEthnicity,"Multiple/Other, NH",416
2022-05,Trauma and Stressor-related Disorders,RaceEthnicity,"NHOPI, NH",342
2022-05,Trauma and Stressor-related Disorders,RaceEthnicity,"White, NH",444
2022-04,Trauma and Stressor-related Disorders,RaceEthnicity,"AI/AN, NH",741
2022-04,Trauma and Stressor-related Disorders,RaceEthnicity,All,415
2022-04,Trauma and Stressor-related Disorders,RaceEthnicity,"Asian, NH",279
2022-04,Trauma and Stressor-related Disorders,RaceEthnicity,"Black, NH",349
2022-04,Trauma and Stressor-related Disorders,RaceEthnicity,Hispanic,350
2022-04,Trauma and Stressor-related Disorders,RaceEthnicity,"Multiple/Other, NH",413
2022-04,Trauma and Stressor-related Disorders,RaceEthnicity,"NHOPI, NH",388
2022-04,Trauma and Stressor-related Disorders,RaceEthnicity,"White, NH",470
2022-03,Trauma and Stressor-related Disorders,RaceEthnicity,"AI/AN, NH",821
2022-03,Trauma and Stressor-related Disorders,RaceEthnicity,All,441
2022-03,Trauma and Stressor-related Disorders,RaceEthnicity,"Asian, NH",321
2022-03,Trauma and Stressor-related Disorders,RaceEthnicity,"Black, NH",368
2022-03,Trauma and Stressor-related Disorders,RaceEthnicity,Hispanic,378
2022-03,Trauma and Stressor-related Disorders,RaceEthnicity,"Multiple/Other, NH",438
2022-03,Trauma and Stressor-related Disorders,RaceEthnicity,"NHOPI, NH",398
2022-03,Trauma and Stressor-related Disorders,RaceEthnicity,"White, NH",495
2022-02,Trauma and Stressor-related Disorders,RaceEthnicity,"AI/AN, NH",778
2022-02,Trauma and Stressor-related Disorders,RaceEthnicity,All,454
2022-02,Trauma and Stressor-related Disorders,RaceEthnicity,"Asian, NH",308
2022-02,Trauma and Stressor-related Disorders,RaceEthnicity,"Black, NH",380
2022-02,Trauma and Stressor-related Disorders,RaceEthnicity,Hispanic,406
2022-02,Trauma and Stressor-related Disorders,RaceEthnicity,"Multiple/Other, NH",437
2022-02,Trauma and Stressor-related Disorders,RaceEthnicity,"NHOPI, NH",407
2022-02,Trauma and Stressor-related Disorders,RaceEthnicity,"White, NH",502
2022-01,Trauma and Stressor-related Disorders,RaceEthnicity,"AI/AN, NH",704
2022-01,Trauma and Stressor-related Disorders,RaceEthnicity,All,368
2022-01,Trauma and Stressor-related Disorders,RaceEthnicity,"Asian, NH",254
2022-01,Trauma and Stressor-related Disorders,RaceEthnicity,"Black, NH",286
2022-01,Trauma and Stressor-related Disorders,RaceEthnicity,Hispanic,315
2022-01,Trauma and Stressor-related Disorders,RaceEthnicity,"Multiple/Other, NH",363
2022-01,Trauma and Stressor-related Disorders,RaceEthnicity,"NHOPI, NH",315
2022-01,Trauma and Stressor-related Disorders,RaceEthnicity,"White, NH",421
2021-12,Trauma and Stressor-related Disorders,RaceEthnicity,"AI/AN, NH",725
2021-12,Trauma and Stressor-related Disorders,RaceEthnicity,All,351
2021-12,Trauma and Stressor-related Disorders,RaceEthnicity,"Asian, NH",248
2021-12,Trauma and Stressor-related Disorders,RaceEthnicity,"Black, NH",271
2021-12,Trauma and Stressor-related Disorders,RaceEthnicity,Hispanic,302
2021-12,Trauma and Stressor-related Disorders,RaceEthnicity,"Multiple/Other, NH",329
2021-12,Trauma and Stressor-related Disorders,RaceEthnicity,"NHOPI, NH",349
2021-12,Trauma and Stressor-related Disorders,RaceEthnicity,"White, NH",407
2021-11,Trauma and Stressor-related Disorders,RaceEthnicity,"AI/AN, NH",737
2021-11,Trauma and Stressor-related Disorders,RaceEthnicity,All,396
2021-11,Trauma and Stressor-related Disorders,RaceEthnicity,"Asian, NH",290
2021-11,Trauma and Stressor-related Disorders,RaceEthnicity,"Black, NH",339
2021-11,Trauma and Stressor-related Disorders,RaceEthnicity,Hispanic,350
2021-11,Trauma and Stressor-related Disorders,RaceEthnicity,"Multiple/Other, NH",370
2021-11,Trauma and Stressor-related Disorders,RaceEthnicity,"NHOPI, NH",391
2021-11,Trauma and Stressor-related Disorders,RaceEthnicity,"White, NH",441
2021-10,Trauma and Stressor-related Disorders,RaceEthnicity,"AI/AN, NH",750
2021-10,Trauma and Stressor-related Disorders,RaceEthnicity,All,414
2021-10,Trauma and Stressor-related Disorders,RaceEthnicity,"Asian, NH",285
2021-10,Trauma and Stressor-related Disorders,RaceEthnicity,"Black, NH",336
2021-10,Trauma and Stressor-related Disorders,RaceEthnicity,Hispanic,357
2021-10,Trauma and Stressor-related Disorders,RaceEthnicity,"Multiple/Other, NH",401
2021-10,Trauma and Stressor-related Disorders,RaceEthnicity,"NHOPI, NH",382
2021-10,Trauma and Stressor-related Disorders,RaceEthnicity,"White, NH",467
2021-09,Trauma and Stressor-related Disorders,RaceEthnicity,"AI/AN, NH",717
2021-09,Trauma and Stressor-related Disorders,RaceEthnicity,All,391
2021-09,Trauma and Stressor-related Disorders,RaceEthnicity,"Asian, NH",275
2021-09,Trauma and Stressor-related Disorders,RaceEthnicity,"Black, NH",300
2021-09,Trauma and Stressor-related Disorders,RaceEthnicity,Hispanic,337
2021-09,Trauma and Stressor-related Disorders,RaceEthnicity,"Multiple/Other, NH",377
2021-09,Trauma and Stressor-related Disorders,RaceEthnicity,"NHOPI, NH",371
2021-09,Trauma and Stressor-related Disorders,RaceEthnicity,"White, NH",448
2021-08,Trauma and Stressor-related Disorders,RaceEthnicity,"AI/AN, NH",669
2021-08,Trauma and Stressor-related Disorders,RaceEthnicity,All,368
2021-08,Trauma and Stressor-related Disorders,RaceEthnicity,"Asian, NH",240
2021-08,Trauma and Stressor-related Disorders,RaceEthnicity,"Black, NH",274
2021-08,Trauma and Stressor-related Disorders,RaceEthnicity,Hispanic,313
2021-08,Trauma and Stressor-related Disorders,RaceEthnicity,"Multiple/Other, NH",410
2021-08,Trauma and Stressor-related Disorders,RaceEthnicity,"NHOPI, NH",285
2021-08,Trauma and Stressor-related Disorders,RaceEthnicity,"White, NH",422
2021-07,Trauma and Stressor-related Disorders,RaceEthnicity,"AI/AN, NH",757
2021-07,Trauma and Stressor-related Disorders,RaceEthnicity,All,391
2021-07,Trauma and Stressor-related Disorders,RaceEthnicity,"Asian, NH",236
2021-07,Trauma and Stressor-related Disorders,RaceEthnicity,"Black, NH",305
2021-07,Trauma and Stressor-related Disorders,RaceEthnicity,Hispanic,336
2021-07,Trauma and Stressor-related Disorders,RaceEthnicity,"Multiple/Other, NH",441
2021-07,Trauma and Stressor-related Disorders,RaceEthnicity,"NHOPI, NH",418
2021-07,Trauma and Stressor-related Disorders,RaceEthnicity,"White, NH",442
2021-06,Trauma and Stressor-related Disorders,RaceEthnicity,"AI/AN, NH",769
2021-06,Trauma and Stressor-related Disorders,RaceEthnicity,All,423
2021-06,Trauma and Stressor-related Disorders,RaceEthnicity,"Asian, NH",270
2021-06,Trauma and Stressor-related Disorders,RaceEthnicity,"Black, NH",338
2021-06,Trauma and Stressor-related Disorders,RaceEthnicity,Hispanic,377
2021-06,Trauma and Stressor-related Disorders,RaceEthnicity,"Multiple/Other, NH",471
2021-06,Trauma and Stressor-related Disorders,RaceEthnicity,"NHOPI, NH",304
2021-06,Trauma and Stressor-related Disorders,RaceEthnicity,"White, NH",473
2021-05,Trauma and Stressor-related Disorders,RaceEthnicity,"AI/AN, NH",770
2021-05,Trauma and Stressor-related Disorders,RaceEthnicity,All,441
2021-05,Trauma and Stressor-related Disorders,RaceEthnicity,"Asian, NH",284
2021-05,Trauma and Stressor-related Disorders,RaceEthnicity,"Black, NH",339
2021-05,Trauma and Stressor-related Disorders,RaceEthnicity,Hispanic,405
2021-05,Trauma and Stressor-related Disorders,RaceEthnicity,"Multiple/Other, NH",500
2021-05,Trauma and Stressor-related Disorders,RaceEthnicity,"NHOPI, NH",435
2021-05,Trauma and Stressor-related Disorders,RaceEthnicity,"White, NH",496
2021-04,Trauma and Stressor-related Disorders,RaceEthnicity,"AI/AN, NH",776
2021-04,Trauma and Stressor-related Disorders,RaceEthnicity,All,443
2021-04,Trauma and Stressor-related Disorders,RaceEthnicity,"Asian, NH",294
2021-04,Trauma and Stressor-related Disorders,RaceEthnicity,"Black, NH",346
2021-04,Trauma and Stressor-related Disorders,RaceEthnicity,Hispanic,405
2021-04,Trauma and Stressor-related Disorders,RaceEthnicity,"Multiple/Other, NH",463
2021-04,Trauma and Stressor-related Disorders,RaceEthnicity,"NHOPI, NH",382
2021-04,Trauma and Stressor-related Disorders,RaceEthnicity,"White, NH",499
2021-03,Trauma and Stressor-related Disorders,RaceEthnicity,"AI/AN, NH",942
2021-03,Trauma and Stressor-related Disorders,RaceEthnicity,All,477
2021-03,Trauma and Stressor-related Disorders,RaceEthnicity,"Asian, NH",304
2021-03,Trauma and Stressor-related Disorders,RaceEthnicity,"Black, NH",373
2021-03,Trauma and Stressor-related Disorders,RaceEthnicity,Hispanic,446
2021-03,Trauma and Stressor-related Disorders,RaceEthnicity,"Multiple/Other, NH",510
2021-03,Trauma and Stressor-related Disorders,RaceEthnicity,"NHOPI, NH",511
2021-03,Trauma and Stressor-related Disorders,RaceEthnicity,"White, NH",534
2021-02,Trauma and Stressor-related Disorders,RaceEthnicity,"AI/AN, NH",867
2021-02,Trauma and Stressor-related Disorders,RaceEthnicity,All,497
2021-02,Trauma and Stressor-related Disorders,RaceEthnicity,"Asian, NH",308
2021-02,Trauma and Stressor-related Disorders,RaceEthnicity,"Black, NH",412
2021-02,Trauma and Stressor-related Disorders,RaceEthnicity,Hispanic,461
2021-02,Trauma and Stressor-related Disorders,RaceEthnicity,"Multiple/Other, NH",524
2021-02,Trauma and Stressor-related Disorders,RaceEthnicity,"NHOPI, NH",475
2021-02,Trauma and Stressor-related Disorders,RaceEthnicity,"White, NH",554
2021-01,Trauma and Stressor-related Disorders,RaceEthnicity,"AI/AN, NH",910
2021-01,Trauma and Stressor-related Disorders,RaceEthnicity,All,469
2021-01,Trauma and Stressor-related Disorders,RaceEthnicity,"Asian, NH",316
2021-01,Trauma and Stressor-related Disorders,RaceEthnicity,"Black, NH",368
2021-01,Trauma and Stressor-related Disorders,RaceEthnicity,Hispanic,436
2021-01,Trauma and Stressor-related Disorders,RaceEthnicity,"Multiple/Other, NH",465
2021-01,Trauma and Stressor-related Disorders,RaceEthnicity,"NHOPI, NH",557
2021-01,Trauma and Stressor-related Disorders,RaceEthnicity,"White, NH",525
2020-12,Trauma and Stressor-related Disorders,RaceEthnicity,"AI/AN, NH",877
2020-12,Trauma and Stressor-related Disorders,RaceEthnicity,All,445
2020-12,Trauma and Stressor-related Disorders,RaceEthnicity,"Asian, NH",261
2020-12,Trauma and Stressor-related Disorders,RaceEthnicity,"Black, NH",354
2020-12,Trauma and Stressor-related Disorders,RaceEthnicity,Hispanic,415
2020-12,Trauma and Stressor-related Disorders,RaceEthnicity,"Multiple/Other, NH",426
2020-12,Trauma and Stressor-related Disorders,RaceEthnicity,"NHOPI, NH",400
2020-12,Trauma and Stressor-related Disorders,RaceEthnicity,"White, NH",499
2020-11,Trauma and Stressor-related Disorders,RaceEthnicity,"AI/AN, NH",795
2020-11,Trauma and Stressor-related Disorders,RaceEthnicity,All,455
2020-11,Trauma and Stressor-related Disorders,RaceEthnicity,"Asian, NH",309
2020-11,Trauma and Stressor-related Disorders,RaceEthnicity,"Black, NH",367
2020-11,Trauma and Stressor-related Disorders,RaceEthnicity,Hispanic,426
2020-11,Trauma and Stressor-related Disorders,RaceEthnicity,"Multiple/Other, NH",437
2020-11,Trauma and Stressor-related Disorders,RaceEthnicity,"NHOPI, NH",335
2020-11,Trauma and Stressor-related Disorders,RaceEthnicity,"White, NH",513
2020-10,Trauma and Stressor-related Disorders,RaceEthnicity,"AI/AN, NH",910
2020-10,Trauma and Stressor-related Disorders,RaceEthnicity,All,483
2020-10,Trauma and Stressor-related Disorders,RaceEthnicity,"Asian, NH",319
2020-10,Trauma and Stressor-related Disorders,RaceEthnicity,"Black, NH",399
2020-10,Trauma and Stressor-related Disorders,RaceEthnicity,Hispanic,450
2020-10,Trauma and Stressor-related Disorders,RaceEthnicity,"Multiple/Other, NH",465
2020-10,Trauma and Stressor-related Disorders,RaceEthnicity,"NHOPI, NH",560
2020-10,Trauma and Stressor-related Disorders,RaceEthnicity,"White, NH",546
2020-09,Trauma and Stressor-related Disorders,RaceEthnicity,"AI/AN, NH",800
2020-09,Trauma and Stressor-related Disorders,RaceEthnicity,All,496
2020-09,Trauma and Stressor-related Disorders,RaceEthnicity,"Asian, NH",334
2020-09,Trauma and Stressor-related Disorders,RaceEthnicity,"Black, NH",399
2020-09,Trauma and Stressor-related Disorders,RaceEthnicity,Hispanic,469
2020-09,Trauma and Stressor-related Disorders,RaceEthnicity,"Multiple/Other, NH",473
2020-09,Trauma and Stressor-related Disorders,RaceEthnicity,"NHOPI, NH",494
2020-09,Trauma and Stressor-related Disorders,RaceEthnicity,"White, NH",565
2020-08,Trauma and Stressor-related Disorders,RaceEthnicity,"AI/AN, NH",856
2020-08,Trauma and Stressor-related Disorders,RaceEthnicity,All,506
2020-08,Trauma and Stressor-related Disorders,RaceEthnicity,"Asian, NH",341
2020-08,Trauma and Stressor-related Disorders,RaceEthnicity,"Black, NH",401
2020-08,Trauma and Stressor-related Disorders,RaceEthnicity,Hispanic,484
2020-08,Trauma and Stressor-related Disorders,RaceEthnicity,"Multiple/Other, NH",481
2020-08,Trauma and Stressor-related Disorders,RaceEthnicity,"NHOPI, NH",575
2020-08,Trauma and Stressor-related Disorders,RaceEthnicity,"White, NH",577
2020-07,Trauma and Stressor-related Disorders,RaceEthnicity,"AI/AN, NH",826
2020-07,Trauma and Stressor-related Disorders,RaceEthnicity,All,492
2020-07,Trauma and Stressor-related Disorders,RaceEthnicity,"Asian, NH",309
2020-07,Trauma and Stressor-related Disorders,RaceEthnicity,"Black, NH",396
2020-07,Trauma and Stressor-related Disorders,RaceEthnicity,Hispanic,426
2020-07,Trauma and Stressor-related Disorders,RaceEthnicity,"Multiple/Other, NH",456
2020-07,Trauma and Stressor-related Disorders,RaceEthnicity,"NHOPI, NH",525
2020-07,Trauma and Stressor-related Disorders,RaceEthnicity,"White, NH",569
2020-06,Trauma and Stressor-related Disorders,RaceEthnicity,"AI/AN, NH",892
2020-06,Trauma and Stressor-related Disorders,RaceEthnicity,All,514
2020-06,Trauma and Stressor-related Disorders,RaceEthnicity,"Asian, NH",369
2020-06,Trauma and Stressor-related Disorders,RaceEthnicity,"Black, NH",410
2020-06,Trauma and Stressor-related Disorders,RaceEthnicity,Hispanic,455
2020-06,Trauma and Stressor-related Disorders,RaceEthnicity,"Multiple/Other, NH",495
2020-06,Trauma and Stressor-related Disorders,RaceEthnicity,"NHOPI, NH",444
2020-06,Trauma and Stressor-related Disorders,RaceEthnicity,"White, NH",582
2020-05,Trauma and Stressor-related Disorders,RaceEthnicity,"AI/AN, NH",946
2020-05,Trauma and Stressor-related Disorders,RaceEthnicity,All,549
2020-05,Trauma and Stressor-related Disorders,RaceEthnicity,"Asian, NH",317
2020-05,Trauma and Stressor-related Disorders,RaceEthnicity,"Black, NH",434
2020-05,Trauma and Stressor-related Disorders,RaceEthnicity,Hispanic,490
2020-05,Trauma and Stressor-related Disorders,RaceEthnicity,"Multiple/Other, NH",473
2020-05,Trauma and Stressor-related Disorders,RaceEthnicity,"NHOPI, NH",505
2020-05,Trauma and Stressor-related Disorders,RaceEthnicity,"White, NH",611
2020-04,Trauma and Stressor-related Disorders,RaceEthnicity,"AI/AN, NH",1089
2020-04,Trauma and Stressor-related Disorders,RaceEthnicity,All,555
2020-04,Trauma and Stressor-related Disorders,RaceEthnicity,"Asian, NH",294
2020-04,Trauma and Stressor-related Disorders,RaceEthnicity,"Black, NH",417
2020-04,Trauma and Stressor-related Disorders,RaceEthnicity,Hispanic,489
2020-04,Trauma and Stressor-related Disorders,RaceEthnicity,"Multiple/Other, NH",476
2020-04,Trauma and Stressor-related Disorders,RaceEthnicity,"NHOPI, NH",575
2020-04,Trauma and Stressor-related Disorders,RaceEthnicity,"White, NH",627
2020-03,Trauma and Stressor-related Disorders,RaceEthnicity,"AI/AN, NH",770
2020-03,Trauma and Stressor-related Disorders,RaceEthnicity,All,455
2020-03,Trauma and Stressor-related Disorders,RaceEthnicity,"Asian, NH",268
2020-03,Trauma and Stressor-related Disorders,RaceEthnicity,"Black, NH",336
2020-03,Trauma and Stressor-related Disorders,RaceEthnicity,Hispanic,357
2020-03,Trauma and Stressor-related Disorders,RaceEthnicity,"Multiple/Other, NH",380
2020-03,Trauma and Stressor-related Disorders,RaceEthnicity,"NHOPI, NH",433
2020-03,Trauma and Stressor-related Disorders,RaceEthnicity,"White, NH",539
2020-02,Trauma and Stressor-related Disorders,RaceEthnicity,"AI/AN, NH",769
2020-02,Trauma and Stressor-related Disorders,RaceEthnicity,All,446
2020-02,Trauma and Stressor-related Disorders,RaceEthnicity,"Asian, NH",305
2020-02,Trauma and Stressor-related Disorders,RaceEthnicity,"Black, NH",338
2020-02,Trauma and Stressor-related Disorders,RaceEthnicity,Hispanic,369
2020-02,Trauma and Stressor-related Disorders,RaceEthnicity,"Multiple/Other, NH",372
2020-02,Trauma and Stressor-related Disorders,RaceEthnicity,"NHOPI, NH",340
2020-02,Trauma and Stressor-related Disorders,RaceEthnicity,"White, NH",520
2020-01,Trauma and Stressor-related Disorders,RaceEthnicity,"AI/AN, NH",746
2020-01,Trauma and Stressor-related Disorders,RaceEthnicity,All,425
2020-01,Trauma and Stressor-related Disorders,RaceEthnicity,"Asian, NH",272
2020-01,Trauma and Stressor-related Disorders,RaceEthnicity,"Black, NH",319
2020-01,Trauma and Stressor-related Disorders,RaceEthnicity,Hispanic,346
2020-01,Trauma and Stressor-related Disorders,RaceEthnicity,"Multiple/Other, NH",353
2020-01,Trauma and Stressor-related Disorders,RaceEthnicity,"NHOPI, NH",360
2020-01,Trauma and Stressor-related Disorders,RaceEthnicity,"White, NH",504
2019-12,Trauma and Stressor-related Disorders,RaceEthnicity,"AI/AN, NH",686
2019-12,Trauma and Stressor-related Disorders,RaceEthnicity,All,405
2019-12,Trauma and Stressor-related Disorders,RaceEthnicity,"Asian, NH",249
2019-12,Trauma and Stressor-related Disorders,RaceEthnicity,"Black, NH",300
2019-12,Trauma and Stressor-related Disorders,RaceEthnicity,Hispanic,358
2019-12,Trauma and Stressor-related Disorders,RaceEthnicity,"Multiple/Other, NH",323
2019-12,Trauma and Stressor-related Disorders,RaceEthnicity,"NHOPI, NH",309
2019-12,Trauma and Stressor-related Disorders,RaceEthnicity,"White, NH",477
2019-11,Trauma and Stressor-related Disorders,RaceEthnicity,"AI/AN, NH",884
2019-11,Trauma and Stressor-related Disorders,RaceEthnicity,All,439
2019-11,Trauma and Stressor-related Disorders,RaceEthnicity,"Asian, NH",278
2019-11,Trauma and Stressor-related Disorders,RaceEthnicity,"Black, NH",336
2019-11,Trauma and Stressor-related Disorders,RaceEthnicity,Hispanic,396
2019-11,Trauma and Stressor-related Disorders,RaceEthnicity,"Multiple/Other, NH",367
2019-11,Trauma and Stressor-related Disorders,RaceEthnicity,"NHOPI, NH",265
2019-11,Trauma and Stressor-related Disorders,RaceEthnicity,"White, NH",498
2019-10,Trauma and Stressor-related Disorders,RaceEthnicity,"AI/AN, NH",872
2019-10,Trauma and Stressor-related Disorders,RaceEthnicity,All,460
2019-10,Trauma and Stressor-related Disorders,RaceEthnicity,"Asian, NH",301
2019-10,Trauma and Stressor-related Disorders,RaceEthnicity,"Black, NH",339
2019-10,Trauma and Stressor-related Disorders,RaceEthnicity,Hispanic,416
2019-10,Trauma and Stressor-related Disorders,RaceEthnicity,"Multiple/Other, NH",390
2019-10,Trauma and Stressor-related Disorders,RaceEthnicity,"NHOPI, NH",411
2019-10,Trauma and Stressor-related Disorders,RaceEthnicity,"White, NH",533
2019-09,Trauma and Stressor-related Disorders,RaceEthnicity,"AI/AN, NH",825
2019-09,Trauma and Stressor-related Disorders,RaceEthnicity,All,457
2019-09,Trauma and Stressor-related Disorders,RaceEthnicity,"Asian, NH",306
2019-09,Trauma and Stressor-related Disorders,RaceEthnicity,"Black, NH",343
2019-09,Trauma and Stressor-related Disorders,RaceEthnicity,Hispanic,408
2019-09,Trauma and Stressor-related Disorders,RaceEthnicity,"Multiple/Other, NH",384
2019-09,Trauma and Stressor-related Disorders,RaceEthnicity,"NHOPI, NH",279
2019-09,Trauma and Stressor-related Disorders,RaceEthnicity,"White, NH",525
2019-08,Trauma and Stressor-related Disorders,RaceEthnicity,"AI/AN, NH",751
2019-08,Trauma and Stressor-related Disorders,RaceEthnicity,All,458
2019-08,Trauma and Stressor-related Disorders,RaceEthnicity,"Asian, NH",264
2019-08,Trauma and Stressor-related Disorders,RaceEthnicity,"Black, NH",341
2019-08,Trauma and Stressor-related Disorders,RaceEthnicity,Hispanic,413
2019-08,Trauma and Stressor-related Disorders,RaceEthnicity,"Multiple/Other, NH",387
2019-08,Trauma and Stressor-related Disorders,RaceEthnicity,"NHOPI, NH",368
2019-08,Trauma and Stressor-related Disorders,RaceEthnicity,"White, NH",523
2019-07,Trauma and Stressor-related Disorders,RaceEthnicity,"AI/AN, NH",759
2019-07,Trauma and Stressor-related Disorders,RaceEthnicity,All,436
2019-07,Trauma and Stressor-related Disorders,RaceEthnicity,"Asian, NH",249
2019-07,Trauma and Stressor-related Disorders,RaceEthnicity,"Black, NH",344
2019-07,Trauma and Stressor-related Disorders,RaceEthnicity,Hispanic,382
2019-07,Trauma and Stressor-related Disorders,RaceEthnicity,"Multiple/Other, NH",375
2019-07,Trauma and Stressor-related Disorders,RaceEthnicity,"NHOPI, NH",419
2019-07,Trauma and Stressor-related Disorders,RaceEthnicity,"White, NH",496
2019-06,Trauma and Stressor-related Disorders,RaceEthnicity,"AI/AN, NH",750
2019-06,Trauma and Stressor-related Disorders,RaceEthnicity,All,424
2019-06,Trauma and Stressor-related Disorders,RaceEthnicity,"Asian, NH",279
2019-06,Trauma and Stressor-related Disorders,RaceEthnicity,"Black, NH",325
2019-06,Trauma and Stressor-related Disorders,RaceEthnicity,Hispanic,369
2019-06,Trauma and Stressor-related Disorders,RaceEthnicity,"Multiple/Other, NH",370
2019-06,Trauma and Stressor-related Disorders,RaceEthnicity,"NHOPI, NH",382
2019-06,Trauma and Stressor-related Disorders,RaceEthnicity,"White, NH",479
2019-05,Trauma and Stressor-related Disorders,RaceEthnicity,"AI/AN, NH",871
2019-05,Trauma and Stressor-related Disorders,RaceEthnicity,All,423
2019-05,Trauma and Stressor-related Disorders,RaceEthnicity,"Asian, NH",270
2019-05,Trauma and Stressor-related Disorders,RaceEthnicity,"Black, NH",316
2019-05,Trauma and Stressor-related Disorders,RaceEthnicity,Hispanic,352
2019-05,Trauma and Stressor-related Disorders,RaceEthnicity,"Multiple/Other, NH",366
2019-05,Trauma and Stressor-related Disorders,RaceEthnicity,"NHOPI, NH",351
2019-05,Trauma and Stressor-related Disorders,RaceEthnicity,"White, NH",482
2019-04,Trauma and Stressor-related Disorders,RaceEthnicity,"AI/AN, NH",946
2019-04,Trauma and Stressor-related Disorders,RaceEthnicity,All,424
2019-04,Trauma and Stressor-related Disorders,RaceEthnicity,"Asian, NH",252
2019-04,Trauma and Stressor-related Disorders,RaceEthnicity,"Black, NH",326
2019-04,Trauma and Stressor-related Disorders,RaceEthnicity,Hispanic,359
2019-04,Trauma and Stressor-related Disorders,RaceEthnicity,"Multiple/Other, NH",366
2019-04,Trauma and Stressor-related Disorders,RaceEthnicity,"NHOPI, NH",315
2019-04,Trauma and Stressor-related Disorders,RaceEthnicity,"White, NH",480
2019-03,Trauma and Stressor-related Disorders,RaceEthnicity,"AI/AN, NH",813
2019-03,Trauma and Stressor-related Disorders,RaceEthnicity,All,396
2019-03,Trauma and Stressor-related Disorders,RaceEthnicity,"Asian, NH",238
2019-03,Trauma and Stressor-related Disorders,RaceEthnicity,"Black, NH",299
2019-03,Trauma and Stressor-related Disorders,RaceEthnicity,Hispanic,317
2019-03,Trauma and Stressor-related Disorders,RaceEthnicity,"Multiple/Other, NH",357
2019-03,Trauma and Stressor-related Disorders,RaceEthnicity,"NHOPI, NH",293
2019-03,Trauma and Stressor-related Disorders,RaceEthnicity,"White, NH",449
2019-02,Trauma and Stressor-related Disorders,RaceEthnicity,"AI/AN, NH",776
2019-02,Trauma and Stressor-related Disorders,RaceEthnicity,All,389
2019-02,Trauma and Stressor-related Disorders,RaceEthnicity,"Asian, NH",244
2019-02,Trauma and Stressor-related Disorders,RaceEthnicity,"Black, NH",287
2019-02,Trauma and Stressor-related Disorders,RaceEthnicity,Hispanic,307
2019-02,Trauma and Stressor-related Disorders,RaceEthnicity,"Multiple/Other, NH",352
2019-02,Trauma and Stressor-related Disorders,RaceEthnicity,"NHOPI, NH",276
2019-02,Trauma and Stressor-related Disorders,RaceEthnicity,"White, NH",449
2019-01,Trauma and Stressor-related Disorders,RaceEthnicity,"AI/AN, NH",782
2019-01,Trauma and Stressor-related Disorders,RaceEthnicity,All,366
2019-01,Trauma and Stressor-related Disorders,RaceEthnicity,"Asian, NH",268
2019-01,Trauma and Stressor-related Disorders,RaceEthnicity,"Black, NH",281
2019-01,Trauma and Stressor-related Disorders,RaceEthnicity,Hispanic,309
2019-01,Trauma and Stressor-related Disorders,RaceEthnicity,"Multiple/Other, NH",319
2019-01,Trauma and Stressor-related Disorders,RaceEthnicity,"NHOPI, NH",290
2019-01,Trauma and Stressor-related Disorders,RaceEthnicity,"White, NH",432
