time,tasmax,tasmin,rsds,ps,pr,sfcWind
2000-01-01 12:00:00,15.915039,3.7785034,142.60725,96266.164,0.0,1.6055712
2000-01-02 12:00:00,15.772705,3.9655151,139.58867,96305.62,0.0,1.1697431
2000-01-03 12:00:00,14.800201,4.5989075,123.07006,95765.7,0.0,0.67786896
2000-01-04 12:00:00,14.529602,3.9771729,142.07874,95884.94,4.9246687e-06,0.6984503
2000-01-05 12:00:00,14.607513,1.7224731,139.59828,96291.63,0.0,0.58687705
2000-01-06 12:00:00,16.539246,2.7235107,140.4909,96585.42,0.0,0.5091095
2000-01-07 12:00:00,19.273438,5.379608,140.98651,96638.945,0.0,0.5329137
2000-01-08 12:00:00,22.830627,9.262512,122.01765,96528.055,0.0,1.0691906
2000-01-09 12:00:00,21.169952,9.872253,109.85663,96342.516,0.0,0.3624498
2000-01-10 12:00:00,22.777771,9.725281,136.61398,96472.54,0.0,0.2692137
2000-01-11 12:00:00,25.869324,12.061707,142.40782,96648.63,0.0,0.7976491
2000-01-12 12:00:00,28.795074,14.202972,142.47507,96411.52,0.0,1.008656
2000-01-13 12:00:00,27.325409,10.792633,126.77972,96027.61,0.0,0.32967278
2000-01-14 12:00:00,20.864044,8.218872,128.27538,95907.95,1.2058089e-06,0.62324536
2000-01-15 12:00:00,14.175903,9.614227,70.42292,96100.77,1.0678552e-05,0.8046856
2000-01-16 12:00:00,16.043121,4.0030212,149.23364,96403.89,4.682101e-07,0.21703526
2000-01-17 12:00:00,21.199097,4.640106,149.48402,96620.805,0.0,0.701675
2000-01-18 12:00:00,23.962128,10.9192505,139.26372,96476.33,0.0,1.6738682
2000-01-19 12:00:00,26.493744,12.183075,142.92021,96254.46,0.0,1.9443135
2000-01-20 12:00:00,25.194397,14.312622,75.81477,96363.695,0.0,1.6021533
2000-01-21 12:00:00,22.76831,10.497284,110.19078,96298.14,0.0,0.51057005
2000-01-22 12:00:00,20.683533,6.0888977,120.1184,96227.74,4.1028628e-08,0.48828346
2000-01-23 12:00:00,16.524628,4.6202087,154.36194,96104.56,2.2275236e-07,0.587291
2000-01-24 12:00:00,14.099365,6.1832886,119.63552,96313.734,7.161828e-06,0.8453607
2000-01-25 12:00:00,13.798798,4.4207764,91.9202,96307.57,0.0,0.24420981
2000-01-26 12:00:00,12.075562,5.4410095,75.84458,96136.78,1.7020495e-05,0.5471594
2000-01-27 12:00:00,11.639984,8.30484,27.164352,95495.38,0.00079375086,1.4702568
2000-01-28 12:00:00,10.519501,2.7587585,146.47372,96134.81,4.912956e-06,0.9771011
2000-01-29 12:00:00,11.464203,3.153473,167.71892,96863.48,8.8011314e-11,0.47348714
2000-01-30 12:00:00,11.291016,3.4905396,143.05327,96712.64,0.0,0.2642718
2000-01-31 12:00:00,10.151764,5.851898,143.2314,96023.766,0.00021717839,1.3029149
2000-02-01 12:00:00,7.8919983,-0.25750732,174.1423,96228.1,4.2600195e-07,0.8963467
2000-02-02 12:00:00,7.425354,2.3762512,43.077507,95936.75,0.0001261119,0.94729924
2000-02-03 12:00:00,9.080994,0.04336548,178.09608,95807.99,8.639208e-06,0.6770034
2000-02-04 12:00:00,8.871521,1.3609009,182.27509,96009.84,1.5017984e-07,1.3200207
2000-02-05 12:00:00,9.688721,-2.196167,181.96857,96332.03,1.207524e-08,1.0111966
2000-02-06 12:00:00,12.511993,-0.703125,185.42668,96713.97,0.0,0.8195693
2000-02-07 12:00:00,16.062866,4.1620483,185.4675,97070.24,0.0,1.1889162
2000-02-08 12:00:00,19.165192,5.743988,187.79562,96836.76,0.0,1.3256806
2000-02-09 12:00:00,19.947113,6.4756775,188.9563,96321.91,0.0,1.1296408
2000-02-10 12:00:00,19.778625,10.005737,123.88409,96312.36,0.0,1.1667203
2000-02-11 12:00:00,16.74768,5.8515015,190.22603,96380.95,2.1916789e-07,0.17855217
2000-02-12 12:00:00,13.758423,6.1391296,148.80067,96192.75,4.7726285e-06,0.5761751
2000-02-13 12:00:00,12.275391,6.241974,75.48536,96224.945,9.942049e-06,0.57567114
2000-02-14 12:00:00,13.925873,6.1255493,162.29672,96233.05,2.0503032e-06,0.34781379
2000-02-15 12:00:00,16.41269,2.7416382,177.03099,96460.21,0.0,1.385422
2000-02-16 12:00:00,18.363922,3.4574585,188.83612,96733.445,0.0,0.91910666
2000-02-17 12:00:00,18.803497,5.8015137,205.8002,96758.91,1.6163333e-09,0.2903021
2000-02-18 12:00:00,18.01648,3.653534,82.76801,96447.445,2.9109016e-05,0.57668394
2000-02-19 12:00:00,14.575226,2.7658386,216.16962,96667.45,2.7200768e-09,1.8139396
2000-02-20 12:00:00,19.51941,4.048279,212.6788,97015.55,0.0,1.9714044
2000-02-21 12:00:00,24.623993,9.111328,208.398,96702.53,0.0,1.7581652
2000-02-22 12:00:00,24.759705,10.325134,209.3621,96282.766,0.0,0.6692804
2000-02-23 12:00:00,23.298676,7.5124207,166.44115,96192.41,0.0,0.48708797
2000-02-24 12:00:00,21.386414,6.7969055,223.02461,96066.78,0.0,0.45916915
2000-02-25 12:00:00,20.517761,4.1505737,218.00417,96016.055,0.0,0.6213265
2000-02-26 12:00:00,16.406342,8.082245,60.11579,95764.8,3.4348916e-05,0.786627
2000-02-27 12:00:00,9.881653,-0.45718384,169.4092,95682.69,5.0979306e-06,1.2273254
2000-02-28 12:00:00,11.58493,-2.5203857,229.2608,96262.0,2.0615235e-10,0.73531693
2000-02-29 12:00:00,,,,,,
2000-03-01 12:00:00,14.611389,0.33447266,230.317,96618.53,0.0,0.7613447
2000-03-02 12:00:00,16.812195,1.6985168,232.79741,96086.45,3.2232086e-09,0.4709592
2000-03-03 12:00:00,16.488373,5.165802,235.23619,96003.61,0.0,1.8263719
2000-03-04 12:00:00,15.969147,4.039917,247.02815,96170.04,0.0,1.7647183
2000-03-05 12:00:00,17.692322,3.026062,242.18909,96060.625,0.0,0.9532738
2000-03-06 12:00:00,16.574615,2.7777405,229.41486,95918.22,0.0,0.8141458
2000-03-07 12:00:00,18.583405,2.3553162,244.62198,96026.97,1.0073105e-07,0.7619504
2000-03-08 12:00:00,19.662903,5.8894653,246.59198,96089.33,0.0,0.60375106
2000-03-09 12:00:00,18.505219,2.3949585,124.62108,95714.93,8.451267e-06,0.96799827
2000-03-10 12:00:00,11.38501,0.30871582,196.37978,95817.17,2.7731853e-06,1.6417092
2000-03-11 12:00:00,12.724731,-1.3830872,252.39256,96797.41,0.0,1.8539163
2000-03-12 12:00:00,16.483612,3.1703796,233.19595,96981.91,0.0,0.463784
2000-03-13 12:00:00,16.942566,2.5999756,254.7474,96325.11,0.0,0.5469095
2000-03-14 12:00:00,16.590942,4.598419,233.21304,96087.81,3.6615507e-08,0.5276409
2000-03-15 12:00:00,19.555664,4.305359,246.86856,96146.33,4.8433254e-08,0.47863442
2000-03-16 12:00:00,21.601746,5.2463684,248.80194,96132.08,0.0,0.51676637
2000-03-17 12:00:00,23.099976,7.0050354,201.9412,96141.6,0.0,0.701374
2000-03-18 12:00:00,22.943909,8.884674,258.93936,96007.67,0.0,0.47222063
2000-03-19 12:00:00,27.172272,5.745697,277.0993,96102.44,0.0,1.1081382
2000-03-20 12:00:00,27.099213,13.130981,199.481,96134.875,0.0,0.7224143
2000-03-21 12:00:00,24.435211,7.7109375,269.5252,96050.53,0.0,0.34496826
2000-03-22 12:00:00,25.134827,4.4195557,280.07965,95856.51,0.0,0.49950522
2000-03-23 12:00:00,27.569672,9.111603,278.75653,96020.51,0.0,1.0756034
2000-03-24 12:00:00,28.228333,13.320435,283.341,96324.66,0.0,1.5968548
2000-03-25 12:00:00,29.592896,14.074493,287.96335,96157.75,0.0,0.9529099
2000-03-26 12:00:00,29.044098,10.506226,285.09808,95787.74,0.0,0.80026853
2000-03-27 12:00:00,22.869476,7.2012634,233.24059,95716.086,6.761368e-07,0.9424125
2000-03-28 12:00:00,16.149597,6.7351074,282.62424,95738.08,9.643045e-06,1.5972599
2000-03-29 12:00:00,11.842773,4.9881897,84.92095,95554.9,0.0003660316,0.9155068
2000-03-30 12:00:00,6.067627,2.7570496,90.84011,95590.445,0.00017195173,0.1845677
2000-03-31 12:00:00,9.94278,1.4699097,256.71405,96048.36,5.02006e-05,0.523711
2000-04-01 12:00:00,12.706268,2.8138733,287.55237,96779.24,7.3685214e-08,0.53156435
2000-04-02 12:00:00,13.846619,4.452301,279.09827,96533.23,0.0,0.39379486
2000-04-03 12:00:00,16.020935,7.7259827,271.19653,96267.69,3.646188e-06,0.36632457
2000-04-04 12:00:00,18.536102,7.101166,265.2864,96094.555,1.3415228e-06,0.45861214
2000-04-05 12:00:00,24.711884,9.414703,293.7917,95968.09,4.124356e-09,0.67802715
2000-04-06 12:00:00,28.54129,12.768311,297.19318,95903.805,0.0,1.281821
2000-04-07 12:00:00,29.179443,16.08905,305.05984,95982.76,1.085078e-08,0.9981481
2000-04-08 12:00:00,26.740723,11.065735,301.2991,95888.984,0.0,0.8596668
2000-04-09 12:00:00,23.156036,8.105377,302.7734,95772.01,1.722887e-07,1.0377039
2000-04-10 12:00:00,18.411163,6.4384766,277.9168,95848.95,3.217684e-06,1.239645
2000-04-11 12:00:00,16.223114,4.806946,200.26505,95931.81,1.5578817e-06,1.0765743
2000-04-12 12:00:00,18.680115,3.5939941,315.71063,95851.54,3.1074312e-06,0.7272308
2000-04-13 12:00:00,18.62677,4.5493774,271.02872,95508.76,1.04955085e-07,0.9574734
2000-04-14 12:00:00,14.715607,4.097809,240.30798,95000.17,2.40961e-05,1.2219734
2000-04-15 12:00:00,15.443726,2.2017822,301.33377,95542.15,0.0,0.99903387
2000-04-16 12:00:00,16.992065,4.5309753,304.2743,96140.37,2.786754e-07,0.75088215
2000-04-17 12:00:00,18.87436,3.683258,323.89874,96148.766,0.0,0.70650905
2000-04-18 12:00:00,21.63211,4.3186035,326.6313,95891.18,0.0,0.81677145
2000-04-19 12:00:00,22.659576,11.947449,330.0508,96022.16,0.0,2.1314268
2000-04-20 12:00:00,25.761078,9.69754,331.52084,96076.07,0.0,0.9138752
2000-04-21 12:00:00,26.71582,8.53006,329.7043,96001.26,0.0,0.38467866
2000-04-22 12:00:00,28.744873,10.125366,329.06305,95975.26,0.0,0.37972608
2000-04-23 12:00:00,30.458282,10.469086,326.45486,95755.96,0.0,0.57429224
2000-04-24 12:00:00,32.494293,15.064636,327.90167,95831.89,0.0,0.54031694
2000-04-25 12:00:00,32.27353,14.551544,330.17093,95540.445,5.578282e-08,0.9915429
2000-04-26 12:00:00,27.300995,10.568512,317.8081,95481.11,1.3330852e-06,1.2521749
2000-04-27 12:00:00,22.26892,7.462372,332.31415,95628.85,0.0,0.8765452
2000-04-28 12:00:00,23.944458,8.154236,334.02997,95759.63,0.0,0.63168585
2000-04-29 12:00:00,24.701324,8.178528,337.0494,95818.516,3.1528767e-08,0.74454105
2000-04-30 12:00:00,23.388458,8.485474,307.0305,95542.6,3.7337952e-07,0.8709506
2000-05-01 12:00:00,21.476074,9.2508545,318.35883,95323.945,1.2569717e-06,0.9050897
2000-05-02 12:00:00,27.678375,8.641357,347.3976,95720.6,3.6342582e-09,1.2466145
2000-05-03 12:00:00,30.105377,12.4739685,350.04642,96171.82,0.0,1.3930004
2000-05-04 12:00:00,29.365143,12.164612,347.14404,95947.46,0.0,0.8359277
2000-05-05 12:00:00,27.30188,8.898499,342.87195,95586.84,1.9078675e-08,0.9250198
2000-05-06 12:00:00,23.934662,9.372925,330.69696,95604.14,3.1378566e-09,0.89879316
2000-05-07 12:00:00,24.125183,9.717651,340.9106,95818.55,0.0,0.71407586
2000-05-08 12:00:00,23.604767,10.08313,346.9915,95785.5,0.0,1.042347
2000-05-09 12:00:00,23.649933,9.721222,327.51404,95647.07,0.0,0.98138195
2000-05-10 12:00:00,22.642517,6.713928,349.04974,95474.64,0.0,0.8955228
2000-05-11 12:00:00,20.500427,5.8999634,163.49811,95369.93,7.936074e-05,0.93177074
2000-05-12 12:00:00,14.486511,10.096649,152.97789,95582.06,0.000106299456,0.52878535
2000-05-13 12:00:00,14.279236,11.034027,117.399086,95976.27,3.5183817e-05,1.1513078
2000-05-14 12:00:00,18.836731,12.105499,286.9501,95796.15,7.284227e-06,0.61214405
2000-05-15 12:00:00,18.368591,12.430267,140.72182,95335.305,1.3539242e-05,1.0136968
2000-05-16 12:00:00,21.720276,11.332642,334.46997,94803.445,9.939164e-06,0.65356296
2000-05-17 12:00:00,26.494263,11.756287,358.82486,94973.79,0.0,0.98858714
2000-05-18 12:00:00,25.86026,10.130127,352.80585,95715.14,0.0,0.9410793
2000-05-19 12:00:00,26.289429,9.704712,353.58496,96001.375,0.0,0.6443615
2000-05-20 12:00:00,31.525726,11.964172,353.89258,95901.94,0.0,0.43290302
2000-05-21 12:00:00,35.658386,16.009644,350.50827,95775.23,0.0,0.6846334
2000-05-22 12:00:00,35.24765,16.041443,353.33908,95781.38,0.0,0.950541
2000-05-23 12:00:00,31.234772,12.647064,358.41376,95969.875,0.0,0.809028
2000-05-24 12:00:00,28.87027,12.969727,284.56854,95759.086,0.0,0.7257268
2000-05-25 12:00:00,25.136414,11.09198,337.93448,95653.58,5.0028876e-07,1.102147
2000-05-26 12:00:00,22.43927,10.14151,348.91437,95805.49,3.4275968e-07,1.0170547
2000-05-27 12:00:00,22.556244,9.125671,344.8407,95762.375,1.810942e-07,1.0669943
2000-05-28 12:00:00,25.973755,9.264557,359.73563,95703.914,0.0,0.7752316
2000-05-29 12:00:00,27.712463,11.452148,358.47415,95717.664,0.0,0.73978555
2000-05-30 12:00:00,29.005981,11.932007,360.86322,95961.4,0.0,0.8234259
2000-05-31 12:00:00,27.957031,11.692261,360.72,96012.89,0.0,0.8437837
2000-06-01 12:00:00,26.517395,11.352173,356.5908,95785.29,2.5912883e-07,1.0703763
2000-06-02 12:00:00,23.875336,9.571045,362.53006,95498.8,0.0,0.9167734
2000-06-03 12:00:00,24.896454,10.630676,360.75134,95258.305,0.0,0.83067775
2000-06-04 12:00:00,26.855255,11.367371,351.6533,95437.16,3.2418018e-07,0.8591812
2000-06-05 12:00:00,28.875183,12.356781,359.78357,95597.89,1.3972672e-09,0.84655
2000-06-06 12:00:00,28.603638,12.032806,364.33005,95656.39,2.0929946e-07,0.85956687
2000-06-07 12:00:00,30.093842,13.406128,272.3771,95697.664,0.0,0.553916
2000-06-08 12:00:00,31.604492,14.744049,329.62393,95762.55,0.0,0.66386265
2000-06-09 12:00:00,31.38678,14.511597,353.66052,95852.41,0.0,0.7204668
2000-06-10 12:00:00,29.019165,11.287598,334.75696,95872.51,1.2173763e-07,0.79410654
2000-06-11 12:00:00,29.515533,11.407715,371.20963,95729.13,0.0,0.32861578
2000-06-12 12:00:00,31.964935,12.067352,375.34222,95797.07,0.0,0.47835076
2000-06-13 12:00:00,32.957275,13.1085205,369.63684,95988.875,0.0,0.6092797
2000-06-14 12:00:00,33.752594,14.787659,366.8566,95820.805,0.0,0.6604063
2000-06-15 12:00:00,32.455963,14.637573,362.6288,95688.45,1.633505e-08,0.81940705
2000-06-16 12:00:00,29.151917,11.805664,370.8556,95633.2,0.0,1.043934
2000-06-17 12:00:00,26.158905,9.375793,370.123,95563.04,3.0696903e-08,0.9650801
2000-06-18 12:00:00,26.169952,11.754547,362.27084,95731.27,1.8937182e-07,1.1424996
2000-06-19 12:00:00,27.279999,12.09848,366.17056,95751.91,0.0,0.6787024
2000-06-20 12:00:00,27.052002,11.991699,364.64966,95789.89,0.0,0.97078705
2000-06-21 12:00:00,29.779175,12.54483,366.0002,95871.15,0.0,0.8477007
2000-06-22 12:00:00,28.465332,12.7039795,365.73663,95869.23,0.0,1.0530288
2000-06-23 12:00:00,27.122345,11.804199,366.2719,95893.305,1.3756309e-07,1.0830095
2000-06-24 12:00:00,27.191132,12.052429,356.624,95860.24,6.168814e-08,1.1277647
2000-06-25 12:00:00,28.587494,12.762482,361.6897,95653.2,0.0,1.011858
2000-06-26 12:00:00,29.567902,13.103668,364.28598,95697.29,0.0,0.8833443
2000-06-27 12:00:00,31.677551,13.8055725,366.36526,95787.1,0.0,0.6004181
2000-06-28 12:00:00,31.67981,14.38739,364.874,95675.08,0.0,0.60693103
2000-06-29 12:00:00,32.283905,13.796051,369.1731,95618.77,0.0,0.6257669
2000-06-30 12:00:00,31.95227,13.641632,366.02798,95743.305,2.4771014e-08,0.6646913
2000-07-01 12:00:00,31.43283,14.358856,347.7823,95870.445,0.0,0.9293184
2000-07-02 12:00:00,31.530853,15.761322,347.8435,96000.33,0.0,0.7994345
2000-07-03 12:00:00,31.463928,15.644257,322.74747,96018.68,0.0,1.0018226
2000-07-04 12:00:00,30.026855,17.843414,311.8458,96126.19,0.0,0.93350816
2000-07-05 12:00:00,31.053284,16.042969,348.19812,95999.06,0.0,0.96581686
2000-07-06 12:00:00,30.881409,13.366638,358.031,95736.84,1.8142127e-09,0.62233835
2000-07-07 12:00:00,30.203613,13.807465,359.77713,95776.08,6.228443e-09,0.91869545
2000-07-08 12:00:00,31.527374,13.833496,358.9961,95981.45,0.0,0.7688155
2000-07-09 12:00:00,33.651367,15.856781,358.8943,95847.086,0.0,0.6769756
2000-07-10 12:00:00,32.22583,15.287079,355.62976,95569.05,1.003006e-08,0.9039646
2000-07-11 12:00:00,29.765411,14.847443,354.78757,95568.75,0.0,0.9632876
2000-07-12 12:00:00,29.576385,12.988159,360.97003,95733.945,0.0,0.88060254
2000-07-13 12:00:00,29.377441,11.993164,363.54843,95921.266,0.0,0.7128062
2000-07-14 12:00:00,28.952576,11.372711,363.7324,95849.336,0.0,1.0432441
2000-07-15 12:00:00,29.485016,11.895782,362.992,95782.05,0.0,0.87093544
2000-07-16 12:00:00,30.965271,14.650482,339.27786,95986.85,0.0,0.70068324
2000-07-17 12:00:00,30.568817,15.607697,350.1822,96051.34,0.0,0.81107616
2000-07-18 12:00:00,30.429382,13.090271,359.58246,95851.86,1.5576006e-07,0.73964
2000-07-19 12:00:00,29.488129,11.813293,362.04926,95719.75,1.8788265e-08,0.5940598
2000-07-20 12:00:00,28.633636,11.378784,359.29874,95744.19,0.0,0.7683681
2000-07-21 12:00:00,28.123596,11.518494,357.8559,95709.445,0.0,0.97623414
2000-07-22 12:00:00,27.00998,11.939941,347.29666,95801.375,1.5681586e-07,1.0799228
2000-07-23 12:00:00,27.768188,11.93103,348.4168,95975.22,1.5422532e-07,0.91394544
2000-07-24 12:00:00,31.80539,13.152344,354.72565,96063.766,0.0,0.5882433
2000-07-25 12:00:00,34.144806,14.096863,352.11874,95978.86,0.0,0.5110252
2000-07-26 12:00:00,34.550262,17.375793,321.60593,95785.86,0.0,0.6351106
2000-07-27 12:00:00,37.802673,18.591736,337.9676,95652.72,0.0,0.71090686
2000-07-28 12:00:00,37.36609,19.90033,316.87778,95700.74,0.0,0.62924176
2000-07-29 12:00:00,38.454956,20.813873,334.20944,95858.7,0.0,0.4570569
2000-07-30 12:00:00,37.15393,20.870453,309.91525,95842.74,7.757687e-10,0.65124595
2000-07-31 12:00:00,36.034515,19.612885,335.28278,95823.39,0.0,0.7068944
2000-08-01 12:00:00,36.233856,19.949188,335.09277,95800.555,1.3167947e-08,0.7899211
2000-08-02 12:00:00,34.4346,18.276245,331.72733,95865.17,1.5016706e-08,0.88665646
2000-08-03 12:00:00,32.402527,18.061615,310.1701,95623.41,0.0,0.7409561
2000-08-04 12:00:00,31.090973,17.268188,309.23978,95569.49,1.0539043e-07,0.9659739
2000-08-05 12:00:00,32.086456,17.151001,324.02786,95713.44,5.982827e-09,0.6395289
2000-08-06 12:00:00,33.372375,17.522888,314.81766,95755.49,9.545101e-09,0.79909766
2000-08-07 12:00:00,32.648224,16.115692,323.45142,95776.98,1.7312372e-08,1.0752778
2000-08-08 12:00:00,32.772827,17.758972,316.47598,95812.586,2.3019458e-08,0.5625411
2000-08-09 12:00:00,35.30783,17.48404,327.7554,95742.92,0.0,0.7863346
2000-08-10 12:00:00,35.88037,16.796661,328.27386,95753.34,2.8028712e-08,0.6989179
2000-08-11 12:00:00,36.39453,18.440094,325.3618,95728.39,4.809091e-08,0.59871244
2000-08-12 12:00:00,35.23175,19.131592,322.3253,95670.91,0.0,0.6599242
2000-08-13 12:00:00,33.4328,21.770538,140.96405,95835.52,5.9688254e-09,0.56599957
2000-08-14 12:00:00,37.61209,23.569427,282.60065,95894.89,0.0,0.7759228
2000-08-15 12:00:00,36.95993,20.798431,317.86703,95675.14,0.0,0.6600099
2000-08-16 12:00:00,36.337036,19.8797,324.10977,95477.39,1.7263454e-07,0.7247123
2000-08-17 12:00:00,36.92926,19.176575,326.4956,95465.88,0.0,0.29288146
2000-08-18 12:00:00,38.174377,19.200317,323.6765,95508.39,0.0,0.5489225
2000-08-19 12:00:00,38.432587,20.075043,318.113,95581.19,0.0,0.5772592
2000-08-20 12:00:00,39.20172,21.227112,279.80334,95761.56,0.0,0.50793886
2000-08-21 12:00:00,39.169678,24.896606,234.24936,95898.26,1.4341521e-06,0.33652657
2000-08-22 12:00:00,39.733765,23.989471,292.29944,95909.45,6.852001e-07,0.61643386
2000-08-23 12:00:00,37.73941,22.663147,272.87344,95865.39,2.0759781e-08,0.8064333
2000-08-24 12:00:00,36.405914,22.839996,239.74101,95904.2,0.0,0.44461045
2000-08-25 12:00:00,34.888428,19.937653,305.26077,95906.39,0.0,0.711772
2000-08-26 12:00:00,33.065308,14.390106,300.49588,95867.94,4.9153954e-08,0.699579
2000-08-27 12:00:00,29.112122,15.121735,308.75208,95848.266,0.0,0.49828
2000-08-28 12:00:00,28.293152,13.711914,311.56854,95820.56,0.0,0.52540886
2000-08-29 12:00:00,28.011719,13.5069275,307.87823,95622.89,0.0,0.479239
2000-08-30 12:00:00,26.370972,12.677429,298.61252,95510.1,3.1045144e-07,1.1215626
2000-08-31 12:00:00,24.852966,10.515076,306.78308,95647.34,2.4975277e-09,0.7710325
2000-09-01 12:00:00,27.84195,11.138947,305.23273,95809.586,2.7352751e-09,0.65483123
2000-09-02 12:00:00,33.483246,13.417389,304.5608,95807.734,0.0,0.32453045
2000-09-03 12:00:00,36.662567,17.829407,297.07834,95665.27,0.0,0.4894333
2000-09-04 12:00:00,37.284363,20.50058,256.00375,95720.01,0.0,0.5692418
2000-09-05 12:00:00,37.077576,22.593994,271.2833,95739.76,0.0,0.8279222
2000-09-06 12:00:00,35.87265,19.53952,282.8616,95613.18,0.0,0.5947871
2000-09-07 12:00:00,36.610565,19.204071,285.33496,95502.92,0.0,0.61695486
2000-09-08 12:00:00,38.283752,21.149841,286.34848,95687.11,1.641165e-08,0.8806407
2000-09-09 12:00:00,40.839874,22.45102,271.0437,95892.97,0.0,0.92554253
2000-09-10 12:00:00,40.407867,24.74585,171.74158,95790.875,7.136239e-07,0.43309104
2000-09-11 12:00:00,37.822662,23.498108,198.20609,95645.58,5.039687e-07,0.42546138
2000-09-12 12:00:00,35.928345,20.305786,160.10704,95630.82,2.2365157e-05,0.563832
2000-09-13 12:00:00,33.917328,19.295563,229.86414,95643.56,5.1449774e-07,0.52805835
2000-09-14 12:00:00,30.262543,17.171265,256.0741,95676.234,1.5979571e-08,0.9142203
2000-09-15 12:00:00,27.184784,13.169678,275.2961,95760.57,5.623056e-07,0.72530955
2000-09-16 12:00:00,27.001556,11.778503,248.91982,95763.53,0.0,0.7173621
2000-09-17 12:00:00,26.222656,15.349823,183.52527,95620.68,0.0,0.50437516
2000-09-18 12:00:00,25.770508,16.141632,155.8877,95511.19,3.7056775e-06,1.0742512
2000-09-19 12:00:00,22.741272,10.101166,256.15317,95581.12,4.8640214e-07,0.7097662
2000-09-20 12:00:00,22.720428,9.046295,264.82578,95636.05,2.6389278e-08,0.5161648
2000-09-21 12:00:00,23.52951,10.93454,254.51024,95618.28,7.1251407e-07,0.45856753
2000-09-22 12:00:00,24.788025,11.834045,258.8273,95800.03,1.2006428e-06,0.77183706
2000-09-23 12:00:00,27.585236,9.728058,268.91058,95870.46,0.0,0.39465436
2000-09-24 12:00:00,28.821655,10.510925,240.5037,95830.98,0.0,0.48122337
2000-09-25 12:00:00,26.715576,9.26413,241.9326,95651.79,2.522569e-07,0.8096039
2000-09-26 12:00:00,23.37439,9.159424,240.89151,95767.484,0.0,0.48971748
2000-09-27 12:00:00,26.2583,11.196899,152.4565,96013.76,1.09411e-09,0.15403329
2000-09-28 12:00:00,33.850433,18.363617,209.79881,95976.89,0.0,0.653902
2000-09-29 12:00:00,36.597443,21.906342,218.93565,95723.67,0.0,0.74068177
2000-09-30 12:00:00,34.51532,20.145905,229.28719,95698.09,0.0,0.5753198
2000-10-01 12:00:00,32.446075,18.531464,195.98483,95800.86,0.0,0.62321407
2000-10-02 12:00:00,31.061157,18.669922,229.16814,95782.22,0.0,0.4517707
2000-10-03 12:00:00,29.57608,17.115387,213.13155,95886.734,2.6321558e-08,0.63611776
2000-10-04 12:00:00,27.825958,12.981415,228.16708,95867.836,1.3048046e-07,0.61785316
2000-10-05 12:00:00,28.536774,13.503479,200.11435,95770.37,0.0,0.35682473
2000-10-06 12:00:00,27.719849,14.430481,218.91586,95733.61,0.0,0.40289342
2000-10-07 12:00:00,25.330719,14.906555,157.08012,95826.484,0.0,0.7347618
2000-10-08 12:00:00,22.266968,13.038086,207.65494,95817.88,3.1776403e-06,1.1493239
2000-10-09 12:00:00,21.19696,10.43045,193.91545,95827.46,2.4929074e-09,0.6529689
2000-10-10 12:00:00,24.3974,10.178619,229.8492,96014.414,0.0,0.35840672
2000-10-11 12:00:00,23.596802,9.528412,225.5727,95994.78,1.1970648e-07,0.46395332
2000-10-12 12:00:00,20.433075,7.227783,219.59914,95860.45,2.227717e-07,0.5979508
2000-10-13 12:00:00,29.510742,7.9798584,233.83205,95846.2,0.0,0.96816415
2000-10-14 12:00:00,31.643066,11.553925,231.39998,95865.37,0.0,1.3744096
2000-10-15 12:00:00,33.15915,15.610962,227.48245,95740.555,0.0,1.2219872
2000-10-16 12:00:00,33.934937,18.40921,211.5048,95815.44,0.0,0.8288578
2000-10-17 12:00:00,30.265137,16.209991,110.704094,95924.11,0.0,0.6157565
2000-10-18 12:00:00,26.495972,12.784973,209.20459,95803.34,0.0,0.8049443
2000-10-19 12:00:00,21.785889,9.674072,210.29707,95804.27,0.0,0.49162957
2000-10-20 12:00:00,19.565857,10.753571,140.15126,95883.22,9.491276e-07,0.8466324
2000-10-21 12:00:00,29.967651,9.769714,211.66685,96035.75,0.0,0.8338372
2000-10-22 12:00:00,31.24881,15.954163,196.95905,96193.3,0.0,1.5322762
2000-10-23 12:00:00,30.544403,18.225311,200.25467,96102.06,0.0,1.0837286
2000-10-24 12:00:00,29.497253,12.837097,203.38278,95942.164,0.0,0.27799898
2000-10-25 12:00:00,27.694427,11.082184,191.95323,95806.4,1.1307137e-08,0.5364394
2000-10-26 12:00:00,24.783447,7.7789,154.92151,95687.09,3.1853474e-06,0.84077
2000-10-27 12:00:00,16.85669,5.1771545,198.76215,95699.51,5.4820866e-06,0.9115375
2000-10-28 12:00:00,18.201233,4.994446,198.32056,95878.85,0.0,1.4074435
2000-10-29 12:00:00,19.318085,6.2866516,198.15182,95903.805,0.0,1.0165457
2000-10-30 12:00:00,18.601807,3.7669678,197.87437,96163.836,0.0,1.6536709
2000-10-31 12:00:00,19.440613,6.3780518,193.85019,96136.68,0.0,1.1905779
2000-11-01 12:00:00,18.352783,6.5223083,165.66641,95382.87,0.0,0.23151377
2000-11-02 12:00:00,15.183594,3.9510498,154.3115,95287.39,1.0448184e-08,0.18509398
2000-11-03 12:00:00,17.120972,4.916748,183.42621,95528.5,2.1398314e-08,0.28625315
2000-11-04 12:00:00,19.509186,5.3859253,179.08519,95803.695,1.4473653e-09,0.22292526
2000-11-05 12:00:00,22.9104,7.599243,181.27147,95999.375,0.0,0.8521187
2000-11-06 12:00:00,21.193695,5.708069,178.36905,95791.43,9.359194e-09,0.7431972
2000-11-07 12:00:00,15.886322,7.376404,166.33833,95789.35,2.0606525e-05,0.68895894
2000-11-08 12:00:00,15.941193,2.440918,182.17082,96373.83,0.0,1.7247554
2000-11-09 12:00:00,20.288208,4.344818,178.2216,96893.76,0.0,1.4147668
2000-11-10 12:00:00,23.248077,6.0902405,175.86942,96864.49,0.0,0.86524403
2000-11-11 12:00:00,23.375763,10.026062,173.706,96428.42,0.0,0.71666163
2000-11-12 12:00:00,20.627197,5.0793457,171.37692,96206.375,1.1224946e-06,0.37731123
2000-11-13 12:00:00,20.503143,8.416229,172.22278,96446.75,0.0,1.883767
2000-11-14 12:00:00,22.04245,7.1459656,168.31105,96323.95,0.0,1.5886478
2000-11-15 12:00:00,20.38678,7.324402,168.0559,95772.98,0.0,0.3960323
2000-11-16 12:00:00,15.80777,1.7921753,166.07433,95142.125,2.5130619e-06,0.8069498
2000-11-17 12:00:00,14.737305,2.4749146,162.3679,95813.46,0.0,1.0202718
2000-11-18 12:00:00,16.069672,2.703186,150.79495,96122.77,0.0,0.6341414
2000-11-19 12:00:00,14.983765,6.0785522,55.267403,95570.85,5.9738235e-05,0.991561
2000-11-20 12:00:00,9.621765,5.929413,48.83964,95315.45,0.00020502092,0.5030553
2000-11-21 12:00:00,9.854462,7.0701294,91.66408,95380.53,0.00024110632,0.30731478
2000-11-22 12:00:00,13.175293,2.8302612,156.61925,95709.586,0.0,1.5194159
2000-11-23 12:00:00,13.955383,2.824768,154.50563,96131.29,2.6405274e-08,1.1142881
2000-11-24 12:00:00,12.635834,5.202759,144.199,96200.72,9.3601065e-09,0.6251513
2000-11-25 12:00:00,14.245636,5.750183,151.08374,96244.61,1.1178754e-06,0.6022936
2000-11-26 12:00:00,16.505035,6.698944,150.19037,96545.71,0.0,1.2697802
2000-11-27 12:00:00,18.186981,6.0593567,149.65828,96545.99,0.0,1.1516594
2000-11-28 12:00:00,19.728302,8.267181,145.92038,96572.625,0.0,1.5437942
2000-11-29 12:00:00,21.9198,8.39624,149.62593,96508.87,0.0,1.7890749
2000-11-30 12:00:00,22.912292,11.094086,149.58794,96427.23,0.0,1.5229745
2000-12-01 12:00:00,20.36618,5.660675,148.966,96233.06,1.18572885e-07,0.29786423
2000-12-02 12:00:00,15.347961,5.6411133,137.34932,96077.98,7.821312e-07,0.38302305
2000-12-03 12:00:00,17.153076,6.005768,107.2983,95946.414,1.539149e-06,0.57171357
2000-12-04 12:00:00,18.411194,7.0687256,116.97945,95950.51,0.0,0.44740292
2000-12-05 12:00:00,16.501648,7.994507,145.91412,95886.375,1.2882326e-09,2.241423
2000-12-06 12:00:00,16.96634,6.5251465,149.14499,96044.01,0.0,1.8421072
2000-12-07 12:00:00,16.527618,4.079132,145.8175,95989.87,0.0,1.5836127
2000-12-08 12:00:00,14.810394,0.6993408,144.80429,95735.14,0.0,0.7183958
2000-12-09 12:00:00,12.413971,2.8809814,124.28545,95948.86,3.3127549e-06,0.9841632
2000-12-10 12:00:00,11.890564,0.6557617,144.49594,96470.31,0.0,1.4832182
2000-12-11 12:00:00,13.471954,0.19256592,146.80267,96460.41,0.0,1.8537532
2000-12-12 12:00:00,13.017609,5.9123535,144.9171,96642.266,0.0,2.5421278
2000-12-13 12:00:00,15.551117,3.3960266,143.24467,96949.02,0.0,1.447167
2000-12-14 12:00:00,17.795593,3.3900757,142.58719,96820.836,0.0,1.4731452
2000-12-15 12:00:00,20.14569,3.7735596,133.37239,96548.93,0.0,1.1707194
2000-12-16 12:00:00,17.066895,3.7425842,127.80964,96588.14,4.1174896e-08,0.9033843
2000-12-17 12:00:00,13.055054,3.0827026,112.367676,96381.04,1.4568802e-07,0.3946222
2000-12-18 12:00:00,13.649506,4.0124207,139.26382,96029.2,2.1649253e-06,1.7682806
2000-12-19 12:00:00,13.10556,1.5200806,134.64186,96173.52,0.0,1.1488506
2000-12-20 12:00:00,14.042938,3.9648743,140.28217,96218.55,0.0,2.2580316
2000-12-21 12:00:00,12.949402,1.1297607,140.73666,96388.02,0.0,1.7721037
2000-12-22 12:00:00,12.589539,0.3595581,134.66151,97055.03,0.0,0.6237537
2000-12-23 12:00:00,12.729797,1.4368896,130.69937,96984.195,0.0,0.59313965
2000-12-24 12:00:00,11.694855,7.9509277,53.374027,96445.77,2.581755e-05,0.7159849
2000-12-25 12:00:00,12.088837,9.767181,41.058678,96301.51,5.6313496e-05,1.0363227
2000-12-26 12:00:00,16.845764,4.6188965,134.25551,96311.445,9.187554e-06,0.89589727
2000-12-27 12:00:00,19.639282,7.5837097,136.46388,96138.37,0.0,1.4398592
2000-12-28 12:00:00,20.151123,7.205139,137.87477,95767.44,0.0,0.7708977
2000-12-29 12:00:00,18.156372,4.858185,136.25305,95752.11,0.0,0.56337786
2000-12-30 12:00:00,14.5217285,2.7357483,141.08383,95833.9,1.6345659e-06,1.0840471
2000-12-31 12:00:00,17.76828,3.32016,144.35614,96256.63,0.0,1.9257807
2001-01-01 12:00:00,21.686554,6.4038696,129.10251,96306.83,0.0,1.8807267
2001-01-02 12:00:00,20.570435,5.8901978,145.62079,95981.24,0.0,1.2752695
2001-01-03 12:00:00,20.317352,8.595734,149.01085,96258.91,0.0,2.747145
2001-01-04 12:00:00,17.765533,9.086914,149.68665,96876.45,0.0,2.2307546
2001-01-05 12:00:00,20.918732,4.4008484,148.8459,97047.875,0.0,1.7225139
2001-01-06 12:00:00,24.06012,6.5339355,151.06842,96671.586,0.0,1.7570759
2001-01-07 12:00:00,23.284576,8.703033,148.74802,96557.49,0.0,1.475266
2001-01-08 12:00:00,21.320984,12.981659,149.02574,96845.39,0.0,2.924123
2001-01-09 12:00:00,20.488281,12.562622,150.84677,96718.54,0.0,2.3533268
2001-01-10 12:00:00,21.221924,4.810547,152.71432,96419.12,0.0,1.1860231
2001-01-11 12:00:00,21.334717,5.0099792,153.67058,96366.625,0.0,1.0024582
2001-01-12 12:00:00,20.999847,6.123047,154.10602,96277.73,0.0,1.3341173
2001-01-13 12:00:00,19.474121,2.9221191,154.69272,95770.46,0.0,0.70101446
2001-01-14 12:00:00,16.535767,0.6434021,104.414894,95677.945,0.0,0.5728676
2001-01-15 12:00:00,13.073578,3.1930847,92.35,95750.8,4.7345833e-07,0.735667
2001-01-16 12:00:00,11.840057,4.072693,151.48248,95876.99,2.0207265e-06,0.35255715
2001-01-17 12:00:00,12.894226,-0.38372803,151.29585,95994.805,1.14463795e-07,0.24758331
2001-01-18 12:00:00,11.870575,0.32000732,130.20082,95759.695,2.9946316e-06,0.5899076
2001-01-19 12:00:00,12.837616,1.3732605,155.2007,95487.23,1.5354589e-06,0.5918743
2001-01-20 12:00:00,14.981384,0.92404175,157.89107,96007.12,3.6366547e-08,0.3119491
2001-01-21 12:00:00,15.728821,1.6964111,159.04459,96075.93,0.0,0.7091014
2001-01-22 12:00:00,14.362335,0.45309448,110.592384,95946.945,9.593512e-07,0.40640655
2001-01-23 12:00:00,10.964935,6.0441284,41.2165,95838.02,3.419015e-05,0.9356352
2001-01-24 12:00:00,10.072845,8.714569,28.223621,95461.18,0.00036075324,1.0445315
2001-01-25 12:00:00,9.996521,8.722473,31.762108,95578.06,0.00029079808,0.9914814
2001-01-26 12:00:00,9.480835,7.5978394,75.84056,95545.86,0.00047729665,1.3527371
2001-01-27 12:00:00,10.890747,4.223877,151.5775,95518.336,0.00015971383,0.4726581
2001-01-28 12:00:00,12.223022,2.8773499,155.91817,96051.445,5.159251e-07,0.48697764
2001-01-29 12:00:00,15.940491,4.9115906,169.87602,96355.64,0.0,1.16967
2001-01-30 12:00:00,16.096924,5.21933,174.00986,96105.336,0.0,1.6689843
2001-01-31 12:00:00,18.958618,6.8556213,177.98216,96122.734,0.0,1.7859921
2001-02-01 12:00:00,18.42212,6.0273743,181.91994,96381.72,0.0,1.6616735
2001-02-02 12:00:00,17.294678,8.16861,163.07362,96259.06,9.84699e-09,0.9247321
2001-02-03 12:00:00,17.174774,5.3086243,183.00664,96216.5,0.0,0.8315412
2001-02-04 12:00:00,16.073395,5.2654724,134.42337,96337.23,0.0,0.5766158
2001-02-05 12:00:00,16.506104,6.709778,182.82652,96305.76,2.2209392e-08,1.8733083
2001-02-06 12:00:00,20.59671,11.824982,191.50774,96398.086,0.0,2.821874
2001-02-07 12:00:00,22.080353,8.878815,187.66727,96088.07,0.0,1.9390148
2001-02-08 12:00:00,21.529724,10.324432,180.68687,95837.3,0.0,0.6728569
2001-02-09 12:00:00,18.285706,5.2506104,155.70758,95991.805,6.450497e-07,0.7173776
2001-02-10 12:00:00,12.993103,5.7993774,150.26976,95876.06,6.314521e-05,0.4162068
2001-02-11 12:00:00,12.817169,6.528412,64.37827,96069.65,7.326097e-05,0.87580353
2001-02-12 12:00:00,10.557007,6.5845337,48.535976,96156.805,0.000213441,0.932596
2001-02-13 12:00:00,13.216309,3.4779663,183.31543,96468.4,5.6565744e-07,0.67097664
2001-02-14 12:00:00,17.193909,6.993286,192.70256,96614.67,0.0,1.426916
2001-02-15 12:00:00,17.094482,8.350983,187.26297,95962.23,0.0,1.0743955
2001-02-16 12:00:00,14.599121,4.763489,168.06285,95498.27,1.4165675e-05,0.917719
2001-02-17 12:00:00,9.918762,1.6430359,208.9149,96145.04,3.8947082e-10,1.7691123
2001-02-18 12:00:00,11.184509,0.40774536,212.19267,96873.625,0.0,1.4523724
2001-02-19 12:00:00,14.249115,2.4455261,206.32,97116.266,0.0,0.3644032
2001-02-20 12:00:00,19.84314,3.6766357,207.66008,96775.55,0.0,0.8536939
2001-02-21 12:00:00,22.74292,8.697784,210.50223,96416.266,0.0,0.9694238
2001-02-22 12:00:00,21.378784,5.51532,195.95746,96098.66,1.7868947e-08,0.53533584
2001-02-23 12:00:00,14.961945,1.045105,222.7546,96099.99,1.3992027e-06,1.2337317
2001-02-24 12:00:00,17.253479,3.0013428,214.00165,96437.305,0.0,1.2445359
2001-02-25 12:00:00,19.398224,4.405884,219.25237,96458.82,0.0,1.3609117
2001-02-26 12:00:00,21.953186,7.286499,219.85635,96550.08,0.0,1.199843
2001-02-27 12:00:00,22.605164,6.146118,228.9882,96088.29,0.0,0.8542599
2001-02-28 12:00:00,21.30539,2.2028809,234.45734,95647.625,1.4964107e-06,1.3708423
2001-03-01 12:00:00,16.034668,5.205475,237.26096,96411.03,0.0,1.4618797
2001-03-02 12:00:00,15.729645,2.3228455,229.59846,96236.24,0.0,0.5689933
2001-03-03 12:00:00,18.754608,3.133728,235.29094,96175.18,0.0,0.9470265
2001-03-04 12:00:00,19.420715,4.9380493,235.4522,96429.055,0.0,0.5735587
2001-03-05 12:00:00,23.029205,5.737488,237.43153,96345.44,0.0,0.34021753
2001-03-06 12:00:00,22.311554,6.492218,239.23726,96037.15,6.9566735e-09,0.55537957
2001-03-07 12:00:00,17.833588,5.8243713,197.2188,95912.21,2.8876866e-06,0.87936056
2001-03-08 12:00:00,13.803314,8.107269,181.28778,95770.734,1.0804706e-05,1.2245232
2001-03-09 12:00:00,17.507294,6.6636963,216.70859,95788.82,6.409363e-07,0.82835424
2001-03-10 12:00:00,16.647797,2.6984253,70.73275,95588.63,6.808276e-05,0.93686634
2001-03-11 12:00:00,9.226379,6.6651917,62.577053,95238.55,0.00012963633,1.1275649
2001-03-12 12:00:00,10.074402,6.048767,115.294975,95604.03,4.5815425e-05,0.40261778
2001-03-13 12:00:00,9.666595,6.520874,90.62299,96342.62,0.00013716669,1.2796109
2001-03-14 12:00:00,8.946533,1.2835083,148.94147,96445.51,1.6081041e-05,0.33527043
2001-03-15 12:00:00,12.093109,0.85647583,255.42975,96473.77,8.250016e-07,1.0561572
2001-03-16 12:00:00,15.560272,2.6671753,261.4298,96719.43,0.0,0.28053224
2001-03-17 12:00:00,19.121948,6.9182434,245.98251,96668.414,0.0,1.1786815
2001-03-18 12:00:00,23.333618,7.9786377,266.3675,96256.87,0.0,1.7742735
2001-03-19 12:00:00,25.813904,12.468109,267.35272,95873.55,0.0,1.327739
2001-03-20 12:00:00,25.532623,9.582489,270.4941,95767.64,0.0,0.96587914
2001-03-21 12:00:00,25.747314,9.439575,274.0366,96573.32,0.0,0.96628594
2001-03-22 12:00:00,26.987152,10.663422,279.98273,96516.99,0.0,1.4171586
2001-03-23 12:00:00,28.230652,14.215332,283.40564,95861.09,0.0,1.9984306
2001-03-24 12:00:00,28.057343,8.047363,282.9852,95257.49,0.0,0.521235
2001-03-25 12:00:00,19.79004,9.79422,260.20233,94959.42,1.6868122e-05,1.3094226
2001-03-26 12:00:00,13.417297,3.2751465,292.77762,95345.95,0.0,1.5067962
2001-03-27 12:00:00,16.596802,2.004242,293.82776,95957.195,0.0,0.9276658
2001-03-28 12:00:00,20.687805,4.307892,294.75156,96302.805,0.0,1.0985136
2001-03-29 12:00:00,20.607666,3.9959412,292.54898,96502.64,4.8395936e-08,0.6470706
2001-03-30 12:00:00,23.364624,4.801819,292.6692,96573.15,0.0,0.3495983
2001-03-31 12:00:00,25.280273,7.6459045,257.2017,96342.52,7.5265305e-10,0.6929344
2001-04-01 12:00:00,23.436005,9.036896,199.2166,95903.94,0.0,0.5454728
2001-04-02 12:00:00,22.274536,9.927032,181.16855,95504.62,0.0,0.6739732
2001-04-03 12:00:00,20.563446,8.709076,258.98505,95584.516,1.9241231e-06,0.79522955
2001-04-04 12:00:00,19.726013,7.225464,272.4417,95718.66,4.819482e-07,0.74043834
2001-04-05 12:00:00,19.099121,8.270264,273.0633,95852.83,1.2015521e-06,1.0501328
2001-04-06 12:00:00,21.168549,6.635559,299.97305,96031.055,0.0,0.47622508
2001-04-07 12:00:00,20.29245,8.461243,276.06094,96204.57,0.0,0.6797395
2001-04-08 12:00:00,18.34076,6.100891,277.76572,96195.18,1.7758274e-06,0.5820995
2001-04-09 12:00:00,17.341797,5.1116333,290.9862,95960.57,3.0963335e-07,0.7704995
2001-04-10 12:00:00,16.428894,5.475281,92.35507,95905.42,2.5877815e-05,0.9682132
2001-04-11 12:00:00,12.431183,4.7010193,265.9693,96280.414,0.00022879006,0.69273436
2001-04-12 12:00:00,20.502472,3.8710632,313.70615,96544.62,0.0,0.7646391
2001-04-13 12:00:00,20.82788,10.262543,282.69556,96066.62,0.0,0.48922217
2001-04-14 12:00:00,19.689117,6.3274536,312.58075,96003.234,2.7931796e-07,0.9142635
2001-04-15 12:00:00,18.451324,5.5507812,309.42902,95927.79,0.0,0.61585313
2001-04-16 12:00:00,17.474182,8.422607,259.243,95649.34,4.5325237e-06,0.9308418
2001-04-17 12:00:00,15.24823,11.037262,65.029915,95499.734,0.00018220546,1.2134129
2001-04-18 12:00:00,13.939362,8.748535,162.24983,95387.56,7.701066e-06,0.44564918
2001-04-19 12:00:00,13.827332,9.98465,125.99904,95913.1,1.6614853e-05,1.0710298
2001-04-20 12:00:00,14.306793,7.343292,200.74849,95966.984,4.088793e-06,0.46627516
2001-04-21 12:00:00,14.484009,6.4025574,213.17302,95897.37,7.306241e-06,0.65052
2001-04-22 12:00:00,19.81253,7.2491455,312.27042,95829.09,7.467668e-06,0.34253982
2001-04-23 12:00:00,20.467285,7.9970703,316.33533,95688.17,0.0,0.3732565
2001-04-24 12:00:00,19.33194,7.1477966,302.4517,95528.2,4.1187807e-08,0.64339536
2001-04-25 12:00:00,18.571228,5.638733,313.94324,95540.64,2.2999834e-07,0.6497298
2001-04-26 12:00:00,17.908936,7.350464,139.92671,95687.05,8.215824e-06,0.7563117
2001-04-27 12:00:00,20.74945,5.99588,324.78485,95763.63,1.2136794e-06,0.63994426
2001-04-28 12:00:00,21.100616,7.3805237,329.051,95756.17,0.0,0.6132652
2001-04-29 12:00:00,20.005035,8.940094,197.14558,95463.66,1.1346571e-05,0.95386153
2001-04-30 12:00:00,20.00177,10.3194275,300.289,95276.52,1.9322853e-05,0.9939002
2001-05-01 12:00:00,24.540955,7.9124756,336.79715,95384.24,0.0,0.7821416
2001-05-02 12:00:00,26.97638,12.545044,346.0745,95748.42,0.0,1.4211304
2001-05-03 12:00:00,27.73935,10.412628,344.01642,95942.055,0.0,0.7924317
2001-05-04 12:00:00,26.159363,9.377045,343.02408,95857.95,0.0,0.5694397
2001-05-05 12:00:00,24.626282,9.014526,342.61594,95715.59,0.0,0.8199255
2001-05-06 12:00:00,24.095825,12.153412,191.60593,95706.69,0.0,0.9113619
2001-05-07 12:00:00,23.006958,8.363342,335.05054,95654.195,5.625231e-07,0.6997726
2001-05-08 12:00:00,21.966827,10.223999,306.5739,95568.34,2.3013183e-06,1.0851741
2001-05-09 12:00:00,20.827606,11.220093,277.0592,95705.52,8.1244825e-06,1.2063773
2001-05-10 12:00:00,19.16745,9.761566,300.89865,95534.39,5.7687434e-06,1.3967481
2001-05-11 12:00:00,19.97226,7.2262573,330.8198,95326.24,4.999433e-07,0.8822101
2001-05-12 12:00:00,18.998291,7.0312195,303.03287,95388.38,4.7650977e-07,1.0071628
2001-05-13 12:00:00,17.743256,7.6913147,314.93503,95545.266,3.4404802e-06,1.1055677
2001-05-14 12:00:00,21.428802,7.12442,334.8142,95725.4,0.0,0.6908092
2001-05-15 12:00:00,23.049988,9.101105,345.98172,95786.83,0.0,0.7295904
2001-05-16 12:00:00,24.228088,9.439301,350.8701,95717.15,0.0,0.6188125
2001-05-17 12:00:00,27.678467,9.00116,351.63498,95808.414,0.0,0.67121625
2001-05-18 12:00:00,28.911774,10.313873,353.18018,96022.81,0.0,0.6534987
2001-05-19 12:00:00,28.688324,10.964783,340.88504,95777.66,0.0,0.76049984
2001-05-20 12:00:00,24.595612,12.26297,323.10538,95746.86,3.843398e-06,1.1587629
2001-05-21 12:00:00,22.42276,10.862091,333.46213,95823.01,9.867013e-07,0.9749229
2001-05-22 12:00:00,23.141022,9.288239,339.57193,95806.33,1.0755042e-06,0.84183985
2001-05-23 12:00:00,22.420319,8.714172,344.81415,95834.6,0.0,0.98350155
2001-05-24 12:00:00,21.259583,9.644836,305.2578,95499.016,1.9652923e-06,1.1515851
2001-05-25 12:00:00,20.396423,11.05069,247.17867,95233.78,5.6165964e-06,1.4147516
2001-05-26 12:00:00,19.241394,11.07016,249.45755,95325.625,9.975888e-06,1.3998427
2001-05-27 12:00:00,20.391998,7.084381,357.24228,95592.84,0.0,0.94608504
2001-05-28 12:00:00,20.69632,7.7853394,355.9325,95467.13,0.0,1.2225102
2001-05-29 12:00:00,20.012268,9.075134,335.72284,95421.1,3.0742424e-06,1.3310724
2001-05-30 12:00:00,21.762207,8.793488,344.4824,95523.35,8.66738e-08,0.89370906
2001-05-31 12:00:00,22.768097,10.248779,355.15942,95571.16,0.0,0.7460951
2001-06-01 12:00:00,25.73758,9.796356,360.46896,95700.82,0.0,0.7550502
2001-06-02 12:00:00,27.750061,10.970062,360.11108,95898.945,0.0,0.75670475
2001-06-03 12:00:00,28.0029,11.283691,356.32578,95844.234,0.0,0.8802343
2001-06-04 12:00:00,25.982147,13.04715,331.98062,95630.97,6.2267964e-09,0.9564616
2001-06-05 12:00:00,27.050232,10.448547,359.0779,95534.6,0.0,0.76479536
2001-06-06 12:00:00,29.529785,12.721466,359.32465,95524.56,3.99175e-07,0.7489539
2001-06-07 12:00:00,30.985016,13.787842,364.67905,95513.05,0.0,0.39326727
2001-06-08 12:00:00,29.867462,12.633575,362.94763,95662.09,0.0,0.8583862
2001-06-09 12:00:00,27.899841,13.069153,360.19516,95828.28,0.0,0.8798877
2001-06-10 12:00:00,30.62564,12.91275,366.16592,95961.92,0.0,0.5813889
2001-06-11 12:00:00,31.272919,11.699799,353.70245,96106.22,0.0,0.5919094
2001-06-12 12:00:00,31.181763,12.466553,373.00882,96092.71,0.0,0.77690053
2001-06-13 12:00:00,29.703796,12.177826,373.18222,95995.3,0.0,0.531517
2001-06-14 12:00:00,30.720612,13.096832,371.85052,95834.875,0.0,0.64081943
2001-06-15 12:00:00,29.908783,11.653931,368.87625,95878.625,0.0,0.79374015
2001-06-16 12:00:00,29.064026,9.532959,368.81305,95946.945,0.0,0.6579894
2001-06-17 12:00:00,29.669312,11.288086,364.76025,95806.164,1.8370045e-08,0.7382296
2001-06-18 12:00:00,28.660156,12.651672,311.73145,95831.914,7.453744e-10,0.7889724
2001-06-19 12:00:00,28.84079,11.479919,246.80447,95819.4,0.0,0.5822259
2001-06-20 12:00:00,32.57254,15.052032,275.04697,95754.86,0.0,0.32406855
2001-06-21 12:00:00,32.302917,17.326477,208.03252,95754.45,0.0,1.0411464
2001-06-22 12:00:00,28.695618,11.097778,355.03873,95900.32,1.8112075e-08,0.75036633
2001-06-23 12:00:00,28.895203,11.6138,370.17276,95993.5,0.0,0.5189474
2001-06-24 12:00:00,28.129272,10.461884,371.56854,95976.37,0.0,0.75738937
2001-06-25 12:00:00,27.063965,9.926971,369.13052,95847.55,0.0,0.9625921
2001-06-26 12:00:00,25.242523,8.862122,364.0004,95848.71,1.2847212e-09,0.9706351
2001-06-27 12:00:00,26.189484,9.584381,366.49445,95949.28,0.0,0.96269983
2001-06-28 12:00:00,26.009857,10.499329,362.4485,95921.305,0.0,1.0168229
2001-06-29 12:00:00,25.463074,11.714813,361.84808,95746.43,0.0,0.9390711
2001-06-30 12:00:00,26.71283,11.596313,349.97015,95764.73,0.0,0.90566117
2001-07-01 12:00:00,28.365692,11.487915,364.63876,95975.766,0.0,0.88662446
2001-07-02 12:00:00,28.840088,11.883514,364.73007,96034.11,0.0,0.64910567
2001-07-03 12:00:00,27.849121,11.709473,364.3155,95965.914,0.0,1.0233048
2001-07-04 12:00:00,27.74176,11.967834,360.90143,95879.96,0.0,1.0174233
2001-07-05 12:00:00,28.99002,12.364563,362.69547,95867.55,4.0837627e-09,0.9821421
2001-07-06 12:00:00,28.475464,11.247864,364.29196,95962.88,1.6259065e-08,0.80557954
2001-07-07 12:00:00,28.32727,11.113495,362.8925,95972.46,5.9058664e-08,0.89291686
2001-07-08 12:00:00,29.884674,12.042664,362.5105,96013.86,0.0,0.6986134
2001-07-09 12:00:00,32.742523,16.616028,350.4062,95947.914,4.37644e-09,0.6690481
2001-07-10 12:00:00,33.63681,15.016174,327.0434,95913.78,5.7217157e-08,0.73505497
2001-07-11 12:00:00,32.311066,15.307098,317.3106,96023.15,2.3249427e-08,1.0318472
2001-07-12 12:00:00,33.590088,20.054047,315.05014,95933.95,0.0,0.6672545
2001-07-13 12:00:00,33.122925,18.394562,349.8381,95813.625,0.0,0.6863383
2001-07-14 12:00:00,32.88144,16.655914,350.88184,95933.96,7.454451e-09,0.6685802
2001-07-15 12:00:00,33.246826,16.828064,352.11874,95923.04,1.6315369e-08,0.8712654
2001-07-16 12:00:00,32.657257,16.473175,348.20935,95752.42,0.0,0.9504265
2001-07-17 12:00:00,31.44397,14.070435,352.10474,95798.84,0.0,0.8339979
2001-07-18 12:00:00,33.01535,15.771606,348.3913,95915.94,0.0,0.59289515
2001-07-19 12:00:00,32.92935,17.453217,336.66687,95984.11,3.667653e-09,0.8031442
2001-07-20 12:00:00,31.73413,17.027008,340.87552,95870.97,1.4004133e-08,1.0101525
2001-07-21 12:00:00,30.403595,15.396942,348.86884,95769.69,0.0,1.035843
2001-07-22 12:00:00,29.495117,14.148682,349.0808,95653.484,1.4516777e-07,0.93406373
2001-07-23 12:00:00,28.703613,12.286011,350.863,95624.28,1.12620135e-07,1.0217488
2001-07-24 12:00:00,27.671967,12.259644,349.9298,95661.16,8.274868e-08,0.83732206
2001-07-25 12:00:00,28.672485,12.3654785,350.706,95783.875,0.0,0.84575427
2001-07-26 12:00:00,31.247192,13.05777,350.152,95902.56,0.0,0.6094209
2001-07-27 12:00:00,32.9541,14.156891,351.37814,95890.14,0.0,0.7258058
2001-07-28 12:00:00,32.36447,14.209595,348.185,95836.945,6.4562586e-09,0.6930541
2001-07-29 12:00:00,32.292786,14.375458,346.39127,95765.14,0.0,0.5877249
2001-07-30 12:00:00,32.709686,15.250549,345.82504,95804.26,9.105143e-09,0.65046954
2001-07-31 12:00:00,31.979126,14.720795,341.48236,95883.15,3.770047e-09,0.6819389
2001-08-01 12:00:00,32.223694,15.369537,336.9432,95836.195,0.0,0.9145031
2001-08-02 12:00:00,31.46762,15.861877,331.49863,95637.13,3.1731297e-08,1.0937189
2001-08-03 12:00:00,29.502045,15.688171,328.27155,95702.43,2.67793e-07,0.94859904
2001-08-04 12:00:00,28.450836,15.78537,325.36707,95939.53,4.0679146e-07,1.1172307
2001-08-05 12:00:00,30.41986,16.591217,308.51666,95855.9,1.5488458e-09,0.812
2001-08-06 12:00:00,28.858398,17.572113,242.0484,95670.98,4.059562e-10,0.9889601
2001-08-07 12:00:00,29.205505,15.650391,317.78146,95671.875,1.1888635e-08,0.9071345
2001-08-08 12:00:00,29.772156,13.25116,336.61594,95809.78,0.0,0.7900012
2001-08-09 12:00:00,30.181152,11.801483,342.8585,95971.016,0.0,0.7368416
2001-08-10 12:00:00,31.63208,11.629669,344.64886,96011.984,0.0,0.5199573
2001-08-11 12:00:00,35.05887,14.901764,331.09354,95898.86,0.0,0.39010042
2001-08-12 12:00:00,35.29718,17.572235,325.60132,95789.28,0.0,0.7006635
2001-08-13 12:00:00,35.065613,17.37439,271.57867,95907.22,0.0,0.79105824
2001-08-14 12:00:00,33.28537,19.216827,282.82684,96037.11,1.5737533e-06,0.60079676
2001-08-15 12:00:00,33.28647,18.017456,313.78058,95956.73,2.4481617e-08,0.61159605
2001-08-16 12:00:00,32.051178,16.641724,319.27118,95789.9,4.919508e-08,0.7011838
2001-08-17 12:00:00,30.30655,16.345032,317.81042,95684.484,9.897171e-09,0.8584189
2001-08-18 12:00:00,32.01013,16.029144,317.4696,95835.06,0.0,0.5941747
2001-08-19 12:00:00,34.935303,15.643066,322.19003,95941.12,0.0,0.65954787
2001-08-20 12:00:00,34.877808,17.925995,312.55322,95837.16,0.0,0.59132826
2001-08-21 12:00:00,33.87198,17.06601,310.98904,95651.25,7.1762024e-08,0.936929
2001-08-22 12:00:00,31.233429,16.782776,310.8349,95639.76,8.572476e-10,0.6828083
2001-08-23 12:00:00,32.21698,15.04538,316.9052,95690.66,0.0,0.6005281
2001-08-24 12:00:00,33.69696,15.891693,313.96967,95892.32,1.09411e-09,0.4794402
2001-08-25 12:00:00,36.152924,18.201996,312.1171,95973.28,0.0,0.7577216
2001-08-26 12:00:00,36.779877,19.642822,292.21576,95855.36,0.0,0.8140998
2001-08-27 12:00:00,36.249146,20.259949,300.1652,95835.016,9.564353e-08,0.7656018
2001-08-28 12:00:00,34.98468,18.92569,297.352,95827.4,6.375135e-08,0.63578695
2001-08-29 12:00:00,36.191162,18.962036,301.2846,95855.89,1.429841e-08,0.543582
2001-08-30 12:00:00,35.88733,19.988892,264.14984,95814.19,0.0,0.60517955
2001-08-31 12:00:00,35.21167,18.317688,293.71536,95696.586,8.101406e-09,0.62684715
2001-09-01 12:00:00,31.7753,14.082855,305.88074,95562.24,5.947868e-09,0.62378794
2001-09-02 12:00:00,28.980865,12.385254,268.58194,95581.03,1.07687654e-07,0.77646077
2001-09-03 12:00:00,25.101044,11.321289,290.01596,95641.42,3.7887273e-07,0.8239395
2001-09-04 12:00:00,23.93637,10.706207,296.1919,95554.305,4.8624935e-07,0.6481172
2001-09-05 12:00:00,24.573517,10.743713,284.61868,95637.12,1.2831775e-07,0.61661255
2001-09-06 12:00:00,26.680664,12.697784,278.68582,95713.46,8.0655224e-07,0.70904076
2001-09-07 12:00:00,30.860992,13.696472,285.19885,95733.53,0.0,0.4426581
2001-09-08 12:00:00,33.146698,15.182007,286.3373,95700.79,0.0,0.46440792
2001-09-09 12:00:00,30.829315,14.812317,285.6219,95689.71,0.0,0.7117347
2001-09-10 12:00:00,29.787079,14.115265,287.0304,95688.73,0.0,0.4508172
2001-09-11 12:00:00,28.717987,12.40509,285.35876,95727.72,1.6727495e-07,0.39625195
2001-09-12 12:00:00,27.18396,11.275909,276.21542,95715.49,6.4140994e-07,0.749511
2001-09-13 12:00:00,25.233704,11.220703,274.71942,95657.34,2.0516394e-07,0.6757359
2001-09-14 12:00:00,24.894226,11.774933,269.02078,95750.57,8.6665204e-07,0.78396386
2001-09-15 12:00:00,24.201569,12.878601,259.4588,95798.45,2.8261436e-06,0.74536604
2001-09-16 12:00:00,23.8266,10.97406,275.60837,95838.72,0.0,0.59804755
2001-09-17 12:00:00,24.687683,10.441467,273.74237,95713.0,0.0,0.7007237
2001-09-18 12:00:00,26.335052,11.435028,272.29565,95568.0,0.0,0.5185435
2001-09-19 12:00:00,26.503784,11.137634,271.68604,95754.83,2.0107682e-09,0.6517426
2001-09-20 12:00:00,31.596832,12.553101,269.73,95879.52,0.0,0.39112508
2001-09-21 12:00:00,31.948792,14.209503,267.78827,95635.7,0.0,0.59963655
2001-09-22 12:00:00,31.902191,14.126404,265.0268,95543.55,0.0,0.6053753
2001-09-23 12:00:00,32.029907,14.475616,260.45612,95723.35,0.0,0.8019302
2001-09-24 12:00:00,31.078857,15.029175,260.58612,95682.84,0.0,0.77392304
2001-09-25 12:00:00,31.059814,14.3645935,257.77783,95588.39,1.04637845e-08,0.6374089
2001-09-26 12:00:00,31.173798,14.1770935,257.05383,95712.41,7.549478e-08,0.7638463
2001-09-27 12:00:00,30.427155,13.323914,247.30116,95761.89,1.5174427e-07,0.5747807
2001-09-28 12:00:00,31.406342,14.219727,251.40703,95711.02,1.6264337e-08,0.31796575
2001-09-29 12:00:00,30.60141,13.727661,250.17618,95677.23,5.123094e-09,0.688951
2001-09-30 12:00:00,31.262817,14.243805,247.49104,95728.98,1.1156994e-08,0.37101743
2001-10-01 12:00:00,32.46228,14.306793,234.52643,95919.42,6.950008e-09,0.44446814
2001-10-02 12:00:00,32.95096,16.298828,222.2666,95962.086,0.0,0.5781874
2001-10-03 12:00:00,35.705322,16.75595,239.49945,95982.28,0.0,0.50614256
2001-10-04 12:00:00,35.246338,14.667419,221.28331,96163.06,0.0,0.72892857
2001-10-05 12:00:00,38.36389,17.957336,235.8404,96350.414,1.8450404e-08,1.139493
2001-10-06 12:00:00,36.67154,23.550415,220.63016,96138.31,0.0,1.8754264
2001-10-07 12:00:00,35.273132,21.164948,182.83961,95933.99,0.0,0.89080215
2001-10-08 12:00:00,33.910675,20.600159,222.17645,95880.7,0.0,0.81712115
2001-10-09 12:00:00,32.916504,16.367401,231.47539,96009.625,0.0,1.0102147
2001-10-10 12:00:00,34.58966,16.050507,212.5453,95866.8,6.3775385e-10,0.650113
2001-10-11 12:00:00,34.67636,23.941528,207.02324,95936.97,0.0,2.1240127
2001-10-12 12:00:00,32.89572,22.086853,198.29953,96130.18,0.0,1.8836782
2001-10-13 12:00:00,33.221985,21.241608,204.88808,96041.484,0.0,1.9194615
2001-10-14 12:00:00,33.47638,21.547668,222.41446,95479.5,0.0,1.7444592
2001-10-15 12:00:00,32.487183,13.553284,217.7541,94880.37,2.2811612e-08,0.4712716
2001-10-16 12:00:00,23.091156,10.691315,215.72884,95201.266,1.0693042e-07,0.42116082
2001-10-17 12:00:00,24.27118,9.592194,200.86386,96067.56,0.0,0.6544575
2001-10-18 12:00:00,27.176361,9.906952,215.40611,96307.96,0.0,0.7094826
2001-10-19 12:00:00,31.75177,11.765228,214.84532,96159.03,0.0,0.8105694
2001-10-20 12:00:00,30.918121,13.956604,209.8495,96217.27,0.0,0.3195009
2001-10-21 12:00:00,29.731018,17.87967,198.28381,96249.61,0.0,0.7143392
2001-10-22 12:00:00,30.339417,13.218384,201.19673,96271.94,0.0,0.5386493
2001-10-23 12:00:00,29.518646,15.558044,204.04053,95884.76,0.0,0.5692469
2001-10-24 12:00:00,26.881226,10.438904,170.29482,95630.62,0.0,0.82349694
2001-10-25 12:00:00,20.90512,7.790436,191.10234,95454.164,1.9932236e-06,1.3107823
2001-10-26 12:00:00,16.757141,8.048523,182.27052,95536.11,6.7644066e-08,0.791098
2001-10-27 12:00:00,18.11206,5.8281555,186.55939,96102.69,0.0,0.6078537
2001-10-28 12:00:00,19.092163,5.509674,194.80495,96181.24,0.0,0.6949912
2001-10-29 12:00:00,18.035034,8.061218,182.06732,95880.28,4.0766536e-06,0.81116045
2001-10-30 12:00:00,18.239563,5.9145813,198.70343,96532.69,0.0,1.7527084
2001-10-31 12:00:00,20.9982,6.350128,194.02821,96840.875,0.0,2.0153928
2001-11-01 12:00:00,24.716034,14.475891,195.24571,96492.17,0.0,2.4333813
2001-11-02 12:00:00,24.85733,11.601349,164.58553,96098.53,0.0,1.6851665
2001-11-03 12:00:00,23.578674,8.424652,102.07092,95921.66,0.0,0.18943699
2001-11-04 12:00:00,22.308533,12.556946,167.35164,96198.74,1.2193902e-06,0.6423913
2001-11-05 12:00:00,25.296356,12.070251,126.53068,96153.15,0.0,1.2178037
2001-11-06 12:00:00,24.239563,14.442291,59.28468,95861.61,2.6249416e-05,0.39248505
2001-11-07 12:00:00,16.816345,11.789185,105.3521,95873.51,8.9462505e-05,0.49588266
2001-11-08 12:00:00,17.941376,11.327576,129.75691,96164.266,9.530711e-06,0.80174047
2001-11-09 12:00:00,22.59842,8.673859,173.15874,96079.22,5.0201705e-09,0.5536287
2001-11-10 12:00:00,20.983856,9.503967,75.549805,95868.414,0.0,0.3142433
2001-11-11 12:00:00,23.040344,7.7864685,169.9919,95870.51,3.8293853e-09,0.7828706
2001-11-12 12:00:00,25.606415,10.939972,169.01308,96199.06,0.0,0.8706434
2001-11-13 12:00:00,24.747986,11.577576,129.23605,96421.625,0.0,0.48964438
2001-11-14 12:00:00,24.220581,12.631134,155.25412,96303.305,0.0,0.4895976
2001-11-15 12:00:00,25.07846,10.828033,162.67691,96055.88,0.0,0.5840033
2001-11-16 12:00:00,26.26892,14.0971985,143.07074,96239.23,0.0,1.6232631
2001-11-17 12:00:00,25.164246,11.97467,156.65099,96592.34,0.0,1.6736696
2001-11-18 12:00:00,24.892944,11.365448,152.57991,96513.08,0.0,1.3975388
2001-11-19 12:00:00,25.164429,11.910339,158.85927,96407.305,0.0,0.6260885
2001-11-20 12:00:00,25.450134,9.870209,159.10881,96423.37,0.0,0.7024957
2001-11-21 12:00:00,25.692291,11.598145,152.67355,96429.1,0.0,0.6739918
2001-11-22 12:00:00,23.340546,10.523315,138.36003,96120.984,0.0,0.6120612
2001-11-23 12:00:00,20.35904,9.832336,114.32657,95685.195,3.0083267e-05,1.3002293
2001-11-24 12:00:00,12.719116,2.749878,158.16216,96204.08,6.222057e-08,1.5905426
2001-11-25 12:00:00,13.058838,2.8076172,159.55095,96736.15,0.0,2.075698
2001-11-26 12:00:00,17.677032,4.0567627,155.5594,96657.9,0.0,1.7867166
2001-11-27 12:00:00,21.039429,7.234894,151.6435,96713.37,0.0,1.5332751
2001-11-28 12:00:00,24.277954,10.19931,149.0544,96565.76,0.0,1.4829173
2001-11-29 12:00:00,25.405945,11.728088,132.25482,96560.03,0.0,1.5015957
2001-11-30 12:00:00,26.524506,11.177002,150.12662,96456.87,0.0,1.5922722
2001-12-01 12:00:00,27.92456,13.669708,147.69955,96580.56,0.0,2.1320755
2001-12-02 12:00:00,28.130554,16.23941,145.32822,96586.49,0.0,1.5351756
2001-12-03 12:00:00,25.663605,11.45694,137.58513,95905.34,0.0,0.55494404
2001-12-04 12:00:00,21.030975,9.423798,147.08328,95775.06,0.0,2.5388534
2001-12-05 12:00:00,18.764954,8.444275,150.99117,96157.43,0.0,1.9731035
2001-12-06 12:00:00,20.413574,5.2936707,144.51454,96298.43,0.0,1.6319798
2001-12-07 12:00:00,18.341095,7.941284,105.336205,96412.33,0.0,2.0067961
2001-12-08 12:00:00,19.405762,3.9859009,148.34486,96301.22,0.0,1.8747951
2001-12-09 12:00:00,22.693726,7.0352783,146.3285,96374.68,0.0,1.6714742
2001-12-10 12:00:00,23.392456,7.357727,146.16595,96433.01,0.0,1.7263597
2001-12-11 12:00:00,20.32611,6.265625,144.32956,96021.49,0.0,0.5608125
2001-12-12 12:00:00,15.4218445,3.4516296,141.82924,95577.63,4.091365e-06,0.5941395
2001-12-13 12:00:00,14.081055,3.767517,83.55832,96197.21,0.0,1.389253
2001-12-14 12:00:00,11.472168,3.1939697,138.88857,96443.29,4.7646975e-09,1.6914554
2001-12-15 12:00:00,15.79071,1.8837891,142.72917,96799.53,0.0,1.3815625
2001-12-16 12:00:00,17.515015,3.2678528,140.77684,96495.305,0.0,0.59892327
2001-12-17 12:00:00,15.477783,1.3292236,139.47363,96127.89,0.0,0.908581
2001-12-18 12:00:00,12.5997925,5.278717,109.01546,96005.41,7.567347e-06,0.7286374
2001-12-19 12:00:00,11.178467,8.126343,47.4701,95642.586,0.00015201305,1.0078627
2001-12-20 12:00:00,9.145416,4.30719,98.531906,95185.07,4.3619482e-05,0.8235434
2001-12-21 12:00:00,5.741455,-0.8404541,142.74211,95388.38,0.0,1.5892588
2001-12-22 12:00:00,7.571289,-4.8668823,144.88637,96423.99,0.0,1.2893304
2001-12-23 12:00:00,8.483215,-1.8398438,126.474365,96704.74,0.0,0.55556315
2001-12-24 12:00:00,11.733307,-0.91397095,98.56013,96218.086,0.0,1.2880687
2001-12-25 12:00:00,16.03189,7.059601,141.5708,96102.46,0.0,2.1995513
2001-12-26 12:00:00,17.811646,3.915863,139.72862,96104.05,0.0,1.5240818
2001-12-27 12:00:00,15.846039,3.0687256,136.2315,95769.73,0.0,0.8057125
2001-12-28 12:00:00,12.330994,5.6456604,65.77086,96095.125,1.5084562e-05,1.3652561
2001-12-29 12:00:00,9.260681,4.1108704,117.472824,95738.14,0.00038584412,0.8521469
2001-12-30 12:00:00,6.661194,-1.0044861,111.59639,95920.08,1.6965272e-05,0.69182605
2001-12-31 12:00:00,5.5821533,-0.5246582,146.92072,96341.42,0.0,2.5292969
2002-01-01 12:00:00,8.552734,-0.51272583,115.419014,96829.9,0.0,1.8605802
2002-01-02 12:00:00,12.26355,2.370697,145.97827,96750.38,0.0,2.0011706
2002-01-03 12:00:00,10.88327,3.643219,61.923332,96083.98,1.2310977e-10,1.3291649
2002-01-04 12:00:00,7.955078,-0.8769531,44.39023,95927.445,1.5526988e-05,0.88988614
2002-01-05 12:00:00,7.427429,2.2554321,118.6944,96204.78,5.575137e-05,0.6585371
2002-01-06 12:00:00,11.422607,-1.3179016,146.15674,96700.63,0.0,1.1691263
2002-01-07 12:00:00,11.3038025,1.1815186,129.51952,96570.125,0.0,1.0805537
2002-01-08 12:00:00,10.154846,-1.2676086,35.507217,96090.42,0.00019191948,0.56603247
2002-01-09 12:00:00,8.56192,-0.79776,144.59766,96382.45,3.1849675e-06,0.4586891
2002-01-10 12:00:00,10.901245,0.55474854,145.75433,96573.32,0.0,0.6068249
2002-01-11 12:00:00,12.69574,2.317566,146.21132,96346.12,0.0,0.9373361
2002-01-12 12:00:00,11.1521,2.2182312,44.55868,96475.98,1.0492804e-05,0.5665311
2002-01-13 12:00:00,8.149658,-1.5782166,152.69116,96311.78,5.7705046e-07,1.1079099
2002-01-14 12:00:00,9.401459,-2.3897705,154.23392,96212.95,0.0,1.3727293
2002-01-15 12:00:00,9.944275,1.3440857,156.40448,96781.625,0.0,1.5240284
2002-01-16 12:00:00,9.23111,0.11758423,153.07004,96655.945,0.0,0.5787818
2002-01-17 12:00:00,9.332581,-0.87823486,156.83662,96018.12,8.188255e-07,1.3680242
2002-01-18 12:00:00,10.996857,-1.2980042,152.98384,96437.875,0.0,1.1793352
2002-01-19 12:00:00,14.256958,1.6036072,156.54419,96798.53,0.0,0.9126883
2002-01-20 12:00:00,14.877197,1.3857117,157.29085,96839.31,0.0,0.54273486
2002-01-21 12:00:00,19.48877,4.001648,160.95168,96623.11,0.0,1.7601105
2002-01-22 12:00:00,22.714478,11.385437,166.06743,96538.43,0.0,2.2064416
2002-01-23 12:00:00,23.17395,10.959381,167.45016,96525.72,0.0,1.9379262
2002-01-24 12:00:00,22.745087,8.411407,167.36246,96301.8,0.0,1.2444687
2002-01-25 12:00:00,23.106415,8.052643,169.9396,96298.99,0.0,1.3199643
2002-01-26 12:00:00,21.614471,4.501831,162.64604,96265.05,0.0,0.38376084
2002-01-27 12:00:00,16.049042,3.3119202,168.57683,96076.89,3.5960045e-07,0.62425274
2002-01-28 12:00:00,15.54187,2.3020935,165.68993,95836.586,2.1202143e-07,0.24836633
2002-01-29 12:00:00,15.108154,2.420227,173.04913,95890.38,3.9998474e-07,1.2277884
2002-01-30 12:00:00,14.789368,0.26730347,167.34116,96064.375,5.8521323e-07,0.2627507
2002-01-31 12:00:00,14.910004,0.4499817,170.53873,95898.484,3.3711405e-07,0.50083804
2002-02-01 12:00:00,17.605743,2.0958557,181.46611,96115.22,0.0,0.5592932
2002-02-02 12:00:00,16.108398,-0.02557373,102.84986,96158.64,4.978813e-06,0.76295215
2002-02-03 12:00:00,13.288849,0.7748413,187.62305,96099.055,5.977792e-07,1.5034044
2002-02-04 12:00:00,18.434448,0.60092163,185.88522,96613.83,0.0,1.5720563
2002-02-05 12:00:00,20.4534,6.5961304,164.8595,96735.484,0.0,1.1735352
2002-02-06 12:00:00,22.810516,6.86792,186.18562,96567.66,0.0,0.81018627
2002-02-07 12:00:00,23.64151,6.918396,189.97755,96356.29,0.0,0.8202032
2002-02-08 12:00:00,24.434052,8.083923,190.79622,96253.484,0.0,0.7462139
2002-02-09 12:00:00,24.991913,8.4086,193.89589,96176.91,0.0,0.7022256
2002-02-10 12:00:00,23.38565,3.9858398,182.55988,96153.98,3.6098882e-08,0.7213257
2002-02-11 12:00:00,16.61435,2.8867798,188.92354,96226.13,3.0126673e-06,0.35305727
2002-02-12 12:00:00,20.415802,4.666443,195.19447,96249.38,0.0,1.2737801
2002-02-13 12:00:00,21.789673,5.0772705,180.82921,96242.52,0.0,1.0652968
2002-02-14 12:00:00,23.460754,8.687958,199.4502,96273.66,0.0,0.94448733
2002-02-15 12:00:00,25.667908,6.412079,202.8547,96201.1,0.0,0.9287802
2002-02-16 12:00:00,25.329742,12.042358,196.68468,95939.9,0.0,0.85756886
2002-02-17 12:00:00,24.819946,6.7958374,206.31583,95917.02,1.02328475e-08,0.66090083
2002-02-18 12:00:00,27.004242,9.518341,209.79593,96093.51,0.0,0.6092478
2002-02-19 12:00:00,26.596954,10.092407,213.96169,96258.516,0.0,0.8263894
2002-02-20 12:00:00,26.187927,9.615906,192.99034,96121.06,0.0,0.7911764
2002-02-21 12:00:00,24.858948,7.898163,132.68506,95600.055,3.9034362e-09,0.68786335
2002-02-22 12:00:00,16.121063,8.39267,98.71177,95236.86,4.586172e-06,0.8301457
2002-02-23 12:00:00,21.958954,9.026123,212.7063,95382.54,1.711569e-05,1.4364103
2002-02-24 12:00:00,22.125366,7.5173645,218.23494,95759.99,0.0,0.5426886
2002-02-25 12:00:00,18.821228,7.16214,208.08076,95918.164,2.8201885e-06,0.44766006
2002-02-26 12:00:00,23.987457,7.0081787,229.71675,96102.86,0.0,1.1504561
2002-02-27 12:00:00,25.35617,11.21228,233.02353,96386.59,0.0,1.790642
2002-02-28 12:00:00,25.88089,12.578796,231.91724,96569.64,0.0,1.0036895
2002-03-01 12:00:00,27.486237,11.248444,227.96983,96416.58,0.0,0.46328032
2002-03-02 12:00:00,26.291199,11.000183,163.55534,96070.9,0.0,0.65263855
2002-03-03 12:00:00,25.255981,12.744568,211.96468,95781.914,0.0,0.44593653
2002-03-04 12:00:00,23.594757,6.6493835,211.6875,95834.9,8.6524034e-07,1.0047954
2002-03-05 12:00:00,17.84018,8.038879,197.3983,96113.945,3.684813e-06,0.49725068
2002-03-06 12:00:00,22.030365,5.576599,229.004,96336.49,2.675104e-07,0.29755732
2002-03-07 12:00:00,23.918335,6.783325,235.55652,96284.586,0.0,0.32527667
2002-03-08 12:00:00,23.140594,8.442108,208.18198,96013.14,0.0,0.16177021
2002-03-09 12:00:00,20.84082,3.00354,257.32553,96076.63,1.3365792e-06,0.98363936
2002-03-10 12:00:00,20.717682,6.9739075,251.7945,96388.21,0.0,1.1660855
2002-03-11 12:00:00,19.865509,3.9753723,192.5625,95640.086,1.1233001e-05,0.44304636
2002-03-12 12:00:00,18.36737,6.9470825,259.63614,95409.65,0.0,1.982798
2002-03-13 12:00:00,18.01181,2.6290588,258.26352,96236.69,0.0,0.67920166
2002-03-14 12:00:00,18.877686,3.370575,260.31644,96514.86,0.0,0.697439
2002-03-15 12:00:00,18.8096,3.526123,257.5149,96174.5,0.0,0.72927487
2002-03-16 12:00:00,17.731934,3.4261475,95.64589,95923.79,7.1436266e-06,0.6598724
2002-03-17 12:00:00,11.359192,3.0666199,143.39127,96061.586,6.639095e-05,1.5186813
2002-03-18 12:00:00,15.345062,1.115448,266.55066,96421.19,0.0,0.897771
2002-03-19 12:00:00,17.281036,2.8425598,270.56235,96126.95,0.0,0.27433392
2002-03-20 12:00:00,16.705048,3.7244263,263.72983,95588.33,3.7581355e-08,0.560008
2002-03-21 12:00:00,13.949921,3.5270386,276.40366,95258.72,0.0,2.1493778
2002-03-22 12:00:00,16.96109,2.5991516,283.7762,96087.42,0.0,0.8252016
2002-03-23 12:00:00,18.14151,2.3070984,284.71445,96343.305,0.0,0.8681534
2002-03-24 12:00:00,16.966736,1.5784912,270.11517,95968.21,0.0,0.69072115
2002-03-25 12:00:00,13.828613,3.401184,232.22154,95717.086,1.5569702e-06,0.6334554
2002-03-26 12:00:00,11.817444,2.7914124,150.75241,95931.38,1.6011878e-05,1.0912378
2002-03-27 12:00:00,16.723785,2.6323547,275.54062,95753.25,9.799816e-05,0.9206827
2002-03-28 12:00:00,17.840088,2.8395996,287.7462,96209.81,0.0,0.47862974
2002-03-29 12:00:00,17.098938,3.3235474,289.14462,96205.43,2.1633122e-08,0.667258
2002-03-30 12:00:00,15.181152,3.685028,293.2952,96118.484,4.4917756e-06,0.8676688
2002-03-31 12:00:00,15.351593,3.6119995,273.05957,95948.89,0.0,0.5358841
2002-04-01 12:00:00,15.394257,7.7409363,220.65012,95539.17,1.2685778e-05,1.4480323
2002-04-02 12:00:00,18.084412,2.9566345,294.80148,95736.41,0.0,0.33805066
2002-04-03 12:00:00,22.32425,3.3160706,302.0203,95812.84,0.0,0.50571376
2002-04-04 12:00:00,25.146576,8.47995,300.55884,95990.125,0.0,0.33723578
2002-04-05 12:00:00,24.372223,6.941925,301.0163,95689.88,0.0,0.8997939
2002-04-06 12:00:00,20.093506,4.2713013,309.334,95349.25,0.0,1.5648602
2002-04-07 12:00:00,23.408691,7.6632996,307.7707,95782.945,0.0,1.0512367
2002-04-08 12:00:00,22.88385,7.1878357,306.60855,95923.48,0.0,0.91442806
2002-04-09 12:00:00,21.212585,6.543091,306.24384,95426.15,8.316115e-08,0.49865535
2002-04-10 12:00:00,25.121307,6.507263,310.34854,95330.4,0.0,1.8357818
2002-04-11 12:00:00,30.76712,13.846008,313.6534,95807.02,0.0,1.8177767
2002-04-12 12:00:00,31.822754,17.658966,316.00363,95982.66,0.0,1.5051084
2002-04-13 12:00:00,30.172272,11.520386,316.88214,95959.19,0.0,0.9834011
2002-04-14 12:00:00,27.611206,10.544769,321.40167,95859.734,0.0,1.0251272
2002-04-15 12:00:00,26.896576,10.324738,315.68353,96034.21,0.0,0.920745
2002-04-16 12:00:00,25.384064,8.372467,317.88074,95970.586,1.6431167e-07,0.8806344
2002-04-17 12:00:00,20.870422,7.1221313,311.94812,95971.414,0.0,0.87292856
2002-04-18 12:00:00,19.96283,7.6312866,276.60553,95879.61,1.4003913e-06,0.9007849
2002-04-19 12:00:00,17.91623,8.049957,109.8983,95182.12,1.948767e-05,0.6506587
2002-04-20 12:00:00,18.484558,4.8361206,324.80255,94797.086,4.279529e-06,1.3475759
2002-04-21 12:00:00,18.37146,5.963257,335.33536,95414.516,0.0,1.7289687
2002-04-22 12:00:00,20.98648,5.591614,334.9497,96087.82,0.0,0.4875047
2002-04-23 12:00:00,23.050354,6.723053,335.1813,96272.016,0.0,0.8186172
2002-04-24 12:00:00,21.945404,6.8149414,330.71136,95782.56,0.0,0.5629412
2002-04-25 12:00:00,23.351501,6.3849487,326.12598,95407.445,7.788035e-07,0.91901195
2002-04-26 12:00:00,24.571747,9.281708,326.90564,95735.15,0.0,1.0162967
2002-04-27 12:00:00,25.171112,7.0455627,337.6064,95814.31,0.0,0.423219
2002-04-28 12:00:00,23.622467,6.4457397,337.0367,95766.23,0.0,0.80982727
2002-04-29 12:00:00,22.247711,5.77713,335.21146,95634.12,2.4492547e-07,1.0038371
2002-04-30 12:00:00,19.196594,8.511261,312.8086,95469.84,8.574941e-06,1.248738
2002-05-01 12:00:00,20.823212,7.441986,319.50543,95413.98,1.6519745e-06,0.9088168
2002-05-02 12:00:00,25.737183,7.2994995,341.9,95564.984,0.0,0.78598917
2002-05-03 12:00:00,26.064209,8.793152,342.32507,95895.945,1.2498373e-07,0.52910244
2002-05-04 12:00:00,26.189606,9.623383,341.7007,95850.445,0.0,0.6943781
2002-05-05 12:00:00,26.341461,9.132202,343.2129,95688.34,6.0151937e-09,0.65682036
2002-05-06 12:00:00,25.261353,8.559662,346.4844,95697.38,8.465443e-09,0.7815996
2002-05-07 12:00:00,24.315094,7.3176575,326.46088,95876.77,0.0,0.77610564
2002-05-08 12:00:00,23.651398,8.797119,284.0258,96030.3,0.0,0.6092787
2002-05-09 12:00:00,22.02353,7.416168,345.0592,96012.1,0.0,0.9869537
2002-05-10 12:00:00,23.05194,7.1509705,346.5206,95917.14,1.532385e-10,0.81025755
2002-05-11 12:00:00,26.161987,9.042023,335.62286,95854.62,0.0,0.7765463
2002-05-12 12:00:00,24.552399,9.383026,339.67877,95772.39,4.1135086e-09,0.8294519
2002-05-13 12:00:00,23.038086,9.018799,319.64514,95785.75,2.8022575e-06,1.135333
2002-05-14 12:00:00,19.175323,7.0426025,335.59912,95770.33,3.830862e-06,1.0772022
2002-05-15 12:00:00,19.436005,7.629822,309.85416,95657.555,2.5906122e-06,1.029824
2002-05-16 12:00:00,18.686829,9.7812195,286.8443,95629.74,5.5419564e-06,1.3682687
2002-05-17 12:00:00,17.718414,9.7034,259.8501,95611.57,9.1348575e-06,1.3562707
2002-05-18 12:00:00,18.586212,7.5605774,337.86844,95479.29,1.9091485e-06,1.0184871
2002-05-19 12:00:00,18.135254,8.331421,271.09854,95475.46,1.6800437e-06,1.3856815
2002-05-20 12:00:00,17.13736,10.584991,108.15535,95582.94,1.8669898e-05,1.3177831
2002-05-21 12:00:00,16.643341,11.57373,135.17415,95813.336,2.7828086e-05,1.3720479
2002-05-22 12:00:00,19.410034,9.400635,284.13937,95831.305,3.6139727e-06,1.1380615
2002-05-23 12:00:00,23.415833,8.61972,350.648,95811.42,0.0,0.86641043
2002-05-24 12:00:00,26.75824,10.489655,344.6404,95796.46,0.0,0.7007436
2002-05-25 12:00:00,29.181732,10.7881775,343.20816,95869.15,3.6299028e-09,0.54149866
2002-05-26 12:00:00,29.007141,10.707825,355.87677,95827.1,1.1072618e-07,0.7819147
2002-05-27 12:00:00,27.464935,9.100586,362.69437,95663.05,0.0,0.8796556
2002-05-28 12:00:00,24.591064,9.647369,358.96848,95675.22,0.0,0.745775
2002-05-29 12:00:00,26.43692,10.372345,361.75507,95798.34,0.0,0.5334961
2002-05-30 12:00:00,26.610718,12.303253,293.0507,95866.91,0.0,0.57747895
2002-05-31 12:00:00,29.762451,11.257233,365.4741,95801.39,0.0,0.48117423
2002-06-01 12:00:00,30.387604,10.631622,366.13394,95689.95,0.0,0.5776533
2002-06-02 12:00:00,30.574585,13.278198,363.0281,95656.14,0.0,0.5896491
2002-06-03 12:00:00,31.643005,14.483551,361.1902,95891.625,0.0,0.65710115
2002-06-04 12:00:00,30.4682,11.476654,362.26434,95954.46,0.0,1.0025351
2002-06-05 12:00:00,27.228851,9.637878,365.67126,95990.55,0.0,0.9886119
2002-06-06 12:00:00,29.452118,10.604492,366.42026,96004.01,0.0,0.79590744
2002-06-07 12:00:00,30.288055,11.731415,366.66504,95886.4,0.0,0.73123676
2002-06-08 12:00:00,30.018738,12.20929,367.4848,95699.25,0.0,0.71680975
2002-06-09 12:00:00,29.363464,10.742432,372.63696,95602.25,0.0,0.77746814
2002-06-10 12:00:00,27.963593,10.500671,366.90427,95684.984,0.0,0.8762276
2002-06-11 12:00:00,27.737488,11.289215,362.0996,95842.33,0.0,1.0245888
2002-06-12 12:00:00,32.378235,12.861145,354.00317,95857.65,0.0,0.7516041
2002-06-13 12:00:00,36.013153,16.24292,359.48007,95655.39,0.0,0.68924123
2002-06-14 12:00:00,35.07794,17.033691,366.78333,95634.25,0.0,0.533152
2002-06-15 12:00:00,33.066223,14.923065,359.16284,95649.67,0.0,0.5949578
2002-06-16 12:00:00,30.339996,11.506744,358.8272,95454.82,5.0717466e-07,0.79661894
2002-06-17 12:00:00,27.69516,12.436859,358.2058,95154.97,5.3693345e-08,0.81372976
2002-06-18 12:00:00,28.190704,11.159729,368.10596,95260.97,0.0,0.81425345
2002-06-19 12:00:00,30.31253,13.29126,361.51712,95539.695,0.0,0.83894753
2002-06-20 12:00:00,31.96814,14.542145,362.4672,95845.65,0.0,0.73302746
2002-06-21 12:00:00,32.20584,14.736145,366.71008,95972.66,0.0,0.8094945
2002-06-22 12:00:00,31.2247,13.367004,365.0848,95888.914,2.2527141e-08,0.86380535
2002-06-23 12:00:00,28.30246,11.220123,370.15512,95793.29,0.0,1.0116732
2002-06-24 12:00:00,27.17865,11.285339,367.59323,95886.31,0.0,1.1787997
2002-06-25 12:00:00,26.7872,11.212891,362.70285,95909.85,2.7509623e-09,1.1159846
2002-06-26 12:00:00,26.014252,12.12558,357.6298,95820.45,1.231408e-07,1.1468068
2002-06-27 12:00:00,25.510162,12.170044,357.03043,95879.12,8.1268246e-07,1.1533421
2002-06-28 12:00:00,26.995636,11.783813,362.70404,95937.97,1.8109841e-09,1.0306232
2002-06-29 12:00:00,26.224457,11.558746,360.60733,96018.29,1.9173262e-07,0.98200434
2002-06-30 12:00:00,26.342285,10.78598,367.40063,96079.76,1.3883435e-07,0.81636006
2002-07-01 12:00:00,25.601166,11.381348,351.857,96000.39,2.1461999e-07,0.9321686
2002-07-02 12:00:00,25.29187,11.183014,348.37933,95917.81,5.6721086e-07,0.89087546
2002-07-03 12:00:00,24.796783,8.965118,361.1362,95974.51,5.4791207e-07,0.9097718
2002-07-04 12:00:00,24.81961,10.194214,359.05978,95962.77,0.0,1.0530862
2002-07-05 12:00:00,25.295868,10.160919,360.0836,95917.13,0.0,0.9372876
2002-07-06 12:00:00,24.780914,10.921143,348.66116,95875.875,7.7833676e-07,0.8964386
2002-07-07 12:00:00,24.143646,11.209656,337.0989,95901.24,2.0029102e-06,0.8702498
2002-07-08 12:00:00,25.475403,10.606812,350.4718,96067.21,4.7511352e-07,0.93363017
2002-07-09 12:00:00,28.730347,11.676147,361.09235,96226.26,0.0,0.8030391
2002-07-10 12:00:00,30.526917,13.35202,360.91858,96115.664,0.0,0.72638994
2002-07-11 12:00:00,30.471924,14.075012,352.08145,95887.84,0.0,0.6333419
2002-07-12 12:00:00,29.48285,13.799194,353.17932,95767.29,3.2308586e-07,1.0665988
2002-07-13 12:00:00,27.434204,13.334412,350.05264,95860.04,5.4536343e-07,1.1446486
2002-07-14 12:00:00,26.834839,13.190033,347.97842,95887.68,5.677838e-07,0.9064867
2002-07-15 12:00:00,27.718933,13.3124695,354.32785,95754.836,0.0,0.84216297
2002-07-16 12:00:00,30.55066,12.556854,358.4861,95902.57,0.0,0.6998672
2002-07-17 12:00:00,34.608337,14.452454,342.92395,96086.414,0.0,0.5377551
2002-07-18 12:00:00,34.683167,17.612793,350.39194,96123.68,0.0,0.6373031
2002-07-19 12:00:00,34.18524,17.009918,351.62082,95986.61,0.0,0.41046357
2002-07-20 12:00:00,32.987,15.412323,354.14682,95839.305,1.4758397e-09,0.8218001
2002-07-21 12:00:00,30.886963,13.798798,355.1066,95853.48,2.0211482e-10,0.8810477
2002-07-22 12:00:00,29.633331,12.674957,352.98434,95937.54,0.0,0.8525995
2002-07-23 12:00:00,29.98352,13.338562,340.81082,95867.05,5.251509e-10,0.8150706
2002-07-24 12:00:00,31.029724,13.423767,345.85928,95696.16,8.622261e-09,0.9423638
2002-07-25 12:00:00,31.618195,13.914825,347.18414,95764.695,9.368203e-09,0.5696869
2002-07-26 12:00:00,33.99579,15.192505,346.87424,95942.516,0.0,0.64411896
2002-07-27 12:00:00,36.41217,17.6633,343.96588,95946.375,0.0,0.6270088
2002-07-28 12:00:00,36.081512,17.289368,344.84976,95757.164,2.7898185e-08,0.762281
2002-07-29 12:00:00,33.074707,15.031677,343.61038,95647.77,8.233338e-09,0.97857994
2002-07-30 12:00:00,30.777527,15.009949,329.97397,95685.41,0.0,0.88378686
2002-07-31 12:00:00,29.958069,15.522522,332.60138,95787.26,5.3465453e-08,0.80604815
2002-08-01 12:00:00,30.34552,15.434326,332.18204,95846.695,1.3898806e-08,0.9632311
2002-08-02 12:00:00,31.34616,16.352356,262.6575,95892.23,0.0,0.69399524
2002-08-03 12:00:00,29.58435,16.435303,184.1256,96013.41,2.4126493e-07,0.731617
2002-08-04 12:00:00,29.956177,14.018494,319.2333,95970.62,0.0,0.7099194
2002-08-05 12:00:00,29.481659,13.628296,307.71893,95884.805,2.612708e-07,0.7882513
2002-08-06 12:00:00,30.36618,13.73465,333.8253,95922.625,2.7540986e-08,0.70439875
2002-08-07 12:00:00,32.181885,15.39621,333.611,95944.445,0.0,0.6400438
2002-08-08 12:00:00,31.2641,12.665375,339.2085,95928.53,6.944346e-09,0.73560005
2002-08-09 12:00:00,29.60846,13.154297,336.2451,95917.82,0.0,0.71956897
2002-08-10 12:00:00,32.337616,14.433594,332.18185,95925.52,0.0,0.5006009
2002-08-11 12:00:00,32.50113,15.704529,331.2233,95861.81,0.0,0.37125832
2002-08-12 12:00:00,31.987,14.654785,326.97818,95749.32,3.7361506e-10,0.7450528
2002-08-13 12:00:00,31.12259,13.672333,330.0633,95780.89,0.0,0.74740887
2002-08-14 12:00:00,31.139648,12.959686,331.09454,95930.766,5.436902e-09,0.64363253
2002-08-15 12:00:00,30.931793,13.265045,330.37186,95935.086,0.0,0.5676306
2002-08-16 12:00:00,29.893433,13.504456,327.57013,95771.73,1.6942697e-09,0.7036608
2002-08-17 12:00:00,28.988678,13.128906,324.23367,95752.336,6.0516605e-08,0.6831389
2002-08-18 12:00:00,28.534302,12.532593,315.76013,95893.44,9.498877e-07,0.8273984
2002-08-19 12:00:00,30.256226,12.069366,327.19962,95870.97,0.0,0.42482156
2002-08-20 12:00:00,30.656769,12.544586,324.20618,95786.59,0.0,0.5678236
2002-08-21 12:00:00,30.767578,12.590515,324.06494,95939.016,0.0,0.5988496
2002-08-22 12:00:00,30.919525,13.062958,318.7848,95971.12,7.507739e-09,0.58042777
2002-08-23 12:00:00,30.101624,12.7039795,319.39154,95885.17,5.175572e-09,0.6779243
2002-08-24 12:00:00,29.580109,12.409119,316.53217,95825.56,0.0,0.61125374
2002-08-25 12:00:00,29.968353,13.268036,301.7368,95943.96,0.0,0.5791139
2002-08-26 12:00:00,28.536682,12.772278,311.9274,96027.445,1.8379716e-08,0.74517024
2002-08-27 12:00:00,27.246033,12.182434,306.54837,95771.516,4.9002256e-07,0.95023996
2002-08-28 12:00:00,28.232513,12.545593,308.29834,95623.67,0.0,0.7157009
2002-08-29 12:00:00,27.318726,13.918762,280.1989,95623.125,0.0,0.75802875
2002-08-30 12:00:00,28.473602,13.772034,301.37433,95705.08,1.2653561e-08,0.652017
2002-08-31 12:00:00,28.66864,13.230896,302.73734,95747.3,0.0,0.73256224
2002-09-01 12:00:00,27.83789,13.149689,299.9464,95723.29,0.0,0.67698145
2002-09-02 12:00:00,28.694641,13.47757,299.96307,95970.875,0.0,0.6794689
2002-09-03 12:00:00,29.919891,11.882843,304.78726,96107.086,0.0,0.49652082
2002-09-04 12:00:00,30.06485,11.64798,304.71445,95933.15,0.0,0.58389974
2002-09-05 12:00:00,28.677094,11.307983,299.62146,95791.5,1.778931e-09,0.75650096
2002-09-06 12:00:00,28.41455,11.577972,297.84146,95854.945,1.4115757e-08,0.45733634
2002-09-07 12:00:00,29.861237,12.057678,296.14685,95863.805,0.0,0.69553083
2002-09-08 12:00:00,31.346405,13.901001,282.62213,95754.78,0.0,0.5183106
2002-09-09 12:00:00,30.776733,14.188843,270.44693,95737.27,0.0,0.546791
2002-09-10 12:00:00,30.982056,14.394745,279.29968,95697.96,0.0,0.6253745
2002-09-11 12:00:00,30.2742,14.937378,246.99551,95890.41,0.0,0.53151524
2002-09-12 12:00:00,29.184814,16.901703,197.81638,96015.81,5.7305226e-07,0.819634
2002-09-13 12:00:00,28.050812,15.378174,270.48135,95787.64,2.0218786e-07,0.6571775
2002-09-14 12:00:00,25.940643,15.211395,154.35387,95780.45,3.3208325e-06,1.0415654
2002-09-15 12:00:00,28.369873,16.496246,267.00278,95829.54,0.0,0.5158144
2002-09-16 12:00:00,26.683289,12.986664,225.75386,95917.22,1.5375596e-08,0.72805643
2002-09-17 12:00:00,31.763214,14.265015,271.49472,96032.414,0.0,0.45302933
2002-09-18 12:00:00,34.3089,16.753174,268.5972,96003.125,0.0,0.58037275
2002-09-19 12:00:00,33.801636,18.600037,210.44635,95983.44,0.0,0.6835702
2002-09-20 12:00:00,33.3154,18.471924,249.08543,95977.23,0.0,0.7544701
2002-09-21 12:00:00,32.750244,18.018799,258.70038,95849.28,3.758723e-06,0.39379415
2002-09-22 12:00:00,33.750397,18.495697,257.0255,95909.625,7.220096e-07,0.66286504
2002-09-23 12:00:00,32.77713,20.174255,180.79468,96023.945,1.6813357e-05,0.61536694
2002-09-24 12:00:00,31.299225,19.133911,251.703,95909.5,4.8182555e-06,0.56854755
2002-09-25 12:00:00,28.354034,13.864746,248.16136,95754.26,1.6475639e-06,0.85248256
2002-09-26 12:00:00,24.949005,11.040863,253.50266,95796.414,2.509762e-07,0.4953044
2002-09-27 12:00:00,25.499939,10.960632,254.12854,95775.195,0.0,0.49777547
2002-09-28 12:00:00,29.23999,12.133362,251.20184,95642.88,0.0,0.43164566
2002-09-29 12:00:00,30.298218,13.759399,238.32697,95660.234,5.1798196e-07,0.38767418
2002-09-30 12:00:00,33.486145,16.311096,208.73637,95753.01,1.1731528e-05,0.49978757
2002-10-01 12:00:00,27.972382,14.81781,215.61263,96090.35,3.3334215e-06,0.6949766
2002-10-02 12:00:00,30.21106,16.326843,238.675,96144.39,1.23351e-08,0.82399786
2002-10-03 12:00:00,30.54129,17.129791,192.5954,95830.34,1.4442382e-08,0.6844544
2002-10-04 12:00:00,31.405914,17.980988,207.7739,95795.13,3.0571155e-05,0.8670336
2002-10-05 12:00:00,30.022797,17.057678,230.77263,95913.55,0.0,0.37604904
2002-10-06 12:00:00,27.151398,13.611816,195.47241,95955.74,3.9428824e-07,0.7115316
2002-10-07 12:00:00,29.962433,13.6033325,232.70511,95993.125,9.527648e-07,0.44592583
2002-10-08 12:00:00,34.474823,16.679749,234.16585,96059.72,0.0,1.0395916
2002-10-09 12:00:00,35.56543,19.310242,232.34685,96021.055,0.0,1.0705853
2002-10-10 12:00:00,34.262634,17.09311,230.60574,95886.44,0.0,0.7457236
2002-10-11 12:00:00,34.729797,16.732727,227.81905,95917.01,0.0,0.5059608
2002-10-12 12:00:00,34.02777,17.519348,226.00691,95906.8,0.0,0.807877
2002-10-13 12:00:00,32.26544,15.446075,222.83606,95850.17,1.1773972e-08,0.6002336
2002-10-14 12:00:00,31.11325,14.264648,222.29556,95715.11,0.0,0.51357037
2002-10-15 12:00:00,35.275818,16.400696,217.36191,95944.414,0.0,0.58917975
2002-10-16 12:00:00,36.815155,25.440369,191.71713,96206.914,2.7084148e-09,1.7642745
2002-10-17 12:00:00,35.31018,22.102234,210.79358,96094.24,0.0,1.4857541
2002-10-18 12:00:00,34.941498,18.911194,212.8734,95756.91,0.0,0.59437263
2002-10-19 12:00:00,33.298462,15.484528,210.31567,95791.66,0.0,0.6009364
2002-10-20 12:00:00,32.435883,15.304474,207.11674,95940.12,0.0,0.40488064
2002-10-21 12:00:00,34.830505,16.218903,208.89694,95843.305,0.0,0.7107812
2002-10-22 12:00:00,33.242737,18.538483,208.32077,95729.516,0.0,1.1502137
2002-10-23 12:00:00,30.556946,12.621063,205.2246,95879.0,0.0,0.71783245
2002-10-24 12:00:00,28.474884,11.742615,203.0701,96076.61,0.0,0.4057101
2002-10-25 12:00:00,30.078186,13.7118225,142.26477,96102.25,0.0,0.86004835
2002-10-26 12:00:00,28.481934,14.847992,195.87947,95876.875,0.0,0.58623326
2002-10-27 12:00:00,28.815674,11.278992,195.48676,95837.984,0.0,0.32625675
2002-10-28 12:00:00,26.877075,14.1145935,80.2274,95887.78,1.8290723e-07,0.18031606
2002-10-29 12:00:00,23.019897,16.214691,146.02325,95926.64,7.6929166e-05,0.33115932
2002-10-30 12:00:00,20.70459,13.60968,149.0302,95914.31,4.3107477e-05,0.41417077
2002-10-31 12:00:00,19.41446,15.221619,87.33272,95933.96,1.0150867e-05,1.2199919
2002-11-01 12:00:00,16.834534,13.532806,58.46358,95869.79,2.4960349e-05,1.180146
2002-11-02 12:00:00,16.267487,10.651672,105.43069,95832.4,1.6142154e-05,0.4599678
2002-11-03 12:00:00,17.867493,6.8707886,169.94508,96090.766,0.0,0.721058
2002-11-04 12:00:00,16.547485,5.6276245,186.76299,95994.43,0.0,0.9460841
2002-11-05 12:00:00,17.967316,8.49231,187.20454,96334.95,0.0,1.9854271
2002-11-06 12:00:00,19.610718,8.125488,132.19916,96128.74,0.0,1.7325227
2002-11-07 12:00:00,22.696625,9.081726,167.10486,95894.65,0.0,1.18622
2002-11-08 12:00:00,21.13501,9.867889,46.302315,95936.586,1.0555057e-05,0.24776623
2002-11-09 12:00:00,14.064423,11.878387,27.15341,95862.234,0.00020380098,1.0982119
2002-11-10 12:00:00,12.689789,10.623871,79.73048,95701.414,8.037912e-05,1.0409628
2002-11-11 12:00:00,13.339966,10.030029,143.84251,95644.46,7.81979e-05,0.80989164
2002-11-12 12:00:00,14.931091,7.1042786,160.58383,96151.16,7.4415325e-08,0.2579259
2002-11-13 12:00:00,17.719025,8.524414,155.92667,96277.41,0.0,0.54469126
2002-11-14 12:00:00,15.971741,11.020782,108.36025,95868.13,1.15258035e-05,0.4686166
2002-11-15 12:00:00,12.217773,8.57547,66.03591,95555.32,0.00023760383,0.7087338
2002-11-16 12:00:00,11.286804,8.2291565,52.511383,95867.73,0.00011038145,0.8083889
2002-11-17 12:00:00,12.846497,9.642548,124.4249,95791.984,4.8943002e-05,0.5209742
2002-11-18 12:00:00,11.8611145,6.1221924,54.315857,95627.25,0.00029893641,1.0312538
2002-11-19 12:00:00,11.142334,3.9049988,159.87535,95600.74,4.9897473e-05,1.0889635
2002-11-20 12:00:00,11.124451,3.1575928,150.03172,96353.93,3.682296e-08,0.48752052
2002-11-21 12:00:00,10.183502,6.1168213,35.165405,96028.51,0.00013919019,1.2828674
2002-11-22 12:00:00,10.769165,7.6490173,36.8708,95307.23,0.0003848753,0.6661605
2002-11-23 12:00:00,13.829071,5.5191956,149.4619,95903.64,8.963223e-07,0.28856596
2002-11-24 12:00:00,15.02948,5.282257,138.72766,96649.57,0.0,1.7848786
2002-11-25 12:00:00,13.858337,6.275696,68.460686,96299.27,0.0,1.9650354
2002-11-26 12:00:00,15.940399,8.600983,130.22401,95942.3,0.0,0.641453
2002-11-27 12:00:00,14.10257,9.433716,57.623535,95913.82,9.573686e-06,0.5261964
2002-11-28 12:00:00,18.116547,7.6217957,143.97568,96083.8,2.8725458e-06,0.73232126
2002-11-29 12:00:00,19.472015,8.396118,145.65463,96554.74,0.0,1.7610804
2002-11-30 12:00:00,18.033417,10.74472,85.07868,96306.0,0.0,0.8530335
2002-12-01 12:00:00,15.388336,7.489868,102.0665,95767.58,1.8488774e-07,0.7498158
2002-12-02 12:00:00,12.740997,10.736237,60.465855,95637.58,2.0149211e-05,0.6228343
2002-12-03 12:00:00,10.665466,6.197357,142.6139,95657.82,4.703123e-05,0.73663676
2002-12-04 12:00:00,10.069366,2.5423584,145.47298,95792.06,0.0,1.7625716
2002-12-05 12:00:00,9.147003,0.24365234,147.3515,96088.37,6.3262284e-08,1.5851401
2002-12-06 12:00:00,9.08136,1.0149231,120.929214,96254.86,1.6669895e-09,0.5190981
2002-12-07 12:00:00,10.391541,4.3627625,142.54941,95998.29,0.00010488468,0.7215441
2002-12-08 12:00:00,11.558014,1.3271484,143.49803,96449.32,5.5306097e-09,1.6568553
2002-12-09 12:00:00,10.963409,3.1927185,146.20822,96611.91,0.0,2.358813
2002-12-10 12:00:00,13.036652,5.8990173,142.33438,96452.88,0.0,3.0276406
2002-12-11 12:00:00,15.665314,8.366364,140.21936,96473.72,0.0,2.3620408
2002-12-12 12:00:00,17.043823,2.6165466,145.31667,96420.625,0.0,1.470921
2002-12-13 12:00:00,18.188782,4.2720947,143.58388,96302.73,0.0,1.4843941
2002-12-14 12:00:00,17.483368,6.776825,138.84491,95960.95,0.0,0.6314727
2002-12-15 12:00:00,15.2526245,3.0262756,141.38686,96047.58,0.0,1.7195039
2002-12-16 12:00:00,16.535278,4.014374,138.8017,96616.31,0.0,1.6819241
2002-12-17 12:00:00,18.106628,5.7352905,130.99359,96621.72,0.0,0.9009808
2002-12-18 12:00:00,18.922974,4.512665,138.46335,96140.484,0.0,0.90230995
2002-12-19 12:00:00,18.037415,5.0301514,134.59915,95983.53,0.0,0.9805764
2002-12-20 12:00:00,16.69574,3.7215881,132.7235,95931.73,0.0,0.36057028
2002-12-21 12:00:00,16.003754,5.4692993,107.221176,95886.2,0.0,0.6752346
2002-12-22 12:00:00,13.952301,3.232788,40.40724,95873.57,1.2037687e-05,0.7292332
2002-12-23 12:00:00,10.123993,1.809967,95.225784,95891.945,1.8187862e-06,0.38443044
2002-12-24 12:00:00,12.351685,1.7089539,139.01285,95789.08,4.6203718e-07,1.5753167
2002-12-25 12:00:00,14.357788,3.7030334,133.68681,96423.414,0.0,1.0447568
2002-12-26 12:00:00,14.045746,1.6775208,138.61052,96373.48,0.0,0.39019132
2002-12-27 12:00:00,12.807404,3.8062744,36.85994,95923.08,0.000120215474,0.8986205
2002-12-28 12:00:00,7.755829,4.349182,35.419285,95024.81,0.00086642575,0.38040107
2002-12-29 12:00:00,7.600006,0.2390747,82.98055,95399.51,4.0653968e-06,0.56104285
2002-12-30 12:00:00,7.726837,0.7408447,141.01741,95243.25,5.6957135e-05,1.3552568
2002-12-31 12:00:00,7.4451294,-1.757782,132.78549,95410.02,2.1913945e-06,1.1226345
2003-01-01 12:00:00,5.800171,-3.4709167,144.44942,95619.77,6.125485e-07,1.6032017
2003-01-02 12:00:00,7.68808,-1.0035095,146.98694,96160.45,0.0,2.0751798
2003-01-03 12:00:00,12.975952,1.428009,146.71182,96583.625,0.0,1.8683391
2003-01-04 12:00:00,14.4487915,1.0161133,144.72192,96297.56,0.0,1.3952922
2003-01-05 12:00:00,14.171875,3.9308167,139.83571,96421.875,0.0,1.2232476
2003-01-06 12:00:00,16.651184,4.190918,147.88666,96479.68,0.0,1.7474542
2003-01-07 12:00:00,18.572083,5.407837,149.1084,96274.07,0.0,1.792295
2003-01-08 12:00:00,17.430695,4.891632,99.96662,96138.44,4.488024e-07,0.40910554
2003-01-09 12:00:00,10.153656,5.7252502,148.46611,95865.41,1.470053e-05,0.9961375
2003-01-10 12:00:00,13.61438,2.82724,148.43393,96490.73,0.0,1.4497255
2003-01-11 12:00:00,15.149231,4.9177246,134.22244,96933.64,0.0,1.521847
2003-01-12 12:00:00,14.709534,3.036255,148.64726,96708.36,0.0,0.20128193
2003-01-13 12:00:00,17.768524,5.136139,143.10556,96489.48,0.0,1.7758863
2003-01-14 12:00:00,17.756775,7.5449524,130.27689,96577.7,0.0,2.0265899
2003-01-15 12:00:00,16.908203,8.324066,108.01924,96166.42,0.0,1.458312
2003-01-16 12:00:00,15.23291,6.3632507,62.616566,95592.766,5.5920966e-05,0.7143187
2003-01-17 12:00:00,10.619904,0.30340576,152.719,95810.555,1.7279379e-05,1.2377294
2003-01-18 12:00:00,11.202789,-0.53723145,149.56837,96357.81,0.0,0.64638704
2003-01-19 12:00:00,14.128021,1.0693665,153.73157,96457.7,1.1665094e-08,1.0175072
2003-01-20 12:00:00,16.651917,3.7740784,158.42969,96545.7,0.0,1.5003508
2003-01-21 12:00:00,17.377136,6.124756,151.9927,96376.6,0.0,1.3794775
2003-01-22 12:00:00,17.257233,4.9363403,131.12881,96188.67,0.0,1.6171771
2003-01-23 12:00:00,17.739685,3.8227844,165.02223,95899.64,0.0,1.5855173
2003-01-24 12:00:00,17.66272,9.899414,163.95833,96408.47,0.0,2.6310549
2003-01-25 12:00:00,17.749664,6.823395,167.9977,96523.97,0.0,1.585772
2003-01-26 12:00:00,16.906525,5.7707825,148.21791,95886.34,0.0,0.5448655
2003-01-27 12:00:00,13.082123,1.1643066,165.88425,95814.2,1.1798694e-06,0.8191066
2003-01-28 12:00:00,12.655212,-0.31015015,173.02286,96159.65,0.0,1.3128474
2003-01-29 12:00:00,13.379669,1.0355835,173.68149,96274.33,0.0,0.93789375
2003-01-30 12:00:00,15.17038,6.3992615,181.15862,96214.88,0.0,2.4273355
2003-01-31 12:00:00,17.133942,4.3536987,179.72319,96264.96,0.0,2.0847628
2003-02-01 12:00:00,18.798676,5.7851257,182.3658,96455.31,0.0,1.7284527
2003-02-02 12:00:00,20.400238,4.0224304,182.87053,96368.5,0.0,0.7752137
2003-02-03 12:00:00,19.988556,3.3987732,181.53871,96295.414,0.0,0.43686816
2003-02-04 12:00:00,22.464722,5.3789673,186.13692,96239.02,0.0,0.48573005
2003-02-05 12:00:00,23.804962,7.655884,185.378,96212.336,0.0,1.3897213
2003-02-06 12:00:00,23.138672,7.0661316,136.60944,96155.73,0.0,1.1984726
2003-02-07 12:00:00,21.996857,8.916748,145.07396,95907.29,0.0,0.4502573
2003-02-08 12:00:00,20.674591,3.6033325,120.22095,95662.26,0.0,1.1021057
2003-02-09 12:00:00,12.999695,7.3666077,54.219624,95111.37,7.7302415e-05,2.0327585
2003-02-10 12:00:00,19.212524,7.5775146,186.35364,95411.89,5.282998e-07,2.023117
2003-02-11 12:00:00,22.919647,12.787506,192.5563,96073.31,0.0,1.7464787
2003-02-12 12:00:00,23.777954,10.598602,196.2811,96138.914,0.0,1.5211374
2003-02-13 12:00:00,23.015472,10.268555,169.32846,96252.84,0.0,0.395458
2003-02-14 12:00:00,21.169067,9.300568,143.6226,96289.82,0.0,0.8055971
2003-02-15 12:00:00,20.610077,10.119476,161.06601,95935.195,8.876456e-09,0.50470454
2003-02-16 12:00:00,16.696106,4.477234,175.33388,95939.6,1.2240323e-06,0.8097555
2003-02-17 12:00:00,17.268799,5.0862427,173.52803,96136.27,7.372088e-07,0.42599824
2003-02-18 12:00:00,23.570343,6.8033447,193.75574,96406.78,0.0,0.47887662
2003-02-19 12:00:00,23.22461,12.41098,103.99694,96493.695,0.0,0.6863649
2003-02-20 12:00:00,24.207764,10.80481,205.77402,96218.6,0.0,0.6169729
2003-02-21 12:00:00,23.09967,8.389618,183.43918,96054.32,5.4582735e-08,0.73883635
2003-02-22 12:00:00,16.094086,7.1316833,92.76421,95915.49,1.7736482e-05,0.38274518
2003-02-23 12:00:00,12.427368,1.6413574,196.84108,95632.83,2.7723256e-06,0.49546662
2003-02-24 12:00:00,14.049469,1.7625122,223.46367,95432.51,0.0,1.3053852
2003-02-25 12:00:00,13.747986,2.3200073,184.09532,95803.77,2.218925e-06,0.63955265
2003-02-26 12:00:00,12.933258,3.2872925,170.06964,95932.77,1.463623e-06,0.61778903
2003-02-27 12:00:00,14.757843,2.1072998,213.00114,96028.77,1.0006231e-08,0.42884427
2003-02-28 12:00:00,16.782196,2.67865,217.6007,96170.46,0.0,0.48991945
2003-03-01 12:00:00,18.364563,2.6747437,232.5219,96095.18,0.0,0.54339856
2003-03-02 12:00:00,18.759216,7.710724,173.84329,96095.09,0.0,0.36057
2003-03-03 12:00:00,18.802734,3.1779785,236.91202,95914.23,7.825362e-08,0.5298955
2003-03-04 12:00:00,21.619232,4.1395264,235.05376,96034.36,0.0,0.36993822
2003-03-05 12:00:00,22.463379,8.379303,171.79825,95898.125,1.09411e-09,0.91991955
2003-03-06 12:00:00,21.349548,8.515839,198.84914,95748.21,4.3638823e-07,0.55399674
2003-03-07 12:00:00,22.518097,5.780243,241.81804,95834.83,0.0,0.7172531
2003-03-08 12:00:00,25.331696,11.587982,245.33583,96072.2,0.0,1.8728907
2003-03-09 12:00:00,25.575012,15.255493,223.38454,96249.445,8.76621e-06,1.8329097
2003-03-10 12:00:00,23.49701,10.280884,152.03868,96250.64,2.0329571e-05,1.0796953
2003-03-11 12:00:00,19.383514,10.739197,159.66872,96089.1,3.0322028e-05,0.6936043
2003-03-12 12:00:00,17.478577,10.351196,129.7601,96183.16,2.756122e-05,0.587459
2003-03-13 12:00:00,15.02005,7.0805664,213.15247,96300.28,5.2502214e-06,0.9664839
2003-03-14 12:00:00,13.423248,7.862671,64.41822,96027.12,0.00013637204,1.2987962
2003-03-15 12:00:00,8.418671,4.3417664,129.98943,95778.11,0.000105584215,1.1565154
2003-03-16 12:00:00,10.334656,4.487976,125.7088,96111.99,8.106048e-06,0.79188114
2003-03-17 12:00:00,14.241516,4.8316956,251.23871,96211.484,2.0873144e-06,0.4438689
2003-03-18 12:00:00,15.619995,5.360199,254.76115,96051.97,4.1533593e-07,0.4829537
2003-03-19 12:00:00,14.728699,6.3646545,189.55219,95930.445,2.0462974e-06,0.37781015
2003-03-20 12:00:00,13.436615,7.86615,62.667374,95791.13,3.1579613e-05,1.2381535
2003-03-21 12:00:00,12.939301,4.2497864,257.62668,95538.66,1.1816663e-05,0.5641846
2003-03-22 12:00:00,12.909607,2.3055725,234.56003,95684.93,6.0395155e-07,0.81750476
2003-03-23 12:00:00,13.080475,2.8457336,209.94115,95772.2,1.327923e-06,0.7034075
2003-03-24 12:00:00,14.904114,3.7118225,255.80858,95849.086,1.7274804e-06,0.51815206
2003-03-25 12:00:00,14.019165,7.815399,128.6922,95592.8,3.1373548e-07,0.4238996
2003-03-26 12:00:00,12.506622,4.7131653,125.83273,95583.164,9.073291e-06,0.987576
2003-03-27 12:00:00,11.850494,5.468689,112.17297,95749.71,6.718945e-06,1.0691205
2003-03-28 12:00:00,13.595642,5.5384216,214.68478,95615.414,3.9530667e-05,0.2976858
2003-03-29 12:00:00,14.922089,3.3189087,292.0657,95567.266,6.809699e-08,1.6538366
2003-03-30 12:00:00,18.630005,4.389374,295.5952,95892.42,6.833188e-09,1.4183123
2003-03-31 12:00:00,19.46759,4.9831543,291.8154,96363.93,0.0,0.4872242
2003-04-01 12:00:00,22.364716,5.394867,289.47134,96587.125,0.0,0.3990289
2003-04-02 12:00:00,26.18332,7.316681,296.20966,96508.336,0.0,0.39815858
2003-04-03 12:00:00,26.41336,10.740051,238.30061,96092.0,0.0,0.49041831
2003-04-04 12:00:00,24.844269,8.156006,267.98544,95931.48,4.928224e-10,0.77971596
2003-04-05 12:00:00,23.697906,10.03891,82.73374,95762.0,0.0003042597,1.0118175
2003-04-06 12:00:00,16.233124,8.459076,284.1397,96292.83,4.6583687e-06,0.77278775
2003-04-07 12:00:00,15.816376,5.477783,298.7127,96137.266,6.128137e-07,0.42515984
2003-04-08 12:00:00,15.989258,5.3209534,308.26807,95585.21,5.251001e-06,1.1475286
2003-04-09 12:00:00,17.40274,5.1064453,308.88657,95811.03,0.0,0.6221667
2003-04-10 12:00:00,15.963379,6.819824,223.9568,95594.81,0.00027194308,1.5886363
2003-04-11 12:00:00,10.256989,1.6016846,200.08899,95784.47,5.545584e-06,1.0097066
2003-04-12 12:00:00,8.785522,5.099518,75.585785,95799.94,0.00024358334,1.1531812
2003-04-13 12:00:00,7.8938293,3.585083,62.245625,95506.34,0.00048744722,1.0481635
2003-04-14 12:00:00,8.051971,4.6198425,88.7688,95406.016,0.00030431215,0.47296494
2003-04-15 12:00:00,12.929779,3.539032,313.46875,95656.81,0.0,0.6956569
2003-04-16 12:00:00,12.175964,5.0428467,196.86075,96021.34,1.1164017e-06,0.67228365
2003-04-17 12:00:00,16.268066,6.0890503,296.09787,96070.44,1.0322032e-06,0.6975838
2003-04-18 12:00:00,19.07666,7.7013855,317.7753,96212.52,1.2763844e-08,0.30625138
2003-04-19 12:00:00,18.894989,9.067078,318.40082,96175.97,1.7415609e-09,0.6100863
2003-04-20 12:00:00,17.854889,9.421692,271.68393,96047.27,4.11314e-06,0.8082806
2003-04-21 12:00:00,16.51233,6.841278,296.71356,95712.445,2.010631e-07,0.4272386
2003-04-22 12:00:00,18.886261,7.949005,320.51752,95733.43,8.093348e-08,0.25764278
2003-04-23 12:00:00,22.232483,8.685028,313.68036,96026.7,0.0,0.16876376
2003-04-24 12:00:00,23.158264,9.784729,309.8409,96094.055,0.0,0.33263135
2003-04-25 12:00:00,22.693054,10.283508,282.1894,96032.664,0.0,0.21479076
2003-04-26 12:00:00,24.902527,11.013824,293.85812,95845.38,0.0,0.2733001
2003-04-27 12:00:00,23.851654,7.264282,334.24673,95700.06,3.2021705e-07,0.9570514
2003-04-28 12:00:00,18.354492,8.865753,277.04462,95863.33,5.120019e-06,1.1908877
2003-04-29 12:00:00,17.840668,5.951172,306.2159,95698.05,1.9661213e-08,0.6770395
2003-04-30 12:00:00,16.394592,8.497925,88.66202,95776.305,3.277982e-05,1.2000871
2003-05-01 12:00:00,13.283447,6.6875,142.7051,96067.6,1.401168e-05,0.88756084
2003-05-02 12:00:00,16.32132,9.671631,228.05833,95991.78,9.609913e-06,1.1521108
2003-05-03 12:00:00,18.875488,10.016571,310.05768,95574.31,3.209823e-06,0.95218396
2003-05-04 12:00:00,19.490326,8.547089,319.70477,95298.21,2.3231457e-06,0.7909924
2003-05-05 12:00:00,23.057434,8.08609,337.33804,95339.914,0.0,0.4790465
2003-05-06 12:00:00,25.091705,9.344391,339.8359,95667.945,0.0,0.5979626
2003-05-07 12:00:00,27.326233,9.744843,343.45316,95778.445,0.0,0.5364881
2003-05-08 12:00:00,25.879059,12.209961,309.71707,95802.81,0.0,0.5088089
2003-05-09 12:00:00,21.969818,8.2258,322.88266,96084.78,1.6643888e-06,0.86578476
2003-05-10 12:00:00,21.059692,7.603058,345.36295,96002.81,0.0,0.791743
2003-05-11 12:00:00,22.276093,8.309906,340.59735,95771.46,2.527142e-07,0.7367001
2003-05-12 12:00:00,23.209106,9.79834,337.01294,95722.57,1.5672393e-07,0.69931287
2003-05-13 12:00:00,22.874847,7.915222,347.62415,96128.984,6.6156197e-10,0.87799335
2003-05-14 12:00:00,25.554382,9.477081,347.659,96187.12,0.0,0.55187935
2003-05-15 12:00:00,24.386627,9.569855,340.3319,95775.97,8.440575e-10,0.7620226
2003-05-16 12:00:00,23.21582,9.004791,319.9966,95588.5,4.6689533e-07,0.99034375
2003-05-17 12:00:00,23.454132,8.588501,346.18683,95673.375,0.0,0.5668472
2003-05-18 12:00:00,25.344208,9.688782,351.28833,95771.21,0.0,0.6831298
2003-05-19 12:00:00,27.779633,10.511078,351.72083,95918.77,1.124083e-08,0.692359
2003-05-20 12:00:00,28.401886,10.944702,354.3147,95794.555,0.0,0.60923713
2003-05-21 12:00:00,27.388275,10.787567,353.65012,95715.734,0.0,0.6211167
2003-05-22 12:00:00,25.345917,10.880737,298.46054,95557.625,1.3413798e-08,0.923549
2003-05-23 12:00:00,22.132965,7.9626465,310.84177,95514.586,2.7697479e-06,1.1763768
2003-05-24 12:00:00,19.027008,10.173523,104.81814,95482.45,0.00019543944,1.1967742
2003-05-25 12:00:00,12.813904,10.186066,92.274864,95509.734,0.00012365135,1.2766991
2003-05-26 12:00:00,15.27179,9.564301,169.4849,95818.28,3.6993257e-05,0.9701403
2003-05-27 12:00:00,22.565186,10.487396,332.48547,95929.15,2.6696266e-06,0.5651118
2003-05-28 12:00:00,25.824371,12.527924,306.90173,95828.77,1.2904063e-07,0.48159638
2003-05-29 12:00:00,25.521393,13.277161,328.78217,95584.16,9.946124e-07,0.55897725
2003-05-30 12:00:00,24.333374,13.605804,335.1942,95438.55,2.1272378e-06,0.9769072
2003-05-31 12:00:00,26.105988,11.034058,349.48627,95565.75,2.8478935e-08,0.76974815
2003-06-01 12:00:00,32.12628,12.475128,329.23392,95745.305,0.0,0.4439368
2003-06-02 12:00:00,30.802002,12.972595,346.102,95721.38,1.7446594e-06,0.80007416
2003-06-03 12:00:00,25.551239,11.78891,356.99878,95838.984,1.3688359e-09,0.89361596
2003-06-04 12:00:00,23.508484,11.442657,357.83353,95794.695,0.0,0.8691076
2003-06-05 12:00:00,23.378876,11.3359375,334.50302,95794.72,1.6037204e-06,1.1779366
2003-06-06 12:00:00,23.456299,9.2526245,359.53503,95878.37,3.214789e-08,0.91984516
2003-06-07 12:00:00,23.442596,10.816071,349.29294,95873.055,6.089267e-08,0.98306173
2003-06-08 12:00:00,22.305298,12.218079,329.28436,95847.82,2.9653472e-06,1.2635889
2003-06-09 12:00:00,21.833893,10.603302,308.27548,95940.984,1.8757762e-06,1.1018298
2003-06-10 12:00:00,21.355835,8.879547,323.29517,95934.13,2.0376117e-06,1.040319
2003-06-11 12:00:00,22.133911,7.631897,363.0976,95828.19,0.0,0.7500362
2003-06-12 12:00:00,23.74533,9.103851,360.34863,95719.44,0.0,0.86838305
2003-06-13 12:00:00,24.569275,9.690491,357.43982,96055.21,2.269267e-08,0.8972262
2003-06-14 12:00:00,25.711456,12.179962,276.16595,96236.68,0.0,0.53994024
2003-06-15 12:00:00,25.394287,11.480377,360.66827,96037.88,0.0,0.48154742
2003-06-16 12:00:00,24.064056,11.364929,341.95554,95787.02,1.3434691e-06,0.74168044
2003-06-17 12:00:00,25.519653,10.456055,365.8638,95650.54,0.0,0.59402215
2003-06-18 12:00:00,24.987305,10.067261,364.88394,95645.56,0.0,1.0427748
2003-06-19 12:00:00,23.862274,9.983856,358.75647,95729.85,3.4129908e-07,0.98402786
2003-06-20 12:00:00,25.877197,9.651825,368.02374,95888.37,1.0985942e-08,0.6635575
2003-06-21 12:00:00,28.177582,9.838379,370.34036,96046.266,0.0,0.73129165
2003-06-22 12:00:00,29.099457,11.474915,327.0214,96030.41,0.0,0.60392284
2003-06-23 12:00:00,28.684265,10.974884,368.22168,95831.94,3.80444e-09,0.836924
2003-06-24 12:00:00,29.434235,12.066437,367.72495,95689.31,0.0,0.8324697
2003-06-25 12:00:00,29.73172,11.699341,370.10388,95648.734,0.0,0.69061553
2003-06-26 12:00:00,30.341187,11.787048,370.66782,95663.734,0.0,0.6275171
2003-06-27 12:00:00,34.68698,13.442688,361.77948,95649.4,1.4209683e-08,0.61022675
2003-06-28 12:00:00,33.938873,16.484344,356.61493,95727.32,7.344892e-10,0.7943533
2003-06-29 12:00:00,32.708984,17.185455,330.61722,95896.09,0.0,0.57757956
2003-06-30 12:00:00,31.190613,16.117462,356.66763,95794.33,2.5699332e-08,0.94717956
2003-07-01 12:00:00,28.574982,11.226501,368.58383,95715.37,3.987356e-08,0.6976219
2003-07-02 12:00:00,28.196106,9.52243,373.4917,95782.91,0.0,0.7631791
2003-07-03 12:00:00,28.178162,11.472687,363.65628,95935.61,0.0,0.6786188
2003-07-04 12:00:00,30.699524,12.732147,365.20837,96046.13,0.0,0.5870185
2003-07-05 12:00:00,32.19513,13.329651,370.90515,95967.72,0.0,0.5440445
2003-07-06 12:00:00,31.743164,12.3697815,373.43332,95903.65,0.0,0.54232544
2003-07-07 12:00:00,30.391113,12.426117,368.1158,95812.31,0.0,0.67325103
2003-07-08 12:00:00,28.368652,11.833466,360.18933,95753.56,1.13631245e-07,0.9624423
2003-07-09 12:00:00,28.637115,13.0772705,357.54752,95675.414,0.0,0.89768815
2003-07-10 12:00:00,29.891968,13.932068,337.20633,95648.47,0.0,0.5738788
2003-07-11 12:00:00,30.92508,15.220825,336.32297,95648.39,2.900952e-09,0.6954888
2003-07-12 12:00:00,31.435364,15.49585,337.45938,95544.56,6.6103123e-09,0.7759485
2003-07-13 12:00:00,31.375793,14.784027,345.4451,95763.26,0.0,0.696241
2003-07-14 12:00:00,31.075653,15.705597,303.39798,95860.266,0.0,0.7056939
2003-07-15 12:00:00,34.301025,18.444794,304.43854,95978.445,0.0,0.61790395
2003-07-16 12:00:00,33.53311,18.6521,304.1979,95805.21,0.0,0.79024583
2003-07-17 12:00:00,27.883698,18.885773,100.08661,95803.695,8.5155894e-05,1.3554423
2003-07-18 12:00:00,21.276093,17.241089,155.77727,95911.805,0.00012853385,1.265615
2003-07-19 12:00:00,21.193298,13.99292,260.3572,95951.664,3.6305978e-06,0.6338747
2003-07-20 12:00:00,24.432434,12.691925,351.36673,95896.3,0.0,0.5255453
2003-07-21 12:00:00,26.711426,14.587463,350.93164,95790.92,0.0,0.53784335
2003-07-22 12:00:00,27.497345,14.09964,350.17142,95927.484,4.893739e-09,0.7977346
2003-07-23 12:00:00,28.946716,14.270813,351.61508,95988.99,0.0,0.509682
2003-07-24 12:00:00,28.229218,14.632843,326.35208,95813.9,0.0,0.82406837
2003-07-25 12:00:00,28.09607,15.180023,332.85587,95643.625,0.0,0.8898685
2003-07-26 12:00:00,27.613342,14.202026,317.07074,95657.15,0.0,0.9487507
2003-07-27 12:00:00,27.46634,14.274231,339.64917,95861.85,2.0416307e-08,0.9331536
2003-07-28 12:00:00,27.720306,13.999451,339.3892,96013.36,5.851548e-08,0.9281081
2003-07-29 12:00:00,28.067413,13.712555,339.32562,96007.91,3.0461976e-07,0.9165893
2003-07-30 12:00:00,30.971222,14.324524,344.856,95858.414,0.0,0.62932426
2003-07-31 12:00:00,32.46814,14.270386,345.89093,95749.67,1.2918207e-08,0.5987901
2003-08-01 12:00:00,35.132263,15.56073,345.4453,95699.78,0.0,0.55621016
2003-08-02 12:00:00,37.338562,18.114594,338.44525,95875.71,0.0,0.6438596
2003-08-03 12:00:00,38.565613,20.325348,332.55182,95857.99,0.0,0.5901684
2003-08-04 12:00:00,37.68164,21.259033,334.73514,95620.11,0.0,0.5489946
2003-08-05 12:00:00,34.23227,17.439423,330.4355,95687.39,3.067652e-07,1.0045309
2003-08-06 12:00:00,28.86438,15.98526,321.82568,95832.34,8.075993e-07,0.9816409
2003-08-07 12:00:00,27.525787,14.867493,301.1194,95992.22,9.134888e-08,0.6868736
2003-08-08 12:00:00,28.669006,15.064758,320.11954,96000.06,1.4056306e-07,0.74164045
2003-08-09 12:00:00,28.104431,16.650055,305.55673,95795.48,0.0,1.2014126
2003-08-10 12:00:00,26.798218,16.68808,178.79431,95667.77,2.0089127e-08,1.1134106
2003-08-11 12:00:00,24.740448,16.393616,281.70856,95758.97,1.7653477e-06,1.2663538
2003-08-12 12:00:00,26.625977,12.15564,325.44345,95907.805,1.1323173e-07,0.54258966
2003-08-13 12:00:00,27.560303,11.810608,331.14606,95968.78,0.0,0.63246644
2003-08-14 12:00:00,28.856323,12.237366,329.6995,96028.805,0.0,0.6423165
2003-08-15 12:00:00,31.032013,12.654144,329.41254,95958.29,0.0,0.48065135
2003-08-16 12:00:00,30.266754,13.0269165,329.0049,95762.76,0.0,0.72240216
2003-08-17 12:00:00,28.422607,15.455414,323.69077,95736.76,0.0,0.88861763
2003-08-18 12:00:00,28.430237,13.539825,321.0589,95790.56,1.1163473e-07,0.7465308
2003-08-19 12:00:00,30.10904,13.593506,321.04767,95804.74,0.0,0.5501485
2003-08-20 12:00:00,30.830994,14.695068,316.67606,95833.695,0.0,0.5766999
2003-08-21 12:00:00,32.77997,15.464508,316.24506,95922.83,0.0,0.4288023
2003-08-22 12:00:00,33.83069,16.32367,312.75754,95947.68,0.0,0.4406919
2003-08-23 12:00:00,33.967346,17.217743,309.9051,95836.97,0.0,0.5368748
2003-08-24 12:00:00,32.7753,16.61908,308.7318,95888.97,2.1569843e-08,0.6581799
2003-08-25 12:00:00,33.178864,17.311066,305.12936,95853.914,0.0,0.5413107
2003-08-26 12:00:00,33.262207,18.299316,302.3004,95823.164,1.982648e-08,0.546246
2003-08-27 12:00:00,31.901093,16.95169,270.74246,95905.3,1.6411208e-09,0.7020706
2003-08-28 12:00:00,30.76059,15.765106,297.7435,95958.21,0.0,0.6142596
2003-08-29 12:00:00,30.158813,14.810486,304.57004,96004.805,0.0,0.78660977
2003-08-30 12:00:00,28.847961,13.700592,305.3481,96008.52,0.0,0.71767914
2003-08-31 12:00:00,27.520721,11.958282,307.75543,95857.945,0.0,0.71050525
2003-09-01 12:00:00,27.777466,11.230316,304.00482,95865.46,0.0,0.49714014
2003-09-02 12:00:00,29.678467,12.750427,298.94467,95954.56,0.0,0.5245409
2003-09-03 12:00:00,31.781616,13.77887,294.00995,95998.8,0.0,0.6329051
2003-09-04 12:00:00,31.926453,15.312866,276.88608,96021.44,0.0,0.43271092
2003-09-05 12:00:00,31.599976,14.813171,289.75793,95996.734,0.0,0.5145894
2003-09-06 12:00:00,30.375458,14.531708,292.66757,95934.984,9.521775e-09,0.5779354
2003-09-07 12:00:00,28.43277,13.74762,289.14798,95762.27,0.0,0.8160456
2003-09-08 12:00:00,27.11972,12.383331,289.20044,95745.51,0.0,0.78515786
2003-09-09 12:00:00,27.291412,11.889465,273.6086,95934.97,0.0,0.42834795
2003-09-10 12:00:00,30.257996,13.614777,279.0106,96159.69,0.0,0.5099899
2003-09-11 12:00:00,30.962067,14.238647,283.14667,96254.39,2.7945344e-09,0.4994867
2003-09-12 12:00:00,30.03537,13.781494,283.59198,96221.35,2.7677673e-08,0.53002083
2003-09-13 12:00:00,31.558624,13.451355,279.372,96002.125,0.0,0.3772268
2003-09-14 12:00:00,32.53311,15.662109,216.99132,95916.12,4.61588e-07,0.43473178
2003-09-15 12:00:00,31.910126,19.493011,166.12076,95921.37,6.3922795e-07,0.4741968
2003-09-16 12:00:00,29.947815,16.20993,235.04153,95954.95,4.096756e-07,0.551148
2003-09-17 12:00:00,28.98764,16.039825,221.94423,95897.086,2.5259413e-07,0.48167047
2003-09-18 12:00:00,27.595245,15.581909,217.02545,95753.92,6.6524026e-06,0.47383618
2003-09-19 12:00:00,28.010132,17.305847,163.31615,95835.06,3.6237445e-06,0.6660549
2003-09-20 12:00:00,30.628784,17.173615,253.91594,95799.39,1.9088343e-06,0.589916
2003-09-21 12:00:00,29.318085,16.049469,252.45018,95755.13,2.5408535e-06,0.80919445
2003-09-22 12:00:00,27.83017,16.389038,250.57281,95747.6,2.8276816e-06,0.7760172
2003-09-23 12:00:00,25.407135,14.363312,222.47939,95581.414,2.1897288e-06,1.0472901
2003-09-24 12:00:00,21.839539,13.635956,197.81538,95517.5,3.8677304e-06,1.4498338
2003-09-25 12:00:00,24.151428,13.38382,248.76547,95770.62,1.5909376e-05,0.8307905
2003-09-26 12:00:00,23.937256,11.425507,249.74396,95886.18,0.0,0.68193364
2003-09-27 12:00:00,23.536713,11.9913025,249.59068,95880.79,5.595344e-07,0.5779869
2003-09-28 12:00:00,26.496521,11.367035,251.03223,96033.34,0.0,0.48978892
2003-09-29 12:00:00,31.487305,13.444641,255.73369,95901.91,0.0,0.47481728
2003-09-30 12:00:00,32.986145,14.255768,254.12553,95726.94,0.0,0.69627035
2003-10-01 12:00:00,30.75589,11.718567,247.57913,95534.125,3.658085e-08,0.7411009
2003-10-02 12:00:00,24.305664,8.062988,231.0021,95373.7,2.01939e-07,0.6133653
2003-10-03 12:00:00,18.700348,11.773071,78.305214,94827.82,4.173179e-05,1.4114248
2003-10-04 12:00:00,14.981415,8.259155,162.04391,94908.5,0.000106052874,0.22299352
2003-10-05 12:00:00,17.410553,8.437805,223.1205,95520.625,4.051449e-05,0.3678444
2003-10-06 12:00:00,16.83728,11.456299,72.720436,95909.28,2.6121745e-05,1.0182006
2003-10-07 12:00:00,19.539032,10.388672,227.22482,95841.164,1.862827e-05,0.5301265
2003-10-08 12:00:00,19.695435,9.871185,229.16687,95662.73,0.0,0.479262
2003-10-09 12:00:00,18.061462,11.056824,229.87782,94917.5,0.00013681388,0.79950476
2003-10-10 12:00:00,13.035858,4.3912964,188.13242,95029.734,6.330747e-06,0.6901953
2003-10-11 12:00:00,11.002167,8.602173,87.40758,94671.51,0.000722669,1.3251138
2003-10-12 12:00:00,11.991272,7.862274,176.5971,95529.17,0.00011804944,0.8579218
2003-10-13 12:00:00,14.468475,7.09787,166.4247,96485.836,6.051778e-07,0.8078123
2003-10-14 12:00:00,19.572083,7.41803,222.8144,96256.89,0.0,1.4089061
2003-10-15 12:00:00,22.610138,11.583282,223.84505,96008.73,0.0,1.8010838
2003-10-16 12:00:00,22.929962,11.890472,219.60292,95932.45,0.0,1.4299068
2003-10-17 12:00:00,22.157196,10.736847,214.99371,96013.4,0.0,0.5346664
2003-10-18 12:00:00,23.963501,12.986023,212.53899,95846.86,0.0,0.808503
2003-10-19 12:00:00,22.454071,10.865112,210.46846,95649.44,0.0,0.45117298
2003-10-20 12:00:00,21.004608,9.706818,199.17795,95744.15,3.3582264e-08,0.28339195
2003-10-21 12:00:00,23.677551,10.163086,206.16718,95978.44,0.0,0.49697956
2003-10-22 12:00:00,24.760162,12.245728,147.0865,96081.06,0.0,0.42812684
2003-10-23 12:00:00,23.557892,15.59082,129.86214,95978.27,0.0,0.61734545
2003-10-24 12:00:00,20.712616,14.320007,107.6152,95970.09,1.154023e-06,0.5290941
2003-10-25 12:00:00,18.531769,10.917694,133.34116,95839.414,3.239986e-06,0.36405998
2003-10-26 12:00:00,20.060608,10.277649,188.57524,95914.164,7.6338586e-07,0.30671772
2003-10-27 12:00:00,19.732239,10.478363,166.77731,96014.85,1.8976503e-06,0.620966
2003-10-28 12:00:00,22.418457,8.678436,194.62921,96062.086,0.0,0.40329498
2003-10-29 12:00:00,24.154724,11.319458,188.79124,96062.375,1.2384065e-10,0.4987723
2003-10-30 12:00:00,22.579529,11.908844,175.01501,95865.445,0.0,0.46463835
2003-10-31 12:00:00,19.610779,7.573883,142.96005,95793.74,5.6945674e-07,0.5782394
2003-11-01 12:00:00,16.430359,9.288483,28.949497,95583.66,0.00022908478,1.4707798
2003-11-02 12:00:00,13.40802,9.340271,93.322205,95219.75,0.0003196721,0.40632835
2003-11-03 12:00:00,13.095642,7.861511,87.775314,95391.77,1.0617955e-05,0.6147561
2003-11-04 12:00:00,12.207184,1.7987976,184.48622,95720.2,0.0,1.7916923
2003-11-05 12:00:00,10.306671,1.219696,183.87204,96425.664,0.0,1.053095
2003-11-06 12:00:00,12.377075,2.403595,179.39531,96761.914,0.0,0.9610934
2003-11-07 12:00:00,16.467377,3.3735352,180.93741,96577.94,0.0,2.0010524
2003-11-08 12:00:00,20.140167,11.169159,179.7423,96206.945,0.0,2.719987
2003-11-09 12:00:00,18.549744,6.744934,149.60933,96191.07,4.496855e-07,0.63868445
2003-11-10 12:00:00,16.300781,5.6233215,169.71362,96295.02,0.0,0.4161302
2003-11-11 12:00:00,20.778137,8.051666,172.75813,96487.66,0.0,1.6148552
2003-11-12 12:00:00,19.868073,6.1542053,169.11392,96290.914,0.0,1.9177043
2003-11-13 12:00:00,19.862915,7.488037,173.35542,95947.836,0.0,1.3859591
2003-11-14 12:00:00,21.034485,6.7599487,168.69681,96058.37,0.0,0.687288
2003-11-15 12:00:00,19.471008,7.9253845,112.646194,96230.88,0.0,0.92819244
2003-11-16 12:00:00,21.016907,7.0029297,168.12146,96354.445,0.0,1.83102
2003-11-17 12:00:00,20.34137,12.229279,139.96222,96542.4,0.0,2.1831949
2003-11-18 12:00:00,19.985016,7.591217,151.70143,96236.305,0.0,1.726866
2003-11-19 12:00:00,19.40625,9.084259,109.6528,96023.336,0.0,1.2045387
2003-11-20 12:00:00,19.964966,6.855591,136.49522,96394.27,0.0,0.71690893
2003-11-21 12:00:00,18.072662,5.17041,156.39334,96401.14,0.0,0.3622631
2003-11-22 12:00:00,16.918518,3.6288452,153.8114,96376.74,5.267011e-07,0.52348304
2003-11-23 12:00:00,21.81726,7.60553,142.6945,96400.57,0.0,1.2306894
2003-11-24 12:00:00,21.221588,8.404266,138.22072,96521.1,0.0,0.61199075
2003-11-25 12:00:00,20.198944,7.1828003,146.82133,96434.914,0.0,0.53114396
2003-11-26 12:00:00,18.195312,7.8742065,95.641,96316.4,7.160009e-06,0.34888276
2003-11-27 12:00:00,18.642029,4.5079346,153.88225,96509.414,2.4914064e-07,1.923102
2003-11-28 12:00:00,20.13507,8.542999,153.9064,96700.555,0.0,2.253968
2003-11-29 12:00:00,19.336151,8.59668,135.40913,96513.58,0.0,2.0565672
2003-11-30 12:00:00,19.064789,9.111328,121.60863,96182.484,0.0,1.5854627
2003-12-01 12:00:00,19.514923,6.2884216,139.90512,96072.234,0.0,0.7575103
2003-12-02 12:00:00,18.996216,4.768219,134.00302,96113.16,0.0,0.5296491
2003-12-03 12:00:00,17.102356,5.0697937,103.79418,96277.266,2.7973434e-05,0.4041309
2003-12-04 12:00:00,17.960052,7.021576,148.76897,96767.2,0.0,1.7211897
2003-12-05 12:00:00,18.185486,4.045868,148.2846,96844.57,0.0,1.8835417
2003-12-06 12:00:00,20.076508,5.1903687,146.69139,96454.89,0.0,1.7517024
2003-12-07 12:00:00,21.865814,7.2976685,141.84848,96370.09,0.0,1.8022228
2003-12-08 12:00:00,20.07956,9.541321,120.2794,96125.12,0.0,0.7355591
2003-12-09 12:00:00,20.377777,6.744751,138.75179,96035.13,0.0,1.5757359
2003-12-10 12:00:00,20.282013,7.9437256,138.03435,95980.14,0.0,1.717547
2003-12-11 12:00:00,22.684631,9.436981,138.3784,96208.445,0.0,1.6839672
2003-12-12 12:00:00,20.487488,8.27179,138.74164,96154.69,0.0,0.5204404
2003-12-13 12:00:00,17.450378,2.3248596,142.19505,95972.23,1.1730837e-06,1.1144978
2003-12-14 12:00:00,14.395355,4.9591675,139.0417,96498.93,0.0,1.8960018
2003-12-15 12:00:00,15.742523,2.4821777,141.34561,96411.02,0.0,1.723358
2003-12-16 12:00:00,17.668488,4.871277,139.60355,96135.92,0.0,1.4819111
2003-12-17 12:00:00,19.127777,6.2469788,139.15105,96289.28,0.0,1.1939065
2003-12-18 12:00:00,18.58432,5.767334,122.18508,96554.66,0.0,0.62919015
2003-12-19 12:00:00,18.950104,6.3657227,138.71574,96509.445,0.0,1.0235869
2003-12-20 12:00:00,16.749573,4.180847,82.116585,96273.82,1.8627806e-06,0.79815775
2003-12-21 12:00:00,11.997589,10.091583,10.970904,95758.06,0.0005641465,1.5473387
2003-12-22 12:00:00,10.881683,5.671997,100.65112,95636.734,7.114095e-05,1.5928638
2003-12-23 12:00:00,8.748413,4.845825,46.794277,95817.4,3.2632204e-05,0.73341113
2003-12-24 12:00:00,9.473999,6.1502686,89.43118,95029.54,0.0004491527,1.5170454
2003-12-25 12:00:00,7.0448,0.8605652,121.372986,95536.734,9.886138e-06,1.236883
2003-12-26 12:00:00,5.890747,-0.21377563,33.930264,95826.11,0.00012718425,0.22772342
2003-12-27 12:00:00,6.0555115,-4.5872803,140.11227,96396.28,3.2041687e-06,0.5920491
2003-12-28 12:00:00,8.859467,-2.9724426,139.47353,96674.43,0.0,1.4928931
2003-12-29 12:00:00,10.91568,-0.62997437,82.25132,95734.41,0.0,1.3374738
2003-12-30 12:00:00,9.940033,5.3818665,17.574791,94999.48,0.0007406583,1.7305754
2003-12-31 12:00:00,10.204803,6.7585144,38.991245,95354.36,0.00044933867,1.1003393
2004-01-01 12:00:00,9.833618,6.5432434,27.850004,95852.055,0.00014182796,1.1916244
2004-01-02 12:00:00,8.852386,5.4394836,18.355614,95514.58,0.00047526174,1.550393
2004-01-03 12:00:00,7.5352173,5.00473,44.308437,95229.73,0.0003705717,0.72504866
2004-01-04 12:00:00,7.5358276,5.434723,58.242306,96021.2,4.523396e-05,0.96949816
2004-01-05 12:00:00,8.971893,3.673767,103.76994,96385.1,1.0840702e-05,0.3741655
2004-01-06 12:00:00,10.250061,1.3848572,137.72101,96368.09,0.0,1.6707989
2004-01-07 12:00:00,10.4444275,3.5687866,81.71835,95936.1,0.0,1.8209476
2004-01-08 12:00:00,10.356659,3.4231873,107.17496,95484.805,0.0,1.654238
2004-01-09 12:00:00,13.809906,6.109009,151.33057,95831.49,0.0,2.666153
2004-01-10 12:00:00,14.556763,2.6114502,152.0411,96562.97,0.0,2.1194887
2004-01-11 12:00:00,15.255035,4.100708,151.73099,96642.43,0.0,1.3786412
2004-01-12 12:00:00,16.1745,3.9865417,151.54759,96733.72,0.0,1.5191618
2004-01-13 12:00:00,19.491364,5.8900146,148.88484,96537.77,0.0,2.3642187
2004-01-14 12:00:00,17.859314,12.828857,157.29358,96658.39,0.0,3.3663995
2004-01-15 12:00:00,17.381226,9.005157,156.37552,96982.5,0.0,2.0557487
2004-01-16 12:00:00,18.560333,5.7309875,155.6906,96870.44,0.0,2.1797717
2004-01-17 12:00:00,20.005066,7.553467,156.15121,96541.9,0.0,1.3936442
2004-01-18 12:00:00,18.638306,6.297699,86.55107,96391.18,0.0,0.49634784
2004-01-19 12:00:00,13.755157,5.88501,25.16201,95967.23,7.392383e-05,1.2189629
2004-01-20 12:00:00,9.598724,2.9059753,158.5803,95738.03,1.1711205e-05,0.8178038
2004-01-21 12:00:00,9.939941,-0.32321167,152.84764,95842.79,0.0,1.4119815
2004-01-22 12:00:00,9.79541,-1.0028992,164.71721,95759.76,0.0,1.4658327
2004-01-23 12:00:00,10.27066,-0.071899414,161.68333,96128.97,0.0,1.152748
2004-01-24 12:00:00,9.96936,3.763977,68.86294,96511.5,1.1011259e-05,0.7822268
2004-01-25 12:00:00,9.135498,4.6427917,32.629177,96304.23,9.559091e-05,1.3238826
2004-01-26 12:00:00,10.8151245,6.148041,116.13435,95939.21,0.00028766575,0.7024731
2004-01-27 12:00:00,13.495514,2.6454468,165.61333,96475.664,0.0,1.02104
2004-01-28 12:00:00,17.84256,4.9323425,169.62383,96724.65,0.0,1.7892861
2004-01-29 12:00:00,20.2247,7.5543823,171.04695,96708.33,0.0,2.222047
2004-01-30 12:00:00,20.014801,9.889343,172.78549,96783.08,0.0,1.7669891
2004-01-31 12:00:00,19.72348,8.165649,176.92213,96725.9,0.0,1.543223
2004-02-01 12:00:00,19.48993,7.751587,154.2727,96454.06,0.0,1.2630507
2004-02-02 12:00:00,18.757751,9.720978,55.38231,96256.28,2.3629951e-05,0.5466943
2004-02-03 12:00:00,13.252167,7.758148,82.070915,95916.836,1.5922284e-05,1.0442388
2004-02-04 12:00:00,14.1371765,5.9312134,167.57806,95937.01,2.6955195e-07,0.5293852
2004-02-05 12:00:00,15.624481,5.9303284,179.2995,96467.836,2.8514123e-07,0.24498416
2004-02-06 12:00:00,17.869354,8.063873,157.40488,96754.56,0.0,1.3762132
2004-02-07 12:00:00,17.742981,9.573181,121.83107,96212.7,0.0,1.1672994
2004-02-08 12:00:00,17.657837,7.51709,187.27855,95884.17,0.0,1.1031266
2004-02-09 12:00:00,17.63916,7.045227,158.1718,96080.69,0.0,0.6325654
2004-02-10 12:00:00,16.94345,6.7948914,117.51643,96236.664,0.0,0.3163436
2004-02-11 12:00:00,16.15268,7.891876,188.89062,96323.91,2.7713983e-07,0.4643549
2004-02-12 12:00:00,16.678253,5.093689,191.52594,96417.586,3.303077e-07,0.38842478
2004-02-13 12:00:00,21.533081,9.003815,173.77206,96338.67,0.0,1.0814602
2004-02-14 12:00:00,20.885345,8.66687,146.57857,96131.234,3.00168e-08,0.47499767
2004-02-15 12:00:00,16.71347,6.4535522,145.58235,95703.41,4.3546028e-05,0.27198756
2004-02-16 12:00:00,11.514526,2.6379395,162.75298,95790.836,9.99325e-07,0.91295636
2004-02-17 12:00:00,11.946808,4.8326416,194.63033,95816.76,1.8508981e-05,1.632523
2004-02-18 12:00:00,13.827576,2.7427063,207.35638,95867.734,1.2445008e-08,1.3527269
2004-02-19 12:00:00,16.260925,2.621582,211.28029,95893.766,0.0,0.8579749
2004-02-20 12:00:00,15.424957,2.4841614,212.49051,96457.195,3.570364e-08,0.84868205
2004-02-21 12:00:00,15.672302,3.6895142,187.84538,96477.29,2.8216096e-08,0.37109488
2004-02-22 12:00:00,15.100891,3.6154785,190.27275,96283.17,0.0,0.3995009
2004-02-23 12:00:00,12.697296,4.471527,187.79655,95915.67,9.403154e-05,0.3637576
2004-02-24 12:00:00,14.700226,3.660431,210.84787,95603.62,2.6013354e-06,0.53264266
2004-02-25 12:00:00,18.013763,7.3571167,228.98584,95990.37,7.43814e-08,1.8770545
2004-02-26 12:00:00,20.289917,5.3372498,227.29495,96625.984,0.0,0.5414788
2004-02-27 12:00:00,22.88739,5.5586853,226.01494,96896.07,0.0,0.37628624
2004-02-28 12:00:00,24.177734,10.061584,220.43533,97002.164,0.0,1.1883072
2004-02-29 12:00:00,,,,,,
2004-03-01 12:00:00,24.48111,11.582031,215.328,96562.766,0.0,1.3891809
2004-03-02 12:00:00,24.998138,13.083984,233.15012,96117.19,0.0,1.4154377
2004-03-03 12:00:00,24.355164,6.4838257,200.29071,95674.914,1.4476661e-06,1.039318
2004-03-04 12:00:00,14.704193,7.56839,165.34894,95445.93,1.3195898e-05,1.39415
2004-03-05 12:00:00,11.555084,2.4338684,165.43425,95404.09,4.9135106e-06,1.0768646
2004-03-06 12:00:00,11.214661,-0.09350586,244.75172,95648.22,0.0,0.9964227
2004-03-07 12:00:00,10.489044,-1.233429,246.38066,95807.78,0.0,0.8343098
2004-03-08 12:00:00,12.764099,0.56088257,253.23059,96149.58,0.0,0.9434209
2004-03-09 12:00:00,15.72467,0.38476562,254.56541,96298.914,0.0,0.41964042
2004-03-10 12:00:00,15.38736,2.3266602,154.09415,96391.11,0.0,0.48862967
2004-03-11 12:00:00,15.5065,1.6092224,247.21198,96294.42,0.0,0.67648673
2004-03-12 12:00:00,14.545563,4.598877,95.69775,96201.29,1.1897164e-05,0.847677
2004-03-13 12:00:00,13.272644,8.817841,73.42854,96130.336,1.963882e-05,0.8013234
2004-03-14 12:00:00,13.069885,10.129364,24.079685,95863.85,0.0005010354,1.1049173
2004-03-15 12:00:00,12.13797,9.235168,95.68088,95935.29,6.200722e-05,1.205802
2004-03-16 12:00:00,11.134064,7.9807434,157.82236,96128.88,1.9640964e-05,1.1903051
2004-03-17 12:00:00,10.981323,6.3043213,30.602325,95446.84,0.0007553311,0.83707625
2004-03-18 12:00:00,12.030884,2.7345276,257.6522,95626.14,4.060051e-05,0.74719995
2004-03-19 12:00:00,12.021637,4.733032,269.19263,96072.68,0.0,0.7183164
2004-03-20 12:00:00,12.098511,2.8674316,276.9646,96352.36,0.0,2.0262833
2004-03-21 12:00:00,12.91217,2.4515076,277.47238,96789.28,0.0,1.501797
2004-03-22 12:00:00,15.7074585,4.089203,278.6859,96634.78,0.0,1.5600618
2004-03-23 12:00:00,16.645355,4.923584,282.25583,96523.44,0.0,1.1089162
2004-03-24 12:00:00,19.309845,6.4347534,281.8292,96347.695,0.0,1.2055707
2004-03-25 12:00:00,19.83603,7.1593933,285.49268,95989.18,0.0,1.1806853
2004-03-26 12:00:00,19.33908,5.0413513,279.2878,95748.42,8.322e-08,0.6384534
2004-03-27 12:00:00,15.561157,6.7576904,243.45645,95835.92,3.071431e-06,0.870388
2004-03-28 12:00:00,16.199066,5.4324646,234.2559,96056.44,2.1014527e-07,0.6085238
2004-03-29 12:00:00,15.855774,3.5339355,209.83919,95864.18,4.8340034e-06,0.6716919
2004-03-30 12:00:00,11.234802,7.0538025,121.227005,95424.75,0.00024058532,0.40724033
2004-03-31 12:00:00,11.049133,5.3338623,163.9018,95926.32,8.626096e-06,0.939603
2004-04-01 12:00:00,13.27182,5.6740723,217.86464,96420.195,1.427638e-05,0.54849726
2004-04-02 12:00:00,16.65802,6.5862427,270.62433,96293.38,1.348595e-07,0.4626227
2004-04-03 12:00:00,19.562958,7.6488953,294.0695,96133.79,0.0,0.42786166
2004-04-04 12:00:00,21.14328,9.218811,248.10057,96087.26,0.0,0.10717977
2004-04-05 12:00:00,19.192932,7.8719482,241.64238,95833.1,7.1419765e-07,0.6097843
2004-04-06 12:00:00,14.187317,4.292206,303.75168,95703.24,2.716463e-06,1.915713
2004-04-07 12:00:00,14.494202,2.5972595,308.393,96357.1,0.0,1.6722171
2004-04-08 12:00:00,17.258636,3.77594,310.1245,96393.54,0.0,0.75149435
2004-04-09 12:00:00,20.49826,6.0429993,307.6716,96369.34,0.0,0.49665007
2004-04-10 12:00:00,21.223785,7.7895203,309.4492,96238.445,0.0,0.8157078
2004-04-11 12:00:00,23.378448,7.397827,306.90692,95986.484,0.0,0.34270936
2004-04-12 12:00:00,24.648712,9.159882,307.19638,95792.13,0.0,0.3033458
2004-04-13 12:00:00,24.17929,8.568024,311.01288,95700.414,0.0,0.6028264
2004-04-14 12:00:00,23.11618,8.003021,311.189,95564.6,2.1766192e-07,0.6584264
2004-04-15 12:00:00,19.345306,7.988678,203.32765,95457.4,5.6352437e-06,0.91211516
2004-04-16 12:00:00,16.49289,5.356201,253.85481,95661.016,2.4063817e-07,0.5632587
2004-04-17 12:00:00,17.701538,6.689636,296.97934,95793.945,2.983857e-06,0.77281135
2004-04-18 12:00:00,23.368805,5.56662,327.0784,96113.33,0.0,1.0152608
2004-04-19 12:00:00,24.941467,9.703796,284.59457,96033.56,0.0,0.74638087
2004-04-20 12:00:00,23.956818,6.7706604,330.5209,95878.64,3.7609134e-09,0.6726091
2004-04-21 12:00:00,23.851929,8.683319,321.64426,95863.125,2.740515e-09,0.42042577
2004-04-22 12:00:00,26.296936,9.778137,323.56696,95837.37,0.0,0.25800467
2004-04-23 12:00:00,25.526855,8.725311,315.4901,95916.36,1.3969965e-08,0.6794792
2004-04-24 12:00:00,23.290527,8.989075,317.039,95732.98,1.2369576e-07,0.6254959
2004-04-25 12:00:00,21.684326,9.106567,293.13165,95610.94,7.510539e-07,0.6470807
2004-04-26 12:00:00,19.44809,9.298248,216.61456,95625.71,1.01692995e-05,1.0844028
2004-04-27 12:00:00,15.930878,6.0316467,272.74142,95438.41,1.8245375e-07,1.8349336
2004-04-28 12:00:00,18.42514,4.8461304,335.8424,95323.734,0.0,1.237568
2004-04-29 12:00:00,18.621277,5.466156,297.4903,95710.734,1.0675925e-08,0.28550312
2004-04-30 12:00:00,18.91748,7.6590576,318.05685,95902.22,1.4416319e-06,0.9636025
2004-05-01 12:00:00,18.305298,6.7850647,223.6975,95717.945,2.2685142e-06,0.8368273
2004-05-02 12:00:00,16.523895,9.32489,208.48077,95422.92,1.2718508e-05,1.2446417
2004-05-03 12:00:00,21.628754,9.201294,318.36398,95813.86,6.87941e-06,0.69692796
2004-05-04 12:00:00,24.012817,8.716217,337.95868,95944.664,0.0,0.43753022
2004-05-05 12:00:00,26.506409,9.769104,335.0201,95950.086,0.0,0.65127563
2004-05-06 12:00:00,30.013031,12.33963,339.34793,95878.414,4.0240655e-09,0.7653779
2004-05-07 12:00:00,30.666412,13.9410095,339.51462,95690.984,0.0,0.9425641
2004-05-08 12:00:00,29.752441,12.948517,348.8926,95645.96,0.0,0.8268435
2004-05-09 12:00:00,28.78128,10.493988,350.37048,95611.03,3.6299127e-08,0.65109736
2004-05-10 12:00:00,26.155457,8.073395,343.12686,95456.97,3.834854e-07,0.90545833
2004-05-11 12:00:00,26.415771,7.746063,345.73398,95434.6,1.6565416e-08,0.5974566
2004-05-12 12:00:00,29.442596,13.984467,346.55258,95593.76,0.0,0.27007958
2004-05-13 12:00:00,31.126343,12.483124,348.73813,95768.67,0.0,0.5098508
2004-05-14 12:00:00,30.607788,12.411926,344.79242,95846.93,0.0,0.5856648
2004-05-15 12:00:00,29.005981,11.151306,348.2626,95809.05,0.0,0.78712916
2004-05-16 12:00:00,26.517181,9.735138,348.38342,95805.79,2.547219e-09,0.55242556
2004-05-17 12:00:00,27.15738,11.235291,354.5582,95778.4,0.0,0.56246686
2004-05-18 12:00:00,28.460815,8.383392,361.92038,95828.56,0.0,0.5851532
2004-05-19 12:00:00,32.18857,13.2829895,361.57733,95755.48,0.0,0.32108235
2004-05-20 12:00:00,32.40695,12.145233,361.66742,95642.305,0.0,0.72323036
2004-05-21 12:00:00,31.011719,13.518585,331.56546,95561.14,0.0,0.6364241
2004-05-22 12:00:00,29.009521,14.982269,307.06357,95699.95,0.0,0.5955905
2004-05-23 12:00:00,27.584534,11.860657,347.54144,95844.35,7.972407e-09,0.9285148
2004-05-24 12:00:00,25.603119,10.041473,350.566,96005.62,0.0,0.66199845
2004-05-25 12:00:00,24.866577,10.765808,348.11996,95937.14,0.0,0.91819346
2004-05-26 12:00:00,21.529907,7.758209,316.44382,95974.54,1.4710915e-06,0.99502397
2004-05-27 12:00:00,18.244507,8.81662,324.384,95979.5,1.9621746e-06,1.1205338
2004-05-28 12:00:00,19.634705,6.535614,310.152,96029.71,1.1059158e-06,0.79900616
2004-05-29 12:00:00,20.039062,8.368225,303.8353,96187.8,1.0721026e-06,0.84245086
2004-05-30 12:00:00,22.620026,8.553864,360.35342,96030.02,0.0,0.678799
2004-05-31 12:00:00,22.079346,6.9623413,289.72388,95846.35,1.020954e-06,0.9758057
2004-06-01 12:00:00,20.319305,11.053986,287.24716,95791.12,2.560458e-06,1.1073341
2004-06-02 12:00:00,22.848694,8.79541,360.03793,95818.79,0.0,0.80189615
2004-06-03 12:00:00,22.40683,9.2091675,339.32553,95836.46,1.1107816e-06,1.1161261
2004-06-04 12:00:00,24.141815,9.608185,352.36685,95882.25,3.0969247e-07,0.77042264
2004-06-05 12:00:00,25.971466,10.473022,359.7679,95720.38,0.0,0.7214752
2004-06-06 12:00:00,25.296265,10.456665,360.6508,95588.27,3.2843808e-09,1.0431885
2004-06-07 12:00:00,24.125214,9.339813,361.035,95496.41,6.237362e-07,1.1552641
2004-06-08 12:00:00,21.6409,11.058289,355.61588,95689.76,2.5237973e-06,1.2128104
2004-06-09 12:00:00,22.740784,7.9086304,358.07047,95900.445,1.1081719e-07,0.8508394
2004-06-10 12:00:00,27.408722,10.465942,361.74808,95964.7,0.0,0.59758955
2004-06-11 12:00:00,26.955383,12.016052,360.13705,95917.766,2.0753306e-07,0.79190195
2004-06-12 12:00:00,26.085754,10.681946,358.10907,95971.63,9.616595e-07,1.0408335
2004-06-13 12:00:00,26.130005,9.043457,344.53616,96207.414,0.0,0.74428767
2004-06-14 12:00:00,28.45639,12.836639,251.47514,96421.234,0.0,0.49281755
2004-06-15 12:00:00,30.567902,13.005585,352.11725,96213.05,5.9474736e-09,0.62339467
2004-06-16 12:00:00,30.798615,12.952332,366.27905,95674.36,0.0,0.5079007
2004-06-17 12:00:00,29.579865,12.896484,362.40646,95445.25,0.0,0.61650413
2004-06-18 12:00:00,26.272247,13.026611,328.31458,95621.04,4.5078934e-07,0.8279862
2004-06-19 12:00:00,26.227966,11.595154,351.17386,95838.3,5.650137e-07,0.81287545
2004-06-20 12:00:00,27.502686,11.235626,363.8275,95931.875,1.785358e-08,0.8339832
2004-06-21 12:00:00,27.007202,10.974426,361.7867,95987.92,1.3769163e-08,0.8919877
2004-06-22 12:00:00,25.816742,11.102753,362.26144,96015.375,5.0581025e-07,0.7796518
2004-06-23 12:00:00,25.272583,10.150574,363.31598,96039.0,0.0,0.96041113
2004-06-24 12:00:00,25.00177,10.006744,351.40164,96157.22,0.0,0.9593655
2004-06-25 12:00:00,24.864532,9.390076,364.696,96174.06,0.0,0.920034
2004-06-26 12:00:00,24.196838,8.760254,360.44327,96146.375,0.0,0.81241435
2004-06-27 12:00:00,23.155151,8.69458,354.18365,96035.22,2.1987935e-07,0.9378708
2004-06-28 12:00:00,24.333832,9.986359,351.1587,96055.94,0.0,0.8684989
2004-06-29 12:00:00,24.783691,12.2309265,340.09674,96018.83,9.981768e-07,0.9930263
2004-06-30 12:00:00,25.300598,12.907257,330.47733,96004.836,5.604907e-07,1.0821062
2004-07-01 12:00:00,25.095062,11.945526,328.7926,96031.52,1.2149662e-06,0.95592266
2004-07-02 12:00:00,26.00821,11.000092,362.81458,95933.15,3.8990153e-09,0.96056503
2004-07-03 12:00:00,28.239838,10.661865,365.61206,95833.1,0.0,0.85461694
2004-07-04 12:00:00,29.772003,12.611877,362.79745,95809.695,0.0,0.8643684
2004-07-05 12:00:00,31.311218,13.428955,356.57333,95939.03,0.0,0.62086946
2004-07-06 12:00:00,31.254364,13.184509,365.54227,96039.82,1.5190318e-08,0.83727944
2004-07-07 12:00:00,30.54773,13.952026,362.33124,96010.09,1.6028653e-09,0.7520716
2004-07-08 12:00:00,30.879578,13.109894,366.89963,95936.81,0.0,0.68945366
2004-07-09 12:00:00,29.844116,11.858002,367.9057,96047.234,0.0,0.7947693
2004-07-10 12:00:00,29.209656,11.574371,363.78128,96077.89,0.0,0.76043767
2004-07-11 12:00:00,29.860504,13.014954,360.9563,95898.97,5.805773e-09,0.82617587
2004-07-12 12:00:00,30.302856,13.602875,358.78516,95800.73,0.0,0.58769625
2004-07-13 12:00:00,33.374023,15.169128,355.45142,95912.3,6.9758563e-09,0.7038452
2004-07-14 12:00:00,34.717987,16.59378,352.13016,95993.93,1.2152605e-08,0.60397655
2004-07-15 12:00:00,34.97583,18.458405,332.44626,96006.63,0.0,0.58191854
2004-07-16 12:00:00,36.724762,20.274902,271.0324,96046.38,0.0,0.5730501
2004-07-17 12:00:00,36.374115,19.903473,345.5002,95877.22,0.0,0.626629
2004-07-18 12:00:00,35.49939,20.128082,323.18417,95893.45,0.0,0.78642094
2004-07-19 12:00:00,35.155853,20.170319,341.74414,95941.26,0.0,0.73008955
2004-07-20 12:00:00,35.583588,19.650574,345.1425,95923.195,0.0,0.67940664
2004-07-21 12:00:00,35.372833,18.782074,347.04453,95949.164,4.8468958e-09,0.6183733
2004-07-22 12:00:00,36.082367,17.935608,337.79037,95927.38,2.4086859e-08,0.87915945
2004-07-23 12:00:00,35.646576,18.260925,346.7756,95845.34,4.576726e-08,1.1509794
2004-07-24 12:00:00,31.375366,15.703125,343.86227,95718.195,8.919651e-08,1.0875242
2004-07-25 12:00:00,29.676605,15.449463,336.8175,95728.1,1.4827532e-07,0.91112936
2004-07-26 12:00:00,31.65158,16.86267,306.82812,95736.03,0.0,0.8809162
2004-07-27 12:00:00,33.012115,18.842346,306.5289,95893.1,4.0071632e-10,0.8271047
2004-07-28 12:00:00,34.805817,20.225586,329.65207,95968.69,0.0,0.6385401
2004-07-29 12:00:00,34.05948,19.6745,335.36743,95736.71,1.5970073e-08,0.84280956
2004-07-30 12:00:00,34.187164,18.93097,336.1245,95628.195,1.6778003e-08,0.80317926
2004-07-31 12:00:00,33.38675,19.340088,324.148,95814.82,6.037754e-09,0.8457072
2004-08-01 12:00:00,33.67383,17.735962,334.31723,96034.74,0.0,0.79648006
2004-08-02 12:00:00,36.41165,18.187317,337.81183,96024.01,0.0,0.416347
2004-08-03 12:00:00,36.76581,20.662567,331.70316,95838.64,0.0,0.7443002
2004-08-04 12:00:00,35.60266,18.869507,332.649,95846.96,0.0,0.8683199
2004-08-05 12:00:00,34.47055,17.12323,335.8007,95916.26,4.652156e-10,0.54836315
2004-08-06 12:00:00,36.057068,17.77185,340.369,95800.91,0.0,0.3802118
2004-08-07 12:00:00,35.656677,18.82013,338.44702,95689.1,0.0,0.42264172
2004-08-08 12:00:00,34.507477,16.762146,334.2487,95767.19,1.5580198e-08,0.5420202
2004-08-09 12:00:00,35.274536,20.064972,225.21289,95896.48,5.6365568e-08,0.3776356
2004-08-10 12:00:00,32.77014,20.478851,178.6052,96034.83,0.0,1.1505361
2004-08-11 12:00:00,30.23526,13.982208,323.90778,96057.17,0.0,0.54404753
2004-08-12 12:00:00,31.50586,14.26004,332.748,95888.83,1.8084634e-09,0.53030413
2004-08-13 12:00:00,30.766144,14.537689,331.61493,95835.54,1.5385357e-08,0.6540791
2004-08-14 12:00:00,31.198578,12.992493,334.10934,95969.15,0.0,0.5324025
2004-08-15 12:00:00,32.573273,14.065704,311.28613,96099.46,0.0,0.5199892
2004-08-16 12:00:00,34.933502,15.588318,320.7005,96048.98,0.0,0.5057578
2004-08-17 12:00:00,37.22174,18.86325,319.25616,95822.6,0.0,0.5160398
2004-08-18 12:00:00,36.86563,20.602112,280.20935,95696.664,0.0,0.58019763
2004-08-19 12:00:00,36.73477,21.106964,235.59856,95772.77,0.0,0.4598811
2004-08-20 12:00:00,36.645752,21.710327,273.52344,95894.91,0.0,0.513407
2004-08-21 12:00:00,35.86679,22.354248,210.2649,95938.88,4.9439514e-05,0.72351056
2004-08-22 12:00:00,34.22867,22.307129,234.14803,95973.73,6.6476537e-06,0.9656501
2004-08-23 12:00:00,38.79654,23.37259,301.12393,95783.82,0.0,0.46106407
2004-08-24 12:00:00,38.79483,24.48227,297.33917,95688.89,1.6766018e-06,0.452161
2004-08-25 12:00:00,37.436646,22.682129,294.6949,95807.2,0.0,0.6927006
2004-08-26 12:00:00,36.474792,22.758514,298.65668,95931.98,4.0683363e-09,0.6906413
2004-08-27 12:00:00,34.667908,19.992035,299.9914,95827.945,7.989682e-09,0.8405651
2004-08-28 12:00:00,32.01233,18.997803,297.43155,95773.83,0.0,0.8408078
2004-08-29 12:00:00,29.865723,18.5719,235.06537,95792.45,0.0,0.67752653
2004-08-30 12:00:00,30.491364,16.245178,294.30176,95801.805,9.56401e-08,0.58732426
2004-08-31 12:00:00,31.445679,16.492004,284.76926,95889.6,4.436884e-09,0.47057122
2004-09-01 12:00:00,31.231628,17.638123,291.70993,95918.26,2.4179897e-08,0.553055
2004-09-02 12:00:00,30.608826,16.657593,223.06583,95866.695,0.0,0.64087236
2004-09-03 12:00:00,27.99466,16.058746,286.2436,95771.83,4.2134485e-07,0.67521185
2004-09-04 12:00:00,27.723663,13.374359,293.95978,95776.734,7.322787e-08,0.5948458
2004-09-05 12:00:00,26.81012,13.284241,293.2523,95778.05,0.0,0.67255497
2004-09-06 12:00:00,26.85083,11.410919,295.5612,95835.4,6.007432e-08,0.51135606
2004-09-07 12:00:00,26.95346,13.971497,214.38113,95960.93,0.0,0.4392666
2004-09-08 12:00:00,28.993805,13.249908,265.75336,96028.73,0.0,0.54378635
2004-09-09 12:00:00,29.732086,14.792877,287.29056,95801.64,0.0,0.22184648
2004-09-10 12:00:00,28.371857,14.329407,288.44363,95636.02,3.7814704e-08,0.9389181
2004-09-11 12:00:00,25.400635,14.556641,269.71878,95652.05,6.872516e-06,1.2715275
2004-09-12 12:00:00,24.930878,11.262451,277.05865,95722.21,1.452028e-07,0.6366693
2004-09-13 12:00:00,25.250519,10.89743,283.0326,95715.9,0.0,0.7672982
2004-09-14 12:00:00,27.277313,9.972931,240.72313,95849.62,0.0,0.5678162
2004-09-15 12:00:00,28.828217,16.874268,122.1142,96070.69,0.0,0.58323914
2004-09-16 12:00:00,28.516846,19.670105,241.79156,95697.305,0.0,0.9707764
2004-09-17 12:00:00,26.226837,15.982361,242.58435,95886.29,4.9342354e-05,1.3603206
2004-09-18 12:00:00,23.76239,10.74469,273.57758,95877.13,2.1103072e-07,0.7215496
2004-09-19 12:00:00,27.396912,12.041138,273.27176,95870.25,0.0,0.26178992
2004-09-20 12:00:00,26.955017,14.185211,219.1812,96062.086,0.0,0.54322785
2004-09-21 12:00:00,27.08664,14.750519,253.73346,96187.16,0.0,0.50130916
2004-09-22 12:00:00,25.56894,10.517273,265.37274,95963.164,1.0639325e-08,0.64443374
2004-09-23 12:00:00,23.324066,10.293152,264.0874,95741.164,1.7526776e-08,0.7928333
2004-09-24 12:00:00,22.026001,12.480591,259.187,95991.13,4.4517897e-06,1.1520125
2004-09-25 12:00:00,24.195496,8.687561,262.8808,96210.17,0.0,0.39679816
2004-09-26 12:00:00,25.743896,9.292938,260.23444,96090.97,2.0002455e-08,0.48118865
2004-09-27 12:00:00,26.353851,11.158539,256.40805,95896.88,0.0,0.4092362
2004-09-28 12:00:00,27.426666,11.133392,255.13957,95916.26,0.0,0.48361665
2004-09-29 12:00:00,34.68741,13.320587,258.84552,96131.01,0.0,0.5008476
2004-09-30 12:00:00,37.381775,18.28949,258.15356,95999.38,0.0,0.9764397
2004-10-01 12:00:00,37.976593,16.97293,255.84422,95647.68,0.0,1.2539889
2004-10-02 12:00:00,36.2153,15.238251,202.08846,95499.64,0.0,0.7630511
2004-10-03 12:00:00,30.379272,14.950287,238.24724,95653.1,1.6133451e-09,0.46938252
2004-10-04 12:00:00,31.058472,13.612274,240.1809,95742.27,0.0,0.3976941
2004-10-05 12:00:00,28.572876,12.333923,232.99457,95661.625,7.4424136e-08,0.4831542
2004-10-06 12:00:00,26.167877,11.005768,231.27094,95576.43,2.070331e-09,0.82814324
2004-10-07 12:00:00,23.545197,10.48941,231.16379,95591.52,4.0138667e-07,0.6879184
2004-10-08 12:00:00,24.851257,10.491638,229.46194,95763.21,1.6984889e-07,0.42099774
2004-10-09 12:00:00,28.13733,12.110901,229.07697,95777.734,0.0,0.40538356
2004-10-10 12:00:00,27.089874,12.803223,203.75719,95481.0,0.0,0.5324667
2004-10-11 12:00:00,23.904938,11.229492,222.06062,95391.555,0.0,0.8878219
2004-10-12 12:00:00,21.61731,9.689423,219.99634,95741.46,2.353129e-06,0.75627834
2004-10-13 12:00:00,22.251099,8.201904,218.31339,95972.945,1.3700489e-07,0.71364886
2004-10-14 12:00:00,24.922455,9.29361,192.65836,95970.22,1.0900007e-07,0.23452298
2004-10-15 12:00:00,25.995117,11.192932,191.01892,95850.77,0.0,0.38192132
2004-10-16 12:00:00,25.09311,9.735474,213.44595,95784.305,6.738887e-07,0.48444003
2004-10-17 12:00:00,23.378387,9.758911,199.94847,95886.98,1.6181367e-07,0.6102445
2004-10-18 12:00:00,21.597687,9.711334,98.30853,95702.9,2.6486483e-05,0.9628108
2004-10-19 12:00:00,14.062439,10.164215,188.9368,95261.7,0.00039130493,1.5884283
2004-10-20 12:00:00,17.072205,6.418457,209.98018,95795.76,0.0,1.059934
2004-10-21 12:00:00,22.270752,8.2612,210.82935,96081.46,0.0,1.2195718
2004-10-22 12:00:00,24.89618,10.013184,208.58826,96039.82,0.0,1.2205766
2004-10-23 12:00:00,28.06134,13.173309,182.01147,95961.06,0.0,1.2426144
2004-10-24 12:00:00,27.912811,15.311523,190.3776,95949.75,0.0,0.8607559
2004-10-25 12:00:00,28.953674,16.593506,197.20618,95964.5,0.0,0.4158791
2004-10-26 12:00:00,27.894653,15.0737,187.7559,95665.08,0.0,0.34442282
2004-10-27 12:00:00,28.467468,14.163574,151.02623,95345.99,0.0,0.530445
2004-10-28 12:00:00,25.429474,13.765503,42.81074,95272.766,1.688508e-05,0.35395727
2004-10-29 12:00:00,15.779053,11.299744,47.37197,95767.17,2.5944557e-05,0.59759045
2004-10-30 12:00:00,17.87262,12.227142,127.076195,96314.48,7.965511e-06,0.8099429
2004-10-31 12:00:00,22.671295,11.010803,181.61926,96404.305,2.6130214e-08,0.27149323
2004-11-01 12:00:00,24.433746,11.387939,178.74277,96056.22,0.0,0.3147846
2004-11-02 12:00:00,22.421265,11.016876,147.31752,95906.32,1.7310412e-06,0.48600024
2004-11-03 12:00:00,19.562317,8.3081665,181.42746,96216.32,3.666024e-07,0.23148969
2004-11-04 12:00:00,22.035095,8.720673,178.71992,96197.71,0.0,0.21100678
2004-11-05 12:00:00,28.517883,10.603546,180.26332,96031.01,0.0,1.1574676
2004-11-06 12:00:00,28.59964,14.495789,176.60208,95859.3,0.0,0.5865692
2004-11-07 12:00:00,25.95346,8.86734,165.68907,95687.62,2.0663055e-07,0.8902152
2004-11-08 12:00:00,17.97757,5.196106,180.38158,95600.4,1.6788767e-06,1.1642169
2004-11-09 12:00:00,19.022736,6.7076416,177.71011,95900.77,0.0,1.3331527
2004-11-10 12:00:00,19.20813,5.3211975,175.26448,95988.664,0.0,0.5168795
2004-11-11 12:00:00,20.766846,7.526642,174.50664,96401.04,0.0,1.2017425
2004-11-12 12:00:00,19.629883,5.294342,172.50537,95855.85,1.641165e-09,1.165149
2004-11-13 12:00:00,15.800415,7.7792053,174.2109,95937.74,0.0,2.5366976
2004-11-14 12:00:00,17.723633,4.873657,170.97682,96203.46,0.0,1.1362182
2004-11-15 12:00:00,16.100677,3.054535,164.1104,95644.234,7.845754e-09,0.44209623
2004-11-16 12:00:00,15.907684,3.2758179,167.17995,95909.984,0.0,1.4198775
2004-11-17 12:00:00,17.362518,3.1541748,161.64511,96264.76,0.0,0.75891596
2004-11-18 12:00:00,18.377014,4.861786,161.44963,96652.51,0.0,1.4965765
2004-11-19 12:00:00,21.134277,6.4332886,158.38535,96998.375,0.0,1.4846988
2004-11-20 12:00:00,25.809998,8.513306,142.1188,96765.66,0.0,1.3932093
2004-11-21 12:00:00,27.691315,11.730682,156.33867,96499.65,0.0,0.76322925
2004-11-22 12:00:00,25.242767,6.716522,156.85228,95967.984,0.0,1.2593926
2004-11-23 12:00:00,21.522491,7.033783,132.2329,95410.0,1.1589615e-06,0.7128674
2004-11-24 12:00:00,14.313812,1.0334167,159.44572,95492.49,0.0,1.4369998
2004-11-25 12:00:00,12.476746,3.503357,156.14238,96056.836,0.0,1.6562254
2004-11-26 12:00:00,14.459015,-1.3269348,156.32486,96088.68,0.0,0.8849905
2004-11-27 12:00:00,14.979828,1.492279,155.86186,96449.945,0.0,1.599652
2004-11-28 12:00:00,14.974609,2.2678223,151.38565,96557.02,0.0,0.47142765
2004-11-29 12:00:00,15.467224,2.7098694,152.62955,96186.92,0.0,1.2281909
2004-11-30 12:00:00,13.796631,1.8629456,151.2743,96158.39,0.0,2.080124
2004-12-01 12:00:00,17.610352,2.1261292,149.72287,96931.41,0.0,1.4931967
2004-12-02 12:00:00,22.267303,5.6691284,145.06068,96496.5,0.0,1.8651842
2004-12-03 12:00:00,19.52768,7.150879,142.47385,95841.02,0.0,0.50135237
2004-12-04 12:00:00,16.39038,5.6903076,143.56934,95795.32,1.3090203e-09,2.2341518
2004-12-05 12:00:00,16.277618,1.6776123,140.71878,96067.07,0.0,0.96701264
2004-12-06 12:00:00,16.323364,2.8968506,140.69339,96295.336,0.0,0.41311136
2004-12-07 12:00:00,15.9104,4.975067,101.01563,96246.14,0.0,0.60513693
2004-12-08 12:00:00,14.625183,6.0395813,44.72975,95845.97,0.00014041428,0.602966
2004-12-09 12:00:00,12.720123,1.7803345,140.02768,96231.04,1.2107051e-06,0.9078882
2004-12-10 12:00:00,16.05429,3.643982,142.35007,96529.13,0.0,1.8075596
2004-12-11 12:00:00,14.396881,2.974762,140.43703,95722.92,9.749431e-09,0.3793401
2004-12-12 12:00:00,13.152679,2.1993713,138.08945,95510.61,3.4037763e-05,1.2287722
2004-12-13 12:00:00,14.581757,2.2636108,142.03755,96301.38,0.0,0.85787773
2004-12-14 12:00:00,15.718384,4.207184,141.03242,96698.95,0.0,1.0078971
2004-12-15 12:00:00,18.058289,2.626709,143.31549,96320.27,0.0,1.533428
2004-12-16 12:00:00,18.695831,9.807922,147.28297,96533.7,0.0,2.5224354
2004-12-17 12:00:00,18.04834,4.243225,144.1907,96653.54,0.0,2.0274515
2004-12-18 12:00:00,18.100342,4.6405945,122.395676,96433.35,0.0,1.4695903
2004-12-19 12:00:00,18.03659,8.112488,73.68281,96293.73,0.0,0.7070345
2004-12-20 12:00:00,18.460022,4.7826843,106.82871,96082.66,0.0,0.6494253
2004-12-21 12:00:00,15.762268,7.4477234,57.466194,96063.8,1.821476e-05,0.8896643
2004-12-22 12:00:00,11.951202,9.401672,39.76764,95726.31,0.0004877759,1.2074811
2004-12-23 12:00:00,9.4817505,7.0854797,32.182167,95504.55,0.0007160963,0.856579
2004-12-24 12:00:00,9.188782,7.601532,49.939537,95835.6,9.900829e-05,1.2619014
2004-12-25 12:00:00,12.845062,6.4937134,131.47913,95743.28,8.690657e-05,1.2859476
2004-12-26 12:00:00,13.815552,3.0421753,140.40819,96171.52,0.0,1.0951419
2004-12-27 12:00:00,14.781677,4.709778,137.89545,96118.29,0.0,0.7623651
2004-12-28 12:00:00,14.047272,3.3276978,141.18484,96466.43,0.0,1.6143264
2004-12-29 12:00:00,12.98291,1.1957703,139.7001,96984.336,0.0,1.6659933
2004-12-30 12:00:00,13.975067,4.2480774,139.99182,96802.3,0.0,1.208624
2004-12-31 12:00:00,15.637207,4.4465637,140.84361,96432.516,0.0,1.4795572
2005-01-01 12:00:00,16.902893,5.13974,142.4325,96434.67,0.0,2.082035
2005-01-02 12:00:00,17.627502,4.8673706,142.82808,96314.56,4.37644e-09,2.119884
2005-01-03 12:00:00,17.853455,6.137024,143.34239,96140.79,0.0,1.9628849
2005-01-04 12:00:00,17.698853,6.6368103,127.58295,96238.55,2.5711586e-08,1.4011482
2005-01-05 12:00:00,17.60495,8.624878,92.20011,96216.76,4.0429137e-07,0.8776211
2005-01-06 12:00:00,16.59787,5.5521545,124.74325,95712.34,0.0,1.2007711
2005-01-07 12:00:00,15.438812,5.4254456,136.26503,95738.414,9.761957e-08,0.33002138
2005-01-08 12:00:00,11.856079,6.5384216,131.6178,96127.305,4.104395e-06,0.53781545
2005-01-09 12:00:00,15.92691,3.4877625,144.89638,96506.0,1.0045817e-06,0.91510046
2005-01-10 12:00:00,16.559967,4.654724,141.17178,96833.29,0.0,1.6810373
2005-01-11 12:00:00,16.925476,5.6484985,146.59285,96596.484,0.0,1.5202963
2005-01-12 12:00:00,17.580505,7.6268616,121.180176,96161.04,0.0,1.8203968
2005-01-13 12:00:00,18.806335,6.4018555,148.4608,95882.266,0.0,1.3755028
2005-01-14 12:00:00,20.561188,8.899353,152.23752,95924.875,4.305738e-08,1.6694028
2005-01-15 12:00:00,19.566193,4.9458313,154.05261,95838.586,0.0,0.7363567
2005-01-16 12:00:00,15.672058,4.2797546,95.16213,96062.06,8.581075e-06,0.8743254
2005-01-17 12:00:00,10.772095,6.682495,77.30103,96187.85,1.9406914e-05,0.8451134
2005-01-18 12:00:00,12.176422,4.218872,124.25623,96202.24,6.8126883e-06,0.5514478
2005-01-19 12:00:00,11.770721,3.4289856,25.155119,96034.37,0.00024267595,1.1838108
2005-01-20 12:00:00,12.03067,7.818756,11.012699,95562.97,0.0015908283,1.3560688
2005-01-21 12:00:00,12.08786,9.976227,76.861694,95806.44,0.00032267917,1.2357609
2005-01-22 12:00:00,12.998474,10.320343,38.267067,96141.6,0.0003879735,0.96650094
2005-01-23 12:00:00,12.363983,8.914734,144.45787,96135.76,1.661047e-05,1.1790917
2005-01-24 12:00:00,12.444,3.1419067,154.80003,96209.81,2.3154176e-07,0.77646595
2005-01-25 12:00:00,11.6336975,6.4334717,112.119736,96350.695,2.5030724e-05,0.41701758
2005-01-26 12:00:00,16.003601,5.8301697,161.19835,96571.234,2.3546263e-06,0.85478824
2005-01-27 12:00:00,17.266327,7.472992,158.63017,96670.97,0.0,1.7722353
2005-01-28 12:00:00,19.412659,8.125153,150.04156,96498.34,0.0,2.0049675
2005-01-29 12:00:00,20.912659,10.963837,164.87337,96136.81,0.0,1.0677316
2005-01-30 12:00:00,19.597717,11.86557,148.12158,96019.47,7.2209465e-09,0.5528093
2005-01-31 12:00:00,16.424286,10.047302,148.96892,95886.734,5.98539e-08,0.53469783
2005-02-01 12:00:00,15.373383,9.097443,123.88554,95739.98,5.3546323e-06,0.9098363
2005-02-02 12:00:00,11.533234,8.194611,98.3624,95742.78,0.00019702708,0.9164222
2005-02-03 12:00:00,11.166748,5.467041,120.636536,95910.54,1.3236914e-05,0.36071476
2005-02-04 12:00:00,9.087463,7.23938,53.144756,96032.18,3.2620566e-05,1.0410402
2005-02-05 12:00:00,10.149506,5.960724,90.19787,95910.39,1.7861368e-05,1.0982863
2005-02-06 12:00:00,11.931366,1.3899536,186.75053,95688.78,0.0,1.2272907
2005-02-07 12:00:00,11.474213,3.6651,81.99325,96208.48,1.9564727e-06,0.89247036
2005-02-08 12:00:00,9.69635,4.8512573,44.515045,96238.914,0.000115150215,1.493094
2005-02-09 12:00:00,9.53656,3.6938477,178.9092,96063.15,2.2080849e-05,0.38469425
2005-02-10 12:00:00,12.802429,2.2998657,167.06224,96203.96,5.1252844e-08,0.6545626
2005-02-11 12:00:00,12.530212,5.7185364,143.94753,95867.86,2.4139424e-06,0.49997303
2005-02-12 12:00:00,13.2899475,3.167572,189.46071,95973.84,7.954247e-07,0.47282004
2005-02-13 12:00:00,14.084076,5.098114,158.37617,96148.97,0.0,0.8093691
2005-02-14 12:00:00,13.992889,7.2813416,48.90335,95767.07,0.00015076142,1.8128091
2005-02-15 12:00:00,12.137787,9.273041,15.270029,95258.734,0.0015123277,1.9388196
2005-02-16 12:00:00,10.085358,6.528351,114.27604,95866.97,5.6158686e-05,0.84188956
2005-02-17 12:00:00,9.584869,7.013855,27.541487,96093.07,0.00032788163,1.4075953
2005-02-18 12:00:00,12.637817,8.75473,23.10456,96045.82,0.00077329826,1.2941287
2005-02-19 12:00:00,12.154877,9.461151,140.99054,95752.02,0.000990535,2.003397
2005-02-20 12:00:00,12.268921,3.6531372,190.22601,96219.56,2.2672147e-07,0.915841
2005-02-21 12:00:00,15.726868,4.7183533,210.39963,96658.21,0.0,1.3485652
2005-02-22 12:00:00,16.54068,8.442596,140.67282,96559.484,0.0,1.3220094
2005-02-23 12:00:00,16.751099,6.951355,181.50797,96158.18,3.4040966e-07,0.3063593
2005-02-24 12:00:00,17.58606,6.019684,166.1598,96239.19,5.9184913e-07,1.1380296
2005-02-25 12:00:00,16.916107,9.776276,191.75153,96358.96,0.0,0.4237442
2005-02-26 12:00:00,13.963196,6.151123,163.41309,96231.125,2.0229352e-06,0.6656699
2005-02-27 12:00:00,17.266205,8.231171,137.04895,96145.47,0.0,0.65357745
2005-02-28 12:00:00,17.083923,9.274231,161.51268,96256.33,0.00018918815,0.5622086
2005-03-01 12:00:00,16.24292,8.565033,101.75253,96339.95,2.4576633e-07,0.6921334
2005-03-02 12:00:00,16.138489,9.541351,43.520317,95801.26,0.00031326964,0.5268482
2005-03-03 12:00:00,11.381592,8.139893,154.55568,95440.1,0.00015814914,2.194383
2005-03-04 12:00:00,11.068329,3.3999634,222.14267,95932.766,1.9064153e-07,1.282158
2005-03-05 12:00:00,10.654022,5.381897,52.62357,96206.34,0.00010950662,0.71372336
2005-03-06 12:00:00,11.4409485,7.149048,102.72548,95916.75,1.4088119e-05,0.20766275
2005-03-07 12:00:00,12.342621,2.8764343,245.01872,96113.766,0.0,0.88122493
2005-03-08 12:00:00,12.101807,4.4658203,217.99588,96062.65,1.98417e-05,0.17539491
2005-03-09 12:00:00,13.174011,2.1532898,245.40909,96137.24,2.0377136e-06,1.4547381
2005-03-10 12:00:00,15.143188,5.038086,251.27576,96808.41,0.0,1.16684
2005-03-11 12:00:00,18.267426,5.1338196,254.16824,96933.04,0.0,1.2826155
2005-03-12 12:00:00,20.669983,7.218933,251.95087,96648.81,0.0,1.2709317
2005-03-13 12:00:00,22.468994,10.769501,253.20613,96003.35,0.0,1.4900111
2005-03-14 12:00:00,22.201935,8.003815,213.85808,94949.75,1.066846e-06,0.27442676
2005-03-15 12:00:00,14.375366,3.3719788,258.59204,95217.02,1.2912138e-05,0.44886106
2005-03-16 12:00:00,15.653259,4.226349,247.50392,95776.9,0.0,0.37767705
2005-03-17 12:00:00,18.216614,5.4005127,259.2337,96001.5,0.0,0.41609722
2005-03-18 12:00:00,20.904785,7.096344,262.78983,95980.9,0.0,0.36062893
2005-03-19 12:00:00,22.430786,7.985077,263.7808,95877.71,0.0,0.2522821
2005-03-20 12:00:00,21.377594,6.3887634,253.15535,96162.69,3.0388085e-07,0.8359472
2005-03-21 12:00:00,17.659637,4.6325073,273.36435,96143.85,1.3185115e-07,0.33378318
2005-03-22 12:00:00,18.069275,3.7139282,278.70984,95943.56,0.0,0.483655
2005-03-23 12:00:00,20.834412,2.9605103,283.18887,95983.45,0.0,0.49587402
2005-03-24 12:00:00,22.088562,5.5202026,283.1922,95968.875,0.0,0.3518892
2005-03-25 12:00:00,20.043274,2.2374878,213.10234,95680.12,0.00012914809,0.96651393
2005-03-26 12:00:00,10.457489,5.7862244,232.79166,95848.66,0.00011958421,1.6577008
2005-03-27 12:00:00,14.559601,3.7670593,284.30664,95969.88,6.5458266e-07,0.7830191
2005-03-28 12:00:00,16.455078,4.787842,288.8501,96124.06,0.0,0.7880584
2005-03-29 12:00:00,19.114563,5.121887,289.0861,96356.25,0.0,0.4449512
2005-03-30 12:00:00,19.501404,5.368408,287.66022,96145.24,0.0,0.49139738
2005-03-31 12:00:00,19.8779,6.910797,265.44876,95759.516,3.6730892e-09,0.3477915
2005-04-01 12:00:00,18.77063,6.186493,226.6304,95489.555,3.5757287e-07,0.48527405
2005-04-02 12:00:00,20.173035,9.030029,204.18243,95342.48,2.7928536e-07,0.54464763
2005-04-03 12:00:00,18.704865,9.235077,93.84558,95696.77,1.5887292e-05,1.1063365
2005-04-04 12:00:00,13.172058,8.673096,102.16546,96096.98,4.2018455e-05,1.2365658
2005-04-05 12:00:00,17.397156,5.067688,270.41385,96089.76,0.0,0.39780062
2005-04-06 12:00:00,16.707367,9.106995,109.79412,95794.17,9.373968e-06,1.2043682
2005-04-07 12:00:00,13.356873,8.293182,94.9434,95866.21,2.0433024e-05,0.9760917
2005-04-08 12:00:00,11.96579,8.022339,79.25506,95835.36,3.8478767e-05,1.3153436
2005-04-09 12:00:00,12.533813,7.1489563,135.58896,95703.914,3.4277316e-05,0.86192673
2005-04-10 12:00:00,13.918213,7.801117,172.46075,95945.59,4.1477666e-05,0.8446665
2005-04-11 12:00:00,16.200745,6.4266357,255.20375,96231.51,4.166485e-07,0.41945037
2005-04-12 12:00:00,15.327148,7.0956116,93.240715,96102.22,1.791814e-05,0.81238574
2005-04-13 12:00:00,11.172119,5.8002625,130.34981,95505.43,7.019388e-05,0.7299057
2005-04-14 12:00:00,14.155243,7.0345154,176.49474,95664.77,7.226865e-06,0.6948075
2005-04-15 12:00:00,16.16806,9.051605,225.89462,95839.95,8.195803e-06,0.7317215
2005-04-16 12:00:00,20.130463,7.713043,307.76517,95822.07,1.03759255e-07,0.27762043
2005-04-17 12:00:00,19.836426,8.429443,301.57672,95830.41,4.179912e-07,0.5737926
2005-04-18 12:00:00,24.702728,11.150757,313.76865,96145.805,0.0,0.461638
2005-04-19 12:00:00,27.251038,12.979736,289.14957,96133.664,0.0,0.5203352
2005-04-20 12:00:00,26.352905,10.127991,325.70175,95928.87,7.128676e-09,0.76126546
2005-04-21 12:00:00,23.919952,8.527252,329.48898,95677.336,0.0,0.3990401
2005-04-22 12:00:00,25.056763,7.1922607,325.5994,95671.55,1.1739421e-07,0.35195774
2005-04-23 12:00:00,27.691101,9.349091,332.15555,95651.945,0.0,0.45135528
2005-04-24 12:00:00,28.132935,10.668976,330.67813,95657.66,0.0,0.4389727
2005-04-25 12:00:00,26.64386,8.560852,328.45758,95783.74,6.28089e-08,0.90959585
2005-04-26 12:00:00,23.9823,8.373474,332.16483,95874.875,0.0,0.5724351
2005-04-27 12:00:00,22.676392,6.1536865,182.50497,95754.11,0.0001393165,0.78529197
2005-04-28 12:00:00,12.238953,4.354004,264.8853,95908.65,2.736485e-06,1.2772627
2005-04-29 12:00:00,16.63089,3.8272095,330.46146,96015.84,1.196783e-07,0.6378292
2005-04-30 12:00:00,16.427917,6.5049133,274.1936,95850.19,1.0029623e-06,0.7375704
2005-05-01 12:00:00,16.867065,6.3346252,274.35114,96018.0,9.2246347e-07,0.559068
2005-05-02 12:00:00,18.7565,6.768341,333.12228,95892.49,0.0,0.53102154
2005-05-03 12:00:00,19.146301,6.905609,332.9424,95831.11,9.993077e-08,0.843052
2005-05-04 12:00:00,23.414368,7.426056,337.39795,95906.83,1.1971207e-09,0.5283091
2005-05-05 12:00:00,24.916107,9.612122,340.57294,95779.67,0.0,0.37105766
2005-05-06 12:00:00,28.205048,11.044586,340.75946,95586.43,0.0,0.4228585
2005-05-07 12:00:00,27.2724,10.673767,336.95023,95471.35,0.0,0.88776153
2005-05-08 12:00:00,23.200928,10.2760315,338.1288,95623.83,3.962473e-07,0.80566007
2005-05-09 12:00:00,24.112518,9.456024,342.45746,95764.81,4.82582e-09,0.8636146
2005-05-10 12:00:00,24.454773,9.242737,345.48737,95792.01,0.0,0.8511371
2005-05-11 12:00:00,26.376007,7.630554,351.85074,95791.03,0.0,0.78635544
2005-05-12 12:00:00,29.282349,10.162689,351.5377,95775.68,0.0,0.5476594
2005-05-13 12:00:00,29.600952,11.431732,341.37543,95683.23,4.01435e-10,0.61738837
2005-05-14 12:00:00,28.416687,12.743683,334.4171,95575.6,0.0,0.73693144
2005-05-15 12:00:00,25.356415,9.467316,351.75745,95662.67,2.7388722e-07,0.89804816
2005-05-16 12:00:00,22.745483,8.539001,344.59583,95616.05,5.588064e-07,0.855891
2005-05-17 12:00:00,21.363678,7.55838,343.8022,95532.77,1.8455239e-07,1.1255805
2005-05-18 12:00:00,20.17218,11.103241,284.75397,95456.445,4.945167e-06,1.3114717
2005-05-19 12:00:00,19.09256,10.373505,241.79272,95376.58,9.198385e-06,1.2299051
2005-05-20 12:00:00,17.733429,9.053925,232.04552,95621.125,6.5325576e-06,1.1321659
2005-05-21 12:00:00,15.962341,9.110718,176.94038,95761.43,3.1756697e-06,1.0162174
2005-05-22 12:00:00,17.795715,8.388824,238.46901,95692.27,2.9714945e-06,1.0021344
2005-05-23 12:00:00,20.553467,7.6073,354.74008,95437.125,5.395319e-07,0.88178194
2005-05-24 12:00:00,22.627075,8.124329,365.52664,95609.62,0.0,1.1015633
2005-05-25 12:00:00,24.448883,7.5219727,366.4703,95721.664,0.0,0.43326816
2005-05-26 12:00:00,28.733612,9.943665,366.63156,95897.67,0.0,0.38987178
2005-05-27 12:00:00,29.39621,10.901001,365.7485,95926.04,0.0,0.41323978
2005-05-28 12:00:00,28.073578,9.619019,368.9065,95790.53,0.0,0.6310775
2005-05-29 12:00:00,26.08966,8.709351,356.79352,95713.54,5.2654077e-09,0.6645872
2005-05-30 12:00:00,25.454529,8.829407,365.48056,95538.336,0.0,0.5597816
2005-05-31 12:00:00,25.340027,9.376312,363.12115,95694.52,0.0,0.8343704
2005-06-01 12:00:00,24.48407,9.956207,316.7448,95709.41,6.1679417e-10,0.6497197
2005-06-02 12:00:00,23.711731,8.350067,358.06247,95857.44,1.2699469e-07,0.95441264
2005-06-03 12:00:00,26.212952,9.720337,362.6483,96031.89,0.0,0.7555579
2005-06-04 12:00:00,29.225922,10.616272,365.9705,95950.945,0.0,0.46328667
2005-06-05 12:00:00,28.367035,11.166992,355.73767,95846.9,0.0,0.8156027
2005-06-06 12:00:00,27.194977,11.400818,291.8311,95757.41,3.7894377e-08,0.6421247
2005-06-07 12:00:00,24.718353,8.842163,369.84015,95827.414,2.628222e-07,0.75737184
2005-06-08 12:00:00,23.990356,7.112152,367.211,95823.66,1.4203822e-07,0.9193006
2005-06-09 12:00:00,23.048615,8.83609,343.9985,95914.375,2.0737196e-09,0.9230735
2005-06-10 12:00:00,25.580414,10.676392,357.90836,95947.76,0.0,0.70024586
2005-06-11 12:00:00,27.708069,11.592926,364.23343,95854.55,0.0,0.57007027
2005-06-12 12:00:00,29.3096,12.447479,354.63657,95699.55,0.0,0.3632931
2005-06-13 12:00:00,29.511353,12.783661,356.68802,95579.016,0.0,0.5978069
2005-06-14 12:00:00,28.646545,11.667938,365.2775,95558.56,3.7233443e-09,0.6588186
2005-06-15 12:00:00,27.240143,11.705414,364.50467,95542.66,0.0,0.82444775
2005-06-16 12:00:00,26.537628,11.172394,364.67764,95701.67,9.269567e-08,1.0170821
2005-06-17 12:00:00,27.694519,10.937378,367.63568,95929.47,0.0,0.7858972
2005-06-18 12:00:00,32.296173,13.07605,369.86087,95798.78,0.0,0.50736904
2005-06-19 12:00:00,33.78949,15.081909,370.50455,95633.26,0.0,0.42921928
2005-06-20 12:00:00,34.72107,14.35022,368.86932,95654.73,0.0,0.42416266
2005-06-21 12:00:00,34.097656,14.71933,366.30777,95564.62,0.0,0.6460653
2005-06-22 12:00:00,28.299683,11.57074,355.74612,95527.8,0.0,1.1182518
2005-06-23 12:00:00,26.830444,11.626404,361.46866,95729.76,0.0,0.98997915
2005-06-24 12:00:00,30.453949,13.786224,354.2356,95940.48,0.0,0.69230884
2005-06-25 12:00:00,29.910004,13.983978,358.6567,96083.055,5.786147e-09,0.8975128
2005-06-26 12:00:00,28.940277,13.609619,362.29593,95804.625,4.2527093e-09,0.9427031
2005-06-27 12:00:00,26.408997,12.647339,344.51117,95564.64,1.297462e-06,1.1499801
2005-06-28 12:00:00,25.524292,11.889648,356.16357,95665.41,1.9245621e-07,1.0785203
2005-06-29 12:00:00,27.948303,12.217133,361.6258,95825.23,0.0,0.8409165
2005-06-30 12:00:00,30.47931,13.527618,363.79034,95870.84,0.0,0.5597989
2005-07-01 12:00:00,30.933472,14.156464,363.39862,95825.805,0.0,0.7224322
2005-07-02 12:00:00,30.548096,14.459686,362.66278,95675.555,0.0,0.79865193
2005-07-03 12:00:00,29.930206,14.553406,360.6078,95607.695,0.0,0.8424752
2005-07-04 12:00:00,30.402344,14.392822,362.5244,95775.914,0.0,0.8355059
2005-07-05 12:00:00,31.135345,14.537659,358.27908,95961.516,0.0,0.66298413
2005-07-06 12:00:00,30.54184,14.873627,352.39655,96023.95,1.4854494e-08,0.7303767
2005-07-07 12:00:00,29.318085,13.324738,361.6154,96033.49,0.0,0.91763115
2005-07-08 12:00:00,28.303894,11.6008,364.55585,95974.67,0.0,0.77022016
2005-07-09 12:00:00,29.696198,11.501099,363.76355,95850.3,0.0,0.6102372
2005-07-10 12:00:00,31.623962,12.6922,364.49158,95816.42,0.0,0.58622587
2005-07-11 12:00:00,31.266571,14.728577,355.0654,95891.95,2.118409e-08,0.847126
2005-07-12 12:00:00,29.412445,12.125519,363.1892,95944.9,0.0,0.79784447
2005-07-13 12:00:00,28.546112,11.829712,361.02682,95806.3,0.0,0.9357597
2005-07-14 12:00:00,28.600891,12.909027,357.31015,95696.55,0.0,0.8406761
2005-07-15 12:00:00,28.090485,12.870392,353.59952,95853.59,0.0,0.9038745
2005-07-16 12:00:00,28.402954,13.887268,352.39465,95949.74,0.0,0.8421355
2005-07-17 12:00:00,30.221252,14.307617,346.36014,95934.45,0.0,0.78842986
2005-07-18 12:00:00,33.036346,14.140198,357.37305,95954.95,0.0,0.57908326
2005-07-19 12:00:00,35.808594,15.163513,357.2135,95948.63,0.0,0.59309727
2005-07-20 12:00:00,36.90204,16.130737,360.6735,95819.31,0.0,0.68211585
2005-07-21 12:00:00,39.372986,20.16336,343.43063,95768.45,0.0,0.6965154
2005-07-22 12:00:00,38.47644,20.410492,340.79037,95864.49,0.0,0.833022
2005-07-23 12:00:00,35.279785,18.876648,345.00732,95940.45,0.0,0.69528335
2005-07-24 12:00:00,33.524933,15.823517,352.50604,95946.83,0.0,0.77678126
2005-07-25 12:00:00,30.97287,13.886261,352.11768,95837.04,0.0,0.85161465
2005-07-26 12:00:00,30.547485,12.350769,353.345,95831.516,0.0,0.70125335
2005-07-27 12:00:00,32.51465,13.826904,352.38007,96087.9,0.0,0.70609236
2005-07-28 12:00:00,34.73004,15.260223,349.23227,96153.13,0.0,0.7098155
2005-07-29 12:00:00,34.983765,17.315277,341.10275,95928.15,3.172919e-08,0.6543508
2005-07-30 12:00:00,34.700867,17.537476,337.69873,95791.74,3.1736683e-08,0.6716871
2005-07-31 12:00:00,36.652435,18.58609,335.3007,95872.12,0.0,0.512574
2005-08-01 12:00:00,37.843536,20.398926,313.88016,95823.414,0.0,0.57277876
2005-08-02 12:00:00,39.668884,22.450684,314.18234,95697.07,4.2847215e-10,0.6052571
2005-08-03 12:00:00,43.16504,24.359344,253.65593,95565.336,7.715325e-06,0.3362435
2005-08-04 12:00:00,37.95337,22.467163,198.9595,95807.945,8.125511e-06,0.4814313
2005-08-05 12:00:00,38.303986,22.660004,282.10336,96012.58,0.0,0.46546108
2005-08-06 12:00:00,38.916443,21.68869,260.72812,95813.22,5.6781e-08,0.57345605
2005-08-07 12:00:00,38.753113,21.332306,281.15375,95626.55,5.697297e-07,0.78492445
2005-08-08 12:00:00,34.74405,22.450562,180.04286,95780.99,3.1023664e-08,0.8955023
2005-08-09 12:00:00,38.769745,25.280304,247.90945,95828.01,1.6931153e-05,0.6691798
2005-08-10 12:00:00,39.455627,23.811981,281.39267,95777.11,2.0126145e-05,0.6463159
2005-08-11 12:00:00,35.158417,20.270508,295.78714,96020.195,1.0915953e-06,0.39366266
2005-08-12 12:00:00,32.970245,20.716827,272.18976,96234.73,8.768994e-08,0.9409917
2005-08-13 12:00:00,37.68921,21.576935,281.73685,96092.445,0.0,0.48824832
2005-08-14 12:00:00,39.569458,23.574707,288.88626,95733.48,9.166271e-06,0.6847074
2005-08-15 12:00:00,39.47824,24.853912,243.39955,95576.19,2.5258848e-06,0.45682144
2005-08-16 12:00:00,37.126404,23.14621,146.42249,95704.27,1.2085334e-05,0.9067313
2005-08-17 12:00:00,28.884369,21.132538,143.23544,95807.695,0.0,0.7334437
2005-08-18 12:00:00,30.594696,20.198364,296.6795,95802.27,1.2771719e-07,0.90356314
2005-08-19 12:00:00,31.618347,18.111664,299.95023,95952.34,3.5679427e-08,0.60981166
2005-08-20 12:00:00,32.44803,17.278046,313.32135,96219.13,5.993606e-06,0.4951011
2005-08-21 12:00:00,32.95865,17.905334,308.18295,96208.64,1.7185661e-06,0.22503425
2005-08-22 12:00:00,32.222168,17.665527,234.51677,96081.03,3.0001326e-09,0.4834063
2005-08-23 12:00:00,33.935333,17.087921,309.09378,95861.63,0.0,0.4051475
2005-08-24 12:00:00,33.537903,17.426544,307.88187,95694.07,0.0,0.5598185
2005-08-25 12:00:00,33.322235,16.991241,304.49976,95605.516,0.0,0.72977936
2005-08-26 12:00:00,33.750824,17.239166,307.39688,95577.12,0.0,0.49910316
2005-08-27 12:00:00,34.372437,18.49588,302.67798,95636.3,0.0,0.6659221
2005-08-28 12:00:00,34.00876,18.905304,299.70166,95769.336,0.0,0.6411103
2005-08-29 12:00:00,33.4971,19.368103,283.24252,95921.12,0.0,0.77866274
2005-08-30 12:00:00,32.930878,22.226685,213.95097,96046.35,0.0,0.46221626
2005-08-31 12:00:00,32.123352,19.478302,201.72835,96051.14,0.0,0.5214506
2005-09-01 12:00:00,31.49887,16.571075,280.02133,95837.28,1.69773e-08,0.73546916
2005-09-02 12:00:00,30.173126,15.759705,294.07425,95563.25,0.0,0.8298794
2005-09-03 12:00:00,29.38852,16.07431,251.22585,95479.48,1.9705647e-08,0.62425655
2005-09-04 12:00:00,28.467438,15.694916,234.20709,95448.305,1.5467299e-07,0.7144957
2005-09-05 12:00:00,24.984833,13.905029,283.18176,95544.95,2.79464e-06,0.9139813
2005-09-06 12:00:00,23.802155,13.972046,270.71982,95603.28,1.686633e-06,0.70455337
2005-09-07 12:00:00,25.490326,12.778931,273.53085,95608.85,1.1319919e-07,0.6739922
2005-09-08 12:00:00,28.113617,12.970245,278.74927,95675.65,0.0,0.6719022
2005-09-09 12:00:00,28.398987,14.538391,283.8502,95810.766,1.0647555e-06,0.5244075
2005-09-10 12:00:00,27.518707,15.002289,273.098,95863.65,8.3391444e-07,0.63115644
2005-09-11 12:00:00,26.171875,14.085388,253.83159,95954.83,1.8783697e-06,0.581257
2005-09-12 12:00:00,29.115784,13.195007,278.17844,95864.555,1.8587826e-08,0.39799136
2005-09-13 12:00:00,27.585083,14.305359,277.2987,95778.0,3.3295695e-08,0.56322783
2005-09-14 12:00:00,26.553253,12.243195,276.1531,95717.83,3.3663773e-07,0.5348922
2005-09-15 12:00:00,24.33435,10.805634,274.7605,95732.69,5.6147246e-07,0.51011676
2005-09-16 12:00:00,22.642487,11.653046,171.36467,95793.37,5.464044e-06,0.7259912
2005-09-17 12:00:00,25.695618,11.098602,271.192,95878.42,0.0,0.48970106
2005-09-18 12:00:00,27.814972,12.54718,269.54538,95738.63,0.0,0.47275093
2005-09-19 12:00:00,26.72232,12.876709,252.9511,95756.32,5.1179586e-07,0.60802287
2005-09-20 12:00:00,23.151123,11.313904,260.71048,95981.375,1.3133135e-06,0.50072294
2005-09-21 12:00:00,21.99887,8.175995,225.17168,95990.34,0.0,0.36855575
2005-09-22 12:00:00,20.642456,12.245422,149.34209,95840.33,0.0,0.37827972
2005-09-23 12:00:00,23.465454,8.753906,261.96713,95873.266,1.1945623e-07,0.40175888
2005-09-24 12:00:00,23.872803,10.830048,246.44106,95742.586,3.5657488e-06,0.44834086
2005-09-25 12:00:00,27.005127,12.136047,248.92963,95709.4,0.0,0.6180688
2005-09-26 12:00:00,26.357391,12.469421,243.44443,95680.89,7.004583e-07,0.8316185
2005-09-27 12:00:00,25.77533,11.450562,247.69077,95765.8,4.2217837e-07,0.88869447
2005-09-28 12:00:00,28.58731,11.566254,253.00467,95819.17,0.0,0.42262495
2005-09-29 12:00:00,27.350372,12.654633,179.5334,95718.63,0.0,0.55438054
2005-09-30 12:00:00,26.502167,11.495239,245.44383,95663.24,0.0,0.59388834
2005-10-01 12:00:00,25.171173,10.820862,247.31512,95695.28,0.0,0.4940064
2005-10-02 12:00:00,23.352478,9.629303,209.10785,95654.016,1.4403563e-06,0.81396306
2005-10-03 12:00:00,24.02295,8.986359,253.26161,95861.445,2.5037593e-08,0.871526
2005-10-04 12:00:00,26.125122,8.669678,253.23912,95980.67,0.0,1.5097867
2005-10-05 12:00:00,28.23056,13.77478,247.14278,96110.625,0.0,1.4613242
2005-10-06 12:00:00,29.888336,14.003662,218.2577,96046.195,0.0,0.80805373
2005-10-07 12:00:00,29.399567,14.433563,165.84193,96075.734,0.0,0.85735726
2005-10-08 12:00:00,31.68509,12.493622,162.63919,96213.24,0.0,0.42846853
2005-10-09 12:00:00,33.148407,18.75644,198.11479,96302.5,0.0,1.055627
2005-10-10 12:00:00,33.99832,19.283966,227.86072,96206.29,0.0,0.97798693
2005-10-11 12:00:00,33.253998,16.586548,224.8359,95955.09,0.0,0.36496055
2005-10-12 12:00:00,32.85251,17.478119,220.53442,95746.88,0.0,0.420678
2005-10-13 12:00:00,31.458618,16.072235,138.69122,95731.375,3.8022133e-08,0.6276258
2005-10-14 12:00:00,24.76358,13.119202,219.08583,95811.875,0.0,0.75103563
2005-10-15 12:00:00,26.06662,11.651123,218.19838,95983.82,0.0,0.3300282
2005-10-16 12:00:00,29.755035,13.154633,217.21902,96131.0,0.0,0.289565
2005-10-17 12:00:00,32.138336,13.984985,200.8186,95986.78,0.0,0.3221436
2005-10-18 12:00:00,36.482147,17.16748,211.68152,95934.6,0.0,0.70798683
2005-10-19 12:00:00,35.32791,18.115387,209.07036,95791.08,0.0,0.48443842
2005-10-20 12:00:00,31.685211,15.903442,206.49678,95612.305,0.0,0.7283276
2005-10-21 12:00:00,25.685394,12.73111,121.64283,95589.945,4.9505115e-07,0.5793901
2005-10-22 12:00:00,23.787445,10.707428,170.59,95758.17,2.1926294e-06,0.51227576
2005-10-23 12:00:00,26.37799,12.615021,203.92468,95806.46,0.0,0.27565747
2005-10-24 12:00:00,23.845764,10.412537,194.20114,95632.875,1.605885e-07,0.45354104
2005-10-25 12:00:00,25.197174,7.7571716,203.77966,95714.08,9.794204e-08,1.3146737
2005-10-26 12:00:00,28.539001,12.711517,201.29555,96247.04,0.0,1.4864558
2005-10-27 12:00:00,30.56482,15.105408,184.88982,96331.86,0.0,0.86282396
2005-10-28 12:00:00,28.396149,11.343597,197.00673,95886.25,0.0,0.3137742
2005-10-29 12:00:00,24.44928,9.767975,189.32846,95351.805,0.0,0.25496435
2005-10-30 12:00:00,18.349243,10.207794,163.38751,94936.42,3.0341678e-05,0.6458913
2005-10-31 12:00:00,15.416351,3.7572937,194.59535,95823.54,1.1802438e-06,1.4455436
2005-11-01 12:00:00,17.913666,4.6686707,192.73373,96150.03,0.0,1.581634
2005-11-02 12:00:00,20.53418,5.6651917,187.69644,96381.75,0.0,1.3345735
2005-11-03 12:00:00,24.298767,8.1059265,182.75645,96549.87,0.0,1.2038176
2005-11-04 12:00:00,28.02121,12.2908325,180.55702,95716.14,0.0,0.91811913
2005-11-05 12:00:00,24.942902,8.432159,109.621605,94770.43,2.8739552e-05,0.6479754
2005-11-06 12:00:00,12.493317,1.7370911,188.04617,95482.02,1.9082147e-08,1.3139527
2005-11-07 12:00:00,14.889069,1.9889526,185.52382,96657.31,0.0,1.6959937
2005-11-08 12:00:00,19.33847,5.4737854,180.25305,97039.6,0.0,1.3239647
2005-11-09 12:00:00,22.77945,7.324005,176.36475,96799.3,0.0,1.3733387
2005-11-10 12:00:00,23.91043,12.078461,173.34964,96721.555,0.0,0.77696925
2005-11-11 12:00:00,22.630493,9.72995,147.20065,96492.13,0.0,0.40380087
2005-11-12 12:00:00,19.764435,6.463867,167.193,96346.23,0.0,0.7774065
2005-11-13 12:00:00,17.378082,4.909912,160.33598,95932.85,9.146323e-07,0.75176406
2005-11-14 12:00:00,21.683044,5.8152466,151.07361,95789.05,0.0,0.61369896
2005-11-15 12:00:00,21.756958,8.128082,126.32129,95891.15,0.0,1.6414928
2005-11-16 12:00:00,19.824097,5.7621155,159.99702,96022.17,7.275485e-08,0.6210047
2005-11-17 12:00:00,15.702026,6.056732,146.77834,96007.49,1.3077756e-06,0.30984238
2005-11-18 12:00:00,13.18631,7.475067,53.031387,95987.79,9.178629e-05,0.977347
2005-11-19 12:00:00,12.749054,9.823456,119.97013,95882.53,4.5482968e-05,1.0549847
2005-11-20 12:00:00,12.615173,9.263733,94.76821,95822.37,2.6873868e-05,0.7759466
2005-11-21 12:00:00,11.8637085,6.53183,31.685745,95464.836,0.00028970494,1.093796
2005-11-22 12:00:00,11.017303,5.381592,91.552795,94713.4,0.00041117976,1.7766029
2005-11-23 12:00:00,7.2447815,1.8075867,101.08868,95340.45,0.00011950468,0.23656173
2005-11-24 12:00:00,9.964661,4.847809,137.66492,94639.25,0.00068551174,0.9265674
2005-11-25 12:00:00,10.110657,-0.91152954,154.16826,95750.31,0.0,1.3599434
2005-11-26 12:00:00,11.345734,1.1743164,130.67613,96465.74,0.0,1.6855966
2005-11-27 12:00:00,10.222473,3.3223267,40.16701,95880.77,3.4234894e-05,1.5295871
2005-11-28 12:00:00,8.762329,2.1823425,135.96089,95560.76,0.00017877932,0.25986496
2005-11-29 12:00:00,8.565582,0.19702148,139.12447,96247.19,6.800044e-10,0.4570858
2005-11-30 12:00:00,10.628113,0.40341187,146.43697,96591.12,1.7564611e-08,0.7321326
2005-12-01 12:00:00,11.674347,3.5198364,141.20816,96637.28,6.508578e-08,0.865243
2005-12-02 12:00:00,13.326233,1.0342712,146.24335,96589.8,0.0,1.5567757
2005-12-03 12:00:00,15.6553955,5.299164,145.31845,97002.97,0.0,2.052561
2005-12-04 12:00:00,15.912781,4.8277893,145.10164,96930.98,0.0,1.7602665
2005-12-05 12:00:00,17.286926,4.2783203,146.89554,96547.18,0.0,2.0191073
2005-12-06 12:00:00,16.910034,5.3407593,145.85832,96670.31,0.0,2.2491784
2005-12-07 12:00:00,18.861206,4.9618225,146.10165,96606.14,5.47055e-10,2.2507398
2005-12-08 12:00:00,19.943176,8.142212,144.73468,96306.44,1.5317541e-08,1.7786568
2005-12-09 12:00:00,19.68982,7.969513,143.74014,95954.98,6.307339e-08,0.76659185
2005-12-10 12:00:00,17.118958,4.4226074,87.91084,95743.336,4.9749843e-07,0.6098932
2005-12-11 12:00:00,9.85202,4.2948,107.44407,95810.6,9.830879e-05,0.3386328
2005-12-12 12:00:00,9.351746,5.4061584,55.610897,96028.87,9.091859e-06,0.98791486
2005-12-13 12:00:00,10.205688,4.7920837,111.117935,95451.89,0.0002513454,0.9614456
2005-12-14 12:00:00,12.359528,1.8275757,139.80782,96216.89,4.767415e-08,1.2623998
2005-12-15 12:00:00,11.5589905,3.1970825,137.71474,96466.664,0.0,0.7111266
2005-12-16 12:00:00,13.269012,1.8920898,138.48782,96223.016,0.0,1.1134228
2005-12-17 12:00:00,13.044891,1.7785034,134.01004,96343.89,0.0,1.7674943
2005-12-18 12:00:00,14.042938,1.553833,140.45277,96808.64,0.0,1.7627751
2005-12-19 12:00:00,16.902191,4.1666565,137.05957,96985.01,5.47055e-10,1.9435933
2005-12-20 12:00:00,17.15686,5.6796875,139.98546,97306.7,2.4866614e-08,1.7599549
2005-12-21 12:00:00,17.874756,5.8430176,139.77919,96982.016,4.923495e-09,1.8744458
2005-12-22 12:00:00,17.027649,6.2200623,121.42556,96616.766,8.711566e-09,2.5549388
2005-12-23 12:00:00,15.111755,5.5845947,79.52498,96213.09,0.0,2.123717
2005-12-24 12:00:00,17.220428,6.991852,138.71176,96145.18,0.0,1.1268371
2005-12-25 12:00:00,16.585754,6.4870605,130.20888,96331.79,0.0,0.45005423
2005-12-26 12:00:00,17.337555,7.0161743,133.56664,96494.21,0.0,0.42114887
2005-12-27 12:00:00,16.818207,7.1028137,124.697205,96471.22,1.1584302e-08,0.305426
2005-12-28 12:00:00,16.535858,7.9003296,121.157486,96243.125,2.7268237e-07,0.35963547
2005-12-29 12:00:00,14.291992,8.455872,28.588028,95801.4,2.9372584e-05,0.78588635
2005-12-30 12:00:00,12.532135,5.625458,84.5243,95670.695,6.9527673e-06,0.8015495
2005-12-31 12:00:00,12.366547,6.5381775,121.82936,95488.625,4.520191e-06,0.20285316
2006-01-01 12:00:00,9.678772,1.921936,141.4838,95559.25,2.4756437e-06,1.1784515
2006-01-02 12:00:00,9.452576,1.2982788,147.19107,96279.22,0.0,1.6786987
2006-01-03 12:00:00,9.412201,1.5290527,91.24234,96685.99,0.0,1.5621779
2006-01-04 12:00:00,10.638824,-1.1647339,141.18192,96206.45,0.0,1.2325175
2006-01-05 12:00:00,10.442078,1.4048767,143.43979,95760.75,0.0,1.7678231
2006-01-06 12:00:00,11.512512,3.8104553,146.9709,96170.445,0.0,2.0178192
2006-01-07 12:00:00,11.698242,1.609436,147.72926,96580.1,0.0,1.1164837
2006-01-08 12:00:00,10.903473,-0.068115234,128.58537,96549.87,0.0,0.7209907
2006-01-09 12:00:00,12.191223,0.83773804,147.17159,96278.266,0.0,0.62043667
2006-01-10 12:00:00,10.991669,2.7946472,36.474934,95815.92,0.00014416214,1.1822354
2006-01-11 12:00:00,8.535889,2.5457764,104.30627,95468.266,0.0001083944,2.3224206
2006-01-12 12:00:00,12.726379,6.1238403,151.55678,95933.83,7.450313e-08,2.5787528
2006-01-13 12:00:00,14.376953,3.0230713,154.55646,96274.69,0.0,1.9810047
2006-01-14 12:00:00,15.373108,1.5467834,155.48206,96388.23,0.0,1.214306
2006-01-15 12:00:00,13.983795,1.1594543,75.18295,96034.93,6.450647e-07,0.6470316
2006-01-16 12:00:00,11.731934,1.7056274,151.258,95588.83,2.2705817e-07,0.4578898
2006-01-17 12:00:00,11.273956,0.86538696,97.72027,95688.74,1.4580532e-06,0.27289155
2006-01-18 12:00:00,14.300568,1.3622131,154.63705,95919.71,1.0738009e-07,0.59340507
2006-01-19 12:00:00,13.346649,3.2363281,97.27403,95863.805,0.0,0.2685748
2006-01-20 12:00:00,13.679565,6.56308,101.33847,95643.09,0.0,0.98576385
2006-01-21 12:00:00,14.559631,2.9785767,157.46654,95490.85,5.8781275e-08,0.648156
2006-01-22 12:00:00,13.052429,4.7486877,53.51624,95771.36,9.960236e-06,0.81099534
2006-01-23 12:00:00,11.292847,6.349365,107.29614,96055.29,7.0922824e-06,0.70874727
2006-01-24 12:00:00,13.632477,1.0926208,160.32373,96331.53,2.1924107e-08,0.3885827
2006-01-25 12:00:00,16.071106,2.7373047,150.59874,96564.91,0.0,0.39800647
2006-01-26 12:00:00,17.244537,5.4823914,160.62337,96496.86,0.0,0.6044716
2006-01-27 12:00:00,19.928772,6.868805,166.5318,96280.836,0.0,1.3139056
2006-01-28 12:00:00,19.30664,8.333649,121.80259,96276.01,0.0,1.1137409
2006-01-29 12:00:00,16.682983,6.913727,118.1076,95982.76,0.0,1.0705799
2006-01-30 12:00:00,13.879761,7.1522827,46.26776,95537.305,0.00026134256,1.1798706
2006-01-31 12:00:00,10.686157,3.9804077,134.26553,96023.305,5.603778e-05,0.44542208
2006-02-01 12:00:00,12.563538,4.4045105,171.61281,96152.49,1.254917e-08,0.29818493
2006-02-02 12:00:00,12.268127,5.9730225,82.69129,95672.47,1.6754478e-06,0.22286284
2006-02-03 12:00:00,9.979584,7.1870728,34.32504,95264.94,0.00015130771,1.1940315
2006-02-04 12:00:00,9.196289,6.833954,54.709606,94751.71,0.000390478,0.7497039
2006-02-05 12:00:00,12.600494,4.1701355,170.02148,95318.59,0.000106509644,1.2603269
2006-02-06 12:00:00,12.870819,3.4561462,183.89194,96393.64,0.0,0.65171397
2006-02-07 12:00:00,14.259735,3.716156,185.00938,96718.21,0.0,0.5348574
2006-02-08 12:00:00,13.444977,5.8953247,52.45073,96189.22,5.5979384e-05,0.3824835
2006-02-09 12:00:00,13.0373535,4.1195374,181.53137,96175.18,7.81065e-06,0.5515928
2006-02-10 12:00:00,15.597992,5.529846,183.77719,96441.625,0.0,1.096775
2006-02-11 12:00:00,15.532806,8.422241,61.84127,95989.79,1.9588893e-05,1.2953571
2006-02-12 12:00:00,11.423004,6.2636414,150.85222,95410.12,0.00022645023,0.32985133
2006-02-13 12:00:00,12.37088,4.6423645,167.9724,95914.03,1.389891e-06,0.5955338
2006-02-14 12:00:00,14.653473,3.6428833,198.73187,96009.25,1.7286762e-08,1.1690116
2006-02-15 12:00:00,15.508881,4.152527,199.9931,96099.92,0.0,1.2219793
2006-02-16 12:00:00,16.620636,4.3434143,208.33673,96261.65,0.0,1.5349122
2006-02-17 12:00:00,15.948639,5.23349,177.94936,96382.16,1.944696e-07,0.28442004
2006-02-18 12:00:00,12.881775,4.3454895,205.06374,96094.85,9.3735014e-07,0.64395624
2006-02-19 12:00:00,12.12323,2.3565674,209.921,95888.94,1.2173535e-07,0.36956483
2006-02-20 12:00:00,10.77536,2.5639038,192.73499,95580.65,4.6406893e-07,1.0632513
2006-02-21 12:00:00,17.023102,5.748596,221.49615,95595.29,2.6636104e-10,2.4738045
2006-02-22 12:00:00,20.233002,8.584656,226.49153,96378.3,0.0,2.0128806
2006-02-23 12:00:00,20.701263,6.9261475,218.76062,96540.734,0.0,1.257467
2006-02-24 12:00:00,21.048676,8.589752,207.1731,96009.36,0.0,0.74227494
2006-02-25 12:00:00,21.362762,8.729187,203.91339,95337.51,0.0,1.008953
2006-02-26 12:00:00,19.786255,3.8143616,186.66011,95522.0,2.4449157e-06,0.8362228
2006-02-27 12:00:00,14.139313,4.8751526,141.48404,95898.98,3.161548e-06,0.6830038
2006-02-28 12:00:00,11.837036,5.977417,83.26069,95793.64,8.022869e-06,0.4949335
2006-03-01 12:00:00,15.83548,7.7134094,206.86667,95628.05,4.819615e-05,0.8234456
2006-03-02 12:00:00,16.887085,6.582489,203.40393,96038.016,0.0,0.44514018
2006-03-03 12:00:00,17.158752,8.546448,195.11455,96110.08,2.3423758e-07,0.2818075
2006-03-04 12:00:00,20.346375,4.7433167,236.87943,95668.52,0.0,1.3248774
2006-03-05 12:00:00,21.015228,7.5940247,239.13028,95623.58,5.6729133e-09,0.8068623
2006-03-06 12:00:00,19.344757,5.0223083,239.408,96123.82,3.9263443e-07,0.71201855
2006-03-07 12:00:00,17.101349,6.918457,150.86705,96137.15,2.7737335e-06,0.27714357
2006-03-08 12:00:00,14.447845,4.241455,242.74979,95681.1,4.5815366e-07,1.2278235
2006-03-09 12:00:00,18.45758,3.2739868,248.6429,95658.055,0.0,1.1306453
2006-03-10 12:00:00,18.06253,4.1250916,248.99355,96067.61,0.0,0.7427185
2006-03-11 12:00:00,16.816284,7.3417053,108.50132,95807.59,2.7239632e-05,0.55915225
2006-03-12 12:00:00,14.601349,6.177765,177.94737,95427.24,8.1378275e-05,0.6512908
2006-03-13 12:00:00,17.63153,4.874298,250.9249,96058.18,0.0,0.8732068
2006-03-14 12:00:00,18.872406,6.025879,252.38168,96280.91,0.0,0.42277917
2006-03-15 12:00:00,21.419067,4.492462,233.50049,96076.89,4.5470182e-07,1.1397066
2006-03-16 12:00:00,21.230316,8.778259,198.4041,95992.04,0.0,0.55887353
2006-03-17 12:00:00,17.089935,5.339203,234.77318,96006.64,8.0596584e-07,0.70205706
2006-03-18 12:00:00,20.486023,7.1003723,259.82913,96060.34,1.687001e-06,0.390033
2006-03-19 12:00:00,20.515015,8.370117,205.40547,95995.4,0.0,0.4881264
2006-03-20 12:00:00,19.463196,9.36026,204.96107,95988.734,1.366594e-05,1.1072564
2006-03-21 12:00:00,17.36023,4.67395,272.7591,95811.85,1.2205756e-07,0.8766568
2006-03-22 12:00:00,16.850922,6.89563,223.47319,95674.39,8.048131e-09,1.6605426
2006-03-23 12:00:00,19.572693,6.057831,281.47583,95782.22,0.0,1.891627
2006-03-24 12:00:00,21.121521,6.8297424,283.00742,96088.63,0.0,1.3571553
2006-03-25 12:00:00,22.04013,6.4439697,279.28015,96010.836,0.0,0.70955473
2006-03-26 12:00:00,20.242249,6.65152,279.1984,95512.86,1.4608102e-07,0.9787928
2006-03-27 12:00:00,17.784271,8.460663,193.43013,94991.625,2.984267e-05,1.3278389
2006-03-28 12:00:00,17.956055,6.780945,262.3948,95060.625,2.5127379e-06,0.6065095
2006-03-29 12:00:00,16.518555,9.183472,168.52351,95453.75,1.0660978e-05,1.3188493
2006-03-30 12:00:00,13.810364,7.6726685,105.2335,95446.25,2.5228675e-05,1.1266494
2006-03-31 12:00:00,10.151215,5.418274,82.30349,94831.41,0.0004409836,1.344737
2006-04-01 12:00:00,16.71579,5.4130554,282.24463,94611.36,2.3037897e-07,0.9928653
2006-04-02 12:00:00,17.726166,7.2857666,297.41553,95141.086,2.4621954e-10,1.2350929
2006-04-03 12:00:00,17.746338,7.3717346,298.69128,95641.76,0.0,0.42896983
2006-04-04 12:00:00,16.512634,6.4006653,289.25235,95769.82,6.702707e-07,0.63177526
2006-04-05 12:00:00,14.466492,7.321533,196.87767,95669.71,3.5716869e-06,0.64710486
2006-04-06 12:00:00,11.977753,9.133148,81.6635,95498.22,3.826141e-05,0.98775315
2006-04-07 12:00:00,10.166016,5.6917114,149.49736,95402.7,2.7131919e-05,1.0250127
2006-04-08 12:00:00,13.004089,2.4059143,296.36426,95604.29,0.0,0.74471784
2006-04-09 12:00:00,14.617004,4.0722046,304.3046,95743.57,1.5596645e-07,0.2499297
2006-04-10 12:00:00,16.662659,4.275757,304.24847,95810.79,0.0,0.8845145
2006-04-11 12:00:00,16.152985,3.7001038,274.626,95450.48,5.8790506e-09,0.5541153
2006-04-12 12:00:00,13.173309,7.945526,278.06598,95500.05,0.00015949577,1.1163646
2006-04-13 12:00:00,16.760864,3.569458,315.71536,96176.7,0.0,0.46897456
2006-04-14 12:00:00,19.578308,5.9970703,315.38904,95833.66,0.0,0.36452198
2006-04-15 12:00:00,17.79721,7.6322327,156.8312,95474.89,0.00012654142,0.9582685
2006-04-16 12:00:00,11.460663,8.127441,66.37389,95470.836,0.00039697572,1.1545887
2006-04-17 12:00:00,11.227478,7.3749084,128.0236,95759.93,5.056103e-05,1.2281594
2006-04-18 12:00:00,11.2083435,8.058594,111.64344,95961.94,2.5566149e-05,0.8243442
2006-04-19 12:00:00,11.227234,7.7425537,253.93932,95443.85,0.00017863877,1.2880505
2006-04-20 12:00:00,12.838104,3.8052368,312.14188,95201.07,1.7621944e-06,1.3561625
2006-04-21 12:00:00,14.642334,5.92865,297.30222,95543.82,7.2186634e-07,0.29414165
2006-04-22 12:00:00,16.297516,7.277832,312.48135,95867.05,2.4647238e-06,0.38115838
2006-04-23 12:00:00,15.697937,7.876007,218.61806,95717.586,1.4677452e-06,0.34941682
2006-04-24 12:00:00,18.129608,8.471161,302.83627,95461.055,3.0537994e-06,0.476283
2006-04-25 12:00:00,18.97409,6.658478,331.22705,95409.31,0.0,0.62997514
2006-04-26 12:00:00,18.816101,8.220398,254.72433,95432.71,0.0,0.4748084
2006-04-27 12:00:00,17.955017,7.3697815,218.0539,95377.95,5.71086e-06,0.8324845
2006-04-28 12:00:00,18.444672,6.5359497,321.0963,94983.67,7.5662983e-06,1.1504718
2006-04-29 12:00:00,21.903748,8.645905,306.60928,95277.38,0.0,0.61361295
2006-04-30 12:00:00,21.008331,9.793945,126.64063,95574.53,1.9679348e-05,1.0922531
2006-05-01 12:00:00,13.67572,10.310577,115.210014,95358.17,6.861218e-05,1.1061727
2006-05-02 12:00:00,16.084656,6.101959,285.14185,95094.83,1.8212206e-05,0.40349868
2006-05-03 12:00:00,15.097748,6.6667175,131.2838,95085.52,1.09961275e-05,0.8696474
2006-05-04 12:00:00,16.434021,4.856964,288.01288,95419.695,4.707964e-06,0.38728952
2006-05-05 12:00:00,22.193756,6.7141724,338.26624,95918.375,1.3089408e-07,0.32813132
2006-05-06 12:00:00,23.835846,9.698547,291.9368,95895.445,0.0,0.47751713
2006-05-07 12:00:00,22.874603,9.039642,344.49802,95631.96,0.0,0.7816087
2006-05-08 12:00:00,18.086853,8.602844,89.990105,95640.7,6.709206e-05,1.0878352
2006-05-09 12:00:00,15.016144,9.036774,311.79886,95606.45,5.2173036e-05,1.0936537
2006-05-10 12:00:00,13.768463,7.9380493,216.0377,95662.15,8.530305e-05,1.1376938
2006-05-11 12:00:00,13.205627,8.166779,180.80164,95744.39,4.9671995e-05,0.7724439
2006-05-12 12:00:00,14.020508,9.234589,141.53578,95913.6,1.6519003e-05,0.912845
2006-05-13 12:00:00,14.562103,9.679169,145.66518,95687.36,1.6132928e-05,0.9164193
2006-05-14 12:00:00,16.33023,10.140289,193.39667,95774.38,1.18991775e-05,0.8313262
2006-05-15 12:00:00,20.035583,10.718018,333.705,95903.9,4.9750765e-06,0.8491972
2006-05-16 12:00:00,23.199097,8.857208,347.75305,96019.414,0.0,0.3111656
2006-05-17 12:00:00,23.854553,9.060181,339.65375,96088.664,9.8050805e-08,0.5036132
2006-05-18 12:00:00,23.533386,7.8547363,354.0227,95954.11,0.0,0.585133
2006-05-19 12:00:00,23.990875,7.855194,350.64438,95864.44,2.8560538e-09,0.53525156
2006-05-20 12:00:00,26.329926,11.261108,348.38855,95777.016,0.0,0.37056375
2006-05-21 12:00:00,26.600098,11.979065,338.57446,95577.34,0.0,0.5185312
2006-05-22 12:00:00,25.181519,13.306885,283.1793,95617.1,4.5028347e-07,1.351265
2006-05-23 12:00:00,19.077728,10.561615,211.70099,95791.734,1.5194133e-05,1.4010247
2006-05-24 12:00:00,17.79715,9.148956,267.4788,95612.62,5.303907e-06,1.3321157
2006-05-25 12:00:00,16.798615,10.56015,145.73534,95547.375,1.6590644e-05,1.338091
2006-05-26 12:00:00,16.474915,10.391144,191.27773,95624.625,1.2922514e-05,1.3332596
2006-05-27 12:00:00,16.034363,9.572632,217.23264,95579.07,3.24839e-05,1.4360219
2006-05-28 12:00:00,16.243286,7.408905,267.00204,95727.54,1.3964422e-05,1.186514
2006-05-29 12:00:00,17.938751,8.516693,265.68423,95903.73,6.611109e-07,0.7780581
2006-05-30 12:00:00,23.962372,8.522003,348.1386,95913.62,0.0,0.4145092
2006-05-31 12:00:00,23.797333,11.849762,330.27603,95872.055,0.0,0.5804207
2006-06-01 12:00:00,25.229706,10.718506,357.00046,95789.43,7.972211e-09,0.61326915
2006-06-02 12:00:00,30.06491,12.541901,356.62247,95710.74,0.0,0.44803128
2006-06-03 12:00:00,29.281097,13.717743,341.88507,95688.06,0.0,0.63885075
2006-06-04 12:00:00,27.648468,13.356018,356.85837,95555.97,0.0,0.65881944
2006-06-05 12:00:00,25.230042,12.286926,354.37418,95598.64,3.7839328e-07,0.8677186
2006-06-06 12:00:00,23.511719,10.69519,338.45828,95656.44,1.6676895e-06,0.9078686
2006-06-07 12:00:00,23.787506,10.425171,356.26727,95622.17,6.270028e-08,0.8784522
2006-06-08 12:00:00,25.693268,10.221649,362.1849,95507.664,0.0,0.8798959
2006-06-09 12:00:00,25.688171,11.277313,358.8809,95659.37,2.3682887e-07,0.86980426
2006-06-10 12:00:00,27.466919,11.815979,357.07507,95942.03,2.7553165e-07,0.75771815
2006-06-11 12:00:00,26.299286,12.308777,360.69528,95983.266,2.5967913e-07,0.73323536
2006-06-12 12:00:00,26.165955,11.972443,360.36972,95798.945,3.4308644e-07,0.7716092
2006-06-13 12:00:00,28.292267,12.684082,357.2025,95726.98,2.8785607e-07,0.7619926
2006-06-14 12:00:00,29.438843,13.666473,354.88025,95833.72,1.4205241e-07,0.6978876
2006-06-15 12:00:00,31.617432,14.969208,345.8014,95796.08,1.3972672e-09,0.7438461
2006-06-16 12:00:00,31.418549,15.412781,355.4238,95751.73,0.0,0.85269415
2006-06-17 12:00:00,31.058136,15.73703,320.16678,95790.75,0.0,0.60394067
2006-06-18 12:00:00,30.585968,16.076721,322.2353,95750.55,0.0,0.7724239
2006-06-19 12:00:00,29.628937,13.71814,361.4357,95736.79,0.0,0.9024848
2006-06-20 12:00:00,28.343628,12.379517,363.9307,95884.766,4.671066e-08,0.8279269
2006-06-21 12:00:00,27.597382,11.056305,368.06158,96041.31,2.0035816e-10,0.7172348
2006-06-22 12:00:00,29.827576,11.945648,364.91974,96083.38,0.0,0.59210664
2006-06-23 12:00:00,28.93399,13.432343,357.26578,95814.95,2.7565083e-08,0.9277962
2006-06-24 12:00:00,27.210754,12.178497,354.00827,95747.875,9.111844e-07,1.0915587
2006-06-25 12:00:00,25.934662,12.982208,343.97977,95800.55,1.2146361e-06,1.1070083
2006-06-26 12:00:00,25.531921,11.407501,346.92255,95841.63,8.005429e-07,0.9097779
2006-06-27 12:00:00,25.943848,11.180145,357.99966,95895.22,3.763677e-08,0.85006315
2006-06-28 12:00:00,25.800323,11.851349,363.69995,95923.6,0.0,0.8116513
2006-06-29 12:00:00,27.876465,13.955933,305.32593,95930.125,0.0,0.6641852
2006-06-30 12:00:00,31.825806,13.474396,350.675,95889.78,0.0,0.5109516
2006-07-01 12:00:00,34.917664,15.7725525,366.69742,95760.445,0.0,0.27216598
2006-07-02 12:00:00,34.08435,15.334137,369.60675,95678.55,0.0,0.6586916
2006-07-03 12:00:00,33.149292,14.0477295,369.30948,95634.74,1.5088368e-08,0.60407674
2006-07-04 12:00:00,31.783539,15.383881,355.23907,95500.625,3.4870133e-09,0.70994514
2006-07-05 12:00:00,29.903656,14.274139,360.08685,95460.516,1.8447974e-09,0.8348308
2006-07-06 12:00:00,27.55014,13.347107,356.3486,95648.78,6.2355815e-07,1.076619
2006-07-07 12:00:00,29.015106,12.469849,366.00577,95888.63,0.0,0.7302302
2006-07-08 12:00:00,31.650513,12.77713,365.53278,95911.67,1.6725288e-08,0.5296507
2006-07-09 12:00:00,31.072174,13.60733,363.68008,95749.88,1.2488141e-08,0.68436974
2006-07-10 12:00:00,30.736511,12.966187,362.22433,95727.875,0.0,0.6590784
2006-07-11 12:00:00,30.097717,12.3003235,364.31784,95783.67,0.0,0.61570764
2006-07-12 12:00:00,30.689972,11.773773,366.32605,95866.05,1.5720787e-09,0.6710509
2006-07-13 12:00:00,30.772034,12.026733,362.58435,95835.78,0.0,0.67242384
2006-07-14 12:00:00,31.604004,13.781586,354.17703,95835.25,0.0,0.51579183
2006-07-15 12:00:00,31.10147,15.251953,352.7874,96044.87,0.0,0.72005874
2006-07-16 12:00:00,30.122437,13.957062,358.1373,96108.06,9.7969295e-09,0.8631196
2006-07-17 12:00:00,28.138641,13.216522,354.49933,96026.37,1.8452814e-08,0.95276356
2006-07-18 12:00:00,27.432648,13.15448,352.8608,95811.11,0.0,0.9072886
2006-07-19 12:00:00,29.059082,14.284546,353.0459,95580.92,0.0,0.61125493
2006-07-20 12:00:00,29.334625,13.977997,348.63687,95748.04,0.0,0.88925505
2006-07-21 12:00:00,30.253418,13.395142,353.70703,95975.836,0.0,0.58161557
2006-07-22 12:00:00,29.51596,12.246765,356.9014,96087.98,7.796798e-09,0.63767934
2006-07-23 12:00:00,29.263489,12.200073,357.16556,95978.35,0.0,0.62667537
2006-07-24 12:00:00,29.059021,13.047577,347.89838,95782.73,0.0,0.5342411
2006-07-25 12:00:00,29.979065,13.924957,343.401,95675.28,0.0,0.63002515
2006-07-26 12:00:00,31.212463,14.740723,342.34314,95732.66,0.0,0.6114327
2006-07-27 12:00:00,30.64029,16.413696,317.26367,95890.85,0.0,0.6009123
2006-07-28 12:00:00,29.379883,14.772736,299.08017,95903.305,2.4467846e-09,0.5905766
2006-07-29 12:00:00,26.292847,17.788513,121.511925,96104.305,4.962021e-06,0.86916137
2006-07-30 12:00:00,24.70404,17.388672,168.2418,96207.2,7.126495e-05,0.30688626
2006-07-31 12:00:00,26.81128,14.311523,322.24985,96136.234,4.3835715e-07,0.5455781
2006-08-01 12:00:00,28.01538,15.3116455,336.42154,96126.62,1.808103e-07,0.7071776
2006-08-02 12:00:00,27.819641,14.588287,338.22052,96009.28,1.3089695e-07,0.78828424
2006-08-03 12:00:00,27.425537,15.042389,320.6194,95885.85,1.278598e-06,0.9728859
2006-08-04 12:00:00,28.2919,13.167908,337.61053,95945.08,0.0,0.807898
2006-08-05 12:00:00,29.986938,15.553436,335.8741,95942.58,0.0,0.5250732
2006-08-06 12:00:00,29.968018,15.586792,333.37518,95912.336,0.0,0.58067024
2006-08-07 12:00:00,30.39331,16.148743,328.01007,95911.08,0.0,0.65508014
2006-08-08 12:00:00,29.703308,14.4618225,333.09314,95957.68,0.0,0.67934793
2006-08-09 12:00:00,30.85022,15.005798,332.99518,95883.84,0.0,0.6835253
2006-08-10 12:00:00,31.28424,15.344452,331.08105,95791.516,0.0,0.54713213
2006-08-11 12:00:00,31.740662,15.735535,322.46268,95790.26,0.0,0.7371098
2006-08-12 12:00:00,32.44742,16.1828,321.26678,95856.45,0.0,0.4179423
2006-08-13 12:00:00,33.11905,14.286407,335.14905,95952.164,0.0,0.47003326
2006-08-14 12:00:00,35.109222,15.886139,328.83215,95987.91,0.0,0.54560226
2006-08-15 12:00:00,37.00476,18.626892,322.45584,95947.2,0.0,0.6690633
2006-08-16 12:00:00,37.09146,19.975677,318.01056,95800.305,0.0,0.6396057
2006-08-17 12:00:00,36.0347,19.084991,317.6919,95645.54,0.0,0.6564918
2006-08-18 12:00:00,34.85959,18.303589,300.40152,95639.35,0.0,0.74864274
2006-08-19 12:00:00,34.196686,18.318512,302.37744,95702.46,0.0,0.7679284
2006-08-20 12:00:00,33.986115,17.853455,310.6321,95683.18,0.0,0.743644
2006-08-21 12:00:00,32.808563,17.577942,274.41504,95684.09,0.0,0.73941314
2006-08-22 12:00:00,31.874146,17.414856,306.71957,95802.914,1.48531605e-08,0.7873021
2006-08-23 12:00:00,30.890778,17.226776,126.307655,95877.83,0.0,0.64422953
2006-08-24 12:00:00,28.647705,17.400513,239.97316,95643.46,0.0,0.8784047
2006-08-25 12:00:00,30.838623,15.836884,288.16708,95572.305,0.0,0.71479154
2006-08-26 12:00:00,31.610504,17.90158,277.35574,95888.48,0.0,0.57501423
2006-08-27 12:00:00,32.63858,18.533386,299.9594,96019.7,0.0,0.5431064
2006-08-28 12:00:00,32.98282,17.16504,302.4358,95872.91,0.0,0.54706025
2006-08-29 12:00:00,32.31906,17.663513,298.5932,95831.62,0.0,0.6295451
2006-08-30 12:00:00,32.566193,15.772308,302.58765,95950.83,0.0,0.48452136
2006-08-31 12:00:00,34.259094,16.671997,300.55875,95878.24,0.0,0.30784726
2006-09-01 12:00:00,35.87912,18.583649,297.86545,95772.16,0.0,0.42803994
2006-09-02 12:00:00,35.32901,18.803894,276.60565,95738.07,0.0,0.51762486
2006-09-03 12:00:00,34.774597,17.98581,283.27167,95723.586,0.0,0.58298385
2006-09-04 12:00:00,31.989044,17.895782,255.85393,95699.58,0.0,0.29580435
2006-09-05 12:00:00,30.490356,14.787903,267.2027,95518.37,0.0,0.8198888
2006-09-06 12:00:00,27.51007,14.19632,285.45947,95451.055,1.9771624e-08,0.8903076
2006-09-07 12:00:00,30.771057,15.27063,279.7583,95647.68,2.1381334e-08,0.46702224
2006-09-08 12:00:00,33.929657,16.985535,280.02792,95921.66,4.1865755e-07,0.37073556
2006-09-09 12:00:00,34.095398,17.76242,283.46335,95951.664,0.0,0.47083536
2006-09-10 12:00:00,32.213165,17.054626,279.3361,95939.18,0.0,0.5164258
2006-09-11 12:00:00,30.927124,15.241425,285.53772,96029.7,0.0,0.6559844
2006-09-12 12:00:00,31.76419,14.165344,279.6301,96101.555,0.0,0.62493414
2006-09-13 12:00:00,31.253784,16.691772,185.40903,95966.09,0.0,0.3268542
2006-09-14 12:00:00,30.399384,21.173553,129.79756,95769.78,0.0,1.0599704
2006-09-15 12:00:00,26.354797,16.369812,266.12527,95626.29,6.134443e-09,1.0413488
2006-09-16 12:00:00,27.012451,14.611237,237.76822,95743.78,0.0,0.5691218
2006-09-17 12:00:00,27.129974,15.847412,218.76718,95894.65,0.0,0.6949294
2006-09-18 12:00:00,28.176117,12.199768,270.35013,95881.71,0.0,0.5525297
2006-09-19 12:00:00,27.865448,12.66098,272.6955,95646.055,0.0,0.7063593
2006-09-20 12:00:00,26.309326,11.8723755,264.885,95543.336,1.4559583e-07,0.861323
2006-09-21 12:00:00,23.89508,11.791809,169.35162,95589.56,5.755309e-06,0.6283751
2006-09-22 12:00:00,24.214935,8.563019,267.0939,95581.69,3.2994847e-09,0.3557552
2006-09-23 12:00:00,24.526184,10.859863,260.565,95515.42,0.0,1.0175115
2006-09-24 12:00:00,27.947021,10.981995,262.7446,95892.16,0.0,0.3080597
2006-09-25 12:00:00,31.455902,12.213562,265.0276,96012.414,0.0,0.394314
2006-09-26 12:00:00,29.131805,11.67569,258.59644,95940.81,0.0,0.66616786
2006-09-27 12:00:00,27.386047,10.855988,258.18805,96013.74,1.2609535e-08,0.63845
2006-09-28 12:00:00,27.716217,10.494568,255.13625,95993.06,0.0,0.6241025
2006-09-29 12:00:00,30.401978,11.191345,252.5829,95845.29,0.0,0.30535427
2006-09-30 12:00:00,29.224487,11.588409,249.31757,95595.09,0.0,0.53026015
2006-10-01 12:00:00,30.128448,13.220184,248.58234,95717.26,4.1538723e-07,0.64148533
2006-10-02 12:00:00,29.487915,12.855347,244.67863,95955.49,0.0,0.5595256
2006-10-03 12:00:00,30.662415,13.129395,245.23466,95966.38,0.0,0.45003036
2006-10-04 12:00:00,31.544617,13.410736,242.50749,95857.4,0.0,0.45003995
2006-10-05 12:00:00,30.057617,13.424469,239.75508,95729.125,0.0,0.77002126
2006-10-06 12:00:00,31.129303,13.746277,237.79161,95764.22,0.0,0.5584744
2006-10-07 12:00:00,29.34613,14.331543,168.70996,95911.19,8.102021e-08,0.61960804
2006-10-08 12:00:00,25.835907,12.030914,229.70265,95933.66,7.625955e-08,0.6859165
2006-10-09 12:00:00,29.265686,11.9140625,213.08453,96016.06,0.0,0.22978182
2006-10-10 12:00:00,31.970276,16.017212,226.72055,96149.06,0.0,0.51432276
2006-10-11 12:00:00,32.67383,17.306122,226.56451,96148.55,1.4519418e-10,0.2950741
2006-10-12 12:00:00,30.649414,14.500977,224.08397,95902.49,0.0,0.44860768
2006-10-13 12:00:00,26.675873,11.864838,141.36258,95675.07,0.0,0.57871675
2006-10-14 12:00:00,20.660645,12.987335,49.478836,95643.53,4.3850046e-05,1.0305462
2006-10-15 12:00:00,22.283722,8.034424,217.03123,95723.08,2.3028537e-05,0.45495918
2006-10-16 12:00:00,26.548004,14.381317,222.59373,96137.58,0.0,1.8156157
2006-10-17 12:00:00,30.261871,16.311462,220.11113,96346.37,0.0,1.7654759
2006-10-18 12:00:00,32.135223,18.381378,215.1919,96302.55,0.0,1.0740756
2006-10-19 12:00:00,30.327667,13.586212,214.0558,95895.93,0.0,0.56551176
2006-10-20 12:00:00,25.436005,10.773926,207.35417,95565.06,0.0,0.38410074
2006-10-21 12:00:00,22.38916,10.97998,177.8453,95788.836,2.2240527e-06,0.6504759
2006-10-22 12:00:00,23.257965,13.147675,192.32503,95970.51,2.2419223e-05,0.9184745
2006-10-23 12:00:00,26.734955,9.0086975,205.53175,95835.95,0.0,0.7024474
2006-10-24 12:00:00,25.766083,10.180603,162.7337,95572.35,0.0,0.5349617
2006-10-25 12:00:00,22.272705,8.957367,202.38416,95397.94,0.0,0.45115754
2006-10-26 12:00:00,21.208435,8.226837,187.29817,95593.88,1.2331011e-06,0.18920349
2006-10-27 12:00:00,18.62442,6.4567566,196.15013,95793.07,2.4090298e-08,1.028592
2006-10-28 12:00:00,21.71875,9.170746,199.88918,96259.695,0.0,1.65165
2006-10-29 12:00:00,23.64151,10.670654,189.6514,96329.33,0.0,1.1696783
2006-10-30 12:00:00,25.12555,8.621033,197.45772,96055.836,0.0,0.88250244
2006-10-31 12:00:00,26.605042,13.07782,196.35031,96341.51,0.0,1.9073937
2006-11-01 12:00:00,27.828339,11.154419,196.10959,96499.19,0.0,1.3780305
2006-11-02 12:00:00,28.363403,13.574554,191.30125,96460.945,0.0,1.2815045
2006-11-03 12:00:00,28.90097,13.192871,186.74124,96282.51,0.0,0.7532991
2006-11-04 12:00:00,28.46582,11.532532,188.21336,96248.336,0.0,0.5072374
2006-11-05 12:00:00,26.440247,9.082428,185.2755,96137.06,0.0,0.44970945
2006-11-06 12:00:00,22.454315,8.016083,107.28053,95859.26,2.2863567e-08,0.32176113
2006-11-07 12:00:00,19.981232,7.2774963,95.0065,95906.83,0.0,0.37371507
2006-11-08 12:00:00,18.175842,8.42572,112.449196,96213.69,3.4147882e-07,0.26687768
2006-11-09 12:00:00,22.46878,6.87735,172.5862,96157.07,0.0,0.24963506
2006-11-10 12:00:00,22.27835,8.883362,130.72299,96036.33,0.0,0.36679098
2006-11-11 12:00:00,19.826904,10.124084,166.5112,95776.805,0.0,0.6399597
2006-11-12 12:00:00,21.377716,7.5855103,166.96628,95797.89,1.09411e-09,0.32741177
2006-11-13 12:00:00,22.34079,8.483459,165.87372,95864.36,0.0,0.22717147
2006-11-14 12:00:00,23.72113,9.390686,159.61916,96013.766,0.0,0.24861652
2006-11-15 12:00:00,25.873077,10.770752,164.1286,96015.97,0.0,0.35250956
2006-11-16 12:00:00,23.46045,8.379456,162.2741,95862.35,0.0,0.58360386
2006-11-17 12:00:00,24.51117,8.430969,148.27817,95859.46,0.0,0.45756236
2006-11-18 12:00:00,24.548096,8.921448,162.35495,95972.52,0.0,0.48152012
2006-11-19 12:00:00,28.058899,11.021118,160.748,96186.11,0.0,1.0625848
2006-11-20 12:00:00,27.211823,9.880249,139.03738,96123.41,0.0,0.84075487
2006-11-21 12:00:00,24.794952,9.568237,91.9694,95455.27,1.02676616e-07,0.66536677
2006-11-22 12:00:00,15.839447,7.6621094,156.40115,94913.586,2.0774622e-05,0.26127723
2006-11-23 12:00:00,18.26944,4.65567,154.8934,95336.9,0.0,0.99301606
2006-11-24 12:00:00,20.005157,5.7160034,154.51654,95892.25,0.0,0.6076642
2006-11-25 12:00:00,18.277954,4.3657837,153.08395,95949.875,0.0,0.7207228
2006-11-26 12:00:00,20.025543,4.9906006,154.40723,96082.55,0.0,1.3229147
2006-11-27 12:00:00,20.483154,6.9638977,154.41844,96406.59,0.0,1.4956754
2006-11-28 12:00:00,24.293152,4.6540833,151.50996,96202.516,0.0,1.0818039
2006-11-29 12:00:00,24.858246,11.989227,148.38074,95983.98,0.0,1.0186641
2006-11-30 12:00:00,21.128357,5.057312,149.16231,95465.66,0.0,0.8006047
2006-12-01 12:00:00,15.133881,7.785095,153.94624,96241.28,0.0,3.5382416
2006-12-02 12:00:00,16.387482,3.4029846,146.6315,96783.984,0.0,1.189117
2006-12-03 12:00:00,16.123474,1.060669,145.69383,96343.41,0.0,0.74795073
2006-12-04 12:00:00,15.485779,3.7826233,140.97061,95798.3,0.0,2.3173997
2006-12-05 12:00:00,10.553101,-0.3491211,149.90088,95835.305,1.3003116e-08,1.8049613
2006-12-06 12:00:00,9.210327,-2.1365356,150.1236,96761.875,0.0,1.6573725
2006-12-07 12:00:00,11.845795,-0.32629395,136.87439,97050.59,0.0,1.1902155
2006-12-08 12:00:00,17.338928,-0.6018982,142.88316,96500.57,0.0,1.0242538
2006-12-09 12:00:00,18.843567,6.834717,79.194824,96436.89,0.0,1.4581897
2006-12-10 12:00:00,18.506958,10.575165,77.125145,96181.29,0.0,0.9946151
2006-12-11 12:00:00,19.950348,7.0193787,138.52405,95935.0,1.4125871e-08,0.68900174
2006-12-12 12:00:00,19.683777,5.2009583,138.83984,96024.71,1.4940014e-07,0.4314159
2006-12-13 12:00:00,21.345184,5.8744507,135.40417,96083.65,0.0,0.52697283
2006-12-14 12:00:00,22.793121,7.747711,140.21855,96234.38,0.0,1.6869324
2006-12-15 12:00:00,23.155365,8.486877,141.6888,96298.46,0.0,1.7872258
2006-12-16 12:00:00,20.706299,11.2031555,44.82672,95974.11,0.0,1.205107
2006-12-17 12:00:00,18.33136,7.5858154,136.616,95845.59,0.0,0.22402287
2006-12-18 12:00:00,16.547272,2.5613098,140.0201,95866.8,8.5698787e-07,1.7667575
2006-12-19 12:00:00,13.688934,5.8357544,146.5,96430.78,0.0,4.653039
2006-12-20 12:00:00,14.261078,5.530609,144.62988,96686.555,0.0,2.9696372
2006-12-21 12:00:00,17.585144,7.257416,146.0969,96681.38,0.0,2.3416166
2006-12-22 12:00:00,15.884186,8.896057,112.43801,96746.22,0.0,2.6644282
2006-12-23 12:00:00,15.508759,4.8269653,115.344406,96705.27,0.0,1.804256
2006-12-24 12:00:00,18.598358,1.5021667,145.1761,96772.59,0.0,1.5599566
2006-12-25 12:00:00,22.342255,2.8421936,140.37619,96811.17,0.0,1.3752851
2006-12-26 12:00:00,23.977783,9.4982605,132.52194,96831.06,0.0,1.2557193
2006-12-27 12:00:00,21.539673,6.2352905,135.60414,96607.07,0.0,0.6295508
2006-12-28 12:00:00,26.571045,5.9322815,140.41861,96538.42,0.0,1.1026862
2006-12-29 12:00:00,27.604218,13.303284,137.9161,96679.84,0.0,1.5172374
2006-12-30 12:00:00,27.415436,13.129242,129.83742,96542.945,0.0,0.84133697
2006-12-31 12:00:00,25.433502,9.661774,139.34273,96379.12,0.0,0.5910101
2007-01-01 12:00:00,24.25772,10.232666,96.46682,96418.34,4.35386e-09,0.60871154
2007-01-02 12:00:00,21.745789,11.1736145,70.58207,96320.45,0.0,0.2714962
2007-01-03 12:00:00,22.90744,6.156952,142.76723,96330.805,4.37644e-09,0.45390934
2007-01-04 12:00:00,21.470917,6.7113037,115.670685,96194.11,0.0,0.25201303
2007-01-05 12:00:00,19.929504,6.644348,119.52964,95932.695,0.0,0.2514179
2007-01-06 12:00:00,20.828033,7.324951,142.92287,95879.25,0.0,0.33701065
2007-01-07 12:00:00,18.195587,5.5160522,70.92896,95643.016,0.0,0.62684333
2007-01-08 12:00:00,14.586639,2.2097473,144.26003,95407.9,1.3977086e-07,1.0229954
2007-01-09 12:00:00,14.195068,1.06604,106.4877,95594.41,1.1292913e-06,1.4933019
2007-01-10 12:00:00,12.690887,2.5825806,149.2037,95524.66,1.6919685e-07,1.9300193
2007-01-11 12:00:00,12.650818,1.0552673,152.69218,95977.21,0.0,1.8070297
2007-01-12 12:00:00,12.198486,-0.7936096,134.15921,96282.055,0.0,0.4022952
2007-01-13 12:00:00,9.895111,3.1096802,116.53454,95610.05,0.00019407939,0.748789
2007-01-14 12:00:00,10.988007,-0.4142151,146.33142,96043.375,0.0,0.83883774
2007-01-15 12:00:00,12.756134,3.0269775,142.116,96295.48,0.0,0.35174605
2007-01-16 12:00:00,12.539337,3.9321594,147.8802,96178.586,0.0,0.18540594
2007-01-17 12:00:00,12.111847,4.630829,160.61241,96469.27,1.3777132e-07,2.0586183
2007-01-18 12:00:00,11.387451,2.4670715,162.06902,97182.98,0.0,2.4233987
2007-01-19 12:00:00,14.050873,5.322235,159.86258,97456.52,0.0,1.7209954
2007-01-20 12:00:00,16.149689,0.5656738,161.4677,97326.4,0.0,1.2918284
2007-01-21 12:00:00,19.79477,3.54953,158.85501,96708.05,0.0,1.324123
2007-01-22 12:00:00,22.523956,5.834259,162.99574,96542.77,0.0,1.145023
2007-01-23 12:00:00,20.61139,4.811554,122.48968,96435.91,0.0,0.33116177
2007-01-24 12:00:00,17.397339,2.6805115,165.12617,96023.74,0.0,0.5764331
2007-01-25 12:00:00,16.130981,0.744812,118.09631,95549.86,3.4862983e-06,1.3583478
2007-01-26 12:00:00,10.808746,0.7973633,174.3338,95839.516,0.0,1.4908211
2007-01-27 12:00:00,10.898956,-0.5812988,174.94609,96441.41,0.0,1.0693007
2007-01-28 12:00:00,12.750732,-0.10531616,177.06973,96827.6,0.0,1.597929
2007-01-29 12:00:00,14.999054,1.0529175,179.33363,96905.945,0.0,1.3119422
2007-01-30 12:00:00,17.73404,3.3478088,173.6289,96741.33,0.0,1.0023547
2007-01-31 12:00:00,16.87326,6.886322,53.80785,96337.21,1.8804722e-06,0.48566642
2007-02-01 12:00:00,12.200836,2.389618,181.51465,96074.05,6.291997e-06,1.5520107
2007-02-02 12:00:00,15.680908,2.21109,181.36142,96465.57,0.0,1.2322632
2007-02-03 12:00:00,14.89917,2.711975,111.58699,96296.914,0.0,0.85644615
2007-02-04 12:00:00,12.628967,0.7268982,155.04001,95427.15,1.8297744e-06,0.23025915
2007-02-05 12:00:00,10.748047,0.5934143,187.01299,95228.37,6.3591756e-07,1.7718225
2007-02-06 12:00:00,12.988403,0.5556946,191.86642,95773.69,0.0,1.5292269
2007-02-07 12:00:00,16.038635,0.8229675,192.4278,96491.59,0.0,1.1835271
2007-02-08 12:00:00,18.581757,3.2101135,193.94762,96533.34,0.0,1.6532719
2007-02-09 12:00:00,18.692139,3.1109924,195.84482,95987.164,7.6587705e-09,0.6499894
2007-02-10 12:00:00,19.4646,2.3900757,200.20418,96135.93,0.0,0.44757012
2007-02-11 12:00:00,18.495392,3.197876,199.99255,96717.04,0.0,1.1061971
2007-02-12 12:00:00,21.476868,1.5640564,200.25581,96709.66,0.0,0.5063055
2007-02-13 12:00:00,23.548859,7.9685364,205.78445,96830.99,0.0,1.0514048
2007-02-14 12:00:00,24.963654,7.006714,204.33315,96735.49,0.0,0.7184854
2007-02-15 12:00:00,23.350037,6.106903,162.44728,96506.17,0.0,0.59321624
2007-02-16 12:00:00,19.908417,1.6410522,60.13914,95987.89,1.5887785e-05,0.66907656
2007-02-17 12:00:00,11.699799,2.5734253,130.56908,95778.0,5.1337583e-06,0.88237965
2007-02-18 12:00:00,13.185577,5.056244,179.48747,96246.31,6.0723582e-06,0.98216754
2007-02-19 12:00:00,20.206055,4.2319336,178.1767,96401.3,0.0,0.42510846
2007-02-20 12:00:00,19.890594,5.3624268,101.07786,96080.75,7.385285e-05,1.0648544
2007-02-21 12:00:00,10.85144,7.891968,44.244274,95795.85,0.0002854888,1.1436844
2007-02-22 12:00:00,9.247803,6.8480835,53.19137,95645.586,0.00020348156,1.3963875
2007-02-23 12:00:00,10.76239,8.103577,79.513504,96254.48,4.3193e-05,1.0644377
2007-02-24 12:00:00,15.707733,4.9832153,203.8844,96582.46,1.9622727e-05,0.58995223
2007-02-25 12:00:00,18.532867,10.041992,205.62296,96705.34,0.0,0.77172375
2007-02-26 12:00:00,21.860748,8.314087,221.74586,96387.2,0.0,1.0157293
2007-02-27 12:00:00,25.996521,11.714569,227.34395,95977.72,0.0,1.5435954
2007-02-28 12:00:00,27.401062,15.005035,228.14125,96213.79,0.0,1.3695785
2007-03-01 12:00:00,26.294678,10.983978,227.92694,96425.336,0.0,0.4974716
2007-03-02 12:00:00,22.465668,9.693146,227.23407,96034.086,0.0,0.33096525
2007-03-03 12:00:00,19.586975,6.6288147,220.50476,95614.85,1.0423405e-06,0.44840792
2007-03-04 12:00:00,14.709656,7.8223267,182.87033,95760.75,7.006926e-06,1.1275607
2007-03-05 12:00:00,17.866455,5.886627,235.512,95989.336,2.7028608e-07,0.48152924
2007-03-06 12:00:00,19.030731,6.056061,238.05835,95917.945,0.0,0.2814229
2007-03-07 12:00:00,19.463074,5.8407593,240.6897,95741.484,5.601154e-08,0.34226492
2007-03-08 12:00:00,19.296936,6.7936707,184.14824,95913.445,4.4649445e-07,0.606312
2007-03-09 12:00:00,18.84607,9.150269,143.06566,96119.84,5.229179e-05,0.6015039
2007-03-10 12:00:00,15.905518,5.796417,226.66867,95935.89,6.0995234e-07,0.19543728
2007-03-11 12:00:00,15.17099,7.7315063,93.50097,95884.766,1.22247575e-05,1.0196985
2007-03-12 12:00:00,11.820129,10.3741455,25.832973,95656.43,0.0007549929,1.577514
2007-03-13 12:00:00,10.81723,5.8846436,60.2072,95542.04,0.00022805702,1.0157546
2007-03-14 12:00:00,10.299438,3.6300964,198.82507,95722.68,7.5025496e-06,1.6731471
2007-03-15 12:00:00,12.83606,3.4446716,259.69623,96236.586,0.0,1.5434682
2007-03-16 12:00:00,13.061493,3.986847,195.85219,96662.99,0.0,0.4854965
2007-03-17 12:00:00,12.2508545,6.3342285,143.10365,96651.97,9.992982e-06,0.50875163
2007-03-18 12:00:00,17.57373,4.048218,264.76035,96682.71,2.319875e-07,1.2408285
2007-03-19 12:00:00,19.03366,8.7690735,262.964,96938.88,0.0,1.8654532
2007-03-20 12:00:00,22.467865,10.09787,272.6301,96751.94,0.0,1.6647183
2007-03-21 12:00:00,25.777283,11.581787,275.83752,96395.23,0.0,1.4146005
2007-03-22 12:00:00,26.282135,11.322113,275.86746,96052.94,0.0,0.65063804
2007-03-23 12:00:00,24.577911,7.924103,269.18753,95942.69,1.3206203e-06,0.8794333
2007-03-24 12:00:00,17.622986,7.487549,88.41031,95906.016,1.1851236e-05,1.0129478
2007-03-25 12:00:00,12.956055,3.8544006,258.37387,95825.734,2.3916285e-05,1.5751027
2007-03-26 12:00:00,16.221558,3.138977,276.5668,96289.04,0.0,0.8571491
2007-03-27 12:00:00,15.278442,5.148773,131.97812,96266.516,0.00011574356,0.93594944
2007-03-28 12:00:00,12.770233,2.7506714,286.89413,96242.97,9.8365005e-09,1.5232563
2007-03-29 12:00:00,16.057556,4.0473633,294.3909,96403.16,0.0,1.5522428
2007-03-30 12:00:00,18.999054,5.493042,297.81332,96356.266,0.0,1.1683009
2007-03-31 12:00:00,22.175201,5.9216003,295.73584,96322.84,0.0,1.0032401
2007-04-01 12:00:00,24.664917,10.736237,297.4913,96249.21,0.0,1.5590119
2007-04-02 12:00:00,26.595795,11.699982,299.95032,96031.18,0.0,0.9407243
2007-04-03 12:00:00,27.558807,12.153839,300.54718,95926.195,0.0,0.54474115
2007-04-04 12:00:00,26.514893,10.362427,280.16763,95742.75,0.0,0.8403624
2007-04-05 12:00:00,23.601135,7.7337036,259.3468,95619.19,0.0,0.6280965
2007-04-06 12:00:00,18.81726,4.9727173,289.78796,95575.53,1.0873414e-06,0.90802675
2007-04-07 12:00:00,19.548035,5.6594543,288.5135,95787.41,1.8224802e-07,0.5818083
2007-04-08 12:00:00,19.51239,6.2605896,292.4991,95960.25,6.784263e-07,0.63089395
2007-04-09 12:00:00,20.592682,6.292053,303.8345,95813.37,0.0,0.55310005
2007-04-10 12:00:00,24.933228,7.7075195,306.64462,95887.766,0.0,0.39004335
2007-04-11 12:00:00,29.993042,12.268127,307.0372,96115.98,0.0,0.6719823
2007-04-12 12:00:00,29.137054,11.4913025,264.30536,96181.86,6.3812315e-08,0.92582947
2007-04-13 12:00:00,26.391327,10.307587,313.18753,96028.63,0.0,0.6452126
2007-04-14 12:00:00,24.87799,8.097107,312.14917,95852.305,1.0695684e-07,0.680955
2007-04-15 12:00:00,30.217834,8.264252,320.3421,95769.945,0.0,0.8974778
2007-04-16 12:00:00,29.815521,9.711212,321.3272,95773.64,0.0,0.57121646
2007-04-17 12:00:00,26.934814,8.47287,288.33575,95496.44,0.0,0.66613644
2007-04-18 12:00:00,19.267395,10.228058,273.88104,95284.16,3.5358946e-06,1.0866498
2007-04-19 12:00:00,19.547974,9.952026,260.19864,95708.2,5.2635605e-06,1.154296
2007-04-20 12:00:00,19.930939,6.4736633,223.25696,95973.17,0.0,0.54824865
2007-04-21 12:00:00,19.293152,7.7080383,290.4779,95911.164,1.1495566e-06,0.8733975
2007-04-22 12:00:00,22.958405,7.2286377,320.2082,95879.82,9.051183e-08,0.54120594
2007-04-23 12:00:00,28.131805,9.49588,329.67923,96013.27,0.0,0.32036024
2007-04-24 12:00:00,32.033264,12.3558655,329.72827,95952.93,0.0,0.68361783
2007-04-25 12:00:00,34.01236,15.702362,332.60904,95537.76,0.0,1.0740281
2007-04-26 12:00:00,32.27774,11.217285,331.58102,95409.445,0.0,1.0900294
2007-04-27 12:00:00,22.394318,11.552856,234.96579,95624.7,7.687187e-06,1.329712
2007-04-28 12:00:00,21.748688,8.915344,317.71136,95896.72,1.4317585e-06,0.87994653
2007-04-29 12:00:00,21.675537,8.632751,301.94046,95833.78,3.455696e-08,0.6850198
2007-04-30 12:00:00,19.96643,7.855896,257.5249,95794.125,5.4216073e-08,0.8648891
2007-05-01 12:00:00,17.357086,9.569702,251.5196,95985.88,7.3661827e-06,1.3939036
2007-05-02 12:00:00,19.733673,6.5542603,331.61432,96057.56,3.4715242e-08,0.7545442
2007-05-03 12:00:00,22.488495,7.1054993,309.4087,96062.95,0.0,0.6675735
2007-05-04 12:00:00,23.671478,8.616333,304.06174,96011.25,8.971251e-09,0.6799434
2007-05-05 12:00:00,24.637146,7.8165894,342.87503,96095.07,0.0,0.6157298
2007-05-06 12:00:00,26.152985,9.916901,343.70596,96059.33,0.0,0.5616261
2007-05-07 12:00:00,27.956787,11.86319,350.36563,95812.875,0.0,0.16736998
2007-05-08 12:00:00,26.987335,8.688049,289.27847,95652.34,0.0,0.87955207
2007-05-09 12:00:00,24.10791,6.785034,344.05157,95856.734,0.0,1.1067237
2007-05-10 12:00:00,21.138,6.0209656,343.12143,96192.92,6.2328667e-07,0.8101453
2007-05-11 12:00:00,20.345245,5.845581,331.4859,96358.18,8.9408354e-07,0.9544696
2007-05-12 12:00:00,20.50882,6.582947,338.05878,96316.11,4.20305e-07,0.98051196
2007-05-13 12:00:00,20.461426,6.744171,302.7036,96204.95,1.6726143e-07,0.9404478
2007-05-14 12:00:00,19.234528,8.127777,249.6034,95905.26,4.1674957e-06,1.1758839
2007-05-15 12:00:00,15.3845215,11.073181,96.02901,95857.83,3.0108571e-05,1.3603162
2007-05-16 12:00:00,20.516296,10.702118,281.08533,95833.87,5.817402e-06,1.2022276
2007-05-17 12:00:00,19.54834,9.389069,296.7007,95826.78,1.4415523e-06,0.86029196
2007-05-18 12:00:00,21.56192,10.234009,303.92877,95890.48,2.3751504e-06,1.0182831
2007-05-19 12:00:00,21.703094,10.024628,328.67822,95826.28,6.962148e-07,1.0027858
2007-05-20 12:00:00,21.502258,8.404144,335.5179,95776.89,7.35974e-07,1.0761789
2007-05-21 12:00:00,21.562866,8.817596,332.92264,95831.055,1.1065304e-06,1.1012845
2007-05-22 12:00:00,20.918854,7.227112,344.36652,96002.36,2.1448302e-07,1.019695
2007-05-23 12:00:00,21.54007,7.584717,344.51874,95863.35,3.8690268e-07,0.8483968
2007-05-24 12:00:00,24.678223,8.961212,353.57327,95705.78,0.0,0.7446535
2007-05-25 12:00:00,25.69812,10.13504,345.10892,95651.94,6.4440025e-07,1.0205991
2007-05-26 12:00:00,25.71994,11.389038,312.89508,95659.75,0.0,0.8489175
2007-05-27 12:00:00,23.941467,13.585175,288.24246,95815.16,7.255491e-07,1.299324
2007-05-28 12:00:00,23.141418,10.928558,340.43088,95924.84,4.845974e-07,1.1421182
2007-05-29 12:00:00,23.095886,8.725098,350.39435,95929.84,1.8619053e-07,0.92420256
2007-05-30 12:00:00,25.422333,9.766968,360.94418,95790.164,0.0,0.685487
2007-05-31 12:00:00,25.27649,10.4653015,361.43988,95574.23,0.0,0.94040114
2007-06-01 12:00:00,25.907166,9.9114685,356.45126,95511.15,8.0963054e-07,0.98577744
2007-06-02 12:00:00,25.347809,10.12265,361.62366,95564.695,8.137131e-09,0.90913296
2007-06-03 12:00:00,25.846008,9.476196,358.02393,95836.336,4.3756765e-07,0.74764687
2007-06-04 12:00:00,26.163422,9.901764,360.47253,95917.766,0.0,0.75596863
2007-06-05 12:00:00,26.935852,9.959991,362.69745,95960.18,0.0,0.6759526
2007-06-06 12:00:00,31.106903,12.26651,361.74585,95820.016,0.0,0.5441387
2007-06-07 12:00:00,32.28357,14.150574,363.6964,95715.875,0.0,0.4719311
2007-06-08 12:00:00,31.55832,13.374573,359.4107,95567.33,1.5053232e-08,0.7578174
2007-06-09 12:00:00,29.804108,13.299255,362.00653,95335.945,1.2303188e-07,0.75975436
2007-06-10 12:00:00,27.0495,12.93161,363.03644,95382.86,2.0173411e-07,0.93716305
2007-06-11 12:00:00,26.731323,10.967712,358.30716,95563.65,2.3114218e-07,0.9930511
2007-06-12 12:00:00,29.390472,12.147858,366.2335,95494.91,0.0,0.5056603
2007-06-13 12:00:00,28.920532,13.005951,364.0066,95386.01,0.0,0.67754894
2007-06-14 12:00:00,27.948181,12.022644,365.42572,95433.984,0.0,0.69959676
2007-06-15 12:00:00,26.341187,11.05368,313.44562,95741.37,0.0,0.8690344
2007-06-16 12:00:00,31.81781,12.68161,352.53195,95910.49,0.0,0.39361832
2007-06-17 12:00:00,32.676147,15.911987,336.70865,95713.38,0.0,0.31206897
2007-06-18 12:00:00,31.269867,13.22821,374.0566,95578.805,0.0,0.46188432
2007-06-19 12:00:00,29.310913,12.429565,370.81473,95632.234,0.0,0.601326
2007-06-20 12:00:00,29.870422,12.950226,370.3164,95793.01,0.0,0.45351195
2007-06-21 12:00:00,30.494812,13.046783,371.7684,95771.695,0.0,0.5156007
2007-06-22 12:00:00,31.3266,12.762817,367.712,95735.77,0.0,0.6479409
2007-06-23 12:00:00,31.402191,14.668549,366.5151,95688.016,0.0,0.58956337
2007-06-24 12:00:00,30.77179,13.925751,367.73172,95552.34,0.0,0.38075078
2007-06-25 12:00:00,30.352875,12.848053,371.81036,95648.414,0.0,0.27280587
2007-06-26 12:00:00,29.362946,11.857117,367.87408,95783.484,0.0,1.0340297
2007-06-27 12:00:00,27.256836,12.308868,364.6433,95859.32,6.983821e-08,1.1252784
2007-06-28 12:00:00,29.314087,12.089386,367.07446,95763.28,0.0,0.7817168
2007-06-29 12:00:00,30.133148,12.119019,365.91147,95852.68,0.0,0.7422628
2007-06-30 12:00:00,29.558472,13.0564575,361.1951,96010.87,0.0,0.9937112
2007-07-01 12:00:00,28.286285,12.104187,364.6448,95881.05,0.0,0.9419788
2007-07-02 12:00:00,28.913666,11.212921,365.62863,95707.55,0.0,0.9551951
2007-07-03 12:00:00,30.85611,13.315765,349.773,95795.836,0.0,0.55543756
2007-07-04 12:00:00,30.71701,15.102539,181.03427,95879.77,0.0,0.38219458
2007-07-05 12:00:00,31.767975,14.915802,354.87228,95777.445,0.0,0.68456644
2007-07-06 12:00:00,32.086426,15.620026,352.7557,95751.42,0.0,0.7697834
2007-07-07 12:00:00,31.353882,15.37738,353.2338,95840.65,1.4018458e-08,0.84670043
2007-07-08 12:00:00,30.728516,15.229462,355.00354,95965.49,1.6914864e-08,0.98402345
2007-07-09 12:00:00,31.18753,14.351044,356.5261,95822.72,0.0,0.92290175
2007-07-10 12:00:00,34.629517,16.524597,354.45383,95604.58,0.0,0.5889364
2007-07-11 12:00:00,33.60791,15.709961,356.64783,95545.086,0.0,0.90794927
2007-07-12 12:00:00,31.01239,13.848328,355.07974,95572.5,0.0,0.9327357
2007-07-13 12:00:00,30.098206,15.793762,351.74347,95719.98,0.0,0.9935604
2007-07-14 12:00:00,32.44452,15.405457,351.94315,95917.55,0.0,0.6654061
2007-07-15 12:00:00,33.899292,16.356476,349.88306,95899.945,0.0,0.8357711
2007-07-16 12:00:00,33.602203,16.937744,349.35788,95743.93,0.0,0.68514323
2007-07-17 12:00:00,32.559967,16.240784,348.3629,95720.93,0.0,1.0073005
2007-07-18 12:00:00,31.118317,15.625977,350.58316,95889.664,2.2810749e-09,0.8399612
2007-07-19 12:00:00,31.717438,16.243256,346.07092,95953.34,0.0,0.9575356
2007-07-20 12:00:00,32.550995,17.416931,341.0909,95772.45,0.0,0.93965214
2007-07-21 12:00:00,32.12018,18.35028,335.05212,95673.0,4.3869197e-09,0.94584805
2007-07-22 12:00:00,32.91284,17.316132,339.0374,95781.61,5.4463234e-09,0.81877834
2007-07-23 12:00:00,32.618225,17.75998,250.16658,95937.49,0.0,0.95934576
2007-07-24 12:00:00,32.898132,18.56314,303.04022,95951.89,0.0,0.9440067
2007-07-25 12:00:00,34.321686,19.00238,299.60764,95948.05,1.1608797e-05,0.36945325
2007-07-26 12:00:00,37.298706,19.958069,332.93845,96020.414,7.20127e-06,0.52792823
2007-07-27 12:00:00,39.590485,21.894592,337.39163,95985.8,3.6402122e-07,0.66015524
2007-07-28 12:00:00,40.74478,24.46051,191.97873,95731.86,2.0263853e-06,0.80782247
2007-07-29 12:00:00,40.75537,23.850525,261.59338,95751.97,2.9834144e-08,0.7736289
2007-07-30 12:00:00,36.661316,22.637634,300.9354,95736.305,0.0,0.6550906
2007-07-31 12:00:00,36.009766,22.237762,312.37265,95765.336,0.0,0.7607057
2007-08-01 12:00:00,35.80777,20.8443,330.53622,95818.99,0.0,0.8258727
2007-08-02 12:00:00,34.85141,19.207458,333.63113,95707.71,1.7797873e-08,0.82669675
2007-08-03 12:00:00,32.266815,17.476135,320.4141,95599.95,8.618904e-08,1.2376065
2007-08-04 12:00:00,29.181488,20.18631,166.30673,95632.234,2.18822e-09,1.052575
2007-08-05 12:00:00,36.670715,20.1604,316.07483,95753.1,1.6765941e-06,0.7117194
2007-08-06 12:00:00,36.484314,22.189423,317.79416,95873.484,2.3701652e-08,1.0421584
2007-08-07 12:00:00,35.771484,21.092194,310.66583,96151.37,1.9149236e-06,0.6574523
2007-08-08 12:00:00,37.701233,22.881744,317.49225,96095.94,9.804133e-07,0.63809043
2007-08-09 12:00:00,37.71161,23.307312,315.86176,95897.586,0.0,0.6399675
2007-08-10 12:00:00,35.882355,20.696564,321.5773,95898.375,0.0,0.8783834
2007-08-11 12:00:00,33.91806,18.275665,327.51053,95920.17,2.3240684e-08,0.7391596
2007-08-12 12:00:00,34.787445,18.421143,324.16147,95811.61,0.0,0.53087765
2007-08-13 12:00:00,36.082672,19.889893,318.9341,95697.73,0.0,0.56207246
2007-08-14 12:00:00,35.46704,20.761078,273.44156,95703.81,2.748698e-09,0.5881479
2007-08-15 12:00:00,33.100006,24.126434,115.13734,95889.97,0.0,0.5264792
2007-08-16 12:00:00,32.758423,22.862244,255.71866,95941.875,1.933809e-08,0.83877116
2007-08-17 12:00:00,33.084625,19.32959,315.93445,95880.18,0.0,0.84031034
2007-08-18 12:00:00,33.622345,17.9422,317.068,95808.22,0.0,0.6825181
2007-08-19 12:00:00,35.338104,16.954468,317.69492,95848.766,0.0,0.5594345
2007-08-20 12:00:00,36.325287,18.213654,317.68365,95883.836,0.0,0.57097065
2007-08-21 12:00:00,35.767273,19.222076,312.43344,95829.76,0.0,0.50013185
2007-08-22 12:00:00,34.004547,18.091583,203.81618,95892.04,0.0,0.7519995
2007-08-23 12:00:00,32.257202,22.213959,201.00511,95863.41,1.3207051e-06,0.49392527
2007-08-24 12:00:00,31.272644,17.573486,294.41718,95969.72,0.0,0.7255096
2007-08-25 12:00:00,29.014618,14.299164,311.7353,95944.28,2.7209879e-08,0.62463486
2007-08-26 12:00:00,28.967926,14.433777,307.9465,95735.19,0.0,0.6578903
2007-08-27 12:00:00,28.592377,14.678253,307.26236,95611.695,0.0,0.8503435
2007-08-28 12:00:00,28.62616,13.833679,307.16357,95655.625,0.0,0.87572044
2007-08-29 12:00:00,29.092682,13.516174,307.77414,95711.27,0.0,0.627784
2007-08-30 12:00:00,29.670685,13.615509,306.15283,95601.234,0.0,0.5565512
2007-08-31 12:00:00,30.473877,14.417694,305.49356,95508.95,0.0,0.38494346
2007-09-01 12:00:00,31.543152,14.480621,307.16245,95674.09,0.0,0.4245637
2007-09-02 12:00:00,30.91278,13.382904,307.51013,95731.35,0.0,0.61639917
2007-09-03 12:00:00,30.438751,12.057434,304.51108,95725.195,7.484611e-09,0.5690122
2007-09-04 12:00:00,31.22049,12.094452,305.43768,95731.51,0.0,0.47059572
2007-09-05 12:00:00,31.195923,13.649017,296.98938,95667.836,0.0,0.4925748
2007-09-06 12:00:00,30.404968,12.799377,299.5066,95582.64,0.0,0.617221
2007-09-07 12:00:00,30.311798,12.479736,298.6654,95588.27,0.0,0.559391
2007-09-08 12:00:00,29.526428,12.51535,295.38895,95762.77,0.0,0.5289574
2007-09-09 12:00:00,28.202179,11.446686,292.69067,95845.87,0.0,0.727424
2007-09-10 12:00:00,26.332794,11.126312,289.00546,95788.32,0.0,0.8566991
2007-09-11 12:00:00,24.67163,12.110321,255.5906,95735.27,4.5362517e-06,0.9879419
2007-09-12 12:00:00,21.877563,11.314819,281.4389,95736.1,2.1455855e-06,1.0559024
2007-09-13 12:00:00,24.381683,10.405304,280.26642,95753.03,0.0,0.56535226
2007-09-14 12:00:00,23.541473,10.7378235,269.96426,95691.23,4.2366074e-07,0.7706213
2007-09-15 12:00:00,22.61737,10.053375,266.939,95747.57,3.9579436e-07,0.54097235
2007-09-16 12:00:00,22.380096,8.997681,271.33527,95942.42,8.581944e-08,0.5664215
2007-09-17 12:00:00,25.535858,9.976685,264.40088,96046.17,0.0,0.402879
2007-09-18 12:00:00,26.72754,11.776215,271.50092,95888.0,0.0,0.5506072
2007-09-19 12:00:00,24.96814,10.863281,263.043,95800.68,6.9943906e-07,0.66994405
2007-09-20 12:00:00,22.066284,10.178741,263.78287,95901.01,1.9458537e-06,0.5157084
2007-09-21 12:00:00,24.116608,9.977356,254.81117,95984.305,0.0,0.45826617
2007-09-22 12:00:00,23.335358,9.986938,259.2968,95913.45,5.1876043e-08,0.67813516
2007-09-23 12:00:00,26.501709,9.63446,257.67126,95913.4,3.3481413e-07,0.22210732
2007-09-24 12:00:00,27.149445,11.664093,258.22565,95951.19,0.0,0.41083974
2007-09-25 12:00:00,26.045227,11.195709,254.52567,95976.66,9.339532e-08,0.6994165
2007-09-26 12:00:00,23.42508,11.496643,252.56035,95874.555,1.6993631e-06,0.5487198
2007-09-27 12:00:00,23.464539,10.964966,250.73271,95715.07,7.306092e-08,0.53415984
2007-09-28 12:00:00,23.363403,9.7595825,247.347,95844.734,6.5585186e-07,0.5048103
2007-09-29 12:00:00,26.435486,10.63623,250.28506,95845.32,0.0,0.36753327
2007-09-30 12:00:00,29.469818,12.379822,249.85155,95804.96,0.0,0.27651498
2007-10-01 12:00:00,28.790588,12.208649,247.33478,95786.63,0.0,0.45813403
2007-10-02 12:00:00,32.4823,13.919891,249.05974,95808.71,0.0,0.46894497
2007-10-03 12:00:00,31.613617,13.327667,247.36287,95842.33,0.0,0.5740955
2007-10-04 12:00:00,30.922241,12.29541,242.8684,95794.6,0.0,0.37549633
2007-10-05 12:00:00,34.24124,14.327484,240.50026,95881.02,0.0,0.4460324
2007-10-06 12:00:00,33.87503,15.3703,237.48349,95991.75,0.0,0.6979348
2007-10-07 12:00:00,36.331726,17.625916,235.26755,95939.85,0.0,0.83682245
2007-10-08 12:00:00,35.110046,15.343231,224.90422,95714.53,1.0741955e-09,0.34614056
2007-10-09 12:00:00,30.996124,17.891846,222.68503,95645.625,2.3213348e-08,0.9730778
2007-10-10 12:00:00,29.872986,13.392303,228.37923,95509.07,0.0,0.6234976
2007-10-11 12:00:00,29.670013,12.72998,225.5559,95761.48,0.0,0.39272594
2007-10-12 12:00:00,30.353882,13.772888,218.97356,95983.08,0.0,0.5692335
2007-10-13 12:00:00,31.05072,14.766388,220.54015,95972.66,0.0,0.3665399
2007-10-14 12:00:00,30.10263,13.563873,219.22615,96011.65,0.0,0.5879886
2007-10-15 12:00:00,31.244324,16.151825,214.93991,95957.68,0.0,0.5216536
2007-10-16 12:00:00,31.834015,17.956299,209.82689,95823.95,0.0,0.89531606
2007-10-17 12:00:00,29.345215,15.328857,211.12598,95740.93,0.0,0.28476664
2007-10-18 12:00:00,25.29538,13.150696,206.12299,95748.16,9.4439605e-07,0.49465764
2007-10-19 12:00:00,27.812744,10.453827,210.38133,95707.055,2.2723038e-06,0.80415565
2007-10-20 12:00:00,30.007996,14.527161,211.45367,96199.766,0.0,1.269273
2007-10-21 12:00:00,30.42212,13.706299,210.18512,96005.21,0.0,0.7452881
2007-10-22 12:00:00,27.325317,9.417358,96.303795,95454.35,2.0202853e-05,1.0496068
2007-10-23 12:00:00,14.917236,7.6412354,54.85391,95703.43,0.000118960495,1.0634078
2007-10-24 12:00:00,12.522736,5.70459,133.79439,95996.445,2.903421e-06,0.5799184
2007-10-25 12:00:00,14.399567,5.542755,193.14409,95976.59,1.3615794e-05,0.37213853
2007-10-26 12:00:00,19.294464,4.5100403,203.4323,96277.69,0.0,1.1200252
2007-10-27 12:00:00,18.859375,5.1778564,196.8765,96175.11,0.0,0.36408973
2007-10-28 12:00:00,21.001862,6.9299927,192.87227,95958.78,0.0,0.2520154
2007-10-29 12:00:00,22.66446,9.754547,191.25308,95776.16,0.0,0.5183058
2007-10-30 12:00:00,24.05368,7.975525,191.95398,95727.82,0.0,1.1348646
2007-10-31 12:00:00,26.237396,12.3012085,192.07996,96152.45,0.0,1.6195838
2007-11-01 12:00:00,25.494476,10.912445,177.9364,95936.48,0.0,0.721203
2007-11-02 12:00:00,23.228241,7.7914734,134.23477,95711.53,2.2802805e-08,0.8511204
2007-11-03 12:00:00,16.546814,10.567108,92.133514,95404.766,3.1767067e-05,0.3832546
2007-11-04 12:00:00,16.82196,4.0794373,188.35272,95891.26,0.0,1.2420883
2007-11-05 12:00:00,20.46048,4.3742065,183.85255,95903.98,0.0,0.8529322
2007-11-06 12:00:00,21.543915,9.167267,181.971,95802.28,0.0,0.55345184
2007-11-07 12:00:00,19.227661,6.4399414,106.23693,95568.57,4.438622e-06,1.0038996
2007-11-08 12:00:00,12.872894,5.5803833,166.08687,95176.61,0.0003592954,0.4969545
2007-11-09 12:00:00,14.782013,4.8461304,173.8703,96394.0,0.0,0.6474488
2007-11-10 12:00:00,19.020203,6.851837,173.77528,96439.05,0.0,1.7428893
2007-11-11 12:00:00,22.18045,13.066406,174.43779,96624.16,0.0,2.667634
2007-11-12 12:00:00,23.64148,10.300934,162.1294,96463.73,0.0,1.7556511
2007-11-13 12:00:00,21.972565,11.8003235,166.49762,96357.43,0.0,0.32829896
2007-11-14 12:00:00,23.419891,7.726074,168.43005,96447.91,0.0,0.96385926
2007-11-15 12:00:00,26.209167,12.059967,167.27739,96286.195,0.0,1.5652078
2007-11-16 12:00:00,25.60788,11.655792,160.71672,96197.59,0.0,0.7405542
2007-11-17 12:00:00,23.29544,9.598145,122.04445,96092.63,0.0,0.4404149
2007-11-18 12:00:00,24.196533,8.46283,154.9553,95840.72,0.0,0.6531619
2007-11-19 12:00:00,25.562134,10.408508,160.6069,95982.055,0.0,0.7813531
2007-11-20 12:00:00,25.573883,9.959839,158.82918,96237.87,0.0,0.54093754
2007-11-21 12:00:00,26.68924,10.003754,142.01447,96340.58,0.0,0.42383036
2007-11-22 12:00:00,24.34851,9.74762,117.99936,96382.62,0.0,0.40250844
2007-11-23 12:00:00,26.06955,10.487396,136.56981,96266.43,0.0,0.56636524
2007-11-24 12:00:00,28.201355,10.084778,155.18407,96208.0,0.0,1.2996569
2007-11-25 12:00:00,29.649841,17.72409,155.55443,96352.51,0.0,1.7488441
2007-11-26 12:00:00,28.354218,12.627808,152.94295,96148.02,0.0,1.2725359
2007-11-27 12:00:00,25.874481,12.503387,153.91159,96026.11,0.0,1.9581498
2007-11-28 12:00:00,25.63324,15.719727,155.24626,96224.66,0.0,2.2640266
2007-11-29 12:00:00,26.570404,9.837219,150.73358,96169.47,0.0,1.5254039
2007-11-30 12:00:00,26.389404,15.292267,151.70168,96371.945,0.0,2.1811566
2007-12-01 12:00:00,27.792572,10.859253,148.72708,96345.31,0.0,1.5795413
2007-12-02 12:00:00,26.657867,9.703857,148.56662,96027.24,0.0,0.8666939
2007-12-03 12:00:00,25.432373,10.270203,146.3625,96079.01,0.0,0.6872138
2007-12-04 12:00:00,24.6781,7.2392273,142.49272,95998.81,0.0,0.91356236
2007-12-05 12:00:00,24.81601,15.794647,140.8372,96273.445,0.0,2.4023607
2007-12-06 12:00:00,26.089417,16.177399,142.67336,96278.79,0.0,1.6876214
2007-12-07 12:00:00,25.381897,11.387421,140.10225,96111.52,0.0,1.4784453
2007-12-08 12:00:00,23.81137,17.484558,145.56944,96434.43,0.0,3.3862014
2007-12-09 12:00:00,24.466217,17.02069,144.8268,96544.48,0.0,2.4337282
2007-12-10 12:00:00,23.682953,9.862762,119.15124,96192.62,0.0,1.6891316
2007-12-11 12:00:00,24.080017,13.954315,148.34236,96201.03,0.0,2.3787348
2007-12-12 12:00:00,22.94513,7.4916077,143.18604,96584.26,0.0,1.7989755
2007-12-13 12:00:00,22.594635,10.136383,135.94571,96933.55,0.0,1.6970907
2007-12-14 12:00:00,23.192902,10.156647,144.4968,96786.65,0.0,1.659743
2007-12-15 12:00:00,24.49887,7.6439514,140.87935,96497.305,0.0,1.6938055
2007-12-16 12:00:00,24.55191,10.592682,135.05225,96439.79,0.0,1.2319959
2007-12-17 12:00:00,22.25888,7.4232483,140.4203,96203.76,0.0,1.0042361
2007-12-18 12:00:00,19.523834,8.471893,144.02998,96642.65,0.0,2.7767544
2007-12-19 12:00:00,19.818695,1.8347473,145.61957,96713.125,0.0,1.3447522
2007-12-20 12:00:00,22.899323,3.7911072,142.19975,96617.75,0.0,0.85645103
2007-12-21 12:00:00,23.566528,8.074493,124.305984,96730.02,0.0,1.1942184
2007-12-22 12:00:00,24.648346,8.714661,118.37361,96480.305,0.0,1.302168
2007-12-23 12:00:00,23.271637,8.657806,139.80273,96404.37,0.0,0.8400408
2007-12-24 12:00:00,22.673584,6.057434,139.2665,96296.88,0.0,0.487555
2007-12-25 12:00:00,25.350098,7.397583,142.78929,96344.35,0.0,1.5976654
2007-12-26 12:00:00,23.778717,10.429871,138.59001,96358.97,0.0,0.7255139
2007-12-27 12:00:00,20.166595,3.281189,139.18697,96147.695,2.2233358e-08,0.8360751
2007-12-28 12:00:00,16.78482,2.4497375,137.65068,96157.055,0.0,1.9093634
2007-12-29 12:00:00,15.636749,4.408966,96.574554,96451.445,0.0,1.5390081
2007-12-30 12:00:00,17.09021,1.7347717,132.84073,96320.13,0.0,0.37214208
2007-12-31 12:00:00,15.263367,0.91101074,48.297024,96223.22,6.346515e-05,0.6252994
2008-01-01 12:00:00,10.659058,7.9912415,57.45874,96112.55,3.9721912e-05,0.6413331
2008-01-02 12:00:00,10.602997,5.1993713,67.84887,96080.445,6.2084637e-06,0.54506093
2008-01-03 12:00:00,12.086334,8.947296,32.295242,96004.32,4.6374767e-05,0.8855545
2008-01-04 12:00:00,11.944214,6.12265,101.25469,96119.664,1.0777336e-05,0.6873658
2008-01-05 12:00:00,10.886353,3.554779,48.28068,95932.734,2.0502762e-06,0.59820986
2008-01-06 12:00:00,8.802887,4.330597,51.922264,95233.12,0.0002525999,0.6643209
2008-01-07 12:00:00,6.909363,-0.5520325,115.98791,95040.05,1.5378636e-06,1.5025253
2008-01-08 12:00:00,7.304535,-2.091858,145.71596,95414.3,0.0,1.5125082
2008-01-09 12:00:00,8.830872,-0.48242188,143.15233,96280.14,0.0,0.7154603
2008-01-10 12:00:00,8.351013,0.99368286,54.37494,96562.33,1.337477e-05,0.75615275
2008-01-11 12:00:00,9.140686,3.2780457,143.23013,96218.97,9.873834e-05,0.8322967
2008-01-12 12:00:00,11.290588,0.47088623,137.7756,96499.6,0.0,1.5128719
2008-01-13 12:00:00,15.290131,2.0709534,146.54051,96479.805,0.0,1.7533678
2008-01-14 12:00:00,14.477692,5.2927246,131.45493,96261.07,0.0,0.85593075
2008-01-15 12:00:00,13.483887,2.4837036,143.37813,96036.62,8.214694e-07,0.49005678
2008-01-16 12:00:00,13.003693,5.7286377,89.856445,96173.914,0.0,0.112179115
2008-01-17 12:00:00,11.669647,8.067963,63.167652,95982.42,5.958249e-05,0.38440424
2008-01-18 12:00:00,10.383545,1.5818787,158.43259,96265.54,1.0568166e-07,1.9181389
2008-01-19 12:00:00,13.859253,2.3763123,156.8949,97043.44,0.0,1.5648036
2008-01-20 12:00:00,16.87146,4.54834,156.1095,96926.72,0.0,1.0018674
2008-01-21 12:00:00,15.299042,3.5672302,129.43398,96205.88,0.0,0.5457199
2008-01-22 12:00:00,12.69931,3.009369,124.714485,95786.29,2.0145103e-06,0.48718402
2008-01-23 12:00:00,15.266083,2.9411316,159.30403,96427.38,2.4351158e-07,0.42682874
2008-01-24 12:00:00,17.959686,4.742157,163.0506,97174.75,0.0,1.4469376
2008-01-25 12:00:00,17.996521,8.600739,165.94441,97210.93,0.0,2.0797532
2008-01-26 12:00:00,18.930573,9.892548,169.26537,97028.1,0.0,1.9734437
2008-01-27 12:00:00,21.227661,8.116852,170.54933,96849.12,0.0,1.7523289
2008-01-28 12:00:00,21.469604,8.422302,171.70367,96702.47,0.0,1.0663111
2008-01-29 12:00:00,21.119385,8.779999,150.78574,96844.7,0.0,0.786233
2008-01-30 12:00:00,21.905731,8.706146,174.00513,96645.71,0.0,1.1626525
2008-01-31 12:00:00,21.401215,8.610046,176.59279,96356.49,0.0,0.7536613
2008-02-01 12:00:00,18.600891,3.5549622,175.8323,96300.43,1.18107344e-07,0.63172585
2008-02-02 12:00:00,14.5147705,4.4747925,101.032074,96245.25,6.426547e-06,0.7771018
2008-02-03 12:00:00,14.464813,3.9114685,169.433,96383.82,2.1735921e-05,0.55162865
2008-02-04 12:00:00,16.558624,4.2058105,168.48795,96621.33,0.0,0.49847186
2008-02-05 12:00:00,19.592346,5.610016,167.30255,96345.26,0.0,0.6440148
2008-02-06 12:00:00,18.453033,4.636383,127.546844,96316.42,2.4720655e-06,0.82810754
2008-02-07 12:00:00,16.019073,4.138092,120.907234,96194.48,0.0,0.8561168
2008-02-08 12:00:00,16.139282,3.7449646,186.26149,96009.086,0.0,0.60670197
2008-02-09 12:00:00,15.3526,3.4898376,187.47427,95982.07,1.4619419e-09,0.62763745
2008-02-10 12:00:00,12.65332,6.782318,25.676998,96014.94,0.00038165908,1.7209777
2008-02-11 12:00:00,9.567383,7.121338,36.53541,95693.34,0.00063191843,1.2189565
2008-02-12 12:00:00,11.014984,4.2979736,162.97415,95643.8,5.520798e-05,1.0477366
2008-02-13 12:00:00,12.048309,3.0097656,156.45256,95852.18,2.8134727e-07,0.7352808
2008-02-14 12:00:00,14.743134,3.1211548,200.97556,96211.51,2.5493602e-08,1.5680768
2008-02-15 12:00:00,16.420074,4.425598,207.58472,96617.68,0.0,1.5324279
2008-02-16 12:00:00,17.124634,5.5946045,206.85616,96451.56,0.0,1.1331587
2008-02-17 12:00:00,19.020233,6.3349915,209.76633,96226.77,0.0,1.1238347
2008-02-18 12:00:00,18.322021,6.9227905,210.99815,95927.12,0.0,0.62847614
2008-02-19 12:00:00,15.731323,5.6577454,204.7771,95880.71,2.2601796e-06,0.5393552
2008-02-20 12:00:00,18.493591,6.346344,210.44893,96039.32,7.750094e-08,0.6027616
2008-02-21 12:00:00,19.953278,7.31369,214.01285,95941.87,3.1404787e-07,0.2812257
2008-02-22 12:00:00,19.151764,5.5753784,213.45308,95805.79,1.8963706e-07,0.75940835
2008-02-23 12:00:00,12.737366,1.8901672,223.52306,95792.45,5.2479054e-06,0.98436964
2008-02-24 12:00:00,16.410736,1.3596497,229.13745,96203.5,0.0,1.584881
2008-02-25 12:00:00,16.393433,2.2729187,224.51567,96216.45,0.0,0.6379745
2008-02-26 12:00:00,15.597717,4.991516,218.38799,95951.74,7.2451057e-06,0.50599897
2008-02-27 12:00:00,17.073975,4.2743225,223.43192,96112.086,0.0,0.1852609
2008-02-28 12:00:00,19.359283,6.120758,225.55179,96256.2,0.0,0.33651525
2008-02-29 12:00:00,,,,,,
2008-03-01 12:00:00,18.610077,4.069031,227.18698,96171.81,7.935016e-08,0.7197094
2008-03-02 12:00:00,17.546844,3.250061,236.00406,96260.6,4.9025914e-07,0.421738
2008-03-03 12:00:00,17.494385,4.006897,227.96063,96242.58,0.0,0.73152757
2008-03-04 12:00:00,13.806793,1.1733704,240.24771,95972.984,0.0,0.7713539
2008-03-05 12:00:00,16.247772,2.8361816,239.38129,96324.49,0.0,0.7722294
2008-03-06 12:00:00,19.104065,3.8065186,240.4898,96304.48,0.0,0.29928815
2008-03-07 12:00:00,18.946716,3.8736877,245.33469,95914.44,0.0,0.35803413
2008-03-08 12:00:00,17.958893,3.604004,234.3142,95835.32,3.079113e-07,0.9028473
2008-03-09 12:00:00,12.061768,0.69537354,257.81607,96349.49,0.0,2.267073
2008-03-10 12:00:00,14.288635,-0.27148438,255.14375,96564.266,0.0,1.3425955
2008-03-11 12:00:00,18.33722,3.341278,256.74155,96984.516,0.0,1.010423
2008-03-12 12:00:00,21.980164,7.044281,263.2905,96868.97,0.0,1.2778718
2008-03-13 12:00:00,22.599518,7.197876,267.61502,96324.04,0.0,1.6345993
2008-03-14 12:00:00,22.27124,4.759308,263.88025,96068.3,7.242915e-08,1.580618
2008-03-15 12:00:00,15.079803,7.4507446,140.87631,96256.53,0.00045424484,1.2903868
2008-03-16 12:00:00,12.810211,7.1617126,131.61307,96394.016,3.2771127e-06,0.61505836
2008-03-17 12:00:00,12.460785,7.0053406,50.9978,95884.27,0.0003876176,1.3736459
2008-03-18 12:00:00,9.354736,4.485382,80.85355,95791.56,0.00062136305,1.2578664
2008-03-19 12:00:00,11.747314,2.4328003,235.44214,96078.93,4.0153787e-07,0.20443347
2008-03-20 12:00:00,10.937805,6.6348267,59.447483,95908.14,3.406956e-05,0.85695636
2008-03-21 12:00:00,12.145935,3.605835,239.82219,95412.53,1.8804592e-05,0.35764956
2008-03-22 12:00:00,13.35437,3.961914,251.95624,95974.19,5.503674e-09,0.34647802
2008-03-23 12:00:00,21.25415,5.7293396,269.31476,96197.26,9.7195905e-09,0.792464
2008-03-24 12:00:00,22.50589,12.298584,279.12088,96521.27,0.0,2.1168408
2008-03-25 12:00:00,24.169373,13.776001,284.59937,96503.82,0.0,1.8033422
2008-03-26 12:00:00,26.387756,12.140747,287.23126,96219.63,0.0,0.8168482
2008-03-27 12:00:00,26.072205,10.70636,271.4424,96073.72,0.0,0.66866046
2008-03-28 12:00:00,23.120178,8.90036,287.1471,96260.15,0.0,0.54080117
2008-03-29 12:00:00,21.835968,10.526428,274.72125,96219.08,8.309692e-09,0.3817897
2008-03-30 12:00:00,22.201324,9.923828,277.5946,96053.195,1.2171119e-08,0.5859206
2008-03-31 12:00:00,20.499512,8.518005,176.45578,95799.375,4.1457456e-06,0.8717111
2008-04-01 12:00:00,14.336639,5.9777527,216.63544,95543.6,2.3270239e-05,1.5842192
2008-04-02 12:00:00,11.463593,0.7986145,252.63138,95773.555,1.4239404e-07,1.4171097
2008-04-03 12:00:00,16.624542,1.5577087,274.0436,96291.89,0.0,1.3228581
2008-04-04 12:00:00,20.818298,4.839508,293.23105,96065.01,0.0,1.2092712
2008-04-05 12:00:00,23.355316,8.391602,296.27112,95995.164,0.0,0.5076531
2008-04-06 12:00:00,28.503693,9.375824,295.8815,96078.914,0.0,0.51289254
2008-04-07 12:00:00,28.807404,11.710114,291.02847,96012.695,0.0,0.25899005
2008-04-08 12:00:00,28.241394,9.40097,302.46146,95980.96,0.0,0.7540673
2008-04-09 12:00:00,21.653992,6.902649,307.66385,96126.61,4.812771e-07,0.7334394
2008-04-10 12:00:00,18.201416,7.383148,150.11134,95956.73,2.8527564e-05,1.0585259
2008-04-11 12:00:00,16.414734,5.597595,311.11945,96265.73,1.0555734e-06,2.5004387
2008-04-12 12:00:00,22.346558,7.121338,315.7798,96638.19,0.0,1.0471914
2008-04-13 12:00:00,21.573914,6.532593,317.4494,96266.18,0.0,0.6494489
2008-04-14 12:00:00,19.964172,6.9813843,187.97327,95712.87,3.9644997e-06,0.78087115
2008-04-15 12:00:00,20.329468,4.4073486,328.25208,96076.5,0.0,1.9191618
2008-04-16 12:00:00,27.022186,11.458618,331.5906,96482.2,0.0,1.8218644
2008-04-17 12:00:00,30.030426,12.809387,332.6373,96290.17,0.0,0.9758644
2008-04-18 12:00:00,28.70346,8.248505,326.61713,95918.78,0.0,0.778981
2008-04-19 12:00:00,22.981659,7.7887573,325.01825,95840.125,0.0,0.6408612
2008-04-20 12:00:00,20.632141,6.6874695,298.65784,95790.61,1.2165682e-06,0.89187634
2008-04-21 12:00:00,19.197784,9.001007,294.13696,95576.22,1.2020099e-05,0.9061179
2008-04-22 12:00:00,26.26825,6.703186,330.71716,95977.016,0.0,0.48571384
2008-04-23 12:00:00,28.887604,10.916748,331.16202,96191.01,0.0,0.58601743
2008-04-24 12:00:00,29.08368,11.118713,334.38174,95971.53,0.0,0.79866266
2008-04-25 12:00:00,27.715393,8.470825,318.24805,95767.02,2.3619226e-08,0.71410537
2008-04-26 12:00:00,23.60495,9.280029,270.39996,95657.02,3.7792452e-07,1.0664728
2008-04-27 12:00:00,18.12503,7.7719727,312.78284,95729.24,5.942407e-06,1.4020364
2008-04-28 12:00:00,21.409607,5.1962585,327.90945,95948.66,2.6514451e-08,0.73375666
2008-04-29 12:00:00,27.562012,6.768585,331.1799,95762.945,0.0,0.67681307
2008-04-30 12:00:00,33.04364,12.585602,343.46634,95766.875,0.0,1.1254613
2008-05-01 12:00:00,32.941284,18.207489,346.3533,95760.336,0.0,1.0839683
2008-05-02 12:00:00,31.296082,11.754822,339.87112,95803.375,7.462508e-08,0.48953345
2008-05-03 12:00:00,29.822449,11.80069,334.23044,95804.586,0.0,0.43632168
2008-05-04 12:00:00,27.471771,11.46048,341.17502,95799.77,0.0,0.49136668
2008-05-05 12:00:00,25.71109,8.256683,346.9907,95850.45,0.0,0.74733967
2008-05-06 12:00:00,22.78479,7.0466614,346.43427,95835.94,0.0,0.71628004
2008-05-07 12:00:00,21.701538,6.8618774,328.60638,95961.02,1.2927675e-06,0.9387021
2008-05-08 12:00:00,23.441559,7.6763,343.47626,95888.875,0.0,0.5500075
2008-05-09 12:00:00,26.245972,10.025299,344.9484,95762.77,0.0,0.33557564
2008-05-10 12:00:00,25.700989,10.161713,346.84427,95770.53,0.0,0.47312865
2008-05-11 12:00:00,24.363495,8.843964,343.5702,95840.766,3.427161e-07,1.0527604
2008-05-12 12:00:00,20.391022,11.08725,161.14659,95982.164,2.3061473e-05,1.3167908
2008-05-13 12:00:00,21.174438,5.5936584,353.1683,95916.69,7.876692e-08,0.69395995
2008-05-14 12:00:00,25.416626,9.392639,356.48172,95782.6,0.0,0.88707924
2008-05-15 12:00:00,24.594269,8.665436,348.07773,95738.45,0.0,0.93458605
2008-05-16 12:00:00,22.108856,8.48587,345.4538,95967.45,1.9571235e-08,0.9846507
2008-05-17 12:00:00,19.804993,5.7737427,353.63272,96009.91,0.0,0.86951363
2008-05-18 12:00:00,17.728516,6.443634,164.30736,95759.88,3.6825504e-06,1.06517
2008-05-19 12:00:00,17.49649,10.201263,282.2958,95851.46,2.4574845e-05,1.478903
2008-05-20 12:00:00,16.59134,7.0690002,325.1558,96105.84,1.6739813e-06,1.2983664
2008-05-21 12:00:00,18.915497,6.2983704,356.11002,96254.29,1.6850929e-07,0.54641193
2008-05-22 12:00:00,23.315948,7.026764,360.97864,95986.23,0.0,0.53834945
2008-05-23 12:00:00,22.831116,8.266968,357.62082,95691.98,0.0,1.0647583
2008-05-24 12:00:00,20.896942,8.641357,339.47287,95830.83,2.1500114e-06,0.91784245
2008-05-25 12:00:00,24.837189,8.480835,357.84418,96051.49,0.0,0.66037214
2008-05-26 12:00:00,30.978638,11.161896,357.17624,95939.05,0.0,0.44625878
2008-05-27 12:00:00,36.532043,15.658905,358.4922,95908.06,0.0,1.1689361
2008-05-28 12:00:00,37.815857,21.757202,360.89865,95906.04,2.194891e-08,0.908042
2008-05-29 12:00:00,36.892426,17.832306,358.40683,95633.625,0.0,1.0726558
2008-05-30 12:00:00,32.49582,12.159637,361.70007,95657.81,6.13903e-07,1.054454
2008-05-31 12:00:00,25.785645,9.375885,365.26532,95957.93,0.0,1.0063325
2008-06-01 12:00:00,27.200989,10.583984,365.53088,96071.64,0.0,0.7580784
2008-06-02 12:00:00,28.6492,12.401978,363.023,95950.77,0.0,0.68704045
2008-06-03 12:00:00,27.727264,12.303467,355.88235,95769.48,0.0,0.84024376
2008-06-04 12:00:00,26.56305,11.14801,361.82388,95804.36,0.0,0.87128085
2008-06-05 12:00:00,25.559479,10.231262,365.33087,95944.97,0.0,1.0405121
2008-06-06 12:00:00,24.619019,8.881439,359.92075,96011.57,9.323302e-08,0.9727675
2008-06-07 12:00:00,27.395355,10.4808655,365.5659,96010.195,0.0,0.76314896
2008-06-08 12:00:00,29.446014,12.565857,349.38754,95963.625,0.0,0.53623295
2008-06-09 12:00:00,29.443756,13.458099,363.9267,95752.84,0.0,0.4995733
2008-06-10 12:00:00,28.826294,12.521484,361.84073,95708.266,0.0,1.0069159
2008-06-11 12:00:00,27.342682,12.08606,362.57816,95852.37,9.639794e-08,0.9179274
2008-06-12 12:00:00,26.217499,10.51532,359.7889,95987.41,1.3655463e-07,0.8966406
2008-06-13 12:00:00,27.956268,12.823242,326.39838,95947.62,0.0,0.83978134
2008-06-14 12:00:00,29.927582,11.373566,320.99277,96104.76,0.0,0.67960393
2008-06-15 12:00:00,30.926392,13.4296875,365.67792,96054.016,0.0,0.6900563
2008-06-16 12:00:00,29.904602,12.508575,368.1096,95747.336,0.0,0.55096793
2008-06-17 12:00:00,28.68103,10.856842,370.43286,95407.055,0.0,0.786337
2008-06-18 12:00:00,28.94217,13.106506,365.4384,95339.77,0.0,0.70048565
2008-06-19 12:00:00,27.85965,13.213409,354.2462,95552.27,0.0,0.949376
2008-06-20 12:00:00,25.129547,13.168854,354.7528,95687.26,0.0,1.0951085
2008-06-21 12:00:00,24.369629,11.647339,357.72668,95852.62,7.831287e-07,0.9875642
2008-06-22 12:00:00,23.802216,10.530182,353.59872,96092.5,1.1964812e-07,0.9480641
2008-06-23 12:00:00,26.037903,11.148529,364.23462,96004.75,0.0,0.618567
2008-06-24 12:00:00,29.918213,12.622711,369.92538,95842.49,0.0,0.50993896
2008-06-25 12:00:00,30.199097,12.823608,370.32452,95780.33,0.0,0.63348144
2008-06-26 12:00:00,28.802887,11.32901,371.35315,95924.56,0.0,0.8346004
2008-06-27 12:00:00,27.82434,11.439697,367.9175,96017.805,1.407747e-09,0.8836119
2008-06-28 12:00:00,27.50357,10.907959,351.42795,95902.21,2.7074551e-09,0.8397398
2008-06-29 12:00:00,26.466278,11.47757,325.08307,95771.234,0.0,0.9914051
2008-06-30 12:00:00,24.640015,10.597992,358.22,95746.51,4.7695114e-08,1.1118014
2008-07-01 12:00:00,23.896637,10.371521,342.78458,95845.73,4.7177156e-07,1.1043513
2008-07-02 12:00:00,27.195404,10.678925,359.8946,96081.53,0.0,0.68440586
2008-07-03 12:00:00,29.676025,11.760284,365.86905,96225.16,0.0,0.6669052
2008-07-04 12:00:00,29.413269,11.713043,363.57968,96109.49,9.214172e-09,0.78366494
2008-07-05 12:00:00,30.587463,12.33551,362.05472,95834.77,6.651376e-08,0.7040056
2008-07-06 12:00:00,29.12091,13.839661,356.40564,95726.41,0.0,0.8549976
2008-07-07 12:00:00,29.714325,14.135345,355.93872,95715.43,0.0,0.82296854
2008-07-08 12:00:00,31.26764,14.097778,359.36072,95945.92,8.034868e-09,0.5939597
2008-07-09 12:00:00,31.904938,13.391724,362.57312,96088.305,0.0,0.5274164
2008-07-10 12:00:00,31.049835,12.817139,361.3852,95838.3,0.0,0.7348584
2008-07-11 12:00:00,30.610626,13.56134,361.22195,95510.06,0.0,0.7176248
2008-07-12 12:00:00,29.634583,13.983765,358.15366,95490.336,0.0,0.81155723
2008-07-13 12:00:00,29.850525,13.768463,358.76025,95673.07,0.0,0.47565722
2008-07-14 12:00:00,29.970184,12.980225,359.81705,95742.445,5.756275e-09,0.68340236
2008-07-15 12:00:00,31.19458,14.253143,358.7745,95734.57,0.0,0.5344588
2008-07-16 12:00:00,34.242218,15.4366455,359.71786,95732.48,0.0,0.34781075
2008-07-17 12:00:00,34.580444,15.577484,352.57672,95897.1,0.0,0.67803997
2008-07-18 12:00:00,35.047424,17.779694,345.16055,95908.195,0.0,0.5193696
2008-07-19 12:00:00,34.744232,19.439941,197.03822,95788.35,0.0,0.6231711
2008-07-20 12:00:00,34.855804,19.634796,162.3818,95860.14,1.7880916e-08,0.5153001
2008-07-21 12:00:00,35.163513,18.533997,341.55923,96035.84,2.0959626e-11,0.8299693
2008-07-22 12:00:00,36.13324,19.943115,321.90143,96067.766,2.4804942e-08,0.5331027
2008-07-23 12:00:00,37.31009,21.737152,317.2262,95916.65,7.636361e-09,0.62305313
2008-07-24 12:00:00,36.55423,20.952118,339.38693,95771.99,1.1531651e-08,0.7534678
2008-07-25 12:00:00,35.74539,17.660553,341.21893,95760.164,1.0087332e-08,0.68037033
2008-07-26 12:00:00,37.00482,19.697235,297.68558,95826.555,3.5728604e-07,0.5323009
2008-07-27 12:00:00,36.890747,21.714294,308.11337,95896.21,9.454585e-10,0.4978739
2008-07-28 12:00:00,37.34549,21.3573,238.35863,95812.81,0.0,0.5053172
2008-07-29 12:00:00,37.68683,21.047852,339.96582,95690.83,0.0,0.90673405
2008-07-30 12:00:00,36.698425,19.41806,342.4413,95654.93,1.3102219e-08,0.8280292
2008-07-31 12:00:00,34.124054,16.25943,340.74005,95656.516,3.088429e-08,0.6982497
2008-08-01 12:00:00,33.491425,15.943146,342.2038,95705.13,9.096101e-09,0.683581
2008-08-02 12:00:00,35.249634,16.44754,341.31226,95623.71,0.0,0.6354044
2008-08-03 12:00:00,34.969482,17.600403,333.7826,95511.48,8.084758e-09,0.7735525
2008-08-04 12:00:00,31.385437,16.5737,222.60274,95771.94,0.0,0.9443241
2008-08-05 12:00:00,28.935425,19.670471,190.06082,96074.95,0.0,0.7512055
2008-08-06 12:00:00,34.414,17.510223,315.01367,96121.41,0.0,0.29943535
2008-08-07 12:00:00,36.163696,19.173431,333.0471,95967.61,0.0,0.55354583
2008-08-08 12:00:00,35.002686,19.762512,296.00934,95715.08,0.0,0.41812474
2008-08-09 12:00:00,33.670837,17.699677,326.71292,95458.336,2.717935e-09,0.5333918
2008-08-10 12:00:00,32.267334,15.821991,328.74268,95449.98,0.0,1.0771915
2008-08-11 12:00:00,27.95996,14.966187,323.24213,95593.02,1.0220576e-06,0.99179775
2008-08-12 12:00:00,26.6622,13.337585,325.9957,95719.414,9.959847e-07,0.64201087
2008-08-13 12:00:00,25.661713,13.259735,234.68645,95790.84,3.1554907e-07,0.6550831
2008-08-14 12:00:00,25.71695,13.960999,276.24924,95920.805,0.0,0.91805047
2008-08-15 12:00:00,32.543,20.049744,310.89478,96126.266,0.0,0.5247002
2008-08-16 12:00:00,31.776672,17.230927,242.72359,96042.14,0.0,0.5193413
2008-08-17 12:00:00,29.961945,14.33551,325.0295,95996.47,0.0,0.55266804
2008-08-18 12:00:00,30.037659,12.287384,333.14764,95870.35,0.0,0.64817566
2008-08-19 12:00:00,30.51596,13.223846,323.9444,95858.875,0.0,0.71559095
2008-08-20 12:00:00,30.81366,15.39212,249.59174,95918.5,2.4135487e-09,0.52184826
2008-08-21 12:00:00,31.995667,15.604431,312.9139,95846.234,8.498829e-09,0.51368004
2008-08-22 12:00:00,32.89038,15.695984,315.62848,95681.9,0.0,0.45807862
2008-08-23 12:00:00,31.771912,15.2022705,315.46744,95667.93,0.0,0.54174316
2008-08-24 12:00:00,30.333252,13.718414,310.20102,95809.06,5.180256e-07,1.0677608
2008-08-25 12:00:00,26.437653,13.534821,313.44995,95874.984,1.5507464e-06,1.0533417
2008-08-26 12:00:00,24.773285,11.268585,302.06412,95880.58,1.281239e-06,0.6971673
2008-08-27 12:00:00,26.13855,10.315338,313.56213,95882.05,0.0,0.81970006
2008-08-28 12:00:00,28.373535,12.096039,310.1648,95862.71,0.0,0.73828906
2008-08-29 12:00:00,28.971924,11.966614,311.20044,96029.34,0.0,0.75912946
2008-08-30 12:00:00,30.67279,11.561066,311.37308,96125.01,0.0,0.42304194
2008-08-31 12:00:00,30.288177,12.116547,310.30002,96027.96,0.0,0.5286256
2008-09-01 12:00:00,29.464783,11.309937,308.31424,96008.08,0.0,0.51715386
2008-09-02 12:00:00,27.783142,11.76535,303.4463,96005.38,6.881109e-08,0.6905658
2008-09-03 12:00:00,27.68396,10.335175,300.38052,95995.62,4.2940123e-08,0.7487587
2008-09-04 12:00:00,27.744934,10.580933,303.7188,95862.0,0.0,0.64761263
2008-09-05 12:00:00,26.503204,10.134552,297.55334,95740.41,1.6443424e-07,0.7511488
2008-09-06 12:00:00,24.226074,9.220245,280.34357,95762.62,6.5239965e-07,0.87071574
2008-09-07 12:00:00,22.933807,9.094818,277.07227,95960.94,9.5366573e-07,0.6061515
2008-09-08 12:00:00,24.890533,8.785797,290.27542,96176.17,4.201097e-07,0.64302367
2008-09-09 12:00:00,27.671448,10.123047,293.324,96119.02,0.0,0.58922756
2008-09-10 12:00:00,31.307526,12.631134,289.5362,95870.82,0.0,0.30854633
2008-09-11 12:00:00,32.32849,14.703278,289.55774,95581.695,0.0,0.22765566
2008-09-12 12:00:00,31.394989,15.105286,278.7358,95647.49,0.0,0.43716532
2008-09-13 12:00:00,31.62918,14.621765,282.13974,95623.445,0.0,0.4791143
2008-09-14 12:00:00,30.366425,12.462036,272.9158,95623.43,0.0,0.765485
2008-09-15 12:00:00,24.919647,10.643402,279.7538,95803.55,0.0,0.8078075
2008-09-16 12:00:00,23.643341,9.165802,277.81934,95852.03,0.0,0.8185977
2008-09-17 12:00:00,24.394348,9.963562,275.74133,95709.336,0.0,0.70490116
2008-09-18 12:00:00,24.508942,9.054871,276.27118,95799.76,0.0,0.5994654
2008-09-19 12:00:00,26.662018,9.956207,272.77194,95901.62,0.0,0.4487054
2008-09-20 12:00:00,27.945984,11.908112,270.68076,95807.875,0.0,0.32901472
2008-09-21 12:00:00,26.606903,10.853424,264.37363,95632.32,1.2483387e-07,0.4124425
2008-09-22 12:00:00,25.04422,10.340881,262.6871,95589.086,1.3067701e-07,0.78914875
2008-09-23 12:00:00,25.02945,10.05835,259.09204,95718.586,8.560559e-07,0.49552235
2008-09-24 12:00:00,26.151855,10.2717285,263.0839,95676.5,0.0,0.5547547
2008-09-25 12:00:00,25.968384,10.885284,261.3872,95686.88,0.0,0.31922054
2008-09-26 12:00:00,26.985718,11.141602,257.81223,95679.56,0.0,0.5248625
2008-09-27 12:00:00,27.978668,11.880737,253.42133,95793.086,0.0,0.4332621
2008-09-28 12:00:00,30.167816,13.134308,187.91397,95835.9,0.0,0.5120376
2008-09-29 12:00:00,30.545105,14.499451,241.2602,95621.72,3.5760526e-09,0.7811004
2008-09-30 12:00:00,28.556702,12.991089,241.08095,95397.53,1.34706e-07,0.91543466
2008-10-01 12:00:00,23.643066,12.810364,68.946556,95509.34,1.9552184e-05,1.1350622
2008-10-02 12:00:00,20.269135,12.290161,181.22588,95616.92,2.2134263e-05,0.68984824
2008-10-03 12:00:00,20.102661,6.153595,252.70903,95733.49,0.0,2.1336145
2008-10-04 12:00:00,19.134033,6.7807617,250.83,96221.49,0.0,1.3547614
2008-10-05 12:00:00,22.682892,7.515869,248.65218,96211.15,0.0,1.0113341
2008-10-06 12:00:00,25.79483,11.794708,249.89323,96015.37,0.0,1.4545641
2008-10-07 12:00:00,26.113983,12.303467,243.61887,95843.16,0.0,0.6955941
2008-10-08 12:00:00,23.784424,8.721283,227.91011,95871.78,0.0,0.82244724
2008-10-09 12:00:00,21.931885,7.038208,234.28973,95776.66,3.1952507e-09,0.5497377
2008-10-10 12:00:00,19.27002,5.546631,229.41008,95838.68,2.5245074e-06,0.3985595
2008-10-11 12:00:00,26.933624,7.2530518,235.00679,96094.305,0.0,0.27747533
2008-10-12 12:00:00,27.170868,9.373352,232.18347,95986.78,0.0,0.6535714
2008-10-13 12:00:00,25.14679,9.497101,217.19293,95760.97,0.0,0.66294014
2008-10-14 12:00:00,21.53012,7.07959,194.13242,95628.43,1.1270255e-06,0.9032344
2008-10-15 12:00:00,19.808838,8.925598,213.92867,95815.57,9.74815e-07,0.5069376
2008-10-16 12:00:00,21.660461,7.736084,207.70663,96277.61,0.0,0.38715115
2008-10-17 12:00:00,27.924042,9.245483,216.42986,96291.2,0.0,0.63551944
2008-10-18 12:00:00,32.56256,12.2465515,215.88023,96129.266,0.0,1.2113751
2008-10-19 12:00:00,32.137573,16.389252,215.9022,95985.52,0.0,0.92494106
2008-10-20 12:00:00,28.869354,11.108459,210.40996,95727.195,8.362277e-09,0.29726803
2008-10-21 12:00:00,26.780945,10.001343,204.63963,95861.484,0.0,0.21109577
2008-10-22 12:00:00,32.178894,14.989685,203.81233,95931.55,0.0,0.6525088
2008-10-23 12:00:00,33.252533,15.668823,204.32388,95748.375,0.0,0.39292565
2008-10-24 12:00:00,32.468903,14.26004,204.29712,95775.42,0.0,0.5406519
2008-10-25 12:00:00,30.353973,13.025391,192.63713,95916.17,0.0,0.3575699
2008-10-26 12:00:00,28.497986,14.932678,127.87377,95925.945,0.0,0.41207445
2008-10-27 12:00:00,25.827759,13.135162,112.75775,95959.336,0.0,0.70885026
2008-10-28 12:00:00,22.496521,8.267395,191.93439,96120.234,1.08164514e-07,0.5040676
2008-10-29 12:00:00,20.720123,7.8482056,187.18315,96013.78,0.0,0.5260373
2008-10-30 12:00:00,21.21286,8.346466,182.81493,95770.61,6.9349886e-07,0.2919327
2008-10-31 12:00:00,20.65393,8.331787,169.99915,95629.53,5.1980913e-07,0.31508565
2008-11-01 12:00:00,24.786896,5.3506165,189.63942,95703.555,0.0,0.325698
2008-11-02 12:00:00,28.20697,12.78653,186.67442,96006.61,0.0,1.6406758
2008-11-03 12:00:00,29.753845,13.211334,188.68184,96205.86,0.0,1.9101629
2008-11-04 12:00:00,27.809143,12.751373,106.81206,96081.42,0.0,0.82319593
2008-11-05 12:00:00,25.069397,10.31546,131.0081,96081.29,0.0,0.55277437
2008-11-06 12:00:00,23.380737,8.642181,177.72186,96086.766,1.5773023e-07,0.3504977
2008-11-07 12:00:00,27.960297,9.259338,172.19067,96242.16,0.0,0.8215916
2008-11-08 12:00:00,30.461426,14.533478,170.1985,96187.984,0.0,0.690242
2008-11-09 12:00:00,28.047974,13.458893,125.69053,95920.42,0.0,0.26335958
2008-11-10 12:00:00,24.361664,11.7352295,165.43521,95697.414,0.0,0.30112886
2008-11-11 12:00:00,28.53537,13.992065,170.93579,95840.43,0.0,1.2283643
2008-11-12 12:00:00,29.591919,15.63739,169.64195,95821.27,0.0,1.4220186
2008-11-13 12:00:00,28.618042,12.698853,167.53728,95665.16,0.0,0.8834023
2008-11-14 12:00:00,25.121124,10.04718,148.50845,95778.04,0.0,0.7695462
2008-11-15 12:00:00,20.041107,8.421875,140.72018,95887.79,4.993878e-07,1.0056108
2008-11-16 12:00:00,15.736328,11.567963,97.770485,95936.91,5.7604844e-05,1.2303529
2008-11-17 12:00:00,17.116364,7.6531982,158.75395,96272.984,1.5085225e-06,0.3057381
2008-11-18 12:00:00,22.785187,6.9276123,159.67487,96270.086,0.0,1.1804968
2008-11-19 12:00:00,22.052094,12.346161,115.75603,95984.72,0.0,0.77973104
2008-11-20 12:00:00,19.429901,7.4434204,155.64131,95867.086,0.0,0.7845226
2008-11-21 12:00:00,23.700958,6.5671387,157.42308,96154.516,0.0,0.5602887
2008-11-22 12:00:00,27.812225,12.04834,157.4661,96489.39,0.0,1.0701607
2008-11-23 12:00:00,26.607025,13.153931,118.640884,96460.66,0.0,0.92875814
2008-11-24 12:00:00,23.733002,15.867004,63.71672,96234.39,0.0,0.5569496
2008-11-25 12:00:00,21.722168,10.0130005,109.88706,96102.28,0.0,0.64758676
2008-11-26 12:00:00,20.24884,12.5503235,34.317436,95741.72,6.0179478e-05,1.8119503
2008-11-27 12:00:00,13.525421,7.7466125,35.912415,95622.586,0.00038973664,1.0558158
2008-11-28 12:00:00,10.820862,7.761902,46.927177,96219.18,0.0001000112,1.1371431
2008-11-29 12:00:00,10.586273,7.736725,42.58707,96272.44,4.696492e-05,0.80643463
2008-11-30 12:00:00,11.060425,7.8449097,95.04687,95872.21,3.7737253e-05,0.560652
2008-12-01 12:00:00,10.547241,6.640381,108.84904,96307.945,5.823248e-05,1.1062299
2008-12-02 12:00:00,13.596405,4.9840393,95.59916,96522.61,0.0,0.57822454
2008-12-03 12:00:00,15.709259,7.2669373,135.12398,96205.59,0.0,0.70057535
2008-12-04 12:00:00,14.141724,7.8600464,97.17032,96334.66,1.5399722e-06,0.51019853
2008-12-05 12:00:00,12.915863,8.311157,96.54054,96268.836,6.9027687e-06,0.54612863
2008-12-06 12:00:00,14.678741,3.0308533,136.15126,96191.15,4.711296e-08,1.5627034
2008-12-07 12:00:00,14.3377075,6.409027,75.92617,96278.734,0.0,2.0840154
2008-12-08 12:00:00,15.494629,7.7275696,94.20391,95948.53,0.0,1.6589025
2008-12-09 12:00:00,14.24176,5.7818604,123.615845,96019.74,5.781967e-07,0.55214006
2008-12-10 12:00:00,15.545074,6.558502,136.1133,96348.43,7.218389e-08,0.56480527
2008-12-11 12:00:00,18.979523,7.4196167,135.2645,96392.62,0.0,1.0375091
2008-12-12 12:00:00,19.914368,8.319885,137.10216,96299.02,0.0,1.2969366
2008-12-13 12:00:00,20.094513,6.078888,139.23648,96076.42,0.0,1.198198
2008-12-14 12:00:00,20.349976,8.223846,107.038,96180.195,0.0,1.8027788
2008-12-15 12:00:00,22.090332,9.857361,135.83739,96211.11,0.0,2.224356
2008-12-16 12:00:00,22.750275,11.091827,137.4339,96211.15,0.0,1.9467179
2008-12-17 12:00:00,20.39325,10.612061,82.4914,96027.6,0.0,0.33922112
2008-12-18 12:00:00,16.527313,8.649506,97.62681,95774.65,6.0498957e-07,0.3770653
2008-12-19 12:00:00,13.046997,9.275909,46.565365,95655.78,1.3598928e-05,1.2063209
2008-12-20 12:00:00,12.285431,6.921051,111.04721,95794.87,6.694859e-06,1.0612469
2008-12-21 12:00:00,13.687836,3.538269,134.14597,96173.74,0.0,1.2877095
2008-12-22 12:00:00,13.494171,5.483429,86.714874,96210.3,0.0,1.5720791
2008-12-23 12:00:00,13.452881,8.381256,34.72609,96246.664,5.3096905e-05,0.91294247
2008-12-24 12:00:00,11.918213,8.915222,48.95368,95943.26,0.00022292376,0.73623013
2008-12-25 12:00:00,12.02594,10.073425,73.0427,96038.516,0.00014864939,1.0747651
2008-12-26 12:00:00,12.431549,5.3463745,129.88358,96202.72,2.178054e-06,0.54050803
2008-12-27 12:00:00,11.600159,4.4794006,130.80896,96207.24,9.1530225e-08,0.4562731
2008-12-28 12:00:00,11.11441,7.56958,57.659485,96395.09,1.3119444e-05,0.8194834
2008-12-29 12:00:00,11.939545,8.509949,81.277084,96545.766,7.2587386e-06,0.44526982
2008-12-30 12:00:00,13.896759,7.201721,118.850426,96376.43,1.8884624e-06,0.28116655
2008-12-31 12:00:00,13.218903,9.694794,42.44043,96176.6,1.2708524e-05,0.8049169
2009-01-01 12:00:00,15.210693,11.309601,100.307976,96014.54,4.1805517e-05,0.433395
2009-01-02 12:00:00,18.012024,6.81662,138.11507,96282.17,3.078876e-07,1.4752175
2009-01-03 12:00:00,20.488037,8.497559,136.02054,96372.766,0.0,1.9297976
2009-01-04 12:00:00,19.473175,9.717926,134.38185,95983.19,5.567947e-08,0.5557814
2009-01-05 12:00:00,20.783142,8.875732,138.11034,95930.23,0.0,0.5806467
2009-01-06 12:00:00,19.736938,10.29892,118.38022,95979.08,5.129093e-09,0.77754617
2009-01-07 12:00:00,17.022522,7.2380676,120.918884,95838.19,3.0506778e-06,0.38252595
2009-01-08 12:00:00,12.916534,5.6304016,110.84628,95900.7,2.4834123e-06,0.716235
2009-01-09 12:00:00,13.742798,6.4425964,85.44728,96052.81,7.964472e-09,0.30517757
2009-01-10 12:00:00,12.778168,8.112305,30.366995,95939.57,0.00017992707,0.9126719
2009-01-11 12:00:00,9.891724,7.974457,52.250282,96307.47,2.1371383e-05,0.928074
2009-01-12 12:00:00,10.836853,8.614685,30.71997,96220.67,5.889902e-05,0.9665169
2009-01-13 12:00:00,13.452362,10.034821,122.92452,96031.11,4.0061084e-05,0.5904884
2009-01-14 12:00:00,14.780731,7.4996643,135.90163,96285.97,5.4564202e-06,0.4390411
2009-01-15 12:00:00,17.01828,7.1104126,148.5162,96442.22,0.0,1.5157473
2009-01-16 12:00:00,17.455505,6.05188,153.90533,96202.5,0.0,1.5560696
2009-01-17 12:00:00,18.890808,7.562683,154.72969,95980.84,0.0,1.9721975
2009-01-18 12:00:00,18.173615,5.3595276,156.51859,95911.305,0.0,0.7211335
2009-01-19 12:00:00,18.385956,5.5002747,158.85287,95832.63,0.0,0.4587772
2009-01-20 12:00:00,17.027313,5.4656677,152.46983,95808.82,0.0,0.3318415
2009-01-21 12:00:00,17.68332,5.7778625,154.04843,95969.984,0.0,0.67442286
2009-01-22 12:00:00,23.02835,8.15509,157.18166,96134.016,0.0,1.012596
2009-01-23 12:00:00,25.358917,11.116211,161.64723,95936.79,0.0,1.6807057
2009-01-24 12:00:00,24.342194,7.912262,129.61807,95592.48,5.246512e-06,0.74754536
2009-01-25 12:00:00,14.016174,2.0057373,167.27188,95852.15,5.0201705e-09,1.552665
2009-01-26 12:00:00,16.65747,2.237915,170.23654,96483.195,0.0,1.7774761
2009-01-27 12:00:00,17.879852,4.3118286,169.74597,96726.31,0.0,1.6008388
2009-01-28 12:00:00,20.279297,3.9422607,165.97192,96507.43,0.0,1.0461026
2009-01-29 12:00:00,19.270935,8.868469,164.43463,95964.78,0.0,0.3823066
2009-01-30 12:00:00,17.614227,3.1976624,172.97133,95661.13,0.0,0.7571983
2009-01-31 12:00:00,13.692017,7.4273987,45.784546,95683.43,2.1264683e-05,1.2194753
2009-02-01 12:00:00,16.453522,5.870758,171.24496,96189.61,1.9364338e-06,0.63092005
2009-02-02 12:00:00,18.191742,5.345642,117.600975,96419.164,0.0,0.3352033
2009-02-03 12:00:00,17.525818,5.908905,119.51463,96117.016,0.0,0.7154344
2009-02-04 12:00:00,14.805756,8.362061,19.155363,95641.01,0.0008319181,1.479285
2009-02-05 12:00:00,11.991547,10.000397,42.5885,95587.28,0.0006467595,1.2145982
2009-02-06 12:00:00,10.870972,6.025879,122.20131,96146.016,0.00011276069,0.45729688
2009-02-07 12:00:00,10.414185,6.0681458,73.261406,96475.54,2.2603386e-05,0.7543536
2009-02-08 12:00:00,15.334717,9.1675415,153.00157,96326.27,8.338416e-06,0.63715315
2009-02-09 12:00:00,16.575134,9.376343,169.30704,95998.3,4.4309e-05,0.53508186
2009-02-10 12:00:00,16.60791,8.547089,162.83005,95840.26,9.879575e-08,0.7772648
2009-02-11 12:00:00,17.523804,9.804413,164.57913,96013.74,9.259054e-07,0.6801398
2009-02-12 12:00:00,18.185638,10.31543,187.09828,96027.36,1.8385192e-07,0.67202497
2009-02-13 12:00:00,16.391815,8.070679,143.39073,95899.555,4.7265244e-06,0.31983832
2009-02-14 12:00:00,13.875519,9.685608,116.60081,95897.35,7.739481e-06,0.78994334
2009-02-15 12:00:00,13.133087,9.163208,71.842575,95932.26,2.0607453e-05,1.2050904
2009-02-16 12:00:00,11.497437,8.007233,42.532833,95940.984,7.400326e-05,1.0539973
2009-02-17 12:00:00,12.639832,5.9356384,180.98543,95960.32,3.298361e-06,0.38436285
2009-02-18 12:00:00,12.494263,6.4944153,113.37844,96066.195,1.1029888e-06,0.44561788
2009-02-19 12:00:00,12.155212,9.216278,64.34972,96268.37,1.7626078e-05,0.80805933
2009-02-20 12:00:00,14.334259,8.08667,184.78091,96187.74,1.0701145e-05,0.47860217
2009-02-21 12:00:00,13.460327,7.767975,104.21168,96081.35,5.1251104e-06,0.9046221
2009-02-22 12:00:00,11.372284,9.728119,85.50306,95922.164,4.7034846e-05,1.0609465
2009-02-23 12:00:00,13.489868,6.267517,200.87682,96124.44,8.986192e-06,0.7838193
2009-02-24 12:00:00,15.858063,7.0372314,200.64972,96225.734,0.0,0.19611423
2009-02-25 12:00:00,18.982208,7.376709,201.76413,96063.83,0.0,0.7435625
2009-02-26 12:00:00,21.388214,9.149475,223.46062,96033.94,1.9983417e-09,1.0352508
2009-02-27 12:00:00,22.1568,11.279327,197.92032,96042.2,0.0,0.81621873
2009-02-28 12:00:00,21.189484,8.833923,230.4235,96011.766,1.6641827e-08,0.6329143
2009-03-01 12:00:00,19.250153,7.1648254,223.87566,95829.54,2.0167177e-07,0.3687133
2009-03-02 12:00:00,17.866547,6.959961,209.00795,96065.6,9.942331e-07,0.2593017
2009-03-03 12:00:00,25.880127,8.376587,227.58357,96351.46,0.0,0.77570665
2009-03-04 12:00:00,26.060333,12.65686,230.51042,96357.48,0.0,0.6271514
2009-03-05 12:00:00,24.20398,8.340179,233.01268,96134.234,0.0,0.52754605
2009-03-06 12:00:00,20.057098,6.8408813,207.47871,95646.05,4.5130042e-07,0.85806143
2009-03-07 12:00:00,15.3472595,9.794525,88.52815,95338.78,3.240645e-05,1.1890807
2009-03-08 12:00:00,14.645142,5.9403076,207.88774,95578.96,1.1763273e-05,0.73216015
2009-03-09 12:00:00,14.45636,4.709656,217.07315,95696.266,1.367321e-06,0.5220577
2009-03-10 12:00:00,15.12207,2.504181,242.0613,95370.945,8.257271e-09,0.5949587
2009-03-11 12:00:00,14.419281,5.2369385,108.22025,94904.336,1.7999633e-05,0.28241315
2009-03-12 12:00:00,15.7187195,7.4918213,239.69078,94984.484,5.2123425e-05,0.35256997
2009-03-13 12:00:00,14.80484,6.851959,52.60799,95881.086,0.00010415871,1.0455337
2009-03-14 12:00:00,13.706879,10.420685,108.21896,96324.54,7.842236e-05,0.91980344
2009-03-15 12:00:00,18.55954,7.338135,246.42668,96427.45,1.2740217e-06,0.20619312
2009-03-16 12:00:00,19.87967,12.522339,154.4886,96158.7,2.18822e-09,0.6151206
2009-03-17 12:00:00,19.677734,12.823242,234.16681,95875.95,0.0,0.4294142
2009-03-18 12:00:00,17.907959,10.28833,171.84058,95795.52,0.00024388738,0.86318195
2009-03-19 12:00:00,16.084106,5.8132324,262.06653,96251.91,2.6759984e-08,0.81564224
2009-03-20 12:00:00,20.849731,7.17218,262.10678,96254.44,1.4489954e-08,0.8238689
2009-03-21 12:00:00,24.096405,9.742126,270.1613,96245.87,0.0,1.3847274
2009-03-22 12:00:00,27.840607,12.147949,270.6224,96369.6,0.0,1.1430937
2009-03-23 12:00:00,27.945343,16.213013,241.55487,96369.96,0.0,0.8803121
2009-03-24 12:00:00,26.322388,14.411438,256.01904,96305.43,0.0,0.49993008
2009-03-25 12:00:00,24.128632,9.509338,275.53473,96014.64,4.0868446e-09,0.47880465
2009-03-26 12:00:00,21.135529,7.824829,280.2044,95788.79,0.0,0.50910896
2009-03-27 12:00:00,20.14624,9.91275,278.2834,95704.27,0.0,0.5918622
2009-03-28 12:00:00,18.61502,9.577881,238.95428,95817.914,6.0933403e-06,1.1722943
2009-03-29 12:00:00,15.451813,8.892181,251.89235,95921.98,4.4719447e-05,1.1106942
2009-03-30 12:00:00,14.9852295,4.9440002,262.54294,95894.37,3.3464108e-05,0.34035966
2009-03-31 12:00:00,12.591309,5.646881,192.77321,96083.34,1.5227309e-05,0.48316008
2009-04-01 12:00:00,15.865326,5.3902283,259.92664,96288.78,8.4405553e-07,0.5845769
2009-04-02 12:00:00,17.754242,5.436157,291.61386,96286.29,0.0,0.41846338
2009-04-03 12:00:00,20.17218,7.0455933,279.37885,96138.84,0.0,0.16872077
2009-04-04 12:00:00,19.522217,6.215332,286.41934,96013.555,4.695866e-07,0.7132877
2009-04-05 12:00:00,16.32019,8.123566,232.52148,96064.32,0.00014398633,0.84051484
2009-04-06 12:00:00,16.12445,5.7681885,289.42554,96487.04,0.0,0.47114038
2009-04-07 12:00:00,18.7323,6.9072266,303.18692,96436.28,0.0,0.58096033
2009-04-08 12:00:00,18.120026,6.0054016,226.16615,96275.06,2.672359e-06,0.64695656
2009-04-09 12:00:00,20.985565,6.685608,303.15393,96385.52,5.5188366e-07,0.2278036
2009-04-10 12:00:00,20.327759,5.6870728,314.24023,96264.1,0.0,0.68836856
2009-04-11 12:00:00,20.747162,4.6779785,318.2463,96055.984,2.3114494e-10,0.39354098
2009-04-12 12:00:00,23.911652,6.68927,322.31723,96018.195,0.0,1.5836679
2009-04-13 12:00:00,24.385162,8.477112,319.86215,95800.484,0.0,0.7920688
2009-04-14 12:00:00,23.652618,6.9216614,318.74344,95711.66,0.0,0.37041342
2009-04-15 12:00:00,22.677887,7.833954,311.6673,95705.6,0.0,0.7851869
2009-04-16 12:00:00,19.145477,9.0177,99.41116,95604.484,1.4465781e-05,0.854198
2009-04-17 12:00:00,17.690765,6.9482727,265.12912,95198.16,5.6848794e-06,0.62160355
2009-04-18 12:00:00,17.785614,7.189911,325.6842,94850.734,8.6489244e-10,2.3542576
2009-04-19 12:00:00,21.432037,8.147888,329.0021,95020.3,0.0,1.7151318
2009-04-20 12:00:00,25.984406,9.153473,318.1792,95407.54,0.0,1.1035992
2009-04-21 12:00:00,25.525116,8.957764,308.1235,95699.29,0.0,0.8059105
2009-04-22 12:00:00,22.9917,8.375671,262.77808,95735.195,1.2423114e-07,0.76315814
2009-04-23 12:00:00,20.823242,7.899658,317.91678,95664.71,3.828072e-07,0.8538029
2009-04-24 12:00:00,24.533386,6.9254456,328.0286,95745.234,0.0,0.55835736
2009-04-25 12:00:00,24.894745,8.863861,327.0855,95727.0,0.0,0.76385033
2009-04-26 12:00:00,23.755432,8.388153,331.35092,95680.664,3.40505e-08,0.77703035
2009-04-27 12:00:00,21.73526,7.4496155,288.75845,95791.516,1.8646108e-07,0.86395055
2009-04-28 12:00:00,20.478546,7.278961,295.10385,95817.11,1.0749142e-09,0.8589577
2009-04-29 12:00:00,18.34494,7.1034546,281.96915,95987.234,2.8401505e-06,1.4074017
2009-04-30 12:00:00,21.680145,4.406433,344.48856,95998.53,0.0,0.5355059
2009-05-01 12:00:00,22.690369,7.049103,342.24716,95831.53,0.0,0.53449345
2009-05-02 12:00:00,21.77127,7.0338135,323.90628,95706.48,0.0,0.8099834
2009-05-03 12:00:00,20.62732,7.3596497,318.5833,95411.5,3.2187006e-07,1.1372114
2009-05-04 12:00:00,18.575867,10.762238,166.61424,95552.75,9.518904e-06,1.3658582
2009-05-05 12:00:00,16.485687,8.638641,131.99464,95685.58,2.9792462e-05,1.1839209
2009-05-06 12:00:00,14.365143,7.6283875,190.16527,95563.375,1.1671708e-05,1.0624373
2009-05-07 12:00:00,14.286682,8.91272,190.64392,95365.47,2.5865838e-05,1.1303737
2009-05-08 12:00:00,15.888031,6.7681274,217.36597,95559.93,2.5341294e-06,0.6969576
2009-05-09 12:00:00,14.409485,9.605103,96.60156,95315.22,4.3255215e-05,1.4228565
2009-05-10 12:00:00,15.660278,6.9068604,285.08292,94735.66,0.000112443195,0.30204606
2009-05-11 12:00:00,16.816772,8.0329895,250.89081,95187.945,7.613913e-06,0.9737913
2009-05-12 12:00:00,16.009613,10.728729,87.6141,95628.32,3.445145e-05,1.3107834
2009-05-13 12:00:00,18.981903,7.5998535,282.14368,95787.72,2.5549175e-06,0.6678714
2009-05-14 12:00:00,23.627289,9.150604,344.74823,95878.54,0.0,0.43591285
2009-05-15 12:00:00,23.264679,9.818512,349.22934,95847.16,7.9344975e-09,0.728037
2009-05-16 12:00:00,22.135529,9.79184,323.24988,95864.64,0.0,0.8212533
2009-05-17 12:00:00,23.213684,7.7229004,348.51437,95989.98,0.0,0.6904462
2009-05-18 12:00:00,26.751923,9.168732,356.19864,96035.33,0.0,0.49641195
2009-05-19 12:00:00,26.316528,9.415802,334.347,95796.38,8.0178425e-10,0.53779376
2009-05-20 12:00:00,22.935272,7.417145,341.41638,95778.65,8.5574476e-07,0.80572087
2009-05-21 12:00:00,22.486664,9.000061,350.5568,95799.01,1.0997744e-09,0.72953326
2009-05-22 12:00:00,22.68274,9.868286,334.24753,95675.67,1.0697012e-06,0.7330747
2009-05-23 12:00:00,24.124908,9.533295,345.69217,95622.04,4.816383e-09,0.80833095
2009-05-24 12:00:00,23.834412,10.227539,329.60904,95624.17,1.6318708e-07,0.7707975
2009-05-25 12:00:00,26.284576,10.586884,352.34067,95553.234,0.0,0.56804943
2009-05-26 12:00:00,27.011627,10.773193,357.07523,95629.08,3.4380376e-09,0.8355248
2009-05-27 12:00:00,26.50232,11.240784,347.33768,95935.836,1.20412e-07,0.74239784
2009-05-28 12:00:00,29.973846,12.942352,353.7328,96007.734,0.0,0.70444614
2009-05-29 12:00:00,34.93756,14.8090515,353.28906,95768.305,0.0,0.46331465
2009-05-30 12:00:00,39.57022,18.56717,352.64975,95557.89,0.0,0.46318582
2009-05-31 12:00:00,37.950836,17.439514,243.5101,95578.5,4.2663864e-08,0.53423303
2009-06-01 12:00:00,33.517914,17.895355,308.93808,95691.836,0.0,0.70542824
2009-06-02 12:00:00,30.448822,19.363708,284.5705,95747.664,1.0160627e-08,0.566131
2009-06-03 12:00:00,31.253784,15.559937,352.33682,95709.73,2.0784818e-09,0.7887952
2009-06-04 12:00:00,30.662842,15.654907,349.70627,95549.18,0.0,0.6523919
2009-06-05 12:00:00,29.485962,14.777985,357.35358,95445.31,1.06498605e-08,0.91305834
2009-06-06 12:00:00,28.42279,13.212677,364.04114,95562.89,1.9703126e-09,0.8990931
2009-06-07 12:00:00,27.387054,11.846924,366.85446,95793.95,0.0,0.9485229
2009-06-08 12:00:00,27.22467,11.975403,363.21722,96061.83,0.0,0.7705913
2009-06-09 12:00:00,28.875061,13.6119995,362.50467,95903.33,0.0,0.52243423
2009-06-10 12:00:00,28.225922,13.007599,356.60907,95615.53,0.0,0.9468438
2009-06-11 12:00:00,26.393158,13.272034,325.41428,95941.72,1.3545412e-06,1.133857
2009-06-12 12:00:00,28.265625,12.963226,282.27325,95925.59,0.0,0.75043654
2009-06-13 12:00:00,28.413055,15.514954,281.9877,95670.49,0.0,0.73490447
2009-06-14 12:00:00,27.802979,11.380127,368.2675,95666.26,0.0,0.7758273
2009-06-15 12:00:00,27.550903,11.331421,366.102,95740.26,0.0,0.7845975
2009-06-16 12:00:00,27.394836,11.192932,367.27304,95808.25,0.0,0.8022974
2009-06-17 12:00:00,26.580933,11.94577,360.06467,95732.836,2.3369421e-07,0.94243085
2009-06-18 12:00:00,26.497375,12.961639,359.59885,95630.78,0.0,0.94766027
2009-06-19 12:00:00,27.566132,13.579315,358.98233,95624.19,0.0,0.9384144
2009-06-20 12:00:00,29.310577,14.223755,347.65076,95729.914,0.0,0.91022366
2009-06-21 12:00:00,27.833649,14.150055,341.81992,95784.1,0.0,0.8526887
2009-06-22 12:00:00,26.741089,13.939606,354.19046,95707.38,3.3838654e-07,1.066192
2009-06-23 12:00:00,25.91278,12.901062,332.92767,95520.01,1.1324372e-06,1.1908245
2009-06-24 12:00:00,24.993866,14.251587,282.11517,95560.586,4.6033365e-06,1.262291
2009-06-25 12:00:00,27.20456,14.338684,340.61063,95727.414,1.3934654e-06,0.9613258
2009-06-26 12:00:00,30.691986,15.075378,358.17722,95765.31,0.0,0.76071817
2009-06-27 12:00:00,33.62268,15.795868,359.09238,95694.81,0.0,0.6013931
2009-06-28 12:00:00,32.336304,16.181152,353.8909,95715.02,0.0,0.8165584
2009-06-29 12:00:00,29.652008,15.747986,356.3683,95732.98,0.0,1.0086454
2009-06-30 12:00:00,28.953247,13.65036,363.13605,95623.16,4.116221e-09,0.930649
2009-07-01 12:00:00,28.569489,12.766296,364.72452,95731.516,0.0,0.8536858
2009-07-02 12:00:00,29.933136,13.444641,363.91095,95748.21,0.0,0.8813329
2009-07-03 12:00:00,29.629272,13.8116455,360.40366,95650.016,0.0,0.9755588
2009-07-04 12:00:00,28.88272,14.1284485,354.79095,95779.89,0.0,1.0267503
2009-07-05 12:00:00,28.990295,12.778137,362.61325,95925.57,0.0,0.9240011
2009-07-06 12:00:00,29.221619,12.6250305,361.1312,95854.9,0.0,0.9364918
2009-07-07 12:00:00,29.341736,12.87207,360.94296,95810.08,0.0,0.88146734
2009-07-08 12:00:00,29.727966,13.7256775,321.2761,95868.79,3.6940357e-09,0.6762
2009-07-09 12:00:00,31.797821,16.085938,338.9331,95954.16,0.0,0.63357174
2009-07-10 12:00:00,33.2052,15.918976,341.3216,96066.72,0.0,0.735707
2009-07-11 12:00:00,34.20761,17.369751,342.6172,95976.96,0.0,0.5232262
2009-07-12 12:00:00,33.412567,16.031097,355.37378,95881.04,0.0,0.86509347
2009-07-13 12:00:00,29.794159,13.447174,361.32812,95782.984,1.1105884e-09,0.7985692
2009-07-14 12:00:00,30.673553,13.645294,355.02985,95830.62,0.0,0.81728435
2009-07-15 12:00:00,34.109253,15.780975,352.28235,95945.62,0.0,0.6508092
2009-07-16 12:00:00,34.7854,17.529602,350.361,95960.21,0.0,0.7867244
2009-07-17 12:00:00,35.889923,19.06372,336.754,95945.53,0.0,0.86859304
2009-07-18 12:00:00,37.162323,18.89209,340.16202,96024.29,0.0,1.0877324
2009-07-19 12:00:00,36.78116,19.114044,346.9608,96044.08,0.0,0.6940768
2009-07-20 12:00:00,33.686737,15.740967,350.08948,96032.06,0.0,0.98912585
2009-07-21 12:00:00,33.433594,15.135254,349.5615,95877.68,0.0,0.6082062
2009-07-22 12:00:00,32.33792,16.245605,341.37607,95776.42,3.74456e-07,0.8500054
2009-07-23 12:00:00,29.822083,15.225372,345.62656,95873.26,0.0,0.8694243
2009-07-24 12:00:00,29.599854,13.74588,351.3496,95887.47,0.0,1.0336378
2009-07-25 12:00:00,28.906372,14.117035,347.49493,95859.664,0.0,0.98504215
2009-07-26 12:00:00,28.6268,13.351807,329.6817,95732.02,0.0,0.9186538
2009-07-27 12:00:00,30.690796,15.36673,344.08875,95614.586,0.0,0.5889662
2009-07-28 12:00:00,31.546051,15.195282,346.90326,95614.875,0.0,0.68811256
2009-07-29 12:00:00,31.61267,14.662842,347.31015,95837.664,0.0,0.7166174
2009-07-30 12:00:00,31.651154,13.848114,348.0582,95950.86,0.0,0.68114454
2009-07-31 12:00:00,31.57135,13.620209,345.71463,95925.54,0.0,0.74138623
2009-08-01 12:00:00,33.272003,14.856781,340.3157,96007.87,0.0,0.8119596
2009-08-02 12:00:00,32.569275,18.17572,329.89798,96108.734,0.0,0.80912733
2009-08-03 12:00:00,31.368439,14.385529,342.8684,96021.41,1.0383839e-07,0.92883223
2009-08-04 12:00:00,28.253723,12.541168,333.71524,95885.516,3.161668e-07,1.0151383
2009-08-05 12:00:00,29.481232,13.453583,333.1585,95946.18,0.0,0.7694238
2009-08-06 12:00:00,34.413147,15.534393,317.46725,96012.37,0.0,0.5069626
2009-08-07 12:00:00,38.80139,19.639862,326.2014,95963.81,0.0,0.35946098
2009-08-08 12:00:00,40.4252,21.260101,325.86432,95961.21,4.013034e-06,0.54670686
2009-08-09 12:00:00,42.55542,23.980835,279.78876,95836.555,6.6222465e-06,0.27060527
2009-08-10 12:00:00,43.9187,29.394135,264.64682,95623.28,2.695572e-06,0.87789816
2009-08-11 12:00:00,40.96347,26.466187,156.91261,95617.055,1.10426114e-07,0.45756334
2009-08-12 12:00:00,36.75644,23.32837,242.90344,95686.78,1.2975236e-06,0.6453103
2009-08-13 12:00:00,35.597992,21.852844,298.75113,95624.79,0.0,0.6589928
2009-08-14 12:00:00,35.4769,21.34842,311.10492,95533.66,4.282069e-09,0.57953215
2009-08-15 12:00:00,38.278595,23.011505,222.92233,95598.38,0.0,0.7032001
2009-08-16 12:00:00,38.675537,24.318726,222.18747,95780.79,0.0,0.5431858
2009-08-17 12:00:00,36.813324,21.523132,165.22633,95795.91,2.0280353e-08,0.742712
2009-08-18 12:00:00,34.119995,20.173615,254.58351,95706.35,2.4060245e-07,0.8657523
2009-08-19 12:00:00,32.887268,20.917389,264.6846,95647.84,1.6486552e-05,0.8154404
2009-08-20 12:00:00,30.890411,20.21286,233.40341,95733.14,9.920198e-06,0.6796024
2009-08-21 12:00:00,31.797638,20.085754,285.529,95830.05,0.0,0.78356874
2009-08-22 12:00:00,30.963531,18.684418,237.49854,95836.375,0.0,0.66773444
2009-08-23 12:00:00,32.3031,19.856384,242.45515,95958.84,4.312718e-06,0.641126
2009-08-24 12:00:00,31.903778,20.544464,239.80896,96169.84,2.8213684e-05,1.115527
2009-08-25 12:00:00,33.197205,20.263824,297.92264,96286.2,1.815925e-05,1.156458
2009-08-26 12:00:00,34.174835,21.205048,268.8649,96134.53,0.0,0.7625802
2009-08-27 12:00:00,34.65509,20.214203,303.26923,95873.59,1.3627596e-08,0.6706884
2009-08-28 12:00:00,35.52536,19.058441,302.67685,95826.32,0.0,0.52253205
2009-08-29 12:00:00,35.476562,19.797546,298.39056,95915.086,2.5468285e-08,0.48593247
2009-08-30 12:00:00,37.23001,21.987946,295.22852,95895.57,8.6889045e-08,0.6406318
2009-08-31 12:00:00,37.013245,23.016205,291.4096,95797.45,1.936609e-09,0.93133795
2009-09-01 12:00:00,36.490173,22.39566,276.18298,95852.66,0.0,0.87144715
2009-09-02 12:00:00,36.07779,21.971985,279.28964,95873.4,0.0,0.70599586
2009-09-03 12:00:00,35.28415,20.093872,293.06964,95787.75,0.0,0.63549495
2009-09-04 12:00:00,33.895172,17.823914,293.6229,95655.05,1.3881792e-08,0.6565761
2009-09-05 12:00:00,29.765808,12.708679,300.54764,95720.31,0.0,0.81694245
2009-09-06 12:00:00,30.565033,12.873474,297.6644,95963.99,2.8323637e-08,0.41979063
2009-09-07 12:00:00,35.09659,16.140564,282.73505,96023.69,0.0,0.25730538
2009-09-08 12:00:00,36.71759,19.045776,280.89093,95828.12,0.0,0.93874407
2009-09-09 12:00:00,33.802704,21.359436,267.91232,95603.305,0.0,0.59364057
2009-09-10 12:00:00,32.111206,17.34439,241.44322,95750.32,0.0,0.7130806
2009-09-11 12:00:00,35.072754,18.271088,279.6052,95896.766,0.0,0.6014666
2009-09-12 12:00:00,34.79959,17.568787,229.14194,95855.5,1.8447011e-07,0.59389883
2009-09-13 12:00:00,34.270905,19.859009,231.89693,95874.03,5.564384e-06,0.5759312
2009-09-14 12:00:00,32.54535,20.224884,237.06313,96067.73,0.00017430185,1.006649
2009-09-15 12:00:00,26.700775,19.016663,157.4066,96306.766,0.00058993325,0.8689755
2009-09-16 12:00:00,25.367615,17.806946,266.3979,96200.03,7.895408e-08,0.60295844
2009-09-17 12:00:00,24.52002,17.01236,248.96906,95819.42,3.88287e-07,0.24860251
2009-09-18 12:00:00,23.959442,15.572174,238.97617,95645.88,1.0307167e-06,0.75446665
2009-09-19 12:00:00,26.712158,15.691559,265.26648,95732.24,1.4325128e-11,0.33402845
2009-09-20 12:00:00,25.100372,16.231873,247.26788,95811.4,8.2926766e-07,0.52659845
2009-09-21 12:00:00,24.373444,15.295532,242.94435,95840.63,1.0952525e-08,0.62206846
2009-09-22 12:00:00,33.32956,15.56778,264.48495,96014.4,0.0,0.87200046
2009-09-23 12:00:00,32.836517,21.444,272.413,96127.31,0.0,2.4807923
2009-09-24 12:00:00,33.438385,20.54248,256.3582,95940.31,0.0,1.3943267
2009-09-25 12:00:00,32.729492,19.171509,230.5632,95801.234,0.0,0.7478094
2009-09-26 12:00:00,28.3266,17.407928,181.18489,95963.77,3.70528e-05,0.41323957
2009-09-27 12:00:00,25.258179,16.011383,234.85812,96033.79,2.4197623e-06,0.4604672
2009-09-28 12:00:00,26.998932,14.399994,244.27826,95987.625,6.8660265e-06,0.6610686
2009-09-29 12:00:00,25.59845,14.626282,230.75229,96052.164,2.5292436e-06,0.7662429
2009-09-30 12:00:00,22.527435,15.374115,96.86981,96060.82,5.7639386e-06,1.0346572
2009-10-01 12:00:00,18.630249,15.298981,72.05556,96037.95,5.0996106e-05,1.142468
2009-10-02 12:00:00,20.91629,15.262726,163.55666,96043.2,2.8074404e-05,1.0206354
2009-10-03 12:00:00,25.891968,13.691742,238.82704,95974.81,0.0,0.61918384
2009-10-04 12:00:00,27.347443,14.69928,177.39967,95841.32,0.0,0.2840859
2009-10-05 12:00:00,26.53003,15.166626,140.27254,95840.66,5.1914762e-06,0.2426624
2009-10-06 12:00:00,23.969482,15.147064,175.88689,95964.66,4.491216e-06,0.7078508
2009-10-07 12:00:00,23.809265,15.037231,218.04936,95919.56,3.7347497e-06,0.4824235
2009-10-08 12:00:00,23.924988,13.694519,195.91008,95956.81,1.0750384e-06,0.5246614
2009-10-09 12:00:00,25.165558,12.401459,228.36339,95695.79,0.0,0.2140844
2009-10-10 12:00:00,31.599487,13.664551,227.3914,95687.64,0.0,0.97650546
2009-10-11 12:00:00,32.557373,19.531616,227.39253,96088.95,0.0,1.0602014
2009-10-12 12:00:00,34.02661,18.332153,225.70587,96168.84,0.0,0.88900965
2009-10-13 12:00:00,33.607758,17.087585,223.44962,95920.9,0.0,0.5459504
2009-10-14 12:00:00,31.493988,15.176514,204.83759,95985.14,0.0,0.581564
2009-10-15 12:00:00,28.956818,15.132355,154.3303,96410.0,0.0,0.5872039
2009-10-16 12:00:00,35.35788,17.851044,191.43993,96438.31,0.0,0.5406089
2009-10-17 12:00:00,34.572357,20.07315,187.11267,96354.695,0.0,0.5942051
2009-10-18 12:00:00,35.434326,21.681274,215.56801,96357.1,0.0,1.3725739
2009-10-19 12:00:00,35.696228,21.205933,211.05318,96209.16,0.0,0.7940525
2009-10-20 12:00:00,34.70096,18.473724,211.24957,96041.19,0.0,0.88134706
2009-10-21 12:00:00,34.25296,16.721008,209.36516,95907.5,0.0,0.5288728
2009-10-22 12:00:00,35.123566,18.781647,206.81268,95935.42,0.0,0.83676255
2009-10-23 12:00:00,33.805573,18.518036,201.39401,96145.586,0.0,1.3180177
2009-10-24 12:00:00,32.06491,19.725983,194.23543,96060.125,0.0,1.1919957
2009-10-25 12:00:00,32.37207,16.984497,199.9776,95835.56,0.0,1.0025253
2009-10-26 12:00:00,33.017212,18.328522,188.63643,96022.79,0.0,1.138636
2009-10-27 12:00:00,33.411194,17.769745,195.31673,96064.4,0.0,1.2161199
2009-10-28 12:00:00,32.59265,18.604462,177.64757,96097.54,0.0,1.1540235
2009-10-29 12:00:00,31.25528,15.452972,191.52525,96205.734,0.0,0.45048
2009-10-30 12:00:00,28.93866,13.574219,192.41743,96112.88,0.0,0.55199575
2009-10-31 12:00:00,24.823792,10.55603,187.10242,95755.38,1.5532504e-07,0.9090995
2009-11-01 12:00:00,20.901642,9.054749,186.28622,95883.695,8.7494163e-07,0.7604908
2009-11-02 12:00:00,21.619293,9.14267,176.09885,95986.04,9.99228e-09,0.5691281
2009-11-03 12:00:00,19.24118,10.9953,56.585155,95411.414,9.2886585e-05,1.2320285
2009-11-04 12:00:00,21.017365,7.4508667,181.37581,95222.13,2.9272327e-05,1.3116307
2009-11-05 12:00:00,23.227386,10.261017,184.07765,95668.555,0.0,1.9763962
2009-11-06 12:00:00,25.563599,12.620392,180.90752,96149.0,0.0,1.212215
2009-11-07 12:00:00,25.39737,11.887085,177.89163,96191.375,0.0,0.29904252
2009-11-08 12:00:00,23.034088,7.6743164,155.21889,95972.6,2.222814e-08,0.7260695
2009-11-09 12:00:00,17.701721,11.075409,93.11019,95839.33,1.2493524e-06,0.8776045
2009-11-10 12:00:00,19.352325,9.649414,172.15494,95720.766,4.3488353e-06,0.3435012
2009-11-11 12:00:00,19.409485,6.5038147,173.8301,95929.086,0.0,0.38508058
2009-11-12 12:00:00,18.57248,5.0930786,173.31595,95863.914,0.0,0.32204953
2009-11-13 12:00:00,17.217896,4.2727356,149.54526,95419.28,1.6865459e-05,0.95316064
2009-11-14 12:00:00,16.264893,3.3026428,170.4845,95108.96,3.2522502e-07,1.7709724
2009-11-15 12:00:00,16.394897,6.1138306,165.33917,95639.84,0.0,0.2052818
2009-11-16 12:00:00,16.141205,4.8864746,160.72607,95462.04,4.230597e-07,0.88893753
2009-11-17 12:00:00,17.425446,3.6627197,165.09602,95947.6,0.0,1.3759215
2009-11-18 12:00:00,19.31543,5.5422974,160.824,96550.66,0.0,1.0300137
2009-11-19 12:00:00,20.94873,8.501282,139.62302,96635.64,0.0,1.2103815
2009-11-20 12:00:00,23.7677,7.0927734,158.20628,96231.984,0.0,1.4176186
2009-11-21 12:00:00,24.92627,11.187836,154.29608,96036.19,0.0,1.0493737
2009-11-22 12:00:00,22.579102,7.4052734,154.9047,95828.9,0.0,0.5830557
2009-11-23 12:00:00,25.296356,7.3389893,157.61607,95850.29,0.0,0.65418684
2009-11-24 12:00:00,23.809357,9.869476,150.60431,96004.03,0.0,0.469563
2009-11-25 12:00:00,21.138306,8.805511,148.59155,95912.4,0.0,0.39138335
2009-11-26 12:00:00,18.517303,8.646362,131.90019,95723.3,3.8146803e-07,0.43777034
2009-11-27 12:00:00,19.780304,10.700134,150.43582,95594.734,0.0,2.169839
2009-11-28 12:00:00,18.193268,5.952423,151.00441,95628.87,0.0,2.4908476
2009-11-29 12:00:00,17.281982,5.944031,140.63866,95716.086,0.0,0.9251784
2009-11-30 12:00:00,14.353973,8.806061,116.407585,94800.16,0.00013404121,2.2162204
2009-12-01 12:00:00,9.173279,4.2191772,110.49169,94323.28,0.00015741609,1.3243195
2009-12-02 12:00:00,9.231537,0.16824341,147.7199,94577.23,3.5096168e-06,1.128313
2009-12-03 12:00:00,9.209564,0.89178467,35.85801,95212.4,4.8725757e-05,0.49888265
2009-12-04 12:00:00,12.405548,2.5388489,143.48932,95332.836,1.1995414e-07,0.7469187
2009-12-05 12:00:00,12.487305,3.449585,141.2173,96290.03,2.099496e-08,1.1245399
2009-12-06 12:00:00,11.731415,2.5941467,142.46735,96108.78,0.0,0.42041466
2009-12-07 12:00:00,11.77536,1.6783447,144.6074,95613.63,1.4450198e-06,1.266685
2009-12-08 12:00:00,10.635834,2.0055542,148.61751,96337.73,0.0,2.0824032
2009-12-09 12:00:00,12.829895,1.6523132,148.2107,96640.06,0.0,2.25537
2009-12-10 12:00:00,17.062286,8.395935,143.3771,96093.266,0.0,2.8546336
2009-12-11 12:00:00,15.399628,4.790497,131.57825,95930.66,0.0,0.3751073
2009-12-12 12:00:00,14.295624,2.9380188,131.40898,96559.71,5.8508846e-07,0.5279305
2009-12-13 12:00:00,15.051605,4.5162354,125.914215,96458.516,1.2814802e-08,0.5898243
2009-12-14 12:00:00,13.128326,8.749603,139.28333,95928.07,1.8332727e-05,0.2952009
2009-12-15 12:00:00,11.190552,2.1679077,144.80354,96034.13,0.0,2.570499
2009-12-16 12:00:00,11.486053,5.306671,143.38719,96817.484,0.0,3.785577
2009-12-17 12:00:00,13.924561,2.5977783,145.29916,97158.46,0.0,1.4859464
2009-12-18 12:00:00,18.059753,1.1277161,135.84816,96845.49,0.0,1.672746
2009-12-19 12:00:00,20.793121,5.96344,139.48102,96663.38,0.0,1.7178081
2009-12-20 12:00:00,21.052917,6.263489,140.58948,96405.43,0.0,1.3140723
2009-12-21 12:00:00,23.191406,8.566071,139.86429,96453.77,0.0,2.3154151
2009-12-22 12:00:00,24.345276,13.895325,144.5033,96585.945,0.0,1.8376428
2009-12-23 12:00:00,24.555115,10.644684,139.29326,96420.445,0.0,1.5517378
2009-12-24 12:00:00,21.675049,7.5889893,85.49701,96267.9,0.0,0.5998875
2009-12-25 12:00:00,18.063263,9.238861,62.227493,95999.51,0.0,0.58816683
2009-12-26 12:00:00,15.168976,5.1219788,135.71059,96111.29,8.7745406e-07,0.3017383
2009-12-27 12:00:00,16.3656,3.1123352,109.78982,96353.086,0.0,0.25754943
2009-12-28 12:00:00,19.578339,3.7871094,134.3331,96281.77,0.0,0.96260285
2009-12-29 12:00:00,18.335602,9.760132,74.16129,96011.61,0.0,2.246083
2009-12-30 12:00:00,17.172821,9.397308,122.12236,95600.02,0.0,1.4452817
2009-12-31 12:00:00,16.212585,2.640747,141.44539,95645.445,0.0,0.25265276
2010-01-01 12:00:00,14.453644,1.9968262,125.565575,95775.35,0.0,0.8998467
2010-01-02 12:00:00,12.633362,5.1819153,70.32814,95687.945,7.274023e-06,1.0724599
2010-01-03 12:00:00,11.313263,8.29538,53.284782,95175.516,0.00045360334,0.9884704
2010-01-04 12:00:00,10.654083,7.581024,44.127777,94870.76,0.00038201892,0.6180095
2010-01-05 12:00:00,10.57196,7.216034,101.83622,95109.664,0.00035591127,1.2233917
2010-01-06 12:00:00,9.915955,3.2269592,140.36407,95607.25,1.5401433e-06,0.3042785
2010-01-07 12:00:00,8.959412,6.3445435,19.07682,95888.29,0.00017779364,0.8490869
2010-01-08 12:00:00,11.102264,7.76178,14.023446,96005.04,0.0006499557,1.1168687
2010-01-09 12:00:00,11.382538,8.033508,32.0258,96242.914,8.696495e-05,1.1256578
2010-01-10 12:00:00,10.457611,7.319519,23.579384,96246.164,0.00013438858,1.1658422
2010-01-11 12:00:00,10.931885,9.982422,26.747295,95895.65,0.00032033818,1.3640196
2010-01-12 12:00:00,11.137573,7.9400635,80.02103,95904.375,0.00022916718,1.8487519
2010-01-13 12:00:00,14.009338,3.7411194,145.60872,96400.41,1.8656439e-09,0.8854533
2010-01-14 12:00:00,13.693848,7.0693054,105.75555,96705.13,0.0,0.74264616
2010-01-15 12:00:00,14.239532,6.0260315,146.76712,96425.99,2.5003418e-08,0.6488076
2010-01-16 12:00:00,13.523285,6.583191,99.01805,96200.98,3.3711725e-08,0.2467522
2010-01-17 12:00:00,16.825073,5.06781,152.42181,96283.516,1.8062973e-07,1.4356124
2010-01-18 12:00:00,17.925446,6.728943,154.70334,96493.77,0.0,1.8177347
2010-01-19 12:00:00,17.72403,7.5524597,158.133,96302.3,0.0,0.89864063
2010-01-20 12:00:00,16.411102,6.4217834,155.04855,96247.91,5.4134677e-08,0.34113342
2010-01-21 12:00:00,17.353607,6.5228577,135.69368,96405.11,7.248801e-07,0.90577185
2010-01-22 12:00:00,19.747131,8.679993,151.03027,96316.336,0.0,1.6370603
2010-01-23 12:00:00,19.171356,9.039246,155.9003,95859.2,3.1182136e-08,1.1734965
2010-01-24 12:00:00,16.584625,8.32077,80.41667,95651.92,1.2218143e-05,0.7662128
2010-01-25 12:00:00,9.891235,8.358673,18.746552,95416.82,0.00047338288,1.5472528
2010-01-26 12:00:00,10.418274,8.523499,11.867149,94889.77,0.0015493459,1.9481624
2010-01-27 12:00:00,9.88797,6.881134,45.960384,94522.07,0.0005649476,0.34687895
2010-01-28 12:00:00,12.774963,3.1577759,168.97545,95607.4,0.0,1.2645237
2010-01-29 12:00:00,13.127991,3.218872,166.98167,96262.87,0.0,0.62650263
2010-01-30 12:00:00,14.792389,4.468567,171.78015,96372.08,0.0,1.4308957
2010-01-31 12:00:00,15.746948,4.958679,174.15941,96622.37,0.0,1.6047555
2010-02-01 12:00:00,15.289215,5.6800537,174.40068,96692.68,0.0,1.2594795
2010-02-02 12:00:00,17.165344,4.9102783,176.78998,96498.586,0.0,1.0846137
2010-02-03 12:00:00,18.935394,6.5091248,180.78801,96389.53,0.0,1.3436562
2010-02-04 12:00:00,18.452606,7.957855,104.156685,96456.055,1.06437e-06,0.55368894
2010-02-05 12:00:00,15.2595825,7.994446,158.7805,96064.57,1.201263e-08,0.5853958
2010-02-06 12:00:00,13.120392,8.44751,53.412964,95654.2,6.466795e-06,1.1018041
2010-02-07 12:00:00,10.923035,8.366394,24.065857,95394.61,0.00012819174,1.0737245
2010-02-08 12:00:00,12.134064,9.771637,21.467554,95173.82,0.00034027154,1.242392
2010-02-09 12:00:00,12.039917,4.965515,152.0947,95198.89,1.9986455e-05,1.1076986
2010-02-10 12:00:00,11.875244,2.935028,156.62209,95918.58,0.0,1.0851234
2010-02-11 12:00:00,11.347839,5.197174,36.37005,95692.14,0.00011073327,1.2270763
2010-02-12 12:00:00,10.962158,4.0650024,193.15149,95558.84,7.801347e-06,1.3041564
2010-02-13 12:00:00,14.137543,2.2409973,201.47159,96181.89,0.0,1.5721346
2010-02-14 12:00:00,14.73822,2.8555603,194.66267,96791.74,0.0,1.4088151
2010-02-15 12:00:00,14.34137,7.3930664,95.76283,96895.25,0.0,1.5030274
2010-02-16 12:00:00,15.082367,6.187195,173.46379,96428.05,5.47055e-10,1.7879106
2010-02-17 12:00:00,16.847107,6.560791,205.39055,95881.86,0.0,1.5527654
2010-02-18 12:00:00,16.221283,5.483795,109.76348,95706.734,7.639683e-06,0.716847
2010-02-19 12:00:00,10.891785,3.8713684,180.29848,95581.375,2.3157198e-05,0.51358426
2010-02-20 12:00:00,12.478394,4.958191,193.65517,95938.49,1.0834644e-05,2.4019704
2010-02-21 12:00:00,16.645966,4.810669,218.82222,96261.305,0.0,1.8250947
2010-02-22 12:00:00,18.8609,6.023712,218.8987,96313.13,0.0,1.7281499
2010-02-23 12:00:00,20.08432,8.455322,223.60817,96649.945,0.0,2.2309077
2010-02-24 12:00:00,21.621582,12.163422,224.48677,96765.7,0.0,1.8926624
2010-02-25 12:00:00,24.338745,8.3567505,227.4684,96252.266,0.0,1.2945257
2010-02-26 12:00:00,23.891357,11.083923,209.40651,95840.43,0.0,0.5749725
2010-02-27 12:00:00,19.884705,8.802155,204.37372,96119.7,9.807795e-09,0.44639382
2010-02-28 12:00:00,19.73703,6.175934,226.65685,96362.52,0.0,0.31303856
2010-03-01 12:00:00,18.668335,5.896393,119.97843,96092.5,4.8084516e-08,0.53367406
2010-03-02 12:00:00,16.305237,7.2097473,167.99896,95633.664,3.1096222e-06,0.48799807
2010-03-03 12:00:00,14.961517,9.10791,56.397568,95503.68,7.028498e-05,1.074518
2010-03-04 12:00:00,12.36734,7.3743896,72.51659,95820.87,3.3991877e-05,0.6592856
2010-03-05 12:00:00,14.823029,8.217316,135.23268,95753.914,0.00023895291,0.9655626
2010-03-06 12:00:00,14.336212,10.117218,44.20884,95869.67,5.549754e-05,1.0891428
2010-03-07 12:00:00,13.271545,9.305756,148.62292,95586.805,9.197745e-05,0.30598307
2010-03-08 12:00:00,14.944946,5.6616516,232.52826,95812.21,2.8870932e-06,0.70188665
2010-03-09 12:00:00,14.551025,9.882874,142.77216,96144.58,8.903556e-05,1.2191296
2010-03-10 12:00:00,13.983673,11.407501,51.3255,96014.8,0.00015535156,1.2760159
2010-03-11 12:00:00,14.0468445,10.397491,76.967865,95660.05,0.00010834184,1.2392136
2010-03-12 12:00:00,14.314911,5.9928894,255.51534,95816.96,4.3184386e-06,1.9938381
2010-03-13 12:00:00,15.290558,5.626709,256.82388,96475.82,0.0,1.0250716
2010-03-14 12:00:00,14.626343,7.368286,112.36376,96375.81,1.0708251e-05,0.30092183
2010-03-15 12:00:00,10.948578,4.49234,87.60414,95700.73,0.00024325267,0.71249515
2010-03-16 12:00:00,11.665466,3.6048584,222.77742,95643.55,1.8753613e-05,0.473855
2010-03-17 12:00:00,14.769867,5.195709,259.1156,96158.266,4.526053e-06,0.43693072
2010-03-18 12:00:00,19.548798,6.756897,268.91254,96518.39,0.0,1.1971648
2010-03-19 12:00:00,22.26181,8.632507,267.8378,96471.23,0.0,1.3743143
2010-03-20 12:00:00,24.053223,12.362244,270.2041,96323.24,0.0,1.2064859
2010-03-21 12:00:00,23.052277,11.20694,255.27873,96028.95,7.1483943e-09,0.7763983
2010-03-22 12:00:00,18.670807,7.1102295,117.7889,95750.11,1.6146869e-05,0.95306647
2010-03-23 12:00:00,14.287872,5.4578247,264.39297,95397.67,2.356165e-05,0.6456721
2010-03-24 12:00:00,16.900574,5.081421,276.19296,95640.98,0.0,0.8285538
2010-03-25 12:00:00,19.011353,6.3221436,280.52914,95907.234,0.0,0.5914072
2010-03-26 12:00:00,19.754364,5.537567,282.39032,96133.016,0.0,0.7792188
2010-03-27 12:00:00,19.167389,6.256958,281.9116,96289.8,0.0,0.726345
2010-03-28 12:00:00,18.262512,8.241852,100.824554,95741.52,1.1943211e-05,0.7310781
2010-03-29 12:00:00,15.244934,5.398285,246.63455,95127.1,2.3505802e-06,0.37596464
2010-03-30 12:00:00,13.56897,3.8679504,210.70973,95340.79,7.199974e-06,0.52556896
2010-03-31 12:00:00,15.460754,2.9905396,272.0245,95850.43,7.1209496e-07,0.5971979
2010-04-01 12:00:00,17.415344,4.9259644,292.49796,95872.234,0.0,0.30394295
2010-04-02 12:00:00,16.132324,2.6704102,215.35486,95738.07,1.5599923e-06,0.5838113
2010-04-03 12:00:00,15.98114,3.3407288,272.22363,95743.266,2.6359106e-07,0.42425576
2010-04-04 12:00:00,20.318268,4.182495,296.63507,95937.93,0.0,0.26268005
2010-04-05 12:00:00,24.401794,8.286896,299.1298,96179.25,0.0,0.47422528
2010-04-06 12:00:00,26.929688,11.385193,303.71713,96307.25,0.0,0.85886705
2010-04-07 12:00:00,28.395538,12.467529,300.24933,96130.53,0.0,0.4193975
2010-04-08 12:00:00,28.993164,13.8797,288.60437,95933.04,0.0,0.5640203
2010-04-09 12:00:00,27.584625,12.861023,134.08984,95820.56,0.0,0.4487443
2010-04-10 12:00:00,22.84137,10.691223,153.34174,95699.44,5.2315784e-08,0.42393875
2010-04-11 12:00:00,27.072418,9.799103,282.68948,95694.21,1.4922999e-07,0.74158126
2010-04-12 12:00:00,26.410004,10.038727,300.69827,95738.23,1.5374638e-06,0.63254684
2010-04-13 12:00:00,25.01059,9.072601,315.61615,95666.695,4.096265e-08,0.78124404
2010-04-14 12:00:00,23.029419,7.8668213,311.9864,95550.2,1.1938424e-07,0.63212323
2010-04-15 12:00:00,21.789124,7.675354,304.01422,95459.93,1.130349e-06,0.7149615
2010-04-16 12:00:00,25.931793,8.986298,316.1015,95501.31,0.0,0.32782632
2010-04-17 12:00:00,27.355042,9.496735,315.07626,95634.414,0.0,0.58923084
2010-04-18 12:00:00,29.323181,11.225952,314.49936,95921.484,0.0,0.5345941
2010-04-19 12:00:00,29.176544,12.9114685,306.2511,95679.1,0.0,0.48567337
2010-04-20 12:00:00,24.95343,10.952087,313.17902,95247.44,1.5849416e-07,0.7376011
2010-04-21 12:00:00,20.563751,9.528748,309.75632,95144.516,1.4547296e-06,0.97739583
2010-04-22 12:00:00,20.720795,9.304749,304.5942,95373.234,9.751036e-07,0.95816576
2010-04-23 12:00:00,21.652954,8.15509,321.82803,95676.195,1.2987369e-08,0.76932675
2010-04-24 12:00:00,20.783264,9.263397,301.45648,95597.07,1.2878339e-06,0.5875526
2010-04-25 12:00:00,17.818146,10.564758,168.48143,95509.62,1.7550858e-05,1.3316953
2010-04-26 12:00:00,15.615021,6.15625,212.72133,95243.69,3.3905512e-06,0.48690426
2010-04-27 12:00:00,19.238617,5.208313,342.19315,95449.51,0.0,1.7319571
2010-04-28 12:00:00,20.506226,5.800354,341.74945,95515.72,0.0,0.4005065
2010-04-29 12:00:00,22.097717,7.833893,340.01614,95647.12,0.0,0.60414886
2010-04-30 12:00:00,22.010864,7.6988525,330.73752,95758.15,0.0,0.68686295
2010-05-01 12:00:00,20.600647,6.9300537,317.42773,95671.4,5.2066434e-07,0.82236934
2010-05-02 12:00:00,17.310822,9.486389,192.42436,95504.6,5.376828e-05,1.9526625
2010-05-03 12:00:00,17.103882,5.131439,343.14075,95551.47,0.0,1.6657679
2010-05-04 12:00:00,19.98645,6.173584,344.06787,95964.625,0.0,0.52114856
2010-05-05 12:00:00,20.440979,6.7740173,303.6498,96049.11,0.0,0.63742304
2010-05-06 12:00:00,22.725311,8.435364,338.97653,95897.67,0.0,0.50795287
2010-05-07 12:00:00,22.376282,9.575562,333.75583,95662.65,0.0,0.539744
2010-05-08 12:00:00,23.844208,9.49884,334.66833,95392.73,3.03852e-07,0.61495215
2010-05-09 12:00:00,24.271393,9.663544,339.8414,95492.96,0.0,0.54069304
2010-05-10 12:00:00,24.810547,9.276337,314.31012,95542.484,1.4931433e-06,0.6270161
2010-05-11 12:00:00,25.55014,11.131714,348.98456,95586.41,0.0,0.42086187
2010-05-12 12:00:00,28.439667,10.01651,345.8083,95500.17,1.3639121e-08,0.60600173
2010-05-13 12:00:00,31.984741,12.567261,349.2061,95517.87,0.0,0.29720664
2010-05-14 12:00:00,33.70511,16.544647,349.99893,95512.47,0.0,0.80532837
2010-05-15 12:00:00,34.349884,16.405975,350.1103,95673.445,7.970787e-09,1.0772586
2010-05-16 12:00:00,34.823547,13.944336,347.00854,95979.77,5.140939e-07,0.50426733
2010-05-17 12:00:00,34.375275,17.082367,245.2493,95821.08,2.6273676e-07,0.5601111
2010-05-18 12:00:00,29.499237,14.43927,299.4972,95837.24,2.617655e-06,1.1282917
2010-05-19 12:00:00,23.985016,13.973816,313.70282,96038.85,4.6807772e-06,1.1535517
2010-05-20 12:00:00,23.064148,12.045044,250.72137,96174.18,1.8099806e-06,0.7073824
2010-05-21 12:00:00,21.84314,9.535461,317.7904,96232.61,2.6695594e-07,0.6698019
2010-05-22 12:00:00,20.86795,8.274536,312.49863,96133.22,1.7639051e-06,0.85340625
2010-05-23 12:00:00,20.799011,9.612122,322.3273,96102.07,1.7322034e-07,0.88508606
2010-05-24 12:00:00,22.635468,9.076294,339.62686,96053.43,5.2429596e-07,0.8710563
2010-05-25 12:00:00,23.210602,10.530731,344.725,95781.3,1.8367422e-07,0.7350984
2010-05-26 12:00:00,22.366425,11.550659,239.55106,95663.336,4.7732856e-06,1.2228067
2010-05-27 12:00:00,17.419617,11.684265,104.81813,95679.24,3.2525673e-05,1.394866
2010-05-28 12:00:00,14.87561,11.518555,73.88848,95424.6,9.060583e-05,1.4578007
2010-05-29 12:00:00,13.727661,11.67276,72.625,95419.7,9.302283e-05,1.2646551
2010-05-30 12:00:00,15.007507,11.10907,121.38573,95849.23,3.5137862e-05,1.0159972
2010-05-31 12:00:00,19.082733,12.0061035,227.15681,95971.195,9.551864e-06,0.8633844
2010-06-01 12:00:00,23.062256,11.759308,348.85,95898.48,0.0,0.5379401
2010-06-02 12:00:00,27.350891,14.1586,354.90353,95844.74,0.0,0.27986172
2010-06-03 12:00:00,27.644348,13.882355,344.7521,95766.65,0.0,0.6544585
2010-06-04 12:00:00,26.004852,13.437042,325.04565,95630.49,5.457308e-07,0.87418544
2010-06-05 12:00:00,23.009857,11.862488,337.7826,95543.414,1.913436e-07,1.0766001
2010-06-06 12:00:00,23.820984,10.549561,338.93262,95659.99,0.0,1.0608999
2010-06-07 12:00:00,27.469574,13.074799,344.9054,95616.55,0.0,0.7433976
2010-06-08 12:00:00,25.924255,12.507629,338.9482,95476.08,2.5658214e-06,1.0708541
2010-06-09 12:00:00,24.067017,12.759979,349.896,95579.81,4.4046377e-07,1.0588512
2010-06-10 12:00:00,26.674835,11.2439575,362.50433,95754.98,0.0,0.7521179
2010-06-11 12:00:00,27.48993,10.635986,364.56284,95754.67,0.0,0.8427179
2010-06-12 12:00:00,26.244995,10.730011,354.44705,95641.875,1.4329e-07,1.2936097
2010-06-13 12:00:00,23.155762,13.031921,309.26688,95715.805,7.140862e-06,1.1918449
2010-06-14 12:00:00,28.414673,11.625214,363.81778,95788.516,0.0,0.5152549
2010-06-15 12:00:00,27.888092,12.312317,358.7737,95913.055,2.5331697e-09,0.9830742
2010-06-16 12:00:00,25.61795,10.180878,367.71375,96094.03,0.0,0.77323633
2010-06-17 12:00:00,27.273926,9.654694,342.85165,96096.78,0.0,0.6872095
2010-06-18 12:00:00,28.76001,12.36972,343.6159,96091.76,0.0,0.66984004
2010-06-19 12:00:00,29.733765,11.35788,314.02744,96037.38,4.8040776e-09,0.6720572
2010-06-20 12:00:00,30.540344,16.10022,344.17358,95870.79,0.0,0.6556264
2010-06-21 12:00:00,30.009918,14.92569,358.25073,95764.93,2.4727266e-08,0.7297177
2010-06-22 12:00:00,29.407898,13.356812,363.61554,95785.22,2.4839398e-08,0.7532482
2010-06-23 12:00:00,28.909454,12.016144,367.9612,95851.4,0.0,0.7473911
2010-06-24 12:00:00,28.28595,11.661865,275.17288,95777.27,0.0,0.7768723
2010-06-25 12:00:00,25.192413,11.532227,340.47467,95856.47,4.4648732e-07,1.0754086
2010-06-26 12:00:00,25.00003,13.404907,291.5235,95822.664,8.602679e-09,1.08612
2010-06-27 12:00:00,25.32254,13.651337,344.74973,95782.02,6.093843e-07,1.1835929
2010-06-28 12:00:00,26.26297,13.048431,357.65988,95946.55,2.9268856e-08,0.9854148
2010-06-29 12:00:00,26.45337,13.014893,355.97784,95996.875,1.1309733e-07,0.89588076
2010-06-30 12:00:00,27.042755,13.633392,351.74734,95817.09,3.4492382e-07,1.0863181
2010-07-01 12:00:00,28.751343,14.458221,355.34482,95731.125,3.6771432e-08,0.88588953
2010-07-02 12:00:00,31.896637,15.381775,357.5463,95821.8,2.1032047e-09,0.5033237
2010-07-03 12:00:00,34.08377,15.730438,362.2999,96010.94,0.0,0.75850445
2010-07-04 12:00:00,33.524017,16.894104,358.98245,95940.805,0.0,1.0342892
2010-07-05 12:00:00,32.03711,14.627808,363.08682,95818.09,6.9964344e-08,0.852872
2010-07-06 12:00:00,29.87024,12.339081,367.4234,95865.55,2.7058165e-08,0.67404175
2010-07-07 12:00:00,29.853424,12.691071,364.4762,95942.92,0.0,0.79140884
2010-07-08 12:00:00,29.51358,12.171112,366.64334,96031.234,0.0,0.8133744
2010-07-09 12:00:00,30.58017,13.729187,355.13403,96033.21,0.0,0.82048905
2010-07-10 12:00:00,31.346375,14.703705,351.63812,95939.58,0.0,0.8861539
2010-07-11 12:00:00,31.406403,14.04303,352.3717,95843.33,1.1885905e-08,0.7329636
2010-07-12 12:00:00,33.503143,16.827087,347.97687,95851.02,0.0,0.60427636
2010-07-13 12:00:00,32.850525,17.103119,346.39032,95976.5,0.0,0.7974199
2010-07-14 12:00:00,34.69394,18.357178,344.77942,96033.73,1.5116822e-09,0.8210237
2010-07-15 12:00:00,33.87509,19.089294,249.77225,95903.92,0.0,0.85884947
2010-07-16 12:00:00,33.114166,19.058685,270.8291,95887.22,0.0,1.0190306
2010-07-17 12:00:00,33.14395,19.95581,289.43134,95841.52,0.0,0.70887977
2010-07-18 12:00:00,34.196594,18.230438,338.82016,95865.22,0.0,0.5845219
2010-07-19 12:00:00,34.07138,18.698181,308.52872,95930.125,6.783277e-06,0.77317685
2010-07-20 12:00:00,33.112457,18.799683,333.9383,95898.984,4.2385227e-06,0.86387074
2010-07-21 12:00:00,32.813477,17.560333,344.57608,95873.54,8.3979765e-09,0.829593
2010-07-22 12:00:00,34.939453,16.733765,341.20078,95774.65,2.2426915e-08,0.6310144
2010-07-23 12:00:00,33.960266,18.824158,295.31662,95905.26,2.5808028e-08,0.8129408
2010-07-24 12:00:00,34.329773,19.254364,311.605,96073.4,0.0,0.40013957
2010-07-25 12:00:00,35.895935,18.827606,341.17572,96027.22,0.0,0.8024556
2010-07-26 12:00:00,35.149475,18.551147,343.14453,95898.086,2.761289e-08,0.6822909
2010-07-27 12:00:00,37.420654,19.14859,343.37198,95755.45,0.0,0.5000736
2010-07-28 12:00:00,37.8985,20.8013,335.20782,95601.64,0.0,0.6692348
2010-07-29 12:00:00,36.9028,19.510193,333.23523,95615.77,0.0,0.76094407
2010-07-30 12:00:00,36.555298,19.597504,331.4442,95645.266,0.0,0.70356697
2010-07-31 12:00:00,36.310516,21.873932,246.84029,95797.15,0.0,0.9078145
2010-08-01 12:00:00,37.23938,27.0094,277.43976,95887.93,1.4592884e-07,0.54518676
2010-08-02 12:00:00,39.007904,24.181702,320.18307,95936.1,0.0,0.6456805
2010-08-03 12:00:00,40.72467,26.173798,269.10245,95914.52,3.935252e-06,0.35037243
2010-08-04 12:00:00,39.157654,24.05893,292.53647,95664.51,0.0,0.47157028
2010-08-05 12:00:00,37.331635,24.152527,202.47878,95564.7,1.5617556e-07,0.6340218
2010-08-06 12:00:00,35.573456,24.92688,167.39641,95656.19,6.44818e-06,0.75473243
2010-08-07 12:00:00,32.65445,23.845337,170.44128,95799.734,5.251312e-07,0.6155364
2010-08-08 12:00:00,34.64804,21.622223,315.4028,95863.72,0.0,0.7684896
2010-08-09 12:00:00,35.478912,19.949158,320.71082,95823.54,0.0,0.62360126
2010-08-10 12:00:00,35.082733,20.445953,324.52444,95653.0,0.0,0.82431823
2010-08-11 12:00:00,33.832123,18.154877,323.723,95564.35,4.7367436e-08,0.9363643
2010-08-12 12:00:00,32.933075,17.087036,299.43655,95727.1,0.0,0.8185756
2010-08-13 12:00:00,31.96756,17.809906,282.67706,95788.16,2.838074e-09,0.70392144
2010-08-14 12:00:00,32.091675,17.210388,321.768,95812.58,4.278881e-09,0.7701971
2010-08-15 12:00:00,31.2359,16.868713,318.48093,95775.16,3.2335505e-09,0.9352448
2010-08-16 12:00:00,29.228424,15.61908,317.3642,95822.945,9.88753e-09,1.1101328
2010-08-17 12:00:00,27.644714,14.950165,310.32935,95824.92,6.095974e-07,0.87034065
2010-08-18 12:00:00,27.818115,14.340149,321.73523,95819.89,0.0,0.6335235
2010-08-19 12:00:00,30.58902,15.268982,322.37152,95661.16,0.0,0.37059766
2010-08-20 12:00:00,30.020874,15.043091,319.22147,95700.68,0.0,0.7188714
2010-08-21 12:00:00,31.644623,14.926666,318.91724,95855.61,0.0,0.594693
2010-08-22 12:00:00,30.714874,14.811676,307.01413,95925.14,0.0,0.8262135
2010-08-23 12:00:00,32.65564,15.305847,316.1467,95811.63,0.0,0.5493128
2010-08-24 12:00:00,35.23593,15.45993,307.61325,95768.61,0.0,0.55686677
2010-08-25 12:00:00,36.107147,18.438171,287.36642,95847.88,3.137987e-09,0.5592935
2010-08-26 12:00:00,36.960632,20.659485,297.52524,95808.35,0.0,0.8866638
2010-08-27 12:00:00,36.88568,20.863953,303.7338,95792.29,0.0,0.93163806
2010-08-28 12:00:00,36.13022,20.046417,300.5502,95822.24,0.0,0.5932631
2010-08-29 12:00:00,35.551178,19.872986,263.06342,95680.3,0.0,0.483378
2010-08-30 12:00:00,33.18625,17.560333,248.95947,95645.67,0.0,0.5032944
2010-08-31 12:00:00,30.84082,17.51889,168.02382,95777.08,0.0,0.368114
2010-09-01 12:00:00,30.600311,18.90512,224.37306,95806.49,0.0,0.50866973
2010-09-02 12:00:00,29.642426,14.481812,302.43185,95864.14,6.780738e-09,0.6059889
2010-09-03 12:00:00,30.505188,12.881226,302.66605,95866.375,0.0,0.44152614
2010-09-04 12:00:00,31.575806,13.896973,297.8078,95869.6,0.0,0.5655027
2010-09-05 12:00:00,30.466797,14.735687,296.87393,95803.79,0.0,0.5270042
2010-09-06 12:00:00,29.049805,11.387756,298.23676,95697.055,0.0,0.8090748
2010-09-07 12:00:00,27.16504,12.499084,289.07748,95553.82,0.0,0.4610469
2010-09-08 12:00:00,26.235535,11.216217,290.23148,95520.27,0.0,0.64772046
2010-09-09 12:00:00,25.154266,11.615082,285.66138,95615.9,1.6065772e-07,0.6591271
2010-09-10 12:00:00,23.715912,9.708282,287.5571,95751.19,1.3602349e-07,0.715418
2010-09-11 12:00:00,24.988281,9.703491,287.7727,95836.0,0.0,0.39841917
2010-09-12 12:00:00,27.263824,11.025757,281.75284,95781.83,0.0,0.49107218
2010-09-13 12:00:00,27.117554,12.520508,273.26965,95633.69,5.639336e-07,0.5594424
2010-09-14 12:00:00,28.665283,12.971497,268.2025,95634.66,2.7644373e-07,0.6245081
2010-09-15 12:00:00,27.69629,12.670349,222.06726,95656.625,9.039929e-07,0.6318009
2010-09-16 12:00:00,25.141235,12.599579,264.52917,95752.55,2.6714585e-07,0.63657993
2010-09-17 12:00:00,24.872711,11.505859,259.37088,95977.83,7.629496e-07,0.56169385
2010-09-18 12:00:00,25.067596,11.403809,241.21077,95925.766,0.0,0.5462999
2010-09-19 12:00:00,24.589508,13.864288,262.65625,95910.766,1.8370926e-08,0.746441
2010-09-20 12:00:00,26.396362,10.480774,264.4553,95866.79,0.0,0.5413538
2010-09-21 12:00:00,25.412415,11.28833,264.0191,95718.96,0.0,0.5529766
2010-09-22 12:00:00,22.87909,15.006653,102.3191,95417.15,1.2619751e-05,1.3530567
2010-09-23 12:00:00,20.237762,14.34082,118.163414,95448.875,1.4354045e-05,1.2763438
2010-09-24 12:00:00,24.369629,11.970764,226.62833,95888.62,5.4421635e-06,0.84288096
2010-09-25 12:00:00,24.086243,13.128998,233.13293,95965.47,0.0,0.48392373
2010-09-26 12:00:00,25.122498,11.360107,243.95692,95923.78,3.069571e-07,0.49592045
2010-09-27 12:00:00,30.594849,11.460419,253.56308,95747.734,6.5671514e-08,0.33084536
2010-09-28 12:00:00,35.678223,16.204742,253.86185,95604.734,0.0,0.77807117
2010-09-29 12:00:00,33.99283,16.959564,252.50441,95553.35,0.0,0.3409605
2010-09-30 12:00:00,31.505432,12.898315,249.6548,95387.74,0.0,0.8302862
2010-10-01 12:00:00,24.253845,12.476013,237.31845,95359.84,2.4323733e-06,0.9810778
2010-10-02 12:00:00,22.541138,10.327484,236.72816,95680.805,1.4813556e-07,0.5055593
2010-10-03 12:00:00,24.418427,11.168182,237.11876,95868.42,1.3684404e-06,0.3336767
2010-10-04 12:00:00,27.259796,12.321442,205.24129,95760.58,0.0,0.17604348
2010-10-05 12:00:00,31.499573,13.089142,240.09387,95707.77,0.0,0.30143818
2010-10-06 12:00:00,30.122314,12.922211,238.04129,95672.75,0.0,0.5692035
2010-10-07 12:00:00,28.354218,12.873199,234.88069,95588.9,0.0,0.71961397
2010-10-08 12:00:00,26.176636,10.765961,233.99547,95629.41,8.508005e-09,0.5388101
2010-10-09 12:00:00,23.466034,11.825226,186.15782,95506.23,1.8035729e-06,0.94372845
2010-10-10 12:00:00,17.890503,10.046051,79.83348,95322.69,0.00014254074,1.4123679
2010-10-11 12:00:00,16.80014,5.29187,232.63412,95921.945,2.4621953e-09,0.9488888
2010-10-12 12:00:00,20.41629,8.5373535,204.28847,96003.58,0.0,1.2834879
2010-10-13 12:00:00,22.662048,9.194733,228.58324,95782.99,0.0,0.8454756
2010-10-14 12:00:00,23.1185,7.892761,222.3264,95802.76,0.0,0.27710748
2010-10-15 12:00:00,21.437653,8.679413,161.73373,95864.375,9.568095e-07,0.64148074
2010-10-16 12:00:00,21.359222,8.54892,211.43332,96179.92,1.9114745e-07,0.55370224
2010-10-17 12:00:00,23.345245,10.775726,209.68954,96149.86,0.0,0.3104434
2010-10-18 12:00:00,23.643433,10.525879,181.12743,95845.01,0.0,0.443998
2010-10-19 12:00:00,24.033905,9.693573,213.80196,95834.75,0.0,0.19339101
2010-10-20 12:00:00,25.941956,8.514801,216.7056,96010.38,0.0,0.7948683
2010-10-21 12:00:00,25.276062,11.779633,172.27003,95931.05,0.0,0.6649103
2010-10-22 12:00:00,22.9292,7.8684998,202.39185,95816.836,0.0,0.21485439
2010-10-23 12:00:00,28.157501,9.566681,201.70709,95860.055,0.0,0.5449975
2010-10-24 12:00:00,29.72461,15.614014,200.4004,95844.11,0.0,0.6031176
2010-10-25 12:00:00,28.335052,13.125305,181.62825,95778.62,0.0,0.53225815
2010-10-26 12:00:00,25.925568,10.048218,194.4663,95829.11,0.0,0.48286873
2010-10-27 12:00:00,22.57193,9.869385,184.86383,95850.66,1.4798671e-07,0.5337794
2010-10-28 12:00:00,22.312012,8.582825,189.26503,95906.03,0.0,0.5496263
2010-10-29 12:00:00,27.300842,10.300049,192.53276,95899.695,1.0078578e-07,0.98573
2010-10-30 12:00:00,26.91925,15.741913,196.62936,96216.41,0.0,2.2773197
2010-10-31 12:00:00,29.202118,15.684845,194.60468,96255.836,0.0,1.692027
2010-11-01 12:00:00,29.11856,14.032654,189.78554,95642.83,0.0,0.86443406
2010-11-02 12:00:00,25.363586,8.668091,187.9171,95486.29,0.0,0.7273668
2010-11-03 12:00:00,21.65738,7.5073853,180.32628,95951.7,8.750074e-07,0.42835623
2010-11-04 12:00:00,19.89215,8.336975,147.43645,96236.14,8.236171e-08,0.6064018
2010-11-05 12:00:00,21.995514,10.674835,159.57254,96143.02,0.0,0.29309863
2010-11-06 12:00:00,22.879944,11.642029,169.68787,96244.45,0.0,0.4222851
2010-11-07 12:00:00,22.525818,11.08963,168.13686,95992.72,5.2897786e-07,0.53758544
2010-11-08 12:00:00,22.947327,8.450775,177.3856,95582.46,8.4196625e-07,0.3677901
2010-11-09 12:00:00,21.477936,6.1493835,148.6111,95442.266,1.0262273e-06,0.2839211
2010-11-10 12:00:00,14.727112,3.6990356,148.37885,95270.72,1.1255828e-05,1.1219842
2010-11-11 12:00:00,16.54956,5.0188904,134.6478,95458.48,1.3723392e-05,0.47289383
2010-11-12 12:00:00,16.508636,5.4550476,131.50288,96006.516,2.0385805e-06,0.9723859
2010-11-13 12:00:00,21.575378,4.891205,168.07425,96379.56,0.0,0.2552338
2010-11-14 12:00:00,23.500153,12.525726,170.90692,96599.74,0.0,2.0407066
2010-11-15 12:00:00,22.300507,9.414124,95.179596,96411.52,0.0,1.821498
2010-11-16 12:00:00,20.832214,11.014923,134.77568,95958.06,0.0,0.35443458
2010-11-17 12:00:00,18.561707,5.7124634,162.92494,95766.375,2.5010097e-08,0.8664573
2010-11-18 12:00:00,16.431183,7.712158,159.53448,95642.9,8.38558e-06,0.17849
2010-11-19 12:00:00,15.687073,5.2757263,117.04227,96088.74,4.2979897e-07,1.1065941
2010-11-20 12:00:00,14.648651,4.6764526,152.6267,96101.086,3.0991275e-06,0.38134256
2010-11-21 12:00:00,15.380463,2.8807983,154.49799,95892.71,0.0,0.37359303
2010-11-22 12:00:00,15.122498,2.4872437,129.8605,95543.26,0.0,0.8598041
2010-11-23 12:00:00,13.458527,7.407593,77.26436,95322.62,0.00015453047,1.1309289
2010-11-24 12:00:00,11.889221,6.7043457,120.17662,95874.125,2.3298577e-05,0.3238565
2010-11-25 12:00:00,13.869232,7.319519,137.42047,95803.03,9.3911916e-07,1.4323097
2010-11-26 12:00:00,15.371796,7.404114,155.58835,96035.31,0.0,2.0359035
2010-11-27 12:00:00,16.274872,4.726837,138.21146,96378.17,0.0,1.2568163
2010-11-28 12:00:00,15.789978,5.532501,123.605225,96294.35,0.0,1.3919315
2010-11-29 12:00:00,19.39737,4.983307,153.34718,96375.46,0.0,1.4883113
2010-11-30 12:00:00,21.098633,7.7510376,151.25461,96442.7,0.0,1.3153822
2010-12-01 12:00:00,19.691803,6.312378,151.29076,96002.984,0.0,0.6565431
2010-12-02 12:00:00,19.654205,7.0467224,140.20361,95890.03,0.0,1.247043
2010-12-03 12:00:00,20.0755,7.4430847,148.14851,96252.58,0.0,0.9494431
2010-12-04 12:00:00,20.085297,6.925873,140.98251,96403.49,0.0,0.99113613
2010-12-05 12:00:00,20.740753,6.7461243,114.14218,96283.59,0.0,1.6464916
2010-12-06 12:00:00,18.20166,10.638519,105.1061,95819.95,5.841798e-08,0.4929765
2010-12-07 12:00:00,14.089905,5.3694763,122.43533,95356.414,1.5749865e-05,1.099892
2010-12-08 12:00:00,9.009888,-0.56326294,146.18071,95719.65,0.0,1.7068131
2010-12-09 12:00:00,12.342377,-0.8296509,145.18661,96511.77,0.0,0.69265014
2010-12-10 12:00:00,14.471069,-1.3275146,146.98044,96554.79,0.0,1.2316132
2010-12-11 12:00:00,17.410034,3.177246,142.63292,96510.555,0.0,1.2596347
2010-12-12 12:00:00,19.977203,4.2085876,139.67326,96539.45,0.0,0.6459406
2010-12-13 12:00:00,19.266449,5.3155212,118.55185,96379.33,0.0,0.2359053
2010-12-14 12:00:00,16.50885,6.2250366,115.28815,96029.82,0.0,0.42144915
2010-12-15 12:00:00,14.324524,1.1669922,140.73662,95555.67,1.6140966e-08,0.54018253
2010-12-16 12:00:00,12.208435,1.3778076,32.31229,94632.32,0.0001714672,0.8191154
2010-12-17 12:00:00,7.04776,-2.1313171,137.06216,94729.09,9.3231756e-07,1.0695775
2010-12-18 12:00:00,7.869446,-1.244751,108.051414,96047.734,1.0708628e-07,0.92511016
2010-12-19 12:00:00,8.942474,-1.3589783,115.60695,96437.234,9.8336635e-08,1.6691847
2010-12-20 12:00:00,10.991974,-1.5257874,140.24419,96199.805,0.0,1.991354
2010-12-21 12:00:00,13.864319,-0.123809814,139.53203,96286.125,0.0,1.1741802
2010-12-22 12:00:00,11.674927,3.0174255,42.953682,96146.15,2.55952e-05,0.39422208
2010-12-23 12:00:00,10.134033,-0.35836792,141.45663,96338.34,3.5775335e-07,1.5195401
2010-12-24 12:00:00,12.102234,-1.5639343,140.06459,96950.57,0.0,1.8250046
2010-12-25 12:00:00,17.157837,2.6428528,136.06361,96826.79,0.0,1.7125219
2010-12-26 12:00:00,21.262543,5.172119,140.96107,96365.33,0.0,1.7815074
2010-12-27 12:00:00,19.052734,5.2869873,110.19063,95911.85,0.0,0.47888556
2010-12-28 12:00:00,15.016266,5.775238,53.965706,95561.945,2.163301e-05,0.50263137
2010-12-29 12:00:00,10.802673,-0.6373291,144.08173,95881.68,0.0,1.6452096
2010-12-30 12:00:00,13.781647,0.17849731,140.94638,96429.16,0.0,0.7069158
2010-12-31 12:00:00,14.740143,0.5553589,143.29913,96181.6,0.0,1.1541563
2011-01-01 12:00:00,12.974487,2.0072632,146.7667,96585.695,0.0,2.528221
2011-01-02 12:00:00,13.740265,3.1889343,149.29115,97249.9,0.0,2.6501358
2011-01-03 12:00:00,17.65564,8.457397,145.48474,97196.21,0.0,2.1129827
2011-01-04 12:00:00,18.28363,6.127533,147.03502,96661.39,0.0,1.6327972
2011-01-05 12:00:00,19.547424,4.6912537,149.1427,96237.51,0.0,1.6190087
2011-01-06 12:00:00,20.011566,5.4366455,149.90651,96270.43,0.0,1.2326089
2011-01-07 12:00:00,17.790802,3.2615356,122.85003,96170.805,0.0,0.49067265
2011-01-08 12:00:00,18.052673,3.879486,142.38768,95814.375,0.0,0.52105117
2011-01-09 12:00:00,19.71164,2.0521545,150.94975,96017.555,0.0,0.9234784
2011-01-10 12:00:00,18.94162,5.0611877,144.46825,96247.46,0.0,0.6039206
2011-01-11 12:00:00,20.08606,3.4864502,147.90051,96408.57,0.0,0.78612286
2011-01-12 12:00:00,18.508026,2.6140747,147.25443,96116.28,0.0,0.4699945
2011-01-13 12:00:00,18.52118,4.9081116,143.08182,95833.42,1.145375e-06,0.8146398
2011-01-14 12:00:00,20.852295,3.2337036,149.6571,96177.94,0.0,1.35632
2011-01-15 12:00:00,23.13617,8.404633,151.53896,96782.57,0.0,1.6362536
2011-01-16 12:00:00,23.352692,7.668976,146.66187,96471.29,0.0,1.7059928
2011-01-17 12:00:00,24.422913,8.759369,158.47156,96188.38,0.0,1.5819572
2011-01-18 12:00:00,24.570496,9.125885,159.39317,96247.48,0.0,0.9929305
2011-01-19 12:00:00,23.154297,6.8706665,161.18817,96283.74,0.0,0.85052186
2011-01-20 12:00:00,21.00113,5.5839844,131.68117,95881.484,7.560609e-08,0.62108624
2011-01-21 12:00:00,16.799774,3.0959473,157.48299,95653.89,7.6779037e-07,0.41230524
2011-01-22 12:00:00,14.973816,4.1686707,55.83578,95621.21,2.4715386e-05,0.5154465
2011-01-23 12:00:00,12.147095,0.19866943,159.92,95945.945,3.515532e-07,0.6624612
2011-01-24 12:00:00,11.904419,1.3946838,158.60115,96086.04,2.498022e-06,0.5626808
2011-01-25 12:00:00,14.221039,7.6715393,139.00514,96075.48,1.93297e-05,0.5408106
2011-01-26 12:00:00,17.16156,2.7373962,167.2367,96055.92,0.0,0.41639182
2011-01-27 12:00:00,18.7294,4.608795,118.6746,95857.25,0.0,0.84471124
2011-01-28 12:00:00,19.986633,8.565643,168.62224,95807.586,0.0,0.78170824
2011-01-29 12:00:00,19.65274,4.3103943,172.09277,96080.91,0.0,0.38678446
2011-01-30 12:00:00,18.199066,2.681305,170.72954,96333.305,3.050175e-08,0.3985526
2011-01-31 12:00:00,18.278412,3.268219,173.63753,96206.09,0.0,0.44402722
2011-02-01 12:00:00,22.07611,6.681549,174.72026,96137.13,0.0,0.7211213
2011-02-02 12:00:00,20.783386,4.7454834,178.14645,96218.336,0.0,0.5393344
2011-02-03 12:00:00,18.527588,2.6052856,175.04436,96200.34,7.1855277e-07,0.51111007
2011-02-04 12:00:00,15.689972,5.0510864,151.82494,95906.89,2.0106474e-07,0.6090146
2011-02-05 12:00:00,14.898315,7.722534,137.17604,95674.91,5.1406205e-06,1.0850344
2011-02-06 12:00:00,13.312195,5.723816,117.245674,95548.45,7.195692e-06,1.0740845
2011-02-07 12:00:00,12.085571,5.4491577,64.07492,94977.08,0.00070591265,1.5750959
2011-02-08 12:00:00,9.811676,3.399231,179.99318,95535.25,2.741027e-05,0.7463474
2011-02-09 12:00:00,10.666534,2.4708862,170.334,96246.875,5.5834147e-07,0.48271915
2011-02-10 12:00:00,11.893738,5.01001,177.28374,96356.48,0.0,0.3131368
2011-02-11 12:00:00,14.888824,5.3453064,189.5931,96038.7,4.6572703e-07,0.34983826
2011-02-12 12:00:00,14.156586,5.612671,107.62198,96049.195,3.0791443e-06,0.4609223
2011-02-13 12:00:00,15.45752,7.505951,191.08174,96229.46,1.4214208e-05,0.47326148
2011-02-14 12:00:00,18.138092,4.6295166,203.12772,96505.88,0.0,1.2401117
2011-02-15 12:00:00,18.472229,7.8237,182.92271,96565.94,0.0,1.4564495
2011-02-16 12:00:00,18.768982,9.566223,119.14607,96497.56,0.0,1.2111933
2011-02-17 12:00:00,20.077393,10.068237,160.22223,95892.36,0.0,1.3716028
2011-02-18 12:00:00,19.238129,8.732452,167.29701,95754.414,1.3094927e-08,0.60875833
2011-02-19 12:00:00,16.970673,5.662903,194.29387,95961.125,9.891925e-07,0.41544998
2011-02-20 12:00:00,20.341034,4.2982483,212.3166,96010.65,2.5694635e-07,1.0346395
2011-02-21 12:00:00,21.604248,6.429413,212.82036,96175.984,0.0,0.99420244
2011-02-22 12:00:00,20.857056,10.067322,196.95758,96266.664,0.0,0.8235338
2011-02-23 12:00:00,20.036652,5.1987915,219.78754,96093.23,0.0,0.3263557
2011-02-24 12:00:00,19.345215,7.173218,162.06941,95784.52,9.451514e-10,0.40538016
2011-02-25 12:00:00,18.231567,5.888031,93.93485,95481.61,1.8543342e-06,1.1166682
2011-02-26 12:00:00,13.986755,7.2550354,38.489597,94673.55,0.00032755634,1.9275367
2011-02-27 12:00:00,9.518707,6.8499756,51.11883,94037.375,0.00018464426,0.88213855
2011-02-28 12:00:00,10.695953,7.3660583,89.636894,94862.16,2.3653583e-05,0.45612228
2011-03-01 12:00:00,10.473206,7.7286987,45.30091,95617.62,0.00013253855,1.227716
2011-03-02 12:00:00,9.138611,6.312744,71.51567,95584.62,0.0005511634,1.1791928
2011-03-03 12:00:00,13.462555,4.0551147,218.80235,95528.84,0.00011667033,0.5252566
2011-03-04 12:00:00,14.578613,4.281311,230.94308,96379.86,0.0,0.58340466
2011-03-05 12:00:00,17.674042,6.2882385,236.07271,96468.28,1.5808519e-08,0.46310234
2011-03-06 12:00:00,16.953186,8.989899,137.95354,96161.55,0.0,0.6529782
2011-03-07 12:00:00,15.555908,6.7874146,125.57294,95945.67,1.0136447e-05,0.91597885
2011-03-08 12:00:00,10.740234,6.4299316,104.17237,96097.836,6.544304e-05,0.6011617
2011-03-09 12:00:00,11.428497,6.7617188,157.02577,96013.36,0.00011411363,0.45475164
2011-03-10 12:00:00,10.204926,4.9626465,103.237274,96193.805,6.8579044e-05,0.92974246
2011-03-11 12:00:00,11.216278,4.1124573,242.58116,95880.03,0.0003262699,0.89174217
2011-03-12 12:00:00,12.879089,2.9580994,247.79547,96388.32,1.6116043e-09,0.7989222
2011-03-13 12:00:00,12.16864,4.1995544,203.91135,96630.89,6.193576e-07,0.49096853
2011-03-14 12:00:00,16.490845,6.4417114,243.13628,96297.92,2.0330353e-06,0.32216877
2011-03-15 12:00:00,19.735779,7.1048584,255.3186,95961.11,0.0,0.7049162
2011-03-16 12:00:00,21.48169,11.132355,260.93167,95944.984,0.0,1.0142739
2011-03-17 12:00:00,21.828766,10.736084,266.77222,96213.24,0.0,0.9072847
2011-03-18 12:00:00,21.430328,10.435608,257.84576,96102.164,0.0,1.2051208
2011-03-19 12:00:00,20.347351,6.78421,270.4667,95730.11,2.7571584e-08,0.5275184
2011-03-20 12:00:00,16.433533,7.1135254,102.88995,95771.64,9.146149e-06,1.0855072
2011-03-21 12:00:00,11.073669,7.473938,148.45811,95473.04,7.782744e-05,1.2054248
2011-03-22 12:00:00,14.018616,3.1996765,264.33807,95269.125,2.0856494e-05,1.0047944
2011-03-23 12:00:00,14.534882,4.6896667,266.27356,95699.64,8.72138e-08,0.5926695
2011-03-24 12:00:00,15.703186,6.443817,243.72395,95647.72,6.527858e-07,0.6213204
2011-03-25 12:00:00,21.71045,7.0832825,278.05197,95835.33,0.0,0.37356305
2011-03-26 12:00:00,23.908752,9.718536,277.04166,95947.69,0.0,0.3870425
2011-03-27 12:00:00,25.199738,11.058197,271.6618,95901.81,0.0,0.41088787
2011-03-28 12:00:00,26.979431,12.57663,278.19946,95942.18,0.0,0.35541642
2011-03-29 12:00:00,27.479858,12.234528,281.75598,95884.27,0.0,0.7721791
2011-03-30 12:00:00,25.75531,8.769867,288.84235,95648.01,3.9941878e-07,0.804795
2011-03-31 12:00:00,19.667358,8.12027,142.37143,95385.664,1.1366218e-05,1.0999607
2011-04-01 12:00:00,14.026703,7.281128,83.424545,95243.33,5.527429e-05,1.0909114
2011-04-02 12:00:00,18.072357,7.5617676,246.2325,95266.16,1.5511531e-06,0.39846447
2011-04-03 12:00:00,18.16629,7.408142,268.06088,95699.17,1.1989524e-06,0.5666046
2011-04-04 12:00:00,19.309784,9.245911,240.9183,95568.875,6.8201676e-05,0.57880056
2011-04-05 12:00:00,18.025787,8.272766,156.718,95372.19,3.9046616e-05,0.892622
2011-04-06 12:00:00,16.147308,10.011322,163.11694,95804.93,3.921954e-05,1.1470567
2011-04-07 12:00:00,23.168732,8.513763,297.7183,96068.945,0.0,0.6030977
2011-04-08 12:00:00,25.019226,10.625275,303.1238,96061.15,0.0,0.3669532
2011-04-09 12:00:00,23.61435,9.729919,303.0561,95627.375,2.6157672e-08,0.30225196
2011-04-10 12:00:00,25.054077,6.2852173,313.20276,95367.38,0.0,0.8779063
2011-04-11 12:00:00,26.462494,10.698547,313.50882,95625.59,0.0,0.7341796
2011-04-12 12:00:00,25.051422,9.542328,304.7684,95644.57,0.0,0.572732
2011-04-13 12:00:00,21.726746,7.9249268,240.48737,95424.586,1.3802484e-06,0.7860989
2011-04-14 12:00:00,15.702087,8.916046,106.173096,94964.16,0.00011843513,0.22010785
2011-04-15 12:00:00,18.161499,4.116699,310.90488,95146.46,0.0,1.3190585
2011-04-16 12:00:00,20.805664,6.477539,320.63028,95735.805,0.0,1.1261258
2011-04-17 12:00:00,20.753754,7.003357,317.5749,95820.85,0.0,0.55453795
2011-04-18 12:00:00,20.535126,6.28656,323.47998,95843.19,0.0,0.7289679
2011-04-19 12:00:00,19.345154,5.0621033,170.03802,95435.1,0.0,0.51577365
2011-04-20 12:00:00,14.783936,6.5562744,226.47502,95202.086,4.2643237e-06,0.85307014
2011-04-21 12:00:00,14.007538,7.00412,219.59549,95158.25,2.5129913e-05,1.2791277
2011-04-22 12:00:00,13.950653,4.330017,125.94799,95726.836,1.2063759e-05,0.9437423
2011-04-23 12:00:00,12.829651,5.6372986,190.34985,95897.055,1.6336298e-05,0.86378837
2011-04-24 12:00:00,17.16034,7.113678,283.07803,95927.28,2.4291614e-05,0.5017892
2011-04-25 12:00:00,18.648987,6.8537292,299.49118,96257.0,6.014143e-07,0.99576104
2011-04-26 12:00:00,18.983948,8.526642,304.571,96217.44,1.7949869e-06,0.9904696
2011-04-27 12:00:00,20.749725,7.0787964,328.8066,95891.086,0.0,0.59920985
2011-04-28 12:00:00,22.79065,7.3685303,333.2571,96002.6,0.0,0.45635375
2011-04-29 12:00:00,25.14505,8.736542,337.9929,96132.88,0.0,0.3313983
2011-04-30 12:00:00,25.793762,10.477234,341.12775,95797.86,0.0,0.3415154
2011-05-01 12:00:00,24.388947,9.337982,326.81238,95432.125,2.5726235e-08,0.344183
2011-05-02 12:00:00,19.690582,6.876404,320.5161,95609.95,5.3801152e-08,1.0652928
2011-05-03 12:00:00,18.803497,7.013092,319.63055,95710.84,0.0,0.71133435
2011-05-04 12:00:00,18.476105,9.125977,253.84074,95408.64,7.3901415e-06,1.1101345
2011-05-05 12:00:00,21.803558,8.272491,326.2489,95081.586,1.7561947e-06,0.7115569
2011-05-06 12:00:00,21.612946,7.3984375,340.9513,95663.91,0.0,0.9688277
2011-05-07 12:00:00,21.580475,7.335785,343.1369,96042.99,0.0,0.96967
2011-05-08 12:00:00,23.648743,7.882965,343.51657,96106.02,0.0,0.79720163
2011-05-09 12:00:00,25.391052,8.7951355,346.4393,96170.56,0.0,0.6056465
2011-05-10 12:00:00,24.696594,8.612732,348.0531,96050.52,1.4480063e-08,0.7786416
2011-05-11 12:00:00,23.527405,7.2556458,348.34464,95761.5,0.0,0.809089
2011-05-12 12:00:00,22.103271,7.727936,338.51886,95606.66,3.0996756e-07,0.8867615
2011-05-13 12:00:00,22.336731,9.143738,345.87234,95938.76,1.3810777e-07,1.0606707
2011-05-14 12:00:00,22.59674,8.217682,342.90088,96069.45,3.614183e-07,0.83864695
2011-05-15 12:00:00,23.783142,8.219757,343.87552,95976.45,2.852861e-07,0.887941
2011-05-16 12:00:00,27.210236,8.728027,350.94293,95916.69,0.0,0.5633998
2011-05-17 12:00:00,26.00299,9.356781,270.24475,95827.836,3.8638927e-08,0.6899068
2011-05-18 12:00:00,24.363922,12.921082,265.44284,95745.53,0.0,0.7549753
2011-05-19 12:00:00,23.183258,7.669586,348.63626,95640.71,6.102149e-07,1.11691
2011-05-20 12:00:00,21.675781,9.476654,340.92856,95627.59,6.1802774e-07,1.1599116
2011-05-21 12:00:00,21.60263,10.375916,313.34937,95747.875,2.0348334e-06,1.1298355
2011-05-22 12:00:00,20.942993,7.832611,312.83685,95579.375,2.45589e-06,0.9598067
2011-05-23 12:00:00,19.30072,11.095795,286.78754,95286.92,6.8864056e-06,1.5725724
2011-05-24 12:00:00,16.569733,9.30246,207.36165,95332.625,1.53183e-05,1.3742102
2011-05-25 12:00:00,20.363678,9.129486,343.65067,95724.12,7.914257e-07,1.0709589
2011-05-26 12:00:00,20.320984,6.8577576,275.57388,95847.8,0.0,0.70626473
2011-05-27 12:00:00,21.335419,8.175232,348.50116,95831.34,0.0,0.9481415
2011-05-28 12:00:00,20.243774,7.0592957,328.6143,95734.02,9.652265e-07,0.9073851
2011-05-29 12:00:00,18.914337,8.035828,301.39883,95853.52,3.2302282e-06,0.99197066
2011-05-30 12:00:00,17.953949,9.1796875,222.93105,96000.38,8.413556e-06,1.2986532
2011-05-31 12:00:00,18.224579,11.932587,221.46764,95831.78,8.991797e-06,1.3267806
2011-06-01 12:00:00,20.42743,12.246948,256.08566,95742.87,6.1737155e-06,1.2725395
2011-06-02 12:00:00,20.469177,7.520996,353.378,95845.734,1.276602e-07,1.0237164
2011-06-03 12:00:00,23.15567,8.010803,359.84286,95820.08,1.7137386e-09,0.9194516
2011-06-04 12:00:00,26.556244,10.230896,358.27563,95742.76,0.0,0.7163292
2011-06-05 12:00:00,28.723694,11.558289,328.80923,95849.414,0.0,0.74137366
2011-06-06 12:00:00,31.09076,13.279694,267.60162,95839.445,2.3133406e-08,0.49576336
2011-06-07 12:00:00,30.529694,12.526062,358.00894,95692.49,7.7431665e-08,0.91212565
2011-06-08 12:00:00,25.88324,9.891296,362.0568,95727.26,6.423137e-07,0.93319565
2011-06-09 12:00:00,23.74768,8.004547,367.4774,95935.63,0.0,1.0009392
2011-06-10 12:00:00,25.257935,9.777496,362.91827,96072.51,0.0,0.9005523
2011-06-11 12:00:00,24.99533,11.148346,361.38916,95998.13,0.0,0.88782704
2011-06-12 12:00:00,23.56549,11.696991,274.60477,96029.76,7.563347e-07,0.9900073
2011-06-13 12:00:00,24.324402,10.638611,356.66794,96041.72,2.3342945e-07,1.1523268
2011-06-14 12:00:00,23.408234,10.309143,270.83917,95947.266,0.0,0.9983764
2011-06-15 12:00:00,24.694519,9.356903,364.3962,95925.48,0.0,0.87702644
2011-06-16 12:00:00,26.926697,10.806335,366.76663,95682.34,0.0,0.5827335
2011-06-17 12:00:00,27.818085,11.154907,363.40604,95603.47,0.0,0.83259505
2011-06-18 12:00:00,27.38974,10.976624,362.52045,95671.836,2.3667168e-09,0.90813756
2011-06-19 12:00:00,26.194153,10.881165,355.44083,95691.36,3.2427445e-07,1.0338483
2011-06-20 12:00:00,25.482483,12.406921,360.14755,95653.75,2.0044085e-07,0.8972853
2011-06-21 12:00:00,25.311432,12.109131,354.07654,95543.99,9.514756e-08,0.8919943
2011-06-22 12:00:00,24.365173,11.490601,352.54456,95365.164,9.12495e-08,1.1467254
2011-06-23 12:00:00,22.86261,12.485748,342.76306,95408.125,2.893003e-06,1.5556909
2011-06-24 12:00:00,21.034485,12.065216,191.08607,95716.24,7.18548e-06,1.3826092
2011-06-25 12:00:00,26.714691,10.676361,354.83926,95913.1,3.4605463e-08,0.6414841
2011-06-26 12:00:00,30.27121,13.123077,360.1633,95974.74,0.0,0.6710113
2011-06-27 12:00:00,29.418274,13.544647,360.60275,95988.26,0.0,0.8810447
2011-06-28 12:00:00,27.905334,12.475433,361.05365,95852.16,0.0,0.9977267
2011-06-29 12:00:00,28.468048,12.172668,359.48227,95860.16,1.8080381e-07,0.9660975
2011-06-30 12:00:00,31.061157,11.597992,339.91074,95988.97,0.0,0.51981884
2011-07-01 12:00:00,36.036804,15.5069275,344.6986,96000.664,0.0,0.52059215
2011-07-02 12:00:00,38.684143,20.400543,267.8012,95811.71,0.0,0.6304021
2011-07-03 12:00:00,38.4942,21.895111,253.71466,95600.555,8.272104e-07,0.55068785
2011-07-04 12:00:00,33.320496,18.324982,350.09387,95489.26,1.5303547e-08,0.8609123
2011-07-05 12:00:00,30.07608,12.2734375,367.2241,95651.99,0.0,0.7880228
2011-07-06 12:00:00,31.93332,13.895416,363.78998,95848.75,0.0,0.5513548
2011-07-07 12:00:00,31.039307,15.434509,278.713,96006.71,0.0,0.9421573
2011-07-08 12:00:00,28.86087,15.109863,263.7948,96304.36,4.0297778e-06,0.7072237
2011-07-09 12:00:00,30.671417,14.774078,296.10284,96282.945,0.0,0.50358874
2011-07-10 12:00:00,31.193604,15.624207,342.8656,96246.016,0.0,0.77880627
2011-07-11 12:00:00,30.85138,13.418274,357.39395,96310.19,3.3363494e-09,0.8167779
2011-07-12 12:00:00,29.807983,11.778717,354.37582,96226.12,1.3404853e-09,0.96001226
2011-07-13 12:00:00,28.08252,12.247314,357.9613,96023.95,0.0,0.77653086
2011-07-14 12:00:00,30.01593,13.207336,359.5476,95890.46,0.0,0.4968397
2011-07-15 12:00:00,28.863342,12.845093,356.71808,96044.81,0.0,0.89878035
2011-07-16 12:00:00,29.214325,12.984314,353.67822,96231.27,1.7706336e-07,0.7638846
2011-07-17 12:00:00,33.753693,15.279633,350.7353,96095.28,0.0,0.44914067
2011-07-18 12:00:00,34.655273,16.667725,354.08307,95849.98,0.0,0.6196499
2011-07-19 12:00:00,37.87613,17.943634,354.1065,95688.49,0.0,0.45975375
2011-07-20 12:00:00,40.958862,18.73816,354.1302,95750.36,0.0,0.61035997
2011-07-21 12:00:00,39.89084,20.608063,301.43417,95748.78,0.0,0.572174
2011-07-22 12:00:00,34.816345,20.962067,316.13422,95651.54,0.0,0.8483488
2011-07-23 12:00:00,31.395935,17.23285,337.055,95562.59,5.576341e-09,1.0505258
2011-07-24 12:00:00,30.821503,15.900299,341.2821,95638.56,6.089835e-08,0.90546197
2011-07-25 12:00:00,30.095428,14.676758,347.5521,95898.516,0.0,0.91881543
2011-07-26 12:00:00,28.951752,13.62088,348.56528,95963.14,0.0,0.77901137
2011-07-27 12:00:00,29.933899,13.203827,349.66028,96011.555,0.0,0.7406563
2011-07-28 12:00:00,30.279694,12.992981,350.4755,95997.35,0.0,0.72833925
2011-07-29 12:00:00,29.504974,12.681671,348.55005,95966.586,1.06478396e-07,0.76290244
2011-07-30 12:00:00,27.89325,12.469482,339.8597,95909.08,0.0,0.85310024
2011-07-31 12:00:00,30.460663,14.169708,343.47137,96003.3,0.0,0.7809129
2011-08-01 12:00:00,31.122223,13.66626,344.91406,95990.484,0.0,0.77627987
2011-08-02 12:00:00,30.314423,14.194763,340.9967,95810.14,0.0,0.76298237
2011-08-03 12:00:00,29.22049,14.213623,338.9356,95676.516,0.0,0.8771172
2011-08-04 12:00:00,29.10437,14.808716,336.38803,95565.766,2.6864955e-09,0.90563196
2011-08-05 12:00:00,29.042175,14.160614,335.95673,95842.87,0.0,0.9714837
2011-08-06 12:00:00,30.172302,12.97998,341.17563,96134.88,1.641165e-09,0.74071103
2011-08-07 12:00:00,30.978516,12.882416,341.7522,96218.914,0.0,0.6566622
2011-08-08 12:00:00,30.266815,12.585236,340.64014,96205.766,0.0,0.75005805
2011-08-09 12:00:00,31.297882,13.779266,330.6784,96044.445,0.0,0.65443087
2011-08-10 12:00:00,31.409943,15.623779,324.86182,95839.22,1.3110464e-09,0.79959565
2011-08-11 12:00:00,30.322906,17.300629,314.0143,95836.66,0.0,0.9825304
2011-08-12 12:00:00,29.664734,15.046051,326.48196,95967.92,0.0,0.7531173
2011-08-13 12:00:00,29.386963,12.723724,320.36554,95973.14,0.0,0.5506046
2011-08-14 12:00:00,29.820984,13.814026,268.11432,95961.625,0.0,0.65486085
2011-08-15 12:00:00,31.06549,16.792328,242.57817,96050.695,0.0,0.3831147
2011-08-16 12:00:00,33.055603,15.456421,314.65176,96044.664,1.7857698e-08,0.66093725
2011-08-17 12:00:00,32.97055,15.201263,323.41653,96034.24,0.0,0.69527453
2011-08-18 12:00:00,32.68103,15.553955,320.6562,95925.4,0.0,0.61605185
2011-08-19 12:00:00,32.334564,17.753601,311.44855,95905.24,0.0,0.6330322
2011-08-20 12:00:00,32.52121,16.200104,316.88797,95977.98,0.0,0.8520437
2011-08-21 12:00:00,32.832275,16.26532,313.99704,95876.45,0.0,0.4582759
2011-08-22 12:00:00,34.1568,17.845245,312.71805,95767.805,0.0,0.5407534
2011-08-23 12:00:00,33.55185,17.550934,310.8922,95740.09,0.0,0.61977726
2011-08-24 12:00:00,33.29248,16.865692,309.66968,95821.26,0.0,0.5039025
2011-08-25 12:00:00,33.580383,17.596924,306.51715,95915.69,0.0,0.51510197
2011-08-26 12:00:00,32.52826,16.865845,305.19205,96109.695,0.0,0.7436837
2011-08-27 12:00:00,31.66037,16.976685,287.7601,96156.52,0.0,0.81794
2011-08-28 12:00:00,35.365784,16.905151,295.9943,96125.36,0.0,0.7235272
2011-08-29 12:00:00,37.875885,20.803833,295.8546,96032.984,0.0,0.78227186
2011-08-30 12:00:00,37.658325,21.888885,291.22076,95772.48,2.5739315e-08,0.5883012
2011-08-31 12:00:00,36.413574,19.9805,279.13318,95713.13,9.558376e-08,0.74324757
2011-09-01 12:00:00,32.220123,18.041443,297.0216,95827.35,1.539581e-08,0.66229475
2011-09-02 12:00:00,33.237823,14.688049,297.58502,95817.32,0.0,0.6760643
2011-09-03 12:00:00,35.47632,17.454834,286.56564,95583.94,0.0,0.4908862
2011-09-04 12:00:00,34.34369,19.3721,241.60478,95765.46,3.7245335e-10,0.3444209
2011-09-05 12:00:00,32.081482,19.918213,110.313156,95898.64,0.0,0.23299691
2011-09-06 12:00:00,33.75592,20.480103,186.77869,95755.65,0.0,0.6006859
2011-09-07 12:00:00,32.91086,18.940308,262.1331,95802.984,1.8189431e-09,0.44067985
2011-09-08 12:00:00,35.250824,19.583954,273.74066,95825.26,0.0,0.47166538
2011-09-09 12:00:00,34.91635,20.709076,246.63672,95798.41,4.5233426e-07,0.62929446
2011-09-10 12:00:00,33.531067,19.314026,179.89423,95842.836,1.6129453e-08,0.5865829
2011-09-11 12:00:00,31.428986,17.462524,243.17758,95652.5,3.7910852e-09,0.5668651
2011-09-12 12:00:00,29.771027,16.862488,179.41406,95492.37,7.717842e-07,0.79251575
2011-09-13 12:00:00,26.269135,13.186096,280.87018,95609.75,0.0,0.41057378
2011-09-14 12:00:00,26.925842,11.936462,240.08025,95744.09,0.0,0.3921584
2011-09-15 12:00:00,25.75055,14.299927,226.2731,95750.94,0.0,0.5710829
2011-09-16 12:00:00,24.87616,10.148468,277.07037,95857.8,0.0,0.5762716
2011-09-17 12:00:00,25.842682,10.091827,276.4898,95987.914,0.0,0.5080185
2011-09-18 12:00:00,26.402435,11.991913,269.7474,95924.51,0.0,0.65255463
2011-09-19 12:00:00,26.414673,11.300964,270.95462,95564.664,5.0019473e-08,0.34170496
2011-09-20 12:00:00,27.227783,11.954315,269.2034,95582.28,0.0,0.58329886
2011-09-21 12:00:00,28.266296,11.8302,267.32175,95786.79,0.0,0.437235
2011-09-22 12:00:00,26.805511,13.219666,266.0949,95760.77,1.3947415e-09,0.7320028
2011-09-23 12:00:00,24.793915,11.341003,262.75928,95731.664,4.927828e-07,0.73922026
2011-09-24 12:00:00,23.407623,12.09668,194.66945,95697.125,0.0,0.25873622
2011-09-25 12:00:00,24.520447,12.291504,245.56447,95715.8,1.674965e-06,0.5362283
2011-09-26 12:00:00,30.309265,10.733612,256.00208,96110.56,0.0,0.82965076
2011-09-27 12:00:00,34.23883,19.219177,256.1751,96233.81,0.0,1.2428216
2011-09-28 12:00:00,37.103546,17.240112,254.73749,96078.5,0.0,0.8480884
2011-09-29 12:00:00,37.902344,18.475647,251.53287,95856.02,0.0,0.64011157
2011-09-30 12:00:00,36.978943,21.667694,249.2423,95783.96,0.0,1.0044724
2011-10-01 12:00:00,36.74124,18.64505,253.52777,95657.03,0.0,0.6493983
2011-10-02 12:00:00,33.569458,15.315186,247.30318,95634.49,0.0,0.6826377
2011-10-03 12:00:00,30.833527,13.473999,240.30034,95859.27,0.0,0.44165987
2011-10-04 12:00:00,33.43872,14.0034485,232.2853,96117.54,0.0,0.4015675
2011-10-05 12:00:00,32.873474,15.557953,240.86592,96057.33,0.0,0.45182884
2011-10-06 12:00:00,31.4971,14.338196,197.26244,95950.92,0.0,0.5670858
2011-10-07 12:00:00,28.98053,14.089935,217.00357,95859.06,4.6582715e-09,0.6166134
2011-10-08 12:00:00,28.142578,11.170929,234.3996,95827.27,0.0,0.47354892
2011-10-09 12:00:00,29.858215,12.224304,231.80518,95880.5,0.0,0.62339276
2011-10-10 12:00:00,33.272766,13.8671875,228.7809,95873.766,0.0,0.41592324
2011-10-11 12:00:00,33.855713,15.045624,232.92871,95862.23,0.0,0.52672
2011-10-12 12:00:00,34.70096,15.749878,228.6222,95607.92,0.0,0.6847066
2011-10-13 12:00:00,32.36624,13.93512,224.94917,95249.74,0.0,0.6290191
2011-10-14 12:00:00,28.055817,12.984283,231.05507,95628.47,8.930524e-07,1.0945411
2011-10-15 12:00:00,27.015533,15.600189,229.82324,96205.34,0.0,2.20094
2011-10-16 12:00:00,25.83313,9.748413,223.14957,96521.12,0.0,0.80606055
2011-10-17 12:00:00,29.629333,12.295441,218.12459,96403.87,0.0,1.2496072
2011-10-18 12:00:00,30.740295,13.158447,204.83206,96170.79,0.0,0.7542735
2011-10-19 12:00:00,31.542511,17.385498,181.98553,96136.01,0.0,0.65975934
2011-10-20 12:00:00,32.427277,16.17331,212.4328,96476.23,0.0,0.775631
2011-10-21 12:00:00,32.4971,17.556732,210.87737,96644.336,0.0,0.645763
2011-10-22 12:00:00,32.467194,14.703674,206.86365,96500.07,0.0,0.23520178
2011-10-23 12:00:00,30.5206,15.186493,203.02293,96218.88,0.0,0.9382008
2011-10-24 12:00:00,27.281769,10.9219055,203.89267,95954.37,6.005335e-08,0.53960323
2011-10-25 12:00:00,26.019897,12.818024,180.69696,96007.61,0.0,0.556235
2011-10-26 12:00:00,23.137482,9.364563,167.93102,95923.11,0.0,0.5534792
2011-10-27 12:00:00,19.836731,8.62854,195.6072,95791.8,5.6885307e-07,0.938591
2011-10-28 12:00:00,23.2706,8.433533,195.47127,96062.83,0.0,1.7636164
2011-10-29 12:00:00,27.484772,10.834991,191.01585,96450.69,0.0,1.349719
2011-10-30 12:00:00,29.126282,13.032227,188.99644,96217.24,0.0,0.6716351
2011-10-31 12:00:00,28.2294,11.260468,187.79584,95934.56,0.0,0.30967206
2011-11-01 12:00:00,27.951416,13.568756,177.07646,95992.56,0.0,0.45649296
2011-11-02 12:00:00,28.87857,12.520782,170.10414,96133.34,6.878114e-09,0.36265847
2011-11-03 12:00:00,28.63092,13.047302,169.62852,96069.51,0.0,0.3478633
2011-11-04 12:00:00,26.024475,10.233795,147.6136,95926.61,0.0,0.7525798
2011-11-05 12:00:00,19.98883,12.186127,106.30276,95675.86,4.6653928e-05,0.7698054
2011-11-06 12:00:00,21.865723,9.62265,171.8672,95626.54,6.993533e-05,0.90140295
2011-11-07 12:00:00,22.904968,11.307709,161.6796,95761.9,0.0,0.52811843
2011-11-08 12:00:00,20.757812,11.05307,171.93416,95745.86,4.9610107e-06,0.589989
2011-11-09 12:00:00,22.505463,8.64624,177.47939,96271.79,0.0,1.1509974
2011-11-10 12:00:00,21.13797,8.207001,170.19095,96299.28,0.0,0.5224422
2011-11-11 12:00:00,24.320892,7.6842957,171.84763,96354.016,0.0,1.189279
2011-11-12 12:00:00,25.299255,11.737671,168.00804,96457.02,0.0,0.83308035
2011-11-13 12:00:00,24.110413,10.13269,168.6775,95909.95,0.0,0.24437127
2011-11-14 12:00:00,21.072632,6.683258,168.4361,95418.4,4.0591526e-06,1.1601126
2011-11-15 12:00:00,17.182892,4.864319,166.62778,95740.31,6.5341506e-09,1.5555999
2011-11-16 12:00:00,20.531006,6.9555054,163.98685,96175.41,0.0,0.9944529
2011-11-17 12:00:00,24.855713,8.102478,162.10144,96322.12,0.0,0.6111349
2011-11-18 12:00:00,22.606934,7.312561,159.31346,96024.09,0.0,0.36280242
2011-11-19 12:00:00,21.102142,9.412567,167.37933,96255.46,0.0,3.0414188
2011-11-20 12:00:00,13.819397,4.9430847,168.16519,96742.88,0.0,3.1648922
2011-11-21 12:00:00,12.981079,3.1022034,165.26254,97115.41,0.0,2.0980322
2011-11-22 12:00:00,17.496246,3.6161804,162.58708,97072.71,0.0,1.392354
2011-11-23 12:00:00,20.793793,3.1678772,158.51524,96408.79,0.0,0.94619083
2011-11-24 12:00:00,21.620972,5.9956665,115.992516,96275.41,0.0,0.17270374
2011-11-25 12:00:00,23.80542,8.895721,132.1678,96340.69,0.0,1.5658523
2011-11-26 12:00:00,25.831848,10.5271,155.24701,96257.35,0.0,1.4878554
2011-11-27 12:00:00,22.75122,5.930542,151.39528,96013.79,0.0,0.3962406
2011-11-28 12:00:00,17.992432,7.2654114,138.44197,96002.93,1.5193035e-06,2.686789
2011-11-29 12:00:00,16.132599,9.532837,158.15794,96821.266,0.0,5.1647487
2011-11-30 12:00:00,19.804138,13.076843,154.29558,96899.836,0.0,3.7100873
2011-12-01 12:00:00,22.932587,13.694824,148.88925,96497.15,0.0,1.9771874
2011-12-02 12:00:00,23.65094,10.229736,143.08257,95951.96,0.0,1.2924582
2011-12-03 12:00:00,24.585693,10.883606,146.1468,96109.31,0.0,0.7808445
2011-12-04 12:00:00,24.499146,8.573547,142.9613,96480.695,0.0,0.9458806
2011-12-05 12:00:00,25.839417,10.717255,138.60904,96515.08,0.0,1.1317567
2011-12-06 12:00:00,25.687439,10.0433655,141.91852,96312.836,0.0,0.519491
2011-12-07 12:00:00,23.605652,10.17511,141.36462,96293.09,0.0,0.560234
2011-12-08 12:00:00,21.74701,7.266205,142.32272,96239.766,0.0,0.320991
2011-12-09 12:00:00,23.300446,7.2409363,141.55188,96148.766,0.0,0.47074047
2011-12-10 12:00:00,24.71048,10.331757,139.53848,96100.984,0.0,0.92565507
2011-12-11 12:00:00,23.44928,8.2960205,116.18108,96080.3,0.0,0.27472496
2011-12-12 12:00:00,21.665161,9.595856,135.34442,96007.97,9.6317194e-08,0.19453543
2011-12-13 12:00:00,24.957275,7.751343,138.38077,96108.08,0.0,0.5394715
2011-12-14 12:00:00,22.711151,8.517395,138.4013,95897.11,0.0,0.43574873
2011-12-15 12:00:00,24.456604,8.013428,138.40381,95929.875,0.0,1.5695355
2011-12-16 12:00:00,23.635712,13.10257,145.63223,96544.84,0.0,1.8904384
2011-12-17 12:00:00,22.703827,8.682922,92.601906,96763.03,0.0,1.0207424
2011-12-18 12:00:00,25.136627,8.694366,131.5666,96554.26,0.0,0.5188076
2011-12-19 12:00:00,27.69751,10.87854,133.63626,96433.42,2.9967293e-08,0.6545251
2011-12-20 12:00:00,25.519318,11.239532,131.90926,96382.086,0.0,0.4212927
2011-12-21 12:00:00,21.71701,5.5634155,120.800575,96188.62,6.815973e-07,0.6270909
2011-12-22 12:00:00,21.369781,6.6762695,125.45427,96193.3,1.9236648e-08,0.46592116
2011-12-23 12:00:00,20.506683,6.852417,135.23671,96267.414,0.0,0.22924347
2011-12-24 12:00:00,19.340027,6.7403564,134.49889,96078.516,1.1226439e-08,0.36520618
2011-12-25 12:00:00,17.054474,4.67276,132.76755,95993.68,3.1364078e-07,0.44621333
2011-12-26 12:00:00,15.422058,5.607147,91.6738,95957.12,3.6171732e-06,0.43713498
2011-12-27 12:00:00,19.507141,4.050659,137.86794,96419.68,1.6141172e-08,1.4033182
2011-12-28 12:00:00,22.192444,8.744293,135.86923,96749.98,0.0,0.902115
2011-12-29 12:00:00,20.352478,7.479828,117.26951,96511.43,0.0,0.645189
2011-12-30 12:00:00,16.799652,1.8901367,143.6998,96253.484,9.889905e-08,1.1569502
2011-12-31 12:00:00,15.806,3.9241638,146.2564,96722.38,0.0,1.7895099
2012-01-01 12:00:00,17.323395,3.4335022,134.23683,96842.47,0.0,1.7025867
2012-01-02 12:00:00,18.558472,5.4086,140.03749,96045.22,0.0,0.7179072
2012-01-03 12:00:00,17.984375,5.4584045,142.12064,96373.66,0.0,1.6956042
2012-01-04 12:00:00,19.16034,4.452759,141.7462,96846.0,0.0,1.8663906
2012-01-05 12:00:00,22.265747,8.305634,139.74103,96439.1,0.0,1.499579
2012-01-06 12:00:00,22.757538,7.812042,142.96309,96255.23,0.0,0.7003841
2012-01-07 12:00:00,22.419373,7.2559204,123.98639,96500.25,0.0,0.3821105
2012-01-08 12:00:00,20.060638,6.0660095,131.73209,96264.16,0.0,0.6467062
2012-01-09 12:00:00,19.029541,3.8798523,139.87163,95828.17,1.4909808e-06,0.49099517
2012-01-10 12:00:00,20.268402,6.8885803,125.19096,95722.54,1.18302246e-07,0.6120585
2012-01-11 12:00:00,18.66867,5.8420715,143.85379,95734.8,0.0,0.44396257
2012-01-12 12:00:00,14.632538,7.914917,96.50267,95829.68,2.3294106e-05,0.99873096
2012-01-13 12:00:00,12.133667,8.336456,57.035885,96221.89,5.757724e-05,1.3086432
2012-01-14 12:00:00,11.910889,10.202393,23.410225,96354.125,0.0009396503,1.8300153
2012-01-15 12:00:00,14.687744,8.761627,99.08581,96481.016,2.1241876e-05,0.8300987
2012-01-16 12:00:00,14.102386,9.276855,73.42018,96016.66,3.3182427e-05,1.0201638
2012-01-17 12:00:00,11.000366,8.440765,33.224888,96035.97,0.00011611634,0.89807916
2012-01-18 12:00:00,10.634399,8.96283,15.898484,96350.266,0.00038084146,1.3351884
2012-01-19 12:00:00,12.737274,10.425842,44.340908,96774.34,0.00021940906,1.0929766
2012-01-20 12:00:00,15.082184,10.816193,85.28656,96603.766,2.372752e-06,0.5221716
2012-01-21 12:00:00,17.213318,9.505066,143.63002,96459.3,1.1597826e-06,0.82995635
2012-01-22 12:00:00,19.041168,9.127228,158.74892,96671.2,0.0,1.9491265
2012-01-23 12:00:00,18.36203,8.915283,75.972946,96475.1,1.1667067e-05,0.6672228
2012-01-24 12:00:00,16.198883,6.090332,161.77779,96520.71,3.1740265e-07,1.6950275
2012-01-25 12:00:00,18.88144,6.6562195,163.9506,96751.42,0.0,1.8086597
2012-01-26 12:00:00,18.772522,8.550171,165.64354,96555.08,5.47055e-10,1.3963407
2012-01-27 12:00:00,17.81253,7.441437,153.10347,95999.73,1.921107e-08,0.48823422
2012-01-28 12:00:00,15.912048,4.6479187,174.38826,96029.39,5.1355556e-07,1.3701825
2012-01-29 12:00:00,16.80951,4.259369,176.80487,96320.89,0.0,1.949018
2012-01-30 12:00:00,18.710876,5.2206726,176.82297,96232.0,0.0,1.3086877
2012-01-31 12:00:00,19.370453,7.8065796,176.4641,96448.086,0.0,1.1826323
2012-02-01 12:00:00,17.472687,5.91391,127.94068,96461.09,4.8339512e-08,0.2878188
2012-02-02 12:00:00,17.57901,6.9542236,172.3638,96199.945,0.0,0.3957529
2012-02-03 12:00:00,16.418152,6.9043274,57.650646,96055.21,3.673177e-05,0.5329225
2012-02-04 12:00:00,12.047943,1.6971436,156.79222,96282.8,5.3544045e-07,1.2909465
2012-02-05 12:00:00,12.657135,0.8680115,185.33653,96376.61,0.0,1.6644527
2012-02-06 12:00:00,12.433319,2.6290283,189.09714,96317.055,0.0,1.965418
2012-02-07 12:00:00,11.743561,1.0360107,189.54677,96709.03,0.0,1.226436
2012-02-08 12:00:00,12.794434,3.7515259,186.37749,96542.305,0.0,0.44263157
2012-02-09 12:00:00,14.301697,3.5550842,171.81079,96562.74,0.0,0.53473234
2012-02-10 12:00:00,14.2109375,7.3048706,104.788,96727.28,6.084532e-06,0.4868833
2012-02-11 12:00:00,14.51001,10.01059,91.352196,96519.055,8.744509e-06,1.0629228
2012-02-12 12:00:00,19.614075,5.914612,176.80603,96214.82,1.0312394e-06,0.86670446
2012-02-13 12:00:00,22.087341,7.47818,195.29506,96052.64,0.0,1.8089248
2012-02-14 12:00:00,24.669373,11.206299,181.64662,95811.91,0.0,1.5254844
2012-02-15 12:00:00,24.128296,8.837616,199.54314,95930.18,0.0,0.42988312
2012-02-16 12:00:00,22.910858,10.974365,33.73515,96162.36,0.00023303904,0.8702739
2012-02-17 12:00:00,13.352753,8.644257,75.309715,96094.445,0.00040908926,1.1635579
2012-02-18 12:00:00,11.131897,8.55722,67.57614,96223.016,5.649317e-05,1.2205815
2012-02-19 12:00:00,14.07074,4.235504,203.76643,96289.945,2.5218617e-06,0.39617994
2012-02-20 12:00:00,19.245789,6.365143,209.17174,96488.0,3.6298542e-10,1.1292133
2012-02-21 12:00:00,22.653687,9.418213,213.83014,96575.64,0.0,1.683366
2012-02-22 12:00:00,23.502075,12.148376,218.5719,96393.53,0.0,1.2833135
2012-02-23 12:00:00,22.693146,9.920868,220.77646,96204.85,0.0,0.6987367
2012-02-24 12:00:00,19.875061,8.601746,222.31071,96130.49,0.0,0.20919955
2012-02-25 12:00:00,21.04486,9.01651,222.2909,95961.34,0.0,0.801272
2012-02-26 12:00:00,20.147034,8.409637,195.76117,95872.336,2.1693952e-06,0.42153046
2012-02-27 12:00:00,14.229187,7.1548157,152.98912,95798.82,6.9394105e-06,0.7423971
2012-02-28 12:00:00,21.441223,6.423828,229.80757,96131.85,9.20335e-07,0.8154224
2012-02-29 12:00:00,,,,,,
2012-03-01 12:00:00,24.129303,8.109375,233.85762,96501.13,0.0,0.6882268
2012-03-02 12:00:00,23.999939,10.309082,195.96777,96592.2,0.0,0.33551082
2012-03-03 12:00:00,24.856995,10.355316,232.28477,96335.78,0.0,0.99724257
2012-03-04 12:00:00,23.667572,10.011047,160.85756,96209.31,0.0,0.6676887
2012-03-05 12:00:00,16.498932,8.244537,92.499146,96290.484,2.3287472e-05,1.2522788
2012-03-06 12:00:00,16.914703,8.676636,226.25418,96177.55,2.6213647e-05,0.7990774
2012-03-07 12:00:00,17.513306,4.329193,245.72725,96053.766,2.9038835e-10,1.5944186
2012-03-08 12:00:00,16.834564,3.917389,253.6152,95831.5,0.0,1.5071981
2012-03-09 12:00:00,16.538605,7.122284,255.30774,95903.14,0.0,1.5788437
2012-03-10 12:00:00,16.876923,3.8419495,212.77025,95976.32,0.0,0.93240947
2012-03-11 12:00:00,16.094604,4.8404846,211.18974,95820.766,0.0,0.83543015
2012-03-12 12:00:00,15.099152,7.8583374,41.860863,94841.06,0.00051403313,1.8824171
2012-03-13 12:00:00,10.323578,6.1973267,140.69711,94758.02,8.319026e-05,0.57494426
2012-03-14 12:00:00,11.149353,4.7998047,146.99603,95433.414,7.0107626e-06,0.48743522
2012-03-15 12:00:00,12.098755,6.0929565,109.235954,96217.54,3.347151e-05,0.86730814
2012-03-16 12:00:00,11.85498,8.112976,201.36638,96088.54,0.00025048832,0.94960886
2012-03-17 12:00:00,11.285889,2.8760986,240.33948,96154.484,2.2787551e-06,1.0741669
2012-03-18 12:00:00,11.359558,4.776886,147.05206,96540.78,3.1923522e-05,0.6192343
2012-03-19 12:00:00,15.842712,6.9667053,233.55856,96616.99,2.8972447e-05,0.33943936
2012-03-20 12:00:00,20.737701,9.771576,210.6797,96265.484,8.069848e-09,1.0225294
2012-03-21 12:00:00,20.521118,10.467224,225.77032,95888.87,3.6727533e-07,0.21384767
2012-03-22 12:00:00,15.95929,10.126526,52.997253,96010.04,0.00017186688,1.255908
2012-03-23 12:00:00,12.950134,10.820892,69.83651,95425.89,0.0007533651,1.7810308
2012-03-24 12:00:00,11.700562,4.8219604,280.79654,96013.555,2.0201294e-06,1.8725848
2012-03-25 12:00:00,12.451843,3.6484985,182.52713,96568.66,9.2614215e-07,0.5615693
2012-03-26 12:00:00,11.06662,5.993408,111.09867,96293.53,0.00016033254,0.37964946
2012-03-27 12:00:00,13.687561,3.5123596,285.75858,96522.5,5.9094024e-08,1.5352821
2012-03-28 12:00:00,16.652496,4.8808594,285.43713,97021.95,0.0,1.1534034
2012-03-29 12:00:00,20.463531,6.705414,287.50952,96747.5,0.0,1.0475428
2012-03-30 12:00:00,25.987915,10.256866,287.89066,96355.28,0.0,1.5931897
2012-03-31 12:00:00,26.654053,13.769897,288.79135,96271.92,0.0,1.3481427
2012-04-01 12:00:00,27.757843,14.93103,289.18924,96176.43,0.0,0.9167923
2012-04-02 12:00:00,28.156494,16.32251,295.14697,96258.32,0.0,0.9069807
2012-04-03 12:00:00,29.04535,15.37207,299.31735,96317.44,0.0,0.68424505
2012-04-04 12:00:00,28.430542,13.454681,301.9334,96067.82,0.0,0.4711884
2012-04-05 12:00:00,26.249481,9.124054,290.18225,95849.68,5.1339097e-08,0.705899
2012-04-06 12:00:00,20.884216,7.5210266,294.61865,95719.21,5.112754e-07,0.73612446
2012-04-07 12:00:00,21.740356,7.6248474,293.2657,95813.37,7.162374e-08,0.50429994
2012-04-08 12:00:00,21.026215,8.561951,276.46494,95856.59,1.36748e-06,0.33326465
2012-04-09 12:00:00,18.062988,9.303894,230.09671,95958.57,1.9926479e-06,0.7374176
2012-04-10 12:00:00,16.879639,10.478058,99.99323,96178.016,1.628103e-05,1.2245294
2012-04-11 12:00:00,20.798553,7.043518,301.016,96125.81,1.717346e-06,0.37415162
2012-04-12 12:00:00,20.339996,6.487152,304.83386,96127.05,5.18728e-07,0.5169471
2012-04-13 12:00:00,20.055573,7.3786316,313.21573,96080.01,0.0,0.4813127
2012-04-14 12:00:00,19.155151,7.4506836,229.95512,96049.22,1.5065538e-06,0.58911514
2012-04-15 12:00:00,21.176361,6.6545105,301.0717,95803.05,2.3707134e-06,0.4422241
2012-04-16 12:00:00,25.18155,7.3772583,300.60538,95668.125,0.0,0.67017424
2012-04-17 12:00:00,30.329193,12.286957,319.3598,95719.3,0.0,1.1472529
2012-04-18 12:00:00,29.959747,14.183411,321.30197,95745.66,0.0,0.7501496
2012-04-19 12:00:00,27.92163,9.676788,302.23495,95651.555,3.4103905e-08,0.723552
2012-04-20 12:00:00,22.69513,10.967743,262.33115,95404.02,1.1853933e-06,1.1378571
2012-04-21 12:00:00,19.223328,8.450378,140.38852,95290.125,8.20865e-06,0.8508676
2012-04-22 12:00:00,13.444458,6.0734863,262.71307,95449.93,9.689683e-06,0.40781912
2012-04-23 12:00:00,15.280243,2.7337952,322.61804,95955.57,2.9798014e-07,1.480863
2012-04-24 12:00:00,15.604401,5.2991333,276.24246,95980.87,0.0,0.7925404
2012-04-25 12:00:00,14.725006,7.9017944,177.0713,95577.125,1.5105648e-05,1.2549915
2012-04-26 12:00:00,19.648468,5.5079346,322.61136,95865.336,1.8128353e-07,0.6602608
2012-04-27 12:00:00,19.134644,6.087799,187.3713,95862.97,6.403905e-06,0.9737003
2012-04-28 12:00:00,20.256561,5.415802,313.97275,95538.19,7.55177e-06,0.98007375
2012-04-29 12:00:00,23.7612,7.5657654,333.6097,95565.94,7.2368267e-10,0.8627119
2012-04-30 12:00:00,26.959229,9.922272,335.9547,95883.24,0.0,0.3732876
2012-05-01 12:00:00,27.67984,11.153992,312.4127,95955.15,0.0,0.61721617
2012-05-02 12:00:00,26.344482,10.919189,329.32068,95714.664,0.0,0.5896548
2012-05-03 12:00:00,23.033142,7.477936,346.56635,95654.35,0.0,0.36030036
2012-05-04 12:00:00,23.691376,6.9052124,348.21616,95592.766,0.0,0.42580047
2012-05-05 12:00:00,24.272675,8.207611,317.04993,95778.37,0.0,0.4673833
2012-05-06 12:00:00,24.88675,9.117462,342.5918,95964.336,0.0,0.69501126
2012-05-07 12:00:00,24.753387,8.621002,344.095,95943.36,0.0,0.5626387
2012-05-08 12:00:00,25.910797,9.308777,341.9227,95688.28,0.0,0.59634703
2012-05-09 12:00:00,30.667023,10.304749,342.8987,95376.89,0.0,0.9794527
2012-05-10 12:00:00,30.605713,12.279968,347.25366,95624.98,0.0,0.57469946
2012-05-11 12:00:00,29.49469,11.848663,345.96313,95646.79,3.8093447e-07,0.76569617
2012-05-12 12:00:00,26.351135,11.551971,345.55255,95352.54,3.7113102e-07,0.45677477
2012-05-13 12:00:00,22.971039,10.545532,326.58023,95252.086,9.648041e-07,0.77288973
2012-05-14 12:00:00,22.289703,8.715637,305.26028,95421.7,1.4515813e-06,0.5212265
2012-05-15 12:00:00,23.055054,7.7606506,350.47916,95660.68,0.0,0.5338505
2012-05-16 12:00:00,23.310547,9.059174,339.55145,95842.53,0.0,0.43192244
2012-05-17 12:00:00,24.216309,8.6406555,351.31677,95904.94,0.0,0.307861
2012-05-18 12:00:00,27.360138,8.303864,344.95715,95759.24,0.0,1.1920525
2012-05-19 12:00:00,28.15628,11.88623,362.5734,95505.45,0.0,0.84499794
2012-05-20 12:00:00,28.09134,10.441376,364.12054,95557.34,0.0,0.42134228
2012-05-21 12:00:00,30.085236,11.179626,288.41452,95775.13,0.0,0.40068945
2012-05-22 12:00:00,31.197083,11.282532,353.33466,95795.164,0.0,0.6124322
2012-05-23 12:00:00,29.398346,10.406342,349.75964,95708.87,2.7643708e-07,0.7466424
2012-05-24 12:00:00,26.56482,10.715424,357.98776,95503.79,5.0190636e-07,1.115669
2012-05-25 12:00:00,23.142395,10.300171,310.5631,95478.68,5.01605e-07,0.9879712
2012-05-26 12:00:00,22.673737,8.876495,348.48062,95560.5,1.836478e-08,0.9300718
2012-05-27 12:00:00,25.03006,9.972076,346.75912,95685.76,6.925058e-09,0.9201638
2012-05-28 12:00:00,25.742676,10.480072,317.50873,95832.72,2.1589148e-07,0.7675458
2012-05-29 12:00:00,25.702545,13.621155,336.43723,95856.836,0.0,0.8975686
2012-05-30 12:00:00,24.358032,9.8359375,357.62088,95798.87,4.6108234e-08,0.8624901
2012-05-31 12:00:00,22.728516,10.714813,330.4477,95801.914,4.7475646e-07,1.0484388
2012-06-01 12:00:00,22.05545,12.345917,301.18695,95843.45,5.3796957e-06,1.2638432
2012-06-02 12:00:00,22.993103,9.337219,362.599,95760.53,0.0,0.92828727
2012-06-03 12:00:00,23.11502,9.153229,361.8094,95757.266,0.0,1.108339
2012-06-04 12:00:00,23.204224,8.920044,362.93005,95888.445,0.0,1.1439999
2012-06-05 12:00:00,22.858612,9.147491,359.0278,95947.52,0.0,0.99638045
2012-06-06 12:00:00,22.79123,9.145721,342.99606,95884.664,3.6048652e-07,0.8275108
2012-06-07 12:00:00,23.457794,9.776825,350.2542,95768.445,6.4064056e-09,0.883928
2012-06-08 12:00:00,23.623932,10.1441345,341.00003,95688.3,3.3153762e-07,1.0476114
2012-06-09 12:00:00,25.279602,10.414398,353.48987,95615.914,2.6131813e-08,1.0047902
2012-06-10 12:00:00,24.643463,11.617859,350.52142,95761.72,1.6036614e-07,0.9443822
2012-06-11 12:00:00,25.861938,11.7821045,355.49536,95783.984,4.1150608e-07,0.945691
2012-06-12 12:00:00,25.99527,11.97525,358.7362,95723.47,1.2181748e-08,0.8800133
2012-06-13 12:00:00,25.541473,12.516052,355.45032,95885.336,2.875244e-07,0.9822779
2012-06-14 12:00:00,25.867523,12.409515,356.54803,96011.695,2.974754e-08,0.9245272
2012-06-15 12:00:00,26.637909,10.913544,366.6211,96080.54,0.0,0.85718256
2012-06-16 12:00:00,26.99707,9.780212,370.98102,96081.48,0.0,0.85530233
2012-06-17 12:00:00,27.322388,11.385162,365.0247,95949.83,0.0,0.8364984
2012-06-18 12:00:00,27.21524,11.715942,359.15155,95870.92,0.0,0.96726936
2012-06-19 12:00:00,28.431122,11.222046,363.00034,96118.49,0.0,0.9221078
2012-06-20 12:00:00,27.612915,13.655731,279.11414,96247.02,0.0,0.83706504
2012-06-21 12:00:00,27.305206,12.700287,363.83102,96114.91,0.0,0.7638797
2012-06-22 12:00:00,28.083038,12.473267,368.4227,95880.375,0.0,0.5336339
2012-06-23 12:00:00,30.15036,13.172882,370.19794,95990.28,0.0,0.5543815
2012-06-24 12:00:00,30.720673,12.521118,365.9704,96203.95,0.0,0.7060237
2012-06-25 12:00:00,31.65805,13.750427,364.6128,96074.24,0.0,0.6268979
2012-06-26 12:00:00,34.502472,14.820709,367.0109,95795.54,0.0,0.5192637
2012-06-27 12:00:00,36.324524,15.78241,366.87527,95702.86,0.0,0.5589092
2012-06-28 12:00:00,35.676727,16.164978,358.5091,95925.65,0.0,0.7351493
2012-06-29 12:00:00,35.564087,18.318542,319.6793,96031.64,0.0,0.582205
2012-06-30 12:00:00,35.37021,19.701965,353.83942,95982.88,0.0,0.8114463
2012-07-01 12:00:00,33.605316,17.579163,353.1737,95989.8,1.2997081e-09,0.64837754
2012-07-02 12:00:00,32.303436,18.350739,220.85095,95968.91,2.6062398e-08,0.88279265
2012-07-03 12:00:00,32.12024,17.972687,323.18353,95838.77,1.1072292e-08,0.92925423
2012-07-04 12:00:00,31.693237,17.278687,245.32866,95745.3,4.9931595e-07,0.79373246
2012-07-05 12:00:00,32.07672,21.235992,322.47037,95806.94,9.746824e-07,0.9255468
2012-07-06 12:00:00,34.75711,19.391174,342.2318,95958.49,0.0,0.56991184
2012-07-07 12:00:00,34.12628,19.882751,116.67896,96142.92,1.9461302e-05,0.5958576
2012-07-08 12:00:00,33.321686,19.403625,295.86505,96083.92,7.8243145e-09,0.26379484
2012-07-09 12:00:00,33.059357,19.810059,300.2693,95929.85,2.0623993e-08,0.667149
2012-07-10 12:00:00,34.168213,18.605316,330.19025,95959.57,1.91042e-08,0.67618454
2012-07-11 12:00:00,36.335083,20.650208,324.4976,95851.31,7.2971346e-07,0.52405125
2012-07-12 12:00:00,35.179108,22.02179,292.7451,95819.37,9.853597e-08,0.8352729
2012-07-13 12:00:00,32.685944,19.13861,293.68817,95942.305,1.2823444e-08,1.2285622
2012-07-14 12:00:00,30.01123,17.250092,342.70746,95942.38,0.0,1.1927506
2012-07-15 12:00:00,29.304932,16.472504,344.4929,95788.11,0.0,1.1311935
2012-07-16 12:00:00,29.09616,16.5755,343.87662,95635.664,1.3206754e-07,1.1429892
2012-07-17 12:00:00,33.316498,15.327576,353.93378,95661.78,0.0,0.72919035
2012-07-18 12:00:00,37.64975,17.61148,346.75208,95790.836,0.0,0.51225036
2012-07-19 12:00:00,42.273163,23.235931,329.61343,95921.58,0.0,0.57926995
2012-07-20 12:00:00,40.376404,21.680603,341.48654,95830.02,1.3729687e-09,0.6763962
2012-07-21 12:00:00,41.768036,23.332123,336.0277,95586.28,0.0,0.46481195
2012-07-22 12:00:00,41.35144,31.05249,104.86687,95668.47,7.674351e-07,0.33232027
2012-07-23 12:00:00,38.8385,27.716278,185.9225,96060.19,0.0,0.46928826
2012-07-24 12:00:00,39.937805,23.51355,289.99216,95906.54,5.2771047e-06,1.1072174
2012-07-25 12:00:00,35.596436,22.419556,320.051,95637.19,1.429229e-07,0.7810004
2012-07-26 12:00:00,34.794495,18.904755,328.63983,95601.766,7.6361994e-07,0.937804
2012-07-27 12:00:00,30.500122,16.460876,335.70148,95794.97,2.873306e-07,1.1329374
2012-07-28 12:00:00,30.566956,17.092682,338.50943,95818.09,0.0,0.97608405
2012-07-29 12:00:00,29.944183,16.475433,340.61337,95662.11,0.0,1.0373884
2012-07-30 12:00:00,28.911346,14.522736,338.2717,95555.0,4.2950958e-07,1.0168616
2012-07-31 12:00:00,28.982452,13.6528015,343.86923,95545.72,0.0,0.8126286
2012-08-01 12:00:00,30.984894,14.0607605,342.07874,95743.0,0.0,0.6692756
2012-08-02 12:00:00,32.45706,15.247803,340.9655,95839.086,0.0,0.77651936
2012-08-03 12:00:00,31.720062,15.207855,338.50995,95660.914,3.315561e-08,0.9178944
2012-08-04 12:00:00,30.302643,14.797119,330.146,95751.305,5.0296853e-07,1.0194913
2012-08-05 12:00:00,30.702606,13.880402,339.44843,95875.945,8.3812985e-08,0.7910744
2012-08-06 12:00:00,32.54831,13.384491,345.41486,95964.484,0.0,0.5981934
2012-08-07 12:00:00,32.176117,13.773682,341.74567,95980.55,1.358058e-08,0.67261815
2012-08-08 12:00:00,32.27408,14.969482,331.6441,95954.25,2.2001372e-09,0.6889746
2012-08-09 12:00:00,31.850006,15.8133545,292.71936,95969.234,0.0,0.65194046
2012-08-10 12:00:00,31.409088,16.413513,272.87784,95959.086,6.077553e-08,0.7291202
2012-08-11 12:00:00,30.872375,16.696472,227.33627,95982.83,0.0,0.81764424
2012-08-12 12:00:00,32.541748,18.281189,284.17056,95789.555,1.0460491e-09,0.8031066
2012-08-13 12:00:00,33.93875,19.113953,310.92886,95661.914,0.0,0.5864585
2012-08-14 12:00:00,36.549744,20.53897,198.98457,95789.67,0.0,0.47238192
2012-08-15 12:00:00,35.670624,21.210968,287.07358,95980.13,6.9355237e-09,0.64231974
2012-08-16 12:00:00,35.87268,19.605194,312.70752,95842.97,8.473557e-09,0.55335623
2012-08-17 12:00:00,34.37155,19.536713,231.2714,95495.234,0.0,0.43855163
2012-08-18 12:00:00,33.070923,17.849426,221.04002,95521.695,1.07009495e-08,0.63253564
2012-08-19 12:00:00,32.923676,18.197632,305.77365,95703.11,4.9841917e-09,0.48846444
2012-08-20 12:00:00,33.10318,16.571411,316.64758,95912.0,0.0,0.59935755
2012-08-21 12:00:00,32.730988,17.11972,318.91724,95955.38,1.2533485e-08,0.6711539
2012-08-22 12:00:00,32.256866,15.32312,319.10126,95858.75,0.0,0.591324
2012-08-23 12:00:00,31.92215,15.638367,315.72568,95775.055,0.0,0.641964
2012-08-24 12:00:00,31.323364,14.247955,318.26416,95904.63,0.0,0.51663125
2012-08-25 12:00:00,30.987091,14.450165,315.22693,96068.31,0.0,0.5992206
2012-08-26 12:00:00,30.333557,13.104767,315.89655,95996.16,0.0,0.5399227
2012-08-27 12:00:00,30.060883,12.729126,315.42856,95907.234,0.0,0.5358048
2012-08-28 12:00:00,28.928253,12.456512,266.10266,96051.484,0.0,0.58207357
2012-08-29 12:00:00,28.185242,12.683624,277.2941,96044.21,0.0,0.5118335
2012-08-30 12:00:00,28.079376,11.694489,297.90628,95975.43,0.0,0.5406757
2012-08-31 12:00:00,29.64685,11.7282715,308.11615,95995.92,0.0,0.484891
2012-09-01 12:00:00,30.252136,12.846497,302.92853,95980.83,0.0,0.5367815
2012-09-02 12:00:00,28.8125,12.586243,291.51385,95972.76,6.359911e-09,0.5733992
2012-09-03 12:00:00,26.783844,11.920013,283.34363,95916.03,3.0423166e-08,0.69465685
2012-09-04 12:00:00,25.632019,12.202972,284.78787,95839.31,1.8551228e-07,0.82405883
2012-09-05 12:00:00,25.510803,10.879822,296.1059,95786.83,3.020014e-07,0.64098597
2012-09-06 12:00:00,29.82013,12.767456,294.14417,95710.6,0.0,0.30795237
2012-09-07 12:00:00,31.136902,13.378937,289.8971,95739.94,0.0,0.5319034
2012-09-08 12:00:00,33.42682,14.482941,291.9964,95773.695,0.0,0.42779338
2012-09-09 12:00:00,34.70819,16.081055,282.72787,95903.695,9.524023e-09,0.5147696
2012-09-10 12:00:00,35.88199,19.99002,279.48956,95965.23,4.1829376e-09,0.6893958
2012-09-11 12:00:00,36.36389,19.860046,279.53314,95878.65,8.022072e-10,0.82142353
2012-09-12 12:00:00,35.10968,19.306335,277.8609,95828.414,0.0,0.74703246
2012-09-13 12:00:00,33.063446,17.174957,231.89558,95791.625,7.820959e-09,0.87784326
2012-09-14 12:00:00,29.09143,19.650574,138.147,95713.98,7.839749e-09,0.6007535
2012-09-15 12:00:00,29.322205,15.362549,265.1849,95806.75,1.0618968e-08,0.5548643
2012-09-16 12:00:00,29.585419,15.557037,241.3782,95771.836,6.531506e-07,0.71415955
2012-09-17 12:00:00,31.15805,16.44693,264.2166,95785.4,0.0,0.58118767
2012-09-18 12:00:00,32.003662,17.207672,264.20853,95884.85,0.0,0.5618741
2012-09-19 12:00:00,31.091827,17.10962,259.03174,95755.55,0.0,0.5183642
2012-09-20 12:00:00,30.179688,16.044312,258.1773,95761.17,0.0,0.7290446
2012-09-21 12:00:00,33.06732,16.72644,250.08029,95870.195,8.04694e-08,0.538616
2012-09-22 12:00:00,33.17865,19.664124,241.18881,95902.85,0.0,0.35490248
2012-09-23 12:00:00,33.114502,18.186157,251.37949,95868.26,2.1541494e-08,0.44298697
2012-09-24 12:00:00,33.31299,18.0849,250.1346,95817.75,3.042665e-07,0.4355911
2012-09-25 12:00:00,33.42697,18.1138,231.60532,95830.23,0.0,0.5598384
2012-09-26 12:00:00,35.565765,20.309998,228.14096,95913.516,0.0,0.72655
2012-09-27 12:00:00,34.385345,22.512604,243.20523,95902.21,0.0,1.1045413
2012-09-28 12:00:00,32.369812,13.295532,249.67487,95593.516,8.26254e-08,0.8088642
2012-09-29 12:00:00,27.358124,11.579346,250.44955,95434.51,0.0,0.51834756
2012-09-30 12:00:00,30.416992,13.787415,250.64159,95639.33,0.0,0.33781952
2012-10-01 12:00:00,29.309052,13.323944,246.89697,95749.88,2.9907724e-08,0.54706836
2012-10-02 12:00:00,25.9281,12.539825,236.16722,95778.29,3.9516394e-07,0.6372189
2012-10-03 12:00:00,31.608795,13.535675,245.56432,95894.336,0.0,0.86774623
2012-10-04 12:00:00,33.39923,18.221039,246.76277,96074.03,0.0,1.6030515
2012-10-05 12:00:00,34.03415,17.57196,246.95024,96039.54,0.0,1.383442
2012-10-06 12:00:00,33.90869,17.20755,243.71364,96102.71,0.0,0.7723305
2012-10-07 12:00:00,34.4494,15.685242,243.27054,96126.16,0.0,0.702267
2012-10-08 12:00:00,34.144745,15.665283,238.92728,96013.29,0.0,0.80593383
2012-10-09 12:00:00,31.821503,14.24884,207.5693,95834.16,9.509153e-09,0.55666953
2012-10-10 12:00:00,27.717377,13.35141,128.22404,95623.23,0.0,0.5692718
2012-10-11 12:00:00,30.191711,20.790894,113.2154,95656.445,1.382063e-06,1.2884319
2012-10-12 12:00:00,29.82071,16.51767,200.67433,95810.27,3.4657874e-06,0.25914276
2012-10-13 12:00:00,29.359497,14.375336,221.90692,95671.484,0.0,0.6823975
2012-10-14 12:00:00,27.552887,12.25531,221.199,95408.07,0.0,0.28002995
2012-10-15 12:00:00,31.35852,15.120697,200.88254,95415.64,0.0,0.51005864
2012-10-16 12:00:00,30.563507,15.51767,215.99092,95545.234,0.0,0.48026305
2012-10-17 12:00:00,28.922485,13.6249695,212.9857,95737.52,0.0,0.55603033
2012-10-18 12:00:00,27.797058,12.399353,211.55293,95870.9,0.0,0.58948386
2012-10-19 12:00:00,27.89505,11.997192,212.2981,95758.93,0.0,0.43424284
2012-10-20 12:00:00,26.567474,13.077972,202.86511,95602.48,0.0,0.6000282
2012-10-21 12:00:00,26.027435,11.0312195,206.43625,95718.46,0.0,0.5681445
2012-10-22 12:00:00,24.290405,10.661713,101.11538,95931.4,0.0,0.47913373
2012-10-23 12:00:00,22.017975,10.730316,196.15332,95871.125,1.381652e-07,0.34394673
2012-10-24 12:00:00,25.0466,9.657074,202.94557,95801.17,0.0,0.29926828
2012-10-25 12:00:00,27.717743,10.852325,200.22127,95881.29,0.0,0.33778512
2012-10-26 12:00:00,28.58493,11.627319,199.22902,95966.27,0.0,0.2763654
2012-10-27 12:00:00,27.601807,10.891602,197.58496,95836.55,0.0,0.5056469
2012-10-28 12:00:00,25.505981,9.505585,125.67881,95635.73,1.6923292e-05,0.8768136
2012-10-29 12:00:00,16.012665,9.1719055,183.89398,95789.23,4.4105014e-05,1.0064006
2012-10-30 12:00:00,17.652374,4.1271667,193.58475,96110.14,0.0,0.7958449
2012-10-31 12:00:00,21.053436,6.0286255,191.92834,96230.42,0.0,0.29483262
2012-11-01 12:00:00,20.311554,7.37619,128.79832,95969.21,0.0,0.4264053
2012-11-02 12:00:00,19.367676,5.667755,176.18471,95619.15,0.0,0.5475607
2012-11-03 12:00:00,17.48227,9.894562,184.50363,95573.79,9.898668e-06,0.6119145
2012-11-04 12:00:00,18.041534,4.374054,181.30888,96315.51,0.0,0.41211614
2012-11-05 12:00:00,22.16159,6.9754944,179.30038,96540.83,0.0,0.94394743
2012-11-06 12:00:00,24.356323,10.288391,179.47794,96308.164,0.0,0.8830914
2012-11-07 12:00:00,22.67691,10.186584,107.29336,96062.125,0.0,0.4746764
2012-11-08 12:00:00,20.502502,6.356415,180.76492,95934.46,0.0,1.5529968
2012-11-09 12:00:00,19.72406,10.456268,128.22044,96237.8,0.0,2.3287766
2012-11-10 12:00:00,22.440002,9.07663,178.54448,96282.8,0.0,1.9309548
2012-11-11 12:00:00,25.726624,9.352142,174.96451,96327.46,0.0,1.3764728
2012-11-12 12:00:00,23.59784,8.593811,108.7411,96104.555,0.0,0.5972986
2012-11-13 12:00:00,21.117401,9.455505,134.16898,95746.22,0.0,0.7185468
2012-11-14 12:00:00,15.601288,8.824036,128.05925,95236.72,7.7915895e-05,1.6790297
2012-11-15 12:00:00,12.409302,1.7767029,168.34259,95715.21,1.2625786e-06,1.076747
2012-11-16 12:00:00,14.92923,4.101715,166.78548,96365.9,0.0,1.2655987
2012-11-17 12:00:00,14.440155,6.9795837,87.95355,96421.47,8.044926e-08,1.3059007
2012-11-18 12:00:00,16.422302,5.735199,150.3438,96358.55,0.0,0.8034714
2012-11-19 12:00:00,16.763123,3.8888855,158.58018,96304.016,0.0,0.40748307
2012-11-20 12:00:00,19.672394,5.154114,159.01355,96270.98,0.0,0.7094106
2012-11-21 12:00:00,21.276031,8.25177,146.46873,96245.8,0.0,1.1230785
2012-11-22 12:00:00,21.713745,6.1312256,148.3424,96058.45,0.0,1.1221768
2012-11-23 12:00:00,23.151672,8.540588,151.89145,95968.73,0.0,1.0417103
2012-11-24 12:00:00,20.62677,7.708496,135.08836,95965.52,0.0,0.65893155
2012-11-25 12:00:00,15.911835,7.2483215,156.88043,95993.336,1.2532469e-05,1.1958913
2012-11-26 12:00:00,12.981781,2.2518005,157.7767,96871.06,0.0,1.6677696
2012-11-27 12:00:00,16.653198,2.5531616,153.2213,96790.25,0.0,1.3325522
2012-11-28 12:00:00,15.522919,7.4234314,154.6627,96929.69,0.0,2.4363368
2012-11-29 12:00:00,18.029633,5.8371277,152.7827,97148.61,0.0,1.835501
2012-11-30 12:00:00,18.2789,6.949768,105.791725,96456.4,0.0,1.8124474
2012-12-01 12:00:00,19.422913,7.7743835,148.78111,96088.39,0.0,0.9673888
2012-12-02 12:00:00,20.042206,4.7417603,149.10547,96265.92,0.0,0.3809203
2012-12-03 12:00:00,20.01889,4.037201,146.86783,96563.9,0.0,0.34718478
2012-12-04 12:00:00,19.335632,4.2648315,146.83096,96455.71,0.0,0.34870812
2012-12-05 12:00:00,16.232178,4.548126,89.341354,96029.74,1.3404267e-05,0.6842726
2012-12-06 12:00:00,11.346832,1.7158813,148.20207,96817.734,1.0163592e-09,2.3326738
2012-12-07 12:00:00,12.660645,4.713867,146.31529,97334.7,0.0,1.8364861
2012-12-08 12:00:00,16.248413,1.8471069,143.88196,97048.555,0.0,1.6732075
2012-12-09 12:00:00,15.034485,2.3609924,135.26048,96282.18,0.0,0.41476744
2012-12-10 12:00:00,13.749268,0.27416992,143.1651,96000.73,3.5602877e-08,0.3203839
2012-12-11 12:00:00,11.514984,0.76168823,116.339806,95901.8,5.170546e-06,1.0395168
2012-12-12 12:00:00,9.388306,-3.9213562,143.92789,96105.586,0.0,0.90160275
2012-12-13 12:00:00,10.679718,-3.3388367,143.07988,96517.14,6.446417e-09,0.6194643
2012-12-14 12:00:00,10.135345,-1.9499512,128.34137,96459.81,0.0,0.537108
2012-12-15 12:00:00,9.060059,-0.59887695,79.44841,95924.22,5.143314e-08,0.76623386
2012-12-16 12:00:00,8.206757,5.207306,39.282066,95788.1,3.0795247e-05,0.8081039
2012-12-17 12:00:00,12.732819,1.2742615,139.05676,96002.52,2.8953318e-06,1.2921562
2012-12-18 12:00:00,13.5026245,0.19332886,141.53352,96184.83,7.259709e-11,1.5451523
2012-12-19 12:00:00,14.51181,0.22302246,141.76927,96296.25,0.0,0.8662771
2012-12-20 12:00:00,16.157501,2.058136,106.2635,96675.13,0.0,1.5847591
2012-12-21 12:00:00,17.63269,3.0988464,140.50916,96446.65,0.0,1.3967732
2012-12-22 12:00:00,16.966583,2.411377,129.6379,96026.87,0.0,0.5886524
2012-12-23 12:00:00,14.302582,5.1273193,28.223171,95753.6,8.783996e-05,0.8330332
2012-12-24 12:00:00,8.832397,5.256958,52.26061,95337.46,6.917955e-05,0.29647532
2012-12-25 12:00:00,11.233307,3.682373,134.36978,95159.23,3.407784e-05,0.43092364
2012-12-26 12:00:00,10.730713,1.692627,102.16602,96153.1,2.09904e-06,0.789441
2012-12-27 12:00:00,10.434753,3.9205322,107.50259,96629.87,3.4898673e-07,0.33146042
2012-12-28 12:00:00,14.367523,6.0867004,127.59539,96514.9,2.1330366e-06,0.33439556
2012-12-29 12:00:00,20.647919,7.333893,134.16362,96484.26,2.2857174e-07,0.76627743
2012-12-30 12:00:00,24.783112,9.940063,140.67998,96462.86,0.0,1.7369622
2012-12-31 12:00:00,24.502197,11.222046,134.27039,96239.266,0.0,1.0258696
2013-01-01 12:00:00,22.109772,11.649994,77.15955,96014.47,0.0,0.36204112
2013-01-02 12:00:00,18.170044,6.9756165,45.61679,96028.48,0.00010122575,0.6609548
2013-01-03 12:00:00,12.323578,4.993103,116.176155,96297.25,1.0582163e-05,0.40319234
2013-01-04 12:00:00,14.606201,5.975952,136.95416,96429.38,2.1429594e-06,0.39954954
2013-01-05 12:00:00,13.490936,5.223236,111.77638,96446.14,2.572942e-06,0.2966653
2013-01-06 12:00:00,15.392212,3.717743,144.43248,96576.42,5.244296e-07,1.5270107
2013-01-07 12:00:00,14.585175,3.3452148,148.82358,97249.95,0.0,2.08569
2013-01-08 12:00:00,12.310181,1.621521,148.67517,97145.96,0.0,1.4409863
2013-01-09 12:00:00,12.305511,0.45993042,151.99794,96277.39,0.0,1.6069173
2013-01-10 12:00:00,11.374542,2.2818909,153.5291,96733.87,0.0,2.495685
2013-01-11 12:00:00,14.130737,2.942749,153.56056,97250.445,0.0,1.3929062
2013-01-12 12:00:00,15.421204,1.38974,154.91425,96902.95,0.0,0.6556816
2013-01-13 12:00:00,13.731262,2.1672058,84.116486,96157.54,0.0,0.44055623
2013-01-14 12:00:00,16.470337,2.3240356,148.96927,95959.555,0.0,0.39957553
2013-01-15 12:00:00,15.124634,2.015747,39.651524,95950.16,2.433436e-05,0.96371967
2013-01-16 12:00:00,8.815094,1.2655945,149.53941,95776.73,0.00011631109,0.9822267
2013-01-17 12:00:00,9.463348,-0.44482422,155.66956,96256.94,0.0,0.53329265
2013-01-18 12:00:00,8.304291,0.16885376,96.4144,96096.47,0.00019401714,0.34026408
2013-01-19 12:00:00,6.7993164,-1.5940552,159.91988,96201.84,0.0,1.5499892
2013-01-20 12:00:00,8.933624,-1.614624,155.50978,96903.09,0.0,1.4758363
2013-01-21 12:00:00,10.952759,-1.1607361,155.62373,96471.14,0.0,1.6678615
2013-01-22 12:00:00,11.344818,1.6769714,166.2745,96287.32,0.0,1.0656843
2013-01-23 12:00:00,13.559082,-0.06704712,136.29018,96687.85,0.0,0.4890715
2013-01-24 12:00:00,14.653564,1.8815613,163.92816,96490.16,0.0,0.2611403
2013-01-25 12:00:00,13.074799,1.37677,48.346836,96058.68,0.00010795724,0.6233306
2013-01-26 12:00:00,12.096893,-0.008361816,167.3232,96349.38,0.0,0.79218227
2013-01-27 12:00:00,16.675415,3.6535645,165.1799,96211.58,0.0,0.5564812
2013-01-28 12:00:00,15.965942,3.376709,114.318146,95740.13,1.5978203e-05,0.8988484
2013-01-29 12:00:00,10.907806,3.1718445,157.32509,96054.38,0.00025821922,0.4235454
2013-01-30 12:00:00,10.206726,2.343628,63.253105,96079.375,1.0193227e-05,0.37481758
2013-01-31 12:00:00,7.7289734,-0.7128906,178.1733,96246.12,1.684886e-11,2.2053194
2013-02-01 12:00:00,7.6467896,-2.887909,182.11072,96955.61,0.0,1.3708915
2013-02-02 12:00:00,12.605286,-0.4671936,180.94167,97269.26,0.0,1.7405255
2013-02-03 12:00:00,13.106628,6.7051697,186.60881,97033.95,0.0,3.3667536
2013-02-04 12:00:00,15.370911,7.2316895,182.05707,96793.56,0.0,1.7762198
2013-02-05 12:00:00,15.525421,2.420105,185.56308,96607.21,0.0,0.48568335
2013-02-06 12:00:00,20.324768,3.0082092,187.43944,96536.61,0.0,0.87062746
2013-02-07 12:00:00,20.134338,10.82132,145.7242,96648.414,0.0,1.5192069
2013-02-08 12:00:00,20.918549,10.54306,154.67168,96587.41,0.0,1.3953959
2013-02-09 12:00:00,21.353455,8.928467,188.16057,96492.086,0.0,0.5006292
2013-02-10 12:00:00,20.898804,8.314056,182.47809,96390.055,0.0,0.43952644
2013-02-11 12:00:00,21.608337,6.0438843,191.79834,96638.03,0.0,0.5206346
2013-02-12 12:00:00,24.068481,8.844208,196.49432,96568.85,0.0,0.74733174
2013-02-13 12:00:00,23.14151,8.220367,124.46609,96386.29,0.0,1.0775354
2013-02-14 12:00:00,19.841644,8.504211,167.86943,96144.44,0.0,0.24718246
2013-02-15 12:00:00,18.365631,3.5069275,198.8158,96116.234,9.367759e-08,0.7261567
2013-02-16 12:00:00,14.904938,3.0007324,127.69979,96369.35,2.4110906e-07,0.34631827
2013-02-17 12:00:00,16.966461,8.597504,103.6194,96327.266,0.0,0.21204138
2013-02-18 12:00:00,21.42987,10.207123,177.83464,96400.4,9.013586e-09,0.78666085
2013-02-19 12:00:00,20.280853,10.444092,163.73892,96698.56,3.7107816e-06,0.8339259
2013-02-20 12:00:00,18.762573,8.611542,187.9182,96592.484,3.0508453e-08,0.4587771
2013-02-21 12:00:00,23.517853,5.771179,215.01102,96387.56,4.670703e-08,0.65938616
2013-02-22 12:00:00,22.738403,7.357544,208.06569,96085.35,0.0,0.5224594
2013-02-23 12:00:00,23.165436,8.07132,205.45418,96120.97,0.0,0.37012345
2013-02-24 12:00:00,26.128265,8.937744,188.30237,96192.586,0.0,0.40099028
2013-02-25 12:00:00,27.52472,11.081421,222.83054,96127.35,0.0,0.3596664
2013-02-26 12:00:00,26.009949,6.2805176,170.67819,95946.52,6.062782e-07,0.7523623
2013-02-27 12:00:00,17.130005,3.931488,212.23967,95893.04,3.1052703e-06,0.50815326
2013-02-28 12:00:00,17.090881,4.302246,221.50902,95886.11,0.0,0.31328344
2013-03-01 12:00:00,16.376099,3.699524,237.27112,95745.43,2.141614e-09,1.250098
2013-03-02 12:00:00,15.98172,2.3850708,236.57199,96233.06,0.0,1.2099658
2013-03-03 12:00:00,15.248169,3.092987,214.0634,95918.55,1.8504957e-07,0.5985981
2013-03-04 12:00:00,12.640961,2.9775085,242.93744,95264.6,6.019314e-07,1.8569326
2013-03-05 12:00:00,12.347137,0.3121643,220.68312,95655.18,6.1554886e-11,0.6875398
2013-03-06 12:00:00,13.329468,0.24182129,231.65216,95643.336,3.1112258e-08,0.8231437
2013-03-07 12:00:00,13.220978,1.0347595,221.70952,95913.66,9.775781e-08,0.831214
2013-03-08 12:00:00,16.982208,1.2350769,245.48512,95626.49,2.4145734e-08,1.1099747
2013-03-09 12:00:00,17.444244,5.367035,252.2139,96280.06,0.0,1.5013087
2013-03-10 12:00:00,22.842224,4.249817,252.31654,96824.25,0.0,0.85377574
2013-03-11 12:00:00,24.855377,8.861084,243.83873,96351.35,0.0,0.47087303
2013-03-12 12:00:00,23.348724,4.772278,214.31506,96055.33,5.767755e-07,0.59367675
2013-03-13 12:00:00,14.424622,7.325348,180.48773,96015.45,7.335481e-05,1.7582506
2013-03-14 12:00:00,9.403687,0.92056274,195.44785,96107.56,7.3361225e-05,1.6843247
2013-03-15 12:00:00,12.911926,0.89108276,257.17722,96386.37,5.167427e-10,0.28307912
2013-03-16 12:00:00,13.491852,1.7215576,261.57498,96244.04,0.0,0.45446098
2013-03-17 12:00:00,12.255096,4.4904785,66.48656,95970.97,0.00023997505,1.0039897
2013-03-18 12:00:00,7.5347595,3.6599731,228.45381,95647.18,0.00029985787,1.7438028
2013-03-19 12:00:00,6.161255,-0.34646606,169.93277,95863.914,6.747097e-05,0.35380995
2013-03-20 12:00:00,10.036987,0.97506714,235.80588,95693.9,0.00028204772,0.6458491
2013-03-21 12:00:00,10.154266,0.28555298,193.48827,96179.2,3.7087189e-06,0.7678136
2013-03-22 12:00:00,9.6058655,-0.9678345,275.56305,96068.56,8.1002366e-07,0.549882
2013-03-23 12:00:00,9.337372,0.60076904,141.27715,95497.305,8.559979e-05,1.0110567
2013-03-24 12:00:00,7.4933167,-2.831543,266.03775,95500.39,7.68595e-07,1.3504331
2013-03-25 12:00:00,9.648956,-2.0646057,251.9688,95861.48,2.1175927e-06,0.5483871
2013-03-26 12:00:00,11.738647,2.1505737,260.2768,96444.375,9.937329e-06,0.33258742
2013-03-27 12:00:00,11.168884,0.96484375,198.48788,96316.51,7.9015274e-07,0.5523492
2013-03-28 12:00:00,9.92038,2.8156433,96.029175,95988.47,1.5554248e-05,1.0140293
2013-03-29 12:00:00,8.526123,6.0484314,74.93794,95857.805,0.000113096656,1.5383601
2013-03-30 12:00:00,7.851471,3.1610718,150.59442,95592.99,9.565582e-05,1.2545922
2013-03-31 12:00:00,12.179352,0.27801514,295.801,96219.555,8.237556e-10,0.9828557
2013-04-01 12:00:00,13.091431,1.2033997,293.66208,96325.48,0.0,0.601903
2013-04-02 12:00:00,16.122253,3.8793945,294.8387,96163.9,0.0,0.25749305
2013-04-03 12:00:00,15.340576,3.8204346,249.4429,96183.51,2.1363591e-07,0.7972556
2013-04-04 12:00:00,17.10431,7.4138794,248.2025,96095.28,5.837809e-06,0.902823
2013-04-05 12:00:00,20.046692,4.543213,300.1102,95883.35,6.5989694e-09,0.34265637
2013-04-06 12:00:00,23.977112,4.436249,304.4482,95802.65,0.0,0.8435486
2013-04-07 12:00:00,23.689972,7.7625427,303.8093,95788.68,0.0,0.4428068
2013-04-08 12:00:00,20.198822,5.149597,304.23676,95829.33,3.219106e-07,0.8430875
2013-04-09 12:00:00,14.583374,7.401886,211.56128,96078.49,0.00023651173,1.3678195
2013-04-10 12:00:00,12.000702,4.2867126,297.77765,96645.15,1.5280697e-05,1.014199
2013-04-11 12:00:00,14.5850525,3.5885925,279.7285,96729.836,0.0,0.68426394
2013-04-12 12:00:00,19.526276,3.2401428,313.09885,96245.34,0.0,0.4723428
2013-04-13 12:00:00,24.906982,7.7077026,301.02927,96080.09,0.0,0.8461692
2013-04-14 12:00:00,27.006592,11.00943,306.33612,95875.76,0.0,0.83384335
2013-04-15 12:00:00,25.801086,8.356659,317.95105,95762.695,0.0,0.6632302
2013-04-16 12:00:00,22.669617,6.6130066,296.15225,95792.664,3.1205442e-07,0.9462025
2013-04-17 12:00:00,17.923523,8.113739,275.9817,95994.0,4.2768197e-06,1.21606
2013-04-18 12:00:00,15.652924,8.255707,171.99454,96027.766,1.1911494e-05,1.3309971
2013-04-19 12:00:00,12.7535095,6.127594,216.4335,96267.43,0.00012749647,1.2886565
2013-04-20 12:00:00,11.659912,3.2146606,241.0939,96358.75,1.2006714e-06,0.27877542
2013-04-21 12:00:00,11.4496155,2.4664612,95.89017,96319.77,0.00010512525,0.30121532
2013-04-22 12:00:00,13.826294,4.1044006,307.64276,96321.37,1.4143606e-05,0.54973507
2013-04-23 12:00:00,16.502563,6.4989014,324.00174,96098.49,0.0,0.41090298
2013-04-24 12:00:00,16.483887,8.460876,269.4698,95945.07,0.0,0.683415
2013-04-25 12:00:00,16.86621,6.912323,201.80998,95941.266,2.5053792e-08,0.6578196
2013-04-26 12:00:00,15.564911,9.003601,70.57427,95848.16,0.0002243741,0.7782712
2013-04-27 12:00:00,12.515472,8.561096,131.27411,96086.234,2.5184665e-05,1.1929969
2013-04-28 12:00:00,20.807892,8.811829,313.74997,95980.164,2.924899e-06,0.38745043
2013-04-29 12:00:00,21.498901,10.98233,322.00937,95878.32,1.3409519e-06,0.5090601
2013-04-30 12:00:00,23.032227,11.02179,334.05664,95842.4,0.0,0.4970176
2013-05-01 12:00:00,25.76123,10.245911,340.5611,96040.36,0.0,0.51485306
2013-05-02 12:00:00,27.124023,11.011871,332.548,96082.01,0.0,0.32081044
2013-05-03 12:00:00,25.100647,10.047638,343.0563,96030.25,0.0,0.63434416
2013-05-04 12:00:00,21.734314,5.645355,349.0328,95958.79,6.241453e-08,0.69586223
2013-05-05 12:00:00,22.787415,6.7879333,340.17725,95859.56,0.0,0.62216944
2013-05-06 12:00:00,25.469421,9.923401,339.5715,95752.91,0.0,0.5949886
2013-05-07 12:00:00,25.239655,9.375183,342.59222,95845.875,7.934258e-08,0.8307261
2013-05-08 12:00:00,23.814362,8.744568,334.0585,95850.72,4.7642894e-07,0.7875621
2013-05-09 12:00:00,21.487274,10.494598,320.73697,95608.76,2.4348121e-06,1.1627194
2013-05-10 12:00:00,19.100128,10.350464,246.63629,95444.07,1.3107023e-05,1.3924866
2013-05-11 12:00:00,17.287811,8.499603,280.65002,95639.4,3.9573424e-06,1.103671
2013-05-12 12:00:00,16.2323,8.829681,225.70718,95835.516,1.5074069e-05,1.3787332
2013-05-13 12:00:00,14.9357605,6.866577,240.70628,96081.234,1.0612584e-05,1.1872835
2013-05-14 12:00:00,13.986237,4.4586487,229.22466,96236.48,2.2206548e-06,0.9245087
2013-05-15 12:00:00,19.908844,5.553589,347.53296,96286.85,0.0,0.48519677
2013-05-16 12:00:00,22.085266,7.6615906,353.37457,96052.3,0.0,0.593422
2013-05-17 12:00:00,22.00003,8.011505,354.0047,96000.625,0.0,0.8554392
2013-05-18 12:00:00,21.380646,9.015503,344.22272,95928.09,1.3030082e-06,1.0251496
2013-05-19 12:00:00,19.999207,10.104248,288.5309,95909.414,1.0934123e-06,1.2497623
2013-05-20 12:00:00,20.60382,7.011902,352.05032,95973.21,0.0,1.0457054
2013-05-21 12:00:00,21.138794,8.668762,338.71762,95971.38,1.6120879e-07,0.89682734
2013-05-22 12:00:00,22.171814,8.840363,340.78598,95728.63,7.640305e-07,0.7473541
2013-05-23 12:00:00,23.024536,8.994354,335.88162,95573.516,1.2365776e-06,0.6312817
2013-05-24 12:00:00,23.907501,9.923401,344.07196,95407.77,6.742916e-07,0.6816919
2013-05-25 12:00:00,23.384186,9.905212,350.00052,95257.2,0.0,0.7592384
2013-05-26 12:00:00,21.361603,9.580688,244.25954,95473.56,5.1964744e-06,1.410364
2013-05-27 12:00:00,17.072754,9.933838,270.32376,95927.57,1.7452308e-05,1.3578908
2013-05-28 12:00:00,20.510712,5.6602783,359.40308,96097.195,7.267757e-08,0.5962222
2013-05-29 12:00:00,26.299164,8.502289,359.68652,95999.57,0.0,0.4173095
2013-05-30 12:00:00,25.638916,10.115295,355.89392,95861.35,0.0,1.0201105
2013-05-31 12:00:00,22.307892,10.777313,335.39328,95727.65,1.5340302e-06,1.2717108
2013-06-01 12:00:00,22.488068,10.417389,330.0031,95695.516,1.662957e-06,1.0981394
2013-06-02 12:00:00,22.589111,9.779114,344.37833,95687.59,1.1572471e-06,0.9314557
2013-06-03 12:00:00,20.963379,11.7326355,274.95178,95801.44,5.5377554e-06,1.4894434
2013-06-04 12:00:00,23.217133,10.71286,347.0979,95829.8,1.314848e-06,1.1459018
2013-06-05 12:00:00,23.760345,9.988129,343.04312,95682.836,1.4236944e-06,1.0291398
2013-06-06 12:00:00,22.955841,9.477905,337.4417,95602.19,2.8002544e-06,1.0737699
2013-06-07 12:00:00,20.957031,9.42572,357.80264,95634.64,2.037353e-06,1.1677887
2013-06-08 12:00:00,21.632294,9.777405,346.8604,95539.24,7.8691095e-08,0.95434487
2013-06-09 12:00:00,25.861572,10.42218,353.64563,95496.195,5.2865886e-08,0.7052857
2013-06-10 12:00:00,26.740692,11.421509,355.18658,95572.805,4.437688e-08,1.0293639
2013-06-11 12:00:00,25.559692,12.004364,353.89102,95662.125,7.5545177e-07,1.1106696
2013-06-12 12:00:00,25.717926,11.27298,361.22275,95673.766,6.6087004e-08,1.0170285
2013-06-13 12:00:00,24.711792,11.656769,327.07468,95606.37,2.7835415e-07,1.0930709
2013-06-14 12:00:00,22.934784,10.6371155,330.539,95631.77,1.7174118e-06,1.3068652
2013-06-15 12:00:00,22.220306,11.62912,354.87463,95672.21,2.2596694e-06,1.3408703
2013-06-16 12:00:00,24.127502,11.385651,332.57666,95710.77,1.91058e-06,1.0695876
2013-06-17 12:00:00,24.435852,11.689301,353.1161,95867.336,1.7517667e-06,1.0791718
2013-06-18 12:00:00,24.538635,9.145294,362.83533,96083.64,3.0780316e-07,0.89124364
2013-06-19 12:00:00,24.902863,10.338104,352.6245,96099.07,0.0,0.84454143
2013-06-20 12:00:00,27.242462,12.0911255,335.88132,96096.81,0.0,0.80349904
2013-06-21 12:00:00,28.559052,11.295105,263.59952,96115.55,0.0,0.52706033
2013-06-22 12:00:00,34.11197,16.297546,290.48495,96020.96,0.0,0.5930385
2013-06-23 12:00:00,36.39865,20.950165,213.09267,95929.734,0.0,0.5146167
2013-06-24 12:00:00,34.170258,19.976318,326.2955,95932.9,0.0,0.9561612
2013-06-25 12:00:00,32.004852,16.962158,363.389,96009.99,2.8960132e-09,0.9106028
2013-06-26 12:00:00,29.132202,11.891083,371.5237,96077.2,2.5441539e-08,0.7913489
2013-06-27 12:00:00,29.906555,12.677429,364.91708,96110.16,6.0905454e-09,0.80285877
2013-06-28 12:00:00,28.83191,13.782684,361.57513,95872.125,1.9227967e-08,0.8951667
2013-06-29 12:00:00,27.681213,12.450714,354.27466,95766.1,1.146556e-06,1.0491962
2013-06-30 12:00:00,25.965881,10.308929,369.11264,95898.734,1.9080916e-07,0.73745054
2013-07-01 12:00:00,27.192352,9.97287,369.10806,96053.33,0.0,0.75188905
2013-07-02 12:00:00,28.366852,10.285095,371.49442,96253.88,0.0,0.793152
2013-07-03 12:00:00,31.900665,12.428497,367.3286,96473.5,0.0,0.5336479
2013-07-04 12:00:00,31.809174,14.699799,329.9249,96258.086,0.0,0.6124469
2013-07-05 12:00:00,31.685303,14.763855,354.00522,95914.66,3.2362212e-08,0.8161909
2013-07-06 12:00:00,29.359894,14.964294,351.03265,95815.36,1.7313468e-07,0.7729319
2013-07-07 12:00:00,28.90915,15.202148,305.75067,95746.27,4.3285013e-06,0.88115096
2013-07-08 12:00:00,28.304535,13.608307,341.71152,95673.61,2.2660005e-08,0.7194933
2013-07-09 12:00:00,27.279205,13.578125,352.2922,95805.86,0.0,1.0729221
2013-07-10 12:00:00,28.304535,11.521759,362.31796,95987.85,0.0,0.83092654
2013-07-11 12:00:00,29.118011,12.613037,359.23764,95918.09,6.063144e-10,0.88143617
2013-07-12 12:00:00,30.41455,13.47934,361.57233,95799.03,0.0,0.5968827
2013-07-13 12:00:00,29.564453,12.752106,355.64,95886.44,0.0,0.68966866
2013-07-14 12:00:00,29.112823,13.464783,357.7624,95790.46,0.0,0.7728704
2013-07-15 12:00:00,29.186615,13.393127,356.1671,95763.49,1.7443446e-08,0.86571157
2013-07-16 12:00:00,30.271393,13.891602,356.49274,95736.32,0.0,0.79430497
2013-07-17 12:00:00,28.815002,13.906677,351.45895,95731.66,0.0,1.0251524
2013-07-18 12:00:00,27.083496,14.067047,314.1581,95809.42,5.5020325e-07,1.1744897
2013-07-19 12:00:00,28.328796,14.398163,340.12878,95952.42,3.0448717e-07,1.0014802
2013-07-20 12:00:00,31.618622,13.062073,356.0626,95960.09,0.0,0.51739764
2013-07-21 12:00:00,34.75354,14.705627,353.79678,95946.64,0.0,0.5459053
2013-07-22 12:00:00,35.356964,16.771606,252.15346,95931.91,2.173875e-08,0.41352624
2013-07-23 12:00:00,37.15567,19.169037,328.1237,95828.695,2.4893385e-09,0.7858084
2013-07-24 12:00:00,36.773193,21.101776,284.0132,95724.75,1.7708822e-09,0.7735051
2013-07-25 12:00:00,36.63681,20.645721,256.28305,95603.67,0.0,0.5321825
2013-07-26 12:00:00,35.742096,22.302612,218.74918,95643.484,0.0,0.645618
2013-07-27 12:00:00,35.151733,21.689178,318.6413,95745.41,1.0286066e-07,0.76974225
2013-07-28 12:00:00,35.171173,19.133026,329.6003,95777.016,0.0,0.60809
2013-07-29 12:00:00,33.41678,17.243835,339.72235,95646.836,1.5087593e-08,0.854528
2013-07-30 12:00:00,31.420074,16.318542,339.6503,95570.086,6.941266e-08,1.0423273
2013-07-31 12:00:00,31.556396,15.422028,343.73782,95765.164,0.0,0.7076293
2013-08-01 12:00:00,33.543,15.688049,341.91254,95951.85,2.1987795e-08,0.5811836
2013-08-02 12:00:00,34.62854,16.916199,323.6835,96008.87,0.0,0.64311814
2013-08-03 12:00:00,34.7919,18.416931,329.82568,96020.484,1.2749563e-08,0.67405874
2013-08-04 12:00:00,34.84726,20.14502,320.6302,96026.47,3.9784025e-09,0.7541062
2013-08-05 12:00:00,35.67456,19.822906,330.06522,95870.055,4.131209e-08,0.79914504
2013-08-06 12:00:00,34.95038,18.292786,316.0571,95870.0,1.6926832e-07,0.96173
2013-08-07 12:00:00,31.961761,15.76123,335.30414,96023.125,1.6055821e-09,0.67535
2013-08-08 12:00:00,30.49823,14.018677,306.9874,95994.25,3.9022984e-07,0.6785609
2013-08-09 12:00:00,30.357178,12.628418,335.65018,95821.24,0.0,0.5811772
2013-08-10 12:00:00,32.477417,15.057983,328.63742,95865.0,0.0,0.5482343
2013-08-11 12:00:00,32.369354,17.992218,227.0854,96005.94,0.0,0.5889171
2013-08-12 12:00:00,33.946106,18.167145,309.1779,95829.26,0.0,0.6789265
2013-08-13 12:00:00,33.00357,18.63559,291.74625,95686.44,5.447639e-06,0.64196324
2013-08-14 12:00:00,33.392212,17.878326,323.79852,95781.17,3.4539846e-06,0.5545453
2013-08-15 12:00:00,32.675323,16.81189,318.28983,95890.64,3.0569642e-09,0.5986248
2013-08-16 12:00:00,35.21924,15.817322,327.8784,95960.984,0.0,0.53274125
2013-08-17 12:00:00,36.04178,18.372406,321.6041,95833.35,0.0,0.77484804
2013-08-18 12:00:00,35.341675,19.055206,316.3678,95749.516,2.4280343e-08,0.61855894
2013-08-19 12:00:00,36.95807,18.627258,288.03247,95779.14,2.8011868e-08,0.6592478
2013-08-20 12:00:00,37.8219,21.240814,257.4113,95806.92,0.0,0.5358162
2013-08-21 12:00:00,37.638763,22.68637,308.98398,95709.15,9.979882e-10,0.7785852
2013-08-22 12:00:00,33.956055,15.497742,317.4605,95571.02,3.1215404e-08,0.8364303
2013-08-23 12:00:00,29.979553,14.323212,315.87964,95541.13,1.8857334e-07,0.7929339
2013-08-24 12:00:00,29.13324,13.466248,313.27603,95743.78,0.0,0.79859734
2013-08-25 12:00:00,29.53305,13.313629,315.15726,95930.97,0.0,0.5718131
2013-08-26 12:00:00,30.200165,13.174835,312.09665,95871.36,0.0,0.58178043
2013-08-27 12:00:00,30.018951,12.944061,313.32968,95826.04,0.0,0.5413169
2013-08-28 12:00:00,30.428833,12.291107,312.436,95992.24,1.555005e-07,0.5192409
2013-08-29 12:00:00,31.185333,13.321472,310.78296,96074.12,2.9197894e-08,0.55947214
2013-08-30 12:00:00,30.178314,12.129547,312.99783,95865.76,0.0,0.61149263
2013-08-31 12:00:00,27.613495,10.752319,299.33087,95610.766,4.428778e-07,0.7862577
2013-09-01 12:00:00,25.69571,11.3767395,263.51828,95575.16,4.9737383e-07,0.67218816
2013-09-02 12:00:00,27.645233,10.954376,297.25027,95678.23,1.2674028e-07,0.4566398
2013-09-03 12:00:00,30.018494,11.190887,300.9942,95804.51,8.711749e-08,0.4614741
2013-09-04 12:00:00,32.344635,14.255798,291.8549,95764.34,0.0,0.42531192
2013-09-05 12:00:00,31.718292,17.21524,285.106,95772.74,1.0873874e-07,0.54402405
2013-09-06 12:00:00,32.107666,16.712097,259.80063,95854.45,0.0,0.45948902
2013-09-07 12:00:00,32.65686,14.573395,291.3711,95821.03,0.0,0.58294255
2013-09-08 12:00:00,31.438232,13.941406,272.00195,95717.71,1.27291395e-08,0.6489803
2013-09-09 12:00:00,28.811676,14.921783,277.15128,95652.2,6.4062925e-07,0.87874174
2013-09-10 12:00:00,25.61322,14.057922,275.82736,95731.96,5.067951e-07,1.0350697
2013-09-11 12:00:00,25.988068,12.311005,276.9763,95941.875,5.012033e-07,0.7530102
2013-09-12 12:00:00,25.19928,12.252594,282.50772,95896.52,0.0,0.7704707
2013-09-13 12:00:00,23.941132,12.043976,267.03766,95729.91,1.6723569e-06,1.0142739
2013-09-14 12:00:00,22.680756,10.644836,270.88812,95700.44,9.080411e-07,0.67628086
2013-09-15 12:00:00,25.32135,10.822113,267.4151,95824.11,7.8414594e-08,0.34861428
2013-09-16 12:00:00,28.053528,11.841644,266.80664,95794.31,7.3901566e-07,0.58110917
2013-09-17 12:00:00,28.658966,11.023834,265.75967,95759.734,1.7237492e-06,0.57538044
2013-09-18 12:00:00,31.073395,13.27533,215.23122,95899.2,1.7978162e-07,0.3317956
2013-09-19 12:00:00,30.13507,18.676117,207.03223,95861.695,1.8878868e-06,0.3103933
2013-09-20 12:00:00,30.161224,13.873199,273.52557,95866.09,0.0,0.9912085
2013-09-21 12:00:00,29.035492,14.804291,262.7136,95659.5,7.524342e-08,0.81462216
2013-09-22 12:00:00,28.129578,13.742645,246.89487,95383.61,2.7909905e-06,0.95859116
2013-09-23 12:00:00,28.738373,14.084534,255.56483,95378.17,6.259273e-07,0.4844895
2013-09-24 12:00:00,27.98465,13.8142395,256.98438,95525.66,1.00951816e-07,0.6660202
2013-09-25 12:00:00,26.447632,13.3685,247.19325,95698.3,3.8211707e-07,0.73439294
2013-09-26 12:00:00,26.063324,13.333588,252.58603,95730.14,4.9319567e-07,0.5418423
2013-09-27 12:00:00,25.00946,13.545776,246.82547,95692.266,6.113062e-07,0.4451798
2013-09-28 12:00:00,25.473267,11.458862,245.07558,95755.3,1.1797808e-06,0.5624229
2013-09-29 12:00:00,27.593384,11.161743,253.571,95696.66,0.0,0.48512486
2013-09-30 12:00:00,29.15448,11.2117,251.54865,95668.37,0.0,0.77708983
2013-10-01 12:00:00,32.98166,12.75766,249.94035,95665.555,0.0,0.41267267
2013-10-02 12:00:00,34.36261,17.698334,246.50256,95625.26,0.0,0.97601223
2013-10-03 12:00:00,32.542603,16.034943,243.27507,95567.305,0.0,0.9151017
2013-10-04 12:00:00,29.295807,13.681641,191.54927,95554.36,0.0,0.7995844
2013-10-05 12:00:00,25.95819,12.277466,235.71649,95623.06,0.0,0.7147688
2013-10-06 12:00:00,27.43103,12.5289,234.62366,95814.336,0.0,0.3385883
2013-10-07 12:00:00,27.165771,12.627563,233.03645,95698.13,0.0,0.6999861
2013-10-08 12:00:00,25.421204,10.515778,229.97084,95432.055,3.0512073e-08,0.9188281
2013-10-09 12:00:00,24.401672,9.183807,236.38286,95548.94,4.7742384e-07,0.6310258
2013-10-10 12:00:00,28.325043,9.062225,235.84021,95879.45,0.0,0.5321304
2013-10-11 12:00:00,28.81961,10.728546,234.92267,95805.8,2.3875995e-08,0.5117953
2013-10-12 12:00:00,27.920471,10.5147705,230.36497,95593.93,0.0,0.6852709
2013-10-13 12:00:00,30.454163,12.893616,231.33185,95577.28,0.0,0.7425838
2013-10-14 12:00:00,30.343018,14.039337,226.28462,95730.78,0.0,0.5106075
2013-10-15 12:00:00,29.359589,13.736328,212.78642,95799.67,0.0,0.7179599
2013-10-16 12:00:00,26.706635,8.809235,222.9593,95740.86,3.2590442e-08,0.7658982
2013-10-17 12:00:00,22.214874,6.402893,211.52417,95621.92,2.7175588e-07,0.7004118
2013-10-18 12:00:00,19.273834,8.433655,204.60356,95542.28,1.9119725e-06,0.5364165
2013-10-19 12:00:00,22.374634,7.1590576,212.03119,95709.79,7.2597084e-10,0.16564181
2013-10-20 12:00:00,24.353027,7.974365,208.4139,95545.555,0.0,0.29023063
2013-10-21 12:00:00,27.190552,14.0868225,212.6815,95837.805,0.0,2.7886202
2013-10-22 12:00:00,29.708954,22.064514,206.44559,96157.85,0.0,3.03108
2013-10-23 12:00:00,30.417358,21.206146,199.85657,96121.82,0.0,1.3162966
2013-10-24 12:00:00,29.128326,13.536957,194.95139,96269.914,3.200854e-08,0.75174236
2013-10-25 12:00:00,28.77121,11.2247925,198.54587,96283.35,0.0,0.7106779
2013-10-26 12:00:00,34.10251,14.427795,203.24484,96248.28,0.0,1.3429513
2013-10-27 12:00:00,33.815765,18.835815,200.89702,96380.516,0.0,1.2081413
2013-10-28 12:00:00,33.221497,15.808472,198.21231,96233.164,0.0,1.0992732
2013-10-29 12:00:00,33.90146,16.850403,198.66693,95966.836,0.0,1.1574849
2013-10-30 12:00:00,32.64145,14.247711,197.07495,95865.16,0.0,0.61320734
2013-10-31 12:00:00,34.055267,14.088867,195.0041,96058.26,0.0,0.6261042
2013-11-01 12:00:00,33.228577,14.864349,185.86357,95841.484,0.0,0.6816078
2013-11-02 12:00:00,30.560211,14.30957,160.9274,95766.24,0.0,0.3412173
2013-11-03 12:00:00,29.183075,13.471771,163.90152,95795.11,2.7861505e-08,0.7461141
2013-11-04 12:00:00,26.592926,12.436371,88.12853,95901.734,0.0,0.6387367
2013-11-05 12:00:00,28.186005,15.239929,168.00325,95900.64,0.0,0.6220674
2013-11-06 12:00:00,27.582703,12.602356,175.1521,95919.266,0.0,0.53877676
2013-11-07 12:00:00,27.434113,12.388489,175.47002,95755.58,0.0,0.32765853
2013-11-08 12:00:00,24.381714,10.922852,145.21829,95528.63,3.1324478e-06,0.50728065
2013-11-09 12:00:00,15.900085,6.1705627,131.57632,95416.05,6.1318615e-06,0.8736165
2013-11-10 12:00:00,18.545807,4.7777405,171.51414,96024.86,3.3378096e-09,0.27246234
2013-11-11 12:00:00,18.761719,5.9527893,168.42862,96403.9,0.0,0.5648792
2013-11-12 12:00:00,19.875183,6.0066223,139.15675,96397.68,0.0,0.24046952
2013-11-13 12:00:00,22.136536,9.029694,165.47441,96283.63,0.0,0.48429644
2013-11-14 12:00:00,23.031036,7.842224,162.3893,96116.21,0.0,0.31102306
2013-11-15 12:00:00,25.647919,10.274872,159.88737,96062.555,0.0,0.3326736
2013-11-16 12:00:00,22.909698,9.42749,95.02046,95760.76,4.442014e-06,0.692513
2013-11-17 12:00:00,19.802673,6.7684326,161.7546,95933.47,4.2016524e-09,1.9417204
2013-11-18 12:00:00,20.430756,7.243225,156.75984,96111.91,0.0,0.6289292
2013-11-19 12:00:00,21.105011,6.1067505,159.95403,95986.71,0.0,1.3673602
2013-11-20 12:00:00,19.66446,6.0639343,163.49158,96815.55,0.0,1.8896358
2013-11-21 12:00:00,21.627014,5.531067,153.99017,96413.44,1.304669e-09,1.002329
2013-11-22 12:00:00,22.409119,9.903656,155.50859,96078.38,0.0,2.0645335
2013-11-23 12:00:00,20.690155,13.438843,160.16968,96706.48,0.0,3.0676503
2013-11-24 12:00:00,20.263367,11.087433,159.53459,97016.19,0.0,2.5342948
2013-11-25 12:00:00,20.157623,10.315796,152.28673,96790.95,0.0,1.02259
2013-11-26 12:00:00,19.769684,9.614349,83.89341,96706.53,0.0,0.7743155
2013-11-27 12:00:00,24.983887,8.052826,153.28772,96566.38,0.0,1.6090567
2013-11-28 12:00:00,27.032837,13.321106,153.22115,96627.305,0.0,1.6779109
2013-11-29 12:00:00,24.118073,9.677551,122.44811,96249.39,0.0,0.86538446
2013-11-30 12:00:00,19.47174,7.6204224,122.10926,96210.63,3.8740804e-05,0.6554481
2013-12-01 12:00:00,14.700409,5.121521,67.976494,95801.4,0.0001167875,0.48363355
2013-12-02 12:00:00,9.042572,6.6026,66.928925,95824.75,0.00012043414,0.8581333
2013-12-03 12:00:00,9.607422,6.302368,76.43422,96253.36,1.1892681e-05,0.672941
2013-12-04 12:00:00,11.935394,6.6965027,113.7781,96023.45,1.989503e-05,0.446969
2013-12-05 12:00:00,14.697784,4.1104126,141.81062,96225.016,4.5260045e-08,0.86493427
2013-12-06 12:00:00,17.327637,7.5035706,133.64665,96318.516,0.0,1.0519366
2013-12-07 12:00:00,17.952637,8.944611,120.93066,96130.5,0.0,0.651496
2013-12-08 12:00:00,17.251984,7.970825,109.13469,96031.516,0.0,0.5259524
2013-12-09 12:00:00,15.5503235,7.200836,76.23454,95802.13,3.2645798e-06,0.6321353
2013-12-10 12:00:00,13.346313,2.0200195,142.86221,96020.18,0.0,1.520739
2013-12-11 12:00:00,15.50589,3.5396423,141.44252,96295.1,0.0,1.8483499
2013-12-12 12:00:00,16.444763,5.4229126,126.25956,96101.69,0.0,1.1378833
2013-12-13 12:00:00,14.360291,6.331024,70.16358,95725.59,2.453799e-06,0.7208378
2013-12-14 12:00:00,10.560425,3.210846,86.62262,95241.03,0.0005953453,0.9836456
2013-12-15 12:00:00,7.3411865,-1.0908813,135.3222,96062.195,2.6180205e-05,1.0624876
2013-12-16 12:00:00,11.212219,0.753479,128.81407,96402.32,0.0,1.5289484
2013-12-17 12:00:00,13.04184,0.730011,132.06332,95940.67,0.0,1.831745
2013-12-18 12:00:00,11.179077,1.3338318,132.44325,95271.016,2.546375e-07,0.655159
2013-12-19 12:00:00,8.902435,-0.5824585,143.32982,95998.055,3.249756e-06,2.837901
2013-12-20 12:00:00,10.845306,-1.6026611,140.22136,96914.516,0.0,1.2798417
2013-12-21 12:00:00,10.316254,0.04348755,140.83485,96826.195,0.0,0.28707373
2013-12-22 12:00:00,11.689789,2.352234,132.70624,96531.35,0.0,0.409389
2013-12-23 12:00:00,16.316956,4.143463,132.55754,96550.51,8.0580215e-10,0.83885914
2013-12-24 12:00:00,17.163574,7.7002563,133.12206,96472.15,0.0,1.0642117
2013-12-25 12:00:00,16.943329,3.2125854,139.50623,96117.086,1.2480825e-08,1.3540422
2013-12-26 12:00:00,16.82605,6.6485596,136.19897,95743.71,0.0,0.95450747
2013-12-27 12:00:00,15.810303,5.671173,126.1197,95880.586,2.4079674e-07,1.60661
2013-12-28 12:00:00,11.175446,2.9309387,97.26786,96180.85,0.0,2.2577627
2013-12-29 12:00:00,12.288422,2.0193481,139.57355,96169.67,0.0,1.9455992
2013-12-30 12:00:00,14.792755,4.878418,140.9664,96221.734,0.0,1.4985727
2013-12-31 12:00:00,13.812286,1.6229248,142.37419,96006.18,0.0,0.31206465
2014-01-01 12:00:00,12.430237,-1.289093,145.52522,95932.97,0.0,1.3509146
2014-01-02 12:00:00,10.230652,-0.8524475,144.65952,96670.484,0.0,1.6222367
2014-01-03 12:00:00,13.540924,-1.1686401,147.01155,96977.33,0.0,2.3076653
2014-01-04 12:00:00,18.45221,8.527618,149.30719,96722.8,0.0,2.9637327
2014-01-05 12:00:00,19.921295,10.567261,148.00974,96292.07,0.0,1.6308675
2014-01-06 12:00:00,17.760956,1.7367859,141.75818,95731.61,1.0714125e-08,0.7431267
2014-01-07 12:00:00,13.255371,3.3993835,127.07901,96017.72,2.82963e-06,0.5243137
2014-01-08 12:00:00,13.599396,2.4006653,127.37978,96115.805,0.0,0.33500668
2014-01-09 12:00:00,12.494019,5.0090027,52.89325,95669.055,1.948921e-05,0.4769514
2014-01-10 12:00:00,9.6371765,2.1558533,142.33456,95723.32,0.00014425378,0.9664906
2014-01-11 12:00:00,9.426544,0.58599854,114.531265,96185.836,2.3280677e-06,0.68648976
2014-01-12 12:00:00,8.002258,1.1569519,150.40804,95808.89,0.00022079171,1.4306623
2014-01-13 12:00:00,6.501251,-2.415985,152.22795,96336.625,0.0,1.0708101
2014-01-14 12:00:00,8.278168,-0.7889099,152.3035,96663.6,0.0,0.41576585
2014-01-15 12:00:00,7.786438,-1.2126465,137.52162,96255.34,1.7791548e-05,0.3402153
2014-01-16 12:00:00,6.692169,0.67526245,153.00838,96027.75,0.00021432697,0.6352056
2014-01-17 12:00:00,10.650604,-1.5166321,159.67915,96749.734,0.0,1.8276094
2014-01-18 12:00:00,14.214355,2.913391,158.69603,96908.98,0.0,2.132888
2014-01-19 12:00:00,15.054779,2.1786804,156.95053,96596.17,0.0,2.0427814
2014-01-20 12:00:00,15.203033,3.8202515,149.6094,96134.445,0.0,1.6847674
2014-01-21 12:00:00,14.329315,2.2668457,157.39417,95811.25,2.5965964e-08,0.35472557
2014-01-22 12:00:00,11.200287,5.287018,84.50243,95851.44,1.2709472e-05,0.8429585
2014-01-23 12:00:00,12.608337,3.2391968,92.25445,96215.01,2.843348e-06,1.0412737
2014-01-24 12:00:00,14.116852,4.019348,159.18388,96302.39,0.0,0.6528494
2014-01-25 12:00:00,14.792816,4.6022034,151.92265,96167.19,1.1428403e-06,0.38405746
2014-01-26 12:00:00,14.630798,6.2380066,57.61212,95968.76,5.8686383e-06,0.601557
2014-01-27 12:00:00,13.066772,9.005646,15.902948,95710.48,0.00061543647,0.6176647
2014-01-28 12:00:00,9.355438,7.614563,56.014244,95456.8,0.00038141405,0.45161232
2014-01-29 12:00:00,10.739868,3.916565,131.5858,96000.53,1.5122388e-05,0.2599988
2014-01-30 12:00:00,10.952637,3.4145508,143.99792,96333.87,3.192044e-07,0.66524976
2014-01-31 12:00:00,17.59085,4.8712463,174.18044,96688.1,7.2598044e-07,1.3605465
2014-02-01 12:00:00,19.353241,9.271606,176.92717,96883.41,0.0,2.1567154
2014-02-02 12:00:00,20.12082,8.844116,179.40718,96544.66,0.0,1.9842349
2014-02-03 12:00:00,20.174469,12.672089,182.32672,96447.15,0.0,2.245696
2014-02-04 12:00:00,19.048523,7.4814453,182.6068,96023.36,0.0,1.182135
2014-02-05 12:00:00,15.130981,4.9170837,71.5598,95437.89,1.2469369e-05,0.94861287
2014-02-06 12:00:00,9.14035,6.423889,78.63452,95661.77,3.156094e-05,0.84730464
2014-02-07 12:00:00,8.174744,6.489563,93.196266,95779.016,0.00023178828,1.5599958
2014-02-08 12:00:00,6.7483215,1.7179565,58.066666,95596.914,0.00021549195,0.33371353
2014-02-09 12:00:00,8.809326,-3.3792114,192.2723,96065.84,1.202426e-06,1.0061346
2014-02-10 12:00:00,10.759979,-1.8642578,191.66095,96408.016,0.0,0.5925688
2014-02-11 12:00:00,12.075867,1.2370605,191.29391,96218.15,8.762169e-07,0.49036703
2014-02-12 12:00:00,11.417084,3.3522034,141.11186,95812.46,1.2433908e-06,0.612264
2014-02-13 12:00:00,10.229828,4.1029663,70.278725,95391.164,6.65457e-05,0.8547788
2014-02-14 12:00:00,10.605591,2.2330322,144.34987,96172.8,1.0032079e-06,0.31184837
2014-02-15 12:00:00,14.098633,4.014923,178.25714,96574.445,4.924806e-08,0.7473957
2014-02-16 12:00:00,13.34668,2.6558533,112.01698,96135.79,4.8702364e-06,0.42588308
2014-02-17 12:00:00,9.597595,3.445221,166.49973,96042.6,4.4256867e-06,0.6893418
2014-02-18 12:00:00,8.841156,5.4969482,71.04273,95662.46,2.1040847e-05,1.196963
2014-02-19 12:00:00,17.002747,5.704071,204.65312,95775.39,2.9968123e-06,1.8155435
2014-02-20 12:00:00,19.914673,8.328217,217.46222,96068.805,0.0,1.8787477
2014-02-21 12:00:00,19.72107,7.4000854,211.33272,96152.64,0.0,0.80656135
2014-02-22 12:00:00,17.240112,5.235718,216.16736,96446.93,2.4445328e-07,0.55718035
2014-02-23 12:00:00,20.079865,5.681793,202.91573,96418.375,0.0,0.50285137
2014-02-24 12:00:00,21.413025,11.667114,187.62212,96268.86,0.0,0.70187354
2014-02-25 12:00:00,21.140656,8.720673,167.94821,96180.38,0.0,0.41202816
2014-02-26 12:00:00,17.50113,6.0582275,202.81754,96324.16,4.2875706e-07,0.63773596
2014-02-27 12:00:00,18.638336,7.9329224,122.53281,96063.22,3.057325e-07,0.6429589
2014-02-28 12:00:00,15.304199,7.1627502,65.86156,95629.74,0.00024766164,1.2914568
2014-03-01 12:00:00,8.74588,6.565674,49.147842,95970.51,4.1581916e-05,1.0509318
2014-03-02 12:00:00,12.965576,5.2697754,162.23508,95905.69,1.0753014e-05,0.5362431
2014-03-03 12:00:00,12.812927,7.380951,81.17418,95271.37,1.1272727e-05,1.0538915
2014-03-04 12:00:00,12.979431,5.051941,180.68279,95025.586,1.1160118e-05,0.23860888
2014-03-05 12:00:00,13.303528,8.136688,166.27196,95908.63,1.5117619e-05,0.99413437
2014-03-06 12:00:00,15.482788,6.7256775,228.9405,96247.516,2.6068744e-06,0.43689352
2014-03-07 12:00:00,18.803467,7.7835693,220.86758,96131.35,0.0,0.44577926
2014-03-08 12:00:00,18.497833,7.2540283,213.4156,95934.82,4.1957827e-07,0.56959796
2014-03-09 12:00:00,14.716583,6.0433655,219.11905,96011.97,3.320547e-06,0.6223996
2014-03-10 12:00:00,13.037811,6.8313293,77.68283,96176.64,2.689516e-05,0.35783994
2014-03-11 12:00:00,13.736145,8.335663,187.77344,96054.61,9.735176e-06,0.7768276
2014-03-12 12:00:00,13.326202,4.1147156,123.49078,95961.92,4.104369e-06,0.27088246
2014-03-13 12:00:00,12.069153,7.947052,40.672432,96017.55,0.0003829327,1.3935311
2014-03-14 12:00:00,11.388306,5.22583,200.24586,95859.27,2.6916401e-05,0.7269036
2014-03-15 12:00:00,10.27887,6.5929565,74.469406,95652.86,8.716681e-05,0.67195463
2014-03-16 12:00:00,9.279602,7.338562,70.09489,95567.93,7.000817e-05,1.0478023
2014-03-17 12:00:00,8.980682,5.7816467,82.0873,96010.84,5.5602355e-05,1.1687115
2014-03-18 12:00:00,10.394196,3.577362,150.54475,96161.13,4.4272983e-06,0.51770616
2014-03-19 12:00:00,10.945251,6.876251,113.769066,95788.8,5.0302526e-05,0.95871
2014-03-20 12:00:00,13.919128,3.0696106,270.0789,95715.43,0.0,1.6059161
2014-03-21 12:00:00,18.619812,4.237488,274.8797,96308.34,0.0,0.9739689
2014-03-22 12:00:00,19.518158,9.331451,276.56976,96492.41,0.0,0.41646576
2014-03-23 12:00:00,18.504425,7.0599976,106.66729,95918.96,4.5809848e-05,0.8745977
2014-03-24 12:00:00,10.925995,0.43341064,275.28845,95725.4,0.0,1.2842127
2014-03-25 12:00:00,14.741638,2.0835571,282.37506,96274.695,0.0,0.7195403
2014-03-26 12:00:00,18.809875,5.658966,281.7794,96632.39,0.0,0.5750522
2014-03-27 12:00:00,24.367828,7.5005493,286.63,96365.62,0.0,1.0434843
2014-03-28 12:00:00,25.392548,11.505615,288.57333,95909.52,0.0,0.6119451
2014-03-29 12:00:00,23.315186,5.9240417,284.87585,95671.766,2.4806974e-07,0.88892454
2014-03-30 12:00:00,16.148834,1.8007812,293.6062,95857.31,7.697559e-08,0.45423812
2014-03-31 12:00:00,15.701538,2.558197,293.4744,95993.414,0.0,0.8828093
2014-04-01 12:00:00,14.672089,3.748993,81.730804,95790.99,6.667431e-05,0.8281823
2014-04-02 12:00:00,10.145691,2.9023438,275.16946,95769.65,2.7445258e-05,1.5336729
2014-04-03 12:00:00,13.087524,1.7858582,297.538,96212.836,0.0,0.779678
2014-04-04 12:00:00,12.437744,2.8432617,132.52484,95673.04,2.7223066e-05,0.9755537
2014-04-05 12:00:00,8.91806,1.5163879,244.32626,95445.984,2.114416e-06,1.7245405
2014-04-06 12:00:00,13.291962,-1.171814,270.7369,95867.04,3.4078198e-08,1.1751722
2014-04-07 12:00:00,14.310211,0.6246033,298.49844,96148.34,0.0,0.34380832
2014-04-08 12:00:00,12.577454,5.4776917,210.29572,95934.63,8.192494e-05,2.2282073
2014-04-09 12:00:00,7.389496,2.1522522,206.45769,96146.15,8.409824e-05,2.424529
2014-04-10 12:00:00,13.5286255,-2.153656,304.9117,96747.27,2.0902828e-08,0.23861997
2014-04-11 12:00:00,18.71167,2.9796143,238.0282,96470.71,0.0,0.4722911
2014-04-12 12:00:00,20.177673,3.670868,277.94202,96101.67,0.0,0.3888187
2014-04-13 12:00:00,19.155975,3.2268677,308.85245,96182.27,0.0,0.5863525
2014-04-14 12:00:00,18.687775,7.2213135,285.62308,96420.86,3.7743966e-06,0.5876392
2014-04-15 12:00:00,20.63272,6.1589966,313.912,96375.47,0.0,0.39067662
2014-04-16 12:00:00,22.222626,7.8508606,261.50024,96238.51,0.0,0.3614064
2014-04-17 12:00:00,22.153809,7.010803,294.797,96053.086,0.0,0.5968821
2014-04-18 12:00:00,21.372162,7.811249,295.29974,96084.66,7.426855e-07,0.64908797
2014-04-19 12:00:00,19.893402,7.256775,274.9921,96032.39,3.4927485e-08,0.37598258
2014-04-20 12:00:00,19.102448,7.961975,222.22606,95939.41,3.1366994e-06,0.717363
2014-04-21 12:00:00,17.770111,8.329346,239.22307,95828.31,1.2004541e-05,0.9460945
2014-04-22 12:00:00,18.992828,4.948059,312.73282,95651.32,0.0,0.38198057
2014-04-23 12:00:00,17.928589,6.503113,240.53809,95411.0,1.8844969e-06,0.9233129
2014-04-24 12:00:00,15.783386,6.6123657,237.15741,95491.805,8.543587e-06,1.0724945
2014-04-25 12:00:00,18.618744,8.136261,293.22556,95774.82,1.6390168e-06,1.2471778
2014-04-26 12:00:00,19.857086,6.5075073,312.54593,95868.68,0.0,0.6116338
2014-04-27 12:00:00,20.91922,8.766235,301.8584,95871.125,2.7791344e-08,0.5664586
2014-04-28 12:00:00,19.807281,6.5984497,328.3121,95698.53,5.912579e-08,0.92621464
2014-04-29 12:00:00,18.307495,7.6024475,295.09796,95686.66,2.9786688e-06,1.0120149
2014-04-30 12:00:00,17.833984,8.801514,259.63004,95702.375,3.1184006e-06,1.3057251
2014-05-01 12:00:00,20.040741,6.7182007,313.7571,95789.37,4.152486e-07,0.78038
2014-05-02 12:00:00,19.163422,9.029724,245.55302,95812.695,6.001163e-06,1.0282873
2014-05-03 12:00:00,16.859161,10.079041,132.6179,95848.04,1.080452e-05,1.3139462
2014-05-04 12:00:00,13.650574,5.932495,197.49068,95227.55,2.971391e-05,0.31393155
2014-05-05 12:00:00,19.19931,6.9012756,333.24924,95373.91,1.2310977e-09,0.92364913
2014-05-06 12:00:00,21.51947,6.431549,339.40186,96144.78,0.0,0.8344187
2014-05-07 12:00:00,22.082947,7.053772,343.00143,96088.51,0.0,0.6567131
2014-05-08 12:00:00,28.316895,9.366486,346.36826,95794.195,0.0,0.8228925
2014-05-09 12:00:00,28.380371,12.805389,347.82562,95698.43,1.6789905e-08,0.28867745
2014-05-10 12:00:00,26.906708,8.986572,316.44107,95817.13,3.8983863e-08,0.78690636
2014-05-11 12:00:00,31.422272,11.815796,345.97778,95920.62,0.0,1.1719279
2014-05-12 12:00:00,33.1369,19.246948,353.5519,95887.06,0.0,1.2473396
2014-05-13 12:00:00,31.609436,13.569366,355.57327,95704.74,0.0,0.90260404
2014-05-14 12:00:00,28.308258,8.198395,356.04678,95610.12,1.433143e-07,1.0227356
2014-05-15 12:00:00,21.492401,9.959015,261.8182,95468.15,3.7088757e-06,1.128712
2014-05-16 12:00:00,17.472076,5.7109375,348.49307,95422.91,0.0,1.4871731
2014-05-17 12:00:00,18.798706,7.2201843,327.05228,95676.49,3.6450742e-06,1.0612795
2014-05-18 12:00:00,23.963287,7.191864,349.57184,95952.85,0.0,0.4903887
2014-05-19 12:00:00,28.068909,10.111755,357.97122,96065.23,0.0,0.7548634
2014-05-20 12:00:00,28.120148,10.9522705,354.7654,96253.89,1.0247707e-08,0.6972993
2014-05-21 12:00:00,26.70816,10.353394,241.4097,96165.055,0.0,0.6291495
2014-05-22 12:00:00,25.36087,12.5416565,266.36484,95953.945,1.24111e-08,0.8610964
2014-05-23 12:00:00,22.254852,6.983032,350.45493,96180.96,1.0478979e-07,0.9357406
2014-05-24 12:00:00,22.581787,6.1042175,362.43155,96339.42,0.0,0.7080216
2014-05-25 12:00:00,23.464142,7.391327,350.04584,96221.67,0.0,0.68471456
2014-05-26 12:00:00,22.014496,7.880554,352.3882,95952.945,0.0,0.70248765
2014-05-27 12:00:00,23.322205,8.831329,353.53387,95839.79,5.9709635e-08,0.8068809
2014-05-28 12:00:00,26.74942,10.092407,344.6594,95763.88,6.766111e-08,0.60627043
2014-05-29 12:00:00,25.842377,11.850067,333.6856,95754.12,7.004885e-07,0.9953659
2014-05-30 12:00:00,26.980438,12.506989,351.90042,95732.055,3.1463406e-07,0.90769863
2014-05-31 12:00:00,28.43805,10.596558,351.92325,95789.15,0.0,0.6886553
2014-06-01 12:00:00,29.082397,11.855591,359.84073,95729.18,2.066233e-08,0.6707062
2014-06-02 12:00:00,28.210358,14.5841675,358.36676,95432.74,0.0,1.0226723
2014-06-03 12:00:00,26.022736,11.103882,357.41547,95223.59,0.0,1.0708101
2014-06-04 12:00:00,23.96576,13.1701355,143.59947,95501.64,1.6142969e-05,1.1452186
2014-06-05 12:00:00,20.482758,11.268646,285.79425,95743.61,3.5549624e-06,1.2778316
2014-06-06 12:00:00,22.705658,8.96286,358.97095,95664.95,6.699793e-08,0.92306423
2014-06-07 12:00:00,23.926819,9.318359,363.09244,95621.945,0.0,0.86720186
2014-06-08 12:00:00,24.025421,9.456329,358.52502,95663.92,0.0,0.97714865
2014-06-09 12:00:00,23.890137,8.98056,362.9267,95847.71,1.0858206e-08,0.9330132
2014-06-10 12:00:00,26.576416,12.533813,347.1264,96003.99,0.0,0.7913113
2014-06-11 12:00:00,25.933533,9.628937,365.73453,95936.15,0.0,0.9327723
2014-06-12 12:00:00,25.535583,9.536682,364.77914,95972.94,0.0,0.9113231
2014-06-13 12:00:00,25.955292,10.6539,364.16672,95888.76,0.0,0.7778119
2014-06-14 12:00:00,25.445984,11.565033,259.76184,95719.34,0.0,0.5564579
2014-06-15 12:00:00,27.375977,11.06311,350.50107,95719.086,1.092879e-08,0.8537686
2014-06-16 12:00:00,26.613922,11.313141,363.66205,95672.21,0.0,0.9610157
2014-06-17 12:00:00,25.907288,10.956024,362.34708,95526.64,0.0,1.0942159
2014-06-18 12:00:00,26.479706,12.501099,359.82303,95681.14,0.0,1.0418069
2014-06-19 12:00:00,27.971893,12.74353,361.45828,95851.68,1.099271e-09,0.8503366
2014-06-20 12:00:00,30.533173,14.342529,363.5951,95862.74,0.0,0.7293755
2014-06-21 12:00:00,30.436676,13.529633,350.9714,95900.305,0.0,0.65851176
2014-06-22 12:00:00,29.406067,11.088287,369.7529,95818.94,2.273962e-08,0.8317631
2014-06-23 12:00:00,25.364594,10.340637,358.0676,95741.164,1.17401e-06,0.98838425
2014-06-24 12:00:00,21.758575,11.896423,303.76968,95762.125,4.2610795e-06,1.2406839
2014-06-25 12:00:00,24.73761,11.430542,348.89243,95889.65,3.1118032e-07,0.80847985
2014-06-26 12:00:00,26.889648,12.83078,262.0652,96022.06,0.0,0.7038935
2014-06-27 12:00:00,28.107117,12.106506,364.7319,96036.7,0.0,0.88328874
2014-06-28 12:00:00,27.379822,12.682861,361.86234,95862.21,0.0,0.7353254
2014-06-29 12:00:00,26.822876,12.521027,360.38422,95800.04,0.0,0.7470992
2014-06-30 12:00:00,25.966156,12.148132,347.07297,95924.17,1.4278904e-06,1.1846144
2014-07-01 12:00:00,26.936584,11.795624,360.58237,95993.12,0.0,0.9777941
2014-07-02 12:00:00,29.131653,12.628143,361.25964,95924.06,0.0,0.713607
2014-07-03 12:00:00,29.598022,13.555756,356.8717,95767.58,1.7709528e-08,0.7743096
2014-07-04 12:00:00,29.018402,14.4418335,361.07092,95666.21,2.581936e-08,1.0285095
2014-07-05 12:00:00,28.057251,13.671051,332.05417,95682.14,2.0137935e-07,0.9072489
2014-07-06 12:00:00,30.34668,12.673492,359.2947,95741.4,0.0,0.6018732
2014-07-07 12:00:00,32.093536,13.590027,358.14487,95787.08,1.4780076e-08,0.6207189
2014-07-08 12:00:00,31.539276,14.554779,353.64255,95815.016,0.0,0.6978626
2014-07-09 12:00:00,31.781616,15.241577,353.09576,95761.484,7.874848e-09,0.8409477
2014-07-10 12:00:00,32.243164,14.831238,356.20413,95656.86,3.6935262e-09,0.83653075
2014-07-11 12:00:00,34.779877,15.967957,350.8867,95681.234,4.787636e-09,0.652798
2014-07-12 12:00:00,34.64789,18.35086,337.63373,95827.74,0.0,0.6832445
2014-07-13 12:00:00,33.086243,18.769165,259.07254,95866.695,0.0,0.7186228
2014-07-14 12:00:00,32.86139,18.83612,340.69482,95872.79,0.0,0.85237336
2014-07-15 12:00:00,32.538544,18.183594,183.84628,95859.43,8.8587165e-10,0.71415603
2014-07-16 12:00:00,30.754547,17.6409,333.0009,95810.41,2.061936e-08,1.0534991
2014-07-17 12:00:00,30.818695,15.527374,344.65814,95806.96,9.438577e-09,0.8937088
2014-07-18 12:00:00,31.069305,15.240967,349.61908,95799.05,1.321597e-08,0.83245087
2014-07-19 12:00:00,30.408447,14.351135,354.11017,95858.42,2.7204987e-07,0.85063916
2014-07-20 12:00:00,29.74524,12.9696045,357.80472,95967.79,1.1379021e-07,0.6688814
2014-07-21 12:00:00,29.958069,12.02121,358.455,96003.85,1.0474312e-08,0.59435225
2014-07-22 12:00:00,31.674255,12.776245,358.1395,95990.85,0.0,0.56886625
2014-07-23 12:00:00,33.50589,13.931213,357.23694,95995.25,1.1861052e-08,0.59506124
2014-07-24 12:00:00,35.570374,14.831757,356.7188,95983.73,0.0,0.56968725
2014-07-25 12:00:00,38.998047,17.642395,350.0719,95866.66,0.0,0.462226
2014-07-26 12:00:00,39.96707,20.23111,343.39413,95672.42,0.0,0.54031134
2014-07-27 12:00:00,40.322876,22.106293,334.83453,95663.14,0.0,0.6451824
2014-07-28 12:00:00,39.238678,20.31781,336.63162,95763.984,0.0,0.5540727
2014-07-29 12:00:00,36.545105,21.106873,315.50162,95743.414,0.0,0.41165543
2014-07-30 12:00:00,35.597473,19.864227,308.86243,95623.38,0.0,0.48956338
2014-07-31 12:00:00,37.813904,21.965088,257.51184,95570.03,9.3917985e-09,0.30159315
2014-08-01 12:00:00,36.755096,23.15384,136.18713,95762.42,9.0952535e-06,0.40678117
2014-08-02 12:00:00,37.095795,23.783447,308.0847,95902.32,1.2461362e-05,0.5394999
2014-08-03 12:00:00,38.353485,22.918243,320.85297,95837.57,2.2553568e-06,0.48186207
2014-08-04 12:00:00,39.11383,25.235626,240.64708,95693.766,9.2873677e-07,0.3898554
2014-08-05 12:00:00,37.65042,21.760468,277.98834,95550.586,2.2362547e-08,0.8427916
2014-08-06 12:00:00,34.325287,21.586914,284.5093,95673.58,5.8534024e-06,0.6788352
2014-08-07 12:00:00,34.108307,20.927856,222.8974,95931.92,1.6438458e-08,0.88031685
2014-08-08 12:00:00,35.062714,21.477783,310.0484,95990.21,3.1018935e-08,0.52566886
2014-08-09 12:00:00,36.988678,21.898987,322.30127,95899.13,8.770547e-09,0.70322675
2014-08-10 12:00:00,36.528534,21.252777,315.20175,95769.33,0.0,0.5713685
2014-08-11 12:00:00,34.940613,19.855835,306.5648,95611.79,0.0,0.97162855
2014-08-12 12:00:00,31.747742,19.709229,309.8793,95372.625,0.0,0.925034
2014-08-13 12:00:00,32.579132,17.956635,314.74033,95485.29,3.5175667e-08,0.9815212
2014-08-14 12:00:00,35.85681,20.534698,288.56104,95706.77,0.0,0.42942372
2014-08-15 12:00:00,36.658417,19.998413,305.9968,95875.59,0.0,0.60146755
2014-08-16 12:00:00,35.55417,18.621735,243.56682,95908.8,0.0,0.97753316
2014-08-17 12:00:00,33.370636,19.667389,303.683,95879.49,0.0,0.84872425
2014-08-18 12:00:00,32.24356,19.251495,305.75827,95922.57,1.1065368e-08,0.90401393
2014-08-19 12:00:00,30.356293,16.713623,312.10605,95943.64,1.6730657e-07,0.94947904
2014-08-20 12:00:00,29.010498,15.426453,316.58844,95771.016,4.4153797e-08,0.8766895
2014-08-21 12:00:00,29.500824,14.335876,317.4113,95680.33,0.0,0.80350435
2014-08-22 12:00:00,29.694244,14.069672,317.6184,95802.78,0.0,0.6250839
2014-08-23 12:00:00,31.161835,14.8255005,312.936,95904.27,0.0,0.5373842
2014-08-24 12:00:00,32.551178,15.339722,310.46835,95953.47,0.0,0.543907
2014-08-25 12:00:00,31.953003,17.221832,305.18393,95915.164,0.0,0.59618485
2014-08-26 12:00:00,30.849152,15.518341,309.98834,95787.6,1.7028755e-10,0.69129217
2014-08-27 12:00:00,29.497711,13.225616,314.2059,95736.11,0.0,0.76369905
2014-08-28 12:00:00,29.766052,12.604279,312.19797,95697.516,0.0,0.7314052
2014-08-29 12:00:00,29.98175,13.1163025,309.45746,95780.81,0.0,0.7629592
2014-08-30 12:00:00,32.154907,13.044983,312.03925,95829.984,0.0,0.51024723
2014-08-31 12:00:00,34.96109,14.411072,304.1062,95917.195,0.0,0.49248973
2014-09-01 12:00:00,34.02884,15.010712,305.98053,95986.99,0.0,0.59926385
2014-09-02 12:00:00,33.991028,14.5911255,305.79807,95784.86,0.0,0.41667148
2014-09-03 12:00:00,33.089478,13.534027,304.28912,95703.945,1.752636e-08,0.8517175
2014-09-04 12:00:00,30.704132,12.194397,284.09903,95671.12,0.0,0.44455174
2014-09-05 12:00:00,29.855896,14.591217,252.3565,95594.6,0.0,0.7548904
2014-09-06 12:00:00,28.235687,16.023712,263.7912,95510.266,7.956902e-08,0.9526869
2014-09-07 12:00:00,25.92044,12.490051,282.229,95804.55,5.084297e-07,0.5529625
2014-09-08 12:00:00,26.712189,11.437897,291.78665,95973.24,0.0,0.45062944
2014-09-09 12:00:00,25.672668,10.842712,290.01486,95939.875,0.0,0.7215009
2014-09-10 12:00:00,25.615814,11.023499,280.99045,95955.07,3.3601074e-07,0.41534558
2014-09-11 12:00:00,26.74353,13.508331,270.14734,95786.66,1.357936e-06,0.56552804
2014-09-12 12:00:00,25.819855,13.80191,263.01562,95770.42,2.1393903e-06,0.8501251
2014-09-13 12:00:00,23.683136,12.989075,255.90222,95731.055,2.3329396e-06,0.72242695
2014-09-14 12:00:00,24.899475,12.056824,254.39005,95742.44,8.605503e-07,0.604811
2014-09-15 12:00:00,25.727295,12.451263,250.9192,95924.305,1.3509142e-06,0.639245
2014-09-16 12:00:00,29.977295,13.125732,274.55637,96025.9,0.0,0.52179706
2014-09-17 12:00:00,31.154602,14.419922,271.80936,95863.77,1.8894285e-08,0.45377263
2014-09-18 12:00:00,30.162994,13.98056,268.7702,95666.06,3.9312403e-07,0.5085466
2014-09-19 12:00:00,29.989075,13.058472,270.00323,95716.945,3.5370812e-07,0.70070094
2014-09-20 12:00:00,33.0618,17.463043,273.26886,95974.47,0.0,1.721532
2014-09-21 12:00:00,34.229675,20.29779,273.01096,96060.9,0.0,1.4496969
2014-09-22 12:00:00,34.94763,16.146423,270.42078,95830.87,0.0,0.56978303
2014-09-23 12:00:00,34.263702,15.556915,269.23804,95816.95,0.0,0.4839424
2014-09-24 12:00:00,35.07138,15.332092,264.96753,96019.29,0.0,0.69251525
2014-09-25 12:00:00,38.73053,19.26361,261.01935,96115.69,0.0,0.8598122
2014-09-26 12:00:00,37.616577,20.521301,243.3884,95776.14,0.0,0.5179897
2014-09-27 12:00:00,36.39395,20.64386,248.68546,95472.4,1.9601213e-08,0.8194539
2014-09-28 12:00:00,34.170044,19.665771,124.57612,95490.64,4.340946e-06,0.7903826
2014-09-29 12:00:00,24.23648,16.518402,179.97374,95571.01,1.10696765e-05,1.0673573
2014-09-30 12:00:00,23.263489,14.517517,217.32268,95571.84,3.865031e-06,0.8812618
2014-10-01 12:00:00,22.386597,13.265228,101.36322,95506.74,9.134587e-06,1.02593
2014-10-02 12:00:00,18.246185,12.030762,153.92596,95599.17,6.156125e-06,1.250607
2014-10-03 12:00:00,17.568481,10.087128,92.53621,95817.08,4.809195e-06,0.80234736
2014-10-04 12:00:00,20.099518,10.901398,183.96294,96075.516,5.324181e-06,0.99308246
2014-10-05 12:00:00,22.705383,9.6440735,235.3865,96081.2,0.0,0.34649903
2014-10-06 12:00:00,29.641663,11.577454,236.73595,96070.78,0.0,0.5504541
2014-10-07 12:00:00,33.719513,19.270142,237.52109,96022.79,0.0,1.168599
2014-10-08 12:00:00,35.88092,21.202484,231.05057,96146.68,0.0,0.9648099
2014-10-09 12:00:00,35.143005,22.691742,170.54044,96075.47,0.0,0.57399166
2014-10-10 12:00:00,34.940155,22.048737,204.07674,95961.36,0.0,0.6518571
2014-10-11 12:00:00,34.33432,20.14859,220.74265,95871.234,0.0,0.9767417
2014-10-12 12:00:00,33.110596,18.262604,206.81369,95942.695,0.0,0.8626993
2014-10-13 12:00:00,31.596008,16.615356,219.80373,95926.05,0.0,0.74135387
2014-10-14 12:00:00,32.445953,16.188202,207.72345,95774.195,0.0,0.5709697
2014-10-15 12:00:00,30.420319,17.212738,146.8987,95667.87,0.0,0.488907
2014-10-16 12:00:00,25.936188,16.230804,204.01521,95731.875,8.75288e-09,0.80585307
2014-10-17 12:00:00,29.282745,14.014465,219.37892,95775.625,0.0,0.33729628
2014-10-18 12:00:00,28.146027,11.9953,217.50873,96050.63,0.0,0.49644086
2014-10-19 12:00:00,26.882935,10.41275,213.9071,96095.15,0.0,0.5559765
2014-10-20 12:00:00,27.342377,10.88092,211.45407,95961.766,0.0,0.36070946
2014-10-21 12:00:00,27.609558,11.003815,210.06058,95823.96,0.0,0.46172544
2014-10-22 12:00:00,24.834473,9.503845,204.06355,95541.91,0.0,0.7817538
2014-10-23 12:00:00,23.66098,10.533691,196.74698,95314.93,4.6839386e-06,0.3919351
2014-10-24 12:00:00,25.67746,16.00061,212.79256,95708.23,0.0,2.613922
2014-10-25 12:00:00,28.85852,17.335602,197.19215,95903.695,0.0,1.6777544
2014-10-26 12:00:00,27.852997,11.151306,196.69,96053.26,0.0,0.855114
2014-10-27 12:00:00,23.119354,9.57962,188.1894,96133.805,0.0,0.4451632
2014-10-28 12:00:00,26.258392,9.373596,194.79234,96084.875,0.0,0.24267201
2014-10-29 12:00:00,29.518066,12.4982605,193.51254,95916.016,0.0,0.5293323
2014-10-30 12:00:00,27.309784,9.493805,178.50922,95749.38,5.623395e-07,0.7534821
2014-10-31 12:00:00,21.979889,8.145813,168.85277,95396.945,5.1596743e-07,1.074242
2014-11-01 12:00:00,23.67276,14.893982,178.8712,95486.91,0.0,4.4853287
2014-11-02 12:00:00,22.085114,13.885223,114.26809,95800.945,9.737215e-05,2.2039306
2014-11-03 12:00:00,18.40689,11.142212,105.74065,95817.586,5.4461685e-05,0.8252928
2014-11-04 12:00:00,16.69989,11.510315,55.045887,95873.98,0.00010151672,1.1458116
2014-11-05 12:00:00,16.922668,11.051331,166.01953,96325.45,1.3377853e-05,0.57860464
2014-11-06 12:00:00,19.142975,10.319305,165.27002,96279.234,3.7717452e-08,0.497905
2014-11-07 12:00:00,20.78357,11.171783,170.37973,96073.98,1.09411e-09,1.0509679
2014-11-08 12:00:00,20.551544,10.508759,161.09088,96196.99,6.877571e-07,0.49539837
2014-11-09 12:00:00,19.227142,10.00647,168.55296,96170.62,0.0,0.49022385
2014-11-10 12:00:00,17.481628,11.639526,121.31523,95782.76,6.2258237e-06,0.5636601
2014-11-11 12:00:00,14.56192,10.349915,53.911926,95532.48,9.535695e-05,1.2990775
2014-11-12 12:00:00,13.270355,5.7994995,169.78662,95546.65,3.2648509e-06,0.8664909
2014-11-13 12:00:00,14.0469055,4.5272827,165.19939,95979.58,0.0,0.6137253
2014-11-14 12:00:00,16.434448,5.3568115,159.13557,95750.336,1.358176e-08,0.76950496
2014-11-15 12:00:00,15.558044,7.5584717,52.87084,95778.04,2.9584418e-05,0.8510837
2014-11-16 12:00:00,10.60257,3.5315247,165.89224,95934.31,2.8832968e-05,1.4899168
2014-11-17 12:00:00,13.182739,2.1190796,161.84264,96295.26,0.0,1.1220183
2014-11-18 12:00:00,12.097809,4.274292,121.43226,95767.37,7.2714116e-05,0.6422329
2014-11-19 12:00:00,13.59671,1.3994141,156.92734,96222.68,0.0,1.4343739
2014-11-20 12:00:00,16.022339,4.710388,142.36649,96644.664,0.0,1.5187886
2014-11-21 12:00:00,18.169128,6.310547,142.63,96387.24,0.0,1.406014
2014-11-22 12:00:00,17.423828,7.2860107,149.17186,96031.984,4.8747153e-09,0.5172104
2014-11-23 12:00:00,19.253723,5.1436462,151.67738,96134.47,0.0,0.7357195
2014-11-24 12:00:00,20.499176,9.582245,148.50069,96298.01,0.0,0.56149495
2014-11-25 12:00:00,20.128448,7.4311523,133.6228,96204.79,0.0,1.0600199
2014-11-26 12:00:00,20.912598,11.122131,155.505,96548.12,0.0,2.4610698
2014-11-27 12:00:00,21.723541,7.4926147,152.93243,96715.16,0.0,2.1978836
2014-11-28 12:00:00,20.478485,7.8019104,129.64497,96125.3,0.0,0.8847277
2014-11-29 12:00:00,19.460724,8.4140625,131.21704,95859.26,0.0,0.7704473
2014-11-30 12:00:00,19.330078,5.610504,147.34119,96176.94,0.0,1.1919336
2014-12-01 12:00:00,19.962585,6.8819885,127.30344,96302.29,0.0,1.5798235
2014-12-02 12:00:00,18.025848,7.1307983,93.75782,95791.15,0.0,0.71895236
2014-12-03 12:00:00,16.863586,6.807892,137.06374,95076.79,1.2474382e-07,0.6496785
2014-12-04 12:00:00,15.67688,3.5223694,144.21378,95401.74,9.2084247e-07,0.5571517
2014-12-05 12:00:00,14.216553,3.7557983,80.481705,96107.734,2.9980013e-06,0.98613834
2014-12-06 12:00:00,11.668213,4.262787,96.56487,96262.36,1.1344576e-05,0.8082061
2014-12-07 12:00:00,11.034058,6.3190002,74.28648,96345.445,3.4979304e-05,1.1808826
2014-12-08 12:00:00,11.301941,7.412567,109.26863,96124.7,0.00012685958,0.44535467
2014-12-09 12:00:00,11.586914,7.9353333,44.212425,96252.06,3.455187e-05,0.8801009
2014-12-10 12:00:00,13.048126,6.0897217,124.30205,96323.29,2.8928036e-06,0.3413126
2014-12-11 12:00:00,12.045258,8.104706,134.79094,96003.09,5.286219e-05,0.5708709
2014-12-12 12:00:00,12.087555,2.3795776,130.77856,96383.234,0.0,1.3925865
2014-12-13 12:00:00,14.058502,4.1216125,134.4717,96456.93,5.51146e-10,0.5394795
2014-12-14 12:00:00,15.45285,6.199066,130.33154,96301.26,0.0,0.3846214
2014-12-15 12:00:00,14.464081,5.6619263,108.789185,95980.805,4.1120065e-06,0.6126676
2014-12-16 12:00:00,10.777832,2.5065308,133.77408,95382.67,4.830426e-05,0.9047677
2014-12-17 12:00:00,9.491577,-2.656128,142.42882,95981.26,0.0,1.2027128
2014-12-18 12:00:00,9.34906,-0.79525757,139.17046,96701.836,0.0,1.6674789
2014-12-19 12:00:00,11.232208,-0.81777954,140.71623,96826.57,0.0,0.92193335
2014-12-20 12:00:00,15.510468,0.90371704,141.22707,96671.45,0.0,1.4082452
2014-12-21 12:00:00,18.268341,6.421509,136.45332,96652.48,0.0,1.5949533
2014-12-22 12:00:00,19.957977,6.37265,135.53201,96589.91,0.0,1.4316497
2014-12-23 12:00:00,19.574432,8.4661255,96.60921,96276.37,0.0,1.0160604
2014-12-24 12:00:00,19.866943,6.969818,138.76854,95984.32,0.0,1.8602597
2014-12-25 12:00:00,17.858643,8.030121,78.34014,96074.81,0.0,1.0603458
2014-12-26 12:00:00,15.74469,7.429352,125.00395,96010.195,1.6913134e-06,0.4117577
2014-12-27 12:00:00,13.386444,6.6404114,66.8971,96134.93,5.5919763e-06,0.63818127
2014-12-28 12:00:00,13.073944,2.8257446,102.499275,96047.586,1.7663395e-07,0.28423634
2014-12-29 12:00:00,11.758026,7.3050537,46.532963,95645.35,0.00039015335,0.63407546
2014-12-30 12:00:00,11.689484,2.8683472,138.6046,96271.87,5.877077e-07,0.9730435
2014-12-31 12:00:00,12.051544,4.0691833,133.19806,96730.266,0.0,0.39007634
2015-01-01 12:00:00,10.962097,6.1522217,37.703297,96386.13,3.484096e-05,0.7159103
2015-01-02 12:00:00,13.805206,7.2232056,128.53201,96360.375,3.0454519e-06,0.55243075
2015-01-03 12:00:00,18.02362,7.5860596,129.59471,96404.3,0.0,1.1792432
2015-01-04 12:00:00,20.622406,8.093384,140.57028,96261.27,0.0,1.4342808
2015-01-05 12:00:00,21.359192,10.29306,127.31279,96006.8,0.0,1.2553484
2015-01-06 12:00:00,19.918701,9.323547,138.77916,95915.06,2.4617476e-08,0.71685547
2015-01-07 12:00:00,15.057098,5.037903,138.31184,95751.15,3.5523917e-06,0.692907
2015-01-08 12:00:00,13.637054,4.5563965,105.83536,96022.266,0.0,1.103499
2015-01-09 12:00:00,14.922516,2.3027344,149.0883,96245.33,0.0,1.6260403
2015-01-10 12:00:00,18.095917,3.8834534,148.09128,96575.16,0.0,2.1901813
2015-01-11 12:00:00,21.523132,7.855713,150.01738,96738.24,0.0,1.8048961
2015-01-12 12:00:00,22.680939,9.556915,141.8237,96582.87,0.0,1.6720928
2015-01-13 12:00:00,23.172058,12.070221,146.64297,96346.01,0.0,0.80723196
2015-01-14 12:00:00,21.589111,9.606354,91.94164,96264.38,0.0,0.30842862
2015-01-15 12:00:00,15.999847,3.3016968,130.26108,96401.81,0.0,0.24515648
2015-01-16 12:00:00,13.719116,8.418701,26.953163,96327.305,3.8556227e-05,0.7029842
2015-01-17 12:00:00,11.588226,8.411346,130.086,95903.91,0.0003722277,1.7244159
2015-01-18 12:00:00,8.782318,3.751007,153.88972,96108.42,5.074101e-06,2.3164546
2015-01-19 12:00:00,9.29657,1.5977173,157.92157,96449.21,0.0,2.0363643
2015-01-20 12:00:00,10.381317,0.47756958,160.49892,96899.516,0.0,1.4982874
2015-01-21 12:00:00,11.422272,2.0082092,150.59973,97142.77,0.0,0.8984703
2015-01-22 12:00:00,10.66629,3.2262573,70.081894,96654.96,1.2400329e-05,0.34697804
2015-01-23 12:00:00,12.842712,0.5374756,162.42625,96329.57,3.9125688e-08,1.2444402
2015-01-24 12:00:00,13.711121,5.964752,142.78241,96701.414,0.0,1.9666853
2015-01-25 12:00:00,15.820892,3.499298,154.6197,96586.86,0.0,1.9171383
2015-01-26 12:00:00,18.691223,7.382538,139.6739,96324.164,0.0,1.5578442
2015-01-27 12:00:00,18.097473,6.150482,149.35143,96223.875,0.0,0.55247575
2015-01-28 12:00:00,16.774567,5.3089294,33.729847,96199.016,7.5409545e-05,0.4337103
2015-01-29 12:00:00,14.698212,4.877777,167.39171,96065.53,2.209259e-05,0.6036187
2015-01-30 12:00:00,14.410522,4.9236755,108.49482,96109.2,0.0,0.30685726
2015-01-31 12:00:00,14.898193,3.5760498,173.20784,96322.29,1.1371325e-06,0.7973083
2015-02-01 12:00:00,15.350861,3.9538574,157.61479,96571.875,3.9587963e-08,1.6861703
2015-02-02 12:00:00,18.308746,4.9553833,181.46643,96716.12,0.0,1.749027
2015-02-03 12:00:00,19.944733,5.446808,179.37315,96810.95,0.0,1.6097087
2015-02-04 12:00:00,23.649353,8.339325,183.53415,96685.375,0.0,1.985318
2015-02-05 12:00:00,26.35083,10.925598,186.69185,96225.67,0.0,1.9009113
2015-02-06 12:00:00,25.375427,11.127686,166.97725,95783.625,0.0,0.250369
2015-02-07 12:00:00,20.068726,7.1565857,78.1437,95942.805,4.2061526e-08,0.65390146
2015-02-08 12:00:00,15.098602,6.0708313,173.40398,96114.9,7.4688937e-06,0.40563032
2015-02-09 12:00:00,12.780457,2.8191833,156.43068,96365.42,1.0487273e-06,0.45664755
2015-02-10 12:00:00,11.904541,5.5923157,21.212496,96183.3,0.0011567209,1.6281646
2015-02-11 12:00:00,8.238464,4.6497498,40.236248,95602.31,0.00043262148,1.114738
2015-02-12 12:00:00,8.467041,2.686615,145.48349,95765.29,5.079907e-05,0.25169444
2015-02-13 12:00:00,8.1145935,5.8269043,53.45446,95809.38,2.7557278e-05,0.70871496
2015-02-14 12:00:00,10.117126,4.3734436,151.47731,95930.66,8.385825e-06,0.6125149
2015-02-15 12:00:00,13.388367,3.7740479,197.70016,96274.14,5.000244e-07,0.5162281
2015-02-16 12:00:00,13.848328,5.4588013,182.70337,96139.25,0.0,0.94970703
2015-02-17 12:00:00,13.013397,4.8897095,122.94081,95976.6,1.676804e-06,0.6834591
2015-02-18 12:00:00,10.59845,7.1454163,92.68847,96155.35,3.912419e-05,1.0745734
2015-02-19 12:00:00,9.838196,7.1600647,28.3516,95909.914,0.0006325692,1.2785807
2015-02-20 12:00:00,9.46991,5.0259705,160.60732,95643.12,3.8160455e-05,0.7534881
2015-02-21 12:00:00,11.599182,2.6607666,210.43135,96233.734,2.1676485e-07,0.4793329
2015-02-22 12:00:00,11.648529,3.3808594,203.0434,96574.86,0.0,0.37761495
2015-02-23 12:00:00,12.78595,5.4898376,156.40125,96572.39,1.4547675e-06,0.28268898
2015-02-24 12:00:00,18.88388,5.6855164,214.96187,96616.08,8.885331e-07,1.2156818
2015-02-25 12:00:00,19.971283,9.6840515,221.11887,96929.34,0.0,2.2106256
2015-02-26 12:00:00,20.492828,8.64267,201.89311,96800.17,0.0,1.8408015
2015-02-27 12:00:00,22.16687,8.914246,223.61783,96325.28,0.0,1.4754226
2015-02-28 12:00:00,24.017548,14.626434,225.30225,96219.35,0.0,1.712667
2015-03-01 12:00:00,23.71106,12.941711,225.96709,95967.87,0.0,1.3391876
2015-03-02 12:00:00,24.107391,15.000122,233.58328,95861.97,0.0,2.418316
2015-03-03 12:00:00,25.626709,11.464996,242.50159,95872.68,0.0,1.8110684
2015-03-04 12:00:00,25.282227,9.166199,146.18036,95929.664,3.5829225e-07,0.47586668
2015-03-05 12:00:00,17.196838,10.853424,135.39297,96053.62,2.9057812e-05,0.26197094
2015-03-06 12:00:00,17.786926,10.653687,182.98958,96211.53,1.6054211e-05,0.61358863
2015-03-07 12:00:00,19.883087,8.679871,241.94952,96298.2,1.0854935e-06,0.33307034
2015-03-08 12:00:00,19.09552,8.168671,234.10791,96005.78,8.337746e-08,0.53010803
2015-03-09 12:00:00,16.915375,9.89209,112.43495,95793.03,1.7184802e-05,0.9342455
2015-03-10 12:00:00,18.641602,4.097687,246.07426,96181.125,1.1364858e-06,1.1193146
2015-03-11 12:00:00,22.897888,6.4306946,249.44041,96655.805,0.0,1.2669138
2015-03-12 12:00:00,26.5195,9.2276,251.07878,96560.67,0.0,1.2484314
2015-03-13 12:00:00,26.967133,14.087524,244.80556,96266.46,0.0,0.8059484
2015-03-14 12:00:00,25.865417,13.103882,230.6571,95962.31,0.0,0.6703098
2015-03-15 12:00:00,24.103638,6.4529724,251.48357,95758.1,3.0340792e-07,0.932389
2015-03-16 12:00:00,16.29132,7.1488037,89.89877,95771.57,1.5604297e-05,1.198775
2015-03-17 12:00:00,12.069458,6.0982666,95.93713,95470.72,0.00015021843,1.2711625
2015-03-18 12:00:00,7.919342,2.8726501,123.19354,95727.96,4.0016177e-05,0.8260176
2015-03-19 12:00:00,12.506958,3.0744019,200.80954,96045.31,2.6563537e-06,0.60022646
2015-03-20 12:00:00,16.188477,4.157776,257.56586,95886.125,3.2497865e-06,0.42829046
2015-03-21 12:00:00,18.943298,6.1323853,259.37555,95998.84,0.0,0.25551876
2015-03-22 12:00:00,17.983948,5.8710327,265.75778,96255.79,1.9369573e-09,0.8341047
2015-03-23 12:00:00,17.411743,8.449829,178.8956,96235.92,6.1987116e-06,0.4381051
2015-03-24 12:00:00,12.259918,2.7888489,273.0803,96000.08,8.532768e-05,1.4900004
2015-03-25 12:00:00,11.224945,2.2495117,287.04382,96344.64,0.0,1.9236708
2015-03-26 12:00:00,14.142639,2.415802,286.1961,96688.305,0.0,0.939384
2015-03-27 12:00:00,13.552185,3.2948608,151.08487,96407.75,4.965564e-05,0.9108198
2015-03-28 12:00:00,10.599487,2.0089417,272.68396,95699.82,4.257631e-06,1.4957343
2015-03-29 12:00:00,12.931824,2.3900146,301.07632,96238.38,2.9891012e-09,1.9054447
2015-03-30 12:00:00,16.361694,1.4876099,300.33105,96862.67,0.0,1.2306335
2015-03-31 12:00:00,18.97998,3.223999,292.76086,96754.94,0.0,0.35152224
2015-04-01 12:00:00,24.215546,6.2297363,294.29892,96453.125,0.0,0.35437977
2015-04-02 12:00:00,29.277252,10.661682,297.794,96549.07,0.0,1.1331217
2015-04-03 12:00:00,31.59259,17.122711,284.15073,96747.52,0.0,1.4967887
2015-04-04 12:00:00,32.522858,19.29068,290.49625,96421.25,0.0,1.9176089
2015-04-05 12:00:00,32.91638,17.633331,295.16193,96034.62,0.0,1.0931047
2015-04-06 12:00:00,31.224335,13.165131,193.44678,96053.73,0.0,0.6952384
2015-04-07 12:00:00,27.602661,13.745361,278.0214,96135.125,6.006194e-07,0.58956826
2015-04-08 12:00:00,26.32257,10.137909,283.16522,96064.97,4.8134535e-08,0.5559271
2015-04-09 12:00:00,25.759338,8.967834,308.27853,96093.055,0.0,0.51314104
2015-04-10 12:00:00,25.06427,8.433441,313.0861,95901.04,3.4008487e-09,0.64940554
2015-04-11 12:00:00,23.56665,6.4042053,311.25772,95758.445,1.8955579e-07,1.0051464
2015-04-12 12:00:00,18.70752,5.2333984,292.73077,95732.12,1.6544155e-06,1.0173129
2015-04-13 12:00:00,16.359406,7.8100586,306.7,95710.32,5.23944e-05,1.8651063
2015-04-14 12:00:00,14.057312,5.5267944,311.19028,95899.9,1.6822897e-06,1.33002
2015-04-15 12:00:00,13.244843,4.6997375,90.70602,95763.016,0.00011183809,1.06885
2015-04-16 12:00:00,13.368195,6.831238,274.00345,95790.44,0.00017561046,0.75789446
2015-04-17 12:00:00,12.9644165,7.3000183,105.35131,95707.766,1.412471e-05,0.48911697
2015-04-18 12:00:00,11.348694,7.597595,90.60311,95472.78,0.0001939526,1.2228391
2015-04-19 12:00:00,11.163544,8.157166,31.458261,95092.484,0.0010349968,1.5803814
2015-04-20 12:00:00,11.139374,6.7819214,126.106,95039.62,0.0003425712,1.2661308
2015-04-21 12:00:00,13.285553,8.072388,195.65509,95509.14,4.172786e-05,0.94979864
2015-04-22 12:00:00,12.618988,9.285309,119.77563,95740.82,2.2544735e-05,0.91875124
2015-04-23 12:00:00,14.881622,9.64032,213.74408,95772.46,1.06497855e-05,0.9558233
2015-04-24 12:00:00,14.554871,8.726532,169.28862,95985.16,8.9840405e-06,0.6738811
2015-04-25 12:00:00,16.99405,8.110291,293.21536,95961.85,2.388352e-06,0.40827703
2015-04-26 12:00:00,16.731415,8.510803,266.17722,95966.82,2.193356e-06,0.40109813
2015-04-27 12:00:00,19.693207,8.925629,302.41794,96150.336,7.489133e-07,0.34036803
2015-04-28 12:00:00,22.866302,12.752472,298.26624,96207.65,0.0,0.45570114
2015-04-29 12:00:00,24.430267,12.639587,328.94318,95736.086,4.0704e-07,0.46821702
2015-04-30 12:00:00,25.446655,14.52066,329.90833,95571.7,0.0,0.48684296
2015-05-01 12:00:00,23.638031,12.730743,262.30966,95461.19,2.8473041e-06,0.5996599
2015-05-02 12:00:00,23.774231,8.043488,338.0046,95464.35,1.3594351e-06,0.41022655
2015-05-03 12:00:00,27.60559,11.733276,341.45117,95779.98,0.0,0.42304307
2015-05-04 12:00:00,27.22403,12.545044,341.30945,95840.31,0.0,0.6761118
2015-05-05 12:00:00,25.212494,9.031952,345.0044,95480.484,0.0,0.76930827
2015-05-06 12:00:00,24.830292,8.799988,341.86667,95474.914,9.161645e-07,0.6540414
2015-05-07 12:00:00,27.766754,10.784912,342.7918,95840.09,0.0,0.30173782
2015-05-08 12:00:00,27.632751,12.482941,345.33615,95848.78,0.0,1.0598853
2015-05-09 12:00:00,27.52472,10.332977,349.2003,95606.1,3.0270442e-08,0.8626418
2015-05-10 12:00:00,27.801727,11.568207,313.45532,95562.71,0.0,0.51061743
2015-05-11 12:00:00,26.487762,11.151337,344.3911,95639.734,0.0,0.43820575
2015-05-12 12:00:00,26.547302,11.234985,346.96323,95673.37,0.0,0.5834961
2015-05-13 12:00:00,25.953033,10.613892,347.7682,95564.98,0.0,0.86362344
2015-05-14 12:00:00,24.423157,9.775726,343.29053,95531.15,4.02996e-07,0.8367979
2015-05-15 12:00:00,21.965118,8.159149,316.5323,95523.34,4.2257707e-07,1.0648298
2015-05-16 12:00:00,24.114319,8.442017,350.2068,95529.97,0.0,0.68155956
2015-05-17 12:00:00,27.868011,10.191803,351.23553,95743.38,0.0,0.45039418
2015-05-18 12:00:00,33.81723,12.0520935,357.28894,95919.2,0.0,0.46992582
2015-05-19 12:00:00,36.11496,18.236237,349.1054,95626.7,0.0,1.0071977
2015-05-20 12:00:00,34.375732,13.528564,265.86722,95580.97,3.4717044e-07,0.5371443
2015-05-21 12:00:00,29.853882,14.437012,322.943,95653.1,0.0,0.5754675
2015-05-22 12:00:00,31.487366,14.215424,345.0731,95604.92,0.0,0.5514376
2015-05-23 12:00:00,31.497192,13.367249,358.4497,95574.63,0.0,0.5540177
2015-05-24 12:00:00,33.02057,14.622345,358.79733,95461.42,0.0,0.61731243
2015-05-25 12:00:00,31.70227,14.966339,356.97974,95330.33,0.0,0.48035777
2015-05-26 12:00:00,29.383942,12.900452,351.71884,95424.44,1.485386e-07,0.977517
2015-05-27 12:00:00,24.908997,11.554932,343.1147,95745.74,1.0883324e-06,0.8010499
2015-05-28 12:00:00,28.340485,12.422333,347.61453,95885.29,6.0242934e-07,0.6047721
2015-05-29 12:00:00,31.95404,12.920868,358.38358,95648.5,1.2828356e-08,0.67732537
2015-05-30 12:00:00,30.879822,14.048157,349.4509,95593.95,3.4657484e-07,0.97729266
2015-05-31 12:00:00,27.01892,11.7092285,348.6389,95610.82,4.3202112e-07,0.8979858
2015-06-01 12:00:00,26.579193,11.438416,360.69827,95652.79,0.0,1.0249395
2015-06-02 12:00:00,26.280273,10.884949,358.74326,95720.86,3.28233e-09,0.8155141
2015-06-03 12:00:00,26.277802,11.571472,362.23492,95597.59,0.0,0.5399705
2015-06-04 12:00:00,29.232574,12.479645,361.66058,95462.58,0.0,0.55225897
2015-06-05 12:00:00,29.832794,12.582275,361.2851,95683.91,0.0,0.77348727
2015-06-06 12:00:00,32.481293,13.171204,365.86038,95880.4,0.0,0.7128972
2015-06-07 12:00:00,32.969055,15.045807,360.0973,95827.055,0.0,0.6344444
2015-06-08 12:00:00,33.286957,16.261963,354.1835,95595.1,1.3833194e-08,0.6234305
2015-06-09 12:00:00,32.421844,15.180054,357.56076,95668.03,0.0,0.96199507
2015-06-10 12:00:00,32.185608,14.291779,356.77744,95822.27,4.982754e-10,0.6327417
2015-06-11 12:00:00,32.3974,15.953735,271.8655,95766.88,0.0,0.6302849
2015-06-12 12:00:00,31.276794,18.044067,250.64,95695.8,0.0,0.5511441
2015-06-13 12:00:00,34.732574,16.876709,334.53873,95827.6,0.0,0.5458508
2015-06-14 12:00:00,34.990967,19.848755,349.11835,95904.34,0.0,0.46379185
2015-06-15 12:00:00,34.327057,18.357147,352.8919,95881.914,0.0,0.94446343
2015-06-16 12:00:00,33.08667,17.424622,355.30725,95843.34,0.0,0.9211692
2015-06-17 12:00:00,31.61084,15.161377,361.02158,95812.266,0.0,0.9410175
2015-06-18 12:00:00,28.775421,14.334076,336.6107,95613.3,0.0,0.96432585
2015-06-19 12:00:00,28.681732,13.3967285,359.96246,95716.35,0.0,0.8453284
2015-06-20 12:00:00,30.268585,13.841187,360.98767,95932.375,1.0301124e-08,0.7509564
2015-06-21 12:00:00,30.833801,14.580261,358.5855,95966.3,0.0,0.7285496
2015-06-22 12:00:00,29.536316,14.227509,359.26147,95915.805,1.5048246e-07,0.8174719
2015-06-23 12:00:00,28.051971,11.787964,369.34695,95839.43,4.1712926e-07,0.8661687
2015-06-24 12:00:00,27.846863,11.4826355,363.0978,95721.47,0.0,0.9062219
2015-06-25 12:00:00,26.85437,12.557953,362.6201,95535.84,0.0,0.93364644
2015-06-26 12:00:00,24.593475,12.734497,316.48627,95670.39,1.9811812e-06,1.2721267
2015-06-27 12:00:00,23.809845,10.887268,364.72473,95999.73,6.960291e-07,1.0561742
2015-06-28 12:00:00,26.012787,10.183319,365.3433,96180.44,0.0,0.70232755
2015-06-29 12:00:00,26.551544,10.44632,366.9993,96136.3,0.0,0.70411617
2015-06-30 12:00:00,26.052917,10.156647,365.31955,96064.24,0.0,0.81168807
2015-07-01 12:00:00,27.359497,10.428558,367.25986,96133.95,0.0,0.79899126
2015-07-02 12:00:00,29.611908,11.147858,368.8448,96164.16,0.0,0.6776485
2015-07-03 12:00:00,31.712982,12.241974,366.77368,96090.63,6.2824626e-09,0.6028676
2015-07-04 12:00:00,32.29245,14.149597,361.5394,96034.99,2.8043111e-08,0.6391448
2015-07-05 12:00:00,31.667358,14.9140625,360.1064,96088.66,3.7474592e-08,0.6808158
2015-07-06 12:00:00,31.109772,13.32486,363.00278,96131.2,1.7992658e-08,0.6946055
2015-07-07 12:00:00,30.474304,11.554199,371.56424,96164.305,4.177914e-08,0.5662374
2015-07-08 12:00:00,30.310303,11.381287,372.38977,96140.57,0.0,0.6676835
2015-07-09 12:00:00,31.05716,11.821564,365.65082,96083.51,0.0,0.5065247
2015-07-10 12:00:00,31.076904,13.755646,361.6887,96027.195,0.0,0.6799776
2015-07-11 12:00:00,30.860321,13.326172,364.5771,95913.734,0.0,0.62543577
2015-07-12 12:00:00,30.075226,14.02066,344.48953,95963.49,0.0,0.7919739
2015-07-13 12:00:00,30.884735,15.760956,357.1092,95973.64,0.0,0.61587024
2015-07-14 12:00:00,31.195831,13.937714,358.40955,96097.91,0.0,0.68036956
2015-07-15 12:00:00,31.704285,13.901337,358.85742,96050.664,0.0,0.69156367
2015-07-16 12:00:00,31.951355,15.462494,315.9006,95884.305,0.0,0.36457232
2015-07-17 12:00:00,32.270874,16.058167,358.35336,95862.44,0.0,0.399165
2015-07-18 12:00:00,32.023926,15.427124,357.77322,95894.17,0.0,0.56687707
2015-07-19 12:00:00,34.61035,15.800659,308.49588,95787.44,2.0820034e-08,0.44227213
2015-07-20 12:00:00,31.976013,16.674683,102.86785,95948.75,7.021324e-05,0.70300525
2015-07-21 12:00:00,34.590546,17.953247,334.04233,96175.64,0.0,0.77972895
2015-07-22 12:00:00,33.71985,18.082672,348.23892,96045.9,3.9640174e-08,0.66655046
2015-07-23 12:00:00,31.760284,15.949341,351.32758,95887.12,2.022048e-08,0.6536584
2015-07-24 12:00:00,34.649323,17.104034,352.69626,95797.516,1.6547677e-08,0.51952505
2015-07-25 12:00:00,37.230255,18.662994,299.32358,95719.875,0.0,0.36401793
2015-07-26 12:00:00,36.89438,19.973999,340.17523,95618.445,0.0,0.71201575
2015-07-27 12:00:00,35.375885,21.379456,292.13205,95645.87,0.0,0.6169987
2015-07-28 12:00:00,35.137085,19.56903,307.58237,95633.17,0.0,0.794436
2015-07-29 12:00:00,33.790558,18.51764,329.57407,95784.836,1.3702582e-08,0.93389076
2015-07-30 12:00:00,30.456085,17.188416,325.18054,95858.2,4.5519865e-08,1.0656872
2015-07-31 12:00:00,29.225067,18.001038,246.74434,95824.766,0.0,1.0258573
2015-08-01 12:00:00,29.325256,17.063507,327.14798,95774.34,5.06997e-09,1.0972766
2015-08-02 12:00:00,30.321777,15.177246,336.23132,95775.32,0.0,0.74047494
2015-08-03 12:00:00,31.235748,15.185913,337.3368,95811.38,0.0,0.83053654
2015-08-04 12:00:00,32.621582,15.062958,339.0296,95827.34,0.0,0.575224
2015-08-05 12:00:00,34.139435,15.7395935,339.67224,95773.48,0.0,0.56683135
2015-08-06 12:00:00,33.788147,15.607849,336.3893,95753.31,2.0618491e-09,0.63367796
2015-08-07 12:00:00,32.952667,15.714966,334.1527,95717.47,7.382209e-09,0.7640631
2015-08-08 12:00:00,31.929565,15.778442,330.10962,95713.43,1.4624146e-08,0.7158897
2015-08-09 12:00:00,33.667023,17.181763,326.0799,95926.484,0.0,0.6646012
2015-08-10 12:00:00,33.39691,18.647614,320.6003,96110.74,0.0,0.8360096
2015-08-11 12:00:00,34.177673,19.832184,318.49475,96012.266,0.0,0.59053135
2015-08-12 12:00:00,33.850433,20.088745,236.08305,95696.02,0.0,0.73587406
2015-08-13 12:00:00,35.773438,21.70752,232.08249,95577.0,4.2975383e-09,0.54142934
2015-08-14 12:00:00,37.53589,22.096466,310.67032,95719.65,0.0,0.42955494
2015-08-15 12:00:00,38.095642,21.526245,280.8742,95714.73,0.0,0.4924111
2015-08-16 12:00:00,36.566254,21.302277,315.41205,95682.836,0.0,0.6315471
2015-08-17 12:00:00,35.903473,20.648193,309.96423,95655.51,0.0,0.62247646
2015-08-18 12:00:00,34.314453,19.383636,298.98346,95712.6,1.7711162e-08,0.82295144
2015-08-19 12:00:00,31.71936,18.107605,295.93768,95724.87,1.0137398e-08,1.1037197
2015-08-20 12:00:00,29.0372,15.180634,260.79404,95765.13,4.0111905e-07,1.059939
2015-08-21 12:00:00,27.456482,16.628265,196.84456,95817.09,0.0,0.7874673
2015-08-22 12:00:00,33.213074,16.070892,304.9506,95739.79,0.0,0.46842876
2015-08-23 12:00:00,35.013306,18.115753,299.36215,95737.82,0.0,0.5080658
2015-08-24 12:00:00,34.020752,18.293823,258.05118,95871.05,0.0,0.8862932
2015-08-25 12:00:00,33.218384,24.180481,168.49184,95866.61,2.7956995e-07,0.36167568
2015-08-26 12:00:00,30.155182,20.15915,199.71182,95800.49,2.320499e-06,0.68634665
2015-08-27 12:00:00,29.038818,17.850098,299.4186,95828.48,6.1207097e-06,1.0266492
2015-08-28 12:00:00,30.915955,14.129486,310.79092,96045.055,0.0,0.45209908
2015-08-29 12:00:00,33.643005,16.182068,308.15076,96153.734,0.0,0.498885
2015-08-30 12:00:00,33.619904,16.405914,300.267,96235.984,0.0,0.6234531
2015-08-31 12:00:00,33.18936,14.58371,297.88974,96229.24,1.7439641e-09,0.5811517
2015-09-01 12:00:00,34.415558,13.883453,310.67923,95996.81,3.13637e-10,0.53398854
2015-09-02 12:00:00,36.302063,16.88446,296.21362,95851.87,0.0,0.34998664
2015-09-03 12:00:00,38.071136,21.253418,237.67906,95839.305,2.5602662e-06,0.40312827
2015-09-04 12:00:00,37.00821,21.83136,248.70744,95877.19,0.0,0.40468553
2015-09-05 12:00:00,38.13199,21.800842,250.09323,95750.93,1.0626869e-08,0.5155525
2015-09-06 12:00:00,37.364685,22.275848,193.25288,95571.39,1.8188321e-06,0.48680577
2015-09-07 12:00:00,33.36563,21.35202,119.21105,95732.555,1.0738949e-05,0.55092674
2015-09-08 12:00:00,32.08026,20.448639,266.7843,95882.445,6.141959e-07,0.4497514
2015-09-09 12:00:00,31.483032,17.60785,276.01205,95887.79,1.9162524e-08,0.4846142
2015-09-10 12:00:00,30.611664,17.122437,255.2003,95793.88,1.2859492e-08,0.53750414
2015-09-11 12:00:00,29.89859,17.601227,260.34882,95793.2,1.423443e-08,0.7743969
2015-09-12 12:00:00,27.220734,15.010651,207.4421,95897.91,2.2577249e-06,0.85617465
2015-09-13 12:00:00,23.543549,14.437195,240.19563,95955.58,1.1507339e-06,1.0648801
2015-09-14 12:00:00,25.16858,14.173981,275.39868,96004.61,6.8701416e-07,0.7498504
2015-09-15 12:00:00,31.294556,12.879669,280.39902,95988.43,0.0,0.39451218
2015-09-16 12:00:00,35.108154,16.51355,270.4734,95856.24,2.2920205e-10,0.33362076
2015-09-17 12:00:00,35.43695,21.788208,264.89725,95871.35,1.4680792e-06,0.72478193
2015-09-18 12:00:00,34.38263,20.575928,233.67296,95987.664,9.08294e-06,1.0524243
2015-09-19 12:00:00,29.826935,16.724274,227.6506,96140.9,0.0,0.55734396
2015-09-20 12:00:00,27.517303,12.5849,272.02277,95963.39,0.0,0.40508613
2015-09-21 12:00:00,25.94815,10.977478,263.7538,95815.16,1.2194923e-07,0.60697496
2015-09-22 12:00:00,27.96283,13.874695,258.93036,95716.71,0.0,0.40808547
2015-09-23 12:00:00,28.27658,13.616333,223.78534,95710.67,0.0,0.4994241
2015-09-24 12:00:00,28.68097,17.601288,184.78548,95727.02,7.2145143e-09,0.73761106
2015-09-25 12:00:00,32.740936,15.996613,249.11914,95936.73,0.0,0.6261133
2015-09-26 12:00:00,33.991394,16.784119,255.71928,95876.87,0.0,0.96368
2015-09-27 12:00:00,32.017975,15.525513,251.99861,95585.01,4.0853973e-08,0.97570336
2015-09-28 12:00:00,23.952179,14.905975,221.65187,95471.31,6.05129e-06,1.0638242
2015-09-29 12:00:00,29.130798,13.543945,252.05899,95918.945,0.0,0.44482237
2015-09-30 12:00:00,32.05435,16.89627,252.95152,96151.47,0.0,0.91310877
2015-10-01 12:00:00,32.236298,15.8220215,249.72273,95754.21,0.0,0.44181246
2015-10-02 12:00:00,31.12085,14.206665,246.14462,95504.56,0.0,0.55772334
2015-10-03 12:00:00,34.603516,14.879089,244.9311,95781.8,8.470683e-09,0.5988032
2015-10-04 12:00:00,33.272858,17.421722,201.78552,95868.414,2.0223695e-08,0.88358736
2015-10-05 12:00:00,31.13736,14.944061,235.95045,95698.31,1.0802693e-08,0.6665918
2015-10-06 12:00:00,26.169006,10.780121,216.19109,95592.64,2.6902942e-06,1.0137814
2015-10-07 12:00:00,20.917816,10.187958,223.35922,95194.01,1.4200488e-06,0.7020206
2015-10-08 12:00:00,24.683197,8.595642,239.35118,95118.17,0.0,1.2359248
2015-10-09 12:00:00,26.769775,10.670502,237.83168,95796.664,0.0,0.9632408
2015-10-10 12:00:00,27.94931,10.470734,234.4223,95920.54,0.0,0.34639627
2015-10-11 12:00:00,25.737366,8.829071,185.95131,95499.6,8.476188e-06,0.7676602
2015-10-12 12:00:00,18.453094,8.890778,232.12811,95672.15,1.1045848e-06,1.8514704
2015-10-13 12:00:00,22.955994,5.859558,229.1311,96026.7,0.0,1.0306327
2015-10-14 12:00:00,22.496124,8.269867,220.96367,95865.07,0.0,0.61965454
2015-10-15 12:00:00,25.262878,8.935822,199.46432,95693.25,0.0,0.48110667
2015-10-16 12:00:00,30.052765,11.170227,217.64317,96025.9,0.0,0.24570161
2015-10-17 12:00:00,32.327698,14.633453,200.26332,96094.58,0.0,0.47667947
2015-10-18 12:00:00,30.690125,14.657654,151.065,95932.664,0.0,0.40789968
2015-10-19 12:00:00,26.820831,17.513153,111.78616,95864.34,1.3237359e-08,0.48027354
2015-10-20 12:00:00,29.792389,17.173126,149.87698,95868.32,0.0,0.7312353
2015-10-21 12:00:00,29.794037,15.01358,201.12575,95923.58,0.0,0.43387458
2015-10-22 12:00:00,29.41745,15.34903,200.39388,95906.47,0.0,0.64282364
2015-10-23 12:00:00,27.07492,11.899963,197.68849,95797.48,0.0,0.6759244
2015-10-24 12:00:00,22.441406,7.5463257,207.34244,95775.22,1.7713664e-07,0.30115533
2015-10-25 12:00:00,22.233887,9.236938,207.48642,95913.01,0.0,2.3493068
2015-10-26 12:00:00,20.610748,12.000366,206.80148,96341.49,0.0,2.5707493
2015-10-27 12:00:00,23.227081,7.7188416,204.94682,96406.336,0.0,1.2407991
2015-10-28 12:00:00,26.189209,8.085114,201.32668,96171.14,0.0,1.0500479
2015-10-29 12:00:00,25.338654,7.996155,197.9235,96087.26,0.0,0.26480052
2015-10-30 12:00:00,27.595245,10.385468,188.98767,95743.69,0.0,0.38256052
2015-10-31 12:00:00,25.499695,10.019684,134.3224,95559.18,0.0,0.7260396
2015-11-01 12:00:00,21.13861,11.152283,117.63833,95527.53,1.0895657e-05,0.6313635
2015-11-02 12:00:00,18.660645,7.898163,191.03929,96231.33,0.0,2.2306764
2015-11-03 12:00:00,22.655182,8.220581,184.3487,96562.85,0.0,1.6458422
2015-11-04 12:00:00,23.828522,11.820679,122.08929,96322.15,0.0,1.2303545
2015-11-05 12:00:00,25.2034,8.122894,183.92659,96155.805,0.0,0.361912
2015-11-06 12:00:00,22.859009,7.0774536,179.1851,95909.98,0.0,0.74348044
2015-11-07 12:00:00,21.621796,5.856415,177.81029,95736.8,9.688869e-07,0.52195394
2015-11-08 12:00:00,22.685669,9.470581,178.56702,95982.48,0.0,1.5271322
2015-11-09 12:00:00,22.623047,7.185913,175.6433,95821.24,0.0,0.93996954
2015-11-10 12:00:00,22.431824,6.9801025,171.80672,95781.38,0.0,0.49182966
2015-11-11 12:00:00,23.90863,9.380493,169.98363,95896.73,0.0,0.42415908
2015-11-12 12:00:00,21.138977,6.685852,168.73338,95582.875,0.0,0.4462983
2015-11-13 12:00:00,17.225922,4.2571106,174.60991,95702.96,0.0,1.7134261
2015-11-14 12:00:00,17.445953,5.8872986,159.14636,96147.195,0.0,1.8898299
2015-11-15 12:00:00,18.566376,7.8098145,168.80383,95829.17,0.0,1.032577
2015-11-16 12:00:00,17.208893,6.098114,83.6931,95349.19,1.9226707e-06,0.6564514
2015-11-17 12:00:00,15.831696,4.9405212,137.43,95422.58,9.7499786e-08,0.5986705
2015-11-18 12:00:00,13.784363,8.885345,145.66171,95675.69,0.00033852807,0.608202
2015-11-19 12:00:00,15.269745,7.4107056,151.71742,96695.65,2.7899378e-07,0.5968217
2015-11-20 12:00:00,20.082,8.308441,151.90315,96767.734,0.0,1.6933343
2015-11-21 12:00:00,22.275269,11.037048,150.74742,96440.984,0.0,1.7469326
2015-11-22 12:00:00,21.202515,11.837769,133.20296,96225.41,0.0,0.64924943
2015-11-23 12:00:00,19.162292,13.781036,78.73713,95972.51,0.0,0.46593565
2015-11-24 12:00:00,18.807465,8.26004,156.34076,96048.19,1.9686419e-07,1.2409848
2015-11-25 12:00:00,19.812347,6.0686646,152.7864,96020.234,0.0,1.4581089
2015-11-26 12:00:00,19.970917,8.844421,137.88348,96106.68,0.0,1.5045928
2015-11-27 12:00:00,20.260956,9.788696,136.73724,96230.914,0.0,1.0414853
2015-11-28 12:00:00,20.175568,7.4216614,147.72269,96180.19,0.0,0.60513407
2015-11-29 12:00:00,17.486542,7.7293396,97.71129,96051.2,7.921276e-07,0.81658447
2015-11-30 12:00:00,15.205841,7.019623,95.44297,95759.88,4.867431e-06,0.30062696
2015-12-01 12:00:00,14.594482,8.135437,81.28029,96026.305,1.6666424e-06,0.9939709
2015-12-02 12:00:00,14.436523,7.5832825,82.024765,96063.73,2.734353e-06,0.46190706
2015-12-03 12:00:00,14.517731,11.680969,80.0455,95526.41,4.839249e-05,0.88698494
2015-12-04 12:00:00,13.56662,3.566864,145.47401,95504.52,0.0,1.2161613
2015-12-05 12:00:00,11.9253235,4.313751,145.3332,95516.16,8.2845133e-07,1.9109243
2015-12-06 12:00:00,12.333588,1.5909424,148.63927,96518.32,0.0,1.8628131
2015-12-07 12:00:00,14.218994,0.61035156,142.12901,96623.52,0.0,0.8802122
2015-12-08 12:00:00,16.545563,2.2765503,138.86983,96173.79,0.0,0.6820031
2015-12-09 12:00:00,16.242615,5.8680115,111.326584,96142.75,0.0,0.46539956
2015-12-10 12:00:00,14.41629,3.0169983,140.12357,95529.086,8.877812e-06,0.41375017
2015-12-11 12:00:00,14.615936,2.9191895,140.06668,95652.25,7.387418e-09,1.189209
2015-12-12 12:00:00,13.482086,2.0883179,129.76576,96154.29,1.1018707e-07,0.5029465
2015-12-13 12:00:00,14.587006,3.0183105,139.21005,95947.12,6.3208495e-06,0.8037103
2015-12-14 12:00:00,13.325958,0.44595337,143.8015,96314.47,0.0,1.4753985
2015-12-15 12:00:00,14.762054,0.51205444,140.1304,96845.66,0.0,0.7635696
2015-12-16 12:00:00,20.579071,1.6507568,138.60075,96579.93,0.0,1.2510618
2015-12-17 12:00:00,20.133026,6.4160156,139.6984,96709.75,0.0,1.3344865
2015-12-18 12:00:00,19.4516,4.8704834,140.93439,96773.04,0.0,1.7597281
2015-12-19 12:00:00,21.752014,5.7330933,141.90755,96623.83,0.0,1.9455475
2015-12-20 12:00:00,21.22992,4.598114,125.82672,96466.67,0.0,0.9526122
2015-12-21 12:00:00,20.13266,4.006897,141.28758,96294.12,0.0,0.44739306
2015-12-22 12:00:00,20.01889,6.1252747,135.27788,96187.56,0.0,0.45535883
2015-12-23 12:00:00,17.742035,2.57016,141.47774,96081.77,4.7290953e-09,1.3134161
2015-12-24 12:00:00,17.201843,11.791901,145.30704,96476.02,0.0,4.5475664
2015-12-25 12:00:00,19.540222,8.305603,144.80565,96672.67,0.0,2.0706148
2015-12-26 12:00:00,19.909698,3.6835327,143.18425,96551.914,0.0,1.4169669
2015-12-27 12:00:00,20.749817,4.3876953,143.48795,96207.47,0.0,0.81454945
2015-12-28 12:00:00,18.49649,7.7974854,148.20255,96908.25,0.0,2.810414
2015-12-29 12:00:00,18.044159,1.4996033,143.75331,97167.19,0.0,1.2443327
2015-12-30 12:00:00,18.635773,3.6304321,143.10724,97113.81,0.0,0.68503374
2015-12-31 12:00:00,21.169434,3.681549,141.79352,96761.58,0.0,0.6234053
2016-01-01 12:00:00,18.920563,4.8358765,115.28905,96544.34,0.0,0.5403706
2016-01-02 12:00:00,15.105438,2.8988342,141.50717,96017.3,5.125016e-06,1.2585572
2016-01-03 12:00:00,12.388275,0.93325806,143.84506,95293.5,0.0,1.1743323
2016-01-04 12:00:00,13.385345,4.73114,144.0786,95556.75,0.0,2.6839724
2016-01-05 12:00:00,13.807373,8.170654,145.19249,96128.39,0.0,2.47587
2016-01-06 12:00:00,15.302307,1.4268799,146.25204,96145.41,0.0,0.9940099
2016-01-07 12:00:00,16.102814,1.4285278,144.80565,96100.17,0.0,0.53815556
2016-01-08 12:00:00,21.004028,4.7257385,148.49313,96413.234,0.0,1.2512803
2016-01-09 12:00:00,22.578064,5.0408325,151.71712,96481.88,0.0,0.7656075
2016-01-10 12:00:00,20.02655,2.9335022,152.01738,96145.87,0.0,0.27031538
2016-01-11 12:00:00,16.486084,4.0678406,142.35062,95926.15,0.0,0.6354084
2016-01-12 12:00:00,14.451752,6.029419,82.35237,95856.73,0.0,0.6162852
2016-01-13 12:00:00,12.109863,5.3434753,47.43711,95645.04,6.2099745e-05,0.8215402
2016-01-14 12:00:00,9.699066,5.9401245,26.968021,95357.8,0.00018722513,0.8974403
2016-01-15 12:00:00,9.905731,7.8884277,31.042871,95605.8,0.0002540953,1.178095
2016-01-16 12:00:00,9.934814,7.755768,36.960255,95591.65,0.00062921,1.3333724
2016-01-17 12:00:00,9.876556,8.224243,20.980001,95980.914,0.00018160084,1.2701409
2016-01-18 12:00:00,12.770538,8.676025,128.07568,96125.85,0.00027002138,0.62641764
2016-01-19 12:00:00,14.330505,4.545349,144.13326,96425.98,0.0,1.5106373
2016-01-20 12:00:00,15.829834,6.370117,148.47552,96285.96,0.0,0.9366369
2016-01-21 12:00:00,14.766022,6.47641,101.93321,95824.77,1.6401175e-06,0.19055104
2016-01-22 12:00:00,11.853088,7.8914795,56.915154,95671.95,4.3675398e-05,0.67005676
2016-01-23 12:00:00,12.219849,10.978821,32.85699,95802.766,0.00011885243,1.0881788
2016-01-24 12:00:00,11.763794,9.959198,26.722715,95726.64,0.0003166462,1.280873
2016-01-25 12:00:00,10.154816,3.8916626,164.05441,95232.3,3.7439113e-05,1.7933706
2016-01-26 12:00:00,9.085876,2.3023071,163.73817,95227.52,3.4212835e-08,1.6732708
2016-01-27 12:00:00,10.325989,1.1779785,167.5956,95539.04,0.0,1.2062653
2016-01-28 12:00:00,9.630524,4.6939087,41.270176,95559.75,0.0001830164,0.5683827
2016-01-29 12:00:00,9.649994,2.9944153,165.24715,95193.34,5.6866793e-07,1.8349286
2016-01-30 12:00:00,10.388977,0.41921997,173.62846,95909.74,1.7420712e-08,1.0920793
2016-01-31 12:00:00,9.631866,0.92663574,170.54732,96220.62,0.0,0.60927325
2016-02-01 12:00:00,9.654114,1.5323792,144.54747,96191.12,2.8945064e-07,0.4456764
2016-02-02 12:00:00,12.327972,1.6944885,174.86516,96316.63,6.616095e-08,0.677708
2016-02-03 12:00:00,12.513611,3.1021729,174.1786,96328.51,0.0,0.32741907
2016-02-04 12:00:00,11.839294,3.3437805,143.25867,96034.375,1.8470156e-07,0.44578862
2016-02-05 12:00:00,11.122894,7.4367676,77.04878,95856.32,8.020485e-05,0.604832
2016-02-06 12:00:00,11.330841,3.346344,151.47835,96230.27,0.0,0.49167788
2016-02-07 12:00:00,10.792328,4.3802795,34.0595,96172.195,7.21195e-05,0.5535409
2016-02-08 12:00:00,10.378815,5.834442,168.2455,95619.61,0.0002966924,0.66147566
2016-02-09 12:00:00,10.980896,3.3345947,159.30789,96243.42,0.0,0.54599494
2016-02-10 12:00:00,10.538361,8.040985,35.927753,96462.94,7.3434385e-05,0.6072421
2016-02-11 12:00:00,12.371338,9.554413,115.55214,96163.68,9.5728865e-05,0.6652713
2016-02-12 12:00:00,16.488647,3.9342346,193.45433,96278.11,7.674673e-07,1.1461908
2016-02-13 12:00:00,17.493866,6.2049255,197.04784,96347.9,0.0,1.663187
2016-02-14 12:00:00,17.133942,7.812622,153.05673,96068.67,0.0,1.1131437
2016-02-15 12:00:00,16.095001,5.5216064,163.79445,95753.414,2.4667593e-06,0.3842032
2016-02-16 12:00:00,11.640839,5.665344,113.29716,95675.05,1.754328e-05,1.0778399
2016-02-17 12:00:00,9.346252,7.7507935,45.14106,95381.945,0.00028731846,0.9926228
2016-02-18 12:00:00,9.040863,7.2216187,45.43255,95659.88,0.00023327049,0.80000246
2016-02-19 12:00:00,9.863098,8.123077,47.290905,95484.625,0.0002750469,1.0466688
2016-02-20 12:00:00,12.347443,3.7664795,209.00526,95577.76,2.1422458e-08,1.107417
2016-02-21 12:00:00,12.181519,5.081085,89.67857,95967.74,7.800336e-06,0.74360967
2016-02-22 12:00:00,12.627014,7.599701,72.88361,95504.53,0.00024492547,1.5521799
2016-02-23 12:00:00,9.289368,5.748749,48.62793,95015.93,0.0003104868,1.2991349
2016-02-24 12:00:00,12.644379,5.1486206,197.74612,95176.52,7.702034e-06,0.33734715
2016-02-25 12:00:00,11.657654,7.297821,95.79151,95824.484,1.1659417e-05,1.0488106
2016-02-26 12:00:00,10.264984,7.2261047,50.505398,95432.6,0.00020447337,1.6115904
2016-02-27 12:00:00,9.023285,7.0474243,32.58085,94780.2,0.0010330384,1.0983151
2016-02-28 12:00:00,7.6531067,3.4297485,63.35128,95087.65,0.00015712177,1.645975
2016-02-29 12:00:00,,,,,,
2016-03-01 12:00:00,7.217743,4.3148193,70.50849,95514.445,8.180306e-05,1.2537531
2016-03-02 12:00:00,7.915222,3.3792114,32.337147,95378.41,0.0007461913,1.5923601
2016-03-03 12:00:00,8.24704,5.5621643,149.71326,95300.945,0.00014154587,0.8394565
2016-03-04 12:00:00,10.703827,2.732727,214.79385,95635.77,3.8822805e-06,0.27796787
2016-03-05 12:00:00,10.327484,5.326538,146.25589,96115.88,7.353399e-06,1.0359708
2016-03-06 12:00:00,9.295746,4.404297,89.38353,95826.46,0.00010083935,1.2281474
2016-03-07 12:00:00,7.9932556,5.741333,36.33102,95215.58,0.00077173323,1.5768036
2016-03-08 12:00:00,7.2583923,1.046936,142.55699,95384.516,0.00011306275,0.94235736
2016-03-09 12:00:00,7.7639465,-1.154541,191.35522,95692.52,1.600083e-05,0.27922723
2016-03-10 12:00:00,8.7204895,-2.01474,208.14978,95616.71,2.9720331e-05,1.0461959
2016-03-11 12:00:00,11.5802,-0.09005737,249.70078,95937.414,4.7097515e-06,1.8852217
2016-03-12 12:00:00,15.323853,2.903778,258.5406,96357.086,0.0,1.3391267
2016-03-13 12:00:00,14.199463,1.5639038,213.41983,96084.34,1.4747667e-06,0.6481725
2016-03-14 12:00:00,10.823273,4.0639343,169.9749,95905.24,1.0402382e-05,1.024338
2016-03-15 12:00:00,9.236877,4.7969055,55.82283,95653.0,9.931267e-05,1.2639081
2016-03-16 12:00:00,11.167999,6.909088,25.934553,95212.86,0.0003812118,0.74685043
2016-03-17 12:00:00,11.0155945,8.307434,60.121742,95509.58,0.00021296924,1.716737
2016-03-18 12:00:00,10.556793,7.9526367,93.2267,96131.945,5.9194583e-05,1.0674036
2016-03-19 12:00:00,12.665039,6.778961,176.35954,96527.7,8.360728e-06,0.5008256
2016-03-20 12:00:00,12.885376,6.0393677,164.30884,96343.0,4.8659037e-09,0.5296734
2016-03-21 12:00:00,12.41803,6.054016,131.80981,96090.29,4.014948e-06,0.2810374
2016-03-22 12:00:00,15.48526,7.66745,201.69385,96052.77,4.014755e-06,0.4269985
2016-03-23 12:00:00,14.585419,10.058197,78.13867,96103.89,2.0977892e-05,1.1780592
2016-03-24 12:00:00,15.382141,11.007202,129.64697,96110.29,3.5032404e-05,1.2353035
2016-03-25 12:00:00,15.479462,9.477997,212.04727,95971.27,6.03584e-06,0.5958004
2016-03-26 12:00:00,16.341736,8.164246,243.50908,95819.56,2.604735e-06,0.5125783
2016-03-27 12:00:00,15.639099,9.074066,80.873795,95770.04,1.496347e-05,1.029029
2016-03-28 12:00:00,12.008789,10.628937,58.311886,95659.914,0.00024296185,1.3246775
2016-03-29 12:00:00,11.849884,8.409454,132.23573,95731.09,1.9981164e-05,1.1686555
2016-03-30 12:00:00,11.095001,6.9578857,128.12437,95932.91,2.0501995e-05,1.0298604
2016-03-31 12:00:00,10.435272,5.39151,183.56259,95846.12,2.1882523e-05,0.71726096
2016-04-01 12:00:00,12.28833,4.183899,290.75745,95691.375,2.6595692e-06,0.91805726
2016-04-02 12:00:00,13.279205,4.1688843,301.1787,96373.61,0.0,1.675815
2016-04-03 12:00:00,17.4039,3.4897766,307.00195,96924.92,0.0,1.6392642
2016-04-04 12:00:00,19.634705,6.4086,303.13855,96851.32,0.0,0.8644205
2016-04-05 12:00:00,20.036285,7.058777,276.69873,96255.72,0.0,0.2343951
2016-04-06 12:00:00,22.490082,6.8848267,299.51953,95921.445,0.0,0.32179588
2016-04-07 12:00:00,22.11966,8.688141,291.7635,95900.14,0.0,0.21557163
2016-04-08 12:00:00,22.854645,9.247345,291.90045,95820.27,1.287296e-06,0.7536077
2016-04-09 12:00:00,26.313751,12.190765,296.5814,96110.85,0.0,0.6621425
2016-04-10 12:00:00,29.391113,12.456726,307.219,96263.93,0.0,0.7476633
2016-04-11 12:00:00,28.869812,13.024811,303.57343,96000.664,0.0,0.54665357
2016-04-12 12:00:00,26.190216,8.985138,301.23254,95825.26,1.0635001e-06,1.0061438
2016-04-13 12:00:00,20.847778,6.7726746,297.1943,95787.94,0.0,0.33853897
2016-04-14 12:00:00,22.802979,5.776825,318.31738,95679.914,0.0,0.35992822
2016-04-15 12:00:00,25.451355,7.9422913,317.61386,95958.18,0.0,0.57794166
2016-04-16 12:00:00,28.830872,11.685333,276.97162,96161.266,0.0,1.0250099
2016-04-17 12:00:00,29.510376,14.369476,312.67648,96104.164,0.0,1.371235
2016-04-18 12:00:00,29.143341,12.5008545,318.56735,95689.29,0.0,0.7621555
2016-04-19 12:00:00,25.853577,9.709717,311.34503,95607.305,0.0,0.3999804
2016-04-20 12:00:00,24.04779,9.136108,315.8512,95572.98,3.182969e-07,0.5620535
2016-04-21 12:00:00,25.117798,9.284393,315.3728,95728.67,2.6967427e-07,0.4570095
2016-04-22 12:00:00,25.582947,9.15863,325.1704,95852.23,1.0239692e-07,0.49441224
2016-04-23 12:00:00,24.808868,8.106232,321.6916,95826.29,0.0,0.69103473
2016-04-24 12:00:00,22.722687,8.217346,329.97345,95660.82,0.0,0.51815414
2016-04-25 12:00:00,26.67688,8.583496,326.72836,95726.445,4.0601602e-08,0.49433628
2016-04-26 12:00:00,26.744415,9.757782,328.50125,95837.125,5.8979666e-08,0.62940526
2016-04-27 12:00:00,25.081482,8.109741,326.61133,95609.34,2.51674e-07,0.95856506
2016-04-28 12:00:00,20.259003,9.853027,155.01349,95358.81,1.5462794e-05,1.5753857
2016-04-29 12:00:00,16.4505,5.1643066,299.87067,95344.83,8.0375514e-07,1.2344795
2016-04-30 12:00:00,17.542206,4.918457,313.5352,95321.76,2.778322e-09,0.87141323
2016-05-01 12:00:00,21.415436,5.7624207,334.4907,95520.51,0.0,0.5341589
2016-05-02 12:00:00,21.065887,6.36438,338.0992,95734.39,0.0,0.82225776
2016-05-03 12:00:00,25.4646,7.7665405,331.37317,95865.47,0.0,0.34578353
2016-05-04 12:00:00,24.8992,8.396637,341.59488,95758.11,0.0,0.6280676
2016-05-05 12:00:00,23.348114,7.20224,334.29156,95763.06,4.1702745e-07,0.85662246
2016-05-06 12:00:00,21.213745,8.836639,335.9187,95840.84,7.942162e-09,0.7694953
2016-05-07 12:00:00,21.068817,8.487946,321.19705,95781.125,1.0967749e-07,0.8064382
2016-05-08 12:00:00,21.36087,7.5276794,293.7435,95835.68,1.17439e-07,0.7185185
2016-05-09 12:00:00,20.468323,7.6748047,310.7685,95699.54,0.0,0.7925856
2016-05-10 12:00:00,17.826294,10.744263,125.87634,95711.58,0.00020751033,1.1022478
2016-05-11 12:00:00,12.94043,7.7718506,183.20526,96018.94,3.1736596e-05,1.2571361
2016-05-12 12:00:00,13.275665,7.7324524,213.47505,95968.61,9.782589e-06,1.2178557
2016-05-13 12:00:00,16.115936,7.996155,244.11131,96294.53,5.5806986e-06,0.8020536
2016-05-14 12:00:00,23.507935,7.9734497,333.17557,96376.71,3.2057171e-06,0.2460906
2016-05-15 12:00:00,28.76239,11.57312,347.81506,96088.34,0.0,0.8535507
2016-05-16 12:00:00,29.115417,13.323883,348.3122,95736.41,0.0,0.6363121
2016-05-17 12:00:00,29.515686,12.05368,292.4615,95733.21,2.563087e-07,0.56069285
2016-05-18 12:00:00,28.244476,12.22757,238.90167,95865.81,8.979493e-07,0.60459816
2016-05-19 12:00:00,27.23764,11.973999,334.13098,95833.805,0.0,0.5313808
2016-05-20 12:00:00,25.526794,11.11557,344.91147,95791.48,1.0467717e-06,0.97503763
2016-05-21 12:00:00,23.861328,11.101624,300.21365,95848.49,3.432199e-07,1.0875453
2016-05-22 12:00:00,26.300018,10.231415,234.03645,95893.78,0.0,0.5732515
2016-05-23 12:00:00,25.800385,10.657074,358.52505,95770.19,0.0,0.80183744
2016-05-24 12:00:00,23.843597,7.875,360.75366,95885.97,3.5272527e-07,0.86357176
2016-05-25 12:00:00,22.077423,7.3594666,352.17825,95987.33,1.9657554e-07,0.92754734
2016-05-26 12:00:00,22.449615,9.47403,348.9702,95943.34,1.1176245e-07,0.75978166
2016-05-27 12:00:00,23.211365,9.279236,357.71368,95749.016,2.1779126e-10,0.55737585
2016-05-28 12:00:00,25.770172,9.8526,353.2528,95706.16,0.0,0.57477593
2016-05-29 12:00:00,25.054932,10.682556,351.51984,95742.09,2.2683095e-07,1.0840149
2016-05-30 12:00:00,23.066986,10.32309,348.86148,95600.984,1.1217218e-06,1.2605531
2016-05-31 12:00:00,20.77417,12.553131,147.15782,95489.805,1.2336265e-05,1.4002287
2016-06-01 12:00:00,18.395538,11.700623,157.20218,95658.984,1.5627538e-05,1.3644173
2016-06-02 12:00:00,17.613678,12.441681,140.45018,95836.27,3.534322e-05,1.3527877
2016-06-03 12:00:00,17.095978,12.4383545,114.589294,95891.945,2.3493114e-05,1.3042122
2016-06-04 12:00:00,23.477081,11.175873,322.69397,95770.64,1.8116733e-06,0.8478808
2016-06-05 12:00:00,26.036133,10.94693,356.83414,95824.21,9.965508e-10,0.69165206
2016-06-06 12:00:00,27.91861,12.457062,356.55032,95934.15,0.0,0.67937005
2016-06-07 12:00:00,28.748077,13.652283,342.2563,95820.21,1.9021765e-07,0.6370732
2016-06-08 12:00:00,28.192871,13.739868,333.92822,95576.32,7.7819357e-07,0.87539756
2016-06-09 12:00:00,25.452118,13.941986,302.09616,95613.305,0.0,1.0954635
2016-06-10 12:00:00,26.88681,12.829315,350.11047,95750.234,5.7565893e-07,0.8565764
2016-06-11 12:00:00,28.895264,13.147308,356.0482,95918.53,2.1966091e-08,0.759802
2016-06-12 12:00:00,27.70044,13.855591,314.67438,95886.65,5.7052016e-08,0.8238006
2016-06-13 12:00:00,26.977478,12.434326,353.94504,95746.63,5.655048e-07,0.9675505
2016-06-14 12:00:00,24.557587,10.707001,354.57944,95590.53,3.8170228e-07,1.0404396
2016-06-15 12:00:00,24.260773,10.396362,355.9657,95614.734,1.3753134e-07,0.9813172
2016-06-16 12:00:00,23.926727,9.93689,348.04272,95770.24,7.4295895e-07,0.952071
2016-06-17 12:00:00,25.597412,9.655762,362.97302,95842.66,9.5105946e-08,0.85776794
2016-06-18 12:00:00,26.416443,9.9574585,368.7713,95855.73,0.0,0.63616335
2016-06-19 12:00:00,27.268585,10.39093,369.463,95745.24,0.0,0.66677815
2016-06-20 12:00:00,26.634277,10.290253,368.5225,95744.875,0.0,0.8359638
2016-06-21 12:00:00,25.379395,10.6640625,362.7555,95784.25,0.0,1.0107527
2016-06-22 12:00:00,24.210785,11.121185,355.68036,95776.94,1.8615434e-06,0.8370491
2016-06-23 12:00:00,26.00827,10.727142,362.83588,95782.41,1.0249508e-09,0.93177205
2016-06-24 12:00:00,27.734802,11.801575,363.33444,95932.164,0.0,0.8603957
2016-06-25 12:00:00,28.260864,13.484131,361.49405,95862.445,0.0,0.5666554
2016-06-26 12:00:00,27.868439,13.209991,359.91022,95571.164,0.0,0.6584125
2016-06-27 12:00:00,26.322906,13.832611,331.73984,95412.414,9.324539e-07,0.98619944
2016-06-28 12:00:00,27.091858,14.107178,348.9863,95481.555,2.539879e-07,0.8114168
2016-06-29 12:00:00,25.942078,14.427582,319.71997,95676.336,2.5108247e-06,1.3458611
2016-06-30 12:00:00,25.281403,13.639893,339.6984,95786.18,9.97061e-07,0.9647902
2016-07-01 12:00:00,25.908966,13.016418,352.61145,95855.51,1.9857967e-07,0.7483964
2016-07-02 12:00:00,25.706848,12.090729,352.51498,95996.34,2.5625582e-07,0.9415347
2016-07-03 12:00:00,27.007141,12.751495,357.5834,96026.164,0.0,1.0888203
2016-07-04 12:00:00,28.962555,13.358368,359.2305,95964.91,0.0,0.88691455
2016-07-05 12:00:00,28.612732,13.720428,355.37366,95904.414,3.7235868e-08,0.73482674
2016-07-06 12:00:00,27.992767,14.54776,349.09436,95973.305,1.7378433e-07,0.73502886
2016-07-07 12:00:00,33.41046,15.338654,355.01593,96017.43,0.0,0.67590636
2016-07-08 12:00:00,36.906403,17.462738,346.89017,95952.61,0.0,0.5873311
2016-07-09 12:00:00,36.02597,19.446167,340.5264,95840.03,0.0,0.77202755
2016-07-10 12:00:00,34.18631,19.088287,230.39932,95855.414,0.0,0.75631547
2016-07-11 12:00:00,31.245056,20.280792,154.42967,95817.12,0.0,0.7881742
2016-07-12 12:00:00,33.262268,20.80487,283.1437,95775.625,0.0,0.866463
2016-07-13 12:00:00,34.042847,16.876862,342.80817,95767.59,2.8101887e-08,0.6187191
2016-07-14 12:00:00,33.650696,19.036133,285.4187,95857.61,0.0,0.7509628
2016-07-15 12:00:00,33.361603,18.52594,345.1331,96012.17,3.948426e-08,0.67424285
2016-07-16 12:00:00,36.808594,21.613434,343.49332,96089.83,0.0,0.5931257
2016-07-17 12:00:00,35.903595,19.228241,244.018,96045.39,1.0919749e-08,0.45369792
2016-07-18 12:00:00,35.263977,19.740417,312.53696,96001.45,4.631469e-08,0.6572317
2016-07-19 12:00:00,33.874847,19.19394,306.2403,95868.75,1.2516472e-09,0.75492007
2016-07-20 12:00:00,34.411224,18.17514,336.56558,95686.95,9.770391e-09,0.73334
2016-07-21 12:00:00,33.074554,15.5312805,337.28656,95761.766,1.9538355e-08,0.86921793
2016-07-22 12:00:00,31.529785,15.32605,340.41907,95805.54,0.0,0.7710091
2016-07-23 12:00:00,32.20755,16.898499,326.0905,95965.05,0.0,0.72583467
2016-07-24 12:00:00,32.346954,17.639557,331.93997,96162.01,0.0,0.9377852
2016-07-25 12:00:00,31.239014,17.031982,312.24634,95881.734,2.4517458e-08,0.94146043
2016-07-26 12:00:00,31.94632,16.952301,329.18936,95627.01,1.3386585e-08,0.9995695
2016-07-27 12:00:00,35.59851,17.763489,335.8984,95706.266,0.0,0.62939537
2016-07-28 12:00:00,35.967712,18.903412,340.96265,95926.03,0.0,0.5905609
2016-07-29 12:00:00,35.15268,19.594452,336.70663,95847.516,0.0,0.46722782
2016-07-30 12:00:00,33.89032,18.652191,338.44302,95671.79,0.0,0.6531057
2016-07-31 12:00:00,32.60193,17.528442,336.275,95756.53,3.3131656e-08,0.96431446
2016-08-01 12:00:00,33.884552,17.59732,334.88654,95861.87,0.0,0.7235451
2016-08-02 12:00:00,34.579254,19.207092,332.2133,95820.14,0.0,0.71221673
2016-08-03 12:00:00,35.759308,20.957489,305.49182,95779.3,2.4154136e-07,0.6839819
2016-08-04 12:00:00,37.30417,20.997375,318.3007,95756.98,3.8457195e-08,0.6016299
2016-08-05 12:00:00,41.0773,22.759552,244.17685,95801.96,1.5965899e-06,0.5340869
2016-08-06 12:00:00,40.71866,24.462402,221.37961,95987.2,3.5567215e-08,0.45471162
2016-08-07 12:00:00,40.86734,25.425507,255.43388,95963.03,0.0,0.66018504
2016-08-08 12:00:00,41.05719,23.738434,286.10913,95807.7,1.5991834e-07,0.67785007
2016-08-09 12:00:00,37.18985,22.138947,306.15146,95761.9,0.0,0.7758724
2016-08-10 12:00:00,34.95929,21.063232,318.9523,95599.07,0.0,0.85155576
2016-08-11 12:00:00,32.82675,19.552399,321.12082,95515.4,0.0,1.001473
2016-08-12 12:00:00,31.868866,18.240051,280.96597,95517.33,0.0,0.8643482
2016-08-13 12:00:00,30.921326,20.501495,266.50577,95700.08,1.1983737e-08,0.908103
2016-08-14 12:00:00,35.03131,20.9953,289.1419,95814.81,0.0,0.5603446
2016-08-15 12:00:00,35.46701,21.26184,292.948,95797.99,1.2940298e-09,0.6724532
2016-08-16 12:00:00,35.218994,22.089844,189.51079,95915.586,1.9493942e-05,0.51006025
2016-08-17 12:00:00,33.09787,21.25418,236.149,96121.13,2.0729392e-06,0.71385795
2016-08-18 12:00:00,33.049164,21.472595,299.88724,96140.4,4.1393314e-06,0.8662111
2016-08-19 12:00:00,33.598755,19.214417,312.30978,95934.055,3.8399047e-08,0.77667576
2016-08-20 12:00:00,33.612976,18.55365,313.49133,95763.445,2.3245388e-08,0.63173926
2016-08-21 12:00:00,34.632263,17.454315,317.69006,95692.68,0.0,0.44701388
2016-08-22 12:00:00,36.174683,19.053741,304.74994,95611.164,0.0,0.5123382
2016-08-23 12:00:00,35.663696,23.143463,212.27473,95715.44,0.0,0.5724714
2016-08-24 12:00:00,34.281372,23.310425,148.37985,95895.914,0.0,0.55100185
2016-08-25 12:00:00,34.0571,21.634338,294.7101,95978.8,5.157046e-10,0.5011423
2016-08-26 12:00:00,33.378662,17.803833,307.0234,95963.766,5.6443166e-09,0.6425699
2016-08-27 12:00:00,33.14395,17.132202,306.68802,95856.266,2.0367459e-08,0.6334686
2016-08-28 12:00:00,32.074127,15.800568,307.15842,95705.414,0.0,0.75130177
2016-08-29 12:00:00,29.63498,13.588776,299.73825,95695.98,6.6475064e-07,0.99521106
2016-08-30 12:00:00,25.19455,14.2881775,297.84503,95841.33,2.0369607e-06,1.1948377
2016-08-31 12:00:00,25.907623,11.374359,269.1492,96024.72,0.0,0.76110923
2016-09-01 12:00:00,26.932648,11.993347,304.2665,96064.86,0.0,0.47025216
2016-09-02 12:00:00,28.825653,12.373535,304.43484,96043.61,0.0,0.5554183
2016-09-03 12:00:00,31.072052,13.3508,284.8996,96001.266,0.0,0.4272528
2016-09-04 12:00:00,32.36792,14.948883,284.79077,95904.03,0.0,0.41289586
2016-09-05 12:00:00,32.13159,13.991272,290.1972,95757.74,0.0,0.5209537
2016-09-06 12:00:00,31.58023,15.013123,277.71487,95715.85,0.0,0.4617863
2016-09-07 12:00:00,30.853882,14.797577,277.09064,95766.33,0.0,0.48381683
2016-09-08 12:00:00,31.134949,14.747894,284.22003,95776.06,1.9040455e-08,0.44901386
2016-09-09 12:00:00,30.356903,14.103485,286.9456,95863.69,0.0,0.5564744
2016-09-10 12:00:00,29.326965,12.173553,290.10455,95970.27,0.0,0.6699631
2016-09-11 12:00:00,27.66568,11.864685,288.12485,95908.875,0.0,0.4864991
2016-09-12 12:00:00,26.528015,11.464355,284.69946,95742.07,0.0,0.7336769
2016-09-13 12:00:00,24.849823,10.743256,275.64444,95715.38,1.1817221e-08,0.6750309
2016-09-14 12:00:00,22.070374,10.801666,239.98775,95876.19,7.3751215e-07,0.79567826
2016-09-15 12:00:00,25.318909,14.959198,258.23233,96108.03,1.0216299e-05,0.96251464
2016-09-16 12:00:00,31.422852,15.697205,271.8322,96168.53,1.890917e-09,0.4526583
2016-09-17 12:00:00,34.221497,17.67096,272.0737,96072.195,0.0,0.57919264
2016-09-18 12:00:00,33.54068,16.743286,276.53015,96042.445,0.0,0.6807921
2016-09-19 12:00:00,31.662811,13.804657,271.13446,95963.73,0.0,0.6053262
2016-09-20 12:00:00,29.074554,15.036591,266.56693,95861.34,0.0,0.48144993
2016-09-21 12:00:00,27.290863,17.121735,140.11977,95901.27,1.7900554e-08,0.41812795
2016-09-22 12:00:00,26.378967,10.780823,267.88727,95871.05,0.0,0.419657
2016-09-23 12:00:00,26.626373,11.305725,237.8226,95832.195,5.11957e-07,0.53085077
2016-09-24 12:00:00,28.593842,14.552704,255.23062,95967.125,0.0,0.51368636
2016-09-25 12:00:00,27.694458,14.074554,223.97592,96069.766,1.6888662e-05,0.64184034
2016-09-26 12:00:00,29.253723,15.007965,247.50298,95896.805,3.473584e-07,0.41730797
2016-09-27 12:00:00,30.38263,15.490753,246.26523,95754.0,2.5357819e-08,0.42657706
2016-09-28 12:00:00,29.013977,17.685608,166.79176,95880.94,3.6202755e-07,0.5892012
2016-09-29 12:00:00,27.955627,16.765717,197.14488,96103.44,1.4434167e-06,0.42542973
2016-09-30 12:00:00,26.217224,16.181488,200.12303,95808.06,2.2798898e-05,0.67096114
2016-10-01 12:00:00,25.462189,13.582581,230.70087,95669.93,7.179134e-07,0.3282079
2016-10-02 12:00:00,27.425781,13.878601,240.93126,95850.76,0.0,0.35117868
2016-10-03 12:00:00,32.626953,15.486908,240.12062,96013.95,0.0,0.40453804
2016-10-04 12:00:00,33.93573,17.718842,237.7649,95943.38,0.0,0.48469424
2016-10-05 12:00:00,31.845459,15.769318,237.02106,95721.25,0.0,0.64126915
2016-10-06 12:00:00,27.463379,12.046173,220.43172,95492.14,1.2849596e-06,0.9232935
2016-10-07 12:00:00,23.29602,13.8237,211.8904,95493.44,5.6678164e-06,1.1781799
2016-10-08 12:00:00,26.884033,11.582214,242.76294,95901.305,0.0,1.3620309
2016-10-09 12:00:00,27.031494,11.845062,190.80373,95964.33,0.0,0.785964
2016-10-10 12:00:00,25.164978,11.793549,224.1545,95932.22,0.0,0.49152797
2016-10-11 12:00:00,28.113312,11.882782,228.12308,95996.99,0.0,0.56453586
2016-10-12 12:00:00,26.930481,11.791382,224.55145,96025.055,0.0,0.47534007
2016-10-13 12:00:00,28.418488,11.5112915,222.79097,95701.47,9.202493e-09,0.3888687
2016-10-14 12:00:00,26.885193,10.956329,217.36656,95720.766,0.0,0.61887133
2016-10-15 12:00:00,25.023956,10.469788,221.4923,95803.21,8.246122e-09,0.2828566
2016-10-16 12:00:00,27.70279,11.809753,216.05434,96144.77,0.0,0.34106022
2016-10-17 12:00:00,29.763794,12.445251,217.71542,96201.01,0.0,0.48990768
2016-10-18 12:00:00,27.61325,11.242493,216.77373,96075.97,0.0,0.53825504
2016-10-19 12:00:00,25.708954,9.734131,214.5207,95769.11,0.0,0.44058028
2016-10-20 12:00:00,22.245087,8.759308,210.20236,95561.14,3.036328e-07,0.6440271
2016-10-21 12:00:00,20.13559,11.603363,114.14865,95550.9,1.9424177e-05,0.9277637
2016-10-22 12:00:00,14.687744,9.662445,72.61884,95706.3,9.218391e-05,0.31831175
2016-10-23 12:00:00,17.895782,8.692566,184.81122,96090.38,8.266637e-07,0.50611645
2016-10-24 12:00:00,17.695374,10.759552,106.74073,95898.516,8.455798e-06,0.69226456
2016-10-25 12:00:00,16.13446,11.09494,155.33418,95543.44,0.0002757901,1.2520262
2016-10-26 12:00:00,14.769897,5.172119,200.32108,95889.17,0.0,1.2870656
2016-10-27 12:00:00,17.170715,5.8477173,198.2847,96291.55,0.0,1.4095461
2016-10-28 12:00:00,18.563751,8.985504,177.16052,96379.32,0.0,0.51541173
2016-10-29 12:00:00,17.157745,8.788055,151.22006,95691.29,5.025452e-06,0.6677442
2016-10-30 12:00:00,19.536713,6.726654,186.06586,95917.58,4.5933112e-07,0.58967423
2016-10-31 12:00:00,21.369232,11.089569,176.2879,96269.586,0.0,0.29659382
2016-11-01 12:00:00,23.284912,8.21875,188.50983,96140.37,0.0,0.9209104
2016-11-02 12:00:00,22.41336,8.946838,189.54575,96025.38,0.0,1.3262882
2016-11-03 12:00:00,20.571808,8.665405,188.01123,96499.57,0.0,2.77962
2016-11-04 12:00:00,22.199036,7.752533,181.63606,96479.4,0.0,1.9516388
2016-11-05 12:00:00,25.300842,8.357025,153.20003,95963.0,0.0,1.0058798
2016-11-06 12:00:00,23.358093,13.7378845,17.369368,95604.12,0.0010970266,1.4102249
2016-11-07 12:00:00,15.017395,7.2237244,128.97968,95330.414,0.0003170232,1.2666904
2016-11-08 12:00:00,12.781403,6.238678,165.05376,96183.93,2.7466633e-06,0.19420403
2016-11-09 12:00:00,16.575043,4.8740845,175.78046,96403.93,0.0,1.1024908
2016-11-10 12:00:00,15.491272,6.3244934,166.90485,96089.48,3.0488724e-07,0.5866716
2016-11-11 12:00:00,11.765778,3.8076782,171.16472,95769.95,4.99523e-06,0.95197153
2016-11-12 12:00:00,12.951172,4.7124634,163.39929,96031.51,5.4198964e-08,0.5095526
2016-11-13 12:00:00,13.742249,6.7963257,151.32556,95996.52,1.8748965e-06,0.30784485
2016-11-14 12:00:00,14.042603,6.3964233,125.35964,95932.61,7.6628027e-07,0.38454497
2016-11-15 12:00:00,16.572754,6.445709,167.67117,96165.016,5.150038e-08,1.710545
2016-11-16 12:00:00,18.086273,6.8644714,164.03656,96312.664,0.0,1.5921497
2016-11-17 12:00:00,18.337463,8.149353,159.71417,96086.14,0.0,1.1061624
2016-11-18 12:00:00,16.883148,7.405945,159.32973,96007.11,0.0,0.44473717
2016-11-19 12:00:00,14.934418,6.6592712,134.86351,95849.766,1.2346379e-07,0.23573059
2016-11-20 12:00:00,13.219086,7.454315,75.49582,95939.15,3.3028362e-05,0.68274134
2016-11-21 12:00:00,13.692352,4.7663574,128.93631,96147.945,1.3827245e-06,0.63544196
2016-11-22 12:00:00,12.821442,6.4900513,33.082417,95666.195,0.00039693838,0.7880024
2016-11-23 12:00:00,10.739288,3.3349915,154.9131,96187.125,2.1623202e-06,0.9516322
2016-11-24 12:00:00,11.338409,4.316559,141.66074,96530.42,0.0,0.42735642
2016-11-25 12:00:00,10.896851,5.821167,34.952827,96037.8,7.101921e-05,0.62887585
2016-11-26 12:00:00,11.0989685,7.2423096,132.53694,95544.336,0.00047531497,1.1511153
2016-11-27 12:00:00,11.407013,2.4110718,138.7886,96222.46,3.3264826e-09,0.96373427
2016-11-28 12:00:00,11.494812,5.095581,123.356094,96290.53,0.0,0.53673786
2016-11-29 12:00:00,11.733795,3.4960938,149.71626,96390.56,0.0,1.28456
2016-11-30 12:00:00,13.571808,3.8061829,143.24327,96757.21,0.0,0.9938667
2016-12-01 12:00:00,12.435944,4.7003174,136.97235,96229.6,1.2905484e-07,0.4818576
2016-12-02 12:00:00,10.894012,5.4763184,140.32506,95862.27,1.2055465e-05,1.3213797
2016-12-03 12:00:00,6.776825,1.3831482,149.9996,96133.59,6.0855774e-09,2.6864622
2016-12-04 12:00:00,6.1694336,-2.372589,149.35294,96300.7,0.0,0.9600166
2016-12-05 12:00:00,7.086212,-0.7235718,79.92338,96448.2,2.332989e-05,1.1725321
2016-12-06 12:00:00,9.875488,0.98669434,139.95937,96339.74,6.965473e-07,1.2041113
2016-12-07 12:00:00,11.264526,2.761444,136.50587,96218.14,0.0,0.525837
2016-12-08 12:00:00,10.384247,5.355072,31.901312,95873.734,2.9269764e-05,0.73125184
2016-12-09 12:00:00,8.893494,1.2427673,138.91963,95392.16,3.573952e-06,1.9577413
2016-12-10 12:00:00,7.828125,-1.4590149,138.12637,96007.17,7.2368267e-10,1.0890087
2016-12-11 12:00:00,10.937317,0.8194275,137.39975,96565.625,0.0,1.1435431
2016-12-12 12:00:00,14.2256775,1.9025574,139.31305,96380.39,0.0,1.4394985
2016-12-13 12:00:00,17.72757,5.306885,138.96304,96275.445,0.0,1.5449291
2016-12-14 12:00:00,16.85904,6.0936584,137.37146,96234.76,0.0,0.58345985
2016-12-15 12:00:00,15.006378,3.4606934,36.90242,95358.75,8.151615e-05,0.72386265
2016-12-16 12:00:00,3.9398804,-2.7337036,121.39869,94492.93,1.2566473e-05,0.7597241
2016-12-17 12:00:00,3.6384277,-4.7736206,138.70651,95068.33,2.1842649e-07,0.936453
2016-12-18 12:00:00,4.8471985,-3.6567993,140.04231,95690.82,1.4519418e-10,0.8542718
2016-12-19 12:00:00,6.29422,-2.189209,140.20898,95847.42,1.2936265e-09,1.0031409
2016-12-20 12:00:00,5.9830017,-3.0715027,125.660065,96339.02,2.2121473e-08,0.80112
2016-12-21 12:00:00,7.917755,0.93670654,140.47235,95960.195,6.338916e-05,0.8557983
2016-12-22 12:00:00,10.6466675,-2.1510315,140.59164,96410.99,0.0,1.5394279
2016-12-23 12:00:00,10.654602,-0.85272217,137.80405,96809.27,0.0,1.2334548
2016-12-24 12:00:00,9.85498,0.8496094,135.46411,96539.445,0.0,0.3706487
2016-12-25 12:00:00,8.426544,-1.3524475,138.56985,95643.0,9.1825705e-06,1.4906794
2016-12-26 12:00:00,1.5656128,-4.4258423,145.52013,95616.03,0.0,2.0995598
2016-12-27 12:00:00,2.550171,-6.9024963,144.51494,95805.445,0.0,0.84848523
2016-12-28 12:00:00,6.1491394,-4.348755,141.02173,96585.8,0.0,0.40800133
2016-12-29 12:00:00,5.5694275,-1.4631653,43.52956,96871.766,1.7469998e-05,0.8265819
2016-12-30 12:00:00,8.886627,3.3268433,139.40343,96124.26,0.00013638522,1.2577238
2016-12-31 12:00:00,10.003052,1.3097229,144.33539,96817.76,0.0,2.1077542
2017-01-01 12:00:00,10.864563,0.54052734,142.18669,96999.95,0.0,1.9847326
2017-01-02 12:00:00,12.059662,1.9873657,125.69993,96742.87,0.0,2.0210292
2017-01-03 12:00:00,13.870087,3.1068115,139.08527,96534.39,0.0,1.9022908
2017-01-04 12:00:00,13.6527405,1.6009521,145.26978,96627.16,0.0,1.8120967
2017-01-05 12:00:00,14.407928,1.6140137,145.89375,96488.64,0.0,1.8673394
2017-01-06 12:00:00,16.380707,2.8033142,150.10803,96405.94,0.0,2.0289347
2017-01-07 12:00:00,16.678497,4.8908386,138.18518,96418.75,0.0,2.0108774
2017-01-08 12:00:00,16.08319,8.08548,133.6248,96432.34,0.0,1.6390629
2017-01-09 12:00:00,15.800262,5.575775,139.8877,96508.914,0.0,1.412368
2017-01-10 12:00:00,14.942932,4.536255,72.162964,96495.48,2.7880404e-07,1.4084272
2017-01-11 12:00:00,14.047913,4.475464,113.34757,96393.56,5.2168733e-08,1.3638021
2017-01-12 12:00:00,15.642944,7.131775,93.762955,96287.49,0.0,1.2481828
2017-01-13 12:00:00,16.506195,5.2370605,124.25217,96038.61,0.0,0.849323
2017-01-14 12:00:00,18.345154,5.936096,148.82408,96045.89,0.0,0.79681283
2017-01-15 12:00:00,20.051971,6.1139526,155.38864,96361.88,0.0,1.2887702
2017-01-16 12:00:00,19.28012,7.8154907,120.91096,96514.27,0.0,1.4735007
2017-01-17 12:00:00,20.175262,6.2164307,155.38365,96371.99,0.0,1.5612682
2017-01-18 12:00:00,19.942932,6.098419,152.4337,96000.984,0.0,1.5859504
2017-01-19 12:00:00,20.474335,7.1117554,155.97163,95686.74,0.0,1.8153698
2017-01-20 12:00:00,20.926788,6.355896,158.42644,95870.62,0.0,1.0239269
2017-01-21 12:00:00,20.140472,6.3683167,157.9953,96078.27,0.0,1.0924361
2017-01-22 12:00:00,20.38733,6.473877,162.0942,96361.99,0.0,1.4019692
2017-01-23 12:00:00,20.483093,7.5034485,161.21991,96274.555,0.0,0.9528091
2017-01-24 12:00:00,18.834534,5.1326904,113.32636,96015.26,0.0,0.6538485
2017-01-25 12:00:00,14.975586,1.4632874,76.59609,95730.94,3.1262515e-09,0.6316147
2017-01-26 12:00:00,14.208893,5.1906433,163.18643,95933.73,1.342916e-05,0.52641654
2017-01-27 12:00:00,15.412811,3.6388245,165.54071,96498.54,0.0,0.19040908
2017-01-28 12:00:00,14.426483,4.1831665,71.73944,96628.99,0.0,0.41670266
2017-01-29 12:00:00,11.196228,7.0914,70.96698,96358.65,4.715079e-05,0.75485563
2017-01-30 12:00:00,15.146118,4.875366,164.93745,96441.26,6.4517285e-06,0.2673913
2017-01-31 12:00:00,15.15329,5.7071533,145.19147,96519.25,0.0,0.45191163
2017-02-01 12:00:00,18.452606,5.997925,173.28899,96313.26,3.2481066e-06,0.6744436
2017-02-02 12:00:00,20.18988,4.9966125,179.57178,96585.125,0.0,1.219878
2017-02-03 12:00:00,20.671692,7.794098,175.22813,96693.01,0.0,1.0626396
2017-02-04 12:00:00,21.64441,4.979706,179.28665,96341.03,0.0,1.0050423
2017-02-05 12:00:00,24.15863,10.874939,183.53621,96310.266,0.0,1.7655646
2017-02-06 12:00:00,23.46814,10.985687,168.72205,96601.5,0.0,1.193876
2017-02-07 12:00:00,24.318878,9.259033,182.60686,96768.64,0.0,0.4099752
2017-02-08 12:00:00,26.216156,10.820251,176.78836,96886.08,0.0,1.4212625
2017-02-09 12:00:00,28.764496,13.270996,176.07555,96779.516,0.0,1.3485858
2017-02-10 12:00:00,28.536713,15.135162,180.30725,96379.734,0.0,0.7646968
2017-02-11 12:00:00,26.893372,9.995361,187.6861,96135.695,0.0,0.44034287
2017-02-12 12:00:00,27.999176,11.874786,196.07622,96041.086,0.0,1.8786018
2017-02-13 12:00:00,27.232971,14.664917,199.0269,96035.75,0.0,1.8529366
2017-02-14 12:00:00,26.563019,15.047791,148.28949,95985.29,0.0,0.99545306
2017-02-15 12:00:00,24.179474,7.929535,201.49539,95689.81,0.0,0.59289414
2017-02-16 12:00:00,20.722992,3.7488708,209.20271,95661.84,0.0,0.5944586
2017-02-17 12:00:00,18.759338,3.713379,205.61678,95891.66,0.0,1.0695763
2017-02-18 12:00:00,16.603088,5.462799,150.20209,95933.914,0.0,1.3279923
2017-02-19 12:00:00,16.25058,4.871826,207.05402,95624.125,0.0,0.23626474
2017-02-20 12:00:00,14.107208,4.3591614,123.49082,95699.36,1.0359986e-05,0.8168781
2017-02-21 12:00:00,10.953705,5.020752,66.820366,95758.96,3.1964308e-05,1.0938305
2017-02-22 12:00:00,13.440186,3.6773376,212.04898,95920.3,5.8490286e-06,0.5257289
2017-02-23 12:00:00,14.440918,2.8524475,137.3374,96287.445,0.0,0.3534076
2017-02-24 12:00:00,16.563416,5.7300415,136.82112,96429.805,0.0,0.2856872
2017-02-25 12:00:00,17.858032,5.435791,193.48154,96325.62,0.0,0.35182115
2017-02-26 12:00:00,20.392578,6.2075195,167.28183,96471.79,0.0,0.67148197
2017-02-27 12:00:00,22.832062,11.978912,165.555,96359.266,0.0,0.20594198
2017-02-28 12:00:00,21.959229,9.50531,63.66998,96238.66,4.391464e-05,0.77629197
2017-03-01 12:00:00,15.198364,11.654114,63.51568,96313.37,0.00019749987,0.9298069
2017-03-02 12:00:00,12.852112,10.603851,25.07287,96048.32,0.0005994214,1.5177907
2017-03-03 12:00:00,12.619171,10.784088,31.929556,95898.78,0.00044472574,0.85468626
2017-03-04 12:00:00,14.447174,6.9075623,173.46986,95883.42,8.378365e-05,0.23186491
2017-03-05 12:00:00,13.491119,9.323883,85.212296,96310.51,1.7992917e-05,1.0575677
2017-03-06 12:00:00,12.916138,11.009949,39.562134,96385.34,3.6966685e-05,0.8862582
2017-03-07 12:00:00,13.875519,9.327698,172.12106,95973.305,0.0001545566,0.735949
2017-03-08 12:00:00,16.030823,4.608856,243.53577,96097.086,3.4221685e-08,1.5630956
2017-03-09 12:00:00,18.945587,6.1781616,244.88496,96341.45,0.0,1.2173204
2017-03-10 12:00:00,18.550873,10.054291,197.69746,96216.07,0.0,0.6372794
2017-03-11 12:00:00,16.682983,8.168579,139.5153,95829.02,5.269625e-07,0.3138771
2017-03-12 12:00:00,15.630066,6.574951,107.88787,95614.195,8.916832e-06,0.8337923
2017-03-13 12:00:00,10.464905,6.774475,166.94658,95634.19,0.00042969902,1.1498097
2017-03-14 12:00:00,10.140259,1.4196167,254.3989,96272.86,2.5913258e-07,0.7737233
2017-03-15 12:00:00,9.541107,2.0009766,97.13877,95988.234,3.0070994e-05,0.8259343
2017-03-16 12:00:00,11.3385315,2.99469,234.44887,95813.68,3.9799128e-05,0.2981947
2017-03-17 12:00:00,11.172119,5.226959,149.21419,96550.5,6.78373e-06,0.46318817
2017-03-18 12:00:00,17.163147,5.103119,257.94974,96489.23,6.191013e-07,0.55286264
2017-03-19 12:00:00,16.580597,7.620819,181.99623,96079.68,1.0595236e-06,0.43816882
2017-03-20 12:00:00,12.273346,7.5419006,100.43356,96020.36,0.00017767085,1.7511137
2017-03-21 12:00:00,10.836029,2.9117126,240.44536,96221.78,0.00017494308,0.82809794
2017-03-22 12:00:00,12.219025,2.9632874,272.21286,96550.305,0.0,0.2247911
2017-03-23 12:00:00,16.17569,5.4483337,272.12323,96602.53,0.0,0.290885
2017-03-24 12:00:00,16.01889,7.863312,267.91565,96166.64,1.3383698e-08,0.52824104
2017-03-25 12:00:00,14.227631,6.972168,138.21303,96351.14,5.1019568e-05,0.8802113
2017-03-26 12:00:00,17.571564,4.2311707,279.75366,96759.36,1.95223e-07,0.92645574
2017-03-27 12:00:00,20.732025,9.205475,287.3386,96621.25,0.0,1.4571344
2017-03-28 12:00:00,20.650726,8.701813,286.50714,96168.07,6.838188e-09,0.768906
2017-03-29 12:00:00,17.006104,5.378479,242.53845,96004.99,2.413402e-06,0.43096894
2017-03-30 12:00:00,12.631012,4.9475403,130.61592,95912.555,0.00013470754,1.6225039
2017-03-31 12:00:00,12.172516,2.6192017,286.73154,96370.805,9.622253e-07,0.49553803
2017-04-01 12:00:00,12.695068,4.202362,229.30667,96004.21,1.0863406e-06,0.6020061
2017-04-02 12:00:00,17.339844,3.392273,293.93274,96046.734,1.1176751e-07,0.77950436
2017-04-03 12:00:00,17.109772,6.5469055,296.1425,96005.22,0.0,0.54127824
2017-04-04 12:00:00,15.598999,4.7046814,272.1789,95765.21,3.141811e-07,0.48286632
2017-04-05 12:00:00,15.81546,4.2321777,271.94852,95680.43,0.0,0.2706483
2017-04-06 12:00:00,18.56665,3.5212402,301.7274,95574.97,0.0,0.52073365
2017-04-07 12:00:00,18.12387,6.022003,223.59195,95673.53,1.5146637e-07,0.8985769
2017-04-08 12:00:00,14.061279,3.7521057,249.26286,95081.64,7.764578e-06,1.2007009
2017-04-09 12:00:00,12.407379,3.3143005,168.8844,95443.78,1.3868264e-08,0.2188796
2017-04-10 12:00:00,16.512878,2.574768,306.98853,96079.07,0.0,0.49689835
2017-04-11 12:00:00,17.790192,3.4157715,314.13943,96269.9,0.0,0.6543436
2017-04-12 12:00:00,17.082153,3.0225525,312.1913,95970.73,0.0,0.6693277
2017-04-13 12:00:00,16.924347,4.9427795,283.30264,95909.04,1.188361e-06,0.7029562
2017-04-14 12:00:00,20.58435,5.9283447,311.64645,95843.69,0.0,0.48423478
2017-04-15 12:00:00,26.394836,7.3983154,322.82013,95877.47,0.0,0.5315745
2017-04-16 12:00:00,26.53836,8.378662,318.35468,95714.625,0.0,0.36970505
2017-04-17 12:00:00,27.890045,8.94104,322.80548,95647.3,0.0,0.49376678
2017-04-18 12:00:00,29.982483,10.461639,324.08353,95771.54,0.0,0.4014967
2017-04-19 12:00:00,32.288116,11.971527,319.88632,95828.72,0.0,0.72115606
2017-04-20 12:00:00,30.778656,11.272797,304.58203,95448.81,0.0,0.8071472
2017-04-21 12:00:00,21.154938,8.389984,231.20105,95348.01,3.5239748e-06,1.3076237
2017-04-22 12:00:00,20.789215,5.619568,324.23428,95615.96,2.2747585e-07,0.49110773
2017-04-23 12:00:00,24.750214,6.2159424,334.38162,95965.93,0.0,1.0726827
2017-04-24 12:00:00,28.191925,14.049011,339.98172,96223.47,0.0,1.5454826
2017-04-25 12:00:00,28.339233,13.530518,333.5171,95857.766,0.0,1.2054179
2017-04-26 12:00:00,26.274841,7.713745,336.9499,95492.016,0.0,1.0177743
2017-04-27 12:00:00,19.627655,7.4546204,320.77505,95920.71,3.3865492e-06,1.065495
2017-04-28 12:00:00,21.846558,6.999237,325.15488,96292.47,6.022469e-08,0.5395275
2017-04-29 12:00:00,25.250732,9.6545105,329.713,95866.03,0.0,0.43424687
2017-04-30 12:00:00,32.97522,10.9422,334.83276,95651.89,0.0,0.8646199
2017-05-01 12:00:00,34.802124,16.062561,334.92795,95769.195,0.0,1.1709459
2017-05-02 12:00:00,33.387634,16.947937,271.17035,95982.734,0.0,0.83585644
2017-05-03 12:00:00,26.454224,9.210571,334.9374,96017.22,5.6912063e-07,0.9104562
2017-05-04 12:00:00,26.468292,7.8396606,339.38968,96016.47,7.595148e-07,0.66592574
2017-05-05 12:00:00,32.17758,11.839752,346.26523,96069.01,0.0,0.5236372
2017-05-06 12:00:00,31.646515,12.0625305,344.83472,95944.61,0.0,0.78231156
2017-05-07 12:00:00,30.184021,11.5086975,348.1279,95794.01,0.0,0.68764967
2017-05-08 12:00:00,28.613037,10.55545,344.28183,95694.29,1.23205295e-08,0.6578042
2017-05-09 12:00:00,24.08017,9.642639,338.87607,95623.45,3.1702285e-07,0.7808885
2017-05-10 12:00:00,23.111725,8.073883,346.85352,95721.586,9.078463e-08,0.7926914
2017-05-11 12:00:00,21.394623,7.623932,345.8395,95695.836,2.594315e-07,0.8043124
2017-05-12 12:00:00,25.019226,8.522644,345.19165,95510.31,0.0,0.5881581
2017-05-13 12:00:00,24.427155,10.414703,235.11609,95496.055,2.0035816e-10,0.6205045
2017-05-14 12:00:00,27.415222,10.633881,337.5747,95597.44,1.2129206e-06,0.5792761
2017-05-15 12:00:00,26.068573,11.563477,344.9277,95538.25,3.1861947e-07,0.7003786
2017-05-16 12:00:00,24.571716,9.023102,350.965,95539.35,2.2875089e-07,0.8313697
2017-05-17 12:00:00,23.671844,8.120941,354.44522,95442.375,4.8129596e-07,0.8618551
2017-05-18 12:00:00,22.185852,7.977936,348.76056,95351.23,0.0,0.89189017
2017-05-19 12:00:00,20.40512,9.33905,319.08118,95474.43,1.5440136e-06,1.2085253
2017-05-20 12:00:00,19.141235,10.508667,165.01233,95561.62,7.5181642e-06,1.2567259
2017-05-21 12:00:00,15.447418,10.76535,104.03253,95715.88,2.2394655e-05,1.2294623
2017-05-22 12:00:00,21.505371,11.024109,309.13104,95700.42,4.5125644e-06,1.1736118
2017-05-23 12:00:00,24.612885,9.741211,351.3466,95690.09,1.9813063e-08,0.63645744
2017-05-24 12:00:00,25.920837,10.376038,354.75558,95776.25,9.7356265e-09,0.5586825
2017-05-25 12:00:00,25.391449,9.325531,351.50125,95750.44,3.460158e-07,0.90724313
2017-05-26 12:00:00,21.868164,9.0155945,322.33115,95904.82,9.291731e-07,1.0575475
2017-05-27 12:00:00,22.082458,8.816589,356.51178,95928.69,0.0,0.87271065
2017-05-28 12:00:00,25.20163,9.594788,356.75085,95886.914,0.0,0.5163655
2017-05-29 12:00:00,25.826996,10.627289,358.50385,95769.45,0.0,0.62846684
2017-05-30 12:00:00,24.35669,9.968994,349.2681,95702.47,2.6572283e-07,0.9921871
2017-05-31 12:00:00,23.809753,12.109863,312.18213,95911.99,2.921008e-06,1.2147743
2017-06-01 12:00:00,25.292358,10.590637,355.17465,96047.2,0.0,0.8439928
2017-06-02 12:00:00,24.679443,10.181702,357.35114,95938.625,0.0,0.92791647
2017-06-03 12:00:00,23.657501,9.762665,357.3922,95882.21,0.0,0.8273421
2017-06-04 12:00:00,24.515808,9.716553,357.51385,95911.29,0.0,1.08998
2017-06-05 12:00:00,27.843842,11.6362,357.8272,95847.81,0.0,0.6452753
2017-06-06 12:00:00,30.866821,12.957825,358.1375,95866.625,0.0,0.62476844
2017-06-07 12:00:00,30.025665,13.523804,246.30643,95774.62,1.5210259e-09,0.7531086
2017-06-08 12:00:00,26.668823,11.316956,331.74524,95674.97,5.5525385e-07,0.9854137
2017-06-09 12:00:00,24.793976,12.964355,341.4189,95498.305,2.0275262e-07,0.8454327
2017-06-10 12:00:00,23.716705,11.260468,348.9138,95388.77,5.184776e-07,0.7243971
2017-06-11 12:00:00,23.870148,10.882141,345.10226,95384.11,6.700543e-07,0.8893237
2017-06-12 12:00:00,23.538574,10.536682,356.92157,95536.055,1.8070239e-07,1.105567
2017-06-13 12:00:00,24.035736,9.062866,362.11664,95853.89,9.1028696e-08,1.0692499
2017-06-14 12:00:00,27.346832,9.930786,366.26212,95966.64,0.0,0.6690286
2017-06-15 12:00:00,28.358734,11.908356,364.54416,95965.77,0.0,0.726468
2017-06-16 12:00:00,27.442596,11.639923,365.68454,95833.94,0.0,0.8313647
2017-06-17 12:00:00,26.597443,9.583832,370.45074,95926.57,0.0,0.7384882
2017-06-18 12:00:00,27.482422,9.494385,370.22223,96009.77,7.778947e-09,0.76602525
2017-06-19 12:00:00,27.952759,10.776825,364.2637,95864.586,0.0,0.89779794
2017-06-20 12:00:00,28.299927,11.626862,361.87558,95762.305,0.0,0.93245536
2017-06-21 12:00:00,30.413513,12.505707,367.07922,95712.36,0.0,0.7558626
2017-06-22 12:00:00,32.712006,13.837738,361.8577,95642.6,7.777289e-09,0.60596335
2017-06-23 12:00:00,32.1727,14.950409,358.1207,95640.01,7.860754e-09,0.87034875
2017-06-24 12:00:00,29.743317,13.798004,361.67883,95671.61,0.0,1.0240318
2017-06-25 12:00:00,28.676788,12.5164795,364.33505,95733.89,7.6064195e-09,1.0869999
2017-06-26 12:00:00,26.697968,12.078461,357.77856,95829.875,4.676318e-07,1.1161007
2017-06-27 12:00:00,28.23465,12.188843,364.88806,95856.63,0.0,0.98196167
2017-06-28 12:00:00,30.348877,13.638184,362.17355,95877.58,0.0,0.74710566
2017-06-29 12:00:00,31.059387,14.302734,363.41043,95893.47,0.0,0.62458825
2017-06-30 12:00:00,32.736633,15.063904,366.4782,95653.25,0.0,0.5181628
2017-07-01 12:00:00,33.20523,15.721313,365.00098,95576.195,0.0,0.5806863
2017-07-02 12:00:00,32.927032,14.4721985,367.26495,95709.15,3.9962913e-09,0.6034041
2017-07-03 12:00:00,31.969604,14.122253,363.606,95728.055,1.9667402e-08,0.6956836
2017-07-04 12:00:00,32.79355,14.594666,362.20676,95650.3,0.0,0.60096484
2017-07-05 12:00:00,32.52127,15.282349,363.73447,95780.87,0.0,0.786476
2017-07-06 12:00:00,31.589966,14.917084,362.5233,95865.195,9.704271e-09,0.7846786
2017-07-07 12:00:00,30.16922,14.527863,358.80887,95781.56,0.0,0.6693561
2017-07-08 12:00:00,29.48288,13.948364,358.57178,95655.43,0.0,0.60251707
2017-07-09 12:00:00,29.827667,13.425812,359.8045,95684.56,1.2110446e-08,0.90822774
2017-07-10 12:00:00,32.81143,13.497772,364.0641,95835.8,0.0,0.39807335
2017-07-11 12:00:00,37.14505,17.015015,355.80856,96062.72,0.0,0.6884033
2017-07-12 12:00:00,37.64435,18.790924,352.9068,96092.27,0.0,0.66969466
2017-07-13 12:00:00,36.76236,18.617767,295.28262,95851.66,5.297829e-09,0.38600308
2017-07-14 12:00:00,33.888733,17.740997,349.0013,95671.54,2.3998656e-08,0.7696106
2017-07-15 12:00:00,31.6958,16.716858,347.77707,95684.98,4.8232327e-08,0.93390244
2017-07-16 12:00:00,30.102325,15.836273,347.2514,95692.44,0.0,1.0127672
2017-07-17 12:00:00,29.36026,16.897064,196.79683,95697.79,0.0,0.76082003
2017-07-18 12:00:00,31.86731,18.341003,279.22028,95781.46,0.0,0.53119206
2017-07-19 12:00:00,32.06009,20.473969,340.64282,96128.24,2.4032372e-06,0.4870194
2017-07-20 12:00:00,33.27112,17.612091,353.31332,96252.336,0.0,0.4728127
2017-07-21 12:00:00,34.056854,15.971283,353.8727,96129.95,5.8588906e-08,0.7857998
2017-07-22 12:00:00,35.097473,16.293884,352.18518,95847.9,1.1452743e-08,0.58102566
2017-07-23 12:00:00,35.141876,17.19867,348.95563,95679.586,0.0,0.6245758
2017-07-24 12:00:00,35.328735,17.699158,345.98288,95685.13,0.0,0.71860075
2017-07-25 12:00:00,34.068634,16.96814,348.71152,95849.32,1.40065675e-08,0.6541732
2017-07-26 12:00:00,34.315613,16.41095,345.1366,95910.91,1.965282e-09,0.6048139
2017-07-27 12:00:00,37.284973,19.664032,325.88223,95825.48,0.0,0.36332026
2017-07-28 12:00:00,37.835663,22.339142,338.81326,95678.19,0.0,0.47446275
2017-07-29 12:00:00,37.15506,18.554596,340.94525,95634.26,1.1645679e-09,0.83737063
2017-07-30 12:00:00,33.114655,16.937836,339.66675,95763.71,2.7851712e-08,0.72208226
2017-07-31 12:00:00,34.087128,17.949371,338.7389,95981.27,0.0,0.5316818
2017-08-01 12:00:00,35.61612,19.389282,270.07483,96069.76,0.0,0.66453314
2017-08-02 12:00:00,36.625854,22.628021,319.96906,96019.7,0.0,0.6132509
2017-08-03 12:00:00,35.976166,21.497528,304.0282,95740.38,7.378005e-10,0.8069111
2017-08-04 12:00:00,34.470184,20.355072,326.99945,95749.234,8.845268e-07,0.9465468
2017-08-05 12:00:00,33.67325,19.448883,282.52725,95912.52,2.1353392e-09,0.6736794
2017-08-06 12:00:00,31.998413,18.951324,297.81613,95991.37,3.1448212e-07,1.3836098
2017-08-07 12:00:00,30.216309,18.059998,265.74084,96034.05,3.859522e-09,1.0004022
2017-08-08 12:00:00,29.365326,18.113495,324.75974,96130.68,0.0,0.98623216
2017-08-09 12:00:00,28.560974,16.569641,297.1841,96173.06,2.818726e-07,0.8422956
2017-08-10 12:00:00,30.359009,16.09793,296.48065,95957.78,2.0205256e-08,0.7459592
2017-08-11 12:00:00,29.806732,15.239929,330.06525,95677.65,9.065006e-07,0.5672591
2017-08-12 12:00:00,28.469543,13.804565,327.31302,95916.88,8.358453e-08,0.5957526
2017-08-13 12:00:00,28.437347,13.48465,328.33844,96154.34,0.0,0.74017906
2017-08-14 12:00:00,27.916779,15.07547,264.47266,96001.836,0.0,0.6671504
2017-08-15 12:00:00,27.221344,15.081879,316.6862,95764.516,7.893658e-07,0.9721753
2017-08-16 12:00:00,26.176117,16.241943,285.70084,95763.78,4.222893e-06,1.2937521
2017-08-17 12:00:00,26.438416,14.579407,294.70834,95931.62,7.762295e-07,0.9564854
2017-08-18 12:00:00,26.563293,14.339325,309.32184,95998.62,1.7423247e-07,0.86624825
2017-08-19 12:00:00,28.981293,12.996643,320.47244,95974.72,0.0,0.6854809
2017-08-20 12:00:00,34.46042,14.876465,320.8358,95920.69,1.096206e-08,0.5601033
2017-08-21 12:00:00,33.583893,15.980743,315.30887,95912.79,0.0,0.66530734
2017-08-22 12:00:00,32.475098,16.253845,289.11093,95851.11,3.4341667e-07,0.7752838
2017-08-23 12:00:00,31.21402,16.586731,241.18,95747.73,0.0,0.6796035
2017-08-24 12:00:00,31.838562,17.900085,213.22583,95675.77,1.9969475e-07,0.6577389
2017-08-25 12:00:00,32.022278,16.9682,304.57803,95723.95,8.2218304e-10,0.7901418
2017-08-26 12:00:00,31.31723,15.078461,309.21213,95805.86,5.2242296e-08,0.6676707
2017-08-27 12:00:00,30.430603,13.97525,313.5239,95771.984,0.0,0.6531768
2017-08-28 12:00:00,30.214447,12.867493,312.17163,95684.51,0.0,0.7346337
2017-08-29 12:00:00,28.910889,12.07724,308.03848,95768.34,1.6043761e-07,0.9052979
2017-08-30 12:00:00,27.615753,12.953491,306.7424,95769.25,0.0,0.4086492
2017-08-31 12:00:00,28.569489,12.240875,304.70676,95550.875,0.0,0.2646542
2017-09-01 12:00:00,27.890747,13.070435,292.89392,95657.19,0.0,0.7043405
2017-09-02 12:00:00,30.621033,12.241821,307.20578,95929.6,0.0,0.4281413
2017-09-03 12:00:00,31.618683,14.219055,300.28214,96005.89,0.0,0.42406267
2017-09-04 12:00:00,30.473267,14.142303,296.65747,95911.92,0.0,0.5626697
2017-09-05 12:00:00,30.718689,13.964142,295.2237,95787.17,0.0,0.6239084
2017-09-06 12:00:00,30.468262,14.109955,292.5541,95943.51,0.0,0.4570646
2017-09-07 12:00:00,31.904938,13.85556,297.69662,95943.49,0.0,0.54527944
2017-09-08 12:00:00,30.626404,11.087189,272.8564,95740.04,0.0,0.7211948
2017-09-09 12:00:00,26.105316,12.582825,278.07388,95820.99,3.251779e-07,0.73960465
2017-09-10 12:00:00,27.734375,13.189728,282.84348,96022.164,1.3126463e-07,0.57523715
2017-09-11 12:00:00,32.81952,15.758026,275.26266,95906.54,0.0,0.26790285
2017-09-12 12:00:00,34.01996,16.277802,280.73636,95739.19,3.0769665e-09,0.41846985
2017-09-13 12:00:00,32.641174,16.529144,277.23563,95725.66,0.0,0.516725
2017-09-14 12:00:00,31.905426,16.74707,273.34155,95737.87,0.0,0.4954982
2017-09-15 12:00:00,31.101715,16.068604,272.99756,95799.2,0.0,0.45900726
2017-09-16 12:00:00,31.813904,15.831512,268.34436,95827.85,0.0,0.44734412
2017-09-17 12:00:00,30.85025,14.697205,270.52362,95904.65,0.0,0.41749248
2017-09-18 12:00:00,27.714996,11.174255,276.97192,95918.914,0.0,0.5905433
2017-09-19 12:00:00,27.878021,12.60257,274.23178,95728.46,0.0,0.2967196
2017-09-20 12:00:00,28.617126,12.560822,272.25174,95518.52,0.0,0.3279894
2017-09-21 12:00:00,27.744904,12.158142,267.486,95630.86,0.0,0.424852
2017-09-22 12:00:00,30.25769,13.799347,264.551,95848.836,0.0,0.2084345
2017-09-23 12:00:00,32.529694,14.678162,260.5201,96093.95,0.0,0.4425204
2017-09-24 12:00:00,32.86383,17.112488,255.98523,96223.35,0.0,0.48048803
2017-09-25 12:00:00,32.407104,15.0289,258.72202,96016.22,2.8526511e-08,0.61135876
2017-09-26 12:00:00,30.544128,13.6058655,257.6527,95845.586,0.0,0.6176071
2017-09-27 12:00:00,28.467194,12.626038,242.96759,95788.21,0.0,0.64443475
2017-09-28 12:00:00,30.106567,13.17688,253.00102,95845.07,0.0,0.32898992
2017-09-29 12:00:00,30.93811,15.489288,227.49756,95882.945,0.0,0.6166095
2017-09-30 12:00:00,30.028625,15.4947815,184.834,95931.63,1.2728838e-08,0.5663593
2017-10-01 12:00:00,31.585846,16.037354,224.37346,95757.625,3.3912315e-06,0.5441056
2017-10-02 12:00:00,33.09964,18.01294,215.43,95625.46,2.0057485e-06,0.9344459
2017-10-03 12:00:00,31.980194,17.392365,175.36542,95763.016,4.3827986e-06,0.9698871
2017-10-04 12:00:00,30.375977,17.440765,205.6051,95992.77,6.457803e-06,0.4194695
2017-10-05 12:00:00,28.704926,15.770813,231.67555,96082.33,3.84141e-08,0.6471827
2017-10-06 12:00:00,30.99826,15.150177,232.77916,96113.64,0.0,0.3335195
2017-10-07 12:00:00,33.806213,17.188446,231.85178,96085.625,0.0,0.29065695
2017-10-08 12:00:00,35.100647,18.927094,227.38858,95935.38,0.0,0.932332
2017-10-09 12:00:00,34.37143,21.377136,201.39049,95535.91,1.4534617e-06,0.8434539
2017-10-10 12:00:00,32.38391,20.612335,112.62555,95411.93,1.1708259e-05,0.13993247
2017-10-11 12:00:00,29.247894,16.922272,178.73306,95756.48,3.6070316e-05,1.0429344
2017-10-12 12:00:00,29.36731,16.897308,213.89722,96027.32,5.998437e-08,0.30129874
2017-10-13 12:00:00,29.208221,17.451874,174.93495,95941.93,6.8002123e-07,0.42103264
2017-10-14 12:00:00,27.234772,16.354553,105.87809,95767.875,7.318361e-05,1.2900637
2017-10-15 12:00:00,26.736298,16.00534,207.39053,95890.03,2.3260221e-05,1.1164043
2017-10-16 12:00:00,28.088745,16.978455,208.23189,96033.0,3.4163415e-06,0.69061846
2017-10-17 12:00:00,28.246887,17.269897,191.00803,96020.12,1.6617205e-05,0.42140108
2017-10-18 12:00:00,27.583374,16.994202,178.67848,95855.266,5.4310727e-05,0.7464847
2017-10-19 12:00:00,28.130554,16.84491,203.49922,95775.055,2.3594801e-07,0.45360446
2017-10-20 12:00:00,29.071045,16.014008,199.54202,96065.2,0.0,0.51361984
2017-10-21 12:00:00,30.15033,15.913727,205.7483,96273.64,0.0,0.5901278
2017-10-22 12:00:00,28.474915,13.80188,206.14832,95867.36,0.0,0.46452513
2017-10-23 12:00:00,28.28418,14.988251,206.25821,95933.445,0.0,1.5424973
2017-10-24 12:00:00,28.164703,14.633118,205.04375,96285.36,0.0,1.046764
2017-10-25 12:00:00,25.213287,9.878601,198.89488,95996.68,0.0,0.50378406
2017-10-26 12:00:00,26.348938,9.94339,195.72403,95895.64,2.1302837e-08,0.57544017
2017-10-27 12:00:00,28.468567,14.219635,199.55597,96236.2,0.0,0.78501636
2017-10-28 12:00:00,29.950043,13.1223755,195.83733,96121.24,0.0,0.9816552
2017-10-29 12:00:00,31.30832,12.039673,195.23576,95895.08,0.0,0.6902884
2017-10-30 12:00:00,32.628387,16.251282,193.67723,96088.016,0.0,0.5518957
2017-10-31 12:00:00,32.08783,15.594238,180.48752,96237.89,0.0,0.7170329
2017-11-01 12:00:00,30.129242,18.406067,106.337494,96100.57,0.0,0.84192514
2017-11-02 12:00:00,26.961823,15.0017395,167.50276,96055.57,0.0,0.8022236
2017-11-03 12:00:00,25.920044,10.887756,181.0726,96094.47,0.0,0.37774014
2017-11-04 12:00:00,29.726593,12.96991,180.11372,96016.71,0.0,0.533056
2017-11-05 12:00:00,27.36142,11.874573,161.06546,95963.016,0.0,0.6127693
2017-11-06 12:00:00,20.099213,10.505096,176.41716,95832.15,1.411615e-05,0.48957604
2017-11-07 12:00:00,22.529205,7.889282,177.17561,95841.85,0.0,0.63020337
2017-11-08 12:00:00,21.915314,8.380615,174.07564,95829.61,0.0,0.35963205
2017-11-09 12:00:00,19.749817,6.9011536,43.997047,95795.484,6.62125e-05,0.5607987
2017-11-10 12:00:00,14.273468,3.9830933,175.77907,95924.22,7.656771e-07,1.4223703
2017-11-11 12:00:00,18.923523,4.863922,173.99663,96445.85,0.0,1.5526592
2017-11-12 12:00:00,23.052948,7.4234924,173.25183,96396.85,0.0,1.7870806
2017-11-13 12:00:00,24.458435,9.66272,170.65358,96063.89,0.0,1.225297
2017-11-14 12:00:00,26.18454,11.2821045,170.11494,96030.56,0.0,0.8602629
2017-11-15 12:00:00,23.738403,8.256287,166.57083,96062.1,0.0,0.2993777
2017-11-16 12:00:00,20.55597,6.2398376,152.70807,95971.78,1.8239871e-06,0.4589339
2017-11-17 12:00:00,15.4348755,8.601227,49.969883,95994.29,2.5169493e-05,0.39753908
2017-11-18 12:00:00,19.837067,9.765686,157.97644,96042.98,2.2214546e-05,0.3924623
2017-11-19 12:00:00,25.194489,10.304993,159.55995,96586.766,0.0,1.0488783
2017-11-20 12:00:00,23.151245,11.180817,150.4303,96534.76,0.0,0.49176195
2017-11-21 12:00:00,20.579071,5.64386,162.60628,96111.98,9.796644e-09,1.8178767
2017-11-22 12:00:00,17.121368,8.638397,155.72,96657.99,0.0,2.372591
2017-11-23 12:00:00,19.85492,6.2924194,153.09454,96923.55,0.0,1.9234648
2017-11-24 12:00:00,22.054962,8.403412,154.11038,96252.06,0.0,0.9544824
2017-11-25 12:00:00,19.469788,5.1725464,148.71133,95829.11,0.0,0.5340193
2017-11-26 12:00:00,18.412476,4.9022827,149.41708,95765.56,2.9939646e-09,0.5480849
2017-11-27 12:00:00,21.828339,4.791046,147.43102,95960.42,0.0,0.628091
2017-11-28 12:00:00,24.360657,8.294556,147.10239,96099.14,0.0,1.4096276
2017-11-29 12:00:00,26.679352,11.38385,146.7255,96112.88,0.0,1.5739778
2017-11-30 12:00:00,27.686188,12.061523,146.26935,96110.36,0.0,1.4015018
2017-12-01 12:00:00,24.83316,11.060577,129.74954,95849.87,0.0,0.3530026
2017-12-02 12:00:00,19.507263,7.7664795,146.70206,95595.07,2.7845017e-05,1.239951
2017-12-03 12:00:00,14.955963,4.6236267,150.74858,96703.28,0.0,2.1343217
2017-12-04 12:00:00,17.788849,5.6865234,144.72049,97276.27,0.0,1.6077733
2017-12-05 12:00:00,21.314392,4.667755,145.76381,96639.92,0.0,1.5965277
2017-12-06 12:00:00,22.642395,8.871826,145.04312,96298.38,0.0,1.7618092
2017-12-07 12:00:00,23.265167,9.894836,146.62242,96453.24,0.0,2.418176
2017-12-08 12:00:00,25.503052,11.062378,147.59523,96622.484,0.0,1.8408412
2017-12-09 12:00:00,26.443665,12.590149,145.15094,95932.07,0.0,1.3912321
2017-12-10 12:00:00,22.47876,5.8717346,140.8996,95608.79,0.0,0.5857712
2017-12-11 12:00:00,23.223694,9.069153,114.07316,96068.1,2.5610465e-08,1.0113755
2017-12-12 12:00:00,20.84732,6.8927,139.77126,95927.945,2.823561e-07,0.59272504
2017-12-13 12:00:00,18.094849,5.114258,139.36629,96065.93,0.0,1.0877689
2017-12-14 12:00:00,15.276337,6.1722717,42.920757,95700.84,7.5182856e-05,0.88542444
2017-12-15 12:00:00,10.89566,3.142456,136.95056,95005.195,3.3346285e-05,1.169092
2017-12-16 12:00:00,12.44928,-0.11077881,142.00008,96148.07,0.0,1.492301
2017-12-17 12:00:00,13.341522,2.6941223,131.48495,96710.69,0.0,0.45864788
2017-12-18 12:00:00,16.999634,2.6885986,134.24956,96495.836,9.669626e-09,0.65329444
2017-12-19 12:00:00,19.285522,5.635315,139.98317,96462.21,0.0,1.8412303
2017-12-20 12:00:00,17.295837,6.0769043,67.45484,95848.55,9.664253e-07,0.3401212
2017-12-21 12:00:00,11.254425,3.221405,138.98158,95271.91,0.00015765679,1.1102002
2017-12-22 12:00:00,9.811249,3.8368225,27.050785,95656.03,3.8456536e-05,0.85607165
2017-12-23 12:00:00,12.376221,7.6215515,14.492775,95161.28,0.00068275543,0.7724769
2017-12-24 12:00:00,10.722107,6.4031067,122.05875,95098.33,7.658064e-05,1.297982
2017-12-25 12:00:00,10.07431,1.6445007,139.33385,96012.805,1.3276489e-08,1.3224996
2017-12-26 12:00:00,9.017242,1.3225708,113.20777,95743.305,0.0001512033,0.3550134
2017-12-27 12:00:00,9.036194,-2.1217346,139.12778,96427.53,0.0,1.3526964
2017-12-28 12:00:00,12.419952,1.2286682,131.55495,96732.86,0.0,1.5396924
2017-12-29 12:00:00,14.653259,5.289093,114.24319,96404.08,0.0,1.1753216
2017-12-30 12:00:00,13.3706665,5.061157,83.846825,96053.48,4.0092837e-06,0.21620512
2017-12-31 12:00:00,12.513702,8.79422,54.179146,96002.47,2.168444e-05,0.57370865
2018-01-01 12:00:00,12.1840515,8.600922,27.103844,95769.67,0.00023964581,0.5442771
2018-01-02 12:00:00,11.8237915,4.140869,130.1089,96158.766,4.2070205e-06,0.37038398
2018-01-03 12:00:00,16.382874,5.2998047,137.80342,96643.65,0.0,1.334167
2018-01-04 12:00:00,16.135712,7.8335876,103.657326,96472.13,0.0,1.180112
2018-01-05 12:00:00,15.128296,7.9461975,96.09484,96153.04,4.5021456e-10,0.58435714
2018-01-06 12:00:00,13.688232,6.762146,83.010445,96078.16,7.014653e-07,0.48871982
2018-01-07 12:00:00,13.718384,7.0000305,131.28188,96040.44,1.3036122e-06,0.3244324
2018-01-08 12:00:00,14.751068,6.7154846,137.51064,96177.76,2.1501141e-07,0.3959174
2018-01-09 12:00:00,18.481232,7.7929993,125.46565,96294.65,1.2281419e-06,0.8658628
2018-01-10 12:00:00,17.756378,9.14328,123.363014,96331.07,4.30996e-07,0.15818316
2018-01-11 12:00:00,14.457581,6.699188,128.18788,96239.99,4.988396e-06,0.53742164
2018-01-12 12:00:00,17.832794,7.824463,131.01672,96353.65,2.9345918e-08,1.4944067
2018-01-13 12:00:00,20.328339,8.249542,144.66803,96386.234,0.0,1.6911697
2018-01-14 12:00:00,19.417633,8.761658,138.75694,96102.66,0.0,0.30368915
2018-01-15 12:00:00,16.178955,7.9744263,45.28853,95812.22,7.418525e-06,0.30573735
2018-01-16 12:00:00,12.766846,3.961853,154.156,95851.99,3.8012945e-06,0.509099
2018-01-17 12:00:00,11.941223,3.275299,53.291813,95875.55,6.1561426e-05,0.3415273
2018-01-18 12:00:00,10.914825,2.6736755,150.7092,95683.445,7.552214e-05,0.35031274
2018-01-19 12:00:00,10.018616,4.073181,56.65254,96227.11,2.9244844e-05,0.7675912
2018-01-20 12:00:00,11.900299,3.0440369,159.63126,96243.82,1.6722768e-05,0.8627969
2018-01-21 12:00:00,13.388855,4.182953,157.4903,96410.11,0.0,1.796144
2018-01-22 12:00:00,15.027313,2.0238953,163.62927,96525.766,0.0,1.912672
2018-01-23 12:00:00,15.252136,5.078186,125.94946,96324.555,0.0,1.495866
2018-01-24 12:00:00,14.188263,3.7001343,130.11328,96013.55,5.719318e-06,0.36230323
2018-01-25 12:00:00,10.382355,0.30499268,166.35721,95753.62,0.0,0.72568166
2018-01-26 12:00:00,9.011597,1.6537476,40.958546,95468.93,3.7701473e-05,1.111208
2018-01-27 12:00:00,7.7044983,3.9909668,71.66844,95515.47,0.0001239153,0.766146
2018-01-28 12:00:00,9.6539,3.304657,134.87584,95796.98,4.940225e-06,0.96311605
2018-01-29 12:00:00,12.492462,1.7672119,171.89201,96035.4,2.717629e-08,1.1950887
2018-01-30 12:00:00,11.907715,2.231781,166.12025,96211.6,0.0,0.33373594
2018-01-31 12:00:00,10.133911,3.8432922,27.701782,95782.96,0.0001785067,1.2431381
2018-02-01 12:00:00,8.948242,2.5853882,165.46335,95454.195,2.3591687e-05,0.25152272
2018-02-02 12:00:00,8.029755,2.4324646,61.02831,95703.86,4.947069e-06,0.49118373
2018-02-03 12:00:00,11.652008,2.0958862,174.54535,95988.35,6.688411e-06,0.6341815
2018-02-04 12:00:00,11.135101,3.8004456,62.27988,96357.59,3.3776854e-05,0.51600313
2018-02-05 12:00:00,12.815643,2.3849487,179.57376,96306.336,1.6564354e-06,1.047658
2018-02-06 12:00:00,14.426483,4.092346,168.02554,96462.36,0.0,1.2214636
2018-02-07 12:00:00,16.45337,7.0818176,139.06227,96486.88,0.0,1.6155778
2018-02-08 12:00:00,18.710388,6.9355164,185.5198,96238.69,0.0,0.95164627
2018-02-09 12:00:00,20.53479,11.048584,196.74048,96397.08,0.0,2.83876
2018-02-10 12:00:00,20.750244,9.587585,189.26083,96523.11,0.0,1.6265928
2018-02-11 12:00:00,20.177551,10.427826,193.06412,96019.37,0.0,1.5562649
2018-02-12 12:00:00,17.75119,6.174347,172.75552,95779.11,0.0,0.338582
2018-02-13 12:00:00,17.5867,7.996338,131.23303,95883.29,0.0,0.17402045
2018-02-14 12:00:00,16.783386,4.635376,113.554825,95822.984,2.2150032e-06,0.66016364
2018-02-15 12:00:00,11.674042,6.7673035,60.523804,95695.72,6.861778e-05,0.2862685
2018-02-16 12:00:00,12.480713,3.8344421,169.50934,95922.08,2.4588357e-07,0.50430447
2018-02-17 12:00:00,16.037292,5.033478,199.80315,96361.61,5.0924662e-08,0.24735291
2018-02-18 12:00:00,16.29654,6.240082,203.09363,96467.414,6.015095e-09,0.69846785
2018-02-19 12:00:00,15.095856,4.133148,212.85483,96304.34,3.3037224e-05,1.1490866
2018-02-20 12:00:00,17.799255,4.027008,215.71031,96476.87,0.0,1.8378736
2018-02-21 12:00:00,20.06958,8.56366,217.89012,96453.63,0.0,1.50941
2018-02-22 12:00:00,21.070374,9.035614,220.99658,96094.6,0.0,1.2494804
2018-02-23 12:00:00,21.367645,10.355774,198.00757,95547.81,0.0,0.9830247
2018-02-24 12:00:00,19.801605,4.9026794,99.104904,95478.664,1.158196e-05,0.96713674
2018-02-25 12:00:00,13.3012085,4.965454,140.97298,95815.78,6.1127103e-06,1.0549359
2018-02-26 12:00:00,12.569611,7.8407288,51.170956,95935.36,0.000102210404,1.1158699
2018-02-27 12:00:00,11.903107,5.562683,112.673744,96145.18,1.2521131e-05,0.53365177
2018-02-28 12:00:00,18.870087,4.5615234,222.82155,96092.14,2.0860827e-07,0.8332493
2018-03-01 12:00:00,21.717804,7.3535156,231.34163,95844.04,0.0,1.5153564
2018-03-02 12:00:00,23.459045,9.508484,233.49461,96071.32,0.0,0.99139243
2018-03-03 12:00:00,22.502441,8.441681,192.95361,96549.53,0.0,0.6132793
2018-03-04 12:00:00,21.985046,7.145233,231.656,96669.34,9.792003e-09,0.5376037
2018-03-05 12:00:00,21.736511,8.160126,130.28865,96454.79,1.7660017e-08,0.39047843
2018-03-06 12:00:00,20.215027,4.859253,240.05289,96144.68,9.041857e-07,0.7572452
2018-03-07 12:00:00,20.84256,6.0643616,245.66704,95962.44,0.0,1.6245935
2018-03-08 12:00:00,20.531158,5.6887207,248.55132,95535.54,0.0,0.97459054
2018-03-09 12:00:00,18.933746,3.9599,248.57448,95698.29,0.0,0.65078276
2018-03-10 12:00:00,16.81192,6.379242,158.72227,95737.79,0.0,0.45992494
2018-03-11 12:00:00,14.773346,3.9247437,120.173996,95732.5,3.1776678e-06,0.77713674
2018-03-12 12:00:00,15.751373,4.1587524,245.85771,95671.586,1.5324344e-05,0.56246614
2018-03-13 12:00:00,18.452545,3.8797607,255.4799,96221.96,0.0,0.54089254
2018-03-14 12:00:00,19.350983,5.512726,236.63829,95957.234,0.0,0.8210687
2018-03-15 12:00:00,19.058258,5.6854553,246.19672,95924.336,1.0921816e-06,0.7023504
2018-03-16 12:00:00,18.35672,6.250702,201.64186,96028.23,2.2573381e-07,0.5116786
2018-03-17 12:00:00,17.272797,6.691681,188.61888,95818.83,1.6653748e-05,0.71220964
2018-03-18 12:00:00,15.672394,4.9404907,252.32669,95921.12,2.4543904e-05,0.53938824
2018-03-19 12:00:00,18.627289,5.593933,210.24724,95856.08,0.0,0.47041622
2018-03-20 12:00:00,18.418488,6.0030823,127.18969,95611.375,7.78149e-07,0.96371263
2018-03-21 12:00:00,14.934692,9.016846,32.95026,95198.03,0.001076076,1.416688
2018-03-22 12:00:00,10.944519,7.4575195,124.459076,95301.016,0.00053301157,0.66585314
2018-03-23 12:00:00,15.27298,5.4959717,268.7154,96047.72,9.666136e-08,0.50845927
2018-03-24 12:00:00,17.625977,7.095581,275.73532,96403.3,7.552943e-08,0.23663057
2018-03-25 12:00:00,18.340881,8.436035,260.12027,96175.14,0.0,0.39320913
2018-03-26 12:00:00,17.557648,9.92215,235.94073,95831.64,1.7894029e-06,0.3588312
2018-03-27 12:00:00,15.664795,8.595947,131.78821,95737.85,7.5177104e-06,0.7922864
2018-03-28 12:00:00,14.73233,10.139954,132.68065,95704.62,4.2496937e-05,0.75922775
2018-03-29 12:00:00,17.1427,9.493591,227.95752,95729.75,1.2223368e-05,0.8423364
2018-03-30 12:00:00,16.881287,9.478668,187.85675,95754.74,7.68028e-06,0.56242836
2018-03-31 12:00:00,15.46106,9.677063,213.48329,95810.766,5.606887e-06,0.44697633
2018-04-01 12:00:00,15.148987,9.259003,218.82942,95769.414,4.0570226e-06,0.7886183
2018-04-02 12:00:00,13.255035,7.0229187,248.64113,95493.734,6.8380655e-06,0.850842
2018-04-03 12:00:00,14.025818,6.932678,220.14104,95447.73,1.2374166e-05,0.18687035
2018-04-04 12:00:00,16.677612,7.9351807,282.01105,95766.25,5.917572e-06,0.30080783
2018-04-05 12:00:00,16.420868,8.819946,223.64574,96284.01,1.1003817e-06,0.6396424
2018-04-06 12:00:00,19.27835,9.24588,263.68036,96395.04,8.159232e-07,0.23923883
2018-04-07 12:00:00,20.45639,11.240875,227.16579,96148.51,0.0,0.2744805
2018-04-08 12:00:00,19.31546,9.0780945,280.62274,95990.625,1.3298609e-06,0.67007196
2018-04-09 12:00:00,17.548676,9.02179,230.21156,95733.98,4.6800374e-06,1.0248747
2018-04-10 12:00:00,13.732208,6.1507874,155.59,95844.695,4.2852444e-05,1.046473
2018-04-11 12:00:00,12.830017,4.803833,297.23282,95911.01,7.901758e-05,1.2499272
2018-04-12 12:00:00,19.96457,4.9092407,316.12802,96063.195,0.0,1.6417365
2018-04-13 12:00:00,23.894073,8.907288,318.887,96041.09,0.0,1.5550122
2018-04-14 12:00:00,27.080963,13.458618,318.93704,95913.62,0.0,1.7139933
2018-04-15 12:00:00,29.070099,13.013306,321.2283,95854.02,0.0,1.0267657
2018-04-16 12:00:00,29.269958,13.288727,318.8442,95909.484,0.0,1.0772502
2018-04-17 12:00:00,28.898895,11.347839,323.24152,95718.445,0.0,0.8822646
2018-04-18 12:00:00,27.57846,9.517822,321.36145,95725.95,5.14168e-09,0.6672309
2018-04-19 12:00:00,29.881256,11.078583,320.22003,95970.93,3.951591e-09,0.68236554
2018-04-20 12:00:00,32.663452,13.660156,322.50934,96155.14,0.0,0.7123732
2018-04-21 12:00:00,31.851624,14.452087,315.35443,96091.47,0.0,0.9996989
2018-04-22 12:00:00,28.693665,10.20813,273.00256,96023.74,4.119981e-07,0.8673248
2018-04-23 12:00:00,21.131805,10.467712,208.9744,95915.35,1.2232863e-06,0.8769852
2018-04-24 12:00:00,24.204163,9.098816,285.36768,95962.57,1.2504456e-06,0.52978265
2018-04-25 12:00:00,28.577423,11.330597,321.847,96066.04,0.0,0.5877884
2018-04-26 12:00:00,31.620148,13.498108,333.87598,95829.875,0.0,0.9037096
2018-04-27 12:00:00,30.094147,13.19693,301.31,95709.72,0.0,0.7249442
2018-04-28 12:00:00,25.14737,12.097931,202.31415,95707.805,4.532406e-06,1.0720513
2018-04-29 12:00:00,21.105713,11.500549,283.07858,95527.15,3.4548807e-06,1.1386538
2018-04-30 12:00:00,20.414795,9.289093,290.23923,95640.414,6.244333e-06,1.205953
2018-05-01 12:00:00,18.968323,7.541687,308.9719,95953.555,1.7435827e-06,0.9642
2018-05-02 12:00:00,19.642212,8.880859,255.39421,96053.04,5.1527772e-06,0.8942934
2018-05-03 12:00:00,31.144897,9.634155,332.66867,95902.555,0.0,0.7493801
2018-05-04 12:00:00,32.90564,17.624695,340.99677,95648.375,0.0,0.6420269
2018-05-05 12:00:00,32.024292,12.736481,333.52786,95678.36,0.0,0.67760694
2018-05-06 12:00:00,26.249298,10.956268,340.35062,95716.61,1.5970096e-07,0.7264086
2018-05-07 12:00:00,22.323364,10.037872,225.44173,95562.805,2.9704431e-06,1.1250837
2018-05-08 12:00:00,23.224854,6.4496765,349.85953,95320.414,1.0476234e-06,0.5125395
2018-05-09 12:00:00,22.72882,8.305939,338.5452,95332.58,0.0,0.9896897
2018-05-10 12:00:00,20.697021,8.71109,289.30496,95753.63,2.8957636e-06,1.1671206
2018-05-11 12:00:00,18.063965,6.725769,203.4396,95850.21,3.944875e-09,0.57609135
2018-05-12 12:00:00,18.194916,8.27121,247.919,95648.21,1.824313e-06,0.9710071
2018-05-13 12:00:00,19.454163,9.860291,286.11133,95911.61,5.388217e-06,1.3369488
2018-05-14 12:00:00,18.690338,7.5303345,172.66122,95652.0,2.9148089e-06,1.0356809
2018-05-15 12:00:00,15.347778,10.977783,110.474686,95616.39,2.927645e-05,1.3300976
2018-05-16 12:00:00,19.567963,11.035706,260.80405,95762.15,1.1052806e-05,1.2606256
2018-05-17 12:00:00,19.215057,10.772034,163.26823,95511.03,1.08760505e-05,1.1069678
2018-05-18 12:00:00,15.633606,9.673492,194.83728,95585.27,4.366567e-05,1.3591123
2018-05-19 12:00:00,17.313843,8.239563,232.48375,95893.91,3.3534568e-06,1.0066283
2018-05-20 12:00:00,15.334534,11.354431,284.65445,95890.6,0.000114954455,1.0735209
2018-05-21 12:00:00,14.745483,8.564148,212.02774,95819.54,1.3034966e-05,1.1018281
2018-05-22 12:00:00,18.782715,9.188568,336.2544,95756.54,2.7783844e-06,0.7191428
2018-05-23 12:00:00,19.82193,8.468811,353.92242,95510.52,0.0,0.37844792
2018-05-24 12:00:00,19.3927,8.663483,261.7712,95509.484,4.013369e-06,1.0637959
2018-05-25 12:00:00,17.163513,11.356445,170.088,95682.21,3.141865e-05,1.3312817
2018-05-26 12:00:00,20.398071,11.671326,317.89963,95806.94,9.675513e-06,1.2801896
2018-05-27 12:00:00,21.554962,10.735962,325.14862,95937.54,2.6916393e-06,0.9987601
2018-05-28 12:00:00,23.529358,9.68573,348.85626,95969.14,4.1506266e-07,0.767251
2018-05-29 12:00:00,24.292877,10.935455,333.37323,95688.86,3.8932671e-07,0.7978631
2018-05-30 12:00:00,23.8013,11.522186,335.78442,95622.81,1.365029e-06,0.8784343
2018-05-31 12:00:00,24.520813,11.952972,338.21698,95699.195,6.839708e-07,0.83663625
2018-06-01 12:00:00,25.370178,11.233887,351.84946,95658.25,4.0411246e-07,0.6909811
2018-06-02 12:00:00,28.661743,11.309479,356.29742,95644.14,0.0,0.7879236
2018-06-03 12:00:00,27.07013,12.28183,348.9904,95690.93,1.6723571e-06,0.9823348
2018-06-04 12:00:00,23.88971,13.208984,311.3356,95734.1,6.3540856e-06,1.2853333
2018-06-05 12:00:00,25.83136,10.411194,360.94214,95719.03,6.4266374e-09,0.843874
2018-06-06 12:00:00,25.280792,9.820679,364.9551,95777.75,0.0,0.8912478
2018-06-07 12:00:00,27.584412,10.474609,366.0813,95832.39,0.0,0.5643415
2018-06-08 12:00:00,28.864471,11.792053,362.8173,95738.914,0.0,0.7665927
2018-06-09 12:00:00,27.305817,11.672668,358.36057,95695.5,0.0,1.098242
2018-06-10 12:00:00,23.846344,12.337738,329.31256,95837.375,3.3380736e-06,0.9940629
2018-06-11 12:00:00,24.991821,11.180084,362.94754,95862.27,0.0,0.9808268
2018-06-12 12:00:00,24.056274,10.479645,297.55823,95839.79,5.6138088e-06,1.2273433
2018-06-13 12:00:00,25.221283,9.54071,366.3787,96109.836,0.0,0.20512538
2018-06-14 12:00:00,29.355469,12.475555,367.5334,96090.68,0.0,0.6107939
2018-06-15 12:00:00,29.365112,12.557434,366.3968,95910.914,0.0,0.7096188
2018-06-16 12:00:00,28.484894,12.049927,362.45273,95708.49,4.2355714e-09,0.9662847
2018-06-17 12:00:00,27.709412,13.08252,362.26163,95625.18,0.0,0.7896238
2018-06-18 12:00:00,29.931274,13.169647,364.7615,95666.195,0.0,0.6231101
2018-06-19 12:00:00,30.397125,12.788696,364.99423,95742.73,0.0,0.7434321
2018-06-20 12:00:00,32.21869,14.651947,364.88895,95619.19,0.0,0.4097572
2018-06-21 12:00:00,31.530548,15.767853,365.57626,95471.7,0.0,0.5968774
2018-06-22 12:00:00,30.322601,12.965179,369.39465,95697.41,1.1425238e-07,1.0120342
2018-06-23 12:00:00,28.747223,11.708069,370.6105,95782.85,1.2373779e-09,0.6751236
2018-06-24 12:00:00,27.982422,10.48172,369.8009,95621.38,0.0,0.82224274
2018-06-25 12:00:00,25.914429,11.004944,361.20468,95629.664,3.2807932e-08,1.0354137
2018-06-26 12:00:00,26.512238,10.921326,364.21625,95979.25,0.0,0.9327163
2018-06-27 12:00:00,27.04309,12.177185,361.4123,96115.97,0.0,0.9824827
2018-06-28 12:00:00,26.515198,12.286133,361.05066,95947.94,1.0295252e-08,1.1059635
2018-06-29 12:00:00,25.318146,12.529694,327.90546,95747.37,1.5762674e-06,1.1401103
2018-06-30 12:00:00,25.49945,11.374878,361.85294,95829.11,0.0,1.1092077
2018-07-01 12:00:00,27.131409,12.698242,333.00244,95966.89,0.0,0.8983388
2018-07-02 12:00:00,29.21051,13.489014,360.29816,95908.01,0.0,0.72091746
2018-07-03 12:00:00,29.009857,13.81665,360.23306,95812.94,0.0,0.9766323
2018-07-04 12:00:00,31.150146,13.927399,361.45468,95720.95,0.0,0.74595267
2018-07-05 12:00:00,32.475983,17.194214,341.8042,95665.79,0.0,0.7263728
2018-07-06 12:00:00,31.207306,13.431152,290.0708,95717.69,0.0,0.6337441
2018-07-07 12:00:00,28.498749,11.500275,366.27582,95810.03,0.0,0.7299001
2018-07-08 12:00:00,27.634613,10.853943,364.98404,95833.97,0.0,0.8724514
2018-07-09 12:00:00,27.150696,10.525085,365.98035,95826.34,0.0,0.8802375
2018-07-10 12:00:00,26.870667,10.69696,361.9324,95896.664,0.0,0.8603664
2018-07-11 12:00:00,27.63913,12.198578,358.97012,95792.86,0.0,0.9796502
2018-07-12 12:00:00,28.685944,13.419647,358.12292,95708.68,0.0,0.9781852
2018-07-13 12:00:00,27.644989,13.388092,353.27344,95682.26,1.2164745e-07,1.110918
2018-07-14 12:00:00,28.912354,12.937073,354.5438,95785.64,7.885843e-08,0.8127871
2018-07-15 12:00:00,31.277588,14.249786,355.8883,95820.94,0.0,0.7246239
2018-07-16 12:00:00,30.889557,14.735016,355.96173,95968.45,8.579193e-08,0.86423105
2018-07-17 12:00:00,30.221405,12.7864685,360.27695,96111.45,0.0,0.98641866
2018-07-18 12:00:00,30.862854,13.447601,360.0667,96078.43,0.0,0.88324344
2018-07-19 12:00:00,29.902863,12.18808,359.38583,95957.63,0.0,0.9689754
2018-07-20 12:00:00,28.643402,12.5563965,356.56616,95899.484,1.2033907e-07,0.7557353
2018-07-21 12:00:00,31.269745,12.669403,359.68552,95997.69,0.0,0.55538124
2018-07-22 12:00:00,35.20868,14.496643,358.34317,95888.47,0.0,0.47642988
2018-07-23 12:00:00,36.847992,17.758911,352.7132,95676.84,0.0,0.3277461
2018-07-24 12:00:00,35.228424,17.95337,348.79398,95543.52,0.0,0.42234313
2018-07-25 12:00:00,35.7695,16.393585,345.99655,95513.83,1.235133e-08,0.68312776
2018-07-26 12:00:00,34.800262,18.742584,330.38895,95544.35,0.0,0.6148304
2018-07-27 12:00:00,35.192932,18.205414,293.30945,95625.06,0.0,0.54099655
2018-07-28 12:00:00,35.29712,21.115967,259.64908,95822.2,0.0,0.3975708
2018-07-29 12:00:00,35.151184,20.743011,237.58023,95957.57,0.0,0.62635726
2018-07-30 12:00:00,35.602753,20.724976,325.51202,95794.97,1.5728736e-08,0.718804
2018-07-31 12:00:00,35.475525,19.50116,334.18494,95523.266,4.484479e-09,0.7022264
2018-08-01 12:00:00,35.813934,19.114227,335.90848,95475.0,0.0,0.649289
2018-08-02 12:00:00,34.540344,17.32431,332.9123,95733.72,1.058174e-08,1.0261317
2018-08-03 12:00:00,31.738953,16.770905,334.96786,95771.25,0.0,0.93314314
2018-08-04 12:00:00,29.932373,14.026733,337.1391,95674.68,3.9516314e-07,1.0824946
2018-08-05 12:00:00,27.424438,14.616394,332.7882,95797.78,5.689019e-07,1.1041006
2018-08-06 12:00:00,29.407532,13.792053,337.1376,95853.83,0.0,0.68098074
2018-08-07 12:00:00,33.79489,15.582916,340.13052,95758.52,0.0,0.45578837
2018-08-08 12:00:00,33.84366,16.705841,327.03058,95854.23,0.0,0.71522427
2018-08-09 12:00:00,34.569305,18.070435,295.76385,95923.48,1.0086902e-08,0.5540771
2018-08-10 12:00:00,33.99768,17.4104,314.74603,95808.89,0.0,0.7401661
2018-08-11 12:00:00,34.877075,17.54599,326.93085,95705.445,2.625864e-08,0.61369133
2018-08-12 12:00:00,34.774292,17.505127,326.3005,95697.445,6.7063373e-09,0.59689915
2018-08-13 12:00:00,34.186554,16.672455,326.8269,95515.63,6.6025057e-09,0.69461036
2018-08-14 12:00:00,33.099518,17.107605,322.69305,95483.37,0.0,0.7270475
2018-08-15 12:00:00,33.029602,16.916687,321.2255,95746.42,0.0,0.55738324
2018-08-16 12:00:00,32.37668,16.221283,297.6724,96052.484,1.629202e-08,0.5511509
2018-08-17 12:00:00,31.910614,15.605072,301.62033,96044.4,4.1047223e-09,0.7146086
2018-08-18 12:00:00,31.112885,13.735046,323.7404,95999.18,5.3980276e-08,0.6213836
2018-08-19 12:00:00,29.878967,11.861176,330.1413,95867.86,0.0,0.7864978
2018-08-20 12:00:00,28.706696,12.533691,322.07242,95843.74,0.0,0.610114
2018-08-21 12:00:00,31.24002,14.679138,304.55713,95932.15,0.0,0.5165116
2018-08-22 12:00:00,30.529999,14.376434,319.3568,96011.734,4.7677218e-09,0.7555098
2018-08-23 12:00:00,28.490143,11.841644,317.74457,95969.83,0.0,0.83970946
2018-08-24 12:00:00,27.345917,12.074249,312.4424,95911.54,0.0,0.8946302
2018-08-25 12:00:00,28.546844,13.201996,313.72403,95952.86,0.0,0.6664069
2018-08-26 12:00:00,31.095612,13.69928,307.65582,96084.055,0.0,0.509075
2018-08-27 12:00:00,35.970154,17.454803,305.432,96011.02,0.0,0.6735926
2018-08-28 12:00:00,35.035522,19.880737,305.99762,95848.64,0.0,1.186255
2018-08-29 12:00:00,32.956207,15.120575,309.70834,95962.48,2.2087798e-08,0.58410966
2018-08-30 12:00:00,33.743347,14.258972,313.01016,96192.12,0.0,0.58869594
2018-08-31 12:00:00,37.739655,16.531555,267.96317,96087.19,0.0,0.6129684
2018-09-01 12:00:00,37.517456,20.791534,295.2449,95634.53,0.0,0.3522171
2018-09-02 12:00:00,35.994537,17.529236,297.89774,95490.195,0.0,0.80300385
2018-09-03 12:00:00,34.416626,17.410675,293.359,95734.195,0.0,0.3920422
2018-09-04 12:00:00,33.645203,18.310852,286.064,95922.51,0.0,0.51488805
2018-09-05 12:00:00,32.673615,17.822449,278.35892,95902.64,1.4140481e-07,0.71246535
2018-09-06 12:00:00,30.938446,17.884094,286.49152,95917.18,1.7400695e-09,0.8257404
2018-09-07 12:00:00,32.67749,17.230835,286.36276,95974.44,0.0,0.5355037
2018-09-08 12:00:00,31.825165,17.272583,281.55267,95896.516,0.0,0.52843755
2018-09-09 12:00:00,30.209839,18.016632,279.76294,95957.75,2.5926115e-06,0.7483409
2018-09-10 12:00:00,29.330688,12.603241,288.80215,96062.5,0.0,0.4495012
2018-09-11 12:00:00,30.665771,13.740112,285.81223,96051.25,0.0,0.49423623
2018-09-12 12:00:00,33.57715,15.142456,283.90976,95932.23,0.0,0.41934302
2018-09-13 12:00:00,32.918243,15.383057,269.52496,95805.195,1.8470834e-08,0.5532775
2018-09-14 12:00:00,30.81308,15.246674,260.97705,95729.11,0.0,0.74330485
2018-09-15 12:00:00,28.686584,13.263306,277.0451,95707.016,3.129769e-08,0.6763337
2018-09-16 12:00:00,27.15625,11.118805,280.1283,95779.47,1.1949045e-07,0.43742532
2018-09-17 12:00:00,27.68451,10.636017,278.0878,95936.83,0.0,0.42307854
2018-09-18 12:00:00,31.80774,12.418243,277.51407,96030.1,0.0,0.60896975
2018-09-19 12:00:00,32.782135,15.931885,263.1145,95858.22,0.0,0.5752411
2018-09-20 12:00:00,30.714996,13.786774,272.2701,95582.055,0.0,0.7212129
2018-09-21 12:00:00,28.480103,14.429199,138.37201,95614.984,0.0,0.7554386
2018-09-22 12:00:00,29.068146,14.267944,250.94334,95649.16,0.0,0.52104455
2018-09-23 12:00:00,33.424103,15.637756,255.76323,95750.24,0.0,0.27990562
2018-09-24 12:00:00,35.006256,19.39624,229.11026,95765.85,0.0,0.9140905
2018-09-25 12:00:00,34.23761,20.394928,201.74553,95657.26,1.3533796e-07,0.3593268
2018-09-26 12:00:00,33.664032,19.465271,250.87575,95553.63,4.7117416e-10,0.75878805
2018-09-27 12:00:00,32.004395,16.130524,252.3427,95531.88,0.0,0.5354087
2018-09-28 12:00:00,33.4834,16.069794,248.741,95685.945,0.0,0.38422972
2018-09-29 12:00:00,34.470856,18.233917,243.26205,95729.2,0.0,0.61003476
2018-09-30 12:00:00,33.460022,19.37445,239.4896,95597.5,0.0,0.9461204
2018-10-01 12:00:00,31.62735,15.951447,248.06708,95666.305,1.1342007e-07,0.59083706
2018-10-02 12:00:00,30.699677,12.832306,246.4,95679.34,0.0,0.364246
2018-10-03 12:00:00,29.216003,13.251251,244.14655,95487.18,0.0,0.552526
2018-10-04 12:00:00,29.21695,12.597168,243.79292,95461.445,0.0,0.6029403
2018-10-05 12:00:00,31.834534,14.792694,243.51804,95822.27,0.0,1.0568211
2018-10-06 12:00:00,31.171997,16.993622,244.20767,96174.016,0.0,2.3368895
2018-10-07 12:00:00,31.061676,21.036835,246.50665,96299.45,0.0,2.487413
2018-10-08 12:00:00,32.62152,19.009918,242.62126,96219.0,0.0,1.0965884
2018-10-09 12:00:00,34.48813,18.609314,231.43016,95920.12,0.0,0.66396904
2018-10-10 12:00:00,32.638367,15.049347,197.26747,95805.086,0.0,0.6498209
2018-10-11 12:00:00,30.251678,13.055145,229.51463,95931.81,0.0,0.54607785
2018-10-12 12:00:00,32.75653,13.889038,225.84381,96101.87,0.0,0.4372861
2018-10-13 12:00:00,36.404633,18.681122,225.44234,96100.16,0.0,0.7045949
2018-10-14 12:00:00,38.32309,18.953522,222.95132,95997.195,0.0,0.9612754
2018-10-15 12:00:00,37.22812,17.475647,219.85121,95944.15,0.0,0.66634864
2018-10-16 12:00:00,33.410126,15.145203,217.1706,95911.95,0.0,0.40659478
2018-10-17 12:00:00,31.02481,16.25711,90.44468,95860.01,2.9482278e-05,0.33155692
2018-10-18 12:00:00,22.422363,14.485474,199.09328,95669.54,1.2970468e-05,0.5063248
2018-10-19 12:00:00,23.002808,11.540192,208.94185,95697.1,1.7709623e-07,0.44711527
2018-10-20 12:00:00,31.601624,14.1622925,209.40747,95661.234,0.0,0.8347052
2018-10-21 12:00:00,30.623993,14.210724,206.11354,95891.66,3.0815666e-09,0.25917113
2018-10-22 12:00:00,30.596802,13.893066,199.85545,96042.13,0.0,0.48159447
2018-10-23 12:00:00,32.649994,15.694244,203.90057,95932.82,0.0,0.95041174
2018-10-24 12:00:00,30.628662,14.670227,201.25143,95766.38,0.0,0.34638473
2018-10-25 12:00:00,24.660248,8.561951,204.27556,95695.61,0.0,1.1593333
2018-10-26 12:00:00,25.811768,11.635162,202.59004,96026.89,0.0,1.3702532
2018-10-27 12:00:00,24.809357,10.21814,199.21638,95988.1,0.0,0.60165125
2018-10-28 12:00:00,26.150879,8.1267395,196.89682,95986.086,0.0,1.1347009
2018-10-29 12:00:00,28.501373,12.949341,196.97038,96019.72,0.0,0.9497414
2018-10-30 12:00:00,26.313904,10.660706,176.35762,95728.21,0.0,0.6302305
2018-10-31 12:00:00,22.37207,7.62735,190.75845,95747.88,0.0,0.3793217
2018-11-01 12:00:00,21.799011,6.766571,187.83643,95851.695,0.0,0.19303612
2018-11-02 12:00:00,20.344025,7.3836365,179.6213,95842.76,0.0,0.8015047
2018-11-03 12:00:00,18.52066,9.950409,155.00392,95803.73,2.794152e-06,0.552963
2018-11-04 12:00:00,17.653748,8.774445,101.409325,95949.016,3.1990098e-06,0.3697059
2018-11-05 12:00:00,21.368652,12.016754,168.62619,96165.56,1.3630147e-05,0.41623846
2018-11-06 12:00:00,21.393738,7.4272156,184.1551,96369.49,0.0,2.2539604
2018-11-07 12:00:00,21.93396,14.197601,188.39459,96606.67,0.0,3.7501128
2018-11-08 12:00:00,25.213745,11.963196,187.79863,96652.805,0.0,2.0997398
2018-11-09 12:00:00,24.07248,11.629761,136.57878,96418.08,0.0,1.5911207
2018-11-10 12:00:00,22.857117,10.9617,70.08519,96132.68,6.3318694e-06,0.5243629
2018-11-11 12:00:00,18.05066,5.8505554,169.83766,96136.07,3.645568e-08,0.28859687
2018-11-12 12:00:00,19.849396,5.3359985,173.04031,96286.09,0.0,1.565575
2018-11-13 12:00:00,23.442505,9.761169,172.38884,96604.49,0.0,1.853788
2018-11-14 12:00:00,26.029358,9.199585,169.8476,96271.31,0.0,1.515714
2018-11-15 12:00:00,29.356964,10.441437,168.0131,96066.016,0.0,1.4412955
2018-11-16 12:00:00,29.204681,17.431091,165.58224,96075.31,0.0,1.9229631
2018-11-17 12:00:00,29.356812,14.151672,164.51962,95972.6,0.0,1.4330928
2018-11-18 12:00:00,28.254883,14.103912,162.78922,95562.79,0.0,0.6492766
2018-11-19 12:00:00,25.129211,8.270905,161.92892,95289.484,0.0,0.6416962
2018-11-20 12:00:00,17.60257,7.542938,116.92613,95395.69,9.4953775e-06,0.7052853
2018-11-21 12:00:00,18.023895,4.2295227,160.2795,95892.57,9.750712e-08,0.86566657
2018-11-22 12:00:00,18.939178,4.709198,162.03824,96297.99,0.0,1.4766791
2018-11-23 12:00:00,19.816956,6.483551,120.06145,96635.484,0.0,1.0639842
2018-11-24 12:00:00,17.684387,6.250885,154.88426,96372.88,0.0,0.48105925
2018-11-25 12:00:00,17.442444,4.3497925,149.03351,96423.055,0.0,0.45916998
2018-11-26 12:00:00,21.721191,6.4421387,147.66418,96416.766,0.0,0.0921092
2018-11-27 12:00:00,22.661102,8.399139,142.63864,96084.04,0.0,0.48136112
2018-11-28 12:00:00,22.05899,5.804016,151.85426,96010.47,3.2392595e-08,0.86697245
2018-11-29 12:00:00,22.982788,10.808136,150.13263,96447.875,0.0,1.8025591
2018-11-30 12:00:00,23.67929,9.295563,143.9785,96461.5,0.0,1.8472353
2018-12-01 12:00:00,25.742737,10.631439,145.51845,96446.47,0.0,1.8439473
2018-12-02 12:00:00,26.73407,13.060303,145.41893,96160.945,0.0,0.9167793
2018-12-03 12:00:00,27.77649,9.345825,147.2965,96117.734,0.0,0.8606153
2018-12-04 12:00:00,28.837708,11.011169,143.46779,96181.27,0.0,0.9731196
2018-12-05 12:00:00,26.256409,9.645477,141.35509,95957.586,0.0,0.537161
2018-12-06 12:00:00,22.334045,8.159485,126.814354,95701.31,7.5846737e-07,0.8357693
2018-12-07 12:00:00,17.3396,4.519806,140.37411,95661.52,1.8067537e-06,0.87078094
2018-12-08 12:00:00,16.811218,4.1015015,142.2488,96059.43,0.0,1.6550137
2018-12-09 12:00:00,16.095459,4.2154236,140.31842,96622.46,0.0,1.1545094
2018-12-10 12:00:00,17.001831,3.3772888,140.32822,96155.48,0.0,0.57281303
2018-12-11 12:00:00,18.080048,6.649231,140.99649,96377.76,0.0,1.3983028
2018-12-12 12:00:00,18.950012,5.1593933,141.3405,96685.72,0.0,0.8450241
2018-12-13 12:00:00,22.48764,5.3380127,142.91115,96907.72,0.0,1.1655458
2018-12-14 12:00:00,22.54718,8.225769,124.327034,96809.82,0.0,0.9376659
2018-12-15 12:00:00,24.189453,9.307556,109.80528,96587.55,0.0,0.51565564
2018-12-16 12:00:00,23.471619,11.319702,80.04831,96596.61,0.0,0.7689612
2018-12-17 12:00:00,23.977325,10.844482,98.52417,96442.68,0.0,0.5090279
2018-12-18 12:00:00,22.850342,8.704895,99.329124,96230.89,0.0,0.39125222
2018-12-19 12:00:00,23.58905,8.938782,133.24696,96494.72,0.0,0.31251866
2018-12-20 12:00:00,23.177948,9.558929,120.6998,96605.97,2.1607788e-10,0.53427374
2018-12-21 12:00:00,21.516144,9.4566345,133.98996,96448.2,0.0,0.48981652
2018-12-22 12:00:00,18.484406,5.7057495,127.30592,96311.53,9.3160963e-07,0.5437795
2018-12-23 12:00:00,17.253143,2.008545,135.16345,96592.44,4.9196225e-09,1.6005694
2018-12-24 12:00:00,20.454254,6.69928,134.1092,96814.016,0.0,1.5112691
2018-12-25 12:00:00,22.075134,8.852722,126.86452,96366.41,0.0,0.565264
2018-12-26 12:00:00,21.983887,4.368927,136.83351,96041.84,0.0,0.5841054
2018-12-27 12:00:00,22.574097,8.454926,138.61623,96127.836,0.0,0.6543096
2018-12-28 12:00:00,20.739166,6.745056,124.698814,96035.69,0.0,0.42900681
2018-12-29 12:00:00,18.286957,3.3981934,129.81946,95987.83,8.7696617e-07,0.8026097
2018-12-30 12:00:00,15.862488,5.1163025,133.36137,95986.58,1.8571906e-06,0.5935828
2018-12-31 12:00:00,16.370544,5.264221,80.27337,96191.15,0.0,1.1937822
2019-01-01 12:00:00,22.06195,6.910797,138.70624,96105.38,0.0,1.6615021
2019-01-02 12:00:00,25.439697,10.843964,139.7812,96196.9,0.0,1.6626859
2019-01-03 12:00:00,25.942139,12.547302,142.22836,96240.83,0.0,1.3789754
2019-01-04 12:00:00,23.49759,8.598663,106.691635,96162.805,0.0,0.6561143
2019-01-05 12:00:00,18.115479,4.503998,137.74965,96233.84,9.979018e-07,0.815713
2019-01-06 12:00:00,14.945892,4.835724,114.93901,96410.98,3.837881e-06,0.40815184
2019-01-07 12:00:00,19.473602,4.4710083,141.24078,96484.664,2.4364038e-08,0.47167468
2019-01-08 12:00:00,20.108429,7.9141846,101.65993,96370.62,0.0,0.42010444
2019-01-09 12:00:00,18.18396,9.088135,80.106,96110.78,3.8499827e-08,0.6150918
2019-01-10 12:00:00,21.826233,2.8902588,147.65536,96177.11,9.011532e-09,1.2308401
2019-01-11 12:00:00,24.186157,7.440918,151.85738,96743.61,0.0,1.6747572
2019-01-12 12:00:00,23.672821,9.800629,132.75566,96849.38,0.0,1.1226096
2019-01-13 12:00:00,21.693268,8.490662,111.67555,96479.516,0.0,0.43646342
2019-01-14 12:00:00,19.540985,4.5143127,139.47215,96019.91,1.4698638e-07,0.69149923
2019-01-15 12:00:00,19.263153,4.223938,135.78181,96381.51,0.0,1.8390913
2019-01-16 12:00:00,18.375702,8.8741455,110.99102,97025.18,0.0,1.7901288
2019-01-17 12:00:00,19.739624,9.020325,72.78744,96786.1,0.0,2.0933855
2019-01-18 12:00:00,22.888214,16.059814,132.599,96328.12,0.0,2.7957268
2019-01-19 12:00:00,22.14743,11.6091,92.236374,96187.77,0.0,0.85139316
2019-01-20 12:00:00,20.105133,10.64978,37.562347,96009.63,0.00013804682,1.4936111
2019-01-21 12:00:00,13.852264,9.734222,113.72207,96170.11,6.384242e-05,0.94138587
2019-01-22 12:00:00,14.148224,9.073425,103.24644,96298.47,2.961543e-05,0.7697332
2019-01-23 12:00:00,16.08722,6.8687744,155.91783,96293.375,2.1275828e-06,0.6874215
2019-01-24 12:00:00,19.035767,8.266266,162.25644,96327.92,2.9737413e-07,1.467683
2019-01-25 12:00:00,19.758545,9.357117,161.27637,96537.55,0.0,1.5693213
2019-01-26 12:00:00,19.89853,9.6651,164.50455,96454.375,0.0,1.3970901
2019-01-27 12:00:00,20.016266,7.899475,166.25893,96403.266,0.0,0.68820184
2019-01-28 12:00:00,19.612732,8.113678,133.15103,96474.0,0.0,0.9938321
2019-01-29 12:00:00,19.11496,9.61441,91.55935,96330.3,0.0,1.5399698
2019-01-30 12:00:00,16.9216,11.681061,80.01441,96236.91,3.6806176e-07,1.0504282
2019-01-31 12:00:00,15.786041,5.2305603,168.69861,96280.555,8.54057e-09,0.5960811
2019-02-01 12:00:00,17.76648,4.9319763,159.77971,96443.875,1.5369365e-07,0.47528028
2019-02-02 12:00:00,20.026276,6.946594,153.38675,96192.6,0.0,0.3955447
2019-02-03 12:00:00,19.08966,7.0496216,107.36857,95817.07,2.240726e-08,0.41783246
2019-02-04 12:00:00,18.773895,4.468445,177.93141,95908.63,2.202781e-06,0.27527866
2019-02-05 12:00:00,22.651855,6.8790283,176.65067,95966.69,0.0,0.35108063
2019-02-06 12:00:00,22.058105,8.260895,185.2734,95771.11,0.0,0.46005023
2019-02-07 12:00:00,21.217163,6.3402405,181.77939,96039.02,0.0,0.29565847
2019-02-08 12:00:00,22.291016,7.168762,184.57843,96394.04,0.0,0.22457157
2019-02-09 12:00:00,25.10608,9.535461,186.10101,96505.11,0.0,0.5412876
2019-02-10 12:00:00,24.127167,11.993988,87.91041,95913.4,0.0,0.1628417
2019-02-11 12:00:00,18.951935,7.5294495,142.8359,95565.516,9.924111e-06,1.051704
2019-02-12 12:00:00,11.580688,1.1091309,189.1095,95954.375,0.0,1.4014832
2019-02-13 12:00:00,13.208618,1.0224304,199.67796,95970.47,0.0,1.0432576
2019-02-14 12:00:00,12.3993225,3.6316528,58.231167,95862.94,0.00018644416,0.9199674
2019-02-15 12:00:00,10.055603,1.1062927,194.73618,95800.43,3.179581e-06,1.1996554
2019-02-16 12:00:00,10.819366,6.6023865,71.562256,96227.36,7.067707e-05,0.23630442
2019-02-17 12:00:00,14.106781,6.2437744,167.92096,96701.03,2.5143934e-05,0.36898512
2019-02-18 12:00:00,19.108734,6.430176,200.78671,96817.02,1.3438616e-07,0.7496232
2019-02-19 12:00:00,18.49121,10.150696,194.80466,96280.93,1.641165e-09,0.43879893
2019-02-20 12:00:00,15.038513,3.383667,201.11298,95944.09,2.1457033e-07,0.4763082
2019-02-21 12:00:00,15.828003,4.784149,207.96104,96192.695,0.0,0.37723452
2019-02-22 12:00:00,16.613678,5.409729,199.45601,96096.85,0.0,0.5688897
2019-02-23 12:00:00,18.150635,2.7201538,214.84462,95966.91,1.0163085e-06,0.8551839
2019-02-24 12:00:00,17.736206,4.1319885,226.28012,96552.63,0.0,1.5434314
2019-02-25 12:00:00,18.444733,4.1196594,225.0527,96803.48,0.0,0.36825505
2019-02-26 12:00:00,18.686707,4.8933105,219.86246,96457.945,0.0,0.2132841
2019-02-27 12:00:00,23.019897,6.0436707,207.26294,96438.97,0.0,0.6518617
2019-02-28 12:00:00,22.004364,6.8740234,210.94382,96605.266,0.0,0.63492703
2019-03-01 12:00:00,18.08844,4.4361267,235.08025,96074.31,5.6625277e-06,0.96782357
2019-03-02 12:00:00,21.590668,5.553894,235.59065,96277.34,0.0,1.4446996
2019-03-03 12:00:00,22.388458,7.5708923,236.34912,96898.2,0.0,0.38150626
2019-03-04 12:00:00,22.103851,8.038788,205.3879,96585.52,0.0,0.68155944
2019-03-05 12:00:00,22.31314,8.470215,217.32957,95725.96,0.0,0.77672106
2019-03-06 12:00:00,20.425323,5.808197,238.79182,95625.14,2.8024855e-08,0.7076485
2019-03-07 12:00:00,18.935455,4.500458,242.29083,95868.08,0.0,0.6949038
2019-03-08 12:00:00,21.394073,4.8666077,237.70499,96183.36,9.91269e-09,0.35732618
2019-03-09 12:00:00,25.480682,9.671539,254.96594,96385.72,0.0,0.6612867
2019-03-10 12:00:00,24.395386,8.198029,198.77321,96416.02,0.0,0.6858392
2019-03-11 12:00:00,23.575165,6.5508423,256.19498,96216.83,4.1919253e-11,0.7109188
2019-03-12 12:00:00,26.331085,9.428009,255.98195,96243.65,0.0,0.4857952
2019-03-13 12:00:00,25.157532,8.148926,260.20724,96074.96,0.0,0.66222155
2019-03-14 12:00:00,22.485565,5.5897217,246.70944,95557.805,3.191893e-07,0.7233174
2019-03-15 12:00:00,19.108765,5.045105,259.13327,95461.66,1.2872829e-05,1.2825605
2019-03-16 12:00:00,21.338654,4.7948,262.12958,95818.27,3.8210672e-08,0.5522168
2019-03-17 12:00:00,24.365845,7.705536,267.56195,96242.79,0.0,1.5300475
2019-03-18 12:00:00,27.80661,12.494507,273.1596,96591.22,0.0,1.5537412
2019-03-19 12:00:00,29.631958,13.933655,275.18784,96553.47,0.0,1.012503
2019-03-20 12:00:00,30.103271,13.27475,274.20236,96358.09,0.0,0.46251172
2019-03-21 12:00:00,28.909943,10.72879,257.24683,95999.62,0.0,0.63373685
2019-03-22 12:00:00,26.10794,7.726166,276.11307,95940.08,0.0,0.76708406
2019-03-23 12:00:00,22.931885,6.8036194,259.0466,95906.51,0.0,0.8035275
2019-03-24 12:00:00,19.931458,4.7411194,274.648,95930.17,6.9006836e-09,0.84610474
2019-03-25 12:00:00,18.631714,5.3243713,272.83405,96213.23,0.0,0.5515659
2019-03-26 12:00:00,18.16269,5.858246,142.99226,96175.82,5.936798e-06,0.60960597
2019-03-27 12:00:00,21.061218,5.6048584,275.3063,95876.336,7.738514e-06,0.756076
2019-03-28 12:00:00,21.000366,6.798584,271.1617,96011.27,0.0,0.35957208
2019-03-29 12:00:00,19.401031,6.8726807,213.80688,96052.71,1.4944473e-05,1.0788494
2019-03-30 12:00:00,16.151703,5.8232117,294.47943,96088.34,0.0,2.215872
2019-03-31 12:00:00,17.826508,5.742798,300.43457,96104.84,0.0,2.0248902
2019-04-01 12:00:00,19.37613,5.236023,298.71057,96197.8,0.0,0.75163
2019-04-02 12:00:00,17.33136,6.5596924,304.3734,95394.11,0.0,1.7407634
2019-04-03 12:00:00,20.4357,6.833252,303.33636,96099.98,0.0,1.1316863
2019-04-04 12:00:00,24.735321,6.6483765,307.27576,96265.56,0.0,1.0764612
2019-04-05 12:00:00,24.414825,8.38678,303.41138,95855.086,0.0,0.8354408
2019-04-06 12:00:00,22.528168,6.287567,287.50082,95706.805,1.4488111e-06,0.6381416
2019-04-07 12:00:00,22.102753,8.62912,268.88614,95664.05,0.0,0.35532784
2019-04-08 12:00:00,20.743347,8.521881,217.25943,95703.1,1.3191458e-06,1.050393
2019-04-09 12:00:00,17.268036,9.12381,157.47324,95656.42,2.2170358e-05,0.9858857
2019-04-10 12:00:00,22.50534,7.2211304,305.73764,95821.766,5.496465e-08,0.6390142
2019-04-11 12:00:00,26.475037,9.415039,297.80963,95956.61,0.0,0.45492575
2019-04-12 12:00:00,25.03711,9.917572,310.78793,96044.32,0.0,0.4796281
2019-04-13 12:00:00,22.891052,6.9664307,310.12964,96178.43,3.7261806e-08,0.8662025
2019-04-14 12:00:00,20.919037,8.204224,278.84564,96033.6,9.3413263e-07,0.6937904
2019-04-15 12:00:00,19.240051,9.68277,187.0404,95945.836,8.821061e-06,1.1266093
2019-04-16 12:00:00,17.604187,9.982452,288.91916,96099.086,4.0463376e-05,1.5364608
2019-04-17 12:00:00,17.658142,6.177307,308.49753,96015.71,1.3095315e-07,0.6784991
2019-04-18 12:00:00,17.161713,7.035553,170.34215,95570.62,7.3224287e-06,0.4741838
2019-04-19 12:00:00,19.578613,5.4862976,315.58258,95723.45,7.184082e-06,1.5945554
2019-04-20 12:00:00,22.813507,6.32193,326.9877,96081.75,0.0,0.7623838
2019-04-21 12:00:00,24.553497,8.492218,311.65793,96108.23,1.09411e-09,0.30519447
2019-04-22 12:00:00,26.442322,9.782654,325.42792,95833.84,0.0,0.40691212
2019-04-23 12:00:00,27.124695,11.345245,311.14844,95603.555,0.0,0.52350384
2019-04-24 12:00:00,25.128723,9.172974,320.1474,95535.96,6.0855297e-07,1.2565814
2019-04-25 12:00:00,17.63443,8.947632,138.84981,95470.79,0.00013642879,0.9225275
2019-04-26 12:00:00,16.838531,7.8961487,196.6779,96060.82,1.8283148e-06,0.8819044
2019-04-27 12:00:00,19.108582,11.14032,292.8663,96158.375,5.763608e-06,0.77477217
2019-04-28 12:00:00,22.546844,8.380798,334.27856,95673.63,1.4827701e-09,0.39018214
2019-04-29 12:00:00,25.151184,8.262085,337.68008,95705.28,0.0,0.85579824
2019-04-30 12:00:00,27.49533,12.338013,340.25323,95871.08,0.0,0.26821584
2019-05-01 12:00:00,25.77945,10.003754,337.25195,95750.65,0.0,0.6774038
2019-05-02 12:00:00,21.070312,6.929291,348.29993,95293.27,0.0,0.9865232
2019-05-03 12:00:00,23.444092,8.973511,342.50125,95560.06,0.0,0.8983785
2019-05-04 12:00:00,27.78888,10.017303,347.79727,95723.36,0.0,0.63790625
2019-05-05 12:00:00,30.051636,11.3125305,349.9432,95822.086,0.0,0.41427764
2019-05-06 12:00:00,31.543365,12.850891,348.96826,95781.27,0.0,0.9706427
2019-05-07 12:00:00,30.835297,13.381165,347.48563,95694.42,0.0,1.0262402
2019-05-08 12:00:00,29.910889,12.145721,347.30276,95703.305,1.8823147e-08,0.68394816
2019-05-09 12:00:00,29.27774,10.25473,316.48578,95759.086,1.3615286e-08,0.6498988
2019-05-10 12:00:00,28.479004,10.8550415,289.1535,95841.46,0.0,0.566395
2019-05-11 12:00:00,26.583923,12.151489,322.11646,95978.555,0.0,0.8951501
2019-05-12 12:00:00,27.575531,10.255127,349.79736,96007.32,0.0,0.6873462
2019-05-13 12:00:00,30.009857,11.671661,350.63376,95950.664,0.0,0.557048
2019-05-14 12:00:00,28.638092,12.096832,288.17856,95962.41,0.0,0.7851634
2019-05-15 12:00:00,29.188538,9.617615,357.33685,95849.44,2.4748084e-09,0.6214694
2019-05-16 12:00:00,29.91455,11.831085,355.94846,95674.19,0.0,0.3614768
2019-05-17 12:00:00,30.711884,13.248901,355.74448,95581.62,0.0,0.31292233
2019-05-18 12:00:00,29.839355,12.211853,356.6529,95656.33,0.0,0.6275712
2019-05-19 12:00:00,28.524445,10.961609,331.27338,95618.72,0.0,0.6909598
2019-05-20 12:00:00,26.06137,10.214569,349.72104,95525.36,0.0,1.049383
2019-05-21 12:00:00,24.978882,10.250519,352.25238,95456.36,1.393357e-07,0.89939815
2019-05-22 12:00:00,24.828888,11.2786255,338.89783,95502.52,0.0,1.1295995
2019-05-23 12:00:00,23.81012,10.295441,321.134,95719.13,2.3712823e-06,1.1973176
2019-05-24 12:00:00,20.460236,11.072998,304.40665,95756.07,6.808937e-06,1.5370097
2019-05-25 12:00:00,19.819275,9.863373,184.46126,95446.83,3.900074e-06,1.4465333
2019-05-26 12:00:00,18.254547,10.936829,281.01843,95537.0,2.3680997e-05,1.5921147
2019-05-27 12:00:00,19.420258,10.144012,348.33676,95879.11,3.227891e-06,1.420024
2019-05-28 12:00:00,21.895782,7.366272,363.2371,95914.99,0.0,0.7651929
2019-05-29 12:00:00,26.546814,9.025696,362.9533,95928.375,0.0,0.56405425
2019-05-30 12:00:00,30.619598,10.635101,363.74496,95872.87,0.0,0.4947743
2019-05-31 12:00:00,29.657806,10.86908,368.042,95821.555,0.0,0.70274645
2019-06-01 12:00:00,28.58844,11.189606,364.08432,95803.336,0.0,0.9546198
2019-06-02 12:00:00,30.839203,13.158722,356.52347,95712.4,0.0,0.52452534
2019-06-03 12:00:00,32.8591,14.66272,357.20874,95601.61,0.0,0.46888664
2019-06-04 12:00:00,33.04727,15.274902,360.61984,95723.04,0.0,0.8122835
2019-06-05 12:00:00,32.922302,15.796661,362.65417,95885.82,0.0,0.6480806
2019-06-06 12:00:00,30.997955,14.80719,359.9372,95737.61,1.42831205e-08,0.9290379
2019-06-07 12:00:00,29.20514,12.683899,368.96484,95454.72,0.0,1.0128052
2019-06-08 12:00:00,32.5813,12.270142,359.16272,95418.89,0.0,0.7639317
2019-06-09 12:00:00,29.145752,15.8576355,254.93973,95642.195,0.0,0.64339787
2019-06-10 12:00:00,29.59137,15.473419,337.82254,95776.87,0.0,0.8127024
2019-06-11 12:00:00,30.137878,13.649048,361.7575,95744.57,0.0,0.920049
2019-06-12 12:00:00,30.005035,12.287598,367.14175,95702.836,0.0,0.7042416
2019-06-13 12:00:00,29.075684,11.0842285,371.20975,95875.83,2.18822e-09,0.77717066
2019-06-14 12:00:00,29.27652,12.562347,368.9608,95911.05,0.0,0.8971899
2019-06-15 12:00:00,30.949585,13.070526,368.57245,95874.2,0.0,0.714949
2019-06-16 12:00:00,31.846436,14.374512,367.13306,95882.17,0.0,0.7765241
2019-06-17 12:00:00,30.776062,13.754395,363.0047,95848.88,0.0,1.0109172
2019-06-18 12:00:00,28.509125,13.061432,362.24002,95686.79,0.0,1.1557429
2019-06-19 12:00:00,26.908875,12.167297,362.14145,95648.26,0.0,1.0901895
2019-06-20 12:00:00,28.593872,12.699493,366.33353,95704.2,0.0,0.84346586
2019-06-21 12:00:00,30.62265,12.4904785,368.57602,95703.625,0.0,0.87376857
2019-06-22 12:00:00,29.515747,12.561432,362.0387,95842.06,7.242059e-09,1.0114676
2019-06-23 12:00:00,30.443237,12.8020935,366.67328,95986.47,2.150639e-09,0.88004184
2019-06-24 12:00:00,31.75946,12.917877,367.027,95905.805,0.0,0.64081216
2019-06-25 12:00:00,30.252655,12.937897,365.78116,95713.47,0.0,0.88738537
2019-06-26 12:00:00,29.319336,12.347504,367.50006,95694.96,0.0,1.1047565
2019-06-27 12:00:00,30.666748,12.780121,325.1375,95753.55,0.0,0.72496676
2019-06-28 12:00:00,32.13022,14.187744,367.219,95759.61,0.0,0.4602293
2019-06-29 12:00:00,34.0907,14.01709,366.9544,95750.41,0.0,0.61393595
2019-06-30 12:00:00,36.059784,16.850403,361.70657,95780.47,0.0,0.7519549
2019-07-01 12:00:00,36.80597,17.416351,365.74948,95753.445,0.0,0.6406577
2019-07-02 12:00:00,35.809143,16.742828,367.89133,95762.47,3.718798e-09,0.6665931
2019-07-03 12:00:00,34.407776,15.04303,369.30734,95665.12,3.6621444e-08,0.8963004
2019-07-04 12:00:00,32.54718,13.619751,369.74887,95591.2,6.1292266e-10,0.7886259
2019-07-05 12:00:00,31.562134,14.888397,356.54752,95726.234,1.4623597e-08,0.83921236
2019-07-06 12:00:00,32.767212,16.510437,353.4866,95889.28,0.0,0.712738
2019-07-07 12:00:00,31.718414,16.349365,350.1503,95770.05,1.607585e-08,0.9578848
2019-07-08 12:00:00,30.97113,16.476074,348.25128,95630.59,4.5495645e-11,1.1083299
2019-07-09 12:00:00,30.673859,17.3555,303.7916,95577.67,2.4425058e-09,1.2162365
2019-07-10 12:00:00,32.047607,17.981781,291.8294,95687.984,0.0,0.98149365
2019-07-11 12:00:00,32.006622,18.116302,320.20715,95759.68,0.0,0.92195845
2019-07-12 12:00:00,31.820984,17.466675,311.69858,95730.98,9.909032e-09,1.0092497
2019-07-13 12:00:00,31.451569,17.86142,327.02368,95635.04,1.1487153e-07,1.2371521
2019-07-14 12:00:00,33.643524,17.867584,345.90668,95563.54,1.09411e-09,0.8354566
2019-07-15 12:00:00,34.59482,19.46637,346.7223,95551.35,0.0,0.91297
2019-07-16 12:00:00,33.992096,18.35614,347.75394,95638.766,0.0,1.0079517
2019-07-17 12:00:00,33.043976,18.738098,254.12065,95672.086,0.0,0.8624358
2019-07-18 12:00:00,33.823578,16.322021,347.9545,95820.555,8.6658005e-09,0.6368474
2019-07-19 12:00:00,33.698303,17.28006,350.2724,96021.66,0.0,0.8008913
2019-07-20 12:00:00,35.822998,19.037323,347.90393,96074.25,0.0,0.7371032
2019-07-21 12:00:00,37.464264,19.131042,351.74542,95910.59,0.0,0.701096
2019-07-22 12:00:00,37.173218,18.838654,350.9644,96017.71,0.0,0.5465572
2019-07-23 12:00:00,36.57959,20.032715,345.52667,96231.55,0.0,0.7002711
2019-07-24 12:00:00,39.01642,21.994293,337.58313,96161.85,0.0,0.7144203
2019-07-25 12:00:00,37.756042,20.334564,340.5943,95925.01,1.2380287e-08,0.8416223
2019-07-26 12:00:00,34.911224,18.904999,331.40417,95974.23,0.0,0.8569452
2019-07-27 12:00:00,33.3526,18.748383,242.51678,96083.16,0.0,0.61670995
2019-07-28 12:00:00,32.025116,18.247986,324.81796,96063.47,4.1101842e-08,0.9712946
2019-07-29 12:00:00,30.836456,14.567383,345.591,96067.586,1.3752864e-07,0.91565824
2019-07-30 12:00:00,31.7854,14.278259,346.39838,96062.15,0.0,0.784836
2019-07-31 12:00:00,35.500122,15.998779,344.54996,95983.94,0.0,0.39715254
2019-08-01 12:00:00,36.053864,19.785797,326.2032,95820.945,0.0,0.39911988
2019-08-02 12:00:00,35.37082,19.987183,324.65585,95830.06,0.0,0.91274357
2019-08-03 12:00:00,34.221954,18.64206,333.56042,95988.87,1.7087265e-08,0.73815554
2019-08-04 12:00:00,33.47815,16.810486,337.11716,96023.57,0.0,0.79059994
2019-08-05 12:00:00,33.63629,17.092133,331.3065,95883.086,1.882585e-08,0.7724772
2019-08-06 12:00:00,33.94803,18.775177,321.01068,95670.1,0.0,0.8788406
2019-08-07 12:00:00,33.23239,17.965332,325.44052,95675.65,0.0,0.7975816
2019-08-08 12:00:00,34.32199,20.120697,304.36075,95803.805,0.0,0.6912342
2019-08-09 12:00:00,32.80081,21.231354,219.11522,95866.6,1.0653692e-06,0.6938468
2019-08-10 12:00:00,34.090668,19.48169,311.4794,95983.125,3.21607e-08,0.5680002
2019-08-11 12:00:00,37.130676,18.535309,328.87952,96060.39,0.0,0.74420846
2019-08-12 12:00:00,40.411285,21.4581,324.41922,95946.29,0.0,0.7686643
2019-08-13 12:00:00,43.22635,24.073975,319.23114,95696.13,0.0,1.0102495
2019-08-14 12:00:00,42.080322,24.194397,275.9595,95791.45,0.0,1.0561138
2019-08-15 12:00:00,34.35022,19.998535,314.05234,95781.48,0.0,1.0018096
2019-08-16 12:00:00,32.95273,18.654602,317.0101,95815.29,0.0,0.9282873
2019-08-17 12:00:00,30.988586,16.460052,315.4206,95756.92,2.5787872e-07,1.1068878
2019-08-18 12:00:00,29.601349,15.520477,311.57428,95763.16,0.0,0.87538606
2019-08-19 12:00:00,32.69104,17.453491,282.29852,95766.52,8.48313e-11,0.5099032
2019-08-20 12:00:00,32.585266,20.071442,242.10727,95707.16,0.0,0.54391026
2019-08-21 12:00:00,32.335938,18.183868,283.47046,95789.13,0.0,0.8187095
2019-08-22 12:00:00,30.679443,18.968292,268.26117,95837.5,5.076084e-06,0.68680835
2019-08-23 12:00:00,31.185577,19.372314,301.479,95693.484,4.661585e-07,0.6676914
2019-08-24 12:00:00,30.768036,17.77359,304.18616,95583.85,0.0,0.83781767
2019-08-25 12:00:00,32.545013,17.641357,287.33188,95454.35,0.0,0.6824407
2019-08-26 12:00:00,34.053497,19.852936,292.9672,95586.125,0.0,0.68822676
2019-08-27 12:00:00,34.638184,19.615784,291.12207,95707.8,1.3757804e-06,0.84437513
2019-08-28 12:00:00,34.359467,21.52774,288.83044,95712.42,4.5304397e-08,0.8694636
2019-08-29 12:00:00,33.688934,19.403229,293.4287,95635.96,1.0265062e-08,0.77330095
2019-08-30 12:00:00,32.26657,19.370209,161.84242,95603.25,0.0,0.93875015
2019-08-31 12:00:00,30.64563,18.356415,286.9608,95585.9,1.3639877e-06,0.89666706
2019-09-01 12:00:00,29.236176,16.923798,293.07455,95688.8,2.0678024e-07,0.9837469
2019-09-02 12:00:00,31.695038,14.895355,299.44525,95781.04,0.0,0.5985564
2019-09-03 12:00:00,32.74283,15.264252,298.60266,95631.0,0.0,0.4285696
2019-09-04 12:00:00,30.95517,14.749512,296.2928,95516.13,0.0,0.8374152
2019-09-05 12:00:00,28.233795,14.303619,293.09985,95730.98,0.0,0.6773319
2019-09-06 12:00:00,29.331848,14.635742,292.29034,95890.555,3.9862034e-09,0.58000505
2019-09-07 12:00:00,30.792725,14.900757,293.48044,95795.35,0.0,0.4211752
2019-09-08 12:00:00,30.435242,14.192566,292.98074,95592.98,0.0,0.5239437
2019-09-09 12:00:00,29.477448,13.236816,290.87317,95507.19,1.7917479e-08,0.8312296
2019-09-10 12:00:00,29.583893,13.432617,287.35367,95576.24,0.0,0.6344535
2019-09-11 12:00:00,29.513641,13.781097,283.90454,95632.43,1.7604025e-09,0.3805269
2019-09-12 12:00:00,30.209015,13.647156,281.69965,95701.63,2.244747e-09,0.5513786
2019-09-13 12:00:00,32.95639,13.986359,279.5407,95959.98,0.0,0.5462961
2019-09-14 12:00:00,35.98407,17.279633,272.58536,96025.33,0.0,0.4500323
2019-09-15 12:00:00,34.99637,16.973053,281.5705,95882.555,0.0,0.52517766
2019-09-16 12:00:00,32.22751,13.026855,282.01245,95750.17,1.693376e-08,0.54727787
2019-09-17 12:00:00,29.796692,12.028503,278.53592,95734.62,0.0,0.5266447
2019-09-18 12:00:00,29.055542,12.662598,272.13687,95761.85,0.0,0.6106263
2019-09-19 12:00:00,29.235046,13.666199,268.03772,95778.625,6.69066e-08,0.49420878
2019-09-20 12:00:00,33.339813,14.880554,266.21646,95830.02,0.0,0.2957506
2019-09-21 12:00:00,35.57022,17.144257,263.17737,95791.14,0.0,0.40892518
2019-09-22 12:00:00,34.0,18.227264,255.83629,95891.18,5.4705502e-09,0.7704306
2019-09-23 12:00:00,32.384857,17.676392,253.36436,95871.49,0.0,0.6352705
2019-09-24 12:00:00,30.118317,15.889709,248.31631,95935.04,3.019806e-08,0.70548487
2019-09-25 12:00:00,26.843323,12.711517,247.93726,95834.13,0.0,0.94612944
2019-09-26 12:00:00,24.016052,13.706482,232.12952,95871.06,9.874414e-07,0.97521853
2019-09-27 12:00:00,22.79013,14.274506,180.51234,95715.87,1.0665217e-05,0.9654516
2019-09-28 12:00:00,30.299347,10.92215,256.38904,95724.79,0.0,0.89298105
2019-09-29 12:00:00,32.670837,19.97287,259.07965,95768.664,0.0,1.2028952
2019-09-30 12:00:00,31.699982,14.536957,251.0594,95650.32,1.3250948e-08,0.53231263
2019-10-01 12:00:00,28.303131,12.9313965,246.77444,95697.086,0.0,0.42201433
2019-10-02 12:00:00,33.788727,13.576233,246.55684,95806.1,0.0,0.29790798
2019-10-03 12:00:00,36.966614,19.119171,190.62337,95986.06,0.0,0.8368836
2019-10-04 12:00:00,36.72934,22.933075,179.7816,96051.24,0.0,1.0581974
2019-10-05 12:00:00,35.539642,21.912445,223.00636,96144.24,0.0,1.8714608
2019-10-06 12:00:00,35.037506,18.953888,238.54889,96020.61,0.0,0.39202324
2019-10-07 12:00:00,33.941864,16.295319,236.78537,95707.38,0.0,0.66848344
2019-10-08 12:00:00,31.092194,14.973755,232.16893,95801.6,0.0,0.778302
2019-10-09 12:00:00,30.297882,15.207123,86.05669,96138.55,0.0,0.54552865
2019-10-10 12:00:00,27.052979,13.947296,221.37785,96184.89,4.4689177e-08,0.35978618
2019-10-11 12:00:00,25.40384,13.010773,214.32492,96087.31,1.0518288e-07,0.44691482
2019-10-12 12:00:00,23.505127,13.576172,193.65274,95994.445,3.8942827e-07,0.5833398
2019-10-13 12:00:00,25.40976,11.460358,220.81032,95856.734,0.0,0.4982536
2019-10-14 12:00:00,27.322632,10.024658,220.31361,95355.62,2.18822e-09,0.91309863
2019-10-15 12:00:00,24.889343,11.987488,224.59637,95184.52,0.0,2.6936336
2019-10-16 12:00:00,23.19867,9.533112,220.4113,95305.14,0.0,1.807833
2019-10-17 12:00:00,26.674347,12.716339,217.29318,95896.45,0.0,1.2537553
2019-10-18 12:00:00,25.175232,9.924194,206.5868,95865.91,2.407042e-08,0.5167863
2019-10-19 12:00:00,25.872192,6.490753,216.89452,95889.13,0.0,1.3383847
2019-10-20 12:00:00,29.333038,12.93573,212.5216,96188.65,0.0,1.2602729
2019-10-21 12:00:00,30.316742,11.867401,208.83983,96217.8,0.0,0.54877365
2019-10-22 12:00:00,32.201843,14.272858,209.8669,96189.48,0.0,0.29944387
2019-10-23 12:00:00,28.298126,11.870026,103.85306,96292.6,0.0,0.5849572
2019-10-24 12:00:00,27.196838,10.35788,201.72972,95890.41,0.0,0.2970062
2019-10-25 12:00:00,30.577515,13.481537,202.73988,95875.695,0.0,0.5749209
2019-10-26 12:00:00,30.825378,13.467468,200.07764,95964.72,0.0,0.645529
2019-10-27 12:00:00,28.763336,11.808105,195.68794,95826.97,0.0,0.5395038
2019-10-28 12:00:00,26.019806,11.073303,148.39827,95795.96,0.0,0.79127276
2019-10-29 12:00:00,24.389282,8.849274,191.29837,96204.805,0.0,0.6703408
2019-10-30 12:00:00,31.242188,10.866821,190.88344,96422.63,0.0,0.56565267
2019-10-31 12:00:00,29.717163,13.731384,188.22404,96064.7,0.0,0.2449289
2019-11-01 12:00:00,27.165253,12.315155,175.85143,95729.52,0.0,0.6447107
2019-11-02 12:00:00,22.604004,8.548737,183.87523,95757.09,0.0,0.7428744
2019-11-03 12:00:00,23.275452,8.270599,180.52945,96051.305,4.8786353e-09,0.34333894
2019-11-04 12:00:00,27.61914,10.398621,177.7061,96012.97,0.0,0.24089201
2019-11-05 12:00:00,29.1026,13.534882,127.57051,95957.7,0.0,0.41788957
2019-11-06 12:00:00,24.56836,14.944214,124.73667,95981.73,0.0,0.5694227
2019-11-07 12:00:00,26.20285,10.976837,170.38358,96077.7,0.0,0.598578
2019-11-08 12:00:00,30.927673,12.008423,176.96379,96206.0,0.0,0.6865733
2019-11-09 12:00:00,29.06662,12.134766,173.19713,96098.29,0.0,0.37680897
2019-11-10 12:00:00,25.315277,10.41449,142.15579,95994.91,1.2503352e-08,0.57722616
2019-11-11 12:00:00,20.729614,8.542023,154.6682,95890.23,2.588053e-06,0.8377851
2019-11-12 12:00:00,23.513855,9.143402,161.47011,95948.65,0.0,0.4981713
2019-11-13 12:00:00,20.653442,7.5051575,155.70395,95984.35,2.0557354e-06,0.56221855
2019-11-14 12:00:00,24.382782,6.993286,170.31337,96105.02,0.0,1.4309866
2019-11-15 12:00:00,24.58374,10.788788,166.0139,96291.95,0.0,0.79273385
2019-11-16 12:00:00,26.072296,6.976593,167.51172,95990.36,0.0,0.88510424
2019-11-17 12:00:00,23.764374,10.53772,108.358604,95934.78,0.0,0.35156274
2019-11-18 12:00:00,20.903595,6.542389,153.67299,96077.05,1.644419e-07,0.9312258
2019-11-19 12:00:00,25.054413,9.160004,160.08446,96185.28,0.0,1.7599999
2019-11-20 12:00:00,23.925446,8.990112,156.559,95788.375,0.0,0.24816592
2019-11-21 12:00:00,22.873444,7.776123,155.6216,95705.625,0.0,0.39170602
2019-11-22 12:00:00,20.302063,8.276001,150.8743,95903.805,5.7552068e-08,0.5645955
2019-11-23 12:00:00,20.842316,6.668915,132.25427,95888.234,1.0046229e-08,0.499223
2019-11-24 12:00:00,18.432007,8.503815,42.418045,95614.12,4.7161334e-06,0.9192083
2019-11-25 12:00:00,12.738464,7.384369,51.132084,95096.484,0.00047950758,0.9287469
2019-11-26 12:00:00,10.320526,6.2531433,110.38875,95569.13,0.00019596846,0.63146853
2019-11-27 12:00:00,11.993164,5.325714,139.13882,96253.58,4.806467e-07,0.649488
2019-11-28 12:00:00,11.656769,3.707306,141.49818,95856.65,0.0,0.46300617
2019-11-29 12:00:00,10.183044,4.997589,97.36016,95554.49,2.7262913e-05,0.5819205
2019-11-30 12:00:00,10.560059,1.3229675,148.66022,96025.695,2.7853506e-09,0.8162548
2019-12-01 12:00:00,9.429321,2.006195,126.585106,95634.516,6.227877e-07,0.6505735
2019-12-02 12:00:00,5.9007874,-2.2069092,136.07932,94996.67,1.065555e-05,0.5575826
2019-12-03 12:00:00,6.5443726,-3.2564392,147.87709,95547.52,0.0,0.5631861
2019-12-04 12:00:00,7.763855,0.19128418,116.69656,95593.71,1.6025488e-06,0.56142896
2019-12-05 12:00:00,10.589508,-0.26193237,147.9602,95963.56,0.0,2.359523
2019-12-06 12:00:00,14.691101,1.9505005,145.84851,96415.164,0.0,1.7459261
2019-12-07 12:00:00,16.516357,4.7688293,144.53333,96276.91,0.0,1.7956382
2019-12-08 12:00:00,17.36615,6.1592712,104.1809,96338.85,0.0,2.0549963
2019-12-09 12:00:00,20.007965,7.3155212,140.45633,96271.15,0.0,1.975717
2019-12-10 12:00:00,20.186218,5.9765015,137.66635,96198.19,0.0,0.86004955
2019-12-11 12:00:00,17.358582,4.559265,19.911076,96002.64,0.00017704144,1.1275363
2019-12-12 12:00:00,11.657318,9.644012,59.305534,95893.71,0.00010623891,0.9230471
2019-12-13 12:00:00,11.003754,8.693878,88.5723,95995.55,5.7571822e-05,0.73059845
2019-12-14 12:00:00,12.943695,6.6977844,116.228935,95936.2,0.0,1.13061
2019-12-15 12:00:00,12.631683,5.6114807,136.02905,95684.42,0.0,1.0390435
2019-12-16 12:00:00,11.066376,5.849823,138.25653,95256.26,6.1861997e-06,0.51754206
2019-12-17 12:00:00,10.531403,0.2998047,142.88768,95709.86,0.0,1.4675872
2019-12-18 12:00:00,9.771515,0.24084473,120.71504,96125.766,0.0,1.4585612
2019-12-19 12:00:00,11.013306,-0.33370972,140.97247,96172.58,0.0,1.1008413
2019-12-20 12:00:00,12.528534,0.6322937,141.30684,96527.52,0.0,1.2253867
2019-12-21 12:00:00,13.776337,2.428772,139.38823,96653.99,0.0,1.7700505
2019-12-22 12:00:00,13.526794,3.7164917,129.92575,96644.38,0.0,0.5674953
2019-12-23 12:00:00,17.025024,3.5407104,135.2442,96708.83,0.0,1.3693928
2019-12-24 12:00:00,18.021027,7.135742,110.58823,96923.66,0.0,1.2386171
2019-12-25 12:00:00,16.703247,7.7610474,115.697876,96051.07,0.0,0.5002968
2019-12-26 12:00:00,12.115112,4.2388306,26.024544,94973.11,0.0006429789,0.42258394
2019-12-27 12:00:00,10.87204,2.019104,136.2822,95000.03,3.5263685e-07,1.6085677
2019-12-28 12:00:00,13.139557,1.194519,142.0892,95947.94,0.0,1.3158499
2019-12-29 12:00:00,11.820526,3.7931213,56.74493,96451.67,2.8384074e-08,0.85939676
2019-12-30 12:00:00,10.811005,5.5935364,61.76144,96333.68,0.0,1.3319155
2019-12-31 12:00:00,10.448181,1.6964417,102.20618,95962.945,3.21807e-06,0.4965552
2020-01-01 12:00:00,9.517334,1.3802185,145.32759,95771.98,7.42682e-06,1.6491508
2020-01-02 12:00:00,10.190674,2.0549622,145.28091,96107.734,0.0,1.6973389
2020-01-03 12:00:00,9.956268,0.16873169,130.34117,96200.414,0.0,1.4732466
2020-01-04 12:00:00,9.136505,3.9380798,49.331776,96349.195,3.1103882e-05,0.940303
2020-01-05 12:00:00,10.278992,3.470337,141.01572,96259.02,5.56785e-05,1.1418482
2020-01-06 12:00:00,12.945862,1.652008,142.72328,96597.84,0.0,1.6164004
2020-01-07 12:00:00,14.863342,5.5812073,121.845894,96655.305,0.0,1.4967208
2020-01-08 12:00:00,14.799164,5.9360657,138.80913,96214.914,0.0,0.588685
2020-01-09 12:00:00,13.739136,5.0443726,131.67914,96194.73,4.229171e-07,0.56888247
2020-01-10 12:00:00,11.678223,7.5736694,18.352283,95715.35,0.000157629,0.5833352
2020-01-11 12:00:00,8.701752,0.9813843,149.28497,96197.375,4.6306445e-06,1.8043696
2020-01-12 12:00:00,9.762939,0.19665527,151.17062,97025.59,0.0,1.5217758
2020-01-13 12:00:00,10.323151,1.3082275,143.9386,96397.41,0.0,1.593996
2020-01-14 12:00:00,12.242645,0.7713928,154.77899,96038.875,0.0,1.8011891
2020-01-15 12:00:00,12.836731,3.0299377,154.77055,96068.01,0.0,1.6129684
2020-01-16 12:00:00,12.176453,1.8364258,58.604164,95906.72,1.265209e-05,0.8507299
2020-01-17 12:00:00,7.7229004,4.7525024,23.97489,95820.516,0.00026411522,0.9613288
2020-01-18 12:00:00,7.060425,2.9657288,24.029211,95104.4,0.0006502931,0.6298976
2020-01-19 12:00:00,5.6032104,-2.7783203,111.2438,95784.48,1.7902521e-06,0.43797362
2020-01-20 12:00:00,9.204376,-3.144806,159.08832,96379.22,6.376334e-06,1.5216231
2020-01-21 12:00:00,13.141907,0.6192627,165.23648,96925.52,0.0,2.1302104
2020-01-22 12:00:00,14.918793,2.1116943,164.98509,96987.05,0.0,1.694697
2020-01-23 12:00:00,16.863403,1.7695923,156.58826,96736.94,0.0,1.8560123
2020-01-24 12:00:00,18.102661,3.9923706,165.83922,96110.375,0.0,1.5814309
2020-01-25 12:00:00,17.261475,4.051178,167.37178,96063.664,2.7381924e-07,1.9743258
2020-01-26 12:00:00,11.640747,3.482666,173.54317,96981.336,0.0,3.3237226
2020-01-27 12:00:00,16.949615,6.8120117,170.95782,97303.29,0.0,1.6896601
2020-01-28 12:00:00,17.933594,4.3788147,157.56017,97334.21,0.0,1.8651158
2020-01-29 12:00:00,21.34497,5.282074,175.41017,96881.2,0.0,1.9327277
2020-01-30 12:00:00,22.73114,9.828918,175.67262,96441.71,0.0,1.3152994
2020-01-31 12:00:00,21.609467,3.1012268,175.49078,95930.06,1.3232531e-07,0.73128295
2020-02-01 12:00:00,12.92923,6.0463257,87.59042,95789.98,4.327266e-05,1.0052413
2020-02-02 12:00:00,11.847382,-0.6663513,162.86858,95855.32,4.587409e-07,0.97470665
2020-02-03 12:00:00,13.172943,2.4337769,184.53926,95497.195,0.0,1.5231023
2020-02-04 12:00:00,12.236542,0.6718445,183.75485,96183.89,0.0,0.8206611
2020-02-05 12:00:00,15.885864,0.6984558,185.46931,96649.12,0.0,1.2369696
2020-02-06 12:00:00,20.496216,3.313385,186.869,96593.24,0.0,1.2088364
2020-02-07 12:00:00,22.650116,8.611664,186.95625,96222.945,0.0,1.4875234
2020-02-08 12:00:00,21.648895,6.008087,112.196846,95976.18,2.277282e-08,0.27020308
2020-02-09 12:00:00,17.097992,6.5390015,179.95454,96367.31,4.0161763e-06,0.32883483
2020-02-10 12:00:00,20.749603,5.2567444,190.57298,96379.45,0.0,0.68863356
2020-02-11 12:00:00,22.109009,10.021912,187.55142,96246.85,0.0,0.80749613
2020-02-12 12:00:00,22.087189,8.095703,180.82436,96232.55,0.0,0.62196
2020-02-13 12:00:00,21.155182,8.636475,119.735725,96099.63,0.0,0.4657328
2020-02-14 12:00:00,17.163086,5.288269,162.22353,96139.27,0.0,0.34131578
2020-02-15 12:00:00,17.41214,6.089447,175.53487,96186.91,4.6354617e-07,0.47271195
2020-02-16 12:00:00,18.952667,9.3172,156.39459,96274.46,2.6567177e-06,0.37717962
2020-02-17 12:00:00,21.435394,10.5303955,121.77893,96055.57,3.3342913e-06,0.35008463
2020-02-18 12:00:00,18.042786,10.412506,29.836424,95438.54,0.00032724917,0.96612644
2020-02-19 12:00:00,11.430634,7.410675,102.39765,95117.96,0.00030325865,1.1973323
2020-02-20 12:00:00,9.324493,4.995117,144.76982,95105.516,0.00013360093,0.7909489
2020-02-21 12:00:00,13.438904,2.807129,210.77005,95781.28,4.628385e-06,0.70664376
2020-02-22 12:00:00,15.535858,4.6893005,218.98956,96125.1,0.0,1.2320254
2020-02-23 12:00:00,14.990692,3.684845,183.51361,95896.26,8.9161836e-07,0.77276874
2020-02-24 12:00:00,10.137756,6.2648926,74.9979,95915.03,2.1610436e-05,1.2084217
2020-02-25 12:00:00,8.968506,5.8768616,27.433268,95491.22,0.00045811784,1.4695531
2020-02-26 12:00:00,9.070923,6.6941223,63.4299,95291.734,0.00013543875,1.0977458
2020-02-27 12:00:00,10.140381,2.4213562,215.32394,95555.36,3.2860607e-05,0.37610337
2020-02-28 12:00:00,11.475372,1.6151733,227.80157,96139.72,0.0,0.47758287
2020-02-29 12:00:00,,,,,,
2020-03-01 12:00:00,13.6310425,3.0454407,230.75919,96452.016,0.0,0.5223447
2020-03-02 12:00:00,12.879486,3.5169678,109.48601,95734.195,1.171973e-05,0.5643344
2020-03-03 12:00:00,11.302216,4.300049,178.99066,95078.89,0.00010806091,1.7276326
2020-03-04 12:00:00,14.132935,5.068451,234.28368,95648.26,0.0,1.069848
2020-03-05 12:00:00,13.6015625,3.2843933,238.26164,95869.21,0.0,0.48279205
2020-03-06 12:00:00,12.339813,5.9402466,87.00531,95712.664,1.1528275e-05,1.0058204
2020-03-07 12:00:00,9.355011,6.4380493,71.16719,95560.93,4.289031e-05,1.3835022
2020-03-08 12:00:00,9.837158,-0.02078247,240.89594,95645.0,1.4585421e-05,0.8270374
2020-03-09 12:00:00,11.913025,0.4602356,250.76115,96285.664,0.0,0.3766344
2020-03-10 12:00:00,13.9913025,1.5421448,249.75655,96121.7,0.0,0.76087046
2020-03-11 12:00:00,17.643097,2.8292542,251.56248,95992.016,0.0,1.0335568
2020-03-12 12:00:00,17.720917,6.5364685,255.35558,96034.9,0.0,0.71009564
2020-03-13 12:00:00,17.201416,3.541748,253.53693,95739.78,9.040223e-08,0.44889298
2020-03-14 12:00:00,21.992584,6.1828613,256.2485,96026.38,0.0,1.2277478
2020-03-15 12:00:00,24.63263,10.157196,262.14117,96070.086,0.0,1.0767257
2020-03-16 12:00:00,23.642792,5.837921,200.18578,95420.36,4.535857e-06,0.9063899
2020-03-17 12:00:00,14.414612,2.1467285,273.2038,95667.125,0.0,1.7275013
2020-03-18 12:00:00,17.346619,6.63678,263.74664,96255.47,0.0,1.544731
2020-03-19 12:00:00,18.519592,8.532806,206.36716,96032.75,0.0,0.9456631
2020-03-20 12:00:00,18.302338,3.297058,157.28609,95548.36,4.6966334e-06,0.7976574
2020-03-21 12:00:00,15.963989,4.103424,251.71765,95600.69,8.577391e-07,0.21933831
2020-03-22 12:00:00,18.96289,3.5263367,279.1212,96585.05,0.0,0.8900852
2020-03-23 12:00:00,21.602966,6.1636963,284.41516,97005.766,0.0,0.7850036
2020-03-24 12:00:00,19.972137,5.652069,276.87216,96181.32,0.0,0.38978457
2020-03-25 12:00:00,17.8172,5.0119324,251.59528,95488.63,1.2054884e-06,0.92941326
2020-03-26 12:00:00,17.983704,3.114685,286.42578,95498.65,4.2404008e-07,0.65948695
2020-03-27 12:00:00,18.15738,6.473816,286.00778,96153.63,0.0,0.9558232
2020-03-28 12:00:00,22.649567,5.632599,290.3905,96479.01,0.0,1.2649903
2020-03-29 12:00:00,27.284027,10.237579,287.43582,96112.94,0.0,1.3897382
2020-03-30 12:00:00,27.536407,11.824432,286.69205,95993.62,0.0,1.1036813
2020-03-31 12:00:00,28.40741,15.201416,275.08414,95835.33,0.0,1.2742184
2020-04-01 12:00:00,28.578918,13.638519,250.81606,95636.94,0.0,0.85312396
2020-04-02 12:00:00,25.010376,9.242981,239.0656,95744.77,6.3075714e-07,0.55722445
2020-04-03 12:00:00,24.386444,9.430084,265.18622,95893.43,1.7492197e-06,0.70490736
2020-04-04 12:00:00,19.571533,9.359222,93.35522,95893.89,1.2069453e-05,0.9548504
2020-04-05 12:00:00,17.210724,9.278351,212.91302,95706.61,3.0743315e-05,1.3444192
2020-04-06 12:00:00,20.271362,7.2006226,315.83905,96325.97,0.0,1.8711029
2020-04-07 12:00:00,24.152618,7.3279724,314.23105,96525.35,0.0,1.097388
2020-04-08 12:00:00,24.08133,10.729218,310.57407,96569.99,0.0,0.68700445
2020-04-09 12:00:00,25.435974,9.239319,307.9212,96549.484,0.0,0.46331805
2020-04-10 12:00:00,24.15033,8.338837,307.16965,96451.82,0.0,0.8625014
2020-04-11 12:00:00,20.486328,6.454773,310.1631,95857.305,3.837554e-06,0.42328116
2020-04-12 12:00:00,19.289032,6.0776978,317.31546,95355.88,0.0,1.064206
2020-04-13 12:00:00,18.48285,6.4064026,257.46884,95417.37,2.8747014e-05,1.0711582
2020-04-14 12:00:00,17.921387,8.229004,275.92093,95736.336,2.2638307e-05,0.42162165
2020-04-15 12:00:00,17.605347,6.5770264,274.8746,96044.14,9.94126e-07,0.6686231
2020-04-16 12:00:00,17.494812,6.042267,311.03607,95761.195,1.2617481e-07,0.6228574
2020-04-17 12:00:00,16.380432,6.336731,138.61032,95426.945,3.731666e-06,1.2405071
2020-04-18 12:00:00,11.84491,6.4098206,97.560745,95284.484,0.00043064513,1.4386305
2020-04-19 12:00:00,15.896179,6.0094604,252.73625,95462.57,4.9842645e-05,0.7531799
2020-04-20 12:00:00,15.906616,7.4154663,256.14987,95846.55,7.728054e-07,0.6030836
2020-04-21 12:00:00,14.953735,10.154175,152.40323,95910.8,1.1685191e-05,1.0665948
2020-04-22 12:00:00,14.905853,9.117706,178.96498,95843.164,7.4510776e-06,0.6449485
2020-04-23 12:00:00,17.524475,7.966217,279.80136,95810.586,2.49136e-06,0.5874962
2020-04-24 12:00:00,17.98404,8.658691,271.4521,95805.75,2.838879e-07,0.49408463
2020-04-25 12:00:00,17.72461,9.623505,281.43793,95761.0,1.4770342e-06,0.7308341
2020-04-26 12:00:00,16.71988,8.155609,233.47763,95650.31,2.8562201e-06,0.95564115
2020-04-27 12:00:00,16.509277,9.472015,210.38098,95490.336,9.220097e-06,1.3093541
2020-04-28 12:00:00,19.951965,7.229248,321.4038,95612.32,0.0,0.5605052
2020-04-29 12:00:00,21.291199,8.906372,312.35855,95993.664,7.438763e-07,0.6557363
2020-04-30 12:00:00,24.584564,9.800415,322.98712,95943.55,2.710057e-07,0.5130976
2020-05-01 12:00:00,24.855988,9.841949,315.71625,95803.58,1.5066647e-07,0.66008204
2020-05-02 12:00:00,24.268036,9.280884,299.2161,95587.28,0.0,0.6208229
2020-05-03 12:00:00,20.133698,7.789032,244.97404,95331.61,2.0013542e-05,1.2881137
2020-05-04 12:00:00,13.4609375,5.5549316,210.1742,95239.35,1.5813122e-05,0.89494485
2020-05-05 12:00:00,12.906738,9.118805,88.906006,95834.98,5.9829286e-05,1.1375712
2020-05-06 12:00:00,18.831116,8.639801,249.3646,96400.516,3.292923e-05,0.3690727
2020-05-07 12:00:00,25.437653,10.384338,335.27344,96524.09,0.0,1.0785422
2020-05-08 12:00:00,29.09729,14.196136,343.27283,96313.54,0.0,1.1128387
2020-05-09 12:00:00,32.219177,17.527435,345.64957,96073.57,0.0,0.92174894
2020-05-10 12:00:00,31.28302,14.026794,346.29965,96001.3,1.1946928e-08,0.6870062
2020-05-11 12:00:00,30.698395,14.439148,217.49115,95778.95,1.4363421e-07,0.3765532
2020-05-12 12:00:00,28.839386,15.301331,196.199,95629.08,6.372426e-11,0.74639165
2020-05-13 12:00:00,25.777344,11.929749,339.36115,95586.55,0.0,0.9289005
2020-05-14 12:00:00,26.843811,11.267273,345.0702,95529.85,0.0,0.84499305
2020-05-15 12:00:00,25.66095,12.07785,339.78827,95669.49,6.8725203e-10,0.83492666
2020-05-16 12:00:00,24.450562,10.347107,349.1607,95792.18,0.0,0.8916784
2020-05-17 12:00:00,22.701813,9.77478,333.70718,95773.11,1.6651979e-06,1.028852
2020-05-18 12:00:00,21.802155,9.691071,350.29034,95587.52,7.9348705e-09,0.9157053
2020-05-19 12:00:00,22.458344,11.821808,321.47296,95424.07,3.9251645e-06,1.0172571
2020-05-20 12:00:00,25.205261,10.274445,347.9511,95355.2,0.0,0.5938431
2020-05-21 12:00:00,25.294891,10.6206665,348.4805,95295.234,0.0,0.9501316
2020-05-22 12:00:00,24.019531,11.953125,250.1279,95148.72,5.8533114e-06,1.1987175
2020-05-23 12:00:00,23.436676,10.203888,342.0473,95158.22,7.682788e-07,0.72020775
2020-05-24 12:00:00,22.759613,9.956451,305.2942,95176.8,1.1244273e-06,0.9235915
2020-05-25 12:00:00,19.327148,10.389313,158.7811,95159.23,6.567966e-05,1.1849898
2020-05-26 12:00:00,14.872925,6.7787476,181.77792,95451.32,7.1810005e-05,1.2522042
2020-05-27 12:00:00,17.98822,7.2667236,345.72983,96073.5,1.4878674e-07,0.4263812
2020-05-28 12:00:00,22.50055,7.966278,360.48376,96092.73,0.0,0.2209565
2020-05-29 12:00:00,27.66806,10.7771,360.64734,95936.375,0.0,0.3013673
2020-05-30 12:00:00,29.710052,13.098175,355.62973,95801.92,0.0,0.581826
2020-05-31 12:00:00,28.615234,12.058807,356.52454,95788.87,0.0,0.83807826
2020-06-01 12:00:00,24.784454,11.83963,353.58588,95675.516,1.1801939e-08,0.8353906
2020-06-02 12:00:00,24.245575,10.654083,340.69214,95516.87,7.6614515e-07,0.70503676
2020-06-03 12:00:00,26.868134,11.1718445,362.6104,95383.8,0.0,0.54877824
2020-06-04 12:00:00,29.213837,12.072571,361.10928,95452.18,0.0,0.4203655
2020-06-05 12:00:00,29.536255,12.274841,360.40057,95565.5,0.0,0.78841126
2020-06-06 12:00:00,28.750519,13.351685,362.36685,95631.5,0.0,0.59551704
2020-06-07 12:00:00,27.98465,12.755981,362.50793,95583.7,0.0,0.7672688
2020-06-08 12:00:00,27.86325,11.742523,363.77084,95533.28,0.0,0.71896434
2020-06-09 12:00:00,27.76886,11.969055,363.73758,95591.414,0.0,0.7794423
2020-06-10 12:00:00,28.567566,10.735168,368.013,95793.56,0.0,0.5862594
2020-06-11 12:00:00,31.129883,12.196075,366.88748,95933.26,0.0,0.643685
2020-06-12 12:00:00,32.214783,13.184113,369.8498,95954.5,0.0,0.6884775
2020-06-13 12:00:00,31.491302,13.345612,368.1714,95856.375,0.0,0.6737954
2020-06-14 12:00:00,29.244354,12.771515,360.4596,95697.86,1.4656314e-07,1.0732377
2020-06-15 12:00:00,25.951965,12.009125,353.26715,95663.84,4.633533e-07,0.8941558
2020-06-16 12:00:00,25.726044,13.124023,344.88586,95677.69,1.6948307e-07,1.0568054
2020-06-17 12:00:00,24.812225,12.544708,321.8128,95650.375,1.3120161e-06,1.1816156
2020-06-18 12:00:00,24.114807,13.637695,335.14923,95710.195,2.7270046e-06,1.2986622
2020-06-19 12:00:00,23.612213,11.714081,271.8525,95920.42,3.131334e-06,0.93691194
2020-06-20 12:00:00,22.881378,9.987335,306.77072,95990.93,2.0485415e-06,0.85719323
2020-06-21 12:00:00,24.07016,9.1683655,361.13303,95978.13,0.0,0.782562
2020-06-22 12:00:00,24.644989,9.345245,364.21082,96014.62,0.0,0.9104466
2020-06-23 12:00:00,25.819366,10.439026,360.55685,96146.695,0.0,0.9387726
2020-06-24 12:00:00,28.381348,12.776093,365.09912,96036.66,0.0,0.8092305
2020-06-25 12:00:00,27.461273,10.412659,361.7754,95842.75,2.6993789e-07,1.1677954
2020-06-26 12:00:00,25.713196,11.503937,357.327,95728.305,0.0,0.9404582
2020-06-27 12:00:00,25.268402,10.74527,361.85565,95813.7,0.0,1.0949625
2020-06-28 12:00:00,26.73111,11.087524,363.44238,96078.266,0.0,0.79237366
2020-06-29 12:00:00,28.848175,13.031494,361.3522,96006.27,0.0,0.71542984
2020-06-30 12:00:00,29.04422,13.733337,361.51816,95991.41,0.0,0.8993153
2020-07-01 12:00:00,30.87207,13.769897,361.25708,95942.09,0.0,0.5588671
2020-07-02 12:00:00,29.886658,15.918091,355.56763,95759.62,0.0,0.7003734
2020-07-03 12:00:00,29.259369,18.55597,244.07722,95764.64,1.8649477e-07,0.6070917
2020-07-04 12:00:00,30.71991,18.04309,296.9175,95901.46,4.3250992e-07,0.69058937
2020-07-05 12:00:00,30.62033,17.717133,308.3186,95906.695,3.0001308e-07,0.9635989
2020-07-06 12:00:00,30.652344,16.612427,348.8431,95941.516,0.0,0.72822803
2020-07-07 12:00:00,30.033142,15.247894,352.91394,95951.78,1.5069783e-07,0.8326488
2020-07-08 12:00:00,27.996155,13.405609,355.30313,96018.62,5.540125e-07,0.9439764
2020-07-09 12:00:00,27.092194,13.787659,349.2336,96035.21,3.8642486e-07,0.8825775
2020-07-10 12:00:00,28.443146,14.091675,351.90576,95890.56,3.679995e-08,0.8579523
2020-07-11 12:00:00,27.368134,13.506348,351.40424,95895.58,2.8926326e-07,0.9417996
2020-07-12 12:00:00,27.310669,14.007233,348.18622,95914.81,6.9502026e-09,0.93768674
2020-07-13 12:00:00,28.498932,14.906738,352.47577,95939.58,0.0,0.80195105
2020-07-14 12:00:00,28.046143,13.3367,349.97678,95974.83,7.769259e-07,0.9745928
2020-07-15 12:00:00,29.068634,13.777588,352.3338,95851.15,2.8469958e-07,0.94251376
2020-07-16 12:00:00,28.65268,13.888123,355.3742,95772.234,1.9549408e-07,0.8816257
2020-07-17 12:00:00,28.4664,13.105896,351.57605,95698.83,1.9354191e-07,0.9338835
2020-07-18 12:00:00,29.676636,12.64621,355.65445,95715.805,1.26275355e-08,0.72664803
2020-07-19 12:00:00,30.214508,12.607971,357.13116,95832.61,4.3957784e-09,0.5246305
2020-07-20 12:00:00,29.934387,12.17157,360.83176,95916.73,0.0,0.6301357
2020-07-21 12:00:00,29.066254,11.981201,356.72202,95915.336,0.0,0.95026433
2020-07-22 12:00:00,28.133087,13.4548645,347.19464,95741.07,7.6082017e-07,0.9524737
2020-07-23 12:00:00,27.763977,14.430054,341.52432,95691.62,5.1525444e-07,1.0888288
2020-07-24 12:00:00,27.424072,14.3029175,340.1035,95796.12,8.2812466e-07,1.0556456
2020-07-25 12:00:00,27.173767,13.915985,309.98096,95918.05,1.13473625e-07,1.0559121
2020-07-26 12:00:00,30.34436,14.276245,341.178,95869.125,0.0,0.6333828
2020-07-27 12:00:00,32.717194,15.681213,346.12967,95824.71,0.0,0.5795957
2020-07-28 12:00:00,35.820374,16.841644,347.08664,95866.88,0.0,0.49545592
2020-07-29 12:00:00,36.73407,18.051208,341.42465,95956.94,0.0,0.52911437
2020-07-30 12:00:00,36.938904,20.75354,336.912,95909.94,0.0,0.7438744
2020-07-31 12:00:00,37.953613,20.496552,337.4853,95774.89,0.0,0.67404765
2020-08-01 12:00:00,40.601746,20.538818,336.54504,95683.55,0.0,0.5335239
2020-08-02 12:00:00,38.966736,19.70813,329.74185,95681.72,0.0,0.97189
2020-08-03 12:00:00,35.17804,22.086334,310.61447,95668.6,0.0,0.69194233
2020-08-04 12:00:00,36.13022,20.101135,328.5073,95630.81,4.1918016e-09,0.7543725
2020-08-05 12:00:00,35.61206,20.723572,281.13422,95675.16,9.263073e-09,0.9137389
2020-08-06 12:00:00,31.496216,22.562256,201.2453,95839.56,0.0,0.67581093
2020-08-07 12:00:00,31.875671,18.506378,312.83493,95864.39,0.0,0.77342886
2020-08-08 12:00:00,31.686584,19.96933,299.92532,95904.734,2.9750936e-08,0.8454207
2020-08-09 12:00:00,30.48352,16.663757,319.43607,95947.81,0.0,0.9105072
2020-08-10 12:00:00,29.143555,15.867889,320.96475,95829.414,7.96824e-08,0.84028023
2020-08-11 12:00:00,30.45935,16.013672,320.29605,95684.21,2.6610591e-08,0.9144367
2020-08-12 12:00:00,32.882507,18.46585,315.5325,95708.08,0.0,0.57071376
2020-08-13 12:00:00,34.422302,19.153015,318.81635,95821.15,2.6864955e-09,0.70379716
2020-08-14 12:00:00,35.185883,19.435242,318.121,95770.664,0.0,0.6563764
2020-08-15 12:00:00,35.18579,18.621307,222.09357,95723.234,2.2741704e-06,0.48548198
2020-08-16 12:00:00,36.219177,21.732513,309.48218,95753.22,2.2728845e-08,0.86406296
2020-08-17 12:00:00,37.21692,22.02359,286.07797,95770.67,2.3137214e-09,0.5850495
2020-08-18 12:00:00,38.771027,24.214813,307.04947,95772.586,0.0,0.6289136
2020-08-19 12:00:00,38.95392,22.610107,314.26904,95625.26,0.0,0.55453455
2020-08-20 12:00:00,37.3815,19.932861,321.8025,95603.88,0.0,0.54527
2020-08-21 12:00:00,33.587738,15.793457,324.11188,95731.35,2.0762426e-08,0.77327573
2020-08-22 12:00:00,33.62213,15.521454,318.62506,95686.58,0.0,0.5219001
2020-08-23 12:00:00,34.516876,16.855408,316.8178,95694.0,0.0,0.55512166
2020-08-24 12:00:00,35.16696,17.587585,311.19498,95810.016,0.0,0.46397033
2020-08-25 12:00:00,36.447388,19.22821,306.3312,96012.625,0.0,0.57191724
2020-08-26 12:00:00,37.374725,20.90384,304.48166,96018.734,0.0,0.54342574
2020-08-27 12:00:00,37.222137,20.885895,303.84818,95779.85,0.0,0.62037647
2020-08-28 12:00:00,35.69702,18.946167,157.21094,95581.97,4.195976e-06,0.54800546
2020-08-29 12:00:00,32.49945,21.40915,223.37767,95786.79,1.7496986e-05,0.78606164
2020-08-30 12:00:00,30.793304,18.811493,231.44563,95944.73,1.0346548e-05,0.98734564
2020-08-31 12:00:00,28.285736,14.0448,303.83548,96015.33,0.0,0.8249697
2020-09-01 12:00:00,27.884888,12.446899,304.98682,95883.09,0.0,0.55217695
2020-09-02 12:00:00,27.560547,11.643951,296.6387,95789.74,0.0,0.6896797
2020-09-03 12:00:00,27.364655,11.064606,301.38477,95901.42,0.0,0.50744027
2020-09-04 12:00:00,26.84961,11.562561,295.83447,95890.15,0.0,0.76956385
2020-09-05 12:00:00,27.106628,12.81366,292.92453,95709.7,0.0,0.6981559
2020-09-06 12:00:00,28.107483,12.958221,283.82718,95649.414,3.3761086e-07,0.5846684
2020-09-07 12:00:00,26.373993,13.968475,251.96696,95675.4,2.2564983e-07,0.71038526
2020-09-08 12:00:00,24.195068,12.699127,266.3317,95636.18,1.8608039e-06,0.6715217
2020-09-09 12:00:00,23.682648,11.401855,261.478,95525.11,2.96611e-06,0.7245204
2020-09-10 12:00:00,24.182861,11.821655,263.16302,95524.47,4.1467513e-07,0.8173211
2020-09-11 12:00:00,23.380249,13.608765,160.74884,95772.61,4.081309e-06,0.7446641
2020-09-12 12:00:00,25.187195,13.90918,265.36655,95790.54,2.2057766e-06,0.6614867
2020-09-13 12:00:00,23.87149,14.784882,174.43077,95627.05,3.510144e-06,0.7637877
2020-09-14 12:00:00,24.101685,12.719421,258.0677,95552.734,1.4470799e-06,0.8029116
2020-09-15 12:00:00,25.395386,12.357758,267.19305,95737.39,8.238147e-08,0.45683542
2020-09-16 12:00:00,28.090057,13.42923,270.6337,95943.24,0.0,0.31286466
2020-09-17 12:00:00,28.649475,14.288605,268.67688,96001.52,0.0,0.4629414
2020-09-18 12:00:00,30.16095,14.628723,267.49768,95893.82,0.0,0.44649342
2020-09-19 12:00:00,32.113403,14.972046,267.40402,95886.766,0.0,0.37905172
2020-09-20 12:00:00,33.594055,15.802734,265.70084,95894.516,3.3345083e-07,0.37227693
2020-09-21 12:00:00,34.367218,17.048462,261.87546,95765.11,5.806581e-07,0.6689986
2020-09-22 12:00:00,32.58493,16.87909,220.88568,95625.96,1.3875594e-07,0.42095152
2020-09-23 12:00:00,33.203278,15.611633,255.65796,95910.11,1.4060913e-08,0.63077754
2020-09-24 12:00:00,38.065277,17.566437,259.86185,96056.375,0.0,0.87441844
2020-09-25 12:00:00,37.74402,19.49292,228.7938,95882.58,0.0,0.353979
2020-09-26 12:00:00,34.067047,17.807953,137.22505,95751.375,4.1119613e-10,0.41250855
2020-09-27 12:00:00,31.09793,18.208008,227.17177,95389.37,1.1939176e-07,0.4897683
2020-09-28 12:00:00,29.094177,14.699402,207.34718,95312.92,1.7537633e-06,0.894457
2020-09-29 12:00:00,23.756714,14.445587,214.16672,95671.18,5.023333e-06,0.9835617
2020-09-30 12:00:00,24.014465,10.882996,243.93399,96072.78,5.8403618e-08,0.33590573
2020-10-01 12:00:00,30.477875,11.687164,247.27641,96162.46,0.0,0.39260688
2020-10-02 12:00:00,33.304077,15.5971985,245.34886,96020.86,0.0,0.51420105
2020-10-03 12:00:00,31.65979,14.427734,242.20482,95880.734,1.5799182e-09,0.7074031
2020-10-04 12:00:00,30.265411,13.067261,227.89838,95817.7,9.384492e-09,0.6865412
2020-10-05 12:00:00,35.703857,16.699097,235.27988,95932.68,0.0,0.54829144
2020-10-06 12:00:00,35.30075,17.710114,220.60329,96009.59,0.0,0.6461859
2020-10-07 12:00:00,33.506165,16.3945,210.46048,95858.375,5.1563046e-07,0.41846138
2020-10-08 12:00:00,30.447113,17.581299,177.84283,95632.33,3.0759614e-07,0.5540439
2020-10-09 12:00:00,30.48349,18.10794,159.0279,95610.59,0.0,0.34708697
2020-10-10 12:00:00,28.710815,17.82257,121.80087,95942.24,6.6028097e-06,0.5209318
2020-10-11 12:00:00,25.253174,16.478943,163.65076,95960.734,9.1134507e-07,0.618207
2020-10-12 12:00:00,24.260681,15.3489685,185.90645,95900.45,9.178471e-07,0.45958734
2020-10-13 12:00:00,23.30606,12.55603,198.2341,95808.11,1.04463155e-07,0.44785404
2020-10-14 12:00:00,23.765686,11.717407,216.9491,95770.586,3.896717e-07,0.5078504
2020-10-15 12:00:00,23.854034,11.144501,215.04057,95984.86,0.0,0.4743795
2020-10-16 12:00:00,23.410828,11.188629,200.84048,96063.88,0.0,0.3051916
2020-10-17 12:00:00,22.350555,10.855286,153.55556,95940.18,0.0,0.5397917
2020-10-18 12:00:00,21.981049,11.490631,199.31334,95727.98,1.0126146e-06,0.26077953
2020-10-19 12:00:00,28.21466,9.253967,210.118,95706.46,1.3761753e-07,0.8177691
2020-10-20 12:00:00,30.414215,15.13031,208.10258,96098.59,0.0,0.79199076
2020-10-21 12:00:00,28.585266,12.942932,205.62277,96062.44,0.0,0.70840514
2020-10-22 12:00:00,26.836731,9.755768,206.96628,95554.67,0.0,0.3729858
2020-10-23 12:00:00,29.248016,11.94632,198.76952,95948.14,0.0,0.67178655
2020-10-24 12:00:00,34.355164,16.023865,199.50612,96322.31,0.0,1.1342424
2020-10-25 12:00:00,36.171143,19.409912,199.2954,96264.14,0.0,1.1081402
2020-10-26 12:00:00,34.6326,17.018036,182.47037,96065.89,0.0,0.4349569
2020-10-27 12:00:00,33.178864,15.058502,194.70772,96117.516,0.0,0.37034938
2020-10-28 12:00:00,35.91748,17.205658,193.80576,96063.41,0.0,0.9871355
2020-10-29 12:00:00,36.41281,20.86203,194.43422,95928.63,0.0,0.94114
2020-10-30 12:00:00,33.365204,15.342529,191.04062,95700.62,0.0,0.54834193
2020-10-31 12:00:00,26.102905,9.550659,147.44743,95504.81,3.3696751e-06,1.0356102
2020-11-01 12:00:00,26.28775,8.1779785,190.45444,95624.555,0.0,0.7637447
2020-11-02 12:00:00,27.84378,10.282776,190.27672,95804.234,0.0,1.1285386
2020-11-03 12:00:00,29.177368,10.482788,189.95357,95945.914,0.0,1.2033906
2020-11-04 12:00:00,29.392792,14.223785,190.85455,96216.18,0.0,1.2782196
2020-11-05 12:00:00,27.04071,10.495605,128.38104,95705.43,0.0,0.9357095
2020-11-06 12:00:00,23.504364,11.605682,188.36897,95791.9,0.0,4.266578
2020-11-07 12:00:00,21.87973,14.393799,188.47784,96495.234,0.0,4.580628
2020-11-08 12:00:00,22.897217,17.017365,184.27344,96742.24,0.0,3.858584
2020-11-09 12:00:00,23.070007,13.447754,164.30222,96430.06,0.0,1.9385962
2020-11-10 12:00:00,22.355072,6.972595,176.86322,96215.7,0.0,0.74529743
2020-11-11 12:00:00,21.074097,6.843445,170.91008,96216.17,0.0,1.0946373
2020-11-12 12:00:00,17.242584,9.355255,106.12744,96297.64,9.293055e-05,0.25145456
2020-11-13 12:00:00,16.10971,6.917511,156.66917,96022.91,1.4102473e-07,0.39010987
2020-11-14 12:00:00,17.591919,5.998993,167.60728,95694.82,0.0,0.7016461
2020-11-15 12:00:00,17.130524,7.938324,125.76652,95767.8,0.0,0.40901476
2020-11-16 12:00:00,15.853363,7.8193054,161.26213,95084.375,1.1524724e-06,1.2466727
2020-11-17 12:00:00,17.131989,5.997925,161.94781,95690.78,0.0,1.0143508
2020-11-18 12:00:00,15.717407,5.448883,42.544945,95551.47,8.6817854e-05,0.390226
2020-11-19 12:00:00,12.034241,2.1752014,161.70576,95504.99,0.0,1.4757335
2020-11-20 12:00:00,13.930389,2.9294434,160.58902,96212.766,0.0,1.0090361
2020-11-21 12:00:00,16.376495,2.3464355,158.06479,96305.88,0.0,1.0646228
2020-11-22 12:00:00,16.245941,5.7647095,140.62622,96617.36,0.0,1.8099272
2020-11-23 12:00:00,14.779968,5.441101,101.60131,95811.68,0.0,0.5397757
2020-11-24 12:00:00,12.653992,6.3074646,92.32032,95541.766,4.7693244e-05,1.1037245
2020-11-25 12:00:00,13.480133,2.6126099,151.64493,96373.15,2.8581034e-08,0.37940115
2020-11-26 12:00:00,18.625061,4.7937317,152.39626,96743.336,0.0,1.1394352
2020-11-27 12:00:00,21.966248,6.989044,152.48943,96492.13,0.0,1.2312498
2020-11-28 12:00:00,21.462402,7.9752197,143.48749,96201.79,0.0,0.42381108
2020-11-29 12:00:00,19.164185,7.1643066,147.63057,95986.5,1.0565656e-08,0.6431305
2020-11-30 12:00:00,16.10202,7.6387634,34.207027,96190.984,3.1135394e-05,0.8248596
2020-12-01 12:00:00,19.904083,5.509613,147.21786,96368.49,2.512161e-06,1.5740894
2020-12-02 12:00:00,22.581665,7.649048,149.09267,96698.48,0.0,1.9315958
2020-12-03 12:00:00,20.471313,7.334381,146.01254,96105.42,2.9117025e-08,1.4023879
2020-12-04 12:00:00,16.374084,3.8542175,148.92384,96234.06,0.0,1.8362856
2020-12-05 12:00:00,18.825165,8.367767,146.5957,96717.57,0.0,1.3352817
2020-12-06 12:00:00,17.895233,3.360382,145.77696,96390.63,0.0,0.47293246
2020-12-07 12:00:00,19.18161,2.6164856,142.87122,96225.336,0.0,1.423248
2020-12-08 12:00:00,21.458649,4.421509,143.83188,96444.72,0.0,1.5858192
2020-12-09 12:00:00,22.956726,8.563385,143.52455,96688.34,0.0,2.045008
2020-12-10 12:00:00,23.003235,7.45105,143.97795,96644.41,0.0,2.0053537
2020-12-11 12:00:00,22.328674,10.612793,114.19199,96227.03,0.0,1.8302908
2020-12-12 12:00:00,23.887024,10.428864,143.02655,96093.95,0.0,2.1903925
2020-12-13 12:00:00,21.473267,9.978058,144.47475,96301.22,0.0,2.310555
2020-12-14 12:00:00,22.876678,8.263367,142.73903,96020.805,0.0,1.4730209
2020-12-15 12:00:00,20.343323,6.4616394,134.16896,95715.36,0.0,0.5815126
2020-12-16 12:00:00,15.953339,6.1172485,73.38859,95605.01,3.6576425e-06,0.9624292
2020-12-17 12:00:00,12.089508,9.104919,49.021282,95870.65,0.00010103727,1.2869989
2020-12-18 12:00:00,12.134735,10.427551,44.982887,96097.01,5.2443524e-05,1.1770369
2020-12-19 12:00:00,11.880524,9.222626,35.6595,95767.445,5.5978664e-05,1.1732047
2020-12-20 12:00:00,12.345551,8.7743225,127.22806,95129.15,0.00081100257,0.79208314
2020-12-21 12:00:00,11.512939,3.8554077,135.18578,95891.02,3.614495e-08,0.751577
2020-12-22 12:00:00,12.892059,4.5046387,118.33678,96089.125,0.0,0.72566944
2020-12-23 12:00:00,11.367126,8.100555,51.820618,95831.99,0.00037393483,1.1285874
2020-12-24 12:00:00,10.151062,7.6822815,22.018475,95909.086,0.00043090733,1.1762301
2020-12-25 12:00:00,12.567078,9.945557,91.75641,95338.74,0.00030674672,1.9953443
2020-12-26 12:00:00,12.381805,3.0397034,133.62366,96044.98,0.0,0.9819116
2020-12-27 12:00:00,13.755096,6.3859253,129.19362,96436.33,1.1191276e-07,0.7000237
2020-12-28 12:00:00,13.4591675,8.700378,113.27249,96060.08,6.2778627e-06,0.65041596
2020-12-29 12:00:00,12.698883,6.1473083,141.95705,96343.0,4.6549908e-07,2.358792
2020-12-30 12:00:00,12.756592,2.2518005,133.94597,97125.55,0.0,1.8057926
2020-12-31 12:00:00,16.789093,3.1920166,140.38571,96863.47,0.0,1.3679514
2021-01-01 12:00:00,15.662781,7.912201,112.99091,96441.43,0.0,0.47347364
2021-01-02 12:00:00,13.585236,6.0494385,117.20275,95866.945,6.204808e-06,0.94682693
2021-01-03 12:00:00,6.0984497,-1.3677368,145.77083,95700.42,0.0,2.0211768
2021-01-04 12:00:00,5.2687683,-0.6351013,147.20685,95914.0,0.0,2.0576403
2021-01-05 12:00:00,6.22171,-2.2283325,147.86542,96477.695,0.0,1.2906941
2021-01-06 12:00:00,8.490723,-2.4535217,147.41893,96845.77,0.0,1.0991563
2021-01-07 12:00:00,10.472748,-1.1589966,147.2845,96630.34,0.0,1.2550911
2021-01-08 12:00:00,15.039246,0.96743774,141.88318,96512.34,0.0,1.3682461
2021-01-09 12:00:00,14.411011,4.3172913,131.94531,96719.46,0.0,0.34635285
2021-01-10 12:00:00,17.149841,6.074524,134.71352,96626.555,0.0,0.43825784
2021-01-11 12:00:00,18.280853,7.7227783,141.97745,96403.87,0.0,0.4615281
2021-01-12 12:00:00,17.320282,7.736908,88.03722,96024.58,2.4219938e-07,0.6890336
2021-01-13 12:00:00,16.54718,6.64151,149.11998,95952.58,1.4270695e-06,1.0996622
2021-01-14 12:00:00,16.354034,6.3374023,126.983955,96516.92,0.0,1.7698206
2021-01-15 12:00:00,18.388184,5.067108,156.20389,96539.5,0.0,2.6482964
2021-01-16 12:00:00,20.789825,15.072601,160.80861,96832.33,0.0,3.942989
2021-01-17 12:00:00,21.628143,9.278046,132.87762,96376.81,0.0,1.3390443
2021-01-18 12:00:00,20.549591,5.454895,152.18312,95798.26,0.0,0.5147866
2021-01-19 12:00:00,14.694641,5.670044,36.7562,95719.94,8.828921e-05,1.3424554
2021-01-20 12:00:00,6.9102173,0.33276367,159.04343,95482.17,0.00022263594,1.0565189
2021-01-21 12:00:00,8.933868,-3.6766052,163.17636,96451.51,0.0,1.4426872
2021-01-22 12:00:00,11.736328,-2.4524841,163.88387,96752.6,0.0,1.2883561
2021-01-23 12:00:00,12.566895,2.5146484,162.7368,96665.04,0.0,0.91200304
2021-01-24 12:00:00,11.42511,2.5629272,164.43272,96327.516,6.5560744e-06,0.937565
2021-01-25 12:00:00,11.951233,-0.36160278,167.74971,96470.21,0.0,1.6660502
2021-01-26 12:00:00,12.613403,3.2457275,160.22597,96896.71,0.0,1.0315645
2021-01-27 12:00:00,14.903137,2.8508606,170.65417,96377.74,0.0,0.83469766
2021-01-28 12:00:00,13.062286,0.5977783,77.562195,95642.85,1.52376115e-05,0.6841469
2021-01-29 12:00:00,8.411591,-1.5072021,166.54817,95627.09,0.0,0.54381835
2021-01-30 12:00:00,8.135345,2.5803528,115.419495,96016.13,0.00011404983,0.982915
2021-01-31 12:00:00,11.6604,3.0957031,170.94193,96390.21,1.4519418e-10,1.9355094
2021-02-01 12:00:00,11.705994,5.912262,88.73021,96308.28,0.0,2.788791
2021-02-02 12:00:00,10.105988,5.666565,39.793137,95953.055,6.94021e-06,1.6495638
2021-02-03 12:00:00,8.453308,5.279663,27.904963,95759.95,0.0002142941,1.7293096
2021-02-04 12:00:00,9.775757,6.508728,16.24602,95941.14,0.0008146571,1.5883181
2021-02-05 12:00:00,13.147675,5.545288,167.16046,96232.805,1.9777795e-05,0.7891945
2021-02-06 12:00:00,13.723389,5.3315735,149.38968,96386.88,1.573262e-06,0.2525192
2021-02-07 12:00:00,15.057434,7.988098,93.682144,96152.016,3.2716443e-07,0.80073726
2021-02-08 12:00:00,15.188904,7.5737915,85.94361,95981.18,2.9880218e-06,0.7659751
2021-02-09 12:00:00,14.602783,8.308807,67.0937,95410.24,0.00018868459,1.0341585
2021-02-10 12:00:00,10.019012,8.139526,68.05749,95662.07,2.0661324e-05,0.86542565
2021-02-11 12:00:00,13.814423,6.0214844,184.26512,95879.24,1.02196955e-05,0.4697382
2021-02-12 12:00:00,13.816803,3.3842468,199.03508,96137.2,0.0,1.0669694
2021-02-13 12:00:00,13.945892,3.2414246,201.79265,96218.914,0.0,1.1444731
2021-02-14 12:00:00,15.746124,4.8876038,206.81662,96289.04,0.0,1.8787441
2021-02-15 12:00:00,15.443207,5.1638184,207.3803,96298.586,0.0,2.1664221
2021-02-16 12:00:00,17.034637,7.451355,194.54137,96140.984,0.0,1.4954498
2021-02-17 12:00:00,16.664429,3.9284363,205.86398,96272.74,0.0,0.56439626
2021-02-18 12:00:00,14.562653,4.595703,200.90195,96259.36,1.4559303e-07,0.14878695
2021-02-19 12:00:00,17.615509,5.3152466,210.58897,96175.72,4.938596e-07,0.23572503
2021-02-20 12:00:00,18.056915,9.649841,221.21928,96373.17,0.0,2.4168458
2021-02-21 12:00:00,18.560608,6.178406,222.7808,96196.17,0.0,1.6516577
2021-02-22 12:00:00,18.90689,4.874359,222.0471,96172.66,0.0,0.71671313
2021-02-23 12:00:00,17.927216,4.040161,216.49445,96340.21,0.0,0.8163634
2021-02-24 12:00:00,16.306091,2.8763123,129.59004,96112.37,2.5643034e-09,0.41956872
2021-02-25 12:00:00,17.926483,5.6685486,212.05663,96042.36,4.9969877e-09,0.6403659
2021-02-26 12:00:00,20.471344,4.9207153,224.90707,96167.81,0.0,0.7771133
2021-02-27 12:00:00,19.31128,4.661499,227.11913,96233.055,0.0,0.4407823
2021-02-28 12:00:00,17.488434,4.302948,215.64677,96075.44,1.9391538e-07,0.73595095
2021-03-01 12:00:00,17.129974,4.5312805,176.4896,96014.7,2.0086252e-07,0.45334455
2021-03-02 12:00:00,19.772156,5.5093384,229.06342,95874.53,0.0,0.2984741
2021-03-03 12:00:00,18.347778,4.536133,196.38402,95724.36,0.0,0.53632927
2021-03-04 12:00:00,15.985199,8.095154,214.00343,95954.24,2.2467205e-07,0.3879783
2021-03-05 12:00:00,13.9305725,7.3945007,124.20299,96152.37,4.744975e-05,1.1186007
2021-03-06 12:00:00,15.409729,1.9725342,237.9517,96174.14,3.7139357e-06,0.7000896
2021-03-07 12:00:00,16.409363,3.0608826,243.52269,96088.336,1.343133e-09,0.4964189
2021-03-08 12:00:00,19.232544,4.5428467,244.8082,96148.11,0.0,0.97540265
2021-03-09 12:00:00,21.512177,6.3166504,247.84799,96347.46,0.0,1.1595982
2021-03-10 12:00:00,23.43982,9.280884,248.86519,96586.93,0.0,0.6849037
2021-03-11 12:00:00,21.777954,6.491699,253.20833,96213.64,0.0,0.5235405
2021-03-12 12:00:00,20.17279,5.078888,251.7186,95709.84,0.0,0.2594166
2021-03-13 12:00:00,20.874268,5.825836,248.1384,95713.27,1.7285706e-07,0.38339114
2021-03-14 12:00:00,22.711914,3.7286682,260.2731,95874.87,0.0,1.2019083
2021-03-15 12:00:00,24.940521,9.934235,268.28384,96452.77,0.0,1.7019027
2021-03-16 12:00:00,27.838318,8.911957,266.64127,96545.1,0.0,0.77906686
2021-03-17 12:00:00,29.64502,12.750977,266.83765,96400.945,0.0,0.6847625
2021-03-18 12:00:00,29.264893,14.48999,264.47583,96266.1,0.0,0.79736257
2021-03-19 12:00:00,31.157867,12.766815,242.20326,96339.25,0.0,0.2132718
2021-03-20 12:00:00,29.441925,11.775421,122.09096,96312.56,6.3809096e-09,0.49417508
2021-03-21 12:00:00,26.527435,9.88208,153.60445,96068.98,0.0,0.41033077
2021-03-22 12:00:00,26.340149,14.964783,181.67854,95671.16,0.0,0.5738867
2021-03-23 12:00:00,24.55017,13.004669,82.2463,95344.51,0.00010760603,0.6793313
2021-03-24 12:00:00,12.881622,9.826569,58.829556,95575.37,0.00013969981,1.3640068
2021-03-25 12:00:00,11.480133,6.678711,112.51898,95892.32,6.4784115e-05,1.1444315
2021-03-26 12:00:00,13.66983,6.0128784,143.56067,95912.375,5.5987102e-06,0.4038985
2021-03-27 12:00:00,13.13208,8.910217,86.09385,95843.29,1.695644e-05,1.088818
2021-03-28 12:00:00,15.990326,8.314087,238.42412,95962.914,1.1106674e-05,0.99697554
2021-03-29 12:00:00,18.57248,5.6349487,287.3595,96224.86,0.0,0.31525788
2021-03-30 12:00:00,18.29602,7.8801575,284.89835,95989.76,9.406173e-10,0.51163816
2021-03-31 12:00:00,16.370117,6.1562805,80.150154,95724.47,0.0003079094,1.4975501
2021-04-01 12:00:00,11.512512,6.3010254,212.59784,95979.234,0.00028883686,0.8592082
2021-04-02 12:00:00,15.296875,5.5263977,288.5897,95883.22,1.5652979e-06,0.7694839
2021-04-03 12:00:00,14.626343,7.0450134,140.131,95806.37,2.2734555e-05,0.44263282
2021-04-04 12:00:00,13.082275,8.7655945,124.42163,95922.2,2.0010993e-05,0.77724296
2021-04-05 12:00:00,15.857758,9.614227,179.69357,95918.086,7.879608e-06,0.45137468
2021-04-06 12:00:00,16.095856,11.1137085,188.84964,95811.125,5.885655e-06,0.57421947
2021-04-07 12:00:00,18.366974,10.134552,251.51712,95650.23,7.4588174e-06,0.4674458
2021-04-08 12:00:00,17.48819,12.456238,136.07785,95909.74,9.966029e-06,1.0018538
2021-04-09 12:00:00,14.680847,11.181,73.48033,96074.9,3.95364e-05,1.3175683
2021-04-10 12:00:00,12.477722,8.402435,93.85769,96115.92,5.4348933e-05,1.2956896
2021-04-11 12:00:00,15.255554,7.5511475,280.7817,96024.66,9.095165e-06,0.31281638
2021-04-12 12:00:00,15.299713,7.995697,181.90556,96017.234,6.083561e-06,0.6528539
2021-04-13 12:00:00,15.461975,9.737274,186.30128,95966.71,9.693219e-06,0.5287914
2021-04-14 12:00:00,20.176422,6.698242,307.29645,96134.07,6.0837166e-08,0.4151655
2021-04-15 12:00:00,20.427856,8.889954,297.2688,96173.29,0.0,0.30084422
2021-04-16 12:00:00,25.917053,10.050659,308.38907,96010.22,0.0,0.3140794
2021-04-17 12:00:00,28.69342,13.811279,305.65234,95936.25,0.0,0.5547024
2021-04-18 12:00:00,29.837646,14.704834,282.69556,95794.24,0.0,0.35147914
2021-04-19 12:00:00,28.456573,15.244415,271.168,95751.83,0.0,0.6644484
2021-04-20 12:00:00,24.426453,12.139343,286.40436,95834.086,2.7085362e-06,1.177289
2021-04-21 12:00:00,22.019043,7.4162292,323.6892,96067.26,0.0,0.18451434
2021-04-22 12:00:00,29.956177,8.812042,329.4469,96210.63,0.0,0.72992367
2021-04-23 12:00:00,32.339447,15.960358,321.01328,96093.305,0.0,0.8346939
2021-04-24 12:00:00,30.931732,12.32608,330.11902,95765.21,7.2586026e-09,0.7530848
2021-04-25 12:00:00,27.137573,8.450226,323.92712,95813.914,1.1684563e-06,0.8969338
2021-04-26 12:00:00,26.098633,7.280426,340.56854,95940.87,0.0,0.639931
2021-04-27 12:00:00,25.453857,8.60141,330.84317,95813.48,0.0,0.77281976
2021-04-28 12:00:00,23.321411,6.9572144,333.26657,95874.44,0.0,0.6742661
2021-04-29 12:00:00,23.375458,7.537689,335.76718,95752.25,0.0,0.6542328
2021-04-30 12:00:00,22.69226,7.8694153,330.1141,95722.3,0.0,0.82048935
2021-05-01 12:00:00,21.946625,8.298828,322.96536,95786.4,0.0,0.7368767
2021-05-02 12:00:00,22.764435,8.709473,334.37115,95799.67,0.0,0.6404833
2021-05-03 12:00:00,24.337463,8.957062,337.07434,95852.79,0.0,0.5968749
2021-05-04 12:00:00,23.60614,8.674347,339.99854,95831.836,0.0,0.7716599
2021-05-05 12:00:00,23.882355,8.562317,340.90192,95800.91,0.0,0.7991379
2021-05-06 12:00:00,24.24704,8.695679,342.44418,95762.016,0.0,0.80404234
2021-05-07 12:00:00,23.895325,8.410522,339.03662,95714.66,0.0,0.7899936
2021-05-08 12:00:00,23.092865,7.0260925,345.95456,95651.15,0.0,0.88083714
2021-05-09 12:00:00,20.61319,9.88382,144.17252,95668.82,1.6955788e-05,0.8394169
2021-05-10 12:00:00,21.99118,10.121307,328.98087,95550.78,1.3550957e-06,0.71482307
2021-05-11 12:00:00,22.19519,9.061279,344.49243,95552.28,0.0,0.7007722
2021-05-12 12:00:00,22.688507,9.368683,340.5872,95573.4,0.0,0.7221588
2021-05-13 12:00:00,22.011414,8.501831,346.93698,95761.22,0.0,0.9607857
2021-05-14 12:00:00,20.912506,10.4844055,247.97,95910.3,3.0291307e-05,1.2388227
2021-05-15 12:00:00,17.800354,9.9262085,302.60132,95942.7,9.498824e-06,1.5272365
2021-05-16 12:00:00,17.46634,7.311615,291.3189,95910.805,7.111239e-07,1.0976741
2021-05-17 12:00:00,20.375153,8.615814,341.57074,95763.06,3.6415136e-06,0.7115595
2021-05-18 12:00:00,21.472107,7.6346436,349.79837,95704.336,0.0,0.614446
2021-05-19 12:00:00,23.38211,8.502533,351.98444,95722.12,0.0,0.7042402
2021-05-20 12:00:00,23.419952,9.856384,353.00073,95787.41,0.0,0.82818216
2021-05-21 12:00:00,24.085938,9.361938,340.74707,95857.74,7.4031885e-07,0.7905168
2021-05-22 12:00:00,24.32666,9.652588,351.9722,95837.555,1.7303792e-08,0.85510224
2021-05-23 12:00:00,23.361206,10.466156,286.0595,95758.164,1.2880013e-06,1.227575
2021-05-24 12:00:00,22.085785,10.7052,342.66812,95622.86,6.403356e-07,1.1084741
2021-05-25 12:00:00,21.591278,11.737335,332.01236,95553.88,1.2403757e-06,1.1963837
2021-05-26 12:00:00,20.34665,12.58313,232.51387,95563.6,8.627443e-06,1.3731854
2021-05-27 12:00:00,19.833282,11.291077,265.7241,95624.66,1.1681331e-05,1.315533
2021-05-28 12:00:00,21.198212,8.05481,360.69766,95782.74,3.1817686e-07,0.7945966
2021-05-29 12:00:00,26.948242,9.513733,358.2452,95948.21,0.0,0.70207524
2021-05-30 12:00:00,31.40805,12.476196,356.97537,96002.55,0.0,0.47064456
2021-05-31 12:00:00,32.115234,14.305756,340.64957,95952.36,0.0,0.6984134
2021-06-01 12:00:00,31.32013,13.296448,348.88327,95733.33,3.040116e-07,0.9975642
2021-06-02 12:00:00,27.007202,12.460327,349.36804,95562.24,5.398355e-07,1.1827984
2021-06-03 12:00:00,23.3396,13.107666,316.464,95721.61,5.0000203e-06,1.3048819
2021-06-04 12:00:00,25.374268,10.724152,354.15042,95927.83,5.5339342e-08,0.8810677
2021-06-05 12:00:00,28.945038,13.104614,352.8743,95687.984,0.0,0.72432524
2021-06-06 12:00:00,29.789734,14.714233,339.0738,95319.68,0.0,0.41034037
2021-06-07 12:00:00,28.151459,14.539246,351.82925,95346.23,1.7714503e-07,1.0723766
2021-06-08 12:00:00,27.360504,13.653473,351.9562,95679.44,5.524614e-07,0.98770887
2021-06-09 12:00:00,26.53305,12.3802185,313.5168,95838.5,0.0,0.9134324
2021-06-10 12:00:00,27.549133,12.039154,350.20535,95761.94,3.0192364e-09,0.6843376
2021-06-11 12:00:00,27.401672,12.872253,362.45007,95693.195,0.0,0.8850669
2021-06-12 12:00:00,26.741241,11.676239,357.70547,95806.3,6.750058e-08,1.0233583
2021-06-13 12:00:00,27.356018,11.980408,362.22345,95822.766,0.0,0.7557498
2021-06-14 12:00:00,29.591125,13.68866,353.41464,95761.1,0.0,0.42349818
2021-06-15 12:00:00,29.782501,13.659485,338.24872,95643.78,0.0,0.4345738
2021-06-16 12:00:00,29.574524,12.780121,365.0753,95649.164,0.0,0.84600484
2021-06-17 12:00:00,28.17508,12.557922,362.1523,95758.06,0.0,1.1198342
2021-06-18 12:00:00,26.14325,11.767853,362.87,95701.9,0.0,1.0289204
2021-06-19 12:00:00,28.744965,12.526215,362.50815,95727.81,0.0,0.7343795
2021-06-20 12:00:00,38.12671,16.56195,364.3639,95648.93,0.0,0.41079766
2021-06-21 12:00:00,39.39749,19.583984,365.01566,95710.54,0.0,0.52840686
2021-06-22 12:00:00,38.476746,20.825653,360.8533,95673.086,0.0,0.6033281
2021-06-23 12:00:00,33.88086,18.17456,312.89307,95679.72,0.0,0.8288351
2021-06-24 12:00:00,30.388733,18.155182,274.68243,95698.62,0.0,0.91131985
2021-06-25 12:00:00,28.742462,17.51416,329.61145,95788.53,0.0,1.3394967
2021-06-26 12:00:00,27.349976,14.915283,349.5338,95767.58,4.7250847e-08,1.0932436
2021-06-27 12:00:00,26.564362,12.251678,363.2266,95798.48,9.560202e-07,0.95156896
2021-06-28 12:00:00,29.564575,11.988556,361.82312,95886.31,0.0,0.60186195
2021-06-29 12:00:00,29.787628,15.829895,354.22726,95981.305,0.0,0.6773667
2021-06-30 12:00:00,28.933014,15.784027,305.4556,95884.72,6.2634626e-09,0.8795082
2021-07-01 12:00:00,27.771088,11.851593,357.8493,95785.44,5.9103396e-08,1.159855
2021-07-02 12:00:00,26.020142,12.359863,352.36658,95773.9,9.727249e-08,0.9150749
2021-07-03 12:00:00,25.143585,11.83609,350.96762,95825.41,6.573014e-07,0.80940455
2021-07-04 12:00:00,25.14685,10.865875,358.85117,95941.39,0.0,1.0228409
2021-07-05 12:00:00,27.902466,13.088776,359.43503,95995.13,0.0,0.84757763
2021-07-06 12:00:00,28.954346,13.230835,359.5629,95904.6,0.0,0.93158937
2021-07-07 12:00:00,29.152985,13.7812195,360.57858,95805.61,0.0,0.9766336
2021-07-08 12:00:00,28.32904,12.203247,354.47397,95855.41,3.9787236e-07,1.0414236
2021-07-09 12:00:00,30.065674,13.73584,352.67084,95873.19,0.0,0.5329745
2021-07-10 12:00:00,30.025879,12.706146,365.57816,95911.414,0.0,0.71661526
2021-07-11 12:00:00,31.77356,12.602997,368.072,95999.664,0.0,0.5624685
2021-07-12 12:00:00,32.78308,13.470795,363.2797,96082.766,0.0,0.60488343
2021-07-13 12:00:00,32.788116,13.876587,362.78177,96012.16,0.0,0.6902083
2021-07-14 12:00:00,32.974274,14.718475,319.0375,95906.7,0.0,0.6108029
2021-07-15 12:00:00,32.339386,15.034607,346.83926,95800.91,0.0,0.53704613
2021-07-16 12:00:00,31.37967,14.731873,355.59595,95707.875,2.3067388e-09,0.76796556
2021-07-17 12:00:00,31.466125,14.019928,357.49072,95861.47,0.0,0.70140964
2021-07-18 12:00:00,33.65338,14.515106,357.29184,96045.055,0.0,0.61357707
2021-07-19 12:00:00,33.35785,15.731598,352.02103,95989.83,0.0,0.8263369
2021-07-20 12:00:00,32.35016,15.4841,350.50772,95858.234,6.3379195e-09,0.8882656
2021-07-21 12:00:00,30.687256,13.63147,355.3111,95805.91,2.3242674e-08,0.86545855
2021-07-22 12:00:00,29.999146,13.004944,354.9943,95852.88,3.8221697e-09,0.7968503
2021-07-23 12:00:00,31.008728,13.086304,355.52094,95961.36,0.0,0.6876048
2021-07-24 12:00:00,30.300018,12.752197,356.11737,95994.86,0.0,0.6943742
2021-07-25 12:00:00,29.282623,12.491699,351.6243,96019.33,0.0,0.7487045
2021-07-26 12:00:00,30.530792,12.973785,350.5175,96037.875,0.0,0.68628216
2021-07-27 12:00:00,34.255646,15.887817,348.9755,95917.164,0.0,0.43065122
2021-07-28 12:00:00,34.917755,17.758911,349.1497,95730.25,0.0,0.30105403
2021-07-29 12:00:00,33.37961,15.071045,350.93063,95620.5,0.0,0.84094757
2021-07-30 12:00:00,34.091705,14.819336,349.4287,95634.84,0.0,0.57073534
2021-07-31 12:00:00,35.873535,17.325073,338.42865,95710.84,9.955029e-09,0.5899196
2021-08-01 12:00:00,36.476135,20.39038,274.4352,95919.91,0.0,0.59850705
2021-08-02 12:00:00,35.63437,21.17633,291.09036,96038.56,1.9189342e-08,0.6326785
2021-08-03 12:00:00,38.216187,23.960358,225.26299,95832.516,9.971892e-09,0.45222306
2021-08-04 12:00:00,37.19037,21.577606,286.53394,95727.84,0.0,0.8408128
2021-08-05 12:00:00,34.9281,22.234833,244.4237,95971.7,0.0,0.5189696
2021-08-06 12:00:00,34.14865,21.629059,169.3196,96173.43,0.0,0.54685944
2021-08-07 12:00:00,35.64044,21.875763,285.65002,96017.6,2.7572573e-06,0.43751383
2021-08-08 12:00:00,36.38617,22.04663,183.86679,95879.836,5.667655e-06,0.51687574
2021-08-09 12:00:00,36.603638,24.960785,311.2465,95854.58,1.0468479e-05,0.67473686
2021-08-10 12:00:00,36.40634,20.361755,319.76343,95887.96,6.162409e-08,0.84210455
2021-08-11 12:00:00,33.79767,20.423462,318.1811,95882.55,3.4998453e-09,0.7598291
2021-08-12 12:00:00,32.62213,18.72699,319.78314,95884.28,5.0451057e-08,0.8879696
2021-08-13 12:00:00,31.97049,18.861328,310.26257,95963.39,1.4163355e-07,0.9736596
2021-08-14 12:00:00,29.757355,19.738037,219.34889,95982.64,2.5198142e-08,0.79627067
2021-08-15 12:00:00,31.42456,16.54242,297.3986,95754.266,0.0,0.771591
2021-08-16 12:00:00,31.521912,15.375885,320.1036,95826.28,0.0,0.8945775
2021-08-17 12:00:00,34.487183,15.125153,327.4041,95976.586,0.0,0.30362347
2021-08-18 12:00:00,35.11139,16.861847,323.5517,95966.14,0.0,0.53447384
2021-08-19 12:00:00,35.57776,17.578705,319.91953,96015.3,0.0,0.5568517
2021-08-20 12:00:00,37.91098,19.601135,280.7596,96111.28,0.0,0.5983206
2021-08-21 12:00:00,40.245422,23.56897,256.60925,96061.95,4.300522e-06,0.53726983
2021-08-22 12:00:00,39.84134,23.644653,190.03731,95809.234,6.5733175e-08,0.47616458
2021-08-23 12:00:00,36.23004,25.070953,215.69746,95629.375,0.0,0.7909929
2021-08-24 12:00:00,35.443085,23.595581,251.48619,95704.25,0.0,0.65315497
2021-08-25 12:00:00,36.84433,21.438782,298.2531,95796.414,0.0,0.58599484
2021-08-26 12:00:00,36.12213,21.21991,153.2394,95837.01,1.4442379e-08,0.38855273
2021-08-27 12:00:00,34.58383,22.416443,217.01573,95899.07,1.9640718e-05,0.63346195
2021-08-28 12:00:00,33.487366,21.145782,294.4605,96038.23,0.0,0.44748032
2021-08-29 12:00:00,32.24939,20.849243,183.13516,96093.32,0.0,0.31278184
2021-08-30 12:00:00,32.96466,19.559326,290.24213,95920.17,0.0,0.5444427
2021-08-31 12:00:00,31.335083,15.165985,308.21585,95877.734,0.0,0.6401165
2021-09-01 12:00:00,29.645508,13.634216,305.84357,95911.52,0.0,0.666477
2021-09-02 12:00:00,28.899414,14.378723,184.73355,95927.97,0.0,0.5073462
2021-09-03 12:00:00,27.262848,17.208954,170.19702,95929.914,0.0,0.5898416
2021-09-04 12:00:00,27.06427,11.890015,298.2606,95809.87,0.0,0.73589784
2021-09-05 12:00:00,28.227783,13.898834,295.57275,95744.5,0.0,0.4384642
2021-09-06 12:00:00,29.081055,12.569183,288.5731,95766.65,0.0,0.74376863
2021-09-07 12:00:00,29.999268,13.159241,293.29367,95733.375,0.0,0.55911005
2021-09-08 12:00:00,30.779877,13.144592,292.75064,95738.53,0.0,0.5503115
2021-09-09 12:00:00,30.011902,15.091553,281.78104,95763.92,2.8743145e-08,0.4444448
2021-09-10 12:00:00,29.340454,13.63501,285.21466,95760.47,0.0,0.62484115
2021-09-11 12:00:00,28.604645,12.266388,284.047,95848.086,0.0,0.6510036
2021-09-12 12:00:00,28.555908,12.203857,282.60797,95792.58,0.0,0.69242567
2021-09-13 12:00:00,29.035767,11.489136,286.37213,95738.11,0.0,0.4550425
2021-09-14 12:00:00,30.829376,12.400177,283.04678,95839.555,0.0,0.49650842
2021-09-15 12:00:00,34.44046,17.11618,271.34225,95821.93,1.0317107e-06,0.5703403
2021-09-16 12:00:00,31.575409,16.12143,193.26378,95941.766,1.8417616e-06,0.76989526
2021-09-17 12:00:00,28.148987,18.505127,87.28066,95949.305,1.9154819e-05,0.77460206
2021-09-18 12:00:00,27.428009,18.417969,218.0805,96025.86,6.431774e-05,0.70604634
2021-09-19 12:00:00,29.155518,19.012756,235.90723,95995.95,8.976051e-06,0.47425678
2021-09-20 12:00:00,29.209656,19.0654,228.99716,96079.766,2.0570176e-06,0.27867746
2021-09-21 12:00:00,28.580505,17.456116,221.4149,95974.85,0.0,0.6183424
2021-09-22 12:00:00,27.682465,14.545349,262.28748,95946.9,1.0280826e-08,0.69340634
2021-09-23 12:00:00,30.710754,14.067993,263.06018,95976.82,0.0,0.34565046
2021-09-24 12:00:00,32.530396,18.396942,191.66354,95880.53,0.0,0.44373414
2021-09-25 12:00:00,32.579468,20.08377,180.32709,95815.15,0.0,0.41757706
2021-09-26 12:00:00,31.810242,17.78894,221.58965,95833.57,0.0,0.3849029
2021-09-27 12:00:00,33.788666,17.225922,217.18803,95826.57,2.9173652e-09,0.40897083
2021-09-28 12:00:00,32.363434,19.917145,169.1401,95861.45,0.0,0.49532354
2021-09-29 12:00:00,31.991974,17.404816,240.7274,95928.6,1.3202051e-08,0.51464194
2021-09-30 12:00:00,30.665314,17.553314,214.32693,95839.086,5.0875526e-10,0.42065492
2021-10-01 12:00:00,29.025879,14.879883,149.06349,95824.164,7.644355e-09,0.545545
2021-10-02 12:00:00,26.014618,12.161133,225.3716,95641.04,1.09811914e-07,0.6770663
2021-10-03 12:00:00,26.06717,11.974884,239.22346,95655.016,0.0,0.5053689
2021-10-04 12:00:00,28.027527,12.875549,238.13086,95776.33,0.0,0.45895168
2021-10-05 12:00:00,30.319397,13.964111,214.52591,95805.76,7.719594e-06,0.2571411
2021-10-06 12:00:00,29.087402,15.3905945,194.22917,95836.52,5.1821375e-05,0.6813208
2021-10-07 12:00:00,23.269196,15.920258,209.81384,95876.47,8.909852e-07,0.33622754
2021-10-08 12:00:00,22.16504,14.015472,219.01039,95674.49,1.9774985e-05,0.15696304
2021-10-09 12:00:00,23.428314,12.695374,227.36777,95768.05,0.0,1.7493719
2021-10-10 12:00:00,25.973053,15.554352,200.50034,95997.75,2.0360005e-06,1.9279608
2021-10-11 12:00:00,24.572205,17.097748,174.13803,95981.68,2.9834455e-05,1.3681072
2021-10-12 12:00:00,21.878082,13.9104,145.47496,95944.52,4.4119647e-06,0.9944567
2021-10-13 12:00:00,25.585327,12.6094055,208.82742,95843.7,0.0,0.25794238
2021-10-14 12:00:00,26.550232,13.689178,215.71838,95863.14,0.0,0.45084903
2021-10-15 12:00:00,26.402832,12.034637,217.10709,95919.98,3.6935262e-09,0.4148631
2021-10-16 12:00:00,29.669434,14.57785,212.9974,95850.04,4.7914077e-09,0.97751445
2021-10-17 12:00:00,28.591461,13.1604,201.67947,95822.71,0.0,0.38005888
2021-10-18 12:00:00,27.588898,12.995056,200.02257,95899.76,0.0,0.306173
2021-10-19 12:00:00,27.531921,12.379639,209.98302,96047.41,0.0,0.49785838
2021-10-20 12:00:00,25.804688,11.129059,196.29669,96000.99,1.1330455e-07,0.56103504
2021-10-21 12:00:00,28.442078,12.026978,205.22778,95836.26,0.0,0.59168935
2021-10-22 12:00:00,30.71524,15.053314,205.14635,95819.766,0.0,0.603149
2021-10-23 12:00:00,31.543121,14.97113,201.83519,95742.81,0.0,0.47054347
2021-10-24 12:00:00,28.33368,12.578644,200.6294,95546.17,0.0,0.40391535
2021-10-25 12:00:00,26.563568,10.703461,200.82265,95548.73,3.2641398e-07,0.930566
2021-10-26 12:00:00,24.289001,10.625275,205.7647,96184.19,0.0,2.456573
2021-10-27 12:00:00,21.217468,10.512695,199.7305,96629.875,0.0,1.9252625
2021-10-28 12:00:00,26.730652,14.214111,200.12364,96353.27,0.0,2.2225528
2021-10-29 12:00:00,28.416687,15.559723,198.22093,96346.83,0.0,1.0630579
2021-10-30 12:00:00,27.500122,11.547455,195.19542,96003.164,0.0,0.60427845
2021-10-31 12:00:00,25.239288,8.393951,191.43172,95696.57,0.0,0.8474434
2021-11-01 12:00:00,19.415253,5.8537903,182.17845,95286.22,1.0014519e-06,0.38394284
2021-11-02 12:00:00,19.31192,4.2210083,193.29729,95844.234,1.4519418e-10,0.94539434
2021-11-03 12:00:00,21.079865,8.675629,189.39673,95984.23,0.0,1.4353966
2021-11-04 12:00:00,20.103638,6.8216248,185.416,95781.78,0.0,0.36975837
2021-11-05 12:00:00,16.493347,5.6835327,146.3951,95784.47,3.4771551e-06,0.88759524
2021-11-06 12:00:00,21.630768,5.9066772,183.92339,96215.28,0.0,1.4912304
2021-11-07 12:00:00,24.053253,14.290466,182.30998,96499.375,0.0,2.660184
2021-11-08 12:00:00,24.565674,14.534149,179.83403,96344.38,0.0,1.2205007
2021-11-09 12:00:00,23.615753,11.536011,153.92078,96059.695,0.0,0.5367181
2021-11-10 12:00:00,21.404785,9.817932,87.17488,95974.81,0.0,0.5310785
2021-11-11 12:00:00,18.391022,6.1198425,159.85855,95985.555,1.8337092e-06,0.59443533
2021-11-12 12:00:00,19.205902,6.14386,153.41785,95971.734,3.062333e-07,0.52659345
2021-11-13 12:00:00,21.727783,8.36261,158.41444,95836.625,0.0,0.4479884
2021-11-14 12:00:00,20.115234,9.48114,74.18437,95799.8,6.795733e-06,0.8362598
2021-11-15 12:00:00,14.043396,9.647156,151.76059,96062.78,0.00023815324,0.5135543
2021-11-16 12:00:00,17.690918,4.0806274,169.09282,96762.63,0.0,1.7992519
2021-11-17 12:00:00,18.032288,6.2183228,167.46756,96462.06,0.0,1.5038704
2021-11-18 12:00:00,16.975067,4.3361206,161.36528,96204.44,1.9798529e-08,0.8223473
2021-11-19 12:00:00,21.139343,6.8669434,160.63144,96409.28,0.0,1.7630572
2021-11-20 12:00:00,22.259644,10.567993,124.39092,96152.734,0.0,1.401329
2021-11-21 12:00:00,21.765045,11.789154,156.10011,95870.97,1.2944682e-09,0.50278956
2021-11-22 12:00:00,20.810272,6.5616455,158.47874,96066.33,0.0,0.36583728
2021-11-23 12:00:00,23.309753,6.893097,154.3774,96187.04,0.0,0.3681399
2021-11-24 12:00:00,20.315674,7.3789062,123.62184,95913.305,6.515639e-07,0.52656776
2021-11-25 12:00:00,14.438599,8.152405,87.079605,96076.47,2.6184032e-05,0.5507548
2021-11-26 12:00:00,14.382721,9.386566,77.75626,95953.125,2.102042e-06,0.44222036
2021-11-27 12:00:00,13.452087,8.007904,68.801575,96224.23,1.6185395e-05,0.681288
2021-11-28 12:00:00,14.687897,11.690704,47.52339,96420.43,1.9848976e-05,0.609877
2021-11-29 12:00:00,17.372955,12.5672,112.29878,96431.29,5.0412367e-05,0.28254205
2021-11-30 12:00:00,17.945862,6.9094543,149.36154,96857.82,0.0,2.2207048
2021-12-01 12:00:00,21.29007,12.442444,148.6512,97139.055,0.0,2.3624077
2021-12-02 12:00:00,22.110657,11.016022,145.75282,96827.414,0.0,1.2097015
2021-12-03 12:00:00,20.116455,10.072266,111.05098,96425.51,0.0,0.8432054
2021-12-04 12:00:00,17.59259,8.606964,126.12798,96315.42,0.0,0.6008631
2021-12-05 12:00:00,16.577423,5.466034,137.15936,96081.35,1.63092e-08,0.45709598
2021-12-06 12:00:00,20.57016,5.7530212,140.2022,96031.46,0.0,0.429865
2021-12-07 12:00:00,21.779572,7.2124634,116.47785,96286.945,0.0,0.37293112
2021-12-08 12:00:00,18.433838,6.196747,46.948425,96170.87,6.6486034e-05,0.51139945
2021-12-09 12:00:00,16.13144,3.3709412,133.64262,96624.03,0.0,1.4262668
2021-12-10 12:00:00,18.05188,7.458252,125.58871,96689.1,0.0,1.8940765
2021-12-11 12:00:00,20.103485,5.9756775,140.5358,96380.195,0.0,1.920514
2021-12-12 12:00:00,22.796875,9.262756,138.57901,96331.65,0.0,2.0243185
2021-12-13 12:00:00,20.625397,11.472443,70.35033,96148.875,0.0,1.36037
2021-12-14 12:00:00,18.393402,9.519165,108.27675,95727.36,1.1206585e-06,0.69918656
2021-12-15 12:00:00,17.943115,5.1864014,135.34505,95831.14,8.752311e-08,0.9036974
2021-12-16 12:00:00,18.657928,7.190216,120.16013,96164.21,0.0,1.3758504
2021-12-17 12:00:00,20.963776,5.6519775,138.88925,96444.26,0.0,1.4237415
2021-12-18 12:00:00,21.781006,6.332123,138.71129,96612.84,0.0,1.4715295
2021-12-19 12:00:00,23.969604,7.821289,138.15456,96627.64,0.0,1.8039637
2021-12-20 12:00:00,25.121185,8.08783,138.4235,96740.09,0.0,1.3118172
2021-12-21 12:00:00,29.012604,8.981293,138.26064,96459.85,0.0,1.1490004
2021-12-22 12:00:00,28.658508,11.126038,139.9556,96279.48,0.0,1.8891934
2021-12-23 12:00:00,29.67221,13.625488,141.02519,96307.38,0.0,1.2814405
2021-12-24 12:00:00,25.601074,7.010803,131.44225,96048.74,0.0,0.6862314
2021-12-25 12:00:00,19.130157,6.6678467,123.839966,96085.48,1.01406805e-07,0.42679375
2021-12-26 12:00:00,21.490295,8.944702,114.57335,96005.984,0.0,0.29500836
2021-12-27 12:00:00,19.526733,6.744446,38.05454,95883.586,1.4582141e-05,0.739506
2021-12-28 12:00:00,14.128204,3.8572693,135.16753,95719.62,3.2438302e-06,0.9816023
2021-12-29 12:00:00,13.272491,2.6515503,139.14886,95837.17,3.2232086e-09,0.875062
2021-12-30 12:00:00,11.764801,3.9929504,122.47513,95646.484,3.8181068e-05,0.41115698
2021-12-31 12:00:00,11.383057,-1.0769653,143.37657,95942.164,0.0,1.2442949
2022-01-01 12:00:00,11.196075,-0.37820435,147.08588,96596.12,0.0,1.5882206
2022-01-02 12:00:00,10.8377075,1.8127747,73.96645,96762.695,0.0,0.9414756
2022-01-03 12:00:00,12.385681,2.0140076,142.46158,96064.18,1.9235138e-05,0.7601127
2022-01-04 12:00:00,15.673767,2.734436,133.58214,96533.95,0.0,1.1102962
2022-01-05 12:00:00,16.990265,5.7313538,119.21726,96529.83,0.0,1.1105891
2022-01-06 12:00:00,17.960876,6.305176,135.53925,95929.0,0.0,0.2833611
2022-01-07 12:00:00,15.61795,6.2616577,102.24514,95073.836,6.4463766e-06,1.8266071
2022-01-08 12:00:00,10.614166,7.2960815,48.724087,95518.47,3.548846e-05,0.7273399
2022-01-09 12:00:00,10.845093,7.007416,71.51394,96118.79,2.7651242e-05,0.9919936
2022-01-10 12:00:00,10.471558,3.0942688,24.469595,95988.914,0.0002545718,0.84470785
2022-01-11 12:00:00,12.007843,2.5910645,148.71568,95497.84,8.9526104e-05,1.6298847
2022-01-12 12:00:00,13.889801,2.074524,154.85927,96343.51,0.0,1.653498
2022-01-13 12:00:00,13.888977,1.9554749,154.4325,96828.1,0.0,1.1964675
2022-01-14 12:00:00,12.623322,2.627777,128.64735,96732.164,1.0460491e-09,0.5236428
2022-01-15 12:00:00,17.635406,2.9041748,153.32812,96498.875,0.0,0.9361599
2022-01-16 12:00:00,16.522522,6.3500977,123.2065,96307.14,0.0,0.47729957
2022-01-17 12:00:00,13.774353,4.1798096,116.717865,95862.35,3.6198703e-06,0.5547315
2022-01-18 12:00:00,11.180328,0.3210144,158.57637,95748.21,3.4992854e-07,1.275259
2022-01-19 12:00:00,12.100159,1.7753906,161.6575,96126.266,0.0,1.325909
2022-01-20 12:00:00,13.011322,1.8391418,158.56657,96260.86,0.0,0.7431929
2022-01-21 12:00:00,11.51239,0.84317017,122.38949,95786.766,2.7896115e-06,0.28434312
2022-01-22 12:00:00,11.510742,1.1427307,162.65677,95365.49,7.1428195e-07,2.0175455
2022-01-23 12:00:00,14.207275,2.9477844,165.14427,96138.77,0.0,1.0523952
2022-01-24 12:00:00,13.340149,1.2843323,124.52894,96484.21,0.0,0.34987277
2022-01-25 12:00:00,12.362915,1.1373901,150.48541,96145.71,2.4514748e-09,0.6730825
2022-01-26 12:00:00,11.9747925,2.490326,110.9616,96288.39,3.4652596e-06,0.15072344
2022-01-27 12:00:00,15.249634,2.6185608,158.12938,96513.32,2.0760876e-06,0.23218744
2022-01-28 12:00:00,14.669617,4.5117188,112.4244,96439.266,0.0,0.5573809
2022-01-29 12:00:00,17.420319,5.195465,168.3343,96329.28,9.976727e-07,0.5659233
2022-01-30 12:00:00,19.793243,5.5528564,173.96046,96523.44,0.0,1.6937089
2022-01-31 12:00:00,23.300812,8.571594,176.14116,96543.586,0.0,1.5342687
2022-02-01 12:00:00,23.052826,8.43338,178.88475,96428.03,0.0,0.58014816
2022-02-02 12:00:00,21.460693,3.218872,175.11598,96008.85,1.12745056e-07,0.772774
2022-02-03 12:00:00,15.09903,1.0247498,182.32932,96068.164,7.0678648e-06,0.70506203
2022-02-04 12:00:00,16.765656,3.4848938,180.53859,96636.52,0.0,0.89980406
2022-02-05 12:00:00,15.929626,2.624939,172.6837,96689.414,2.7058016e-08,0.5590512
2022-02-06 12:00:00,18.886963,4.6924744,186.16705,96800.875,0.0,1.4164966
2022-02-07 12:00:00,21.967499,9.936981,190.94052,96743.97,0.0,1.5959914
2022-02-08 12:00:00,23.04779,8.254181,193.59164,96459.516,0.0,1.1937568
2022-02-09 12:00:00,22.631897,9.802643,178.31604,96221.34,0.0,1.2396249
2022-02-10 12:00:00,21.571106,8.01181,178.34103,96233.6,0.0,0.37929234
2022-02-11 12:00:00,17.35968,4.0221863,160.28926,96362.88,1.6944357e-07,0.5318588
2022-02-12 12:00:00,14.715759,5.1173096,111.98652,96132.82,1.806083e-05,0.3719456
2022-02-13 12:00:00,14.6319275,8.195068,50.56458,95545.44,0.00019729418,1.1835494
2022-02-14 12:00:00,12.229553,7.3583374,155.00465,95601.5,0.0002090214,0.40991578
2022-02-15 12:00:00,13.270874,5.108551,186.11116,96176.836,3.1953462e-06,0.20023507
2022-02-16 12:00:00,17.018158,7.1122437,197.86377,96646.96,4.1542535e-08,0.3438776
2022-02-17 12:00:00,16.709076,7.6602783,173.85287,96288.836,2.5124737e-07,0.5400238
2022-02-18 12:00:00,18.866516,5.3107605,209.00946,95991.1,0.0,1.2339741
2022-02-19 12:00:00,20.23294,8.893158,209.18489,96286.375,1.09411e-09,0.7928006
2022-02-20 12:00:00,19.595276,9.261902,174.45436,96282.74,1.893713e-09,0.33456594
2022-02-21 12:00:00,18.285461,6.467102,159.6228,96067.45,3.0502324e-05,0.50601774
2022-02-22 12:00:00,15.690552,6.936035,182.79158,95944.96,3.0487305e-05,0.5007578
2022-02-23 12:00:00,16.538544,3.431305,194.11229,95953.76,0.0,1.4457153
2022-02-24 12:00:00,16.318634,8.55127,225.68886,96311.38,0.0,2.5770123
2022-02-25 12:00:00,18.438507,6.7232056,228.36084,96679.76,0.0,1.4992183
2022-02-26 12:00:00,20.380707,7.4224243,158.63501,96179.19,0.0,1.3009316
2022-02-27 12:00:00,22.026215,9.257294,175.20407,95537.414,0.0,0.97922623
2022-02-28 12:00:00,20.81839,5.5496826,205.73071,95610.43,0.0,0.8206888
2022-03-01 12:00:00,16.764008,5.830902,194.43478,96030.17,5.214635e-07,0.61653733
2022-03-02 12:00:00,15.227539,5.7469482,209.47313,96157.22,1.659877e-06,0.46127164
2022-03-03 12:00:00,17.545227,6.974457,212.60443,96274.23,4.27082e-06,0.6628638
2022-03-04 12:00:00,23.313751,6.9825134,234.05661,96634.46,0.0,0.40934414
2022-03-05 12:00:00,22.61084,7.067047,194.8885,96632.055,0.0,0.6293893
2022-03-06 12:00:00,22.981659,7.1697083,233.80818,96158.96,0.0,0.768812
2022-03-07 12:00:00,22.748932,4.6972046,247.17456,95481.99,8.048131e-09,1.0577394
2022-03-08 12:00:00,16.6745,4.2944336,223.69012,95274.56,2.435684e-06,0.4212135
2022-03-09 12:00:00,14.212067,2.9100342,132.90018,95918.984,4.775702e-06,1.0777748
2022-03-10 12:00:00,10.431824,1.5107422,216.66681,95216.19,9.882665e-05,0.42604977
2022-03-11 12:00:00,12.938934,2.3705444,170.50937,95674.875,8.139644e-06,0.90666384
2022-03-12 12:00:00,10.717285,7.268982,74.73021,96041.27,8.2939005e-05,1.2995027
2022-03-13 12:00:00,9.137543,2.4462585,197.50401,95579.75,4.8345166e-05,0.9634072
2022-03-14 12:00:00,11.86618,1.7972717,226.71991,95544.98,2.7134145e-06,0.46444893
2022-03-15 12:00:00,11.628296,6.608673,86.656685,95513.164,6.919004e-05,1.229201
2022-03-16 12:00:00,10.065186,4.7362976,102.654175,95442.28,2.437019e-05,0.77034557
2022-03-17 12:00:00,10.086121,6.366638,107.08214,95403.03,3.052357e-05,1.0146571
2022-03-18 12:00:00,8.984283,4.2391357,99.698364,95242.23,4.2265743e-05,1.6754491
2022-03-19 12:00:00,10.592102,-0.2098999,238.8172,95491.13,1.1018008e-06,0.48524752
2022-03-20 12:00:00,11.138336,2.6374512,191.51897,95675.96,2.4031092e-07,0.532175
2022-03-21 12:00:00,12.58078,3.4235535,184.94221,95672.55,0.0,0.27126753
2022-03-22 12:00:00,15.921478,6.973419,146.11916,95061.37,3.430806e-06,1.0163871
2022-03-23 12:00:00,19.305511,10.073212,197.68575,94834.4,6.811382e-08,1.0356648
2022-03-24 12:00:00,18.880066,8.849457,95.336365,95341.87,1.2173217e-05,1.4740834
2022-03-25 12:00:00,12.440552,6.3118286,96.23205,95837.9,1.1124401e-05,0.88785136
2022-03-26 12:00:00,20.417175,5.898987,262.5206,96264.97,3.1614786e-06,0.2782414
2022-03-27 12:00:00,25.32489,8.793213,280.7641,96482.164,0.0,0.23069096
2022-03-28 12:00:00,27.748505,11.056915,285.0084,96317.305,0.0,0.49358144
2022-03-29 12:00:00,26.546234,10.796722,208.05362,95935.016,3.3504488e-09,0.7620497
2022-03-30 12:00:00,19.6026,6.5765076,175.4722,95822.52,1.1888303e-05,0.6244489
2022-03-31 12:00:00,12.410156,5.09494,135.54489,95794.8,0.00020582213,1.4945573
2022-04-01 12:00:00,12.6493225,4.9026794,215.22693,95968.98,2.4034887e-05,0.69262207
2022-04-02 12:00:00,13.92395,6.1497803,232.61823,96404.22,2.454639e-06,0.43033704
2022-04-03 12:00:00,13.621674,7.261841,208.33223,96380.64,8.576142e-06,0.8382108
2022-04-04 12:00:00,16.22171,6.2092285,134.30844,96110.89,1.3511332e-07,0.26920176
2022-04-05 12:00:00,15.397461,6.895172,104.57118,95376.375,0.00029564564,1.2093297
2022-04-06 12:00:00,14.029449,6.634857,275.01196,95164.18,0.00015869101,0.11279648
2022-04-07 12:00:00,13.801147,8.264343,107.67564,95972.27,7.467223e-06,1.0581511
2022-04-08 12:00:00,12.412842,8.832428,137.26399,96051.63,1.249721e-05,1.0738734
2022-04-09 12:00:00,11.704651,6.124054,136.47728,95333.45,0.00019756042,1.2370269
2022-04-10 12:00:00,9.693756,1.7211304,290.7175,95774.43,0.0,1.2792121
2022-04-11 12:00:00,13.478729,4.054779,291.347,96120.76,8.0566724e-07,0.48715615
2022-04-12 12:00:00,17.717987,5.750702,308.65833,96372.38,0.0,0.34155634
2022-04-13 12:00:00,19.918396,7.991333,314.77362,96123.05,0.0,0.8435667
2022-04-14 12:00:00,19.50534,7.0690002,315.68463,95868.51,3.287473e-08,0.6562788
2022-04-15 12:00:00,19.521729,5.866913,320.82318,95951.62,5.2352995e-08,0.5512121
2022-04-16 12:00:00,19.54013,6.118744,257.6028,96130.04,1.2210405e-07,0.7636276
2022-04-17 12:00:00,16.299469,8.161621,297.09512,96160.54,0.00012761762,1.0698783
2022-04-18 12:00:00,13.180145,8.736145,150.26141,96056.55,1.6476117e-05,1.347903
2022-04-19 12:00:00,12.959595,6.41156,117.98525,95910.37,1.13958e-05,0.52452964
2022-04-20 12:00:00,12.04892,3.423767,279.17865,95516.984,1.8707341e-06,1.3686017
2022-04-21 12:00:00,17.377136,3.9459534,318.02377,95470.625,1.3775694e-07,1.5349262
2022-04-22 12:00:00,17.324646,6.037903,215.7219,95536.57,1.4962026e-06,1.2608538
2022-04-23 12:00:00,13.621674,7.6328735,121.89274,95363.12,1.866087e-05,1.3365312
2022-04-24 12:00:00,17.603363,6.772583,283.52866,95570.56,3.018485e-05,0.44300714
2022-04-25 12:00:00,23.286957,7.531708,315.68896,95470.54,3.9047695e-06,1.1347233
2022-04-26 12:00:00,23.022522,9.015472,308.817,95793.58,1.00317415e-07,1.074877
2022-04-27 12:00:00,21.507568,8.824219,317.09634,96232.88,8.8762306e-08,0.6892252
2022-04-28 12:00:00,24.531158,9.722351,311.64264,96212.45,0.0,0.39967048
2022-04-29 12:00:00,23.69571,9.130798,327.66016,95841.445,6.5694947e-09,0.6437454
2022-04-30 12:00:00,21.694122,5.78421,329.72443,95726.42,1.5644373e-07,0.9807576
2022-05-01 12:00:00,18.790161,7.9872437,275.16953,95982.38,1.6215429e-06,0.9188751
2022-05-02 12:00:00,25.273895,7.4874268,330.33954,95974.3,1.1655159e-10,0.36595914
2022-05-03 12:00:00,25.668488,9.699402,337.2468,95761.234,0.0,0.51268965
2022-05-04 12:00:00,24.524536,8.915253,340.36182,95697.48,7.340459e-09,0.7118041
2022-05-05 12:00:00,22.898254,8.769775,292.10226,95638.85,8.2495797e-07,0.9475785
2022-05-06 12:00:00,18.826721,9.502777,241.78297,95712.99,0.00010781194,1.5903611
2022-05-07 12:00:00,20.900482,6.5826416,343.4968,95886.66,4.0026293e-09,1.0145712
2022-05-08 12:00:00,25.579285,8.755432,345.0421,95821.64,0.0,0.42612198
2022-05-09 12:00:00,28.804657,11.70816,344.07413,95821.766,0.0,0.42165908
2022-05-10 12:00:00,27.525635,11.628418,347.3884,95796.086,0.0,0.8215833
2022-05-11 12:00:00,24.841858,10.536041,342.61816,95649.305,3.6700476e-07,0.6677324
2022-05-12 12:00:00,21.543335,12.402008,270.43106,95693.48,8.55161e-06,1.5106646
2022-05-13 12:00:00,19.262207,10.637573,164.93355,95733.87,3.5270396e-06,1.2978595
2022-05-14 12:00:00,17.207245,11.627899,133.59627,95702.19,3.669846e-05,1.3898029
2022-05-15 12:00:00,15.026489,10.2630005,337.22208,95693.67,9.713073e-05,1.1734408
2022-05-16 12:00:00,17.748596,6.7550964,322.48126,95931.28,2.9020302e-06,0.5027911
2022-05-17 12:00:00,22.128082,7.444397,354.58823,95949.56,0.0,0.5452161
2022-05-18 12:00:00,23.764252,9.227997,354.96872,95739.87,0.0,0.49594665
2022-05-19 12:00:00,27.207794,10.879303,354.4836,95472.66,0.0,0.33694518
2022-05-20 12:00:00,26.304016,10.382111,353.30658,95232.164,2.677426e-08,0.83506507
2022-05-21 12:00:00,24.240784,10.421295,349.55237,95295.33,8.916551e-07,1.016166
2022-05-22 12:00:00,23.391296,10.397675,338.75354,95473.07,1.70654e-06,0.9927715
2022-05-23 12:00:00,24.959717,10.962097,340.07373,95727.24,1.1554516e-07,0.92588216
2022-05-24 12:00:00,26.206055,11.140991,327.5365,95896.22,2.806598e-07,0.7680728
2022-05-25 12:00:00,28.115082,10.700439,346.9639,95825.63,4.007462e-08,0.63103163
2022-05-26 12:00:00,26.762115,13.236053,328.64685,95801.91,0.0,1.1589117
2022-05-27 12:00:00,24.157166,8.735016,356.3645,95842.055,2.0449677e-07,1.031585
2022-05-28 12:00:00,23.907928,9.478973,352.00613,95843.39,0.0,1.0572286
2022-05-29 12:00:00,22.576965,11.693359,287.79535,95807.58,4.750495e-06,1.3977245
2022-05-30 12:00:00,23.035828,9.443176,356.71484,95652.94,8.1003876e-08,0.7516452
2022-05-31 12:00:00,23.597717,9.756622,358.23904,95558.46,0.0,0.93826866
2022-06-01 12:00:00,27.890808,10.241516,361.45755,95662.08,0.0,0.5996284
2022-06-02 12:00:00,31.844696,13.108398,360.50198,95715.31,0.0,0.38131857
2022-06-03 12:00:00,32.9375,14.993988,361.18066,95666.28,0.0,0.69698614
2022-06-04 12:00:00,34.742767,14.303284,365.69522,95756.93,0.0,0.5402532
2022-06-05 12:00:00,33.75537,15.140717,356.0763,95880.984,0.0,0.73756313
2022-06-06 12:00:00,30.564423,12.405243,364.99628,95827.21,1.2052891e-07,0.90751624
2022-06-07 12:00:00,26.073975,11.535065,361.12958,95533.445,5.7126314e-08,1.1103508
2022-06-08 12:00:00,23.95169,12.759338,339.3654,95481.28,3.873443e-06,1.4074662
2022-06-09 12:00:00,22.646149,13.119568,329.35068,95701.03,4.4974045e-06,1.4929628
2022-06-10 12:00:00,23.5654,10.223419,360.05646,95827.7,1.3756433e-08,1.0797397
2022-06-11 12:00:00,24.622192,10.387451,359.36313,95857.98,2.7989831e-08,0.9477552
2022-06-12 12:00:00,25.798767,10.608124,360.41217,95927.125,5.3794227e-09,0.9200991
2022-06-13 12:00:00,28.366302,11.746399,363.53687,95949.91,0.0,0.84993964
2022-06-14 12:00:00,28.638031,12.412872,364.7647,95983.2,3.1050875e-09,0.9380743
2022-06-15 12:00:00,27.629303,11.767059,359.46893,95984.58,1.3084826e-07,1.0614972
2022-06-16 12:00:00,26.060547,11.593536,358.72357,95905.83,3.5720694e-07,1.0818439
2022-06-17 12:00:00,25.428925,12.3741455,349.30188,95656.33,1.1423039e-06,0.9827145
2022-06-18 12:00:00,26.83844,12.869446,361.0885,95420.625,0.0,0.73255587
2022-06-19 12:00:00,28.60199,13.726685,361.03467,95478.81,5.287879e-08,0.80978256
2022-06-20 12:00:00,31.796692,13.2117,368.42273,95666.234,0.0,0.6893406
2022-06-21 12:00:00,33.046936,13.619354,372.55045,95802.734,0.0,0.6491799
2022-06-22 12:00:00,33.16156,14.08548,368.7439,95809.305,3.778802e-09,0.69765973
2022-06-23 12:00:00,33.594696,16.619812,367.22363,95655.32,0.0,0.2188621
2022-06-24 12:00:00,32.414673,15.027527,365.9697,95649.99,0.0,0.5927528
2022-06-25 12:00:00,30.301788,15.170776,362.56168,95786.266,0.0,0.9904589
2022-06-26 12:00:00,28.55777,14.527435,359.27884,95970.57,4.9363985e-07,1.086184
2022-06-27 12:00:00,28.526672,13.433929,363.75354,95931.72,0.0,1.0282551
2022-06-28 12:00:00,28.711426,12.123413,367.7232,95822.875,5.254625e-09,0.9063361
2022-06-29 12:00:00,28.56308,11.363281,368.7887,95750.59,0.0,0.7735513
2022-06-30 12:00:00,29.032898,11.906555,358.1834,95830.87,0.0,0.6872135
2022-07-01 12:00:00,28.929657,12.050812,368.26468,95930.336,0.0,0.6850445
2022-07-02 12:00:00,27.941528,11.66684,364.04437,95885.75,0.0,1.0107907
2022-07-03 12:00:00,26.00055,11.2659,354.87384,95885.09,7.866093e-08,1.0735345
2022-07-04 12:00:00,25.892578,10.417572,356.32907,95990.85,2.8254058e-07,0.8979932
2022-07-05 12:00:00,26.678192,9.988647,353.01013,95948.29,1.6077311e-07,0.79213196
2022-07-06 12:00:00,27.129639,10.277893,361.65598,95878.67,2.0708437e-07,0.7914475
2022-07-07 12:00:00,26.646545,10.482269,364.59732,95996.42,2.1652053e-07,0.7517083
2022-07-08 12:00:00,27.20398,10.326874,366.51022,96097.766,0.0,0.7712614
2022-07-09 12:00:00,27.836395,11.142517,354.69156,96052.016,2.3344884e-07,0.84930426
2022-07-10 12:00:00,32.99283,14.136566,361.20593,95947.16,0.0,0.4763084
2022-07-11 12:00:00,33.184937,14.382385,356.18286,95998.89,0.0,0.5380367
2022-07-12 12:00:00,36.441803,15.133179,364.50552,95960.234,0.0,0.5522377
2022-07-13 12:00:00,39.186646,19.159546,260.74045,95918.02,0.0,0.38138604
2022-07-14 12:00:00,39.858368,22.16629,306.87598,95786.96,0.0,0.5731821
2022-07-15 12:00:00,38.232025,21.4646,332.5223,95834.69,0.0,0.83290404
2022-07-16 12:00:00,36.84735,21.522247,275.03836,95835.984,0.0,0.56774765
2022-07-17 12:00:00,38.362793,22.898438,251.35709,95708.3,8.2820556e-08,0.8056438
2022-07-18 12:00:00,39.52939,21.836487,190.99995,95703.81,1.2324574e-06,0.4151152
2022-07-19 12:00:00,35.61133,21.438995,308.5403,95862.8,3.4380307e-10,0.696594
2022-07-20 12:00:00,36.760742,22.128448,327.7642,95981.15,0.0,0.69907206
2022-07-21 12:00:00,36.37628,21.13388,340.91104,95836.85,1.4131111e-08,0.59553784
2022-07-22 12:00:00,37.032623,21.190186,340.55438,95831.125,1.7418682e-08,0.5828027
2022-07-23 12:00:00,37.917267,20.957245,325.19693,95792.16,2.6035611e-08,0.71166307
2022-07-24 12:00:00,36.98297,21.992462,312.83023,95680.664,0.0,0.72575724
2022-07-25 12:00:00,35.03369,24.048767,230.4067,95846.99,0.0,0.70212334
2022-07-26 12:00:00,34.917847,23.045624,277.8456,95883.12,0.0,0.73828757
2022-07-27 12:00:00,35.851562,21.300354,302.8751,95909.99,0.0,0.73631984
2022-07-28 12:00:00,38.58011,21.160461,332.93756,95882.46,0.0,0.56707394
2022-07-29 12:00:00,39.58371,23.560974,262.50842,96000.484,1.4323432e-06,0.37463886
2022-07-30 12:00:00,38.492035,24.677704,305.92276,95910.695,9.50507e-07,0.5993599
2022-07-31 12:00:00,36.770874,22.342102,319.64905,95624.48,2.4250008e-08,1.003828
2022-08-01 12:00:00,32.687347,21.12674,201.67542,95550.266,4.0220263e-07,1.1667346
2022-08-02 12:00:00,33.861115,23.217285,261.18015,95682.65,0.0,0.8020188
2022-08-03 12:00:00,34.51892,19.608063,331.22272,95949.22,0.0,0.92856055
2022-08-04 12:00:00,34.900696,22.180023,324.53665,96031.37,1.8997702e-07,1.2177594
2022-08-05 12:00:00,34.47464,20.812103,234.65817,95906.164,2.0572102e-08,0.84852535
2022-08-06 12:00:00,33.623566,20.37439,309.586,95867.43,0.0,0.9869921
2022-08-07 12:00:00,32.47159,19.39618,308.24146,95821.95,0.0,1.0172448
2022-08-08 12:00:00,31.178131,19.194519,197.79929,95813.69,0.0,0.94822246
2022-08-09 12:00:00,33.284058,19.945435,303.77115,95840.3,2.6924513e-06,0.8584038
2022-08-10 12:00:00,32.614716,19.309937,250.58734,95917.38,4.8661335e-08,0.9278434
2022-08-11 12:00:00,30.848938,19.623657,202.59659,96018.25,2.8213613e-05,0.90251404
2022-08-12 12:00:00,33.653503,17.781128,321.891,96046.625,2.7090605e-08,0.45075402
2022-08-13 12:00:00,33.608093,18.008606,323.33624,95946.42,4.1558135e-07,0.37053242
2022-08-14 12:00:00,32.512634,17.525787,320.3046,95938.25,0.0,0.85979843
2022-08-15 12:00:00,34.69641,18.052094,319.4693,95918.414,0.0,0.5777836
2022-08-16 12:00:00,33.9834,18.392365,294.3845,95936.19,0.0,0.8767131
2022-08-17 12:00:00,31.313202,22.855835,110.18104,96180.68,8.0580215e-08,0.42341104
2022-08-18 12:00:00,32.860382,22.027893,186.05396,96171.22,0.0,0.45576534
2022-08-19 12:00:00,36.579132,20.11145,301.04504,96035.58,0.0,0.50070155
2022-08-20 12:00:00,36.06772,22.648315,199.92404,96119.39,0.0,0.67762357
2022-08-21 12:00:00,30.673248,21.218414,202.5338,96344.59,7.06824e-05,0.9297423
2022-08-22 12:00:00,33.217743,18.224854,311.4836,96336.195,7.744741e-06,0.3070323
2022-08-23 12:00:00,35.43155,18.329376,314.95575,96181.27,0.0,0.4529437
2022-08-24 12:00:00,34.79303,17.36856,315.0914,96049.266,1.1287735e-08,0.45996922
2022-08-25 12:00:00,32.78946,15.460785,312.82486,95946.64,0.0,1.0068341
2022-08-26 12:00:00,27.964874,13.369568,310.10028,95806.93,3.9832226e-08,0.98712367
2022-08-27 12:00:00,27.281494,13.840118,306.23935,95785.31,0.0,0.81636614
2022-08-28 12:00:00,27.612823,14.615387,301.3919,95914.78,7.062959e-08,0.71950555
2022-08-29 12:00:00,27.236725,14.826935,279.26318,96148.51,2.8403177e-08,0.67365867
2022-08-30 12:00:00,29.310272,14.790161,296.92618,96179.83,1.0695277e-08,0.62626183
2022-08-31 12:00:00,28.766724,14.885559,291.362,95921.87,4.0153833e-07,0.62657446
2022-09-01 12:00:00,27.581879,15.266296,286.65115,95968.086,1.2744415e-06,0.6515971
2022-09-02 12:00:00,27.204895,14.4661255,257.71823,95961.09,0.0,0.5382733
2022-09-03 12:00:00,29.836426,13.823578,297.19064,95966.48,0.0,0.5546762
2022-09-04 12:00:00,29.473969,14.757019,291.88745,95879.16,1.6591473e-08,0.5509132
2022-09-05 12:00:00,27.82135,13.474426,293.2565,95737.67,0.0,0.5947889
2022-09-06 12:00:00,27.300781,12.166229,294.6709,95726.05,0.0,0.51046705
2022-09-07 12:00:00,26.454468,11.829681,290.47458,95769.68,0.0,0.43084377
2022-09-08 12:00:00,26.772644,11.210083,290.31256,95846.6,0.0,0.60530794
2022-09-09 12:00:00,25.750916,12.096069,269.9936,95751.21,7.770048e-07,0.55760103
2022-09-10 12:00:00,24.528809,14.984222,261.87067,95700.305,5.816602e-07,0.83181757
2022-09-11 12:00:00,24.830048,13.640259,261.9368,95805.11,2.1704343e-05,0.501143
2022-09-12 12:00:00,25.727753,15.490997,228.993,95994.0,3.3484762e-06,0.73516864
2022-09-13 12:00:00,26.763947,12.057556,278.414,95987.24,2.36365e-08,0.5281256
2022-09-14 12:00:00,25.90393,11.452881,236.12,95916.945,1.6066565e-08,0.5500655
2022-09-15 12:00:00,25.338745,11.382355,273.85,95808.83,0.0,0.6400126
2022-09-16 12:00:00,29.93161,11.594788,276.5816,95789.44,0.0,0.42811668
2022-09-17 12:00:00,32.72406,14.515869,272.09933,95784.41,1.17905266e-07,0.48508924
2022-09-18 12:00:00,31.82721,14.311768,242.10416,95810.555,4.828599e-07,0.7000318
2022-09-19 12:00:00,29.071747,16.632996,259.5574,95649.516,0.0,0.83183354
2022-09-20 12:00:00,25.339142,17.148285,71.68965,95521.445,2.2606873e-05,1.0981508
2022-09-21 12:00:00,20.066772,15.35083,124.73071,95589.766,4.053764e-05,1.2643157
2022-09-22 12:00:00,25.61206,11.412048,264.91693,95877.76,6.372784e-07,0.598454
2022-09-23 12:00:00,30.219452,13.328247,268.2165,96001.195,0.0,0.3616555
2022-09-24 12:00:00,29.189606,12.255402,263.6439,95869.82,0.0,0.58543396
2022-09-25 12:00:00,27.244415,13.090729,240.79893,95744.51,0.0,0.42077857
2022-09-26 12:00:00,28.30185,13.599701,251.28024,95679.49,0.0,0.4801752
2022-09-27 12:00:00,27.936157,14.023773,248.67291,95773.22,0.0,0.5801897
2022-09-28 12:00:00,30.746857,14.523926,249.81824,95916.41,0.0,0.4103101
2022-09-29 12:00:00,33.51718,15.864136,250.14618,95901.95,0.0,0.82095414
2022-09-30 12:00:00,34.100098,16.536987,249.37315,95766.27,0.0,0.57590425
2022-10-01 12:00:00,34.093964,15.125153,247.46089,95933.766,0.0,0.60325235
2022-10-02 12:00:00,37.07419,17.554626,246.67157,96057.88,0.0,0.6282538
2022-10-03 12:00:00,39.60257,20.91153,237.78673,95966.5,0.0,0.7672392
2022-10-04 12:00:00,38.884247,21.94107,238.98695,95981.805,0.0,0.28381947
2022-10-05 12:00:00,37.379242,17.170624,237.13857,96104.16,0.0,0.8409184
2022-10-06 12:00:00,30.237305,14.657288,236.97543,96009.55,0.0,0.6569487
2022-10-07 12:00:00,27.655945,11.862274,238.8724,95717.555,4.9004957e-08,0.4313363
2022-10-08 12:00:00,25.810333,11.458221,228.23119,95410.9,0.0,0.80054015
2022-10-09 12:00:00,27.218384,11.893188,229.8439,95463.23,0.0,0.4811917
2022-10-10 12:00:00,33.748657,15.677246,230.30145,95474.055,0.0,0.65675974
2022-10-11 12:00:00,31.86676,14.858276,227.04494,95424.55,0.0,0.55054677
2022-10-12 12:00:00,26.807953,12.336731,223.38898,96157.55,2.0472676e-07,0.8031515
2022-10-13 12:00:00,27.202698,12.09021,223.19188,96122.92,0.0,0.6287963
2022-10-14 12:00:00,30.174957,12.6683655,222.3109,95626.24,0.0,0.3110678
2022-10-15 12:00:00,29.465393,13.015045,217.72458,95724.586,0.0,0.5922263
2022-10-16 12:00:00,30.731018,14.460419,195.6692,95960.72,0.0,0.3871443
2022-10-17 12:00:00,30.27008,18.110687,187.0045,95985.69,2.1149924e-06,0.6017067
2022-10-18 12:00:00,29.575958,19.457397,117.8441,96010.29,1.0579517e-06,0.42583153
2022-10-19 12:00:00,26.670807,17.719055,166.9699,96139.73,1.2036062e-05,0.28776672
2022-10-20 12:00:00,25.629395,14.757446,173.7329,96127.164,2.2429176e-06,0.37678197
2022-10-21 12:00:00,29.002533,14.80603,198.39812,95952.555,5.9059503e-06,0.8385329
2022-10-22 12:00:00,30.839783,17.174133,199.33516,96075.63,0.0,1.077497
2022-10-23 12:00:00,31.628998,18.564148,199.00917,96262.76,0.0,0.81248057
2022-10-24 12:00:00,32.58423,19.574371,173.41937,96106.99,0.0,1.0297465
2022-10-25 12:00:00,32.243134,19.0029,178.62315,95847.95,0.0,1.1346856
2022-10-26 12:00:00,31.08133,17.669983,193.76555,96003.28,0.0,1.2817614
2022-10-27 12:00:00,29.277649,17.642212,113.695496,96270.34,0.0,1.4619038
2022-10-28 12:00:00,30.461517,15.39502,186.67899,96022.805,0.0,0.8554197
2022-10-29 12:00:00,30.975006,16.475891,188.98195,95900.99,0.0,0.5983348
2022-10-30 12:00:00,30.809082,15.404968,187.38254,95862.38,0.0,0.5840714
2022-10-31 12:00:00,29.031708,14.504913,140.6267,95777.27,0.0,0.31872416
2022-11-01 12:00:00,23.838196,14.160248,176.16086,95742.984,2.1077378e-06,0.64270264
2022-11-02 12:00:00,21.122742,7.5121155,192.9416,95557.46,0.0,2.1684155
2022-11-03 12:00:00,20.362213,9.512482,191.90443,96105.35,0.0,2.222917
2022-11-04 12:00:00,23.20633,7.8979797,187.28381,96419.97,0.0,1.5613805
2022-11-05 12:00:00,27.119324,9.203308,188.67946,96218.23,0.0,1.6255119
2022-11-06 12:00:00,27.153625,13.277161,171.16118,96164.16,0.0,1.3695009
2022-11-07 12:00:00,25.648407,8.113129,182.45692,95906.22,0.0,0.42791486
2022-11-08 12:00:00,28.433197,9.041229,177.42168,96066.98,0.0,0.89408934
2022-11-09 12:00:00,27.64972,14.370697,171.88197,96100.82,0.0,0.8927056
2022-11-10 12:00:00,25.616028,9.756775,162.72224,95992.77,0.0,0.5235804
2022-11-11 12:00:00,30.518646,11.580811,176.32857,96217.14,0.0,1.0094085
2022-11-12 12:00:00,32.09485,13.406311,175.62396,96310.18,0.0,1.1599563
2022-11-13 12:00:00,29.56195,12.473541,127.03064,96003.9,0.0,0.67689735
2022-11-14 12:00:00,25.3591,12.509857,86.47869,95653.63,1.4735076e-06,0.63197595
2022-11-15 12:00:00,18.783722,11.4487915,104.5601,95730.52,1.1763079e-05,1.0916126
2022-11-16 12:00:00,14.721985,6.21579,130.92937,95514.41,6.9491085e-05,0.22839259
2022-11-17 12:00:00,14.092438,4.0434875,113.37202,96142.76,0.0,0.46418968
2022-11-18 12:00:00,13.572296,4.3744507,132.17427,95942.71,2.8123273e-07,0.39980486
2022-11-19 12:00:00,15.092346,4.2228394,159.87733,95865.766,1.7897407e-06,0.51452744
2022-11-20 12:00:00,16.913055,4.289337,161.18149,96135.02,0.0,0.73145473
2022-11-21 12:00:00,15.407074,3.3929749,135.2133,95994.734,0.0,0.36598828
2022-11-22 12:00:00,16.257263,2.2445374,138.75679,95832.49,3.071685e-06,0.552649
2022-11-23 12:00:00,16.706177,5.3013916,151.32613,95988.91,0.0,0.45213032
2022-11-24 12:00:00,16.439026,6.4053345,126.77345,96038.88,3.5638797e-07,0.5247068
2022-11-25 12:00:00,15.215271,8.135925,74.14566,95991.95,2.6734879e-06,0.53057486
2022-11-26 12:00:00,15.407928,4.019989,148.81105,95986.54,0.0,0.59929645
2022-11-27 12:00:00,13.922211,2.2140503,157.77235,96168.94,7.819081e-09,1.6750784
2022-11-28 12:00:00,18.528412,2.6374207,148.70175,96532.77,0.0,1.0818934
2022-11-29 12:00:00,19.993927,7.3163757,142.81015,96155.22,0.0,0.47450572
2022-11-30 12:00:00,21.321777,6.820801,142.26622,95989.02,0.0,0.49288282
2022-12-01 12:00:00,22.152435,9.038513,139.15086,96121.64,0.0,0.25214392
2022-12-02 12:00:00,19.328339,7.643738,125.33783,95978.086,1.6320284e-05,0.46478176
2022-12-03 12:00:00,16.344635,2.9396973,136.01735,96278.24,0.0,1.500154
2022-12-04 12:00:00,18.411072,5.223755,140.3643,96243.2,0.0,0.7242016
2022-12-05 12:00:00,22.03833,5.3915405,141.03639,95961.78,0.0,0.85948086
2022-12-06 12:00:00,22.382538,6.1987,140.50458,95991.336,0.0,0.64506847
2022-12-07 12:00:00,20.934753,6.8577576,115.61098,95831.89,0.0,0.478465
2022-12-08 12:00:00,18.662415,7.910553,119.58176,95701.34,3.033913e-08,0.80259585
2022-12-09 12:00:00,15.817108,11.513489,20.03807,96009.87,0.00015989626,1.3084857
2022-12-10 12:00:00,14.371338,12.701019,41.586525,95759.805,0.0006432002,1.1574576
2022-12-11 12:00:00,12.648621,7.866455,73.92264,96107.48,8.698611e-06,0.5437966
2022-12-12 12:00:00,10.896179,8.18689,86.02212,96218.16,0.00010094426,0.6217151
2022-12-13 12:00:00,10.830414,4.621643,127.99949,96134.12,2.0830205e-06,0.48756865
2022-12-14 12:00:00,10.029358,3.9631042,124.19894,96055.445,4.1997296e-06,0.3388665
2022-12-15 12:00:00,9.779053,3.9286804,100.89142,96235.9,7.1640543e-06,0.9787731
2022-12-16 12:00:00,12.003204,1.0278015,133.84637,96815.586,0.0,1.5455316
2022-12-17 12:00:00,13.896942,3.2573242,136.27916,96916.625,0.0,1.6110862
2022-12-18 12:00:00,17.177612,4.8624573,137.48601,96492.266,0.0,1.5129324
2022-12-19 12:00:00,15.464966,3.8562622,137.40794,96071.59,1.9071554e-06,0.6486856
2022-12-20 12:00:00,10.102325,0.19781494,141.39487,96788.086,0.0,1.7283698
2022-12-21 12:00:00,10.505035,1.1969299,143.1253,96825.0,0.0,2.078749
2022-12-22 12:00:00,10.782776,2.6327515,88.71508,96553.56,0.0,1.6161975
2022-12-23 12:00:00,13.492706,1.1401367,137.93736,96598.22,0.0,1.6064174
2022-12-24 12:00:00,16.435913,5.002075,136.39711,96761.266,0.0,1.5706475
2022-12-25 12:00:00,18.450928,6.3935547,138.05737,96571.5,0.0,1.6200447
2022-12-26 12:00:00,18.68686,7.6083374,117.85802,96255.93,0.0,1.0641929
2022-12-27 12:00:00,15.811981,5.782196,136.83604,95958.98,3.107522e-06,0.6737271
2022-12-28 12:00:00,13.81546,3.3845215,142.26492,96559.06,0.0,1.9928954
2022-12-29 12:00:00,12.402313,1.4408875,138.556,95968.3,0.0,0.39473575
2022-12-30 12:00:00,9.300751,-0.43795776,42.182224,94968.5,0.00019450129,0.45958766
2022-12-31 12:00:00,5.1345825,-1.531189,56.624363,95705.97,9.719701e-06,0.38361433
2023-01-01 12:00:00,6.756073,-0.87579346,61.603264,96074.03,3.2563403e-05,0.8367545
2023-01-02 12:00:00,7.5187073,-1.358429,142.88246,96267.22,1.245205e-06,1.3998019
2023-01-03 12:00:00,8.155731,-4.43042,146.03792,96605.51,0.0,1.409442
2023-01-04 12:00:00,8.061554,0.06845093,147.29494,96995.09,0.0,2.2493377
2023-01-05 12:00:00,10.925079,-0.29299927,147.92438,96856.53,0.0,1.7092822
2023-01-06 12:00:00,15.182495,0.9392395,145.67435,96433.055,0.0,1.7504205
2023-01-07 12:00:00,16.940979,3.4803162,148.51836,96376.79,0.0,1.971973
2023-01-08 12:00:00,19.037598,4.5162964,148.85619,96419.19,0.0,2.0701594
2023-01-09 12:00:00,17.35904,5.6977234,148.7542,95910.445,0.0,0.88677394
2023-01-10 12:00:00,16.534027,2.3717957,149.2706,95742.234,2.2249714e-07,0.70164126
2023-01-11 12:00:00,18.472565,4.115204,151.07623,96200.01,0.0,1.9555783
2023-01-12 12:00:00,19.365295,9.202545,151.95505,96572.836,0.0,2.1936257
2023-01-13 12:00:00,21.488281,7.604767,154.52565,96369.25,0.0,2.3498998
2023-01-14 12:00:00,20.546967,10.186035,150.71062,96363.93,0.0,1.8403491
2023-01-15 12:00:00,19.58014,3.8571472,144.44159,96137.305,0.0,0.8416596
2023-01-16 12:00:00,15.614746,2.1967163,131.80058,96387.06,1.955862e-06,0.27306837
2023-01-17 12:00:00,16.000763,4.144226,134.17424,96548.37,1.2581052e-06,0.26698247
2023-01-18 12:00:00,22.987305,6.987152,139.69835,96465.04,0.0,1.5253894
2023-01-19 12:00:00,23.048248,8.911682,153.90747,96469.6,0.0,2.0301497
2023-01-20 12:00:00,22.952972,11.255554,123.28601,96428.6,0.0,1.6744738
2023-01-21 12:00:00,21.924072,10.1128235,158.11711,96015.39,0.0,2.2994926
2023-01-22 12:00:00,20.247314,13.6922,164.9007,96376.43,0.0,3.2966585
2023-01-23 12:00:00,21.548126,7.544922,168.2333,96634.85,0.0,1.9164914
2023-01-24 12:00:00,22.25946,6.1427307,166.28609,96938.33,0.0,1.6536889
2023-01-25 12:00:00,25.527863,7.3012695,168.97438,96937.53,0.0,1.2528054
2023-01-26 12:00:00,25.277954,10.362671,167.91489,96598.164,0.0,0.7301773
2023-01-27 12:00:00,22.021332,8.44043,105.44391,96259.195,1.26030155e-08,0.3466437
2023-01-28 12:00:00,17.922424,3.729065,94.92527,96166.43,0.0,0.55726886
2023-01-29 12:00:00,15.504272,9.126434,46.783066,96294.99,1.2072197e-08,0.6428139
2023-01-30 12:00:00,14.409821,8.287231,96.72815,96395.82,0.0,0.5840282
2023-01-31 12:00:00,13.393921,9.356934,64.41825,96371.1,4.7012876e-05,0.82834744
2023-02-01 12:00:00,16.03476,7.564911,172.94553,96243.945,5.6476587e-08,2.2504196
2023-02-02 12:00:00,19.780457,6.455353,175.08263,96130.62,0.0,1.6744527
2023-02-03 12:00:00,21.021881,9.518036,173.65588,95948.84,0.0,0.70243233
2023-02-04 12:00:00,18.828003,6.0783386,128.7833,95953.69,3.1301754e-06,0.689191
2023-02-05 12:00:00,11.9001465,2.783661,150.66356,95340.61,6.206464e-05,0.5772908
2023-02-06 12:00:00,10.590729,1.8675537,138.90459,95674.27,8.8693025e-07,0.9929349
2023-02-07 12:00:00,11.633759,2.0673828,108.30798,96284.81,7.6905444e-08,0.8212108
2023-02-08 12:00:00,14.184143,5.572693,142.92949,96111.04,0.0,0.99108315
2023-02-09 12:00:00,15.983398,5.268738,181.61116,96469.234,0.0,0.68837076
2023-02-10 12:00:00,19.434082,5.8311462,191.80284,96616.4,0.0,1.7496513
2023-02-11 12:00:00,22.385132,13.90802,190.8197,96177.82,8.595077e-10,2.442183
2023-02-12 12:00:00,21.027618,9.500519,179.22282,95921.97,7.495627e-08,0.46754786
2023-02-13 12:00:00,16.993835,6.2102966,157.30591,95998.73,1.2075463e-06,0.55401176
2023-02-14 12:00:00,15.1502075,7.475525,149.6473,95945.164,4.4937615e-06,0.24750595
2023-02-15 12:00:00,17.96875,5.3426514,192.90018,96100.6,4.7066038e-08,0.4504256
2023-02-16 12:00:00,17.41504,8.227539,199.32182,96193.01,2.5454344e-08,0.46031106
2023-02-17 12:00:00,18.714142,3.2789001,197.76299,96262.086,0.0,1.0409057
2023-02-18 12:00:00,22.876862,7.27359,199.93056,96388.25,0.0,1.3104377
2023-02-19 12:00:00,23.810638,11.012268,196.78543,96357.85,0.0,0.63324106
2023-02-20 12:00:00,25.741089,8.141937,211.56851,96479.305,0.0,0.67357516
2023-02-21 12:00:00,25.350555,10.390289,194.33566,96351.25,0.0,0.801499
2023-02-22 12:00:00,23.075226,9.545197,151.82529,96189.51,1.511033e-06,0.51405936
2023-02-23 12:00:00,21.723541,6.739319,216.79068,96071.91,1.6822781e-08,0.418637
2023-02-24 12:00:00,20.735962,5.455536,218.40663,96058.12,2.2477304e-08,0.7675364
2023-02-25 12:00:00,17.250153,4.974182,203.65483,95853.26,0.0,0.43097207
2023-02-26 12:00:00,15.27478,4.8090515,131.85016,95762.0,3.6410731e-06,0.33668658
2023-02-27 12:00:00,16.782654,3.272644,232.27242,95866.21,2.1368477e-08,0.96443313
2023-02-28 12:00:00,16.228973,5.440674,74.61209,96134.43,1.2835064e-05,0.7649658
2023-03-01 12:00:00,11.901947,6.1326294,122.26212,96111.04,5.1578205e-05,0.5155046
2023-03-02 12:00:00,15.087097,3.715973,175.0523,96317.4,0.0,0.66772324
2023-03-03 12:00:00,18.310608,4.586609,211.86101,96368.6,0.0,0.22477284
2023-03-04 12:00:00,18.954346,8.042267,169.06895,96328.305,0.0,0.5087781
2023-03-05 12:00:00,21.373627,7.106201,231.34769,95956.445,0.0,0.52416074
2023-03-06 12:00:00,20.836334,6.850708,235.14795,95763.77,2.2907762e-09,0.74519426
2023-03-07 12:00:00,25.282928,9.112122,247.43329,96204.28,0.0,1.6374791
2023-03-08 12:00:00,27.606262,11.11142,250.55266,96295.94,0.0,1.9531687
2023-03-09 12:00:00,29.491852,13.352966,254.58734,96272.055,0.0,1.3329649
2023-03-10 12:00:00,28.173187,10.471008,216.14519,96016.945,0.0,0.65443355
2023-03-11 12:00:00,22.379883,5.7769165,225.01486,95854.72,3.5487826e-06,0.76248425
2023-03-12 12:00:00,19.958557,4.070862,252.79323,95717.83,1.5158742e-08,0.650793
2023-03-13 12:00:00,21.324982,7.8399963,247.95964,95760.26,0.0,0.48239374
2023-03-14 12:00:00,20.657074,7.389679,171.16428,95766.85,0.0,0.32238263
2023-03-15 12:00:00,17.50058,6.7263794,180.32774,95625.24,6.15408e-07,0.6181368
2023-03-16 12:00:00,15.37915,4.3451233,224.2408,95529.805,2.402547e-06,0.71357465
2023-03-17 12:00:00,12.97464,7.4687805,76.38008,95609.82,4.563467e-05,1.1912323
2023-03-18 12:00:00,13.544708,3.042694,210.77652,95736.53,3.7454581e-06,0.62915885
2023-03-19 12:00:00,11.823242,7.7176514,44.290276,95630.27,0.00033034958,1.3297125
2023-03-20 12:00:00,9.681152,7.5490723,97.55329,95368.21,0.0008144724,1.9924572
2023-03-21 12:00:00,9.794891,4.6106567,201.28131,95286.484,3.7681515e-05,1.4097582
2023-03-22 12:00:00,10.172394,2.5965576,216.8654,95448.12,4.9494315e-06,0.07722581
2023-03-23 12:00:00,11.8802185,4.1944885,237.2181,95634.01,9.297624e-06,0.3448898
2023-03-24 12:00:00,15.042664,5.0680237,265.87894,96090.086,0.0,0.38462117
2023-03-25 12:00:00,16.549988,5.807678,276.12415,96152.68,9.4445065e-09,0.26811138
2023-03-26 12:00:00,19.12857,6.724457,282.20316,96190.5,0.0,0.5576771
2023-03-27 12:00:00,17.778503,7.3024597,148.64058,95571.945,1.5299576e-05,0.920533
2023-03-28 12:00:00,12.421753,3.3601074,277.02267,95246.125,5.50773e-06,0.5745928
2023-03-29 12:00:00,13.577148,3.1497803,260.3575,95992.33,1.7000946e-08,0.81507695
2023-03-30 12:00:00,12.199646,4.068207,280.28088,95542.805,4.128791e-06,0.7201398
2023-03-31 12:00:00,14.371704,2.4881897,297.3032,95735.086,1.1214826e-07,1.009763
2023-04-01 12:00:00,16.693268,2.6773682,297.74808,96280.875,0.0,0.46852437
2023-04-02 12:00:00,15.982758,2.3045044,154.39693,96059.94,1.4487632e-05,0.8451162
2023-04-03 12:00:00,17.680206,2.8075256,288.59772,96001.86,8.988661e-06,0.43206492
2023-04-04 12:00:00,21.74466,6.0345154,297.40134,95985.305,0.0,0.45907226
2023-04-05 12:00:00,21.969208,7.2164917,299.91367,95696.516,0.0,0.45270202
2023-04-06 12:00:00,20.358124,6.83374,297.89255,95614.57,2.7915736e-08,0.532337
2023-04-07 12:00:00,20.134216,7.2986145,289.21924,95833.7,2.6277445e-07,0.4576239
2023-04-08 12:00:00,25.603241,8.325165,303.11343,95962.664,0.0,0.76685727
2023-04-09 12:00:00,29.07373,11.275787,304.34296,95952.84,0.0,0.7860013
2023-04-10 12:00:00,28.433105,9.979279,308.86624,95756.47,0.0,0.8422959
2023-04-11 12:00:00,21.76123,9.797089,188.32826,95413.73,2.4886493e-05,0.91102844
2023-04-12 12:00:00,18.506653,4.2984924,313.8873,95663.37,1.1628689e-07,0.8776884
2023-04-13 12:00:00,17.813934,4.4708557,284.0074,95708.23,4.868843e-07,1.22291
2023-04-14 12:00:00,12.707367,2.0263367,316.1488,96041.984,0.0,2.179626
2023-04-15 12:00:00,18.07022,3.4203491,323.6363,96174.72,0.0,1.6576588
2023-04-16 12:00:00,18.682587,4.4678345,318.8181,95921.64,0.0,0.26199213
2023-04-17 12:00:00,17.506317,6.2223206,112.84418,95286.086,7.8642726e-05,0.74327296
2023-04-18 12:00:00,11.090546,2.902649,192.12474,94910.78,0.00013085124,0.82684416
2023-04-19 12:00:00,12.785767,3.8447876,202.50038,95530.45,3.2208218e-06,0.98251677
2023-04-20 12:00:00,11.698364,7.2765503,115.664055,95599.93,3.108688e-05,1.1575654
2023-04-21 12:00:00,10.000092,4.338135,171.14182,95049.86,7.8595156e-05,1.5510539
2023-04-22 12:00:00,12.715515,2.6021423,263.40137,95501.16,7.540688e-07,0.3618795
2023-04-23 12:00:00,11.918915,5.6354065,124.482666,95828.11,1.0251607e-05,0.9498701
2023-04-24 12:00:00,15.333588,6.966095,226.37903,95380.04,5.830317e-05,0.5644002
2023-04-25 12:00:00,19.754395,6.5181885,327.5072,95800.63,0.0,0.35050476
2023-04-26 12:00:00,20.71405,7.9901123,327.90674,96055.46,0.0,0.5021073
2023-04-27 12:00:00,24.192596,8.539001,333.114,95875.93,0.0,0.26197797
2023-04-28 12:00:00,26.107452,9.667725,325.17252,95644.91,0.0,0.22483975
2023-04-29 12:00:00,25.04358,11.342438,284.9078,95442.26,6.8790156e-09,0.67761004
2023-04-30 12:00:00,23.35675,7.9526978,331.57556,95686.47,0.0,0.4730187
2023-05-01 12:00:00,30.172607,9.922272,341.81827,96158.67,0.0,0.35658765
2023-05-02 12:00:00,32.672028,14.074768,320.56738,96262.41,0.0,0.6462498
2023-05-03 12:00:00,35.2435,18.647247,326.10974,95810.72,0.0,1.0431061
2023-05-04 12:00:00,35.067078,18.224945,330.22952,95474.03,0.0,0.7848743
2023-05-05 12:00:00,33.739227,15.114899,345.00974,95862.47,0.0,1.1693544
2023-05-06 12:00:00,30.119385,11.145355,321.90192,96151.42,0.0,0.779228
2023-05-07 12:00:00,28.392914,11.11087,273.7039,95988.47,0.0,0.8519491
2023-05-08 12:00:00,27.92511,10.540649,346.3467,95650.914,1.3676376e-08,0.8600765
2023-05-09 12:00:00,24.09259,9.283813,337.03152,95599.04,1.4844136e-07,0.70833254
2023-05-10 12:00:00,26.91214,10.32959,338.70383,95573.42,0.0,0.51452154
2023-05-11 12:00:00,26.431915,12.038757,344.105,95522.664,0.0,0.60782725
2023-05-12 12:00:00,24.608063,10.780273,344.40598,95379.41,0.0,0.9477282
2023-05-13 12:00:00,22.57843,8.378571,337.4346,95218.055,2.8202794e-07,0.8150066
2023-05-14 12:00:00,21.030823,10.106445,179.70042,95086.9,2.6788903e-05,1.2357169
2023-05-15 12:00:00,19.828278,9.671509,328.30203,95217.35,4.1701176e-05,1.0399244
2023-05-16 12:00:00,21.850586,8.748352,343.0485,95630.0,5.714673e-08,0.85696644
2023-05-17 12:00:00,20.618347,9.557251,337.67978,95606.47,6.292359e-07,0.9207742
2023-05-18 12:00:00,23.283539,9.323059,344.8135,95572.11,2.4650305e-07,0.91426516
2023-05-19 12:00:00,25.999084,10.504883,348.69473,95811.62,0.0,0.94459146
2023-05-20 12:00:00,26.536041,11.128662,311.84363,95815.25,6.783462e-08,0.56649244
2023-05-21 12:00:00,32.115997,12.342346,344.8087,95692.25,0.0,0.5575018
2023-05-22 12:00:00,36.49005,16.607819,360.72528,95718.6,2.992096e-08,1.2121154
2023-05-23 12:00:00,36.582916,21.905579,361.61987,95738.7,0.0,0.9501488
2023-05-24 12:00:00,34.455902,14.67276,358.62582,95907.85,2.0862943e-07,0.7916144
2023-05-25 12:00:00,31.200256,12.975922,316.36847,96015.52,3.1953565e-08,0.66128975
2023-05-26 12:00:00,29.661774,15.084045,249.58623,95847.31,5.047077e-06,0.7095283
2023-05-27 12:00:00,27.651825,16.586548,187.76083,95655.95,0.0,0.76241153
2023-05-28 12:00:00,26.441711,14.871124,329.31766,95662.65,8.99042e-06,1.0601494
2023-05-29 12:00:00,27.2565,13.988678,346.17886,95851.41,0.0,0.9846715
2023-05-30 12:00:00,29.227753,13.960236,348.8675,95889.62,0.0,0.79940873
2023-05-31 12:00:00,29.043213,14.867432,338.75964,95796.44,0.0,1.0621625
2023-06-01 12:00:00,28.300934,12.02478,362.94183,95782.92,1.5229258e-08,0.8667314
2023-06-02 12:00:00,26.228973,10.591156,353.43195,95912.445,3.7556285e-07,1.0081958
2023-06-03 12:00:00,23.214417,11.3289795,347.94458,95886.9,6.393476e-07,0.97711724
2023-06-04 12:00:00,22.03186,13.654907,293.2473,95691.805,1.6192953e-05,1.4978735
2023-06-05 12:00:00,21.013763,11.652283,233.58824,95661.94,5.5851524e-06,1.3192197
2023-06-06 12:00:00,18.64859,13.540009,173.17148,95769.914,1.4008121e-05,1.3822138
2023-06-07 12:00:00,19.01416,12.702576,146.58635,95757.43,4.090068e-05,1.2839491
2023-06-08 12:00:00,18.62262,11.57663,175.27103,95809.46,1.5359934e-05,1.0909576
2023-06-09 12:00:00,22.842407,10.399475,334.46878,96054.336,1.0925918e-06,0.5990467
2023-06-10 12:00:00,28.407349,12.125397,361.436,96068.766,0.0,0.45911512
2023-06-11 12:00:00,29.577454,14.27063,349.35104,95877.805,0.0,0.6207705
2023-06-12 12:00:00,28.489258,13.595062,362.26495,95761.234,5.9674005e-07,1.1167929
2023-06-13 12:00:00,27.139893,12.75589,359.42834,95819.53,8.8429806e-07,0.8573972
2023-06-14 12:00:00,27.228668,12.20874,363.19067,95948.49,3.1947457e-07,0.95812273
2023-06-15 12:00:00,29.706879,12.949066,360.5594,95917.11,0.0,0.80648255
2023-06-16 12:00:00,29.230988,13.211487,361.39697,95820.06,0.0,0.53956085
2023-06-17 12:00:00,27.873138,12.260742,360.72266,95748.55,0.0,0.494787
2023-06-18 12:00:00,27.331818,12.785065,363.2423,95673.125,0.0,0.74717957
2023-06-19 12:00:00,26.994507,12.680115,360.4527,95678.586,0.0,0.7514209
2023-06-20 12:00:00,28.91748,13.017914,364.49557,95681.1,0.0,0.5205757
2023-06-21 12:00:00,30.29187,13.786041,366.95874,95727.234,0.0,0.60969555
2023-06-22 12:00:00,29.5224,13.513824,366.5597,95723.06,0.0,0.50291246
2023-06-23 12:00:00,28.572906,13.125153,364.49747,95832.34,0.0,0.777647
2023-06-24 12:00:00,28.750336,13.658173,363.49475,95796.78,0.0,0.9662909
2023-06-25 12:00:00,27.900818,12.519318,364.15146,95691.16,0.0,1.0971186
2023-06-26 12:00:00,27.923462,11.7239685,363.45,95769.625,0.0,1.051502
2023-06-27 12:00:00,28.852295,10.983307,369.16467,95954.516,0.0,0.7788668
2023-06-28 12:00:00,30.787659,12.460724,364.3416,96129.07,0.0,0.76564306
2023-06-29 12:00:00,32.795685,14.564819,364.79987,96070.11,0.0,0.6048415
2023-06-30 12:00:00,34.118225,15.977783,362.42654,95893.97,0.0,0.64875644
2023-07-01 12:00:00,33.60312,15.803589,362.06656,95890.65,0.0,0.6741237
2023-07-02 12:00:00,33.741974,15.36322,366.08902,96039.27,0.0,0.6746291
2023-07-03 12:00:00,33.90851,15.881592,361.34366,96028.4,0.0,0.6820652
2023-07-04 12:00:00,33.522797,16.227203,359.01413,95873.56,0.0,0.85091954
2023-07-05 12:00:00,32.39557,15.227692,361.21533,95781.18,1.2901142e-08,0.73342645
2023-07-06 12:00:00,32.4093,14.770325,348.9986,95897.6,0.0,0.7685724
2023-07-07 12:00:00,31.745026,16.150116,349.5793,95973.36,2.501857e-09,0.68321687
2023-07-08 12:00:00,34.383636,16.700897,314.0143,96020.336,0.0,0.6333087
2023-07-09 12:00:00,37.822998,18.355621,351.99365,95942.766,2.090661e-09,0.8164472
2023-07-10 12:00:00,40.00107,19.869781,216.72491,95745.99,0.0,0.6148901
2023-07-11 12:00:00,39.147003,24.462585,249.446,95625.5,2.913645e-06,0.65273434
2023-07-12 12:00:00,35.344055,20.602325,189.52919,95886.664,1.3118721e-05,0.5494013
2023-07-13 12:00:00,36.704865,20.974945,311.79794,95963.375,7.070782e-08,0.7619271
2023-07-14 12:00:00,34.138947,18.438843,351.01846,95999.164,0.0,0.6746941
2023-07-15 12:00:00,31.873627,17.331451,348.14938,95870.82,6.2845915e-09,0.86764956
2023-07-16 12:00:00,33.95047,17.478241,349.4217,95825.445,1.7736993e-09,0.8607422
2023-07-17 12:00:00,37.181793,18.256592,349.1151,95859.74,0.0,0.6424754
2023-07-18 12:00:00,39.461823,19.54242,311.81818,95910.89,0.0,0.654871
2023-07-19 12:00:00,34.4588,22.547272,243.65398,96021.51,0.0,0.71674067
2023-07-20 12:00:00,33.676422,18.436249,325.30368,95885.33,3.2271032e-08,0.9382328
2023-07-21 12:00:00,32.375732,17.78952,263.77032,95894.914,0.0,1.0211219
2023-07-22 12:00:00,33.20343,18.50705,333.51907,96012.75,0.0,0.68699914
2023-07-23 12:00:00,33.99588,18.053589,345.21057,95934.11,0.0,0.61482817
2023-07-24 12:00:00,34.448853,18.369446,336.3026,95754.67,0.0,0.47181463
2023-07-25 12:00:00,33.544373,18.720367,336.48358,95791.32,2.978643e-08,0.7743656
2023-07-26 12:00:00,34.695374,17.394348,344.97476,95901.8,0.0,0.89046115
2023-07-27 12:00:00,36.821228,18.863647,301.82385,95995.836,0.0,0.50083584
2023-07-28 12:00:00,37.701447,18.75354,235.67572,96093.375,1.6217538e-07,0.24849123
2023-07-29 12:00:00,37.610687,20.539642,256.04633,96015.9,2.9943124e-08,0.38002053
2023-07-30 12:00:00,36.63971,18.652283,332.2904,95771.54,1.4948263e-08,0.5361747
2023-07-31 12:00:00,34.934357,16.709381,348.02805,95768.47,1.3329403e-08,0.6229616
2023-08-01 12:00:00,36.772125,17.685242,340.7318,95904.836,0.0,0.626261
2023-08-02 12:00:00,39.17331,20.65332,331.87164,95918.44,0.0,0.57992166
2023-08-03 12:00:00,39.14926,21.42456,330.62177,95830.31,0.0,0.4942581
2023-08-04 12:00:00,37.696777,24.509064,171.94543,95714.086,0.0,0.57169515
2023-08-05 12:00:00,34.82544,20.284729,319.73492,95575.02,9.814766e-09,0.7972431
2023-08-06 12:00:00,33.771973,19.174469,323.19458,95604.836,0.0,0.9866666
2023-08-07 12:00:00,32.979218,19.355011,310.5531,95638.54,0.0,0.61595315
2023-08-08 12:00:00,32.588318,18.926971,282.05743,95651.43,2.18822e-09,0.8334006
2023-08-09 12:00:00,32.260223,17.929474,310.612,95599.37,0.0,0.84296775
2023-08-10 12:00:00,31.442688,17.073547,324.34146,95568.03,1.1580314e-07,0.8875285
2023-08-11 12:00:00,32.160187,15.663025,327.37027,95732.23,1.33804e-07,0.69979763
2023-08-12 12:00:00,33.798035,16.180084,293.86584,95954.125,0.0,0.6690475
2023-08-13 12:00:00,36.717957,18.628693,309.5153,95948.24,1.7857698e-08,0.57526416
2023-08-14 12:00:00,36.323303,20.710419,184.34079,95823.164,0.0,0.69265693
2023-08-15 12:00:00,36.825684,24.200928,283.3114,95771.586,5.9172467e-06,0.47143036
2023-08-16 12:00:00,36.453186,22.271423,304.445,95702.82,2.0682924e-07,0.75008506
2023-08-17 12:00:00,35.589386,19.202728,316.79968,95824.81,0.0,0.39666134
2023-08-18 12:00:00,34.191772,19.116394,317.89398,95806.01,0.0,0.45248154
2023-08-19 12:00:00,32.230194,16.309845,320.37427,95879.88,2.170392e-08,0.6161641
2023-08-20 12:00:00,32.466797,15.102478,322.89764,95907.414,0.0,0.6314933
2023-08-21 12:00:00,35.22467,18.32129,310.13358,95801.766,0.0,0.4114135
2023-08-22 12:00:00,36.715485,20.738312,305.97894,95956.64,0.0,0.48506114
2023-08-23 12:00:00,36.62982,22.183685,281.54785,95903.195,3.201141e-08,0.60165
2023-08-24 12:00:00,35.44055,22.340088,264.36932,95845.01,1.3880188e-05,0.960817
2023-08-25 12:00:00,32.57498,18.91211,303.8544,95939.555,3.7654544e-08,1.0085375
2023-08-26 12:00:00,29.952545,14.581207,312.27985,96042.28,0.0,0.6386095
2023-08-27 12:00:00,28.313995,13.272644,294.96106,95935.02,7.866492e-07,0.8626876
2023-08-28 12:00:00,26.314331,12.842346,305.42685,95758.16,5.023078e-08,0.96804905
2023-08-29 12:00:00,26.395294,13.379395,302.31122,95774.96,4.022134e-08,0.9554892
2023-08-30 12:00:00,29.905853,13.557617,304.49545,95850.11,0.0,0.65311193
2023-08-31 12:00:00,33.32318,16.514435,302.6644,95830.76,0.0,0.27742365
2023-09-01 12:00:00,34.643707,17.590057,301.3035,95833.56,0.0,0.3485709
2023-09-02 12:00:00,33.52121,16.133514,299.97107,95719.55,0.0,0.66370696
2023-09-03 12:00:00,31.421143,15.28894,295.50797,95551.89,5.4348675e-08,1.0505257
2023-09-04 12:00:00,27.855865,15.940491,292.1061,95746.016,1.6593051e-06,0.69186306
2023-09-05 12:00:00,29.053284,14.275665,290.83908,95802.484,5.8043767e-08,0.5861733
2023-09-06 12:00:00,31.531738,13.201447,296.93002,95920.42,1.5322514e-09,0.5043406
2023-09-07 12:00:00,32.040253,14.54715,286.20135,95869.62,3.3137695e-09,0.47140202
2023-09-08 12:00:00,32.616455,17.862396,242.31573,95647.42,0.0,0.46835235
2023-09-09 12:00:00,35.361664,19.147308,247.50111,95626.14,6.0489026e-07,0.5196323
2023-09-10 12:00:00,36.270966,21.3497,253.32922,95826.414,1.4858126e-05,0.58648723
2023-09-11 12:00:00,35.21414,21.77185,240.68019,95995.65,1.2862631e-05,0.66987294
2023-09-12 12:00:00,34.185455,22.039276,219.62856,95885.18,9.2013746e-05,0.7870033
2023-09-13 12:00:00,32.635956,22.251831,252.31622,95839.53,5.7130845e-05,0.9742832
2023-09-14 12:00:00,30.183075,19.970215,216.97865,95836.79,1.8570956e-05,1.4925897
2023-09-15 12:00:00,32.95874,19.591766,272.80103,95926.51,0.0,0.86798984
2023-09-16 12:00:00,32.30362,20.184357,247.35284,95971.62,5.226759e-07,0.4943618
2023-09-17 12:00:00,29.671936,15.655212,274.31595,95748.89,7.0754105e-08,0.3717873
2023-09-18 12:00:00,26.452087,12.874634,265.92212,95585.99,5.0749077e-07,0.5295062
2023-09-19 12:00:00,25.593231,13.645294,264.45557,95534.25,0.0,0.6024339
2023-09-20 12:00:00,25.757965,13.012451,257.6689,95605.53,1.824669e-07,0.55099446
2023-09-21 12:00:00,26.852783,12.897491,262.7407,95711.83,0.0,0.44293404
2023-09-22 12:00:00,26.528961,12.941589,255.34511,95819.37,5.551007e-08,0.5229659
2023-09-23 12:00:00,27.788666,13.21817,250.31744,95817.37,0.0,0.39096645
2023-09-24 12:00:00,26.406189,12.747284,238.69,95655.664,0.0,0.72275096
2023-09-25 12:00:00,23.802887,12.65097,113.332344,95781.35,5.279279e-06,0.7202519
2023-09-26 12:00:00,24.503998,11.399719,249.60208,95932.875,0.0,0.48526922
2023-09-27 12:00:00,23.171417,10.636993,242.24747,96102.234,0.0,0.583882
2023-09-28 12:00:00,24.359833,14.024445,239.53381,95976.61,2.3273853e-06,0.36541426
2023-09-29 12:00:00,30.954865,12.949768,254.78798,95854.97,0.0,1.2034662
2023-09-30 12:00:00,33.42209,17.966614,253.54979,95850.2,0.0,1.029767
2023-10-01 12:00:00,35.5838,17.180786,250.65933,95899.03,0.0,0.5768876
2023-10-02 12:00:00,35.51541,19.147339,242.07863,95857.18,0.0,0.55322766
2023-10-03 12:00:00,32.981598,17.747894,243.73682,95713.39,0.0,0.61278814
2023-10-04 12:00:00,29.655182,12.8862,235.42691,95497.8,1.3482822e-08,0.8494859
2023-10-05 12:00:00,22.839172,13.774628,154.17328,95512.76,2.1261547e-05,1.1875783
2023-10-06 12:00:00,20.683197,9.204956,239.15417,95695.95,0.0,0.31348208
2023-10-07 12:00:00,18.667267,8.2464905,229.07195,95764.21,8.572482e-07,1.6610054
2023-10-08 12:00:00,15.566376,6.932678,211.38591,95836.07,3.993707e-06,0.6806271
2023-10-09 12:00:00,18.405182,5.3096924,230.51164,95915.77,2.5862064e-06,0.8129133
2023-10-10 12:00:00,22.292694,7.5496216,233.08385,96398.945,0.0,0.36565852
2023-10-11 12:00:00,27.646088,9.181213,227.55408,96324.805,0.0,1.5276046
2023-10-12 12:00:00,30.415344,17.765411,233.41743,96278.984,0.0,2.481978
2023-10-13 12:00:00,32.219604,22.003204,229.25552,96188.66,0.0,1.8628585
2023-10-14 12:00:00,31.37912,17.471191,224.76003,96088.19,0.0,0.63969326
2023-10-15 12:00:00,29.264465,11.459106,214.28737,95833.96,0.0,0.48114488
2023-10-16 12:00:00,26.669647,9.698151,223.23901,95900.445,0.0,0.8011521
2023-10-17 12:00:00,29.53897,10.914398,218.36102,96190.336,0.0,0.29425856
2023-10-18 12:00:00,29.778229,13.054657,178.98842,96159.89,0.0,0.64906305
2023-10-19 12:00:00,30.447327,16.263947,170.44398,95908.586,0.0,0.3110085
2023-10-20 12:00:00,28.492218,13.825897,190.20647,95873.12,3.369567e-06,0.44999424
2023-10-21 12:00:00,22.888092,12.428619,193.48003,95982.17,0.0,0.49681562
2023-10-22 12:00:00,22.704529,9.742371,198.44928,96248.625,2.7139586e-07,0.3826114
2023-10-23 12:00:00,30.98172,12.300842,203.95604,96462.02,0.0,1.2324423
2023-10-24 12:00:00,31.371887,20.802155,203.29951,96585.41,0.0,2.2421916
2023-10-25 12:00:00,31.384918,22.478851,200.43303,96552.984,0.0,1.661206
2023-10-26 12:00:00,30.262512,14.405548,188.28207,96323.836,0.0,0.3937648
2023-10-27 12:00:00,29.97052,16.041412,196.10205,96183.52,0.0,0.88377005
2023-10-28 12:00:00,31.424164,16.316254,196.8626,96038.48,0.0,0.7258068
2023-10-29 12:00:00,30.458282,12.338928,197.7152,96082.805,0.0,0.36094645
2023-10-30 12:00:00,27.906952,11.195892,185.81961,95875.29,0.0,0.43838146
2023-10-31 12:00:00,27.292694,11.015625,189.92683,95652.17,0.0,0.29885945
2023-11-01 12:00:00,26.155212,10.726044,174.74852,95818.4,0.0,0.3506402
2023-11-02 12:00:00,23.449097,10.136627,146.84033,95896.33,1.8016998e-08,0.61570317
2023-11-03 12:00:00,21.819153,6.8814087,184.04767,95835.37,0.0,0.49242574
2023-11-04 12:00:00,24.846558,7.5477905,183.5225,95917.19,0.0,0.30758807
2023-11-05 12:00:00,27.128021,8.615112,179.28368,96111.7,0.0,1.0889807
2023-11-06 12:00:00,25.431519,12.703949,179.39851,96014.93,0.0,0.36785093
2023-11-07 12:00:00,22.001251,8.444275,171.33331,95951.31,1.2023802e-06,0.6326408
2023-11-08 12:00:00,19.403015,6.455414,168.91522,96248.75,3.3272894e-07,0.18330951
2023-11-09 12:00:00,18.977661,7.022522,169.44473,96191.805,0.0,0.35190392
2023-11-10 12:00:00,18.82019,8.365265,158.8924,95912.17,2.5100851e-08,0.55118054
2023-11-11 12:00:00,20.269714,8.5772705,162.91783,95801.74,7.815027e-09,0.12733883
2023-11-12 12:00:00,18.67627,8.267334,106.653786,95890.51,2.2877325e-06,0.5591907
2023-11-13 12:00:00,15.936035,11.46167,154.24818,95838.945,7.011758e-05,0.52955294
2023-11-14 12:00:00,18.690826,6.3883057,163.19086,96280.984,0.0,1.5957367
2023-11-15 12:00:00,21.438751,7.992981,166.48567,96245.31,0.0,1.2056032
2023-11-16 12:00:00,19.710602,5.8841553,153.92212,95952.71,0.0,0.5623661
2023-11-17 12:00:00,19.193665,4.9131775,164.34346,96017.31,7.084813e-08,0.7560492
2023-11-18 12:00:00,19.963348,6.6453857,142.95628,96362.32,0.0,0.56789225
2023-11-19 12:00:00,17.997192,6.2261047,121.10999,96071.695,0.0,0.3656658
2023-11-20 12:00:00,14.9166565,7.0960083,53.804848,95325.2,0.000118824224,0.9671276
2023-11-21 12:00:00,11.589264,8.365234,79.419876,95963.13,8.894449e-05,0.915317
2023-11-22 12:00:00,13.2742,7.9225464,133.41907,96438.88,1.5675922e-05,0.41695628
2023-11-23 12:00:00,17.207092,6.5014343,153.01584,96257.64,0.0,0.6357312
2023-11-24 12:00:00,15.318939,9.255768,77.738785,95666.54,0.00034458807,1.31812
2023-11-25 12:00:00,13.407745,6.9556885,113.88187,96169.6,4.6591945e-06,0.5888926
2023-11-26 12:00:00,13.797546,7.599457,129.1596,96481.484,2.5623234e-07,0.5889364
2023-11-27 12:00:00,13.209503,9.038483,83.29081,96492.32,4.7187204e-06,0.27519137
2023-11-28 12:00:00,16.554474,9.354523,131.40363,96361.92,1.0563213e-05,0.22219294
2023-11-29 12:00:00,19.187592,6.350189,146.52428,96240.35,2.4655512e-07,1.3722531
2023-11-30 12:00:00,20.644928,9.088501,147.1747,96484.91,0.0,2.0337322
2023-12-01 12:00:00,21.169708,8.755554,147.69421,96192.945,0.0,1.7005095
2023-12-02 12:00:00,18.971954,9.898773,120.73318,95667.664,0.0,0.58639234
2023-12-03 12:00:00,15.079254,5.824707,150.2196,95916.11,5.200973e-07,1.6128103
2023-12-04 12:00:00,14.854858,5.936096,148.95667,96502.586,0.0,2.2568324
2023-12-05 12:00:00,14.210999,4.2569885,146.10435,96761.23,0.0,1.2092615
2023-12-06 12:00:00,13.536194,2.3335571,142.6554,96433.086,0.0,0.3701029
2023-12-07 12:00:00,14.218506,2.7228088,141.05553,96131.49,0.0,0.7214607
2023-12-08 12:00:00,18.15097,4.741699,99.5948,96662.26,0.0,1.1527869
2023-12-09 12:00:00,20.249756,8.879578,137.58183,96649.42,0.0,1.4796555
2023-12-10 12:00:00,21.488281,8.470703,138.35939,96165.414,0.0,1.0077677
2023-12-11 12:00:00,18.660889,7.4112244,89.73601,96130.914,0.0,0.22449037
2023-12-12 12:00:00,14.989014,8.093811,40.86443,96289.68,4.733531e-05,0.62558085
2023-12-13 12:00:00,13.861298,10.424652,57.589214,96518.51,2.756081e-05,0.81950325
2023-12-14 12:00:00,19.96933,8.2751465,136.09196,96419.97,4.3914784e-07,0.6791476
2023-12-15 12:00:00,23.228973,9.313507,130.62083,96250.9,0.0,1.5355206
2023-12-16 12:00:00,24.454834,11.193207,135.69142,96159.13,0.0,1.2086341
2023-12-17 12:00:00,21.94986,11.651093,91.113205,96354.68,0.0,0.61284196
2023-12-18 12:00:00,23.861237,8.608307,134.25407,96364.664,1.4413648e-08,1.1012887
2023-12-19 12:00:00,27.55188,11.993317,136.74297,96479.36,0.0,1.8895601
2023-12-20 12:00:00,27.476685,14.819824,134.25139,96422.33,0.0,1.2235372
2023-12-21 12:00:00,23.478973,10.5060425,130.83064,96252.336,0.0,0.28528494
2023-12-22 12:00:00,18.43042,6.905792,82.48732,96020.68,6.921695e-07,0.58050096
2023-12-23 12:00:00,20.991943,4.4113464,136.92668,96064.88,7.956977e-09,0.97901964
2023-12-24 12:00:00,20.132782,9.428558,133.26224,96115.43,0.0,0.37057477
2023-12-25 12:00:00,17.914276,9.814545,136.35146,95747.93,5.8912257e-05,0.736527
2023-12-26 12:00:00,13.361176,1.7619934,141.27303,96251.75,0.0,1.6122482
2023-12-27 12:00:00,16.132935,2.765747,144.77084,96578.47,0.0,1.5355133
2023-12-28 12:00:00,14.702209,0.88949585,142.47389,95933.69,1.4919775e-07,0.82374007
2023-12-29 12:00:00,11.298218,4.7561646,76.73868,95317.96,0.00022504471,0.62499917
2023-12-30 12:00:00,8.753082,2.08609,92.76871,95870.664,3.8570715e-06,1.0830946
2023-12-31 12:00:00,12.151642,2.482544,123.77322,96374.14,5.1355283e-07,1.3064227
2024-01-01 12:00:00,14.3078,3.3932495,143.09537,96315.62,0.0,1.554452
2024-01-02 12:00:00,14.414795,2.2132874,145.55519,96243.74,0.0,1.0186391
2024-01-03 12:00:00,13.67276,1.4960327,145.72127,96225.86,0.0,0.51344824
2024-01-04 12:00:00,17.997894,4.1992493,148.17708,96468.65,0.0,1.5693293
2024-01-05 12:00:00,19.9422,5.2100525,147.68135,96677.516,0.0,1.6866584
2024-01-06 12:00:00,19.661469,8.869293,145.01912,96742.66,0.0,1.8281218
2024-01-07 12:00:00,20.200684,6.6488037,143.92255,96594.19,0.0,1.6192735
2024-01-08 12:00:00,20.531006,8.843323,148.28752,96352.94,0.0,1.0925107
2024-01-09 12:00:00,18.832886,8.348572,49.18807,96095.3,0.00012648452,1.7844796
2024-01-10 12:00:00,12.321014,4.6997986,141.12924,96096.164,0.00014570674,0.7399382
2024-01-11 12:00:00,15.356934,2.8846436,146.00801,96454.74,0.0,1.3139495
2024-01-12 12:00:00,17.513336,6.460541,149.78087,96426.41,0.0,1.5082637
2024-01-13 12:00:00,17.970062,6.13443,151.3753,96049.67,0.0,1.3956485
2024-01-14 12:00:00,20.648682,10.010437,145.97592,95799.164,0.0,1.6846302
2024-01-15 12:00:00,21.891235,11.321167,154.93016,95856.72,0.0,1.8071662
2024-01-16 12:00:00,21.586914,9.632294,156.35507,95620.98,0.0,1.1350588
2024-01-17 12:00:00,19.319153,3.8027954,132.59747,95065.23,3.9325747e-07,1.0858423
2024-01-18 12:00:00,12.148041,3.9745789,127.32215,95366.88,7.754871e-07,2.6443026
2024-01-19 12:00:00,12.299744,0.29776,158.32327,95968.28,0.0,0.69124657
2024-01-20 12:00:00,14.702576,1.5107727,160.24551,96170.39,0.0,1.2981278
2024-01-21 12:00:00,16.843262,2.5933838,161.4106,95980.32,0.0,1.1064396
2024-01-22 12:00:00,17.392609,5.271118,162.49413,96341.58,0.0,1.5483918
2024-01-23 12:00:00,17.163727,4.7137756,162.69284,96572.805,0.0,1.4372714
2024-01-24 12:00:00,17.616821,4.6390076,162.55095,96465.55,0.0,0.74395216
2024-01-25 12:00:00,16.733337,2.957367,164.61992,96390.44,0.0,0.5517771
2024-01-26 12:00:00,16.221497,2.7868042,166.3139,96241.7,0.0,0.5249427
2024-01-27 12:00:00,20.59848,3.3022156,173.2345,96255.83,0.0,1.1787384
2024-01-28 12:00:00,20.731934,6.559967,177.92564,96784.914,0.0,1.8276356
2024-01-29 12:00:00,22.894348,5.983124,174.09369,96360.95,0.0,1.372984
2024-01-30 12:00:00,21.669434,5.383728,153.0948,96032.1,0.0,0.7047788
2024-01-31 12:00:00,16.78711,4.2726746,117.81003,96138.98,0.0,0.7061294
2024-02-01 12:00:00,15.830017,7.0047913,146.21452,96270.836,2.860488e-08,0.36699277
2024-02-02 12:00:00,20.525757,4.647064,175.62791,96112.055,0.0,0.37554607
2024-02-03 12:00:00,18.68045,5.8322754,129.67575,96143.1,2.0124073e-05,0.4909393
2024-02-04 12:00:00,14.037598,10.154755,72.55869,96066.48,4.1852876e-05,0.8628668
2024-02-05 12:00:00,12.815979,8.460297,18.190214,95507.734,0.00065045105,1.1936433
2024-02-06 12:00:00,10.703796,7.391449,57.56244,95660.0,0.00032838172,1.2098014
2024-02-07 12:00:00,12.340271,7.6531067,120.899345,96568.46,3.952344e-06,0.5164702
2024-02-08 12:00:00,20.486847,7.113678,182.6411,96822.414,1.423584e-09,1.1744518
2024-02-09 12:00:00,21.908234,10.710693,173.05415,96733.02,0.0,1.5029216
2024-02-10 12:00:00,21.250397,11.027039,158.46857,96440.7,0.0,0.5258865
2024-02-11 12:00:00,17.640411,8.376099,178.41322,96347.29,1.6095195e-06,0.3898107
2024-02-12 12:00:00,21.702667,8.262665,191.85623,96313.14,6.309502e-07,1.0041305
2024-02-13 12:00:00,21.936768,10.200653,181.80745,96375.31,0.0,1.830989
2024-02-14 12:00:00,21.663025,10.24646,196.62022,96214.58,0.0,1.5822057
2024-02-15 12:00:00,22.395538,10.030579,200.8502,96061.84,0.0,1.3119528
2024-02-16 12:00:00,23.061401,11.199829,200.80524,96237.1,0.0,1.0207919
2024-02-17 12:00:00,22.04602,9.669556,128.34424,96303.57,0.0,0.4932054
2024-02-18 12:00:00,19.402283,11.02887,118.429245,96102.8,3.958001e-08,0.23529
2024-02-19 12:00:00,17.240387,7.358246,163.44049,95851.57,6.8293275e-07,0.4182571
2024-02-20 12:00:00,14.256836,8.836914,82.68068,95722.59,7.602015e-05,0.933379
2024-02-21 12:00:00,15.768616,6.0255737,211.59148,95449.92,1.5693796e-06,1.7002406
2024-02-22 12:00:00,19.24237,5.312866,217.28671,95901.57,0.0,1.4003501
2024-02-23 12:00:00,19.210968,8.004425,201.29472,96209.06,0.0,0.3599929
2024-02-24 12:00:00,18.002258,4.7933044,195.9931,95940.1,0.0,0.56007826
2024-02-25 12:00:00,18.446106,5.2946167,212.01895,95656.09,9.9090904e-08,0.2522803
2024-02-26 12:00:00,18.382141,5.1347656,216.84769,95878.04,0.0,0.7024328
2024-02-27 12:00:00,17.245514,7.525635,205.60384,96079.055,1.0682029e-06,0.54522413
2024-02-28 12:00:00,17.465302,10.040039,192.32452,95999.195,3.7647803e-06,0.9241863
2024-02-29 12:00:00,,,,,,
2024-03-01 12:00:00,16.288239,9.622589,70.79562,95996.81,2.0119562e-05,1.064655
2024-03-02 12:00:00,12.463776,9.448334,116.45703,95766.49,0.00018381533,1.0550761
2024-03-03 12:00:00,14.030304,5.1411133,220.3344,95741.92,2.5785218e-06,0.80369174
2024-03-04 12:00:00,16.381653,4.7464294,231.65913,95764.09,0.0,1.0384924
2024-03-05 12:00:00,19.382416,7.88501,241.57591,95941.84,0.0,2.052818
2024-03-06 12:00:00,21.980713,9.978485,245.25261,96296.086,0.0,1.4985389
2024-03-07 12:00:00,22.943542,8.116028,247.06683,96290.836,0.0,1.1679437
2024-03-08 12:00:00,22.513794,7.4692383,247.03656,96126.04,0.0,0.55328596
2024-03-09 12:00:00,24.444397,7.903351,248.95142,95839.23,0.0,0.48468062
2024-03-10 12:00:00,25.66922,8.705444,251.49377,95528.375,0.0,0.6086706
2024-03-11 12:00:00,25.11969,7.4653625,254.34238,95585.36,0.0,1.3267589
2024-03-12 12:00:00,21.96762,11.873993,257.69806,96470.37,0.0,2.4916332
2024-03-13 12:00:00,21.08371,7.9041443,260.23993,96345.51,0.0,0.76255816
2024-03-14 12:00:00,20.029083,4.379364,187.57445,95868.71,1.3713371e-06,0.93493336
2024-03-15 12:00:00,16.454346,6.0877686,200.86732,95731.13,1.8059993e-06,0.63266337
2024-03-16 12:00:00,22.579346,5.464508,262.01593,96008.27,3.8972541e-07,0.25234887
2024-03-17 12:00:00,25.376434,7.309204,267.48514,96190.11,0.0,0.19537833
2024-03-18 12:00:00,27.821106,11.612732,252.49876,95954.63,0.0,0.51858264
2024-03-19 12:00:00,27.07022,15.25058,181.86983,95606.66,0.0,0.46535623
2024-03-20 12:00:00,26.85318,9.3958435,249.58148,95763.805,0.0,0.79729015
2024-03-21 12:00:00,25.218811,9.490723,262.6052,95971.266,8.541196e-07,0.71858436
2024-03-22 12:00:00,27.775787,10.557007,275.32275,95954.96,0.0,0.7650854
2024-03-23 12:00:00,26.257385,9.842926,276.45422,95879.586,0.0,0.47685623
2024-03-24 12:00:00,24.473145,8.639893,276.7508,95868.12,0.0,0.2705589
2024-03-25 12:00:00,24.589508,9.507721,277.72073,95748.95,0.0,0.5317746
2024-03-26 12:00:00,23.311066,7.3667603,232.37315,95717.51,2.3240746e-06,0.79439276
2024-03-27 12:00:00,18.691559,8.0260315,267.5404,95663.54,5.0671206e-06,0.40685818
2024-03-28 12:00:00,20.882874,6.418335,285.81174,95829.5,0.0,0.42229927
2024-03-29 12:00:00,19.880432,7.1314697,260.81116,95583.375,3.5153036e-08,0.6109445
2024-03-30 12:00:00,22.382141,6.0033264,284.3542,95506.59,1.1979818e-06,0.47788116
2024-03-31 12:00:00,24.782166,9.743134,287.77676,96048.11,0.0,0.4245964
2024-04-01 12:00:00,28.098938,11.4313965,292.23004,96234.76,0.0,0.92543864
2024-04-02 12:00:00,28.379303,12.314301,295.4174,95853.516,0.0,0.45131275
2024-04-03 12:00:00,26.825867,9.722992,293.53354,95459.93,6.259503e-09,0.8297869
2024-04-04 12:00:00,21.311615,9.413666,238.62154,95764.82,2.5894642e-06,0.93628013
2024-04-05 12:00:00,24.106232,7.952484,289.44495,95942.945,4.2098802e-07,0.44969517
2024-04-06 12:00:00,28.675629,10.592102,300.43008,95857.71,0.0,0.51154953
2024-04-07 12:00:00,28.272797,11.016602,302.54657,95742.45,0.0,0.33887455
2024-04-08 12:00:00,29.823639,11.557098,306.7935,96015.86,0.0,0.473876
2024-04-09 12:00:00,28.108643,10.77298,295.79184,96038.45,1.6551128e-08,0.6650477
2024-04-10 12:00:00,27.298615,9.736359,309.87775,95732.74,3.75545e-07,0.8906421
2024-04-11 12:00:00,28.061188,11.055206,313.83044,95708.09,0.0,0.61096215
2024-04-12 12:00:00,27.483917,8.955139,310.1242,95465.69,0.0,0.43731892
2024-04-13 12:00:00,24.951324,8.91217,296.78998,95445.82,0.0,0.3863478
2024-04-14 12:00:00,27.5224,9.136566,313.84058,95530.96,0.0,0.5919272
2024-04-15 12:00:00,32.71405,20.71225,325.2697,96045.31,0.0,2.3396358
2024-04-16 12:00:00,32.63672,17.93042,301.09442,96232.91,0.0,0.22817136
2024-04-17 12:00:00,30.842804,16.764923,314.14014,95803.98,0.0,1.4254575
2024-04-18 12:00:00,25.541199,8.289825,281.0789,95365.11,1.1416473e-06,1.0421785
2024-04-19 12:00:00,19.445831,6.0701294,328.33896,95342.72,0.0,1.4639561
2024-04-20 12:00:00,21.811462,10.298553,332.49646,95242.53,0.0,1.622527
2024-04-21 12:00:00,22.11203,7.521118,328.09946,95636.016,0.0,0.92949015
2024-04-22 12:00:00,22.975006,6.9832764,328.7893,95812.77,0.0,0.64227766
2024-04-23 12:00:00,23.985352,7.1486816,324.68228,95623.06,0.0,0.65056294
2024-04-24 12:00:00,23.070587,7.9012756,287.21237,95544.51,2.2750038e-07,0.7676096
2024-04-25 12:00:00,21.610992,8.8532715,316.1309,95841.34,9.913992e-07,0.9924587
2024-04-26 12:00:00,27.674316,8.732727,329.01508,96283.5,0.0,0.38606146
2024-04-27 12:00:00,29.320831,11.67569,332.5735,96036.95,0.0,0.4924931
2024-04-28 12:00:00,27.45874,10.255188,332.23593,95848.99,3.228193e-08,0.8641039
2024-04-29 12:00:00,22.907227,10.168762,285.535,95799.42,1.227854e-06,1.0174638
2024-04-30 12:00:00,24.294464,6.208008,343.2121,95769.04,0.0,0.6837165
2024-05-01 12:00:00,27.86734,12.901367,347.6428,95844.22,0.0,0.9867459
2024-05-02 12:00:00,28.218475,11.458038,344.53146,95716.15,0.0,0.9362412
2024-05-03 12:00:00,27.27597,10.890381,316.0889,95645.73,0.0,0.80221707
2024-05-04 12:00:00,25.95346,8.70343,347.54675,95658.09,2.957241e-08,0.6466982
2024-05-05 12:00:00,25.735504,8.388947,345.44125,95712.58,0.0,0.6215656
2024-05-06 12:00:00,26.42749,9.937012,344.12833,95565.83,0.0,0.56614035
2024-05-07 12:00:00,25.266876,8.192383,346.83746,95452.83,1.251921e-07,0.85999256
2024-05-08 12:00:00,23.00998,7.2281494,345.81644,95320.15,0.0,0.95855224
2024-05-09 12:00:00,21.505157,7.941101,323.7946,95417.92,1.7978446e-06,1.085825
2024-05-10 12:00:00,21.81717,7.579773,325.36786,95534.09,4.7152056e-07,0.9039884
2024-05-11 12:00:00,21.973114,7.9902954,328.29846,95552.2,8.158646e-07,0.9726971
2024-05-12 12:00:00,23.486206,11.049988,332.97275,95607.33,1.4924111e-06,0.93857527
2024-05-13 12:00:00,23.866089,10.132507,316.98218,95631.59,2.0385431e-07,0.905415
2024-05-14 12:00:00,24.950287,9.741058,338.90765,95586.84,4.1940655e-08,0.7919269
2024-05-15 12:00:00,27.77481,10.506439,347.68552,95770.88,0.0,0.80672514
2024-05-16 12:00:00,30.175049,13.477966,346.90317,95848.15,0.0,0.49854577
2024-05-17 12:00:00,29.54599,14.130493,330.1339,95806.734,1.7979835e-09,0.6510223
2024-05-18 12:00:00,28.21878,12.327118,333.67877,95548.375,1.0538658e-08,0.97918546
2024-05-19 12:00:00,23.841827,11.612915,294.38956,95508.445,1.2393568e-06,1.1383682
2024-05-20 12:00:00,21.186432,12.67334,250.80957,95866.836,3.769002e-05,1.4173428
2024-05-21 12:00:00,21.946045,9.72467,332.82822,96081.33,9.259776e-08,0.8982066
2024-05-22 12:00:00,26.580353,10.978821,355.00635,95827.33,0.0,0.4160044
2024-05-23 12:00:00,26.083282,11.152954,347.38742,95867.53,0.0,0.9524068
2024-05-24 12:00:00,24.975891,10.5894165,330.1685,96015.37,1.4675847e-07,1.0410669
2024-05-25 12:00:00,22.96405,9.929108,345.6162,95838.0,1.1625997e-06,0.89332885
2024-05-26 12:00:00,22.367065,9.726959,346.5972,95729.695,1.4022284e-07,1.0742607
2024-05-27 12:00:00,21.638245,11.455322,230.60039,95795.95,4.3012818e-07,0.9964749
2024-05-28 12:00:00,20.892334,7.4647827,328.54013,95880.734,3.009142e-07,0.91803294
2024-05-29 12:00:00,20.455719,8.360352,288.34634,95932.4,1.9826446e-06,1.1186215
2024-05-30 12:00:00,21.52652,9.32608,288.1508,96053.98,1.8767557e-06,0.8834826
2024-05-31 12:00:00,22.824646,10.562744,314.0073,96012.98,1.7577048e-06,0.96340114
2024-06-01 12:00:00,22.186707,10.949799,327.73032,95819.83,2.39654e-06,1.0956789
2024-06-02 12:00:00,23.514404,11.655579,350.74185,95897.19,3.781339e-06,1.1088706
2024-06-03 12:00:00,28.29303,10.969849,360.65158,95942.2,0.0,0.736926
2024-06-04 12:00:00,31.007812,12.280182,361.40958,95732.71,1.749204e-09,0.667898
2024-06-05 12:00:00,30.747253,12.226349,356.52737,95703.0,1.7897402e-09,0.93399394
2024-06-06 12:00:00,27.23993,11.791718,242.11292,95830.58,0.0,0.8426406
2024-06-07 12:00:00,28.159576,13.449188,343.1585,95769.65,0.0,0.54538274
2024-06-08 12:00:00,27.991943,12.36264,343.6,95680.73,0.0,0.5575971
2024-06-09 12:00:00,26.957825,11.449921,358.94464,95487.17,5.7959817e-08,0.657974
2024-06-10 12:00:00,27.065826,12.048706,364.1023,95438.35,0.0,0.8358605
2024-06-11 12:00:00,26.122131,11.175568,356.29544,95598.44,2.3421805e-07,1.1522403
2024-06-12 12:00:00,25.665924,12.1315,354.59894,95777.586,2.7140743e-07,1.138413
2024-06-13 12:00:00,25.0159,11.062134,356.3263,95750.26,3.4954186e-07,1.1256305
2024-06-14 12:00:00,25.585052,11.633148,351.31464,95570.91,7.643093e-08,1.0042211
2024-06-15 12:00:00,25.810913,11.364624,359.21738,95499.61,1.6650302e-08,0.8147776
2024-06-16 12:00:00,26.077301,11.782227,339.0276,95872.914,4.294891e-07,1.0639968
2024-06-17 12:00:00,25.44989,11.610687,356.15787,96015.65,8.8146885e-09,1.0987076
2024-06-18 12:00:00,28.40158,12.399902,360.33545,95739.59,3.2973e-09,0.89707994
2024-06-19 12:00:00,30.944733,13.516174,364.24146,95679.91,0.0,0.6948555
2024-06-20 12:00:00,31.689972,15.750824,314.77118,95806.74,1.5373722e-09,0.64193183
2024-06-21 12:00:00,31.704224,18.258453,348.2189,95750.22,3.5854872e-09,0.66286397
2024-06-22 12:00:00,30.9281,15.01651,359.02917,95780.664,1.5598534e-08,0.7182983
2024-06-23 12:00:00,31.67099,13.465485,365.09875,95959.266,0.0,0.67759246
2024-06-24 12:00:00,35.021606,15.671478,363.9489,95981.41,0.0,0.85805804
2024-06-25 12:00:00,34.75717,15.464233,369.96115,95849.85,0.0,0.77153873
2024-06-26 12:00:00,30.034576,12.942413,367.32916,95702.9,0.0,0.6740057
2024-06-27 12:00:00,28.434021,13.140289,364.5937,95396.586,0.0,0.77860135
2024-06-28 12:00:00,27.391937,12.690155,344.41287,95260.695,5.9330125e-07,1.2205802
2024-06-29 12:00:00,24.682129,12.586853,322.72754,95493.57,2.6628818e-06,1.2940528
2024-06-30 12:00:00,27.414886,12.830536,360.2893,95710.25,0.0,0.9795389
2024-07-01 12:00:00,31.247253,13.219788,363.4691,95720.31,0.0,0.65311533
2024-07-02 12:00:00,33.280792,14.751465,364.1187,95857.305,0.0,0.7834826
2024-07-03 12:00:00,35.111298,15.057312,372.0963,95991.43,0.0,0.6049312
2024-07-04 12:00:00,34.938293,16.000061,369.12662,95815.15,0.0,0.66184515
2024-07-05 12:00:00,33.845673,15.710724,365.3495,95542.27,0.0,0.77422523
2024-07-06 12:00:00,34.040527,15.601318,363.80853,95487.3,0.0,0.86521363
2024-07-07 12:00:00,33.57126,15.696014,361.36905,95554.92,1.0215901e-08,0.8041253
2024-07-08 12:00:00,32.390594,15.545227,360.02435,95580.23,0.0,1.0142503
2024-07-09 12:00:00,31.728943,14.885986,359.48962,95514.25,1.5074361e-08,1.134801
2024-07-10 12:00:00,30.37674,14.636841,356.3791,95634.92,2.4053597e-07,0.93121123
2024-07-11 12:00:00,30.063019,13.030182,360.5964,95720.19,0.0,0.79994017
2024-07-12 12:00:00,30.059631,12.802826,358.84256,95696.625,2.0421526e-08,0.86142623
2024-07-13 12:00:00,29.21054,13.318787,317.6968,95718.445,0.0,0.75165325
2024-07-14 12:00:00,28.96045,13.663391,349.81503,95792.9,1.18014185e-07,0.74590194
2024-07-15 12:00:00,30.087555,13.408813,343.0869,95865.164,0.0,0.719788
2024-07-16 12:00:00,30.66269,13.895325,351.9388,95934.16,0.0,0.82611775
2024-07-17 12:00:00,29.598022,14.6214905,348.1236,95962.914,0.0,0.91802835
2024-07-18 12:00:00,29.70111,15.473724,345.69836,95919.42,4.203135e-09,1.0819405
2024-07-19 12:00:00,28.469238,16.21933,329.79837,95823.93,5.2670015e-07,1.1921849
2024-07-20 12:00:00,27.969452,16.24408,329.9499,95696.69,1.2164738e-06,1.1714045
2024-07-21 12:00:00,27.093018,17.156067,323.3943,95827.664,2.0304628e-07,1.1845435
2024-07-22 12:00:00,28.60202,14.657745,349.64783,96060.38,2.4660267e-07,0.8084582
2024-07-23 12:00:00,29.652313,13.457031,348.59543,95991.23,3.5902083e-08,0.8028742
2024-07-24 12:00:00,30.272522,14.202972,351.45935,95761.125,0.0,1.0091757
2024-07-25 12:00:00,30.231018,13.621338,351.25247,95762.39,0.0,0.83130854
2024-07-26 12:00:00,31.517456,13.621399,351.44897,95790.3,0.0,0.7302367
2024-07-27 12:00:00,30.820953,13.541779,347.71243,95826.68,1.5704753e-08,0.83516985
2024-07-28 12:00:00,29.287994,13.25238,341.70334,95841.55,6.715202e-08,0.889758
2024-07-29 12:00:00,30.350433,14.918854,339.59558,95929.85,0.0,0.735606
2024-07-30 12:00:00,31.475494,16.137451,337.7373,95926.57,0.0,0.73036593
2024-07-31 12:00:00,32.3909,15.945862,339.71127,95947.336,0.0,0.83904284
2024-08-01 12:00:00,34.835907,15.342773,344.7494,96050.78,0.0,0.7803313
2024-08-02 12:00:00,36.64914,17.911072,335.5497,96122.61,0.0,0.52573436
2024-08-03 12:00:00,37.656097,19.81668,330.93073,96067.086,0.0,0.78965354
2024-08-04 12:00:00,37.436584,20.484314,323.17877,95890.58,1.8894717e-08,0.65629643
2024-08-05 12:00:00,36.679504,21.152374,207.44809,95856.25,9.000211e-09,0.73820704
2024-08-06 12:00:00,37.248535,21.507446,290.59836,96005.195,3.5727594e-09,0.5222769
2024-08-07 12:00:00,36.339752,19.760864,326.15497,95976.94,1.0723962e-08,0.76447767
2024-08-08 12:00:00,33.733795,18.741394,288.58347,95849.03,0.0,0.9275498
2024-08-09 12:00:00,32.72693,19.395325,307.91617,95701.336,0.0,0.7149472
2024-08-10 12:00:00,31.686646,16.701721,276.77405,95712.59,0.0,0.79251224
2024-08-11 12:00:00,31.534271,15.340179,315.36774,96019.17,0.0,0.61597747
2024-08-12 12:00:00,35.471924,17.877472,322.51917,96144.29,0.0,0.5769407
2024-08-13 12:00:00,36.29074,20.35553,320.1709,95961.34,0.0,0.6950204
2024-08-14 12:00:00,36.270782,21.465485,293.23947,95832.11,0.0,0.55810565
2024-08-15 12:00:00,35.013824,18.795013,323.15277,95898.09,6.5190817e-09,0.70475453
2024-08-16 12:00:00,35.38916,16.938873,326.9433,95899.2,0.0,0.6504009
2024-08-17 12:00:00,36.37793,18.46762,324.97562,95711.71,0.0,0.49383786
2024-08-18 12:00:00,35.47159,17.2594,326.4989,95671.18,0.0,0.59529483
2024-08-19 12:00:00,35.149445,17.841156,320.11102,95804.36,0.0,0.73593724
2024-08-20 12:00:00,35.387054,18.6521,312.87253,95854.93,0.0,0.6590762
2024-08-21 12:00:00,35.7778,19.26587,310.7541,95773.32,0.0,0.637303
2024-08-22 12:00:00,35.685028,20.206085,308.15878,95803.19,0.0,0.6652202
2024-08-23 12:00:00,35.105743,19.874146,306.8843,95820.49,0.0,0.59410083
2024-08-24 12:00:00,34.205933,18.557983,303.63004,95803.164,0.0,1.0081153
2024-08-25 12:00:00,31.729065,19.178589,301.77414,95850.37,3.679123e-08,0.9859225
2024-08-26 12:00:00,30.840668,18.991425,269.6187,95785.5,7.614633e-06,0.85480857
2024-08-27 12:00:00,28.637543,19.30722,289.467,95701.836,2.053759e-06,1.1340649
2024-08-28 12:00:00,30.510864,15.138062,305.22284,95659.836,2.2132728e-08,0.47002116
2024-08-29 12:00:00,33.287933,15.908844,302.55118,95753.02,0.0,0.36921886
2024-08-30 12:00:00,33.491943,18.289703,296.96118,95860.1,0.0,0.5520626
2024-08-31 12:00:00,34.348083,18.633057,294.02112,95846.164,0.0,0.54248506
2024-09-01 12:00:00,33.21814,18.882996,294.46667,95764.0,0.0,0.6483588
2024-09-02 12:00:00,31.753754,15.19928,304.5949,95680.67,0.0,0.82490134
2024-09-03 12:00:00,29.901093,13.824585,287.1621,95629.34,0.0,0.8982255
2024-09-04 12:00:00,30.895233,13.74411,298.16666,95768.195,0.0,0.55113006
2024-09-05 12:00:00,30.315277,13.739563,296.82016,95881.85,0.0,0.6294735
2024-09-06 12:00:00,31.209991,13.338867,299.74753,95875.87,0.0,0.50136244
2024-09-07 12:00:00,30.762207,13.084625,286.374,95727.69,0.0,0.44133133
2024-09-08 12:00:00,30.564331,14.036774,289.1373,95627.664,0.0,0.63065004
2024-09-09 12:00:00,29.93451,13.446747,289.9196,95768.54,0.0,0.6775591
2024-09-10 12:00:00,28.661713,13.48233,287.13626,95835.76,0.0,0.7078567
2024-09-11 12:00:00,28.12262,13.182343,276.64563,95692.65,0.0,0.7408278
2024-09-12 12:00:00,26.784943,12.910767,283.5744,95625.35,0.0,0.7987386
2024-09-13 12:00:00,24.81836,14.302551,244.45395,95547.8,5.657167e-06,1.1747618
2024-09-14 12:00:00,22.434082,15.087616,185.05159,95501.164,1.0410912e-05,1.4762237
2024-09-15 12:00:00,20.80194,15.434967,47.22278,95599.9,6.5068365e-05,1.3110757
2024-09-16 12:00:00,25.875916,11.101379,267.5207,95924.734,5.851418e-06,0.34861362
2024-09-17 12:00:00,31.09201,17.071686,279.66632,96003.055,0.0,1.5643224
2024-09-18 12:00:00,33.673492,19.942047,279.91855,95884.96,0.0,1.8943822
2024-09-19 12:00:00,35.098114,22.364563,277.3145,95782.125,0.0,0.99370354
2024-09-20 12:00:00,36.748077,17.853516,253.43692,95785.85,0.0,0.8251188
2024-09-21 12:00:00,36.021545,19.675293,207.23672,95806.15,2.8314894e-06,0.65674156
2024-09-22 12:00:00,35.269928,20.207031,235.02576,95998.414,1.8836216e-05,0.769067
2024-09-23 12:00:00,35.242706,20.915741,220.05751,96092.805,9.348886e-06,0.38688937
2024-09-24 12:00:00,34.18277,21.900726,222.31558,96130.375,2.819741e-07,0.35078585
2024-09-25 12:00:00,32.818085,20.867676,114.89824,96039.59,1.0556329e-05,0.63893163
2024-09-26 12:00:00,29.176544,17.601318,254.70538,95896.88,1.8354443e-08,0.4636106
2024-09-27 12:00:00,26.91986,12.257294,256.01184,95836.266,1.2449125e-09,0.52395105
2024-09-28 12:00:00,25.051117,10.671875,237.92117,95701.12,8.352304e-07,0.56800085
2024-09-29 12:00:00,22.202301,12.254425,202.38322,95515.28,0.0,0.71829927
2024-09-30 12:00:00,24.30832,14.123901,215.98337,95545.82,7.769386e-06,0.7139235
2024-10-01 12:00:00,26.306793,11.882935,244.04578,95636.79,0.0,0.30067974
2024-10-02 12:00:00,29.45636,12.97052,242.56827,95398.43,0.0,0.2877809
2024-10-03 12:00:00,27.446533,13.382843,238.21608,95647.85,2.287305e-07,0.74205005
2024-10-04 12:00:00,29.370087,13.308044,233.11378,96072.266,0.0,0.3865547
2024-10-05 12:00:00,33.26352,15.950836,238.67392,96028.44,0.0,0.69373685
2024-10-06 12:00:00,34.177185,19.789825,171.96764,95805.96,0.0,0.93889624
2024-10-07 12:00:00,33.423706,19.442596,216.35193,95885.02,0.0,0.7806766
2024-10-08 12:00:00,28.046112,18.996643,139.98325,95932.84,1.07980405e-07,0.45348883
2024-10-09 12:00:00,25.53537,16.812408,129.90813,95911.81,2.8025692e-05,0.13370074
2024-10-10 12:00:00,22.872467,16.380798,129.81264,95688.95,5.4341926e-05,0.5480179
2024-10-11 12:00:00,24.460938,14.495697,217.85614,95701.09,0.0,0.51395327
2024-10-12 12:00:00,26.434143,14.374908,214.48837,95799.945,3.8136573e-08,0.17012413
2024-10-13 12:00:00,27.751343,15.806702,205.2345,95941.914,9.5519495e-09,0.27506432
2024-10-14 12:00:00,28.477203,15.6727295,204.8513,96002.06,0.0,0.51658267
2024-10-15 12:00:00,26.960815,14.666473,68.22969,95979.2,9.106729e-05,0.6079472
2024-10-16 12:00:00,16.60376,13.843475,53.520893,95876.15,1.7689092e-05,0.7381828
2024-10-17 12:00:00,15.955017,11.572845,112.32779,95815.36,2.6465277e-05,0.93473405
2024-10-18 12:00:00,22.095673,9.264587,207.44832,95851.18,1.505683e-06,0.3898928
2024-10-19 12:00:00,24.263794,12.863922,139.91557,95972.81,0.0,0.16577925
2024-10-20 12:00:00,25.64093,13.084259,205.55836,96023.74,1.07887395e-07,0.26001772
2024-10-21 12:00:00,24.969818,11.594543,204.18648,96114.18,5.260456e-09,0.44033334
2024-10-22 12:00:00,23.661163,12.209045,196.62749,95999.695,1.7795938e-07,0.5754996
2024-10-23 12:00:00,25.285065,10.914856,202.34492,95890.47,0.0,0.31752813
2024-10-24 12:00:00,31.471588,14.545532,200.60834,96106.08,0.0,1.5875375
2024-10-25 12:00:00,33.171265,22.623322,200.0484,96402.57,0.0,1.8539281
2024-10-26 12:00:00,33.29944,19.65979,187.33298,96368.26,0.0,1.1708182
2024-10-27 12:00:00,33.17267,17.19458,196.66377,96135.23,0.0,0.7824042
2024-10-28 12:00:00,32.67215,16.776215,195.8018,96089.03,0.0,0.42996517
2024-10-29 12:00:00,31.236237,14.296661,194.64272,96035.14,1.1352296e-08,0.7587847
2024-10-30 12:00:00,30.120697,12.6875305,194.1296,95874.25,0.0,0.36606786
2024-10-31 12:00:00,29.523499,12.3645935,191.73184,95907.95,0.0,0.35033157
2024-11-01 12:00:00,26.771698,9.721069,177.85347,95773.25,7.961286e-07,0.6623941
2024-11-02 12:00:00,19.113617,9.957153,175.77979,95610.26,4.5257448e-06,1.2640071
2024-11-03 12:00:00,18.240692,8.402191,126.54089,95770.65,1.5221977e-07,0.9215057
2024-11-04 12:00:00,21.189148,7.617035,179.70662,95982.94,1.4433985e-07,0.42325222
2024-11-05 12:00:00,23.677734,7.333679,174.15013,95892.08,1.5864947e-07,0.20040216
2024-11-06 12:00:00,27.565521,8.486237,180.7424,95974.15,0.0,0.73463976
2024-11-07 12:00:00,28.372559,13.914978,174.37169,96006.04,0.0,0.8949129
2024-11-08 12:00:00,25.313263,9.871368,167.96176,95797.46,0.0,0.5947346
2024-11-09 12:00:00,21.298615,9.49881,163.49252,95832.29,2.265742e-06,1.0667514
2024-11-10 12:00:00,19.032898,9.914093,182.3764,96343.12,0.0,2.721707
2024-11-11 12:00:00,22.592224,9.35611,175.71153,96605.19,0.0,1.6882657
2024-11-12 12:00:00,24.861938,8.133942,174.60956,96008.21,0.0,0.9841761
2024-11-13 12:00:00,22.162415,5.6203613,165.04666,95602.13,0.0,0.91539127
2024-11-14 12:00:00,16.64795,6.6748657,117.62813,95629.19,4.882297e-05,1.2394347
2024-11-15 12:00:00,11.90741,2.4282837,108.114685,96334.96,2.4513513e-08,0.41997975
2024-11-16 12:00:00,13.132355,3.166687,155.90126,96006.016,0.0,0.40608948
2024-11-17 12:00:00,15.174561,3.7962952,154.41179,96198.86,3.4664258e-06,0.7829105
2024-11-18 12:00:00,14.989227,4.0586853,141.55731,96404.82,3.809684e-06,0.6612261
2024-11-19 12:00:00,16.614014,3.9842834,157.8225,96401.08,5.0524236e-06,0.75090855
2024-11-20 12:00:00,21.657715,6.748474,158.83215,96192.39,0.0,1.374594
2024-11-21 12:00:00,20.45105,5.811096,153.71765,96000.71,0.0,0.6339216
2024-11-22 12:00:00,17.424408,8.493683,60.48111,95998.09,0.00017188623,1.0617217
2024-11-23 12:00:00,11.9210205,9.853119,26.898487,96258.26,0.00014008107,0.75677145
2024-11-24 12:00:00,11.00293,6.7738037,124.30145,96111.945,0.00011931838,1.2285335
2024-11-25 12:00:00,10.37735,1.3400879,155.99763,96458.3,2.101544e-09,1.4490137
2024-11-26 12:00:00,13.569031,1.9554138,156.8824,96889.305,0.0,1.9357057
2024-11-27 12:00:00,17.985992,5.5968323,152.58562,96688.586,0.0,2.3746321
2024-11-28 12:00:00,19.91101,10.67627,152.29982,96187.8,0.0,1.7741265
2024-11-29 12:00:00,18.066132,5.8644714,151.49022,96183.07,0.0,0.6879648
2024-11-30 12:00:00,17.608185,4.5171814,141.11938,96049.64,1.3803142e-06,0.43717822
2024-12-01 12:00:00,18.738037,5.650696,143.11992,96245.47,0.0,0.7247801
2024-12-02 12:00:00,17.016113,5.800934,144.85966,96173.0,0.0,0.7630665
2024-12-03 12:00:00,15.280487,4.955017,145.60722,95813.29,2.0886307e-06,0.9755224
2024-12-04 12:00:00,17.280426,4.3613586,138.61655,96371.805,0.0,1.1882094
2024-12-05 12:00:00,17.336884,4.7217712,143.76059,96357.88,0.0,0.5037388
2024-12-06 12:00:00,17.502441,4.7096252,124.51508,96092.984,0.0,0.29759035
2024-12-07 12:00:00,14.547058,5.7149963,36.0659,95787.12,2.9965442e-05,0.6797868
2024-12-08 12:00:00,11.106506,1.8029175,136.70892,95652.05,5.352398e-05,0.88620025
2024-12-09 12:00:00,10.07605,4.537567,142.01584,95497.375,0.00015250745,1.4070323
2024-12-10 12:00:00,11.470856,0.36218262,142.44118,96281.38,0.0,1.5534499
2024-12-11 12:00:00,12.621857,1.852417,140.33116,96516.68,0.0,1.5513178
2024-12-12 12:00:00,11.5520935,2.3705444,139.42131,95775.586,0.0,0.814647
2024-12-13 12:00:00,11.023499,0.47195435,141.50984,96246.266,0.0,1.7518964
2024-12-14 12:00:00,14.404053,1.1523743,139.9077,96874.48,0.0,1.5405029
2024-12-15 12:00:00,16.542175,5.558716,136.63113,96530.055,0.0,1.0797621
2024-12-16 12:00:00,14.294556,5.0990906,67.00569,96066.6,1.0241543e-05,0.5386479
2024-12-17 12:00:00,10.598846,6.2210693,136.57594,95996.3,6.137074e-05,0.48535576
2024-12-18 12:00:00,9.977814,0.9855652,115.81437,96408.9,0.0,0.51277006
2024-12-19 12:00:00,11.753998,5.7125854,41.67988,96464.14,5.9116606e-05,0.9607301
2024-12-20 12:00:00,11.575531,10.2743225,24.181007,96403.336,0.000100494784,0.8445786
2024-12-21 12:00:00,11.59375,4.045868,137.81248,96413.82,3.8081669e-06,1.0907778
2024-12-22 12:00:00,10.699097,3.2444153,144.07825,97067.08,0.0,3.0002594
2024-12-23 12:00:00,13.739136,1.0916138,139.5714,97129.516,0.0,2.4285262
2024-12-24 12:00:00,14.322754,4.5362854,140.26976,96413.42,0.0,1.1944351
2024-12-25 12:00:00,17.087341,3.8344727,136.41907,96068.016,0.0,1.348605
2024-12-26 12:00:00,15.040436,1.0360107,137.78279,95729.305,9.811517e-08,1.0331106
2024-12-27 12:00:00,17.361145,4.1990356,138.10832,96190.15,0.0,1.6844082
2024-12-28 12:00:00,19.147736,5.720886,135.9592,96364.984,0.0,0.76985556
2024-12-29 12:00:00,16.804932,3.7249756,73.36254,95677.16,2.461779e-05,0.59735525
2024-12-30 12:00:00,9.096771,-0.17407227,145.66077,95966.375,0.0,1.804115
2024-12-31 12:00:00,11.071045,-0.84417725,142.29793,96397.03,0.0,1.2837104
2025-01-01 12:00:00,13.377228,-1.1703796,146.60222,96309.36,0.0,1.5009041
2025-01-02 12:00:00,13.592621,2.2846985,133.70253,96036.37,0.0,1.3164833
2025-01-03 12:00:00,12.030334,1.1701965,86.50452,95687.29,1.754548e-05,1.1541008
2025-01-04 12:00:00,10.407471,3.2044983,20.889515,94676.91,0.00072138605,1.2861397
2025-01-05 12:00:00,7.375061,3.1705322,28.358788,95028.5,0.0003606155,0.67158383
2025-01-06 12:00:00,9.019348,6.6514893,14.716958,95117.71,0.0010416799,1.2507219
2025-01-07 12:00:00,7.1632996,2.4294739,52.633217,95192.6,0.00017500597,0.56140023
2025-01-08 12:00:00,8.141785,-1.1254578,142.30902,95755.125,7.618734e-07,0.6892016
2025-01-09 12:00:00,8.07962,2.336853,122.277824,96197.16,0.00010863911,0.37105015
2025-01-10 12:00:00,9.282715,-0.8041992,148.0529,96384.984,0.0,1.4667208
2025-01-11 12:00:00,10.870422,-1.1474304,150.37471,96706.07,0.0,1.4975009
2025-01-12 12:00:00,12.066742,-1.2890015,152.02832,96901.945,0.0,1.526616
2025-01-13 12:00:00,12.044342,-0.4190979,154.80437,96961.69,0.0,2.079829
2025-01-14 12:00:00,11.807617,-1.1525269,154.21786,96819.625,0.0,2.3449655
2025-01-15 12:00:00,14.083313,1.5763245,154.7461,96533.59,0.0,1.5300726
2025-01-16 12:00:00,13.2864685,1.2260742,145.21281,96447.49,0.0,1.4583801
2025-01-17 12:00:00,12.324219,3.4789124,115.400604,96341.734,8.9746827e-10,0.266358
2025-01-18 12:00:00,11.913025,-0.20071411,157.18304,96466.44,5.2396154e-09,1.1711562
2025-01-19 12:00:00,12.869385,0.9128113,133.00342,96466.69,0.0,1.3847426
2025-01-20 12:00:00,12.2664795,3.8090515,130.84917,96222.92,0.0,0.724884
2025-01-21 12:00:00,10.69397,4.6856995,58.780487,95829.41,0.00012825028,0.54427475
2025-01-22 12:00:00,9.074158,5.176117,27.737885,95830.05,0.00017961286,1.1891253
2025-01-23 12:00:00,7.107086,2.818573,159.1361,95479.305,0.00011117356,1.763237
2025-01-24 12:00:00,7.68338,-0.2581787,168.08849,96313.945,3.0080622e-09,1.7140633
2025-01-25 12:00:00,9.026764,0.8355713,140.74661,96956.38,0.0,1.352481
2025-01-26 12:00:00,10.598816,-2.253296,167.97943,96589.85,0.0,1.0697851
2025-01-27 12:00:00,13.48584,0.9082947,171.62616,96623.65,0.0,1.9272043
2025-01-28 12:00:00,15.21402,3.144928,174.00604,97049.61,0.0,1.9960214
2025-01-29 12:00:00,16.134796,0.62228394,176.8796,97128.18,0.0,1.9218973
2025-01-30 12:00:00,18.971588,2.4213867,177.68292,96656.69,0.0,1.8204252
2025-01-31 12:00:00,18.290863,3.8244324,176.98367,96297.97,3.4490665e-08,0.69812685
2025-02-01 12:00:00,15.5043335,2.048706,179.21352,96109.34,2.2257323e-07,0.40932667
2025-02-02 12:00:00,16.201843,4.0143433,157.03021,96198.68,0.0,1.0503979
2025-02-03 12:00:00,16.74878,6.1125183,125.31946,96253.96,0.0,1.804331
2025-02-04 12:00:00,19.290192,6.9827576,170.03014,96440.79,0.0,1.9703033
2025-02-05 12:00:00,19.98114,8.612213,180.44249,96573.72,0.0,2.2389486
2025-02-06 12:00:00,21.260895,13.577454,178.94669,96374.39,0.0,2.3920226
2025-02-07 12:00:00,21.23111,9.863129,186.49835,95732.875,0.0,1.1695446
2025-02-08 12:00:00,18.141144,5.109314,130.198,95518.91,2.8728982e-06,1.3781744
2025-02-09 12:00:00,16.626007,4.9150085,182.6594,95634.336,0.0,0.69945484
2025-02-10 12:00:00,16.021149,4.0524597,78.57041,95701.71,5.7166408e-06,0.7520083
2025-02-11 12:00:00,10.644836,8.177826,105.65203,95729.445,0.000100466226,1.1578965
2025-02-12 12:00:00,8.88678,-1.4504089,195.02118,95743.59,2.6011086e-05,1.2230119
2025-02-13 12:00:00,7.798584,-2.6284485,182.67186,96510.39,0.0,0.87045145
2025-02-14 12:00:00,10.173492,0.7515869,185.36662,96778.77,0.0,0.55387235
2025-02-15 12:00:00,11.826019,-1.065094,207.26456,96798.63,0.0,1.2599733
2025-02-16 12:00:00,11.749451,0.8234253,188.63861,96797.61,0.0,1.5297886
2025-02-17 12:00:00,11.39856,2.8929138,75.741844,96097.3,0.00012394576,0.76822096
2025-02-18 12:00:00,9.20755,-1.3101501,207.90654,96093.21,7.3968955e-08,1.4101882
2025-02-19 12:00:00,8.805695,4.3959045,62.26453,96092.69,0.00036193986,0.6357347
2025-02-20 12:00:00,9.460175,1.1108398,208.4433,95768.54,2.0091467e-05,0.7741762
2025-02-21 12:00:00,10.578674,0.940155,211.31088,96182.37,0.0,0.62548137
2025-02-22 12:00:00,12.566498,1.8221741,195.39119,96294.38,0.0,1.2183509
2025-02-23 12:00:00,14.255798,5.3971252,139.35625,96169.72,4.103547e-09,1.866847
2025-02-24 12:00:00,16.527771,6.479492,208.36699,96611.33,0.0,1.7804662
2025-02-25 12:00:00,17.28891,6.055237,213.99057,96594.66,0.0,1.5196261
2025-02-26 12:00:00,16.886261,6.1238403,217.7338,96149.25,0.0,0.58252144
2025-02-27 12:00:00,14.263824,3.6447144,204.49544,96036.17,9.895577e-07,0.58432436
2025-02-28 12:00:00,14.486664,5.8188477,192.33896,96009.69,1.4115018e-06,0.52751905
2025-03-01 12:00:00,14.5312805,6.219208,128.05695,95879.984,4.1552573e-07,0.38759658
2025-03-02 12:00:00,14.153198,7.5238647,34.30451,95562.47,0.0004108665,1.260463
2025-03-03 12:00:00,9.785492,7.850769,43.50157,95063.72,0.0006290208,1.2569536
2025-03-04 12:00:00,14.861908,5.753845,224.90277,95383.69,3.240972e-05,0.89456403
2025-03-05 12:00:00,16.323364,4.8432007,234.05286,96268.53,3.862241e-07,0.43047014
2025-03-06 12:00:00,19.328125,6.477783,238.989,96626.13,0.0,0.53125083
2025-03-07 12:00:00,21.474915,9.43454,240.998,96565.12,0.0,0.9198348
2025-03-08 12:00:00,24.165314,9.209778,242.17535,96509.37,0.0,1.0066917
2025-03-09 12:00:00,25.050781,13.177856,244.83093,96597.67,5.47055e-10,1.3759183
2025-03-10 12:00:00,24.841553,14.110596,241.01317,96357.86,0.0,1.1657581
2025-03-11 12:00:00,24.311584,13.116058,206.8582,95865.33,0.0,0.60195893
2025-03-12 12:00:00,20.417633,13.428528,196.67986,95672.3,0.0,0.53623015
2025-03-13 12:00:00,20.94574,10.639191,200.22357,96222.09,0.0,0.34630826
2025-03-14 12:00:00,22.401459,11.607483,205.52698,96159.67,0.0,0.6943816
2025-03-15 12:00:00,20.416748,13.722107,131.92743,95539.75,0.0,0.48749638
2025-03-16 12:00:00,19.942139,12.331451,84.16897,95359.836,1.4364722e-05,0.80974126
2025-03-17 12:00:00,13.572968,11.144501,37.577816,95803.9,4.6422283e-05,1.0609752
2025-03-18 12:00:00,15.455627,10.539703,159.16734,95810.555,3.523076e-05,0.74124414
2025-03-19 12:00:00,17.924377,8.642334,260.96893,96011.01,2.4535882e-06,0.43037656
2025-03-20 12:00:00,18.801208,8.945831,264.20538,96248.86,0.0,0.23970915
2025-03-21 12:00:00,18.046509,9.091919,254.19698,96131.18,1.5541181e-09,0.3366414
2025-03-22 12:00:00,17.35559,8.759735,151.81827,95825.016,7.013599e-06,0.92041886
2025-03-23 12:00:00,12.912476,7.7747498,181.42532,95861.85,9.4421985e-06,1.1292236
2025-03-24 12:00:00,14.418213,4.3715515,250.15086,96103.79,3.457987e-07,0.8627825
2025-03-25 12:00:00,15.853577,6.3635254,215.26785,96161.71,0.0,0.40569842
2025-03-26 12:00:00,15.726532,7.844208,126.95592,96052.086,5.544992e-06,0.40138006
2025-03-27 12:00:00,13.461853,10.01886,53.657207,95672.15,0.00020234552,1.0665227
2025-03-28 12:00:00,11.466675,8.628265,52.10806,95236.875,0.00049582677,1.1903982
2025-03-29 12:00:00,9.105774,5.0639954,185.71394,95298.18,6.254111e-05,1.0716056
2025-03-30 12:00:00,12.080292,1.8197021,281.36145,96235.27,1.9075223e-06,0.21747379
2025-03-31 12:00:00,14.290802,4.2200623,278.63858,96631.03,4.2738787e-07,0.25187498
2025-04-01 12:00:00,15.505798,6.744507,283.54938,96220.99,0.0,0.4422596
2025-04-02 12:00:00,14.793243,6.6729736,137.02698,96004.84,2.7448466e-06,0.6793308
2025-04-03 12:00:00,13.4774475,6.3658447,262.06396,96071.914,1.2401266e-06,0.46313405
2025-04-04 12:00:00,16.135437,5.7568054,274.53598,96361.85,3.162818e-08,0.33462816
2025-04-05 12:00:00,17.86618,6.954651,281.2711,96328.09,0.0,0.32571545
2025-04-06 12:00:00,17.32846,5.5867615,173.43304,95943.1,1.6071994e-05,0.6473663
2025-04-07 12:00:00,12.296234,7.9513245,145.90405,95658.03,1.9178606e-05,1.3256638
2025-04-08 12:00:00,14.003387,6.0881653,244.4601,95703.79,8.824953e-06,0.46618724
2025-04-09 12:00:00,17.156097,5.389679,297.47928,95914.69,1.6846955e-06,0.3102353
2025-04-10 12:00:00,22.959076,7.8789673,308.97574,96182.914,0.0,0.55058146
2025-04-11 12:00:00,26.325409,11.50589,313.38828,96247.305,0.0,1.0897404
2025-04-12 12:00:00,28.63089,13.302673,313.5099,96124.625,0.0,0.8135896
2025-04-13 12:00:00,30.266418,13.614471,314.31396,95908.51,0.0,0.5544016
2025-04-14 12:00:00,29.302063,11.457153,313.7675,95721.164,2.013263e-08,0.58739924
2025-04-15 12:00:00,25.841064,10.053741,282.93338,95740.65,1.3687478e-08,0.8874433
2025-04-16 12:00:00,21.436523,6.6272583,317.4875,95905.09,0.0,0.79561335
2025-04-17 12:00:00,18.816101,6.131317,286.74634,96037.05,1.2700989e-06,0.8939973
2025-04-18 12:00:00,17.506927,6.9235535,130.35406,95874.6,0.000111072695,0.9376976
2025-04-19 12:00:00,16.216125,8.832886,273.8402,95621.14,0.00012849092,0.55835587
2025-04-20 12:00:00,19.602112,7.5939026,319.28137,96132.0,1.17236985e-08,0.3345327
2025-04-21 12:00:00,21.791016,11.531372,309.47202,96218.195,0.0,0.26971474
2025-04-22 12:00:00,22.429535,8.494324,328.27084,96087.84,0.0,0.3837629
2025-04-23 12:00:00,24.4375,6.699005,335.58096,95994.79,0.0,1.3521332
2025-04-24 12:00:00,25.260468,10.776733,335.36346,95909.72,0.0,0.6244761
2025-04-25 12:00:00,23.763397,7.8894653,331.25516,95867.53,1.2412049e-08,0.82093185
2025-04-26 12:00:00,21.054596,6.643219,301.4086,95711.97,3.7070097e-07,0.9495782
2025-04-27 12:00:00,17.437958,7.842743,128.96185,95545.48,6.8578956e-06,0.95798475
2025-04-28 12:00:00,14.533508,7.65271,123.75414,95493.95,1.3128189e-05,0.6663948
2025-04-29 12:00:00,19.485413,6.083618,315.53354,95558.875,1.8806821e-06,0.4822189
2025-04-30 12:00:00,19.446014,6.0484924,258.17856,95864.625,0.0,0.32387808
2025-05-01 12:00:00,20.383545,6.416443,327.1006,95922.39,3.498934e-08,0.7270271
2025-05-02 12:00:00,23.22821,7.999939,335.0154,95948.6,0.0,0.51074743
2025-05-03 12:00:00,22.109467,7.6100464,336.42807,95560.04,0.0,0.73041767
2025-05-04 12:00:00,20.85614,8.224274,169.16168,95090.15,4.4554495e-06,1.1325017
2025-05-05 12:00:00,21.399384,8.030609,309.87674,95200.88,9.168858e-06,0.46939066
2025-05-06 12:00:00,20.876526,9.405182,300.08676,95686.04,5.0777857e-09,1.0589794
2025-05-07 12:00:00,19.162598,11.348694,183.8409,95443.58,2.47453e-05,1.2859865
2025-05-08 12:00:00,16.302063,4.2485046,322.35455,95317.43,4.0796053e-07,0.7007775
2025-05-09 12:00:00,14.5217285,3.118103,316.26566,95429.43,2.765326e-06,1.6853596
2025-05-10 12:00:00,16.818298,5.051056,341.878,95791.1,0.0,1.1724195
2025-05-11 12:00:00,19.971313,5.698944,350.44055,95831.38,0.0,0.5969507
2025-05-12 12:00:00,21.000305,7.7604065,343.5708,95889.2,0.0,0.9103863
2025-05-13 12:00:00,19.549866,10.001617,144.2588,95457.63,0.00019030368,1.7472
2025-05-14 12:00:00,16.749786,6.858734,337.54126,95321.984,1.5869218e-05,0.7289308
2025-05-15 12:00:00,21.191132,7.881592,349.49527,96016.055,0.0,0.27315032
2025-05-16 12:00:00,22.184662,8.801331,348.94254,96277.234,0.0,0.83383065
2025-05-17 12:00:00,21.246582,9.2005005,348.30676,95876.24,3.2977263e-07,0.8542932
2025-05-18 12:00:00,20.618439,7.5956116,296.50858,95213.11,8.742013e-06,0.39822966
2025-05-19 12:00:00,18.073914,6.730255,350.17462,95673.05,5.4414325e-08,1.0743654
2025-05-20 12:00:00,26.650482,8.016327,356.8806,96039.42,0.0,0.43488935
2025-05-21 12:00:00,28.927887,11.977844,353.31006,95948.82,0.0,0.618098
2025-05-22 12:00:00,28.276123,10.452576,359.54187,95996.305,5.4613496e-09,0.7440588
2025-05-23 12:00:00,27.51059,10.879669,355.06458,96013.81,1.2794207e-08,0.66089267
2025-05-24 12:00:00,27.46753,11.286316,356.92896,95941.15,5.582535e-10,0.46786433
2025-05-25 12:00:00,31.204895,13.697693,358.3034,95714.78,0.0,0.3400263
2025-05-26 12:00:00,32.517365,14.88327,357.86084,95665.875,0.0,0.57874435
2025-05-27 12:00:00,30.719849,13.410034,351.29388,95775.57,6.672584e-08,0.77643
2025-05-28 12:00:00,31.32367,14.090179,350.4078,95857.99,0.0,0.6489255
2025-05-29 12:00:00,34.06311,15.928894,343.82364,95713.45,0.0,0.46941334
2025-05-30 12:00:00,33.75534,17.098755,349.8653,95434.64,0.0,0.49244204
2025-05-31 12:00:00,32.068695,13.214264,354.83768,95462.62,2.67639e-08,0.6749891
2025-06-01 12:00:00,28.446625,12.921234,358.94498,95680.78,8.8058485e-09,0.8485607
2025-06-02 12:00:00,28.800385,13.901764,350.52386,95842.164,0.0,0.8113914
2025-06-03 12:00:00,27.832886,12.983643,353.45908,95662.78,1.923341e-09,1.0503674
2025-06-04 12:00:00,26.058838,11.891144,229.79016,95552.95,8.600129e-08,1.0870197
2025-06-05 12:00:00,24.020874,11.594788,320.09644,95868.5,4.0180075e-07,0.9902177
2025-06-06 12:00:00,25.818726,13.400787,347.97934,96066.12,0.0,1.0449957
2025-06-07 12:00:00,27.329254,12.058716,360.6807,95820.91,0.0,0.6496047
2025-06-08 12:00:00,26.033905,11.0173645,353.81702,95599.42,5.439589e-09,0.9248683
2025-06-09 12:00:00,25.338593,11.153168,347.31845,95674.875,6.571101e-08,1.0466628
2025-06-10 12:00:00,25.342041,12.644592,328.47995,95860.984,7.3984836e-08,0.80522233
2025-06-11 12:00:00,25.118835,9.961517,361.1641,95810.266,1.315664e-07,0.8566204
2025-06-12 12:00:00,26.39392,11.631409,364.71307,95622.984,0.0,0.6873255
2025-06-13 12:00:00,25.694183,10.850189,366.10373,95645.68,0.0,1.0179061
2025-06-14 12:00:00,25.772583,11.178955,363.36676,95763.19,3.7205133e-08,0.89734346
2025-06-15 12:00:00,25.71283,11.915375,358.46786,95561.53,0.0,0.85162354
2025-06-16 12:00:00,24.64441,12.641785,338.73804,95425.82,4.244695e-07,1.1724507
2025-06-17 12:00:00,23.237549,14.613251,163.04517,95492.73,9.614605e-06,1.3790605
2025-06-18 12:00:00,21.083069,15.386414,186.56903,95585.59,1.6843609e-05,1.3795661
2025-06-19 12:00:00,26.127289,14.128418,337.93695,95675.03,3.5434882e-06,1.2060544
2025-06-20 12:00:00,30.61319,12.562195,368.2689,95892.45,0.0,0.43058512
2025-06-21 12:00:00,32.156586,13.766876,366.8367,95981.58,0.0,0.59199417
2025-06-22 12:00:00,32.01599,15.383362,361.89548,96102.305,0.0,0.5467903
2025-06-23 12:00:00,33.59915,16.089203,362.5847,96011.96,0.0,0.56642306
2025-06-24 12:00:00,37.364655,17.73175,357.33,95732.62,0.0,0.645259
2025-06-25 12:00:00,41.2688,19.917664,361.85953,95560.04,0.0,0.54127145
2025-06-26 12:00:00,39.994476,19.590057,356.9988,95704.87,0.0,0.6272856
2025-06-27 12:00:00,36.930054,18.178894,361.5904,95898.8,0.0,0.7052209
2025-06-28 12:00:00,35.828613,16.344788,362.2241,95797.81,5.0788785e-08,0.8729918
2025-06-29 12:00:00,34.182617,16.01181,363.13712,95858.766,7.4202555e-09,0.9414345
2025-06-30 12:00:00,32.352173,15.404297,359.74,95978.2,1.321404e-08,0.7968469
2025-07-01 12:00:00,32.300842,15.098511,364.84128,95890.88,1.4659898e-08,0.6593829
2025-07-02 12:00:00,31.307007,14.628662,360.4087,95665.52,7.62929e-09,0.69850487
2025-07-03 12:00:00,30.110931,13.688568,362.42502,95673.75,0.0,0.96177953
2025-07-04 12:00:00,27.920319,11.975494,364.52298,95876.66,2.0078101e-08,0.7716637
2025-07-05 12:00:00,27.855652,11.548248,365.07578,95872.02,0.0,0.79456055
2025-07-06 12:00:00,27.196777,12.122345,362.27643,95795.29,0.0,1.1052518
2025-07-07 12:00:00,27.096283,12.010986,357.97318,95949.3,2.571116e-07,1.0861566
2025-07-08 12:00:00,27.117615,11.948334,349.09146,95914.086,0.0,0.7552245
2025-07-09 12:00:00,28.446442,12.772705,356.80692,95965.55,0.0,0.77679145
2025-07-10 12:00:00,31.201233,15.170166,352.91193,96110.43,0.0,0.6905582
2025-07-11 12:00:00,34.53961,16.994812,333.37424,96102.21,0.0,0.4547493
2025-07-12 12:00:00,34.30182,19.489899,345.8738,95981.3,1.2900455e-08,0.7253061
2025-07-13 12:00:00,33.95456,16.778564,351.2873,95795.8,9.532961e-09,0.72298396
2025-07-14 12:00:00,34.293915,18.033264,348.48767,95780.96,3.0976917e-09,0.7744026
2025-07-15 12:00:00,33.713898,17.142365,348.77103,95847.19,1.0258186e-08,0.80556387
2025-07-16 12:00:00,32.42697,16.871582,349.5192,95928.03,2.9822678e-09,0.8119585
2025-07-17 12:00:00,32.3815,14.836731,353.73376,96011.34,0.0,0.6611149
2025-07-18 12:00:00,34.77011,17.605621,320.68683,96093.99,0.0,0.6715591
2025-07-19 12:00:00,37.00476,20.723785,290.64328,96105.29,7.907908e-09,0.61918074
2025-07-20 12:00:00,36.840088,21.511261,273.52182,95915.164,3.2901343e-07,0.46531993
2025-07-21 12:00:00,34.151398,22.442108,274.72858,96019.61,0.0,0.8850871
2025-07-22 12:00:00,33.993927,22.42221,268.77625,96038.34,2.0773996e-08,0.75121856
2025-07-23 12:00:00,33.381104,19.219543,338.00085,95885.555,0.0,0.90205026
2025-07-24 12:00:00,31.16809,17.074005,332.44763,95704.5,0.0,1.0934706
2025-07-25 12:00:00,27.374634,13.975372,333.95697,95642.8,1.9454658e-06,1.2930447
2025-07-26 12:00:00,26.155548,12.865356,341.09903,95789.3,2.9077225e-07,1.0948802
2025-07-27 12:00:00,27.738556,13.739563,345.72052,95981.734,5.807767e-10,0.9009514
2025-07-28 12:00:00,30.153198,14.669037,344.31503,96048.19,0.0,0.65427047
2025-07-29 12:00:00,31.61023,16.033417,345.7624,96040.51,0.0,0.4730076
2025-07-30 12:00:00,31.66681,16.314545,344.24216,95986.55,0.0,0.56887966
2025-07-31 12:00:00,35.09903,16.95932,345.1825,95934.84,0.0,0.32905784
2025-08-01 12:00:00,40.31961,18.63678,344.35916,95841.65,0.0,0.34537375
2025-08-02 12:00:00,39.233795,20.834259,322.519,95962.79,0.0,0.4854779
2025-08-03 12:00:00,39.477264,24.232086,328.02737,95885.65,2.974611e-08,0.7076694
2025-08-04 12:00:00,39.91382,23.901276,283.41666,95764.62,3.8504703e-07,0.88946766
2025-08-05 12:00:00,38.55362,22.082153,321.217,95591.4,0.0,0.81236005
2025-08-06 12:00:00,34.035736,18.65738,307.42892,95716.47,1.5697387e-07,1.2631859
2025-08-07 12:00:00,31.725494,17.686188,299.74112,95863.234,7.170512e-08,1.1693254
2025-08-08 12:00:00,32.515686,19.057037,284.26996,95985.086,0.0,0.74922967
2025-08-09 12:00:00,31.91446,18.886566,200.70935,96078.08,0.0,0.53904206
2025-08-10 12:00:00,34.155426,16.840302,328.20245,96047.54,3.0284564e-08,0.6193655
2025-08-11 12:00:00,35.672455,18.121033,325.04565,95758.79,2.1781583e-08,0.48333374
2025-08-12 12:00:00,35.692535,19.72165,321.30173,95528.84,0.0,0.68178886
2025-08-13 12:00:00,34.62622,19.026062,306.09766,95535.23,0.0,0.7419119
2025-08-14 12:00:00,33.419952,19.511383,312.2676,95685.01,0.0,0.71831197
2025-08-15 12:00:00,32.012817,18.311646,245.1031,95927.45,0.0,0.6922314
2025-08-16 12:00:00,31.799072,20.78949,198.9235,95968.234,0.0,0.7026524
2025-08-17 12:00:00,32.102142,20.348083,219.64713,95828.234,0.0,0.7918736
2025-08-18 12:00:00,34.414337,20.213257,305.07962,95753.79,0.0,0.65936375
2025-08-19 12:00:00,34.1427,19.789612,308.39737,95755.29,7.571691e-09,0.73557204
2025-08-20 12:00:00,32.65396,17.546448,303.31784,95796.09,6.895383e-07,0.5433867
2025-08-21 12:00:00,30.619598,16.226196,302.98062,95683.89,0.0,0.71405554
2025-08-22 12:00:00,31.63684,16.975769,303.82745,95727.57,2.5857074e-07,0.61079925
2025-08-23 12:00:00,34.927795,17.977325,311.02344,95875.945,0.0,0.3446029
2025-08-24 12:00:00,35.16159,17.792938,306.92203,95706.73,0.0,0.5345186
2025-08-25 12:00:00,33.552673,15.396576,318.0202,95646.62,0.0,0.6195977
2025-08-26 12:00:00,31.765656,13.550049,316.91235,95829.73,0.0,0.72846913
2025-08-27 12:00:00,28.832489,13.024719,307.00476,95884.41,0.0,0.7941243
2025-08-28 12:00:00,28.693542,14.385498,307.60397,95851.96,0.0,0.7817647
2025-08-29 12:00:00,29.234528,14.5607605,306.23303,95916.555,0.0,0.62264615
2025-08-30 12:00:00,31.846436,14.939667,305.8785,95861.875,0.0,0.5364512
2025-08-31 12:00:00,31.997528,14.186829,307.66293,95832.586,0.0,0.63228464
2025-09-01 12:00:00,32.47812,14.098236,309.203,95799.49,0.0,0.29717922
2025-09-02 12:00:00,31.71103,13.636749,307.1521,95720.04,0.0,0.5102166
2025-09-03 12:00:00,30.422516,12.565491,305.86618,95676.28,0.0,0.60555464
2025-09-04 12:00:00,29.88565,13.4444275,300.828,95694.484,0.0,0.64146084
2025-09-05 12:00:00,30.999146,12.739044,300.0444,95828.7,0.0,0.40723965
2025-09-06 12:00:00,30.542389,12.793152,298.61325,95926.44,0.0,0.5197133
2025-09-07 12:00:00,30.730011,13.160278,295.95096,95851.57,0.0,0.47112596
2025-09-08 12:00:00,29.573029,12.4646,294.00717,95847.25,0.0,0.44937593
2025-09-09 12:00:00,28.846191,12.166748,293.34155,95915.87,0.0,0.48842573
2025-09-10 12:00:00,30.682251,13.859497,288.4668,95888.234,0.0,0.2974254
2025-09-11 12:00:00,32.986603,14.735931,287.80206,95727.164,0.0,0.2506696
2025-09-12 12:00:00,31.842773,15.637543,274.46143,95615.17,0.0,0.71853536
2025-09-13 12:00:00,28.871063,13.251099,278.51233,95820.01,1.08615176e-07,0.769299
2025-09-14 12:00:00,27.524017,11.433105,281.67593,95889.305,0.0,0.4578008
2025-09-15 12:00:00,27.01294,12.535614,275.1157,95696.88,0.0,0.8024459
2025-09-16 12:00:00,25.436462,13.580444,119.22162,95401.98,0.0,0.8516792
2025-09-17 12:00:00,24.527374,15.445038,213.00314,95368.07,7.015311e-06,1.1321578
2025-09-18 12:00:00,23.195679,13.388489,170.00276,95635.086,7.4771874e-06,0.58494335
2025-09-19 12:00:00,24.811798,12.212463,266.06482,95778.414,4.170534e-06,0.64758
2025-09-20 12:00:00,24.09909,13.512482,228.84528,95922.695,2.8131158e-06,0.7150425
2025-09-21 12:00:00,23.09314,12.161682,217.06963,95891.516,8.35254e-07,0.3530549
2025-09-22 12:00:00,22.17035,12.873199,126.34377,95570.07,5.3053895e-06,0.95518637
2025-09-23 12:00:00,20.85019,12.325226,188.63858,95634.16,1.4472728e-05,0.9428699
2025-09-24 12:00:00,28.170197,12.612915,253.5457,96065.81,3.9329958e-08,0.5506865
2025-09-25 12:00:00,33.170288,17.125763,255.6817,96014.24,0.0,1.0015668
2025-09-26 12:00:00,34.617188,20.21341,254.70842,95816.805,0.0,0.8833366
2025-09-27 12:00:00,35.558746,21.077301,251.97205,95802.805,0.0,0.47232938
2025-09-28 12:00:00,35.652863,20.027344,250.51839,95917.68,0.0,1.0394949
2025-09-29 12:00:00,37.12439,19.802765,240.92342,95837.28,1.09411e-09,0.6550423
2025-09-30 12:00:00,36.68112,20.356812,245.48854,95796.94,2.18822e-09,0.6759064
2025-10-01 12:00:00,34.61154,18.341553,131.6693,96015.49,5.8723115e-09,0.33655748
2025-10-02 12:00:00,35.919434,18.913177,242.00615,95949.92,0.0,0.70030755
2025-10-03 12:00:00,35.211273,18.525574,218.89069,95875.305,0.0,0.59049875
2025-10-04 12:00:00,35.911255,18.47641,237.4749,96005.16,0.0,0.8605629
2025-10-05 12:00:00,35.785553,18.342102,241.9622,96107.73,0.0,1.0620115
2025-10-06 12:00:00,34.782623,17.533966,196.05142,95917.19,0.0,0.9462053
2025-10-07 12:00:00,32.487854,16.39563,210.5373,95749.91,0.0,0.18275842
2025-10-08 12:00:00,29.87674,14.129944,222.14285,95642.89,2.0920983e-09,0.2976991
2025-10-09 12:00:00,34.553925,16.218811,229.25812,95669.516,0.0,0.475816
2025-10-10 12:00:00,34.288788,16.322845,229.64124,95834.055,0.0,0.55210316
2025-10-11 12:00:00,33.222046,15.283569,232.0208,95877.29,0.0,0.7550347
2025-10-12 12:00:00,30.485413,14.976624,219.06262,95763.11,0.0,0.74969023
2025-10-13 12:00:00,30.623718,13.383209,223.40308,95643.945,0.0,0.2252769
2025-10-14 12:00:00,36.105408,15.360321,222.94844,95731.695,0.0,0.53960335
2025-10-15 12:00:00,39.117767,22.56778,221.01204,96012.484,0.0,1.1998854
2025-10-16 12:00:00,39.055023,22.996613,216.62776,96203.07,0.0,1.1616547
2025-10-17 12:00:00,37.99002,21.933685,214.33376,95957.336,0.0,0.42269266
2025-10-18 12:00:00,35.332397,20.373291,109.28835,95992.86,0.0,0.42213553
2025-10-19 12:00:00,32.412476,17.096405,207.4484,95838.3,1.27469715e-08,0.7481751
2025-10-20 12:00:00,30.883453,15.186096,181.8349,95606.195,0.0,0.2662784
2025-10-21 12:00:00,25.88852,15.137421,191.90512,95650.33,4.076788e-07,1.1693102
2025-10-22 12:00:00,21.869476,11.584045,191.20534,95847.84,2.2247816e-06,0.88620335
2025-10-23 12:00:00,25.411499,10.563873,199.57678,95779.05,0.0,0.4230095
2025-10-24 12:00:00,26.878998,13.084747,198.25032,95650.11,1.4519418e-10,0.4251971
2025-10-25 12:00:00,27.495117,12.076416,197.13719,95927.08,0.0,0.21496111
2025-10-26 12:00:00,28.177307,13.12735,190.58072,95995.734,0.0,0.24029231
2025-10-27 12:00:00,31.170074,14.742401,192.18053,95879.664,0.0,0.40595663
2025-10-28 12:00:00,29.81314,13.7447815,190.26021,96003.375,0.0,0.602932
2025-10-29 12:00:00,25.493378,13.282898,145.94734,96117.984,1.3660333e-07,0.4293888
2025-10-30 12:00:00,23.798553,10.422485,182.96022,95917.59,7.343052e-07,0.52771807
2025-10-31 12:00:00,27.481476,11.053467,184.17987,95704.3,0.0,0.4591666
2025-11-01 12:00:00,26.065979,13.575775,182.05414,95669.03,0.0,0.27210918
2025-11-02 12:00:00,23.621674,11.305115,147.55682,95980.97,0.0,0.55003005
2025-11-03 12:00:00,21.858978,12.267426,162.14612,96115.23,6.1267264e-07,0.45088068
2025-11-04 12:00:00,22.0943,11.219025,173.40604,96081.45,3.4849998e-07,0.3346059
2025-11-05 12:00:00,25.00351,10.051392,164.39844,95960.21,1.5262059e-06,0.40344167
2025-11-06 12:00:00,28.530731,12.642181,175.72537,95964.57,0.0,0.8912034
2025-11-07 12:00:00,27.48285,12.95517,170.54346,95851.516,0.0,0.3999297
2025-11-08 12:00:00,23.87378,8.852356,178.04161,95781.21,6.101391e-08,0.20283191
2025-11-09 12:00:00,26.1904,9.200348,179.31662,95966.57,0.0,0.96813136
2025-11-10 12:00:00,24.51004,9.282928,175.05907,95707.484,0.0,0.7442499
2025-11-11 12:00:00,21.059326,7.656769,137.61357,95515.39,3.1808427e-06,0.3385908
2025-11-12 12:00:00,20.49585,7.4630127,136.67957,95844.37,1.0759561e-07,0.22105247
2025-11-13 12:00:00,20.624207,7.1126404,150.83223,95996.414,0.0,0.4899721
2025-11-14 12:00:00,18.698914,8.407684,85.07159,95962.41,2.4011755e-05,0.92547107
2025-11-15 12:00:00,16.09549,9.721619,61.245377,95946.27,4.0554714e-06,0.94332343
2025-11-16 12:00:00,16.57315,7.336853,163.04942,96017.766,6.537692e-05,0.87151
2025-11-17 12:00:00,19.992188,7.0067444,148.63568,96706.23,0.0,1.4501551
2025-11-18 12:00:00,22.898804,9.791199,158.5674,96640.24,0.0,0.5692906
2025-11-19 12:00:00,23.21811,8.566254,155.3892,96023.29,0.0,0.5091253
2025-11-20 12:00:00,21.947418,7.8137207,159.01393,95856.97,6.60309e-09,0.9912103
2025-11-21 12:00:00,21.36261,9.860626,160.46649,96815.48,0.0,2.0130954
2025-11-22 12:00:00,23.377808,9.660156,158.39594,96748.84,0.0,1.6268055
2025-11-23 12:00:00,25.386261,10.922516,154.777,96513.914,0.0,1.6030146
2025-11-24 12:00:00,24.995605,14.123718,123.893524,96160.78,0.0,1.226034
2025-11-25 12:00:00,22.542847,7.382721,153.83102,95814.305,0.0,0.48551893
2025-11-26 12:00:00,22.381622,8.055908,118.944244,95995.61,1.09411e-09,0.36423397
2025-11-27 12:00:00,23.316711,9.211853,136.95108,96153.2,0.0,0.39674714
2025-11-28 12:00:00,22.672363,9.532623,144.93283,96100.33,0.0,0.2951359
2025-11-29 12:00:00,20.254517,7.542938,116.28985,96085.26,2.1472658e-06,0.90533185
2025-11-30 12:00:00,14.185669,10.027954,60.732365,96010.836,1.3929038e-05,0.66445917
2025-12-01 12:00:00,15.009827,6.0646973,137.7118,95847.086,0.0,0.63923067
2025-12-02 12:00:00,14.527832,0.9263916,142.81413,96190.875,0.0,1.0516969
2025-12-03 12:00:00,13.7925415,1.8379822,117.17635,96129.266,0.0,1.8328832
2025-12-04 12:00:00,13.484619,4.347809,152.97015,95996.44,0.0,2.1551583
2025-12-05 12:00:00,12.5060425,-1.0055237,147.94566,96319.76,0.0,0.74155444
2025-12-06 12:00:00,12.161316,1.2074585,146.68294,96746.48,0.0,1.8628025
2025-12-07 12:00:00,15.225739,1.7023926,139.04588,97002.555,0.0,1.9585145
2025-12-08 12:00:00,20.823792,4.6963806,147.00891,96760.18,0.0,2.119343
2025-12-09 12:00:00,21.168274,9.270752,120.440865,96661.57,0.0,2.1461868
2025-12-10 12:00:00,21.716187,9.508362,95.7389,96366.76,0.0,1.7157929
2025-12-11 12:00:00,22.873169,6.8663025,142.19221,96052.88,0.0,1.0574205
2025-12-12 12:00:00,24.696167,8.980682,141.38846,95970.85,0.0,1.4291308
2025-12-13 12:00:00,23.728485,8.949341,124.27757,96253.22,0.0,1.4708831
2025-12-14 12:00:00,21.470398,9.368835,91.42526,96256.73,0.0,0.9493129
2025-12-15 12:00:00,23.376862,7.535034,140.10872,96198.336,0.0,1.4210205
2025-12-16 12:00:00,26.993042,10.062103,136.39247,96312.734,0.0,1.68047
2025-12-17 12:00:00,26.986786,13.971283,132.73444,96481.61,0.0,1.0215555
2025-12-18 12:00:00,25.242126,10.506683,135.83093,96281.06,0.0,0.91250026
2025-12-19 12:00:00,23.25299,15.777344,133.97308,96636.56,0.0,3.187915
2025-12-20 12:00:00,23.475525,10.845093,139.63438,96818.984,0.0,1.7219759
2025-12-21 12:00:00,23.794067,9.030365,139.62424,96747.19,0.0,1.3908222
2025-12-22 12:00:00,21.45346,5.9265137,139.20494,96520.01,0.0,0.4493216
2025-12-23 12:00:00,19.84076,3.4401245,138.60529,96520.06,0.0,0.50056446
2025-12-24 12:00:00,23.644714,5.922394,140.20992,96934.945,0.0,0.34643114
2025-12-25 12:00:00,25.311798,10.211792,140.83556,96817.51,0.0,1.7835609
2025-12-26 12:00:00,24.510223,11.07373,123.82062,96343.92,0.0,1.361386
2025-12-27 12:00:00,21.77417,6.3617554,140.40128,96065.95,0.0,0.65741825
2025-12-28 12:00:00,17.468842,3.7273254,117.86288,96235.04,2.2882332e-08,0.44895545
2025-12-29 12:00:00,17.741882,2.3118591,124.01952,96298.805,0.0,0.67689764
2025-12-30 12:00:00,16.795013,4.576416,127.01078,95758.52,9.2105194e-07,0.6351398
2025-12-31 12:00:00,14.400024,8.80423,31.231922,95444.03,0.00024103944,1.2418258
