time,tasmax,tasmin,rsds,ps,pr,sfcWind
2000-01-01 12:00:00,1.5372009,-4.5823975,37.46137,101198.53,9.290971e-05,1.4533576
2000-01-02 12:00:00,3.3379211,-3.1553955,101.162796,100143.67,3.355744e-05,2.2223375
2000-01-03 12:00:00,-0.13543701,-10.679016,99.40694,100381.76,1.9786587e-07,4.46399
2000-01-04 12:00:00,-2.6833496,-13.839661,110.88071,101747.5,2.418028e-09,6.413782
2000-01-05 12:00:00,-3.423767,-8.48111,63.024834,103055.086,2.0311228e-10,3.2209544
2000-01-06 12:00:00,-5.278534,-6.996826,33.401047,102797.91,7.244594e-05,3.616958
2000-01-07 12:00:00,-4.291687,-10.693573,114.28739,102545.51,0.0,3.9088936
2000-01-08 12:00:00,-5.592163,-17.431305,115.71589,102764.7,0.0,2.3006628
2000-01-09 12:00:00,-2.658081,-15.98764,96.59791,101857.37,3.743791e-08,2.3235943
2000-01-10 12:00:00,-2.344513,-9.482941,111.92911,101888.516,0.0,3.2484262
2000-01-11 12:00:00,-4.1388245,-12.320435,108.10833,102112.56,0.0,3.1477916
2000-01-12 12:00:00,2.2762756,-11.481201,76.420395,101247.38,1.6854905e-05,2.9110668
2000-01-13 12:00:00,13.544586,1.6607971,16.516249,98123.41,0.0012642847,4.3619146
2000-01-14 12:00:00,9.614899,5.5562744,30.107729,98421.81,0.00022928351,6.1984863
2000-01-15 12:00:00,5.5379333,1.0822144,115.87259,99960.26,0.0,4.375375
2000-01-16 12:00:00,4.2411194,-1.6877441,107.72976,100681.2,0.0,2.4487238
2000-01-17 12:00:00,2.712616,-2.1941223,118.55078,101720.25,0.0,2.276339
2000-01-18 12:00:00,9.294525,-0.75909424,52.549324,101938.664,6.927691e-06,2.0738242
2000-01-19 12:00:00,13.771362,5.4768677,16.779047,100600.984,0.00092006504,1.4736971
2000-01-20 12:00:00,5.192566,-3.0469666,123.48263,101287.484,2.5287387e-05,5.120307
2000-01-21 12:00:00,-1.1343079,-2.575348,68.29533,102408.48,6.868898e-07,3.481662
2000-01-22 12:00:00,0.30828857,-5.301544,129.06612,102340.09,7.531778e-09,5.0247717
2000-01-23 12:00:00,1.8786316,-5.5898743,129.1322,102468.97,1.437942e-09,2.5222154
2000-01-24 12:00:00,3.0804138,-2.1089478,122.69118,101523.695,2.7343377e-08,3.417161
2000-01-25 12:00:00,4.674225,0.41378784,129.85077,101275.33,3.3552745e-08,3.6343236
2000-01-26 12:00:00,8.826019,1.9961243,130.76604,101123.78,0.0,3.494013
2000-01-27 12:00:00,8.096405,0.19592285,89.53905,101122.81,0.0,2.3627632
2000-01-28 12:00:00,9.932892,0.12542725,126.28394,101147.016,2.0205645e-10,1.7418666
2000-01-29 12:00:00,12.827515,1.9158936,50.130432,101040.85,2.8285624e-06,1.4178232
2000-01-30 12:00:00,15.174744,5.308441,30.206776,100666.8,9.295736e-05,3.206195
2000-01-31 12:00:00,10.188141,0.5032654,137.8114,101625.38,0.0,3.5984435
2000-02-01 12:00:00,11.99176,2.5740356,139.58649,101824.27,0.0,2.9378362
2000-02-02 12:00:00,12.679443,1.6679993,97.15794,101491.84,5.6742625e-05,2.2483258
2000-02-03 12:00:00,13.570618,4.57666,145.99658,100738.75,3.4720175e-05,3.755492
2000-02-04 12:00:00,4.437042,-1.6690063,139.60773,102072.08,0.0,1.0586828
2000-02-05 12:00:00,14.237335,1.1893921,125.72764,100421.09,6.335479e-05,2.695661
2000-02-06 12:00:00,8.873322,0.19577026,65.35665,101705.94,2.0561504e-09,3.2326336
2000-02-07 12:00:00,0.9527283,-2.0221863,76.48682,101984.35,5.6122415e-05,3.5921721
2000-02-08 12:00:00,1.1547546,-1.7548828,125.77993,100818.61,0.00013253817,3.7937477
2000-02-09 12:00:00,4.4390564,-11.992676,160.29152,101290.14,0.0,1.8046567
2000-02-10 12:00:00,9.781586,-1.4378662,155.32996,101240.2,3.465344e-08,3.8566153
2000-02-11 12:00:00,6.7537537,-7.0299377,150.92021,101490.15,6.5943695e-08,4.465469
2000-02-12 12:00:00,-4.948944,-10.4999695,148.26083,102050.484,8.281018e-07,3.7342181
2000-02-13 12:00:00,8.001251,-10.199799,124.95991,102769.62,3.3873037e-06,1.019818
2000-02-14 12:00:00,11.509705,5.0085754,54.201538,102444.625,2.9436826e-05,3.6585467
2000-02-15 12:00:00,15.439636,10.820374,75.75632,102234.31,2.3443272e-05,3.2668107
2000-02-16 12:00:00,16.892822,11.512024,27.541592,101665.945,0.0003950219,1.9515159
2000-02-17 12:00:00,13.484955,6.4906616,62.346073,101684.45,2.026419e-05,0.5454236
2000-02-18 12:00:00,17.192993,10.715332,50.933098,101074.164,0.00013305404,2.7574644
2000-02-19 12:00:00,12.772125,1.9322205,158.7583,102096.6,8.533378e-08,1.310685
2000-02-20 12:00:00,17.285736,11.122223,100.01486,101255.67,4.7565718e-05,2.5908666
2000-02-21 12:00:00,15.066071,2.786316,182.31412,101461.46,4.679012e-06,4.0565534
2000-02-22 12:00:00,7.7251587,1.6229858,183.4522,101745.414,9.2440466e-08,3.4644537
2000-02-23 12:00:00,10.961792,-1.3265381,122.86743,101602.1,2.5325056e-07,2.4500697
2000-02-24 12:00:00,9.2933655,0.9668884,190.08354,101724.664,9.644737e-08,4.513611
2000-02-25 12:00:00,6.315399,-1.5542603,192.04292,102697.266,4.946983e-10,1.5472357
2000-02-26 12:00:00,9.8758545,-0.04522705,172.6841,102233.13,1.6789556e-08,1.8290641
2000-02-27 12:00:00,10.775513,1.7269897,190.10118,102154.5,6.725249e-07,1.5994266
2000-02-28 12:00:00,16.546295,6.535187,111.935585,101260.22,4.497973e-06,2.9886944
2000-02-29 12:00:00,,,,,,
2000-03-01 12:00:00,19.805145,13.499298,126.40858,100454.99,0.0,3.7031984
2000-03-02 12:00:00,19.19989,12.39035,119.10661,100060.25,1.0092829e-08,3.796415
2000-03-03 12:00:00,12.385712,4.1707764,207.23773,101754.75,0.0,3.1036415
2000-03-04 12:00:00,12.682098,1.5696106,124.90925,102081.414,2.3107179e-05,1.404643
2000-03-05 12:00:00,10.685638,3.9210205,209.17807,101345.664,1.1989846e-06,3.875803
2000-03-06 12:00:00,7.030945,-1.4310608,162.70638,102200.99,6.200029e-11,0.8698351
2000-03-07 12:00:00,10.548828,4.3349,36.31926,101056.63,0.00015747134,2.1565697
2000-03-08 12:00:00,13.30545,3.5829468,101.62607,100199.33,2.0664593e-05,2.6871865
2000-03-09 12:00:00,7.7072144,-0.31591797,223.16673,101963.016,0.0,3.4498272
2000-03-10 12:00:00,14.42865,1.0477295,216.92804,102426.375,0.0,2.1979773
2000-03-11 12:00:00,17.592194,4.8178406,160.55042,102712.06,1.2901116e-06,2.4745576
2000-03-12 12:00:00,17.732971,12.937622,80.58432,102082.16,6.702328e-05,3.35129
2000-03-13 12:00:00,17.059723,4.981415,185.58873,101779.18,0.0001746619,3.6820364
2000-03-14 12:00:00,4.9058228,-1.978363,237.41579,103455.02,0.0,1.8635895
2000-03-15 12:00:00,12.045807,2.0005188,57.358326,102104.71,4.159246e-05,1.9481344
2000-03-16 12:00:00,11.415283,4.7420654,232.7416,101724.9,6.3786295e-08,2.3340056
2000-03-17 12:00:00,8.173218,1.6533508,87.83557,102126.45,2.648463e-07,2.4405751
2000-03-18 12:00:00,11.235626,6.044098,103.15493,101754.7,3.6050815e-06,3.9250977
2000-03-19 12:00:00,13.0130005,6.0082397,195.33931,100880.03,1.7166278e-05,1.589329
2000-03-20 12:00:00,8.425568,1.062561,191.9692,101468.33,3.1937166e-06,3.5236745
2000-03-21 12:00:00,4.174774,-2.3697205,216.77905,100791.516,0.00024216063,4.272327
2000-03-22 12:00:00,4.7756653,-4.8346252,253.43254,101557.13,1.289542e-07,4.2443166
2000-03-23 12:00:00,2.7461243,-4.544647,262.8426,102382.3,1.3524411e-07,4.000735
2000-03-24 12:00:00,-1.0152588,-7.416931,125.84818,103355.836,3.9738507e-06,4.092467
2000-03-25 12:00:00,1.4400024,-7.259491,69.67824,102693.89,0.0005227449,8.26024
2000-03-26 12:00:00,11.219238,1.382721,192.86276,100148.61,0.000118339674,1.5837436
2000-03-27 12:00:00,8.607086,-1.691803,265.4242,101474.555,6.4538585e-07,4.46978
2000-03-28 12:00:00,13.145599,-0.42388916,264.02908,102395.74,0.0,1.9819446
2000-03-29 12:00:00,16.149597,0.826416,268.80887,102365.125,0.0,2.7902458
2000-03-30 12:00:00,18.546326,3.2432556,265.36368,102602.445,0.0,2.4038675
2000-03-31 12:00:00,19.374268,5.472595,268.72488,102665.234,0.0,2.5726628
2000-04-01 12:00:00,16.295868,7.6304016,246.52046,102792.89,0.0,0.832775
2000-04-02 12:00:00,14.87558,8.398315,72.23366,103090.4,5.352344e-06,2.3063405
2000-04-03 12:00:00,17.765442,12.167908,89.27949,102071.87,2.4759534e-05,3.0482605
2000-04-04 12:00:00,17.598877,10.561493,275.34946,101508.42,5.734003e-07,2.1055648
2000-04-05 12:00:00,14.246124,9.0,53.08914,100299.43,0.0002872931,1.1323764
2000-04-06 12:00:00,12.619354,11.150574,48.927452,99626.97,0.00018856811,4.0205383
2000-04-07 12:00:00,15.390259,11.20459,120.19185,99964.39,0.00021830351,2.9272418
2000-04-08 12:00:00,14.854858,8.308655,113.53999,98781.69,0.0001927977,0.30830073
2000-04-09 12:00:00,10.892334,5.624298,207.56363,99348.15,3.7804773e-06,4.948991
2000-04-10 12:00:00,12.693359,4.0000916,273.29016,100488.9,5.554988e-08,2.9202912
2000-04-11 12:00:00,13.494812,5.7970276,280.54355,100510.69,6.589661e-08,2.384849
2000-04-12 12:00:00,11.658508,2.400116,289.1879,100580.75,1.1798187e-08,2.8857956
2000-04-13 12:00:00,13.167847,3.9457703,279.20673,100668.72,3.6803112e-09,0.68981117
2000-04-14 12:00:00,10.209961,5.913269,95.4906,100589.805,1.740489e-05,3.3945475
2000-04-15 12:00:00,6.4868774,3.0888367,286.5147,101501.97,1.0223312e-05,4.0599527
2000-04-16 12:00:00,9.390076,-0.9788208,313.82126,102731.47,0.0,2.0914845
2000-04-17 12:00:00,15.0095215,1.2407532,309.57306,102539.59,0.0,1.9062309
2000-04-18 12:00:00,16.669373,5.9803467,115.239204,101689.54,1.5110669e-05,2.5897243
2000-04-19 12:00:00,20.460938,12.025696,302.55014,101537.89,4.908888e-06,2.9851854
2000-04-20 12:00:00,24.831238,10.707672,303.88742,101750.63,0.0,2.205572
2000-04-21 12:00:00,23.933533,12.999542,234.08627,101349.234,6.864274e-05,1.8650788
2000-04-22 12:00:00,17.854279,12.027161,105.93901,101136.49,0.00019575088,2.2748463
2000-04-23 12:00:00,14.772003,11.878174,223.59546,100607.16,0.00019602649,3.8088138
2000-04-24 12:00:00,14.88147,6.900116,286.6948,101248.16,6.427393e-08,1.737236
2000-04-25 12:00:00,13.997467,10.143463,72.8933,100281.08,0.00017214882,5.412015
2000-04-26 12:00:00,13.29248,7.2516785,79.964584,99387.84,0.0007722879,5.8812914
2000-04-27 12:00:00,15.496277,8.189819,309.33426,100456.79,9.521919e-06,4.3307924
2000-04-28 12:00:00,16.239655,7.3080444,314.27625,100983.266,0.0,1.2230394
2000-04-29 12:00:00,20.091583,10.961121,308.12317,100727.53,0.0,3.1162055
2000-04-30 12:00:00,18.866547,12.976044,321.39005,100389.016,6.118149e-05,3.5705855
2000-05-01 12:00:00,16.846405,6.713623,292.23285,101267.45,0.0,3.4805887
2000-05-02 12:00:00,17.999146,12.739441,324.7982,100935.34,1.0094619e-06,2.5825567
2000-05-03 12:00:00,14.634186,6.29303,312.68375,101324.29,0.0,2.5973907
2000-05-04 12:00:00,15.004517,6.274292,329.60507,101577.98,0.0,1.9068834
2000-05-05 12:00:00,17.26178,11.3394165,73.17843,100977.92,0.00025244782,2.1010716
2000-05-06 12:00:00,23.216522,10.853607,310.9881,100923.39,3.617572e-05,1.3843659
2000-05-07 12:00:00,15.935089,9.821503,119.06453,101435.16,1.7316599e-05,1.5585381
2000-05-08 12:00:00,15.258667,6.0531006,312.44836,101360.46,0.0,1.4505495
2000-05-09 12:00:00,18.44049,7.964569,288.4792,101035.98,1.5238743e-07,1.8880961
2000-05-10 12:00:00,14.604462,7.4570007,330.27005,101555.76,1.9546089e-05,2.188516
2000-05-11 12:00:00,15.743927,4.680908,338.00598,101709.48,0.0,1.8639152
2000-05-12 12:00:00,17.610504,11.905151,236.26862,101492.26,5.5500677e-06,1.8464465
2000-05-13 12:00:00,23.413513,11.76413,256.4555,100756.49,3.7062546e-05,1.9243617
2000-05-14 12:00:00,19.790344,10.273407,350.69235,100879.28,0.0,3.0643468
2000-05-15 12:00:00,15.738678,8.073059,79.20326,100637.52,0.00012555617,2.7619267
2000-05-16 12:00:00,17.070099,7.6550293,292.04626,100825.59,0.0,1.2699391
2000-05-17 12:00:00,18.418823,7.365204,351.43237,101267.19,0.0,0.5459479
2000-05-18 12:00:00,23.811584,8.687103,335.18283,101306.91,0.0,2.9641905
2000-05-19 12:00:00,25.05487,17.280426,166.38005,100605.375,0.00026424922,1.2691171
2000-05-20 12:00:00,19.261536,12.184662,349.5496,101446.86,0.0,1.8810589
2000-05-21 12:00:00,20.604706,9.346893,332.96466,101178.86,0.0,1.2115068
2000-05-22 12:00:00,18.477692,15.06488,295.62598,101132.695,0.0001406805,2.6178286
2000-05-23 12:00:00,15.868988,7.8894653,344.32162,102243.09,0.0,2.658617
2000-05-24 12:00:00,19.721436,8.103638,354.96237,102399.96,0.0,2.0876164
2000-05-25 12:00:00,24.879639,11.935089,344.54764,101944.43,0.0,3.382053
2000-05-26 12:00:00,28.207245,15.592194,344.7138,101574.79,0.0,3.29656
2000-05-27 12:00:00,29.74237,18.6362,327.12653,101365.72,2.6939926e-05,2.1504774
2000-05-28 12:00:00,21.420471,15.013519,114.499596,101914.516,1.9960233e-05,4.1052127
2000-05-29 12:00:00,20.704773,14.189026,119.282394,102130.125,1.05382305e-05,1.8752997
2000-05-30 12:00:00,29.377197,18.781738,299.71878,101080.414,7.371372e-05,1.8034855
2000-05-31 12:00:00,23.149506,17.908295,194.58768,100912.81,1.8208775e-05,0.88406223
2000-06-01 12:00:00,21.45932,16.371582,117.9088,100768.46,5.196872e-05,3.089182
2000-06-02 12:00:00,19.038818,15.197388,231.77965,100581.95,0.0003343623,4.223783
2000-06-03 12:00:00,22.965027,13.37439,356.03043,101625.55,0.0,0.5574024
2000-06-04 12:00:00,26.901947,15.075775,353.2187,101691.56,0.0,2.3478627
2000-06-05 12:00:00,28.103088,18.104095,352.01242,101466.52,0.0,3.3545856
2000-06-06 12:00:00,26.905426,17.909546,188.87347,100695.28,7.4484255e-05,3.4829378
2000-06-07 12:00:00,17.646515,10.964355,325.19547,101242.51,4.782404e-10,5.1787014
2000-06-08 12:00:00,21.234009,10.145752,368.81696,101688.14,4.0788862e-08,4.1383963
2000-06-09 12:00:00,26.244598,11.596222,345.4986,101228.02,0.0,3.1999512
2000-06-10 12:00:00,27.459137,20.963928,305.89114,100263.54,8.9483876e-07,3.189392
2000-06-11 12:00:00,23.620178,16.556671,189.93234,99828.086,0.00013479516,2.1693666
2000-06-12 12:00:00,20.109467,11.786774,363.6585,101694.38,1.5177932e-07,3.616839
2000-06-13 12:00:00,23.32785,10.865112,366.33398,102195.766,0.0,1.0268124
2000-06-14 12:00:00,24.800903,11.924072,342.06726,101750.01,2.4636284e-09,1.0754573
2000-06-15 12:00:00,24.894043,14.300232,296.2163,101489.73,0.0,2.0945883
2000-06-16 12:00:00,24.47702,15.965881,165.71709,101119.91,3.4171244e-06,0.47796717
2000-06-17 12:00:00,22.47644,17.12091,205.48035,101540.39,1.0105946e-05,2.63315
2000-06-18 12:00:00,28.90384,17.916138,276.60165,101563.984,2.677246e-05,2.6309822
2000-06-19 12:00:00,29.957336,16.8396,343.1006,101262.89,2.7124734e-05,1.2646344
2000-06-20 12:00:00,31.899323,19.73526,302.39957,100635.07,6.7340276e-05,1.4617699
2000-06-21 12:00:00,30.804535,20.845825,349.90012,100548.72,6.7048546e-05,1.9189185
2000-06-22 12:00:00,28.327057,18.625854,340.26172,101119.07,0.0,0.33369204
2000-06-23 12:00:00,26.591553,20.276672,221.90837,101007.69,6.628475e-05,1.564839
2000-06-24 12:00:00,24.940033,19.485748,88.876175,101174.03,4.50745e-05,3.2530086
2000-06-25 12:00:00,21.269562,17.322113,107.50727,101488.94,5.3401298e-05,3.3249595
2000-06-26 12:00:00,22.43811,18.84961,94.53065,101729.805,3.842129e-05,2.703652
2000-06-27 12:00:00,26.306824,21.570953,173.85844,101568.41,4.8064458e-06,2.6960618
2000-06-28 12:00:00,27.750305,21.156372,190.71667,101247.63,0.00028346962,1.1395025
2000-06-29 12:00:00,23.7323,19.568268,173.99173,101728.055,1.44312e-06,1.9375077
2000-06-30 12:00:00,22.344116,19.488678,87.72821,102100.305,9.5295625e-05,3.2344384
2000-07-01 12:00:00,21.412933,19.606354,93.908035,101943.14,0.00016486795,3.2619472
2000-07-02 12:00:00,25.211487,18.867523,292.41977,101647.78,2.0357713e-06,1.7324466
2000-07-03 12:00:00,28.661438,20.741302,332.08334,101412.82,0.0,0.9342413
2000-07-04 12:00:00,28.227692,19.612976,316.89536,101623.6,2.1538003e-06,0.7308349
2000-07-05 12:00:00,29.613678,22.17517,327.59238,101467.26,4.8583046e-05,1.503839
2000-07-06 12:00:00,30.062866,20.591095,345.2725,101282.46,0.0,2.5794537
2000-07-07 12:00:00,35.193237,23.85611,333.96393,100856.2,0.0,3.5658426
2000-07-08 12:00:00,34.913086,23.746338,312.13074,100494.195,0.00010832339,1.5757264
2000-07-09 12:00:00,27.239105,21.986206,318.7067,100862.79,3.4984536e-05,1.8018726
2000-07-10 12:00:00,27.43042,18.037567,314.23334,101110.52,0.0,1.4696012
2000-07-11 12:00:00,27.446106,18.921234,288.618,101050.75,0.0,3.0036726
2000-07-12 12:00:00,28.821594,22.248566,146.19057,100309.0,3.0355539e-05,2.2925582
2000-07-13 12:00:00,29.996552,21.498474,342.944,100698.8,0.0,2.4272344
2000-07-14 12:00:00,28.1109,19.980927,305.14102,101449.18,0.0,2.1519735
2000-07-15 12:00:00,27.366974,17.47586,198.25963,102032.4,7.722833e-06,2.561225
2000-07-16 12:00:00,23.919373,21.627441,58.260944,101708.234,0.0002611956,3.4275954
2000-07-17 12:00:00,32.003204,23.12616,331.2843,100931.84,5.928948e-07,2.030926
2000-07-18 12:00:00,33.1315,24.660248,314.16415,100327.53,8.6021486e-05,2.5901551
2000-07-19 12:00:00,28.23413,20.337494,324.22916,100846.92,7.741961e-06,1.760974
2000-07-20 12:00:00,29.955566,20.695038,341.066,101363.94,0.0,0.5050495
2000-07-21 12:00:00,31.102936,20.642761,260.82785,101266.76,0.0,2.799404
2000-07-22 12:00:00,31.88742,23.92929,282.4071,101254.18,6.0588695e-06,3.3407576
2000-07-23 12:00:00,34.44171,23.638885,296.09778,101579.6,3.445285e-05,2.5652544
2000-07-24 12:00:00,37.049988,24.125946,306.63892,101369.58,0.00014508457,2.6805627
2000-07-25 12:00:00,30.539276,23.076355,323.67795,101297.336,1.6682923e-05,1.1793361
2000-07-26 12:00:00,27.438477,19.275085,337.1233,101569.17,0.0,1.8608575
2000-07-27 12:00:00,31.89264,20.137238,290.56876,101205.125,3.3142978e-06,2.2460582
2000-07-28 12:00:00,30.365387,23.389557,216.73755,101069.0,0.00012674619,2.4161053
2000-07-29 12:00:00,28.404541,20.53659,278.0756,100807.93,0.0002692741,1.4114201
2000-07-30 12:00:00,28.58023,20.42041,318.7591,101005.49,0.00028822682,1.5243491
2000-07-31 12:00:00,30.695587,21.88565,320.293,101161.73,0.0,1.936101
2000-08-01 12:00:00,29.98883,21.771667,222.57124,101091.29,1.1996597e-05,2.5047753
2000-08-02 12:00:00,32.067596,23.17575,314.22296,100491.73,1.573563e-05,2.1722586
2000-08-03 12:00:00,30.026093,20.396942,304.5408,100580.31,1.6948152e-05,2.320818
2000-08-04 12:00:00,28.089264,20.670502,272.37115,100898.055,1.5964953e-06,1.0534836
2000-08-05 12:00:00,28.445953,19.967224,297.29028,101063.65,0.0,1.2072941
2000-08-06 12:00:00,29.124939,22.960236,228.7737,101197.4,0.0,0.6486103
2000-08-07 12:00:00,25.891968,20.80542,92.96437,101415.51,1.0056776e-05,1.9478825
2000-08-08 12:00:00,21.746826,18.352325,119.746185,101342.87,0.00014281811,3.437632
2000-08-09 12:00:00,27.668884,17.766937,282.59598,101520.87,7.3778365e-06,1.4510167
2000-08-10 12:00:00,26.105164,20.333435,182.66437,101295.06,2.2488432e-05,2.683736
2000-08-11 12:00:00,26.659912,21.804321,157.86949,101033.766,0.00027801446,2.806689
2000-08-12 12:00:00,25.209015,20.275787,203.64108,101278.336,0.0002843065,2.424445
2000-08-13 12:00:00,24.749298,21.081451,162.12805,101634.29,1.8444116e-06,2.3360758
2000-08-14 12:00:00,24.620453,21.37201,132.45642,101508.414,4.900212e-05,1.2672994
2000-08-15 12:00:00,25.515533,19.481567,224.00691,101509.61,3.0788135e-05,0.41691235
2000-08-16 12:00:00,24.787384,20.910583,115.495285,101388.01,7.797148e-06,1.5772147
2000-08-17 12:00:00,26.250458,20.166992,219.17303,101266.414,8.0002086e-05,1.3694898
2000-08-18 12:00:00,26.918,19.192535,294.91025,101227.484,3.1862415e-05,0.9962603
2000-08-19 12:00:00,25.840485,20.000732,270.9224,101497.0,9.499735e-06,0.8590843
2000-08-20 12:00:00,27.277039,21.28415,260.51917,101471.07,1.240474e-06,2.453901
2000-08-21 12:00:00,27.756348,23.104858,278.6235,101008.29,6.99773e-07,2.0981667
2000-08-22 12:00:00,26.989716,18.177612,279.0385,101111.1,6.3186603e-09,2.4697795
2000-08-23 12:00:00,27.533173,16.504913,300.4166,101431.016,0.0,1.5019777
2000-08-24 12:00:00,29.478912,20.01239,285.53882,101002.06,6.1828985e-08,1.8257614
2000-08-25 12:00:00,26.667603,16.442566,293.33997,101562.39,0.0,2.3068373
2000-08-26 12:00:00,28.215271,15.850494,239.7993,101141.05,2.4783937e-08,2.0324585
2000-08-27 12:00:00,29.196991,22.434845,265.43463,100479.39,6.3810425e-05,1.9801737
2000-08-28 12:00:00,23.9404,15.956299,229.38695,101357.97,0.0,3.0699894
2000-08-29 12:00:00,25.866608,13.645264,228.8905,101637.05,0.0,1.2343382
2000-08-30 12:00:00,27.44159,15.450409,285.86255,101533.11,0.0,0.58175886
2000-08-31 12:00:00,28.599915,14.524506,272.9252,101435.23,0.0,1.6598717
2000-09-01 12:00:00,29.101837,17.790588,274.91284,101264.77,0.0,3.5013304
2000-09-02 12:00:00,28.58847,21.878906,144.50357,101034.414,3.148942e-06,2.253254
2000-09-03 12:00:00,28.222046,20.869202,178.61858,101019.21,0.00012137524,1.0202489
2000-09-04 12:00:00,21.430481,19.251068,63.22845,100596.9,0.00023390955,1.3710809
2000-09-05 12:00:00,19.240875,16.00705,136.69763,101275.25,2.977889e-06,4.130528
2000-09-06 12:00:00,20.122864,12.796997,276.2492,101786.03,0.0,2.2153933
2000-09-07 12:00:00,21.197998,14.268036,233.33978,102136.39,0.0,2.962581
2000-09-08 12:00:00,20.221436,17.099915,62.310658,102218.78,8.178182e-05,4.086901
2000-09-09 12:00:00,26.76831,17.340607,261.10953,101721.195,4.191798e-06,2.5322466
2000-09-10 12:00:00,25.841736,18.855652,263.34348,101391.96,0.0,1.7557808
2000-09-11 12:00:00,27.595459,17.96576,174.79326,100773.7,1.5704662e-06,1.9914359
2000-09-12 12:00:00,23.916107,14.6371765,259.2566,100817.79,8.604543e-08,2.5984032
2000-09-13 12:00:00,23.432434,13.258453,216.7267,100887.5,3.1272557e-05,1.2512721
2000-09-14 12:00:00,20.879822,12.307526,254.77565,101398.805,4.0789403e-09,2.3241563
2000-09-15 12:00:00,25.959381,13.810699,240.42744,101605.055,0.0,1.5921158
2000-09-16 12:00:00,30.726532,21.022797,234.73738,101096.55,1.4110933e-05,2.5786345
2000-09-17 12:00:00,23.71582,15.447754,234.70251,101535.92,4.6150177e-05,1.4127136
2000-09-18 12:00:00,21.216736,16.743225,181.50113,101780.99,0.0,1.6539114
2000-09-19 12:00:00,19.881134,11.901276,192.14738,102186.99,2.6212886e-08,2.0765483
2000-09-20 12:00:00,19.301727,12.491852,125.793976,102231.0,0.0,2.0427067
2000-09-21 12:00:00,17.048828,14.254822,47.132923,102273.87,0.00010950621,2.2018778
2000-09-22 12:00:00,23.854095,16.502563,120.138466,101312.53,0.00010211013,2.6455114
2000-09-23 12:00:00,21.911743,16.214874,228.07161,101280.09,4.8573263e-05,2.3185484
2000-09-24 12:00:00,20.008453,11.951447,231.87245,101738.66,0.0,1.4761171
2000-09-25 12:00:00,21.366272,12.128723,229.54141,101848.91,0.0,1.4491272
2000-09-26 12:00:00,21.14029,11.901764,208.44789,101893.445,1.6411788e-07,2.2363439
2000-09-27 12:00:00,22.583466,14.231659,157.86272,101762.22,7.834221e-06,1.968967
2000-09-28 12:00:00,22.818054,16.086395,175.77876,101550.29,2.1389687e-06,1.2816964
2000-09-29 12:00:00,22.515411,18.710907,87.09293,100935.375,0.000114142305,2.571071
2000-09-30 12:00:00,20.480133,17.380157,118.98384,101198.49,4.0782572e-05,1.1104124
2000-10-01 12:00:00,18.463074,13.098145,184.45187,101972.414,1.466086e-08,2.7705798
2000-10-02 12:00:00,17.068909,8.290894,218.74873,102499.54,0.0,1.4813987
2000-10-03 12:00:00,21.62558,10.32489,208.94145,101919.08,0.0,2.8073733
2000-10-04 12:00:00,18.763641,12.240295,215.71951,101809.23,3.4557274e-06,3.093148
2000-10-05 12:00:00,14.781494,7.1960144,207.91406,102540.414,1.0687012e-10,2.318096
2000-10-06 12:00:00,19.476898,10.151642,149.82849,102556.234,2.5061175e-07,2.7456465
2000-10-07 12:00:00,17.146454,14.5694275,21.107916,101869.734,0.00046271144,4.4359274
2000-10-08 12:00:00,21.97937,14.156799,196.8749,101545.49,1.0187451e-07,3.663901
2000-10-09 12:00:00,18.58136,13.168304,192.12146,102441.484,0.0,2.2662227
2000-10-10 12:00:00,17.241058,8.477509,200.0663,102676.484,0.0,0.6909662
2000-10-11 12:00:00,19.99118,9.411835,194.19649,101959.016,0.0,1.8986669
2000-10-12 12:00:00,18.285126,11.667999,132.46503,101979.586,6.632513e-07,1.6600013
2000-10-13 12:00:00,19.925781,13.748535,159.81099,101810.05,1.1057797e-06,1.5131172
2000-10-14 12:00:00,22.371887,11.367859,181.25388,101353.195,9.284645e-08,2.1935225
2000-10-15 12:00:00,23.076904,15.860809,101.036545,100942.8,1.3843768e-07,2.3353388
2000-10-16 12:00:00,21.221466,12.888153,143.61786,100709.23,7.819222e-07,2.359741
2000-10-17 12:00:00,15.070831,9.04422,169.74628,100919.02,1.3675076e-07,5.0786815
2000-10-18 12:00:00,14.5065,6.7678223,171.46953,101718.23,0.0,3.2611322
2000-10-19 12:00:00,17.360535,5.478607,177.52026,102571.375,0.0,0.76828194
2000-10-20 12:00:00,18.622192,6.426117,175.5385,103168.42,0.0,1.7332511
2000-10-21 12:00:00,20.094055,8.446533,172.70805,103050.59,0.0,2.084715
2000-10-22 12:00:00,21.13446,9.356232,156.93877,102089.36,0.0,2.7398946
2000-10-23 12:00:00,18.046082,6.2639465,162.33725,100581.86,0.00021701636,4.3997746
2000-10-24 12:00:00,11.411499,4.33902,173.53452,101611.02,0.0,4.2453494
2000-10-25 12:00:00,12.806183,2.5548706,170.27057,102320.83,0.0,2.5048482
2000-10-26 12:00:00,16.200195,5.2835083,163.79274,101729.3,0.0,3.2575758
2000-10-27 12:00:00,13.560394,6.8606567,165.78014,102113.14,0.0,3.0250742
2000-10-28 12:00:00,14.222321,2.4914856,160.99863,102956.01,0.0,1.182715
2000-10-29 12:00:00,18.102875,7.4406433,106.31443,102570.81,9.0752695e-07,2.290321
2000-10-30 12:00:00,20.807617,11.178711,133.09703,102102.516,1.4493135e-08,2.1606634
2000-10-31 12:00:00,20.657104,13.68866,72.870186,101714.445,1.0588885e-06,2.779347
2000-11-01 12:00:00,21.179993,19.554108,50.23378,100953.664,8.132551e-06,4.2989874
2000-11-02 12:00:00,20.661255,11.679901,113.29851,101382.27,0.0,3.4459295
2000-11-03 12:00:00,12.467438,7.804657,22.666952,101807.81,0.00013337765,1.8708329
2000-11-04 12:00:00,17.187592,8.354736,21.72367,101200.055,0.00015349349,3.5345447
2000-11-05 12:00:00,19.100098,14.519806,74.59599,100602.63,0.00013216371,0.14452742
2000-11-06 12:00:00,17.51706,13.076569,23.454748,100197.62,0.0002571505,5.0213714
2000-11-07 12:00:00,18.43869,8.144531,127.65333,99913.875,7.765477e-06,6.5645943
2000-11-08 12:00:00,13.284027,6.8447266,139.58429,101707.34,5.0395084e-09,3.715488
2000-11-09 12:00:00,12.05246,4.1650696,139.9324,102251.79,0.0,2.811862
2000-11-10 12:00:00,9.273682,3.3357544,132.23146,102193.62,0.0,2.4333901
2000-11-11 12:00:00,10.177429,3.8882751,52.940712,102028.64,1.1749292e-05,2.684963
2000-11-12 12:00:00,16.541443,10.19278,13.948277,100992.99,0.00068602763,5.487488
2000-11-13 12:00:00,15.468262,11.579376,47.620712,100294.164,3.667328e-05,3.0108414
2000-11-14 12:00:00,12.16507,8.026428,123.27239,101130.84,9.454109e-07,3.4997816
2000-11-15 12:00:00,11.481049,6.7965393,57.299263,100544.77,1.579513e-05,0.69240177
2000-11-16 12:00:00,8.671814,5.339508,120.96876,100049.67,7.152042e-07,3.783723
2000-11-17 12:00:00,8.383362,5.033661,111.072624,99975.46,2.2533663e-06,4.859632
2000-11-18 12:00:00,7.6946716,3.3008118,88.36399,100260.805,3.1731208e-06,1.884905
2000-11-19 12:00:00,6.0190735,4.0186157,59.3117,99534.87,8.008274e-05,4.5919385
2000-11-20 12:00:00,4.4612427,0.80075073,118.32676,99741.69,1.4989747e-06,5.258118
2000-11-21 12:00:00,4.0577087,0.49206543,113.95209,100116.63,7.459201e-07,5.05976
2000-11-22 12:00:00,4.6119385,-0.5319214,122.81554,101299.91,5.5408314e-08,3.8932092
2000-11-23 12:00:00,4.5825195,-2.2861023,116.14116,102347.9,0.0,2.0465927
2000-11-24 12:00:00,16.50296,0.7743225,10.418176,101326.836,0.00047967414,3.7995892
2000-11-25 12:00:00,16.708832,10.007996,85.44747,100156.37,1.5365327e-05,4.2348433
2000-11-26 12:00:00,9.843933,4.5685425,115.48582,101220.68,7.676365e-09,3.8286185
2000-11-27 12:00:00,7.5560303,2.677185,90.845795,100957.28,1.2407289e-05,1.8886236
2000-11-28 12:00:00,5.3685303,1.2326355,115.5279,101308.91,3.379261e-08,3.5339305
2000-11-29 12:00:00,6.003784,0.263031,107.23238,101804.18,3.5566208e-07,1.0568838
2000-11-30 12:00:00,9.336639,1.6289673,25.746626,101726.22,0.00015255714,1.943883
2000-12-01 12:00:00,8.060425,3.2580566,107.50498,100537.71,1.2282732e-05,2.963329
2000-12-02 12:00:00,10.805664,5.166748,109.94219,100288.15,4.5801877e-07,4.1105146
2000-12-03 12:00:00,13.939911,5.682068,105.99254,100909.12,0.0,3.052107
2000-12-04 12:00:00,13.572937,5.2469482,101.74944,101368.945,0.0,1.8767354
2000-12-05 12:00:00,16.573517,9.350403,50.943798,100786.42,9.590608e-06,3.268314
2000-12-06 12:00:00,14.439178,4.5300293,107.90905,101541.35,0.0,3.2337563
2000-12-07 12:00:00,5.679901,-1.2675171,103.81631,102658.055,0.0,2.336474
2000-12-08 12:00:00,9.94458,1.1834412,88.019966,102286.32,4.35913e-07,3.4227216
2000-12-09 12:00:00,16.787567,9.877777,91.243996,100812.414,0.00032226302,1.862872
2000-12-10 12:00:00,12.218811,5.238312,103.64362,101128.84,0.0,2.790945
2000-12-11 12:00:00,7.291046,0.5438843,101.246376,101326.12,0.0,2.772477
2000-12-12 12:00:00,5.538452,-0.96325684,103.05472,101254.484,4.084582e-07,3.0682137
2000-12-13 12:00:00,5.5642395,-0.24356079,93.38063,101641.13,1.0203673e-09,3.3532722
2000-12-14 12:00:00,5.524353,-1.1113586,101.09689,102620.96,0.0,2.5038629
2000-12-15 12:00:00,10.913605,-0.110076904,53.643932,102257.58,6.360318e-05,1.1928717
2000-12-16 12:00:00,15.794952,7.4529114,99.12896,100580.53,0.00012162608,3.3728907
2000-12-17 12:00:00,7.4271545,2.7447815,100.36345,101574.875,1.18776846e-07,3.4697213
2000-12-18 12:00:00,2.9846497,-2.534027,106.267685,102980.12,0.0,3.3730006
2000-12-19 12:00:00,4.6351013,-2.4260864,102.13884,103294.82,0.0,1.4321647
2000-12-20 12:00:00,8.0651245,0.57662964,98.67672,103398.75,4.3740185e-09,1.3178502
2000-12-21 12:00:00,14.137451,1.9110413,79.84291,102990.336,2.2519262e-05,1.4701296
2000-12-22 12:00:00,16.27893,12.627563,37.484306,102802.914,2.6235126e-05,2.9232082
2000-12-23 12:00:00,14.920532,9.809937,45.291164,102413.6,0.00025049236,2.0876594
2000-12-24 12:00:00,17.26828,7.934021,45.720535,101357.516,0.0005819229,2.4365706
2000-12-25 12:00:00,9.724396,2.776947,104.0105,102487.164,0.0,1.2027674
2000-12-26 12:00:00,12.03714,3.335022,100.000206,101360.086,1.1456268e-09,1.1791971
2000-12-27 12:00:00,7.1077576,2.4407349,92.26915,100833.29,0.0,2.9526873
2000-12-28 12:00:00,3.161255,-2.0696716,97.04423,101788.664,0.0,1.5621067
2000-12-29 12:00:00,4.67572,0.15274048,57.75484,101672.58,0.0,1.8087202
2000-12-30 12:00:00,3.883789,-1.8415527,94.34552,101593.65,7.784668e-09,3.1078277
2000-12-31 12:00:00,3.351715,-0.51708984,102.320984,101692.336,1.0134664e-07,3.7977955
2001-01-01 12:00:00,7.1851807,-0.20306396,93.84456,101278.0,1.1643568e-06,3.0379033
2001-01-02 12:00:00,3.7915344,-0.2859192,104.39024,101890.84,1.5980195e-08,2.9862363
2001-01-03 12:00:00,0.99139404,-2.3484802,107.44832,102584.93,0.0,2.9299347
2001-01-04 12:00:00,3.0931091,-1.7882996,66.237564,102877.97,2.0873663e-06,3.1167393
2001-01-05 12:00:00,13.826477,2.9423523,15.205206,102124.96,0.000106867024,3.618694
2001-01-06 12:00:00,15.85611,11.417206,58.4687,101008.164,0.00026914012,3.9536386
2001-01-07 12:00:00,11.346985,0.3843689,109.09617,101835.48,3.768302e-07,3.4193141
2001-01-08 12:00:00,2.1362915,-2.1733398,106.39334,102098.15,1.1456268e-09,2.5036085
2001-01-09 12:00:00,0.5923767,-1.8132019,43.569286,101640.83,6.9662626e-08,1.7452352
2001-01-10 12:00:00,-0.14141846,-2.8711853,114.873,102170.96,0.0,2.7389975
2001-01-11 12:00:00,3.664795,-2.7140808,106.25131,102110.98,4.6221518e-07,1.1875341
2001-01-12 12:00:00,3.175354,-1.0609131,68.91538,100778.46,7.372842e-07,1.8262203
2001-01-13 12:00:00,1.4534912,-2.211975,115.8172,99409.56,1.0434968e-06,3.2193115
2001-01-14 12:00:00,1.258606,-9.596497,120.64432,100101.02,6.8061564e-07,6.411944
2001-01-15 12:00:00,-2.4564514,-8.436951,117.332565,100851.484,1.7912746e-06,3.6155093
2001-01-16 12:00:00,-3.0888367,-9.304108,68.481995,100916.39,2.9486596e-08,3.2454176
2001-01-17 12:00:00,-2.0561829,-8.786957,118.03405,101547.24,0.0,3.603518
2001-01-18 12:00:00,-0.28512573,-7.065613,31.839777,100773.234,0.00013831987,1.4769713
2001-01-19 12:00:00,-1.0456238,-6.6656494,126.451126,100395.97,4.94359e-05,4.834257
2001-01-20 12:00:00,5.010956,-12.920013,59.51497,101404.35,7.835998e-05,2.820674
2001-01-21 12:00:00,11.436462,3.2427979,105.09339,98521.336,0.0004889242,1.1195197
2001-01-22 12:00:00,3.1540833,-2.8446655,127.68524,100029.13,9.736102e-07,6.5908732
2001-01-23 12:00:00,-2.6846924,-5.5963745,59.41276,100742.92,3.8624767e-06,4.2446856
2001-01-24 12:00:00,-3.6791077,-7.4439087,119.06313,100670.664,1.9436492e-07,5.767091
2001-01-25 12:00:00,-1.6486511,-4.987915,102.259186,100681.61,0.0,6.94395
2001-01-26 12:00:00,-0.8657837,-6.197815,133.15901,101358.42,1.494737e-08,4.2696114
2001-01-27 12:00:00,-2.6011353,-8.09314,134.01144,101069.64,1.7024145e-07,5.400382
2001-01-28 12:00:00,-1.8010864,-4.852234,96.61034,101107.33,1.5399468e-07,5.7400913
2001-01-29 12:00:00,-0.32034302,-6.051819,140.95375,101375.24,8.40902e-08,4.598824
2001-01-30 12:00:00,1.1497498,-6.6861267,42.20292,100363.445,0.00016530161,5.772985
2001-01-31 12:00:00,1.4052124,-4.46286,123.79961,98542.4,0.00010142305,6.025276
2001-02-01 12:00:00,-4.117523,-9.442871,147.54715,100835.49,6.5944863e-09,4.23792
2001-02-02 12:00:00,-1.4175415,-15.060944,138.05203,101875.516,7.2926554e-08,1.1308718
2001-02-03 12:00:00,6.5174255,-4.597595,140.7968,102120.32,8.1952334e-07,1.1252921
2001-02-04 12:00:00,5.6419983,-8.381683,146.78528,102300.0,1.1322272e-07,0.9942666
2001-02-05 12:00:00,10.1085205,-6.643982,131.46944,101863.86,0.0,1.3963368
2001-02-06 12:00:00,10.275726,-3.0563965,147.83197,101647.836,0.0,1.1920474
2001-02-07 12:00:00,10.429962,-1.6670227,62.13881,101355.164,2.4054068e-06,1.5243981
2001-02-08 12:00:00,8.318237,1.2573547,152.94722,100697.77,1.1007832e-05,3.4903643
2001-02-09 12:00:00,5.1873474,-3.991211,123.84378,100848.83,3.2487594e-07,4.6223974
2001-02-10 12:00:00,-2.8109436,-8.396576,165.82513,102425.6,0.0,3.7814765
2001-02-11 12:00:00,9.438416,-6.644043,102.24995,102406.07,0.0,2.8519657
2001-02-12 12:00:00,13.19165,6.6883545,37.58842,100343.57,0.0005677186,0.88248736
2001-02-13 12:00:00,13.593323,4.27124,157.79832,99486.22,0.0,3.0202358
2001-02-14 12:00:00,8.196045,-0.24832153,157.18279,100828.09,1.3842838e-07,1.5279824
2001-02-15 12:00:00,11.307526,2.7963867,28.523445,100689.88,0.0003769485,3.4505844
2001-02-16 12:00:00,14.57312,4.38797,107.76466,97956.055,0.000436865,3.6095805
2001-02-17 12:00:00,5.548218,1.9214783,176.67365,100959.72,1.3041263e-07,5.885695
2001-02-18 12:00:00,5.5641174,-1.4885254,177.14458,102898.98,0.0,1.5972004
2001-02-19 12:00:00,12.895172,0.5137634,168.67256,102398.62,0.0,2.164399
2001-02-20 12:00:00,14.327911,4.609497,106.72342,101794.74,9.566683e-06,2.923513
2001-02-21 12:00:00,14.891663,4.984375,37.39295,100732.21,0.00029001184,4.6869555
2001-02-22 12:00:00,5.086609,0.43899536,158.68716,100791.625,9.070867e-07,3.6466117
2001-02-23 12:00:00,9.162506,0.35076904,186.82771,101713.445,9.953711e-09,2.87765
2001-02-24 12:00:00,16.253387,1.6923523,182.26587,101185.45,0.0,2.4985216
2001-02-25 12:00:00,13.422028,6.102173,122.59119,101138.35,1.943942e-06,1.0237044
2001-02-26 12:00:00,6.05249,0.39840698,84.965126,101766.734,0.00014141643,5.967409
2001-02-27 12:00:00,11.996643,1.3871155,60.80625,100442.78,0.00019186329,1.538231
2001-02-28 12:00:00,6.413269,0.7555237,203.431,101013.07,3.7566417e-07,5.772816
2001-03-01 12:00:00,13.331482,-4.1943665,197.09563,102063.52,0.0,1.263801
2001-03-02 12:00:00,13.841583,2.4924316,83.334206,101593.28,0.00017377727,3.3334396
2001-03-03 12:00:00,17.546997,11.221069,134.55547,100522.164,0.00011579204,5.3352847
2001-03-04 12:00:00,11.125488,3.7826843,108.168106,102307.16,0.0,2.7406008
2001-03-05 12:00:00,13.108795,3.0308533,36.425365,102386.56,0.00016607688,3.4824283
2001-03-06 12:00:00,16.887299,7.5382996,207.77275,100831.77,0.00014908818,5.152388
2001-03-07 12:00:00,8.423859,0.48388672,217.86203,102362.64,0.0,3.161413
2001-03-08 12:00:00,11.091888,-0.07897949,200.26755,102293.19,9.37693e-09,1.7097175
2001-03-09 12:00:00,14.299622,6.0660095,194.00528,100707.48,4.656496e-06,1.8650794
2001-03-10 12:00:00,11.141235,-1.4824524,221.05135,101087.9,3.7707462e-06,4.627699
2001-03-11 12:00:00,5.431732,-2.6356812,229.70494,101749.766,0.0,2.8550553
2001-03-12 12:00:00,10.761688,-1.3038635,219.91307,101984.055,0.0,2.4952242
2001-03-13 12:00:00,14.01886,6.5712585,123.539345,101032.04,2.7795893e-05,3.8423872
2001-03-14 12:00:00,13.23584,1.975769,222.27635,100461.69,2.2167234e-05,3.0358217
2001-03-15 12:00:00,2.8825684,-2.9532776,240.32356,102613.336,0.0,2.3411827
2001-03-16 12:00:00,11.741272,-0.75341797,97.4553,102604.0,3.2581559e-06,2.543923
2001-03-17 12:00:00,15.787659,11.489716,77.041954,100694.89,0.00017363975,5.4100947
2001-03-18 12:00:00,12.304352,4.5549316,140.95648,100964.586,2.4410015e-06,2.5760775
2001-03-19 12:00:00,6.303467,1.111206,233.58133,101352.18,1.03101016e-07,3.7446208
2001-03-20 12:00:00,7.175598,-1.2860413,247.92326,102556.87,1.5526759e-07,0.70992357
2001-03-21 12:00:00,15.651276,6.153656,190.85094,101742.33,0.0,4.7680764
2001-03-22 12:00:00,15.869049,6.8841553,60.871696,99409.22,0.00034435504,4.6341395
2001-03-23 12:00:00,6.5348816,-6.051178,257.92892,99459.66,6.269205e-05,6.303503
2001-03-24 12:00:00,2.6331787,-9.448944,263.0947,101595.695,0.0,1.0409197
2001-03-25 12:00:00,11.9800415,-3.3384094,43.340446,102027.555,0.00016874593,3.034908
2001-03-26 12:00:00,14.069794,9.57077,43.501484,101134.29,0.00036389852,1.4773611
2001-03-27 12:00:00,12.746826,5.4524536,118.34054,101366.6,0.000868797,3.5049937
2001-03-28 12:00:00,14.244263,5.2490234,54.891064,101896.305,7.485997e-05,4.014405
2001-03-29 12:00:00,18.777588,14.237732,174.09192,100572.04,0.00028910188,2.268361
2001-03-30 12:00:00,15.097168,7.254181,62.615757,100991.65,0.0001113696,1.8320081
2001-03-31 12:00:00,7.284729,4.9759827,44.94416,100602.516,0.00019335821,3.5894368
2001-04-01 12:00:00,8.491425,2.8745117,270.0853,100967.414,3.4448257e-07,2.338934
2001-04-02 12:00:00,11.0224,1.463562,249.65794,101392.516,0.0,1.423816
2001-04-03 12:00:00,15.727051,5.0338745,202.37488,100907.62,0.0,2.4737473
2001-04-04 12:00:00,12.887085,2.4680176,285.1263,101372.94,0.0,3.0309422
2001-04-05 12:00:00,14.488861,1.3198547,278.47046,101551.66,0.0,3.6383736
2001-04-06 12:00:00,17.759369,7.113861,271.54193,101578.38,0.0,3.5753455
2001-04-07 12:00:00,15.65271,5.083618,265.757,102018.64,0.0,2.5838225
2001-04-08 12:00:00,5.480896,-2.4094543,297.81818,102970.17,0.0,2.9294524
2001-04-09 12:00:00,9.688385,-1.5471497,278.66476,102908.01,0.0,0.58678687
2001-04-10 12:00:00,19.957855,4.6405945,254.25636,102480.14,8.3837236e-08,2.9302337
2001-04-11 12:00:00,23.551697,14.159637,263.3542,102680.95,0.0,3.3809323
2001-04-12 12:00:00,22.733276,13.065216,270.83627,102845.62,2.3681523e-05,0.8902901
2001-04-13 12:00:00,24.42038,13.550049,251.4174,102177.35,0.0,2.6320124
2001-04-14 12:00:00,23.079346,17.300873,180.44641,100513.72,1.0945543e-05,4.7280207
2001-04-15 12:00:00,17.575165,5.288727,311.33884,100326.67,5.9276868e-08,6.4810667
2001-04-16 12:00:00,5.735779,0.045928955,317.87158,101013.125,0.0,6.2532697
2001-04-17 12:00:00,12.780548,-1.2714233,310.7741,101651.15,0.0,0.31522357
2001-04-18 12:00:00,20.210297,10.81662,231.7899,101166.6,1.2480812e-07,3.551925
2001-04-19 12:00:00,24.465515,16.990051,235.08614,100465.69,0.0,3.7257638
2001-04-20 12:00:00,19.729523,12.479523,101.60656,101218.8,4.656725e-05,4.2549086
2001-04-21 12:00:00,17.92627,13.825928,233.21692,100834.49,0.00020057516,1.3696705
2001-04-22 12:00:00,17.198212,10.351959,307.07745,101547.734,7.251217e-07,2.0824325
2001-04-23 12:00:00,17.39627,7.137665,316.98264,101891.2,0.0,0.6465706
2001-04-24 12:00:00,17.836823,7.021576,302.25003,101778.336,5.981598e-07,1.7254256
2001-04-25 12:00:00,16.081238,10.1362915,313.28592,101574.266,6.7962374e-06,2.753244
2001-04-26 12:00:00,14.880188,5.6522827,321.6468,101786.24,0.0,3.686589
2001-04-27 12:00:00,15.658356,5.69281,330.35486,101692.28,0.0,4.024442
2001-04-28 12:00:00,16.948853,3.8924255,332.30295,102067.445,0.0,1.3903661
2001-04-29 12:00:00,20.86554,9.217468,177.70825,101761.37,2.6812178e-05,2.328741
2001-04-30 12:00:00,26.216034,17.485687,285.99268,101231.37,0.0,3.3454826
2001-05-01 12:00:00,28.115326,14.140839,318.7158,101406.15,0.0,1.6458725
2001-05-02 12:00:00,26.352448,15.654846,258.97522,101271.61,2.6451917e-05,2.699034
2001-05-03 12:00:00,25.9534,16.622833,242.64601,100454.37,4.4793796e-05,1.3248391
2001-05-04 12:00:00,23.694,15.341156,323.9037,100752.586,0.0,0.84570694
2001-05-05 12:00:00,21.02771,13.915924,99.158646,100495.33,3.5192967e-05,2.5466032
2001-05-06 12:00:00,24.757141,17.239594,292.96057,99824.086,1.928641e-06,3.0946362
2001-05-07 12:00:00,22.427063,8.905334,230.71423,100034.47,0.00026069445,3.9737852
2001-05-08 12:00:00,14.762329,5.0216675,285.62057,101031.71,8.540263e-06,3.674736
2001-05-09 12:00:00,13.842987,8.156769,303.17084,100708.516,3.2126725e-05,2.6431394
2001-05-10 12:00:00,14.593475,5.089752,285.31387,100600.766,0.0,2.6837018
2001-05-11 12:00:00,11.656128,6.088043,54.69793,100541.91,0.00033983227,3.7112134
2001-05-12 12:00:00,12.222076,3.7200928,330.7087,100781.2,2.7523631e-08,3.3645723
2001-05-13 12:00:00,12.350922,3.8431702,334.76517,101285.39,7.57337e-09,2.949427
2001-05-14 12:00:00,14.702759,3.8907166,349.3867,101408.914,0.0,2.8015413
2001-05-15 12:00:00,17.844574,5.627411,349.53342,101876.98,0.0,1.0739694
2001-05-16 12:00:00,21.94339,8.339111,271.00778,102052.92,9.48941e-09,2.3582282
2001-05-17 12:00:00,20.07483,12.470062,271.59326,102203.27,1.6417239e-07,3.345413
2001-05-18 12:00:00,17.963776,16.1055,54.432697,101678.79,0.00017348616,4.2596726
2001-05-19 12:00:00,22.708649,17.28891,226.63597,101564.586,9.680262e-06,1.7633574
2001-05-20 12:00:00,23.170319,15.976318,255.98671,101518.836,3.2793334e-05,1.6189548
2001-05-21 12:00:00,22.812286,15.128296,342.34708,101438.12,1.0991015e-06,1.9004083
2001-05-22 12:00:00,23.854095,14.243805,346.56015,101769.805,0.0,2.075957
2001-05-23 12:00:00,23.32074,12.942566,345.1387,101754.03,0.0,1.3126915
2001-05-24 12:00:00,28.385895,16.913696,338.0012,101090.97,5.1340052e-05,3.232293
2001-05-25 12:00:00,24.720032,16.051697,347.97064,100664.375,9.169206e-05,0.89101094
2001-05-26 12:00:00,21.61383,13.665497,276.95532,100320.07,4.7836766e-06,2.119364
2001-05-27 12:00:00,17.020111,9.800201,325.209,100553.41,9.82628e-06,3.1685073
2001-05-28 12:00:00,16.825104,8.568054,361.77914,101171.86,0.0,3.5378194
2001-05-29 12:00:00,19.961334,7.487854,359.25824,101562.34,1.2619108e-08,1.8483347
2001-05-30 12:00:00,19.449432,13.946411,199.74179,101896.03,4.506764e-08,1.63646
2001-05-31 12:00:00,21.657166,9.8532715,342.10135,102319.37,0.0,2.2411878
2001-06-01 12:00:00,22.133392,11.540375,287.23663,102665.52,0.0,2.18757
2001-06-02 12:00:00,23.408295,11.2595215,354.1764,102604.375,0.0,1.8020743
2001-06-03 12:00:00,22.431213,11.541992,242.16965,102295.42,0.0,1.6930844
2001-06-04 12:00:00,23.880524,13.545715,344.62057,102101.04,2.983416e-06,2.3713965
2001-06-05 12:00:00,21.760101,15.288452,130.33046,101885.625,4.5224093e-05,4.103509
2001-06-06 12:00:00,22.634308,18.160461,114.28548,101792.266,0.00010929489,4.0657153
2001-06-07 12:00:00,23.750763,19.616943,246.42947,102054.414,9.672645e-06,2.3449085
2001-06-08 12:00:00,24.689545,17.372894,286.37173,102062.305,1.0344063e-05,2.3115168
2001-06-09 12:00:00,25.79596,17.9794,298.0302,101934.3,2.1575323e-05,2.5647361
2001-06-10 12:00:00,25.234253,19.304596,203.28183,101885.65,1.588958e-05,2.8872855
2001-06-11 12:00:00,23.76178,20.191986,101.3407,101573.555,0.00033089388,2.4257805
2001-06-12 12:00:00,25.343475,18.309845,343.086,101978.57,1.1650071e-05,2.3065832
2001-06-13 12:00:00,24.524841,15.203674,359.79337,102530.43,0.0,0.96276706
2001-06-14 12:00:00,27.814636,15.856293,356.1404,102332.17,0.0,2.0709872
2001-06-15 12:00:00,31.133331,17.904236,352.27072,102015.19,0.0,1.8492123
2001-06-16 12:00:00,30.144135,19.523834,352.65784,101847.28,0.0,2.8723848
2001-06-17 12:00:00,32.509308,20.79068,342.9682,101329.84,0.0,3.8321524
2001-06-18 12:00:00,30.309448,19.608887,154.28575,101163.13,0.00015452513,1.5009224
2001-06-19 12:00:00,22.416626,13.648865,364.78424,101832.73,0.0,3.1974812
2001-06-20 12:00:00,24.51941,12.662018,363.2529,101767.12,0.0,1.6850028
2001-06-21 12:00:00,25.68869,17.821655,215.12093,101123.74,1.9490164e-05,1.3640779
2001-06-22 12:00:00,24.818604,18.880615,224.50317,100965.07,2.9666693e-05,0.5400024
2001-06-23 12:00:00,26.087189,19.806702,183.36943,100973.73,0.000101413636,1.3799126
2001-06-24 12:00:00,25.647095,19.504974,252.11209,100311.0,0.0009188626,0.94980687
2001-06-25 12:00:00,27.196442,21.104187,341.06445,100226.63,0.0,1.525
2001-06-26 12:00:00,26.486542,17.130493,357.20795,101265.78,0.0,1.9391638
2001-06-27 12:00:00,28.214722,18.00293,350.44333,101511.94,0.0,2.1179597
2001-06-28 12:00:00,24.732819,15.557495,257.42007,101795.82,0.0,1.0914667
2001-06-29 12:00:00,22.478363,19.409576,102.12857,101031.79,0.00017656946,1.3767941
2001-06-30 12:00:00,24.380249,19.080444,280.59314,100949.88,6.5787467e-06,1.798131
2001-07-01 12:00:00,24.37738,17.622955,298.37985,101470.92,5.4031384e-06,0.97191983
2001-07-02 12:00:00,23.284546,16.332489,187.58131,101563.984,3.8672737e-05,1.0021769
2001-07-03 12:00:00,25.359344,16.273499,323.8158,101077.38,0.00013639143,1.989104
2001-07-04 12:00:00,24.461273,16.976074,328.45996,101562.42,0.0,1.3059444
2001-07-05 12:00:00,25.070404,16.2417,342.4722,102016.16,0.0,2.4331229
2001-07-06 12:00:00,24.543182,15.738007,296.44397,101712.375,8.5496094e-10,2.4797132
2001-07-07 12:00:00,23.81601,18.250916,166.5417,101314.89,8.470605e-06,1.6052995
2001-07-08 12:00:00,24.544708,20.071014,148.09856,100834.29,9.872571e-05,2.5834215
2001-07-09 12:00:00,27.949402,22.069153,333.8317,100363.08,0.0,0.6993619
2001-07-10 12:00:00,26.933258,19.196716,278.11758,100860.95,1.0672848e-07,1.2863852
2001-07-11 12:00:00,26.644226,18.845428,247.89464,100987.64,9.805552e-06,0.62434
2001-07-12 12:00:00,27.360657,17.675232,332.56985,101149.79,5.531656e-07,1.6193736
2001-07-13 12:00:00,29.213745,18.442993,353.82993,101359.18,0.0,1.781051
2001-07-14 12:00:00,30.419464,17.391357,337.26498,101504.24,0.0,1.9026254
2001-07-15 12:00:00,30.170563,19.122375,313.95084,101540.266,6.963793e-07,2.361235
2001-07-16 12:00:00,30.464355,19.741547,326.72244,101485.23,0.0,3.3040347
2001-07-17 12:00:00,32.608917,24.515411,283.1771,101159.29,2.025952e-05,3.3094547
2001-07-18 12:00:00,30.550873,22.320068,181.4816,101236.15,4.0190585e-05,0.6489577
2001-07-19 12:00:00,26.456268,20.632782,204.64255,101008.55,3.8317063e-05,1.7297319
2001-07-20 12:00:00,24.800446,20.89331,89.933,100430.484,0.00072330644,1.7070373
2001-07-21 12:00:00,23.81427,20.661835,146.30885,100304.59,0.00030416477,0.6315267
2001-07-22 12:00:00,22.726593,19.728546,66.099174,100699.77,0.00030596936,2.224018
2001-07-23 12:00:00,22.737244,18.652405,233.89346,101232.414,2.9209205e-05,3.1318464
2001-07-24 12:00:00,21.194672,18.57248,73.95,101548.27,6.503478e-05,4.669735
2001-07-25 12:00:00,19.217163,18.211792,49.663464,101540.695,0.00030503873,6.127323
2001-07-26 12:00:00,20.58966,18.209625,94.7604,101965.97,2.2828239e-05,4.480706
2001-07-27 12:00:00,21.519684,18.609497,79.56574,102127.6,6.971276e-05,3.2994716
2001-07-28 12:00:00,25.02417,20.988739,140.6764,101772.05,0.0001866557,0.8423658
2001-07-29 12:00:00,28.400024,21.13028,282.24896,101545.016,2.2492861e-06,1.159932
2001-07-30 12:00:00,28.764587,22.582428,243.52693,101361.51,6.160649e-05,1.1960136
2001-07-31 12:00:00,29.139679,21.17044,309.1982,101281.734,2.7939423e-05,1.2348003
2001-08-01 12:00:00,27.545532,22.742554,193.8895,101015.28,6.6326975e-05,1.3603626
2001-08-02 12:00:00,27.49469,20.939178,230.57143,100611.09,0.00039731796,1.4721584
2001-08-03 12:00:00,30.628601,21.736115,301.9195,100955.836,0.0,1.1078457
2001-08-04 12:00:00,30.17981,21.813751,315.78043,101052.86,1.9181753e-06,1.6913046
2001-08-05 12:00:00,31.777832,21.309204,316.65106,100767.4,1.1410527e-05,2.063347
2001-08-06 12:00:00,28.92685,22.242523,287.51318,100584.414,9.6913345e-06,0.74811745
2001-08-07 12:00:00,22.890991,19.59613,184.75537,101455.18,1.9835916e-05,2.4535608
2001-08-08 12:00:00,21.031342,17.890747,47.004204,101590.664,0.0004994378,3.1839561
2001-08-09 12:00:00,22.379639,18.971466,72.8814,101512.79,0.00012155474,3.0753322
2001-08-10 12:00:00,23.171936,20.09021,209.9586,101855.234,1.5369682e-05,2.3793209
2001-08-11 12:00:00,24.069519,18.048798,306.57156,102015.805,1.585937e-07,1.1797727
2001-08-12 12:00:00,27.215576,18.170288,301.53275,101764.39,7.637512e-10,1.3868217
2001-08-13 12:00:00,24.910522,21.313019,120.54188,101712.93,8.028153e-06,0.7685323
2001-08-14 12:00:00,24.092407,20.25705,148.103,101549.61,6.5498925e-06,2.0040262
2001-08-15 12:00:00,28.180878,21.194122,240.41747,100810.95,8.3530904e-05,1.6510122
2001-08-16 12:00:00,31.004913,21.04129,304.0718,100496.13,2.8745575e-07,1.2930758
2001-08-17 12:00:00,26.802399,18.256348,305.22623,101061.89,0.0,2.0940776
2001-08-18 12:00:00,28.442993,18.947693,263.93146,101212.28,0.0,0.5871584
2001-08-19 12:00:00,28.958893,21.038849,261.23984,101067.87,0.0,1.4305607
2001-08-20 12:00:00,26.596344,21.069214,227.23105,100893.375,4.565291e-05,2.6093657
2001-08-21 12:00:00,22.423218,14.751617,303.96542,101661.234,0.0,2.425367
2001-08-22 12:00:00,24.057404,12.867126,303.233,102028.84,0.0,0.98886776
2001-08-23 12:00:00,26.305359,14.174835,298.03784,102085.52,0.0,1.4835305
2001-08-24 12:00:00,28.25589,16.02417,280.94876,101976.41,2.5864042e-06,1.0414516
2001-08-25 12:00:00,24.168304,17.366974,167.56993,102103.734,2.4854617e-05,1.0160811
2001-08-26 12:00:00,25.818878,17.298523,254.2842,102068.17,0.0,2.182571
2001-08-27 12:00:00,29.478516,19.081726,183.27472,101372.92,0.0,3.428073
2001-08-28 12:00:00,28.20169,20.945007,269.669,101269.6,2.851506e-05,1.8928978
2001-08-29 12:00:00,25.225311,16.008606,288.8101,102066.305,0.0,1.7876178
2001-08-30 12:00:00,26.410614,14.045227,250.2446,102102.05,0.0,1.2376046
2001-08-31 12:00:00,27.404724,14.916412,278.7493,101782.89,0.0,1.4452832
2001-09-01 12:00:00,29.858185,21.437317,216.23853,101383.57,8.594024e-06,3.38806
2001-09-02 12:00:00,31.85559,23.758362,219.6503,100830.984,4.2523257e-05,3.8395047
2001-09-03 12:00:00,25.342834,20.355896,89.913864,100961.78,1.0472801e-05,1.1013674
2001-09-04 12:00:00,26.54129,18.683868,145.66165,101210.33,2.454174e-06,0.82688785
2001-09-05 12:00:00,31.896332,23.088287,259.74295,101109.32,3.8048358e-07,1.4244562
2001-09-06 12:00:00,28.552277,22.150116,176.49411,101245.266,6.316379e-05,1.1484355
2001-09-07 12:00:00,32.07779,20.849823,219.16582,100955.62,0.00013285855,1.639249
2001-09-08 12:00:00,20.747986,13.56015,139.24368,101577.36,0.00011515247,3.7032733
2001-09-09 12:00:00,17.661713,12.44989,190.47137,101642.3,0.000148405,4.0609965
2001-09-10 12:00:00,18.838898,11.267426,266.8586,102079.945,0.0,3.0014708
2001-09-11 12:00:00,19.842468,11.134094,265.81104,102231.516,0.0,2.0373867
2001-09-12 12:00:00,20.779999,10.818085,263.6671,102254.1,0.0,1.5216784
2001-09-13 12:00:00,22.11966,10.378876,260.17572,102277.55,0.0,0.50955397
2001-09-14 12:00:00,23.539948,12.185516,232.93546,102170.734,0.0,0.7323244
2001-09-15 12:00:00,22.181091,14.05545,119.7221,101767.23,0.0,1.7340087
2001-09-16 12:00:00,22.731873,15.812408,210.34718,101347.055,1.0611995e-05,1.6602715
2001-09-17 12:00:00,22.507385,17.647308,129.50514,100451.14,0.00025613495,2.0919049
2001-09-18 12:00:00,21.373474,12.632202,245.97044,101392.69,0.0,1.7949936
2001-09-19 12:00:00,22.142181,13.428986,243.18013,102201.44,0.0,2.0997195
2001-09-20 12:00:00,24.023163,15.265564,220.75978,101641.305,8.189635e-08,1.9387732
2001-09-21 12:00:00,24.770538,20.548065,146.07915,100859.81,5.3977175e-05,1.9617692
2001-09-22 12:00:00,24.511078,18.680542,208.66237,101009.13,6.5985896e-06,1.6123747
2001-09-23 12:00:00,21.655487,18.019104,69.05236,100960.09,2.1176327e-05,1.6765878
2001-09-24 12:00:00,22.725525,18.240387,171.83961,99996.734,0.00033787673,2.7307768
2001-09-25 12:00:00,19.762543,12.199432,237.7131,101400.664,0.0,2.6978467
2001-09-26 12:00:00,15.891235,8.531464,192.74803,102154.23,0.0,3.4830847
2001-09-27 12:00:00,17.674896,12.096039,111.5333,101500.77,1.2885052e-06,3.1207209
2001-09-28 12:00:00,22.262024,13.290253,200.96523,100709.06,0.0,1.9992884
2001-09-29 12:00:00,21.34961,15.269989,223.14195,100984.34,9.081421e-08,2.37585
2001-09-30 12:00:00,22.576813,11.3888855,220.31494,101574.51,0.0,1.143129
2001-10-01 12:00:00,21.674103,13.864685,127.873344,101248.63,8.612135e-06,1.1991491
2001-10-02 12:00:00,20.96753,18.052612,33.738625,100680.13,0.00022887302,2.187325
2001-10-03 12:00:00,20.445282,14.860107,145.2804,100871.73,0.00014247373,2.180518
2001-10-04 12:00:00,15.176697,8.478424,175.9231,102523.375,0.0,1.739192
2001-10-05 12:00:00,15.872345,10.192169,100.62444,102258.91,0.0,1.5527071
2001-10-06 12:00:00,18.122437,13.538818,150.95139,100998.734,1.8987173e-05,1.8659414
2001-10-07 12:00:00,14.964722,8.303711,207.45514,101502.19,1.2824414e-09,4.070951
2001-10-08 12:00:00,15.215515,5.4592285,203.8746,102383.766,0.0,1.2762854
2001-10-09 12:00:00,18.77063,7.609741,197.44884,102104.81,0.0,0.9027914
2001-10-10 12:00:00,19.270905,12.732513,149.26051,101427.47,0.0,0.9176606
2001-10-11 12:00:00,15.810852,9.898376,193.35123,101846.91,0.0,4.4601684
2001-10-12 12:00:00,14.528442,3.290863,199.88167,102015.12,0.0,1.3442817
2001-10-13 12:00:00,15.642914,4.8052673,170.02081,101454.664,1.1692373e-06,1.913365
2001-10-14 12:00:00,10.149689,2.6767273,190.15645,102484.96,0.0,1.8333603
2001-10-15 12:00:00,15.375946,4.3574524,181.43613,102654.02,0.0,1.1973429
2001-10-16 12:00:00,18.302368,9.941315,40.23829,102273.62,0.00013172418,3.2575228
2001-10-17 12:00:00,20.843384,17.770721,92.657776,100822.52,2.7158265e-05,1.766878
2001-10-18 12:00:00,21.752289,14.371307,140.75179,100049.34,0.0,2.798554
2001-10-19 12:00:00,18.736816,7.2622986,177.09712,100740.3,1.8202957e-07,3.553838
2001-10-20 12:00:00,13.173706,3.4434814,179.3691,102234.125,0.0,2.2682137
2001-10-21 12:00:00,15.6857605,4.1329346,175.0896,103220.23,1.6057974e-11,0.32960793
2001-10-22 12:00:00,15.504791,9.739227,54.522594,102747.97,9.2622555e-05,2.2892323
2001-10-23 12:00:00,16.9682,12.723267,116.738754,102055.47,7.981331e-05,1.8997147
2001-10-24 12:00:00,16.010223,7.9414062,154.56346,102412.68,8.474133e-08,0.8828124
2001-10-25 12:00:00,17.393555,8.327942,163.28787,102520.305,5.253032e-08,1.3336601
2001-10-26 12:00:00,17.058685,7.060913,164.18921,102221.75,0.0,0.9229176
2001-10-27 12:00:00,16.988434,8.583588,123.868576,101433.33,0.0,1.8321118
2001-10-28 12:00:00,15.559601,10.156189,155.11745,101670.71,2.1518598e-07,0.5709941
2001-10-29 12:00:00,18.792023,9.784393,74.01101,102098.48,1.8911137e-06,2.1115985
2001-10-30 12:00:00,21.410614,15.8185425,105.02112,101920.945,2.883553e-06,2.1895561
2001-10-31 12:00:00,19.04773,13.440765,112.69799,101747.97,3.365016e-06,0.8343829
2001-11-01 12:00:00,21.30545,14.591187,102.35038,100498.72,1.510747e-05,3.9038167
2001-11-02 12:00:00,14.4021,7.506439,148.46901,101690.664,0.0,3.5260434
2001-11-03 12:00:00,10.381409,2.0480652,153.69875,102448.98,0.0,1.1145742
2001-11-04 12:00:00,15.357452,4.7996826,71.9846,101858.18,1.15729235e-05,0.95832634
2001-11-05 12:00:00,12.054626,4.538971,141.71786,101121.945,1.6089149e-05,4.894431
2001-11-06 12:00:00,6.4525146,-0.95358276,147.81625,102138.15,2.912473e-08,2.8496249
2001-11-07 12:00:00,6.93808,-0.9051819,146.19487,102691.336,5.9188825e-08,2.4064083
2001-11-08 12:00:00,7.6072693,-1.3953552,144.95535,103092.1,3.4296863e-09,3.434946
2001-11-09 12:00:00,8.949707,0.21057129,131.91095,102878.98,0.0,2.8747554
2001-11-10 12:00:00,12.141541,3.0853882,79.334175,102718.336,6.696681e-06,2.8893898
2001-11-11 12:00:00,12.145996,10.408386,50.875675,101416.516,0.0004970027,4.0565157
2001-11-12 12:00:00,10.849976,4.317932,134.7467,101762.734,0.0,2.6118314
2001-11-13 12:00:00,9.873779,3.9240723,108.65544,101903.26,0.0,1.7765393
2001-11-14 12:00:00,6.4836426,0.52145386,98.390015,102219.96,2.9023838e-06,4.382243
2001-11-15 12:00:00,2.9039612,-0.91574097,133.92015,102582.0,2.418607e-10,4.101741
2001-11-16 12:00:00,6.2620544,-1.8839722,126.18494,102687.66,0.0,1.5342178
2001-11-17 12:00:00,15.132904,3.9451904,73.43724,102561.195,0.00011949298,2.1750293
2001-11-18 12:00:00,17.08847,13.30777,27.741001,102211.4,0.00010930869,4.4290075
2001-11-19 12:00:00,19.384094,11.076416,88.70798,100635.53,0.0005726747,5.424008
2001-11-20 12:00:00,11.00943,6.5627136,121.784096,101279.26,0.0,3.3636165
2001-11-21 12:00:00,7.374878,1.8215332,121.209435,102075.54,0.0,2.7002969
2001-11-22 12:00:00,5.2052,-0.2793579,114.83611,102525.48,0.0,2.1371903
2001-11-23 12:00:00,4.098755,-0.79937744,86.54446,102091.766,0.0,2.83728
2001-11-24 12:00:00,9.063293,1.9512634,106.45503,101616.85,4.3435247e-07,2.9203124
2001-11-25 12:00:00,8.434906,1.4206543,110.788994,102070.72,0.0,1.2861981
2001-11-26 12:00:00,15.668884,3.9836426,28.218424,101423.945,4.3608787e-05,2.7850952
2001-11-27 12:00:00,15.820465,4.8470154,59.077522,101221.23,8.280111e-05,2.976349
2001-11-28 12:00:00,4.82428,2.4175415,62.01389,102012.87,1.5870014e-10,1.9906012
2001-11-29 12:00:00,5.52652,2.142517,37.72405,101820.195,5.292285e-06,2.6254804
2001-11-30 12:00:00,5.97937,1.8487244,112.15539,102296.48,1.9975389e-05,3.0211506
2001-12-01 12:00:00,9.648926,-0.9421692,100.51754,103051.19,9.653535e-08,0.23768955
2001-12-02 12:00:00,9.477844,4.040222,79.375305,101480.44,0.00015228037,2.51652
2001-12-03 12:00:00,4.01239,-1.6882629,108.26481,101405.92,0.0,2.939193
2001-12-04 12:00:00,8.145447,0.56030273,102.093315,101621.15,1.2190256e-08,1.1514466
2001-12-05 12:00:00,10.026642,2.4916687,104.374435,101363.34,0.0,2.1791067
2001-12-06 12:00:00,6.9658813,1.29422,46.34815,100743.28,1.8793708e-05,2.2968524
2001-12-07 12:00:00,1.2495117,-4.602356,110.61955,101385.82,0.0,3.4121618
2001-12-08 12:00:00,-2.4076843,-7.226288,111.17997,101697.78,0.0,2.7801652
2001-12-09 12:00:00,-0.8036499,-6.951721,109.08442,101617.695,0.0,2.908211
2001-12-10 12:00:00,1.1170044,-3.8665466,91.36844,100845.8,3.1166398e-06,4.8203
2001-12-11 12:00:00,4.450836,-2.833252,93.76564,100425.7,2.03817e-06,4.074109
2001-12-12 12:00:00,6.3149414,-9.824463,96.90495,101719.71,1.6246316e-08,2.0101244
2001-12-13 12:00:00,9.631134,4.9111633,43.276527,101281.55,5.9808393e-05,3.2776818
2001-12-14 12:00:00,16.79596,6.795929,48.796932,100033.07,0.00011624638,2.152375
2001-12-15 12:00:00,15.546265,1.0230103,103.31058,100717.59,2.4235783e-06,5.1408863
2001-12-16 12:00:00,2.0714722,-2.4015198,103.503105,101946.24,0.0,2.9684482
2001-12-17 12:00:00,3.7437134,-1.1419067,46.873425,101532.25,5.950683e-07,2.1773071
2001-12-18 12:00:00,4.566223,1.6090393,35.003757,100884.1,0.0001787554,2.2280555
2001-12-19 12:00:00,2.5231628,-1.7234192,100.51435,102174.4,0.0,1.801769
2001-12-20 12:00:00,6.010376,-0.6513977,98.04118,102012.93,0.0,1.450398
2001-12-21 12:00:00,6.6624146,-0.5779724,69.16997,102378.29,4.504527e-06,1.5799124
2001-12-22 12:00:00,14.236389,6.2156677,43.952843,101874.64,0.00010139682,2.174635
2001-12-23 12:00:00,16.264038,14.038574,14.902712,100169.61,0.00026540033,3.2852218
2001-12-24 12:00:00,17.049103,3.8225403,99.87073,99212.234,0.00011140681,4.2665596
2001-12-25 12:00:00,3.7054138,-1.7581787,104.13449,100762.06,2.6420002e-08,4.6709924
2001-12-26 12:00:00,3.0615234,-1.95401,97.15315,101302.73,0.0,3.6208632
2001-12-27 12:00:00,3.9352417,0.40893555,102.28776,100844.766,2.025689e-07,3.6597803
2001-12-28 12:00:00,1.3238525,-1.6373901,86.91496,101418.89,1.8593077e-07,5.362616
2001-12-29 12:00:00,0.61654663,-2.6366272,104.302605,101899.48,0.0,4.008745
2001-12-30 12:00:00,2.7890015,-2.5878296,63.41052,101784.34,1.8832133e-06,0.84845906
2001-12-31 12:00:00,4.581024,1.1306458,58.390812,101254.43,2.8790055e-05,1.2724614
2002-01-01 12:00:00,8.062286,3.0293884,86.6627,101193.32,1.0707514e-07,3.3642962
2002-01-02 12:00:00,4.4177246,-1.3190918,37.65571,101753.52,8.7203925e-06,2.686034
2002-01-03 12:00:00,-1.3751526,-7.399811,87.90174,101082.1,4.5566753e-06,3.9322443
2002-01-04 12:00:00,0.056488037,-7.4752502,108.74935,102089.02,0.0,4.002709
2002-01-05 12:00:00,4.449066,-4.949066,62.810722,101983.51,1.18499635e-07,3.8959737
2002-01-06 12:00:00,5.880829,0.49975586,19.91773,101489.89,0.00023215842,0.49440533
2002-01-07 12:00:00,4.750244,0.14889526,21.040281,101153.37,6.299077e-05,3.0587986
2002-01-08 12:00:00,0.022613525,-6.1197205,106.09107,102195.65,3.6432652e-07,4.239102
2002-01-09 12:00:00,-1.0172424,-8.360565,113.78395,103346.72,0.0,2.6574297
2002-01-10 12:00:00,8.532471,-8.459015,101.63162,102956.64,3.0655722e-06,1.1449456
2002-01-11 12:00:00,14.374176,7.1746216,47.962296,99698.48,0.00041484824,4.4243426
2002-01-12 12:00:00,6.9683533,-1.0611877,115.11308,99615.27,7.81673e-06,7.4966207
2002-01-13 12:00:00,-1.0983276,-3.1097717,117.95976,100806.58,5.8093423e-08,5.8353295
2002-01-14 12:00:00,2.2681274,-5.948883,111.73575,101909.4,0.0,1.7031789
2002-01-15 12:00:00,9.539459,2.339569,113.26514,101303.55,6.629696e-09,3.6371944
2002-01-16 12:00:00,4.575409,-0.024536133,25.805832,101097.66,0.00019804052,3.7420425
2002-01-17 12:00:00,3.552246,-1.3458252,76.25315,99935.11,8.652907e-05,6.005388
2002-01-18 12:00:00,3.8459778,-5.143036,120.03313,102205.3,0.0,2.4916933
2002-01-19 12:00:00,13.676483,-3.2172852,27.517569,101356.93,0.0002596757,3.3901222
2002-01-20 12:00:00,15.534363,6.2759094,80.6738,99594.484,7.3267893e-06,4.1236134
2002-01-21 12:00:00,7.0561523,-0.64645386,107.415794,100450.27,3.4707637e-09,0.8623716
2002-01-22 12:00:00,5.599304,-12.3471985,117.26062,100898.15,1.2520385e-05,7.3781404
2002-01-23 12:00:00,-0.973053,-9.495911,127.90646,101962.3,1.09113344e-07,2.8190205
2002-01-24 12:00:00,-3.1159058,-6.8591614,125.74725,101848.28,1.6481248e-06,3.553652
2002-01-25 12:00:00,4.409973,-8.808044,125.04261,102159.07,1.4527592e-07,2.6908476
2002-01-26 12:00:00,5.0692444,-1.2554626,76.8153,101459.41,1.9242576e-05,2.7114496
2002-01-27 12:00:00,2.8014832,-8.117523,117.59004,102322.055,0.0,1.0525964
2002-01-28 12:00:00,2.0559082,-2.972168,27.718401,101456.8,7.692411e-05,2.461836
2002-01-29 12:00:00,2.895111,-5.645874,137.39836,100688.65,9.84554e-06,2.9371104
2002-01-30 12:00:00,-0.39520264,-6.092285,53.36554,100567.016,1.24026765e-05,2.6496186
2002-01-31 12:00:00,1.6882019,-9.826202,142.2794,101715.81,0.0,2.4541752
2002-02-01 12:00:00,5.3165894,-1.1799622,63.99644,101759.34,3.5394548e-06,3.2465966
2002-02-02 12:00:00,2.8576965,-4.8060913,146.24532,102002.625,0.0,2.319
2002-02-03 12:00:00,8.252716,-5.7523804,144.97328,101996.9,0.0,3.2509792
2002-02-04 12:00:00,12.2659,2.5515747,81.43307,101111.8,3.7518153e-06,3.5678408
2002-02-05 12:00:00,8.253998,-6.675995,50.35019,100336.48,1.7220587e-05,3.633248
2002-02-06 12:00:00,-3.7170715,-9.222229,127.27408,101299.86,2.1181077e-07,2.97464
2002-02-07 12:00:00,7.688202,-4.187622,144.75906,101022.266,5.2137004e-08,4.3673973
2002-02-08 12:00:00,9.202179,2.6629028,154.65308,100996.66,1.6057974e-11,3.861833
2002-02-09 12:00:00,12.831116,-1.548645,126.50352,101498.57,0.0,0.643153
2002-02-10 12:00:00,11.216888,1.1713867,156.59424,100907.75,0.0,3.8840191
2002-02-11 12:00:00,1.6051636,-4.593567,158.76585,102227.266,3.737505e-08,2.321373
2002-02-12 12:00:00,8.16983,-0.5383301,125.90443,102318.586,2.0906779e-07,0.56693023
2002-02-13 12:00:00,7.1601257,-1.1620483,144.11186,103340.43,1.5241596e-08,2.5406253
2002-02-14 12:00:00,12.692535,-0.3105774,120.300545,102842.3,7.3705024e-09,1.9140774
2002-02-15 12:00:00,12.610382,7.716675,26.189203,101217.24,0.000270799,1.8112093
2002-02-16 12:00:00,7.486328,2.4081116,54.341892,101067.414,2.3265191e-05,5.469894
2002-02-17 12:00:00,5.486786,0.65408325,140.32965,99966.31,4.161091e-08,5.6364117
2002-02-18 12:00:00,7.3901367,-0.45858765,180.69133,99754.8,0.0,3.238589
2002-02-19 12:00:00,6.0804443,-0.8286743,177.5842,99843.234,6.114453e-08,3.2898178
2002-02-20 12:00:00,5.332947,1.6902466,168.00749,99708.586,1.965223e-08,3.7241926
2002-02-21 12:00:00,4.5307617,-2.4497375,169.99812,100210.51,3.0928408e-05,1.8762137
2002-02-22 12:00:00,0.7852478,-5.9670715,129.04312,100832.07,0.0001756807,6.4120297
2002-02-23 12:00:00,-2.4631042,-10.297791,194.46097,102406.6,0.0,3.680786
2002-02-24 12:00:00,4.717102,-12.54953,188.89069,102605.234,0.0,2.2761753
2002-02-25 12:00:00,6.7679443,2.5017395,84.51215,101731.29,2.336773e-05,3.7184021
2002-02-26 12:00:00,5.928406,-4.865448,199.61974,102722.625,7.198606e-06,4.474358
2002-02-27 12:00:00,4.69046,-7.3865967,121.46044,102983.055,4.5295207e-07,1.4024073
2002-02-28 12:00:00,7.5606995,2.9764404,25.990793,102132.37,0.00027875605,2.0956845
2002-03-01 12:00:00,9.602356,4.414032,119.780106,101942.266,1.7687122e-05,2.203248
2002-03-02 12:00:00,8.839325,4.9726562,32.71172,100937.68,0.000154492,1.632546
2002-03-03 12:00:00,4.838257,-3.185089,204.39642,101507.195,9.230117e-06,4.427212
2002-03-04 12:00:00,-1.6730957,-8.419678,216.45781,103392.55,0.0,2.5657375
2002-03-05 12:00:00,6.6677856,-5.2499695,155.21957,103286.05,2.6762575e-07,0.4801445
2002-03-06 12:00:00,10.125519,-1.1058044,210.41505,103024.54,0.0,0.64198095
2002-03-07 12:00:00,11.215393,1.1895752,145.73647,102474.96,0.0,1.7417203
2002-03-08 12:00:00,10.058746,7.011963,34.584763,101237.234,0.0001720204,4.365518
2002-03-09 12:00:00,14.265839,9.207703,137.94374,100888.78,2.7723752e-05,3.789765
2002-03-10 12:00:00,16.311584,5.94989,218.2161,101501.234,0.0,2.363261
2002-03-11 12:00:00,11.709869,5.7061768,148.2347,101404.04,0.0,1.401072
2002-03-12 12:00:00,8.15918,3.837616,231.70363,101228.945,1.1739591e-05,4.2618175
2002-03-13 12:00:00,9.001068,0.84710693,232.85614,101906.07,0.0,3.9125667
2002-03-14 12:00:00,10.775818,-0.82818604,216.54108,102369.49,0.0,1.7410767
2002-03-15 12:00:00,15.978088,10.174225,30.41333,101212.13,0.0003214065,5.22875
2002-03-16 12:00:00,14.915192,7.999634,116.96295,100999.56,7.178813e-05,2.1640306
2002-03-17 12:00:00,7.8828735,0.9513855,197.58015,101368.164,1.4366633e-06,3.4427032
2002-03-18 12:00:00,4.292572,-0.92593384,175.27596,101513.39,2.0007808e-06,2.8913732
2002-03-19 12:00:00,2.1394348,-3.2859497,192.70555,101849.15,4.6334644e-06,3.5071096
2002-03-20 12:00:00,6.2127075,-3.2405396,249.43797,102512.62,7.0584387e-09,2.4727614
2002-03-21 12:00:00,8.077698,-3.499176,155.65182,102721.375,5.828728e-08,1.6923565
2002-03-22 12:00:00,11.20105,1.0142822,247.74525,102642.61,2.4450503e-07,0.75001764
2002-03-23 12:00:00,13.010437,1.4873962,253.34315,102878.44,0.0,0.77719617
2002-03-24 12:00:00,16.592224,6.310608,106.612114,102273.52,4.2936545e-06,2.0341115
2002-03-25 12:00:00,13.94873,8.72934,55.928272,101893.6,4.458222e-05,1.2220472
2002-03-26 12:00:00,12.132904,6.0683594,161.25761,102346.76,1.0748167e-05,1.4858862
2002-03-27 12:00:00,19.79486,8.617676,160.97375,101428.46,7.447499e-05,1.9016324
2002-03-28 12:00:00,18.641296,10.277527,176.75584,101639.195,2.3780021e-06,0.8071747
2002-03-29 12:00:00,13.889954,8.654144,56.325176,101983.18,7.51319e-05,2.2545824
2002-03-30 12:00:00,20.240082,13.447052,111.67462,100452.62,0.00020629157,2.2342865
2002-03-31 12:00:00,13.205139,1.0948486,98.58661,101001.055,0.00021782651,6.1855826
2002-04-01 12:00:00,7.2084656,-1.5098267,279.66678,102018.5,0.0,3.7538662
2002-04-02 12:00:00,9.956329,-0.7293701,272.85004,102298.92,0.0,2.4548216
2002-04-03 12:00:00,13.759766,3.8442688,169.5895,102268.055,1.3647729e-05,3.0255992
2002-04-04 12:00:00,16.047485,12.435364,84.55036,101978.0,4.3242922e-05,4.3032727
2002-04-05 12:00:00,15.029968,13.986816,23.23804,100938.65,0.001150824,4.171999
2002-04-06 12:00:00,13.919525,7.6372986,153.5511,100378.84,2.875679e-05,4.721963
2002-04-07 12:00:00,8.500061,3.6887817,182.38414,100790.586,7.2059897e-06,3.3015656
2002-04-08 12:00:00,10.425568,3.570404,228.84926,101189.87,7.248586e-07,2.2351298
2002-04-09 12:00:00,11.458679,5.308777,169.23192,101639.07,1.307605e-06,2.2513847
2002-04-10 12:00:00,12.52597,8.661682,101.820076,101388.53,7.3991914e-06,4.552611
2002-04-11 12:00:00,12.251373,8.165039,119.29086,100776.37,0.00011493993,3.6887677
2002-04-12 12:00:00,14.670654,7.003662,159.87823,100373.33,3.3548918e-06,0.33926573
2002-04-13 12:00:00,16.403381,7.852112,257.62482,100137.95,1.8575263e-06,1.1375638
2002-04-14 12:00:00,15.776337,5.974823,187.55434,98814.73,0.00020521172,3.8312354
2002-04-15 12:00:00,7.616394,3.6986694,250.24643,99994.48,9.494171e-08,5.0838885
2002-04-16 12:00:00,8.437042,-0.07751465,311.83813,101084.39,3.1024667e-09,2.9542873
2002-04-17 12:00:00,13.640472,0.9385071,305.99652,101450.48,0.0,2.1893783
2002-04-18 12:00:00,17.226624,4.3747864,302.52167,101101.664,0.0,2.7535093
2002-04-19 12:00:00,14.106415,6.533783,58.25501,100115.984,0.00021310442,1.3664701
2002-04-20 12:00:00,7.5699463,4.1059875,101.11701,100457.51,1.4509096e-05,4.185949
2002-04-21 12:00:00,12.695465,3.7528076,261.5566,101557.98,3.2160284e-07,1.9927443
2002-04-22 12:00:00,15.706696,5.1189575,304.293,102437.64,0.0,0.81993526
2002-04-23 12:00:00,17.294312,8.8793335,235.93802,102378.81,2.517139e-06,0.7995934
2002-04-24 12:00:00,17.717712,9.660034,270.0428,102288.19,2.73084e-07,0.48965243
2002-04-25 12:00:00,16.118622,7.4062805,283.23526,102484.44,4.5237996e-07,1.1542519
2002-04-26 12:00:00,16.461792,9.691162,275.82016,102305.02,9.4602143e-07,1.5783309
2002-04-27 12:00:00,15.756348,9.570251,153.94992,102186.71,3.400988e-07,0.66645133
2002-04-28 12:00:00,20.604645,8.868622,299.53104,101884.055,0.0,1.6763825
2002-04-29 12:00:00,22.766022,12.685883,253.61623,101458.9,2.9780792e-10,1.8517638
2002-04-30 12:00:00,26.516327,14.774597,303.14307,101426.32,0.0,2.6447039
2002-05-01 12:00:00,26.860748,16.037476,295.3342,101440.91,1.8844704e-06,2.5071611
2002-05-02 12:00:00,25.718689,16.656403,227.66005,101143.46,4.8116755e-05,1.0331447
2002-05-03 12:00:00,21.568848,12.725952,333.00314,100861.88,0.0,3.3479435
2002-05-04 12:00:00,16.981323,9.943268,321.55237,100927.984,1.2193226e-08,4.1731977
2002-05-05 12:00:00,17.914307,6.8922424,238.31927,100934.945,0.0,2.2710452
2002-05-06 12:00:00,15.937347,10.678986,126.1796,100678.51,0.00013078672,2.0400019
2002-05-07 12:00:00,14.723175,12.508179,80.07552,100886.336,0.00039682572,5.588486
2002-05-08 12:00:00,13.167511,11.924835,55.34216,101284.59,0.00014295273,8.016271
2002-05-09 12:00:00,18.618591,12.882141,83.653885,100980.195,0.0006563417,4.4596562
2002-05-10 12:00:00,21.45581,13.933899,224.84694,101903.164,5.673741e-05,1.8721943
2002-05-11 12:00:00,18.53592,15.705353,106.91053,102044.35,8.4287036e-05,2.205666
2002-05-12 12:00:00,18.981903,16.37674,115.01851,101360.195,0.00030500928,2.2574615
2002-05-13 12:00:00,20.1503,15.332062,216.45993,100856.94,7.2570525e-05,0.90468335
2002-05-14 12:00:00,21.27835,13.754669,302.54776,100386.92,3.5524462e-07,2.4494271
2002-05-15 12:00:00,20.654175,12.963165,313.44638,100440.81,9.1038426e-05,1.0786649
2002-05-16 12:00:00,14.963898,12.823822,84.88875,100854.64,5.445441e-05,4.500353
2002-05-17 12:00:00,17.626648,10.953247,289.49506,100881.34,3.109206e-05,4.4356923
2002-05-18 12:00:00,22.763367,10.683014,338.04193,100744.99,0.0,1.2728271
2002-05-19 12:00:00,22.65976,13.807465,288.47495,100704.66,1.07333e-06,0.95279163
2002-05-20 12:00:00,25.39618,13.976959,339.85617,100704.24,0.0,2.397064
2002-05-21 12:00:00,26.030823,15.00177,343.20593,101289.64,0.0,0.8185637
2002-05-22 12:00:00,26.681671,15.651093,342.0535,101848.93,0.0,2.057531
2002-05-23 12:00:00,25.386719,15.548431,345.7242,102058.17,1.23672095e-08,2.3116384
2002-05-24 12:00:00,24.635712,15.290405,327.16223,101806.29,1.6933241e-06,1.5281776
2002-05-25 12:00:00,25.895905,14.949097,290.87125,101429.64,1.9535685e-06,1.0363213
2002-05-26 12:00:00,23.576874,17.229187,136.06372,101244.71,0.00013732915,1.9686964
2002-05-27 12:00:00,21.83197,10.925201,360.22968,101637.71,5.02041e-08,2.6985977
2002-05-28 12:00:00,21.861237,11.408112,355.0352,101939.63,0.0,1.7964591
2002-05-29 12:00:00,22.49582,11.98822,299.6461,101710.66,4.285787e-08,2.1282146
2002-05-30 12:00:00,24.91858,16.40213,273.86612,101370.234,0.0,0.4409684
2002-05-31 12:00:00,21.967316,16.574707,48.753456,101458.97,0.00035864112,2.714956
2002-06-01 12:00:00,23.139587,18.120697,225.17026,100810.766,4.2992757e-05,0.9337725
2002-06-02 12:00:00,30.947235,19.127228,338.99078,100559.49,4.998069e-07,1.4496131
2002-06-03 12:00:00,30.490784,21.031464,318.3515,100730.31,0.000116215066,1.8538419
2002-06-04 12:00:00,22.475647,19.704315,108.02831,101628.914,2.756307e-05,1.7395153
2002-06-05 12:00:00,22.9458,18.117828,316.46002,101793.61,1.3266426e-06,1.9427896
2002-06-06 12:00:00,22.91922,15.658264,358.2184,101643.6,0.0,1.7080228
2002-06-07 12:00:00,23.298248,16.060883,138.01657,101417.15,4.4575496e-05,2.4005737
2002-06-08 12:00:00,24.55069,20.419128,252.94522,101067.28,5.316898e-07,2.6557271
2002-06-09 12:00:00,26.920593,19.971436,312.43607,101152.92,2.7687345e-05,1.8426807
2002-06-10 12:00:00,27.665314,19.674408,281.5921,101242.42,9.024702e-08,2.0611353
2002-06-11 12:00:00,29.054352,21.733551,324.9661,101155.18,6.590354e-08,2.8305016
2002-06-12 12:00:00,32.059937,21.347229,342.45987,100993.54,3.28191e-05,3.2478259
2002-06-13 12:00:00,26.56491,19.182953,115.59222,101149.99,6.979058e-05,1.9830222
2002-06-14 12:00:00,23.37082,15.667603,319.0345,101527.27,0.0001279828,1.0357664
2002-06-15 12:00:00,23.470398,14.659302,358.81378,101238.445,0.0,2.129065
2002-06-16 12:00:00,20.915253,13.411835,151.06535,100905.27,0.00019685164,3.4278493
2002-06-17 12:00:00,22.124939,12.470245,358.871,101558.47,0.0,0.7522292
2002-06-18 12:00:00,23.306274,14.759735,249.15889,102068.79,0.0,2.6555882
2002-06-19 12:00:00,32.185486,20.342957,333.8522,101557.81,1.7770562e-05,3.3359017
2002-06-20 12:00:00,28.197144,20.688232,328.81366,101566.164,3.467028e-05,0.9615058
2002-06-21 12:00:00,26.327393,16.822418,297.68518,101249.97,8.509431e-07,1.1824119
2002-06-22 12:00:00,24.001434,19.968323,120.76095,100481.25,0.0002198073,2.126233
2002-06-23 12:00:00,24.142181,18.615143,246.18495,100164.27,8.069218e-05,1.7926958
2002-06-24 12:00:00,24.744354,15.960663,340.20544,101132.336,3.5496316e-05,1.4042358
2002-06-25 12:00:00,26.557404,14.760956,351.42816,101437.08,2.153711e-07,0.77108234
2002-06-26 12:00:00,26.709717,18.479706,174.44762,101124.13,0.0,2.3901498
2002-06-27 12:00:00,30.826141,20.81717,271.79074,101129.305,5.5917157e-05,1.6874198
2002-06-28 12:00:00,34.54294,23.431427,316.32217,101152.414,0.0,2.7616496
2002-06-29 12:00:00,32.65152,24.203308,330.01544,101525.77,0.0,1.0163281
2002-06-30 12:00:00,33.07434,22.480469,329.10385,101405.91,1.6155291e-06,1.303478
2002-07-01 12:00:00,34.154358,23.72174,297.0164,101174.55,6.094569e-05,1.6046041
2002-07-02 12:00:00,32.160706,21.701508,331.49036,101112.59,8.7124754e-05,1.5260358
2002-07-03 12:00:00,34.376434,23.581787,337.73212,100957.984,0.0,2.8592916
2002-07-04 12:00:00,36.19812,24.075165,330.46445,100708.88,7.112326e-05,3.336164
2002-07-05 12:00:00,29.819061,21.760132,348.82056,100849.66,2.4868592e-05,2.0345547
2002-07-06 12:00:00,30.375275,19.319977,354.37143,100893.48,0.0,1.8984438
2002-07-07 12:00:00,31.20459,20.611847,251.95378,100710.61,0.0,1.0353076
2002-07-08 12:00:00,28.565613,22.220825,215.49733,101011.34,1.2055388e-05,2.9912436
2002-07-09 12:00:00,26.455658,21.230652,164.58713,101535.61,7.442105e-06,2.5623152
2002-07-10 12:00:00,31.451508,23.036804,169.96347,100786.086,0.00017292619,2.1113126
2002-07-11 12:00:00,24.996948,16.754974,348.32397,100988.43,0.0,3.7233858
2002-07-12 12:00:00,27.754639,17.271606,345.42776,101414.05,0.0,1.8452348
2002-07-13 12:00:00,29.86853,20.873535,318.29904,101402.72,0.0,1.4228508
2002-07-14 12:00:00,30.927277,18.869507,285.84763,101173.125,1.0436851e-05,1.1068741
2002-07-15 12:00:00,33.02643,21.900879,235.55782,100779.64,1.209283e-05,2.9408596
2002-07-16 12:00:00,32.408203,22.664062,251.62997,100233.375,5.8059763e-05,3.536666
2002-07-17 12:00:00,30.344452,18.247192,347.53638,100901.25,0.0,2.23061
2002-07-18 12:00:00,35.92102,20.326172,315.4226,100731.266,0.0,2.590234
2002-07-19 12:00:00,35.6174,23.855774,323.93872,100139.34,1.8448649e-05,3.0272467
2002-07-20 12:00:00,33.462677,21.432373,323.5033,100095.11,3.5148343e-05,2.9706209
2002-07-21 12:00:00,29.04422,21.822357,292.70493,100155.234,0.0,3.8442934
2002-07-22 12:00:00,26.431763,20.755798,218.64919,100522.47,0.0,3.709329
2002-07-23 12:00:00,29.985535,18.250977,319.0719,100929.27,0.0,0.5601978
2002-07-24 12:00:00,27.395447,20.843445,121.55531,100503.38,0.00011463856,3.4423892
2002-07-25 12:00:00,25.858887,19.711761,294.53333,100441.2,8.512394e-05,4.171917
2002-07-26 12:00:00,29.203949,18.821869,337.98196,101184.45,0.0,2.4724352
2002-07-27 12:00:00,31.218597,19.379944,232.70114,100732.23,6.773508e-05,1.3548641
2002-07-28 12:00:00,28.426117,18.122986,327.96518,100755.375,1.4485764e-07,1.3785025
2002-07-29 12:00:00,32.56479,20.46756,303.8447,100774.41,0.0,2.1537123
2002-07-30 12:00:00,32.90503,21.788513,205.7697,100736.48,6.5524973e-06,1.9230757
2002-07-31 12:00:00,32.833527,21.485748,316.37433,100688.82,1.1348633e-05,1.7764152
2002-08-01 12:00:00,33.963654,23.259521,302.48795,101072.28,0.0,2.483497
2002-08-02 12:00:00,32.553955,20.700958,329.69205,101563.375,0.0,2.5443895
2002-08-03 12:00:00,34.243652,19.821686,323.7455,101651.07,0.0,1.072443
2002-08-04 12:00:00,35.87857,21.580017,323.23813,101588.2,0.0,2.1770203
2002-08-05 12:00:00,34.91678,22.034668,323.6211,101657.24,0.0,2.7774696
2002-08-06 12:00:00,35.158813,21.852356,302.51022,101348.34,0.0,2.8492372
2002-08-07 12:00:00,32.16086,20.48236,82.01893,101181.22,0.0003679906,2.2907758
2002-08-08 12:00:00,24.060272,18.335846,291.392,101404.66,0.00022276487,2.1992981
2002-08-09 12:00:00,26.165588,18.781006,253.51114,101796.05,3.7323488e-07,2.0464914
2002-08-10 12:00:00,28.009491,19.640198,226.66582,101699.9,0.0,2.3762136
2002-08-11 12:00:00,26.721771,21.027222,271.09122,101527.88,0.0,1.5656176
2002-08-12 12:00:00,26.334198,17.777222,279.43613,101722.62,0.0,1.3123909
2002-08-13 12:00:00,23.699493,21.31015,98.706795,100995.56,0.00077948364,1.4143789
2002-08-14 12:00:00,26.348083,20.045227,303.57166,101305.984,1.8657389e-06,1.7113843
2002-08-15 12:00:00,27.904785,20.001892,244.68753,101226.98,0.0,2.0510607
2002-08-16 12:00:00,26.596771,21.93155,296.0247,100670.234,1.0428436e-05,1.4536505
2002-08-17 12:00:00,27.282043,17.380402,308.24963,101593.2,0.0,2.3342035
2002-08-18 12:00:00,28.72403,18.29715,290.0317,101832.836,0.0,1.3245822
2002-08-19 12:00:00,29.184143,19.748169,265.15698,101516.05,0.0,3.4597802
2002-08-20 12:00:00,31.644318,21.079437,276.83008,101276.17,0.0,1.9537855
2002-08-21 12:00:00,32.583557,24.210205,247.82515,100891.07,5.3116506e-05,2.9356089
2002-08-22 12:00:00,29.414978,23.527039,170.86821,100899.516,3.6127165e-07,2.3082001
2002-08-23 12:00:00,25.293,16.167969,300.39938,101603.03,4.2138883e-08,2.6178162
2002-08-24 12:00:00,27.066101,14.860107,295.14362,101663.33,0.0,1.0645235
2002-08-25 12:00:00,24.013702,17.4122,107.96705,101277.18,9.026301e-05,2.7842107
2002-08-26 12:00:00,26.683289,20.940704,199.41592,100344.06,0.00015846059,2.536296
2002-08-27 12:00:00,24.470947,16.886047,276.2021,100396.2,3.3620992e-08,3.8129554
2002-08-28 12:00:00,21.980469,12.419434,291.98767,101121.61,0.0,2.7820451
2002-08-29 12:00:00,24.89151,14.052216,286.95993,101357.46,0.0,1.6318122
2002-08-30 12:00:00,26.902222,16.016876,268.89188,101502.03,0.0,1.5707406
2002-08-31 12:00:00,28.13562,16.303955,274.11508,101700.09,0.0,2.206658
2002-09-01 12:00:00,29.412445,16.840393,264.64053,101906.51,0.0,1.4412174
2002-09-02 12:00:00,29.092834,17.486694,219.52882,102139.836,3.4670993e-08,1.3713725
2002-09-03 12:00:00,29.83554,18.4234,255.06961,101793.26,7.453656e-05,1.7264041
2002-09-04 12:00:00,25.785187,19.751404,194.64296,101762.695,6.149437e-06,1.0589676
2002-09-05 12:00:00,21.772217,17.949951,128.44562,101986.49,0.0004962746,3.4538124
2002-09-06 12:00:00,28.81009,19.098572,248.11667,101620.1,1.5545287e-07,0.8970759
2002-09-07 12:00:00,25.355469,17.820831,266.3258,102150.28,0.0,1.8155423
2002-09-08 12:00:00,27.832916,18.301819,244.39404,101582.34,2.8985298e-07,2.796273
2002-09-09 12:00:00,26.685791,19.60431,187.52551,100856.914,0.00029721874,1.0861527
2002-09-10 12:00:00,22.263397,17.797668,190.34073,101140.375,3.709402e-06,1.299164
2002-09-11 12:00:00,19.6427,16.227509,78.48067,101542.09,8.961124e-05,5.8097153
2002-09-12 12:00:00,19.057129,11.675171,265.95422,101747.56,0.0,2.301447
2002-09-13 12:00:00,22.817322,11.875763,258.84238,101804.664,0.0,1.8591399
2002-09-14 12:00:00,23.778168,14.8854065,241.76187,101851.375,0.0,1.6043878
2002-09-15 12:00:00,20.651733,12.648468,253.8894,102375.32,0.0,1.4644
2002-09-16 12:00:00,26.692871,14.789154,242.38364,102103.98,0.0,2.6976554
2002-09-17 12:00:00,25.450745,17.747467,212.47922,101970.68,0.0,0.7868717
2002-09-18 12:00:00,22.273468,18.25824,222.01471,102692.766,0.0,2.889999
2002-09-19 12:00:00,25.905731,16.869629,227.1341,102402.73,6.967209e-07,1.73234
2002-09-20 12:00:00,23.295746,19.105377,53.09604,101691.53,0.00054875517,0.8813275
2002-09-21 12:00:00,20.313019,16.801788,118.7046,101791.86,0.00026231044,2.3570216
2002-09-22 12:00:00,19.900696,16.589325,125.479004,102335.75,3.292682e-05,3.7954712
2002-09-23 12:00:00,18.460419,16.594696,36.518196,102465.984,9.0116584e-05,4.057616
2002-09-24 12:00:00,20.5195,17.680695,83.5651,102299.664,1.8485562e-05,2.6434515
2002-09-25 12:00:00,23.097473,16.756561,224.72888,102030.58,1.1307426e-07,1.2198988
2002-09-26 12:00:00,23.424316,15.055847,216.16756,101931.555,7.4205614e-06,0.5160094
2002-09-27 12:00:00,21.801117,18.134064,75.43459,102230.21,4.0949893e-05,1.0817134
2002-09-28 12:00:00,23.453278,19.5495,151.86757,102339.31,2.0234568e-06,1.4268898
2002-09-29 12:00:00,24.273956,18.158752,187.28488,102135.24,4.467117e-06,1.0682234
2002-09-30 12:00:00,22.310242,19.487183,100.14732,101794.664,3.5915855e-05,1.9450039
2002-10-01 12:00:00,24.804382,19.252197,137.68806,101043.164,8.428205e-05,2.5910378
2002-10-02 12:00:00,22.654694,12.32782,176.18332,101594.87,0.00016894005,5.146213
2002-10-03 12:00:00,16.729462,8.809906,216.70909,102688.06,0.0,2.649699
2002-10-04 12:00:00,20.10608,12.937164,116.12226,102839.59,1.1390296e-06,2.4173965
2002-10-05 12:00:00,20.747498,18.550568,35.355133,102135.1,0.0002031924,3.353429
2002-10-06 12:00:00,22.414276,17.777893,168.87468,101826.766,1.0364012e-06,1.391635
2002-10-07 12:00:00,22.082184,15.936462,173.42339,102240.38,0.0,0.5829426
2002-10-08 12:00:00,20.624146,16.858063,67.16185,102223.64,1.2216793e-05,1.2611605
2002-10-09 12:00:00,21.945404,18.4693,77.25758,101887.06,3.242362e-05,2.135424
2002-10-10 12:00:00,19.941956,13.411621,166.00201,101690.336,0.00059500296,4.0067053
2002-10-11 12:00:00,14.988647,8.12085,199.135,102120.69,0.0,2.0052352
2002-10-12 12:00:00,16.971893,8.495514,180.77481,101844.74,0.0,1.915582
2002-10-13 12:00:00,19.293488,9.281799,183.84976,101512.59,0.0,2.3726494
2002-10-14 12:00:00,18.358582,11.397064,186.89185,101930.25,0.0,0.71500677
2002-10-15 12:00:00,21.409973,11.141754,180.33725,102189.99,3.7690295e-09,2.6288042
2002-10-16 12:00:00,20.199432,13.508087,119.86364,101395.81,7.5554374e-07,1.9850391
2002-10-17 12:00:00,13.42392,5.8953247,181.19601,101502.43,0.0,1.9242871
2002-10-18 12:00:00,18.61377,8.771515,178.58894,100810.9,0.0,3.5164027
2002-10-19 12:00:00,17.115936,8.673248,183.75069,101573.43,1.2826151e-08,2.714499
2002-10-20 12:00:00,12.024567,4.9742737,178.01231,102709.16,0.0,2.3912497
2002-10-21 12:00:00,17.634308,7.407074,158.804,102767.3,0.0,1.6021675
2002-10-22 12:00:00,19.118805,12.249023,70.184555,102091.086,2.4012325e-05,1.396698
2002-10-23 12:00:00,20.723572,14.833038,146.11163,101709.81,9.818487e-06,2.4958317
2002-10-24 12:00:00,18.05658,8.408844,170.66759,102549.53,0.0,2.6705344
2002-10-25 12:00:00,15.19339,5.2295227,145.18689,102319.24,0.0,1.4562235
2002-10-26 12:00:00,15.571136,11.240387,125.57519,101091.58,3.4675137e-05,2.5333078
2002-10-27 12:00:00,11.628235,4.389557,166.93774,102151.33,0.0,2.9116924
2002-10-28 12:00:00,14.115723,3.7890625,142.9998,102218.18,0.0,2.1104305
2002-10-29 12:00:00,15.750305,11.012451,142.4945,100777.164,2.4939807e-06,1.8212591
2002-10-30 12:00:00,12.395477,8.325012,150.06735,99822.52,1.7034291e-07,5.665398
2002-10-31 12:00:00,12.702301,5.810089,133.50005,101622.54,8.113521e-08,3.677977
2002-11-01 12:00:00,16.343628,3.3060913,150.17177,102380.836,0.0,1.0301157
2002-11-02 12:00:00,19.911652,7.821228,111.2122,102694.125,0.0,2.1391141
2002-11-03 12:00:00,20.118225,15.338593,30.592129,101774.45,0.00032936648,3.2207968
2002-11-04 12:00:00,19.806671,16.986847,139.31537,101262.91,3.0024255e-06,2.7085812
2002-11-05 12:00:00,18.141144,7.8408813,56.91598,101811.88,3.84126e-08,2.9566033
2002-11-06 12:00:00,7.838043,3.9389648,19.786396,101405.9,0.00034063036,4.1487303
2002-11-07 12:00:00,8.125275,2.5726013,142.69589,101068.48,1.7358408e-07,4.154083
2002-11-08 12:00:00,8.131622,0.8258362,138.58917,101921.16,2.994516e-09,2.1483705
2002-11-09 12:00:00,7.4889526,1.6467896,134.42607,101845.39,3.1886648e-07,2.844138
2002-11-10 12:00:00,6.7695923,-1.2079468,140.24403,102640.766,0.0,1.406993
2002-11-11 12:00:00,10.072754,2.7223816,70.44954,102095.39,5.403548e-07,3.2038307
2002-11-12 12:00:00,9.913818,4.6793823,90.96332,101128.23,2.3016082e-06,3.0713
2002-11-13 12:00:00,7.1347656,-0.39102173,127.91298,101970.56,0.0,2.624491
2002-11-14 12:00:00,4.7025146,1.4762268,20.950531,101542.17,0.00020020155,1.9810002
2002-11-15 12:00:00,5.7981873,1.9418945,129.20255,101524.805,7.999954e-06,3.18317
2002-11-16 12:00:00,7.5870667,-0.989563,120.76382,101939.414,1.4936353e-06,2.4496198
2002-11-17 12:00:00,9.056732,-1.6023865,124.85059,102150.31,2.7649125e-07,1.4350126
2002-11-18 12:00:00,11.868744,2.3500671,34.331528,101434.73,0.00014310514,1.678166
2002-11-19 12:00:00,17.250488,6.586334,92.48082,98880.53,0.00036211396,5.037904
2002-11-20 12:00:00,6.587219,1.304779,125.24501,100718.766,1.9825115e-09,5.0143456
2002-11-21 12:00:00,4.067749,-0.32183838,121.90823,101076.95,0.0,2.7562878
2002-11-22 12:00:00,3.1176453,-2.0801392,100.84446,101379.59,6.713551e-08,3.0738597
2002-11-23 12:00:00,2.871582,-2.673523,121.053185,102481.08,1.5375061e-08,2.2904317
2002-11-24 12:00:00,4.288086,-1.5397644,108.51354,103292.305,0.0,2.4503284
2002-11-25 12:00:00,12.260193,3.010559,8.787562,101563.734,0.0006199261,6.0341897
2002-11-26 12:00:00,11.425629,3.63208,35.369816,100003.4,4.5962206e-05,5.8277006
2002-11-27 12:00:00,4.6546326,0.72579956,115.61149,100258.89,0.0,5.3488507
2002-11-28 12:00:00,5.654663,-1.5,100.1319,100719.81,0.0,1.7750828
2002-11-29 12:00:00,8.921753,-0.050872803,94.69839,101536.445,5.5235816e-09,1.0773262
2002-11-30 12:00:00,16.12677,3.8096008,66.05092,101555.56,1.1290434e-05,2.1778514
2002-12-01 12:00:00,18.960815,15.278656,33.598843,99841.47,0.00070606207,5.8899026
2002-12-02 12:00:00,16.943817,7.550354,88.121635,99616.97,8.545901e-06,3.5868711
2002-12-03 12:00:00,8.058777,3.4213562,107.162994,100122.24,8.9929344e-08,3.8217304
2002-12-04 12:00:00,8.599884,1.1058044,108.21922,101137.61,0.0,2.9972663
2002-12-05 12:00:00,7.1767273,-0.54763794,109.519066,102030.77,0.0,2.6862297
2002-12-06 12:00:00,5.4744263,-0.6980591,102.519905,102440.65,0.0,2.365654
2002-12-07 12:00:00,14.349548,2.2227173,24.893421,102251.48,9.6329706e-05,1.8594388
2002-12-08 12:00:00,15.095428,8.9652405,73.55342,102114.07,2.6501233e-05,1.4806114
2002-12-09 12:00:00,10.573914,4.5010986,96.2844,102253.484,0.0,2.2600093
2002-12-10 12:00:00,10.288635,5.4924316,100.82422,101985.984,0.0,2.1935518
2002-12-11 12:00:00,5.504547,-0.9878235,105.15694,102160.61,0.0,2.8263354
2002-12-12 12:00:00,4.1989136,-1.4164124,99.62064,101604.22,8.8968477e-10,3.0273097
2002-12-13 12:00:00,5.938751,0.88287354,71.373276,100929.6,5.3828934e-08,1.6568588
2002-12-14 12:00:00,9.894165,1.1959534,100.33627,100899.55,0.0,3.082673
2002-12-15 12:00:00,8.110138,2.9949646,40.86922,101468.76,8.499646e-06,2.3701622
2002-12-16 12:00:00,8.738953,2.1648865,96.862015,101436.195,1.9350877e-05,1.7639946
2002-12-17 12:00:00,6.8460083,0.2409668,96.77198,101239.18,2.7767635e-08,2.4752018
2002-12-18 12:00:00,7.513733,0.10903931,100.50763,101520.73,0.0,2.248757
2002-12-19 12:00:00,10.121948,0.34988403,64.78957,101955.36,5.194442e-05,2.6653643
2002-12-20 12:00:00,16.081818,4.6161804,54.994995,99802.95,0.0007914558,2.6256611
2002-12-21 12:00:00,5.404541,1.8710632,102.30613,101456.77,6.013141e-08,4.1117916
2002-12-22 12:00:00,5.4301147,-0.17294312,92.359825,102199.71,0.0,3.030934
2002-12-23 12:00:00,4.328949,-0.6766968,103.17181,102423.6,0.0,2.7881982
2002-12-24 12:00:00,1.0097961,-2.050232,101.95739,103031.56,0.0,2.454116
2002-12-25 12:00:00,1.9491882,-1.8039856,65.43248,103348.92,5.224125e-06,3.6756089
2002-12-26 12:00:00,14.005463,2.0317078,8.588235,102201.5,0.0005934192,5.760197
2002-12-27 12:00:00,16.598572,11.381226,58.9791,100111.75,0.0002755843,4.5268903
2002-12-28 12:00:00,11.273468,2.4077759,98.68675,100295.05,9.1615505e-08,3.8315775
2002-12-29 12:00:00,5.3170166,0.73757935,104.29733,101571.43,1.0521863e-07,3.8025951
2002-12-30 12:00:00,13.157166,-0.29092407,80.63723,101702.15,0.00011351877,3.1549137
2002-12-31 12:00:00,14.093445,7.7736816,102.7482,100391.55,0.00028148064,2.9337726
2003-01-01 12:00:00,8.859467,3.8307495,14.131462,100099.68,0.00035069115,4.153263
2003-01-02 12:00:00,10.517181,1.5469971,72.60909,99103.85,0.00020367946,7.0782013
2003-01-03 12:00:00,1.5038452,-2.1457825,104.39988,100649.41,6.9874693e-07,4.2905836
2003-01-04 12:00:00,3.7181091,-0.8144226,101.29094,100192.32,2.4244278e-07,3.7099528
2003-01-05 12:00:00,1.9185486,-1.7964783,107.82595,101033.24,0.0,3.3760898
2003-01-06 12:00:00,5.063843,-1.4178162,91.47188,100531.34,2.152837e-05,2.259664
2003-01-07 12:00:00,6.3282166,-4.705658,78.00756,99708.234,1.2760551e-05,1.7467158
2003-01-08 12:00:00,4.878937,-0.6079407,66.649475,98528.34,2.2118855e-05,5.236328
2003-01-09 12:00:00,-0.64785767,-4.435913,112.0383,100116.984,3.0863087e-06,5.861616
2003-01-10 12:00:00,-0.09152222,-7.9165344,109.80203,101564.54,0.0,2.9754572
2003-01-11 12:00:00,6.876068,-4.755432,102.134796,102162.516,0.0,1.2258767
2003-01-12 12:00:00,15.397278,1.2784119,23.609732,101784.984,7.6014025e-05,3.459394
2003-01-13 12:00:00,14.989349,6.022064,46.105804,101104.03,0.0012793769,2.5092163
2003-01-14 12:00:00,5.9698486,2.0434875,28.962528,101883.414,0.00015842244,4.737309
2003-01-15 12:00:00,11.913788,3.6848145,14.583689,100822.13,0.00033978108,6.469004
2003-01-16 12:00:00,11.840393,1.1736145,93.81994,99386.42,0.00014803682,3.720955
2003-01-17 12:00:00,1.1535339,-1.046936,92.08653,100867.43,4.440427e-06,5.4861574
2003-01-18 12:00:00,1.5888672,-1.3085938,98.60921,101387.16,4.5851596e-07,3.8323462
2003-01-19 12:00:00,0.4468689,-2.269226,124.506836,101918.625,0.0,3.2454333
2003-01-20 12:00:00,-0.0897522,-3.6309204,117.247826,102201.414,0.0,3.1875627
2003-01-21 12:00:00,1.9320068,-2.8858948,36.69598,101948.19,0.00010360303,4.7172694
2003-01-22 12:00:00,6.645294,1.6081543,13.706786,100671.125,0.0005356593,8.742967
2003-01-23 12:00:00,8.136536,2.774994,119.937454,99759.61,4.861897e-05,2.375022
2003-01-24 12:00:00,3.314392,-1.3694763,114.79723,100464.4,5.317175e-06,4.6279483
2003-01-25 12:00:00,-1.3777161,-4.354248,121.94068,100793.734,1.7330869e-07,4.8745494
2003-01-26 12:00:00,-1.1144104,-6.889099,134.54607,101586.88,4.683484e-09,4.406588
2003-01-27 12:00:00,3.6192017,-6.8423767,131.21597,101591.61,0.0,3.1797173
2003-01-28 12:00:00,8.713745,-5.071533,111.99534,101617.07,2.0088251e-08,1.3596766
2003-01-29 12:00:00,13.465515,8.297699,30.45145,98963.445,0.00059602375,6.1943393
2003-01-30 12:00:00,9.96814,1.2580261,114.448975,99084.85,3.6350325e-06,4.8708096
2003-01-31 12:00:00,2.062317,-0.8281555,129.06456,100441.6,3.1278157e-07,4.6144223
2003-02-01 12:00:00,1.6492004,-2.2443848,140.83653,101024.516,1.09059684e-07,3.377269
2003-02-02 12:00:00,5.7767944,-1.0149841,98.87989,100553.3,4.8853366e-07,3.7604768
2003-02-03 12:00:00,3.7159119,-2.4818115,130.90895,100883.734,2.0615518e-07,2.6571581
2003-02-04 12:00:00,-2.5787659,-9.603027,154.12282,101991.05,0.0,3.7423031
2003-02-05 12:00:00,0.20986938,-7.146179,152.33086,101910.59,1.553916e-07,2.1269085
2003-02-06 12:00:00,-1.0090332,-6.0046997,154.35118,101704.61,3.9660972e-07,2.7565362
2003-02-07 12:00:00,-1.9411621,-8.262238,146.87033,101680.94,6.2505603e-07,5.139528
2003-02-08 12:00:00,1.3331299,-5.2874146,128.53044,101509.414,4.333324e-07,3.4418848
2003-02-09 12:00:00,2.7943726,-4.001587,160.86375,101688.21,5.605955e-10,2.6221845
2003-02-10 12:00:00,11.683258,-0.857666,151.34695,100978.375,1.6502693e-06,2.8994331
2003-02-11 12:00:00,8.101868,-5.281433,168.16411,101546.43,0.0,7.050567
2003-02-12 12:00:00,4.0665283,-2.9201355,163.88435,100929.49,0.0,4.7358313
2003-02-13 12:00:00,3.6531982,-1.1451416,164.14268,99679.09,9.657391e-08,3.6969395
2003-02-14 12:00:00,-1.1436768,-6.370392,173.45586,100141.81,1.1954091e-09,4.4519935
2003-02-15 12:00:00,-4.377716,-9.682953,161.63597,100137.98,6.005097e-08,5.281742
2003-02-16 12:00:00,0.8301697,-6.1525574,176.7351,100821.516,4.2474974e-07,6.2615952
2003-02-17 12:00:00,1.3096924,-4.5025635,179.21657,101649.48,0.0,4.873295
2003-02-18 12:00:00,0.60131836,-6.379669,180.39603,102560.5,0.0,2.6749275
2003-02-19 12:00:00,2.95932,-5.3375244,136.16042,102702.8,3.0144643e-06,3.0070307
2003-02-20 12:00:00,12.228729,1.9115295,16.175257,100342.79,0.00088673015,9.026335
2003-02-21 12:00:00,13.548431,2.07724,136.07257,98673.13,0.000108204316,4.4399667
2003-02-22 12:00:00,2.063202,-0.65859985,122.85576,99249.17,2.4544722e-06,3.6966348
2003-02-23 12:00:00,3.268219,-2.0162354,190.48901,100433.516,0.0,4.053429
2003-02-24 12:00:00,5.758209,-0.15893555,79.78816,100495.23,9.421295e-06,1.5110615
2003-02-25 12:00:00,12.242401,3.0992432,127.4212,99934.51,6.0992998e-06,3.23546
2003-02-26 12:00:00,8.458588,-2.255005,46.85103,100182.18,0.00020831599,3.7034829
2003-02-27 12:00:00,-2.3906555,-14.034241,208.41463,101117.85,2.6466796e-05,2.0342448
2003-02-28 12:00:00,3.610077,-12.182098,155.68843,101403.68,8.104675e-08,0.7119959
2003-03-01 12:00:00,5.6934814,-1.1272583,190.34904,100994.38,1.6565546e-05,3.6539063
2003-03-02 12:00:00,8.186707,-3.8414612,199.44286,100942.84,1.7516476e-07,1.3136572
2003-03-03 12:00:00,6.6868286,-3.6431885,205.06366,100564.02,3.9865445e-05,6.1006317
2003-03-04 12:00:00,4.616272,-5.898407,207.73772,102091.64,0.0,1.1792028
2003-03-05 12:00:00,10.406128,1.1296692,49.45496,101383.56,0.00022530546,5.8698587
2003-03-06 12:00:00,13.319336,-5.501129,118.60899,98919.41,0.00087752356,2.5201492
2003-03-07 12:00:00,-3.379181,-7.549591,221.89122,102255.78,1.4775088e-07,7.624526
2003-03-08 12:00:00,-0.8687134,-8.9991455,191.73883,104007.29,0.0,2.5736043
2003-03-09 12:00:00,8.117371,-0.88998413,133.40569,102352.97,5.3342195e-05,3.7472408
2003-03-10 12:00:00,9.421661,-0.62753296,113.72677,101576.71,0.0,3.1096241
2003-03-11 12:00:00,15.561707,3.902893,215.98836,100808.125,4.06836e-08,3.7511578
2003-03-12 12:00:00,13.303009,1.4972534,226.384,100916.46,8.261143e-06,3.4881096
2003-03-13 12:00:00,1.3307495,-4.048523,233.18495,102222.23,0.0,4.0331855
2003-03-14 12:00:00,2.498291,-5.7660217,233.8588,102938.51,0.0,1.1452713
2003-03-15 12:00:00,13.161896,2.4797974,144.57018,101137.08,6.0736013e-05,2.2876687
2003-03-16 12:00:00,11.119415,1.4481812,228.9273,101617.78,0.0,2.6877043
2003-03-17 12:00:00,12.80661,1.6287842,79.59916,101040.945,6.694581e-05,1.395655
2003-03-18 12:00:00,10.726105,1.9549866,168.0002,100887.01,0.00011562135,2.5042973
2003-03-19 12:00:00,11.810028,2.557434,163.28113,99869.34,0.00021746145,1.5542976
2003-03-20 12:00:00,6.8345947,-1.3898926,220.35472,100872.79,8.5413615e-07,3.1788313
2003-03-21 12:00:00,6.7230835,-1.6946716,252.3026,102038.89,3.097219e-08,1.3946006
2003-03-22 12:00:00,11.170166,0.8475647,187.76384,102186.016,0.0,1.0518117
2003-03-23 12:00:00,7.837311,-0.10177612,72.15629,102064.13,1.3129244e-06,5.042336
2003-03-24 12:00:00,1.5855103,-1.9528809,249.61728,102054.92,0.0,4.658448
2003-03-25 12:00:00,3.985321,-2.319519,219.82922,102476.57,2.1168244e-06,3.7624898
2003-03-26 12:00:00,5.88089,-0.6983032,208.02916,102926.06,4.078898e-06,3.906167
2003-03-27 12:00:00,6.957062,-1.0743713,262.6084,102795.79,3.2274755e-07,2.904707
2003-03-28 12:00:00,8.575775,-0.7206726,269.0899,102075.375,0.0,1.6725044
2003-03-29 12:00:00,8.567932,-0.55441284,156.18791,101377.34,0.0,1.3615687
2003-03-30 12:00:00,10.3767395,1.6330872,174.02927,101143.805,7.115608e-07,1.7100298
2003-03-31 12:00:00,11.572937,3.8771667,201.10269,100832.13,0.0,2.531652
2003-04-01 12:00:00,8.992249,1.289032,201.40524,101402.164,0.0,2.423918
2003-04-02 12:00:00,8.705566,1.0333252,211.36522,101509.445,0.0,4.023538
2003-04-03 12:00:00,10.969879,1.2879944,281.2258,101610.4,0.0,2.9003441
2003-04-04 12:00:00,13.523102,1.6054077,283.76468,102050.45,0.0,2.343771
2003-04-05 12:00:00,15.391846,2.8657837,288.4253,101871.695,0.0,2.3653562
2003-04-06 12:00:00,17.281738,6.813324,218.01186,100522.34,0.0,3.6744192
2003-04-07 12:00:00,14.694458,5.4762573,189.53134,100070.71,7.871293e-05,3.228867
2003-04-08 12:00:00,5.28537,-2.3831787,298.05508,101320.79,0.0,4.2302847
2003-04-09 12:00:00,9.131805,-2.2583008,292.5131,101497.48,0.0,2.9762988
2003-04-10 12:00:00,11.564606,2.5437012,295.05603,101372.29,5.7079523e-09,2.7268455
2003-04-11 12:00:00,17.160889,1.5933533,294.60858,102081.96,0.0,1.3666104
2003-04-12 12:00:00,19.878418,6.6078796,188.19958,102161.74,0.0,3.3411033
2003-04-13 12:00:00,23.248596,15.758881,265.0129,101637.29,0.0,4.278932
2003-04-14 12:00:00,24.587463,14.144745,293.36743,101585.41,0.0,2.7859027
2003-04-15 12:00:00,26.573486,13.139954,288.299,101501.26,0.0,3.2046363
2003-04-16 12:00:00,27.36966,17.70813,292.806,101605.1,0.0,3.4222298
2003-04-17 12:00:00,24.096344,17.702301,85.411736,101673.89,1.05025765e-05,2.6954238
2003-04-18 12:00:00,23.19815,16.777985,208.74246,101159.2,8.821412e-05,2.0066788
2003-04-19 12:00:00,21.08789,11.589508,285.1615,101520.74,0.0,2.1779854
2003-04-20 12:00:00,16.47522,11.457825,90.27202,101283.375,0.000120528006,2.2952702
2003-04-21 12:00:00,13.921143,10.229004,121.64816,101483.516,3.818112e-05,2.611978
2003-04-22 12:00:00,13.061188,6.7552795,314.0111,102156.43,0.0,3.2566571
2003-04-23 12:00:00,13.897369,7.392975,70.74064,102360.76,0.00015519263,4.570988
2003-04-24 12:00:00,19.415894,13.511353,151.00201,102096.69,0.0002229766,4.220913
2003-04-25 12:00:00,18.045715,14.977386,200.56308,101578.52,2.6178845e-05,2.4180288
2003-04-26 12:00:00,20.544617,12.787445,312.80127,101351.29,2.2849122e-08,3.1606247
2003-04-27 12:00:00,22.023407,12.00061,204.15889,100641.164,2.9220148e-06,2.1610527
2003-04-28 12:00:00,15.656036,7.778351,331.45926,101329.94,1.7779417e-08,4.64525
2003-04-29 12:00:00,14.636688,2.4548645,330.37167,102281.22,0.0,2.6415174
2003-04-30 12:00:00,14.05545,10.268616,314.25604,101906.64,0.0,3.1267097
2003-05-01 12:00:00,16.281982,2.4907837,325.57587,101938.43,0.0,1.6530463
2003-05-02 12:00:00,18.727966,14.564056,260.10168,99847.67,9.031825e-05,4.3287783
2003-05-03 12:00:00,15.537598,7.210266,332.0442,100849.46,0.0,2.7318997
2003-05-04 12:00:00,12.978485,4.6828003,315.43097,101758.27,0.0,3.0469468
2003-05-05 12:00:00,12.806702,4.3460693,343.00925,102009.836,0.0,3.1896083
2003-05-06 12:00:00,16.61322,4.693634,341.36252,102381.14,0.0,1.1378374
2003-05-07 12:00:00,20.155365,4.8529663,339.6264,102206.04,0.0,2.7327752
2003-05-08 12:00:00,21.17743,14.011627,121.12914,101427.266,2.4865363e-05,5.34368
2003-05-09 12:00:00,17.396393,12.543396,332.9907,100996.87,4.9375918e-05,4.262744
2003-05-10 12:00:00,14.958527,9.003113,302.22818,101334.24,7.826915e-08,4.7373266
2003-05-11 12:00:00,12.039886,4.0889587,354.27963,102019.99,0.0,5.0524597
2003-05-12 12:00:00,15.016937,2.8832397,196.78795,102565.05,2.1425969e-07,0.77017516
2003-05-13 12:00:00,28.653809,13.98056,334.05057,101674.92,0.0,4.5756063
2003-05-14 12:00:00,26.544403,10.017548,164.15338,102118.3,0.000141739,2.17057
2003-05-15 12:00:00,15.269348,4.5897827,283.91013,102544.664,4.2748047e-10,1.0779059
2003-05-16 12:00:00,16.18512,11.303345,93.75618,101593.0,0.00015336942,0.7510904
2003-05-17 12:00:00,21.268677,12.354706,335.5944,101528.1,1.130714e-06,1.4875778
2003-05-18 12:00:00,26.503418,14.048645,282.1559,101376.92,0.00016577833,1.6457409
2003-05-19 12:00:00,24.48825,17.295013,301.28476,101327.484,7.352073e-05,1.0816588
2003-05-20 12:00:00,22.836548,16.625671,164.72098,101178.15,0.00034045774,0.9280019
2003-05-21 12:00:00,17.644867,12.29248,350.23294,101471.195,0.0,3.0164382
2003-05-22 12:00:00,20.001862,8.696228,354.06647,101755.14,0.0,0.8615677
2003-05-23 12:00:00,21.565308,13.012512,262.3999,100969.01,4.671752e-08,2.7519126
2003-05-24 12:00:00,14.597931,5.8609924,358.94696,101533.38,0.0,3.8445888
2003-05-25 12:00:00,14.470276,4.1365967,310.7607,101765.48,0.0,3.3144832
2003-05-26 12:00:00,18.605804,5.504181,360.88388,101871.31,0.0,2.4600253
2003-05-27 12:00:00,22.950806,7.422882,316.29706,101859.07,0.0,1.9828004
2003-05-28 12:00:00,28.765167,16.63733,338.75864,100934.77,0.0,3.8653166
2003-05-29 12:00:00,32.17816,23.92929,309.70157,100095.55,5.72933e-06,4.1544337
2003-05-30 12:00:00,27.329285,17.220825,250.6498,100590.52,8.4487465e-06,1.29381
2003-05-31 12:00:00,18.888123,13.601379,210.33618,101573.71,2.14525e-05,3.8981621
2003-06-01 12:00:00,19.883575,10.751221,352.45523,101686.01,2.7490207e-08,2.3917232
2003-06-02 12:00:00,27.124664,17.245056,253.39757,100658.125,8.747131e-06,3.0969636
2003-06-03 12:00:00,25.218018,12.985474,361.02808,101602.05,0.0,2.4317527
2003-06-04 12:00:00,28.843933,20.372925,273.81738,101226.56,2.0550066e-05,2.8434448
2003-06-05 12:00:00,22.380127,15.478912,143.08298,100604.17,0.0002970621,1.9194876
2003-06-06 12:00:00,17.350006,10.069458,345.30112,101787.44,6.093757e-09,3.1038804
2003-06-07 12:00:00,18.512909,8.830933,363.1312,102803.87,0.0,1.914835
2003-06-08 12:00:00,19.89215,10.412781,360.82016,103231.836,0.0,1.9736173
2003-06-09 12:00:00,20.154663,10.828308,369.28134,103092.43,0.0,2.1488297
2003-06-10 12:00:00,23.52594,10.428406,366.02753,102414.27,0.0,1.6716468
2003-06-11 12:00:00,24.323395,12.700134,335.91953,101950.43,0.0,2.6224487
2003-06-12 12:00:00,26.668427,17.90741,268.09613,101862.78,1.9747504e-05,1.9893839
2003-06-13 12:00:00,28.357574,18.498413,312.8325,101867.58,4.4388595e-09,2.1685333
2003-06-14 12:00:00,32.10327,21.892792,341.34598,101378.92,2.6850036e-09,3.02505
2003-06-15 12:00:00,30.014343,24.63794,334.12692,100965.234,1.5930875e-07,2.8459983
2003-06-16 12:00:00,26.053467,16.871704,113.71303,101900.87,2.4453755e-05,2.1765225
2003-06-17 12:00:00,17.899353,15.520966,89.942726,102429.38,1.5279753e-05,3.6665893
2003-06-18 12:00:00,22.697052,16.372803,300.28256,102599.26,3.100072e-08,3.3830986
2003-06-19 12:00:00,24.55304,13.316132,338.0362,102647.516,0.0,1.8027515
2003-06-20 12:00:00,27.600098,16.516174,224.75134,102189.61,0.0,2.5833445
2003-06-21 12:00:00,26.34964,21.795502,148.64122,101554.25,3.9922772e-05,0.1679384
2003-06-22 12:00:00,24.329987,16.99533,333.22253,101687.43,9.33298e-06,2.3055959
2003-06-23 12:00:00,20.332916,17.29361,41.0231,101034.97,0.00056215475,4.0533104
2003-06-24 12:00:00,19.89038,16.878632,114.10053,100483.66,0.00033046782,3.1704702
2003-06-25 12:00:00,20.692963,15.509735,244.61168,101325.54,2.2342886e-06,2.750053
2003-06-26 12:00:00,23.326965,14.7812195,355.99136,101950.836,0.0,1.6359088
2003-06-27 12:00:00,26.792755,14.819519,359.14648,102060.336,0.0,1.8398886
2003-06-28 12:00:00,29.014648,18.307068,354.14587,101740.31,0.0,3.087263
2003-06-29 12:00:00,27.670654,18.432861,303.04633,101030.125,1.0590936e-05,3.2177649
2003-06-30 12:00:00,26.075256,18.433899,299.20624,100820.195,4.724479e-05,2.4295661
2003-07-01 12:00:00,25.432037,15.50058,358.9869,101426.32,0.0,1.3049713
2003-07-02 12:00:00,27.526978,17.163757,301.9365,101353.99,4.470518e-06,3.0201678
2003-07-03 12:00:00,29.729645,22.545532,332.3479,100874.93,1.5685295e-06,2.9796016
2003-07-04 12:00:00,24.343964,17.90387,345.41266,101226.74,6.416138e-08,3.028872
2003-07-05 12:00:00,25.313873,14.006012,362.17856,101405.14,0.0,2.7845273
2003-07-06 12:00:00,27.182495,14.703949,335.74173,101049.3,0.0,2.2788715
2003-07-07 12:00:00,26.567657,15.20932,346.61157,101244.82,0.0,1.4446924
2003-07-08 12:00:00,24.995514,19.117157,114.32475,101090.72,0.00014560318,3.6246235
2003-07-09 12:00:00,27.453674,20.687103,301.50137,100417.375,0.00011133791,2.908605
2003-07-10 12:00:00,25.053528,17.844666,282.01874,101043.65,3.1528091e-07,3.1764224
2003-07-11 12:00:00,27.085968,16.355835,354.0414,101595.29,0.0,2.1205702
2003-07-12 12:00:00,30.435425,17.28012,350.1703,101592.13,0.0,2.4950328
2003-07-13 12:00:00,32.446503,23.848297,257.27704,101304.32,3.564982e-06,3.6833668
2003-07-14 12:00:00,34.369324,24.62439,315.26395,100595.664,2.6208949e-05,3.988494
2003-07-15 12:00:00,28.04184,21.51941,344.047,100199.71,8.469014e-05,3.8729193
2003-07-16 12:00:00,26.391663,15.97757,310.22266,100575.78,1.45716e-06,2.6727061
2003-07-17 12:00:00,27.938477,16.753723,319.66977,100923.01,3.2125652e-06,2.634533
2003-07-18 12:00:00,28.56372,18.0719,294.01144,101362.33,1.0289772e-05,0.79525155
2003-07-19 12:00:00,25.667969,18.558899,70.260925,101413.9,0.00018246844,0.6235479
2003-07-20 12:00:00,26.255646,16.664337,338.62057,101073.9,1.5778344e-08,1.0763421
2003-07-21 12:00:00,29.803253,18.654572,339.28564,100875.98,5.9188825e-08,1.291813
2003-07-22 12:00:00,33.6315,20.32306,302.89938,100664.13,4.378264e-05,2.327721
2003-07-23 12:00:00,33.24466,21.362793,323.98746,100608.33,1.8995053e-05,1.59848
2003-07-24 12:00:00,30.993408,21.670624,325.09433,100798.266,2.9373954e-05,1.2335775
2003-07-25 12:00:00,34.87619,23.006378,291.40372,100672.33,5.2209216e-06,1.7448304
2003-07-26 12:00:00,33.467255,25.342102,284.16678,100656.484,0.0,2.22588
2003-07-27 12:00:00,34.026733,21.5672,297.96423,101133.54,6.13082e-05,1.4807792
2003-07-28 12:00:00,32.025055,20.40097,330.10284,101307.31,0.0,0.62060475
2003-07-29 12:00:00,30.998444,22.89212,199.12988,100889.71,4.234625e-05,2.4302154
2003-07-30 12:00:00,30.012848,26.038422,257.39948,100555.99,0.0,2.4139705
2003-07-31 12:00:00,28.27536,19.678162,281.02893,100854.24,3.8182543e-06,2.699882
2003-08-01 12:00:00,29.130798,19.563904,280.46487,101386.81,1.7383906e-07,1.3319763
2003-08-02 12:00:00,29.701935,21.639801,243.43748,101873.97,2.3723525e-09,2.663836
2003-08-03 12:00:00,26.722229,21.385925,155.7272,101711.94,8.249174e-05,4.2402034
2003-08-04 12:00:00,29.171448,21.714508,311.22473,101010.62,1.1209752e-06,2.7845218
2003-08-05 12:00:00,33.175293,19.72226,320.52707,101202.05,0.0,1.8500297
2003-08-06 12:00:00,33.58908,22.354614,274.29715,101061.74,7.69943e-05,2.0475795
2003-08-07 12:00:00,31.09436,22.256683,312.9256,101421.2,1.2044144e-06,1.3850932
2003-08-08 12:00:00,27.967163,20.939392,94.476395,101382.016,0.0001252191,0.727548
2003-08-09 12:00:00,28.701813,20.662903,224.7518,101039.375,6.6789114e-05,1.6062467
2003-08-10 12:00:00,28.543701,19.977386,309.17004,101283.43,4.2167067e-05,2.4834652
2003-08-11 12:00:00,25.748932,16.92096,287.784,101856.164,1.909378e-10,1.4706994
2003-08-12 12:00:00,27.47052,18.817413,234.94493,101409.87,3.3484318e-06,1.7526587
2003-08-13 12:00:00,32.92108,18.962341,303.78503,101195.266,0.0,1.901203
2003-08-14 12:00:00,36.62787,24.026947,301.47784,101005.84,0.0,2.605847
2003-08-15 12:00:00,36.724396,23.715729,295.38574,100835.88,0.0,2.0698154
2003-08-16 12:00:00,32.383484,21.483978,272.1771,100932.266,7.173537e-05,1.233019
2003-08-17 12:00:00,30.560364,21.585785,259.2095,101151.625,3.1470634e-05,1.3293105
2003-08-18 12:00:00,30.616394,23.589111,252.92511,101393.37,3.2428816e-05,3.4291894
2003-08-19 12:00:00,27.727783,24.012787,195.04509,101530.57,6.646568e-06,3.1865623
2003-08-20 12:00:00,30.52832,22.785736,224.7608,101337.82,4.56902e-05,2.3168738
2003-08-21 12:00:00,26.01056,18.956879,281.87936,101380.52,0.00014353011,2.1052034
2003-08-22 12:00:00,26.29889,17.15866,297.66058,101479.3,0.0,1.586739
2003-08-23 12:00:00,27.247498,17.81955,187.76295,101404.31,1.1342117e-05,2.2524319
2003-08-24 12:00:00,26.815918,19.95755,267.30972,101269.65,0.0001683282,2.0648994
2003-08-25 12:00:00,26.733429,18.865265,278.55017,101304.78,0.0,2.0003207
2003-08-26 12:00:00,27.262238,18.464478,286.1523,101161.17,0.0,2.090169
2003-08-27 12:00:00,26.406067,18.53366,259.38,101215.76,2.1374023e-09,2.2512975
2003-08-28 12:00:00,26.24115,18.057495,278.24164,101475.03,0.0,1.6009552
2003-08-29 12:00:00,24.128357,17.285034,289.4328,101850.75,0.0,2.4500272
2003-08-30 12:00:00,26.886108,14.172455,286.43857,102120.97,0.0,1.3269587
2003-08-31 12:00:00,26.493744,15.605621,281.9567,102415.81,0.0,2.3927531
2003-09-01 12:00:00,24.21109,19.64444,160.6082,102633.27,8.567941e-07,4.832548
2003-09-02 12:00:00,22.160248,20.091095,20.20428,102306.016,0.0008548783,5.690069
2003-09-03 12:00:00,25.39383,21.291199,134.88493,101685.49,0.00020021887,2.5538552
2003-09-04 12:00:00,23.589172,18.547333,77.57531,101721.22,0.00013788727,2.5921786
2003-09-05 12:00:00,25.541626,19.931244,139.12053,101379.766,8.1211234e-05,1.5016307
2003-09-06 12:00:00,22.01413,18.451355,113.35212,100929.52,0.00012473567,2.3324082
2003-09-07 12:00:00,19.08554,16.038269,112.470085,101352.05,4.465445e-05,3.553007
2003-09-08 12:00:00,19.898224,13.154266,268.087,102009.53,0.0,1.8426442
2003-09-09 12:00:00,22.361786,13.011414,267.01614,102354.414,0.0,0.72084224
2003-09-10 12:00:00,24.079712,12.799347,262.17746,102336.586,0.0,1.2422942
2003-09-11 12:00:00,24.057648,13.779999,259.37955,102041.96,0.0,1.4879609
2003-09-12 12:00:00,24.255219,14.435913,240.51372,101425.5,0.0,1.2010901
2003-09-13 12:00:00,25.351898,14.610535,245.0866,100641.94,0.0,1.8126857
2003-09-14 12:00:00,22.703796,17.3107,117.88482,100669.27,9.864536e-05,2.1466517
2003-09-15 12:00:00,18.122528,12.554718,237.59062,101631.13,2.7652861e-06,3.306217
2003-09-16 12:00:00,22.1221,11.269165,246.81464,102305.664,0.0,1.978959
2003-09-17 12:00:00,23.19806,13.437958,244.78023,102514.86,0.0,0.24841987
2003-09-18 12:00:00,21.959229,13.733368,217.92819,102656.4,8.7124687e-07,1.1829785
2003-09-19 12:00:00,22.999329,14.322052,222.11389,102612.36,1.2778744e-08,1.3767713
2003-09-20 12:00:00,24.200592,15.673584,195.46696,102367.75,8.366892e-06,1.8214569
2003-09-21 12:00:00,27.547821,17.368317,232.60402,101887.09,3.515198e-10,1.556843
2003-09-22 12:00:00,24.332642,14.007355,238.19238,102140.484,0.0,1.9766544
2003-09-23 12:00:00,25.94101,12.861359,235.40375,102007.91,0.0,1.0981711
2003-09-24 12:00:00,28.052094,16.032898,225.98068,102072.68,0.0,0.8094098
2003-09-25 12:00:00,27.186035,17.387299,179.75792,102539.83,0.0,1.5023493
2003-09-26 12:00:00,28.91803,17.748596,220.56497,102142.42,0.0,2.3944573
2003-09-27 12:00:00,28.466797,18.599915,211.45087,101348.98,0.0,2.3455586
2003-09-28 12:00:00,28.921204,14.586151,188.33699,100783.875,3.024174e-05,2.1930418
2003-09-29 12:00:00,14.372162,9.332916,222.729,101816.19,0.00013780255,5.4828653
2003-09-30 12:00:00,18.419495,8.517578,222.29823,101741.51,0.0,3.769395
2003-10-01 12:00:00,21.541016,11.310028,218.03241,100860.72,0.0,2.810162
2003-10-02 12:00:00,22.289703,12.184814,214.61586,100495.164,0.0,2.5329032
2003-10-03 12:00:00,24.12381,13.323456,210.49043,100832.99,0.0,2.2725744
2003-10-04 12:00:00,23.880463,12.85556,186.12024,101383.83,0.0,0.4385496
2003-10-05 12:00:00,24.425568,14.729675,201.49988,101487.76,7.5370934e-08,1.2438412
2003-10-06 12:00:00,23.655518,16.055847,192.45187,101704.125,2.6923319e-05,1.4580526
2003-10-07 12:00:00,22.79535,13.119202,169.72981,101805.18,0.0,0.9159659
2003-10-08 12:00:00,23.17865,14.228516,196.69167,101735.44,0.0,1.859388
2003-10-09 12:00:00,21.98941,13.761932,102.158134,101682.66,0.0,1.7314123
2003-10-10 12:00:00,20.456696,16.82663,40.13191,101909.92,3.698072e-05,1.6990211
2003-10-11 12:00:00,20.304932,18.217316,34.480244,102263.555,0.00018225408,2.9057186
2003-10-12 12:00:00,21.400238,18.781036,79.3974,102510.26,7.2846124e-05,2.483218
2003-10-13 12:00:00,22.89975,16.317413,144.47014,102390.91,1.3033556e-06,1.6077834
2003-10-14 12:00:00,23.416718,16.761261,170.65112,101700.99,9.9857886e-08,2.8429472
2003-10-15 12:00:00,21.403015,17.019196,73.066864,101332.49,1.737927e-05,0.9505508
2003-10-16 12:00:00,16.88147,13.897736,42.910416,101090.734,7.834479e-05,3.082395
2003-10-17 12:00:00,14.68634,10.872223,47.642593,100698.58,0.000119834694,4.657007
2003-10-18 12:00:00,10.796753,5.418274,176.76854,102198.29,4.359236e-09,3.4299123
2003-10-19 12:00:00,16.066986,7.4995117,126.96729,102312.586,5.655457e-07,3.4617224
2003-10-20 12:00:00,15.851776,14.270355,18.64795,101222.97,0.0007042212,5.636891
2003-10-21 12:00:00,17.15094,13.237854,122.0787,101722.195,2.0501966e-06,2.8037302
2003-10-22 12:00:00,18.548492,13.009674,158.16298,102042.41,1.4491827e-06,1.1933001
2003-10-23 12:00:00,15.121155,8.4071045,169.19252,102246.27,0.0,2.0503545
2003-10-24 12:00:00,16.496796,10.018494,94.92935,101971.305,8.598012e-06,2.2084205
2003-10-25 12:00:00,17.19635,15.235474,20.098598,100629.09,0.00059453154,3.3219073
2003-10-26 12:00:00,16.105133,11.818512,78.6916,100676.7,5.6502568e-06,2.390867
2003-10-27 12:00:00,13.736298,7.5532837,79.09001,100247.055,0.00068273075,3.5013196
2003-10-28 12:00:00,12.262543,6.92099,153.14938,101769.24,7.911618e-06,3.7455695
2003-10-29 12:00:00,11.646332,6.0882263,135.34384,102309.76,0.0,2.2121372
2003-10-30 12:00:00,14.489502,6.7838135,103.006096,101754.11,1.4776032e-06,0.90755165
2003-10-31 12:00:00,14.129303,8.439728,152.29965,101057.586,4.376631e-06,1.7971601
2003-11-01 12:00:00,14.230682,6.7886047,150.85605,101206.96,0.0,2.8363974
2003-11-02 12:00:00,12.121643,5.229767,149.61006,101524.43,6.5604394e-10,3.0948498
2003-11-03 12:00:00,8.5677185,1.6387634,151.75732,102062.24,0.0,1.2636609
2003-11-04 12:00:00,16.361664,3.9788208,31.767937,101429.44,5.535467e-05,3.649473
2003-11-05 12:00:00,18.318604,15.685028,54.882126,101506.98,2.0858208e-05,2.329762
2003-11-06 12:00:00,21.293701,17.557556,53.473503,101309.77,1.33220765e-05,3.3192072
2003-11-07 12:00:00,20.257477,11.8124695,134.59503,101126.805,0.0,4.1792655
2003-11-08 12:00:00,11.788269,6.38266,138.32014,101190.414,2.9894363e-09,4.3424516
2003-11-09 12:00:00,13.46344,5.5592346,137.86055,101138.25,1.0947422e-08,3.7852385
2003-11-10 12:00:00,12.312988,5.2905884,107.82999,101412.79,2.2285008e-07,2.5817788
2003-11-11 12:00:00,8.9157715,5.0662537,68.69104,101840.56,3.8612507e-06,2.7917414
2003-11-12 12:00:00,14.903503,3.9338684,79.437904,100324.46,0.00021750657,1.9600639
2003-11-13 12:00:00,7.8285217,1.0177917,127.775276,100991.9,2.5945985e-07,5.2434688
2003-11-14 12:00:00,10.951904,1.2308655,130.3013,101705.625,0.0,1.9144766
2003-11-15 12:00:00,9.984619,5.7209167,116.55511,101464.47,1.3159258e-05,3.2549384
2003-11-16 12:00:00,8.089447,2.0901184,129.44075,102090.9,1.9358174e-07,3.6948726
2003-11-17 12:00:00,8.110992,-1.1368408,119.4754,102110.59,0.0,0.566083
2003-11-18 12:00:00,18.217834,4.957062,9.731851,100634.77,0.00042448612,4.112361
2003-11-19 12:00:00,7.9101257,-2.8033142,128.0627,102294.89,0.0,4.8257775
2003-11-20 12:00:00,6.9512634,-1.0024414,71.28406,103103.35,1.3144122e-08,2.989449
2003-11-21 12:00:00,7.9342957,0.3977661,97.61705,102783.83,9.104546e-08,2.4469604
2003-11-22 12:00:00,6.053406,-0.61654663,118.298134,102358.0,1.6019854e-07,1.9949584
2003-11-23 12:00:00,6.558258,-0.8701477,117.712524,102564.83,6.9482276e-08,2.7680197
2003-11-24 12:00:00,7.916321,0.1076355,64.86432,102789.4,0.0,1.3330922
2003-11-25 12:00:00,8.715118,5.4411316,25.358973,102151.33,4.490967e-05,1.6238658
2003-11-26 12:00:00,10.035065,3.0274048,110.11036,101380.805,1.0357995e-06,2.673386
2003-11-27 12:00:00,11.121796,4.0611877,110.53544,101008.37,1.901684e-06,3.3063989
2003-11-28 12:00:00,9.799072,2.3388367,102.91795,101582.67,0.0,1.0273703
2003-11-29 12:00:00,15.318481,6.238312,55.373802,101776.38,5.151833e-06,2.589325
2003-11-30 12:00:00,17.382599,13.453949,23.785301,100640.54,0.0004568188,3.912998
2003-12-01 12:00:00,13.462402,4.767975,78.64719,99748.66,1.9806663e-05,4.199181
2003-12-02 12:00:00,5.7930603,2.3459473,107.57508,100286.164,2.8287374e-07,5.404415
2003-12-03 12:00:00,5.7515564,-0.57321167,108.60226,101056.98,0.0,2.9353592
2003-12-04 12:00:00,6.16037,-1.1324768,104.52873,101657.44,2.7657646e-07,1.9740735
2003-12-05 12:00:00,4.458313,-1.6764832,108.06927,102023.79,0.0,1.8631747
2003-12-06 12:00:00,9.739899,-0.5915222,41.554497,101733.03,0.00021515254,3.3051498
2003-12-07 12:00:00,12.425049,5.808075,95.58604,100415.28,6.187235e-05,3.5892465
2003-12-08 12:00:00,6.168091,0.078125,103.366325,101618.54,0.0,1.8480577
2003-12-09 12:00:00,2.9740906,0.7484741,42.007717,101555.75,1.3177986e-08,3.5038567
2003-12-10 12:00:00,4.0082397,-1.5260925,92.37455,101144.26,9.2229743e-07,1.2919781
2003-12-11 12:00:00,6.103424,1.1991882,102.116066,100835.625,3.0858995e-05,2.623834
2003-12-12 12:00:00,3.8630066,-1.1680908,44.15515,100786.04,4.387775e-05,2.0189552
2003-12-13 12:00:00,2.4844666,0.32489014,87.71572,100413.74,0.0001378279,5.3093605
2003-12-14 12:00:00,2.922577,-2.9763184,106.09796,101690.02,0.0,3.6240544
2003-12-15 12:00:00,1.3061523,-6.800049,101.38469,102569.44,0.0,2.245975
2003-12-16 12:00:00,6.08609,-2.4949646,29.385818,102750.86,4.3677257e-05,5.1629696
2003-12-17 12:00:00,13.637543,3.6792603,99.44899,100960.08,0.00031568576,1.5681748
2003-12-18 12:00:00,4.649658,-0.12890625,102.27103,101573.45,2.1922833e-10,3.9412599
2003-12-19 12:00:00,4.737152,-0.5855713,101.64818,101402.93,7.26333e-08,3.2053163
2003-12-20 12:00:00,6.4530334,-0.015563965,96.69586,100881.516,0.0,3.742835
2003-12-21 12:00:00,4.707794,-1.5808411,88.82205,101021.09,2.2814431e-06,2.5951874
2003-12-22 12:00:00,0.46072388,-3.0541687,104.525154,101981.234,0.0,3.0057955
2003-12-23 12:00:00,2.4979858,-3.547638,104.19601,102584.68,0.0,1.9671954
2003-12-24 12:00:00,4.201233,-2.1620178,103.11308,102586.875,0.0,1.8537192
2003-12-25 12:00:00,12.576569,2.6417847,10.234154,102052.83,0.0005966293,4.377018
2003-12-26 12:00:00,16.685272,12.018585,48.202747,101718.445,0.00019374263,2.597411
2003-12-27 12:00:00,16.774658,11.786743,31.868082,101836.06,1.6174554e-05,3.460724
2003-12-28 12:00:00,18.036926,7.2973633,42.72904,101253.37,5.904799e-05,3.365682
2003-12-29 12:00:00,7.464813,2.4811401,102.98073,101602.74,4.5230543e-08,2.6589313
2003-12-30 12:00:00,3.487671,-0.55267334,101.125275,101917.84,7.739253e-08,3.6042323
2003-12-31 12:00:00,1.6751404,-2.4652405,75.107765,102182.25,0.0,2.3315158
2004-01-01 12:00:00,3.336731,-1.6710815,71.55224,101723.11,0.0,1.4247645
2004-01-02 12:00:00,6.2535706,-0.17449951,12.953049,101308.64,0.0001635934,2.5107594
2004-01-03 12:00:00,5.872528,1.1802063,77.8319,100713.64,1.8467428e-05,3.0919363
2004-01-04 12:00:00,4.9051514,1.1550903,102.79221,101085.48,9.1601925e-07,3.1564806
2004-01-05 12:00:00,5.3230896,-3.421692,106.491234,101125.57,0.0,2.599467
2004-01-06 12:00:00,5.591919,1.1928711,33.566532,99968.79,6.537315e-05,2.2937682
2004-01-07 12:00:00,0.9986267,-5.262726,112.5976,101162.7,8.269466e-09,4.82405
2004-01-08 12:00:00,1.5900269,-3.2772827,110.64871,101576.14,0.0,3.4588187
2004-01-09 12:00:00,0.6262207,-4.2413025,99.15018,102543.74,1.7528324e-06,1.1692713
2004-01-10 12:00:00,0.10626221,-3.111969,108.95046,101605.12,2.7783166e-05,4.7008157
2004-01-11 12:00:00,-2.5377197,-11.7604065,116.891785,102948.19,1.0452707e-07,5.225999
2004-01-12 12:00:00,0.76272583,-14.02063,64.45507,103393.984,1.1174565e-07,0.95918894
2004-01-13 12:00:00,6.506714,-10.180389,114.931015,102657.82,0.0,0.9187814
2004-01-14 12:00:00,3.1035156,-5.9439697,26.777506,101555.81,5.7066016e-05,1.6762834
2004-01-15 12:00:00,5.749115,2.132721,37.990177,100452.81,2.3238068e-05,2.0605695
2004-01-16 12:00:00,3.2425537,-5.2121887,119.783264,101291.17,0.0,3.8468137
2004-01-17 12:00:00,3.9370728,-8.792297,118.58468,101865.46,0.0,3.0963159
2004-01-18 12:00:00,7.035034,-0.10107422,109.903694,100999.62,0.0,3.3755352
2004-01-19 12:00:00,5.4430237,-3.7122803,110.236084,101195.18,3.6825778e-08,2.4985182
2004-01-20 12:00:00,8.815338,-3.2963867,118.19374,101195.73,6.478697e-08,2.3868637
2004-01-21 12:00:00,8.251038,-1.0220337,79.16338,101274.08,1.1798877e-10,0.89883125
2004-01-22 12:00:00,8.223785,3.2884827,29.88737,101521.32,2.481958e-05,3.6942644
2004-01-23 12:00:00,7.4372864,4.712219,85.808586,102370.41,1.0101322e-05,4.918811
2004-01-24 12:00:00,5.522339,0.4429016,126.97399,102759.34,1.0031905e-06,3.565809
2004-01-25 12:00:00,10.002533,0.10324097,74.18258,102315.695,3.346362e-05,4.1784067
2004-01-26 12:00:00,15.246155,10.123108,16.306898,100675.98,0.0005011152,5.6751857
2004-01-27 12:00:00,14.57959,5.472931,112.4548,100323.1,0.00014009728,3.3721797
2004-01-28 12:00:00,6.5126038,-0.17877197,133.43782,101725.516,0.0,2.0327132
2004-01-29 12:00:00,8.412811,2.2962036,42.441856,101908.63,0.00014678895,1.3529373
2004-01-30 12:00:00,10.52298,2.7723083,131.77373,100847.55,0.00013374432,2.8971372
2004-01-31 12:00:00,3.5701904,-0.68273926,134.12065,100981.19,1.5503472e-06,3.904334
2004-02-01 12:00:00,2.114685,-2.1988525,137.31375,101437.414,7.7896e-07,2.9979174
2004-02-02 12:00:00,-0.6915283,-5.6254272,140.6619,102186.66,1.2677789e-07,3.768461
2004-02-03 12:00:00,-0.5099182,-7.2973633,120.72296,102063.32,6.935704e-08,1.418809
2004-02-04 12:00:00,-1.3420715,-4.495178,119.44234,101530.38,1.6795238e-06,4.5745206
2004-02-05 12:00:00,-1.2398987,-8.852692,127.939896,102614.234,0.0,2.477409
2004-02-06 12:00:00,5.3275757,-4.4762573,139.59105,102387.07,2.3850766e-06,1.160691
2004-02-07 12:00:00,5.3871155,-0.2487793,17.102297,101262.16,0.00026389232,4.130092
2004-02-08 12:00:00,7.451935,2.010254,33.24765,98874.15,0.00023909933,4.0844383
2004-02-09 12:00:00,3.0638428,-1.9012451,146.72614,100458.67,7.859758e-06,3.42905
2004-02-10 12:00:00,0.33258057,-5.7855225,165.8239,102521.32,0.0,2.9482832
2004-02-11 12:00:00,6.0247803,-4.143585,78.892624,102746.8,1.5246677e-06,0.77489734
2004-02-12 12:00:00,7.5545654,-2.0422058,159.55847,102607.17,3.9318213e-08,1.014965
2004-02-13 12:00:00,8.477722,1.2478333,68.01745,101093.766,1.2064661e-06,2.1322708
2004-02-14 12:00:00,8.057617,0.826355,158.47456,100444.15,0.0,3.16106
2004-02-15 12:00:00,8.463257,0.06604004,155.36627,101356.234,0.0,1.9716303
2004-02-16 12:00:00,12.121246,-0.5363159,161.63367,101564.266,0.0,2.8972123
2004-02-17 12:00:00,14.992493,4.4510193,151.0566,101469.85,0.0,1.9685186
2004-02-18 12:00:00,11.879608,4.870697,127.99027,100948.664,1.1154369e-06,2.596117
2004-02-19 12:00:00,8.319763,-0.87957764,177.62004,101992.61,0.0,2.4090397
2004-02-20 12:00:00,11.783691,3.696289,51.751293,101235.945,3.9534698e-05,1.0983418
2004-02-21 12:00:00,16.042511,7.300873,84.742485,100054.3,6.68923e-05,3.2975593
2004-02-22 12:00:00,7.09848,-1.4090576,180.50581,100921.61,2.4844542e-07,5.363619
2004-02-23 12:00:00,1.0777283,-2.2465515,168.1047,101074.76,1.6099025e-07,5.1121902
2004-02-24 12:00:00,2.0411682,-1.3386841,153.01234,101083.86,9.29005e-08,3.7641282
2004-02-25 12:00:00,2.1914978,-2.222107,180.59813,101553.06,1.7325267e-08,3.022906
2004-02-26 12:00:00,4.5459595,-2.6001282,146.65398,102382.87,0.0,0.08564763
2004-02-27 12:00:00,7.859436,2.3034058,131.10559,101146.58,0.00022387711,1.3204967
2004-02-28 12:00:00,7.3303833,3.087738,138.9832,101689.86,8.1047496e-08,2.9792156
2004-02-29 12:00:00,,,,,,
2004-03-01 12:00:00,5.2823486,-1.8544922,192.58257,101976.27,1.7072077e-06,1.9651293
2004-03-02 12:00:00,3.9736633,-3.1260986,205.92265,102232.37,0.0,2.0910094
2004-03-03 12:00:00,11.028076,1.2772827,202.09596,101937.766,0.0,2.3684833
2004-03-04 12:00:00,13.843109,2.1323853,203.2743,102066.2,0.0,2.6706138
2004-03-05 12:00:00,16.138947,3.3568115,204.51584,102268.33,0.0,2.7000055
2004-03-06 12:00:00,16.803009,7.2599792,130.8912,102030.08,1.00906545e-05,2.4288914
2004-03-07 12:00:00,15.235291,10.9557495,74.29148,101166.66,2.3704115e-05,2.9020374
2004-03-08 12:00:00,16.248047,10.5784,212.37234,100841.984,0.00018349447,2.2232156
2004-03-09 12:00:00,17.750519,6.5052185,33.91655,101529.96,0.00035671087,1.4441683
2004-03-10 12:00:00,18.440948,14.690155,69.733,100902.4,0.00031504154,4.595949
2004-03-11 12:00:00,14.738434,3.770996,87.42302,100938.51,0.00043449944,3.2070196
2004-03-12 12:00:00,6.585602,-0.8472595,232.35417,101736.98,0.0,2.253454
2004-03-13 12:00:00,11.690247,2.5482178,144.46962,101652.46,0.0,2.1270235
2004-03-14 12:00:00,8.661438,2.184021,113.506905,101690.09,1.2472397e-05,3.6696322
2004-03-15 12:00:00,2.2376099,-2.6730652,241.23746,102623.73,0.0,3.5728714
2004-03-16 12:00:00,9.112122,-1.6741638,138.64445,102683.8,9.588151e-06,2.1489892
2004-03-17 12:00:00,15.844299,8.889679,37.787086,101150.164,0.00068306265,2.9757073
2004-03-18 12:00:00,14.781891,11.038391,61.435043,100131.43,0.00015140898,1.6991398
2004-03-19 12:00:00,11.675873,8.233917,177.37471,100723.445,2.5075635e-05,2.655788
2004-03-20 12:00:00,9.496399,1.9323425,173.1772,101400.086,1.01973505e-08,1.275718
2004-03-21 12:00:00,7.9608765,5.0578003,34.80165,100778.52,0.000496426,4.285551
2004-03-22 12:00:00,7.579529,2.9170837,138.33235,100934.72,6.7483925e-05,4.192123
2004-03-23 12:00:00,8.809021,4.6498413,29.927496,99993.56,0.00046680207,5.8142886
2004-03-24 12:00:00,9.347931,2.6970215,162.15115,98711.04,0.00010637761,3.8845072
2004-03-25 12:00:00,5.688385,1.8129578,162.69724,99354.17,1.2527778e-06,4.19135
2004-03-26 12:00:00,6.9986267,0.38284302,189.05702,100892.336,4.973502e-06,2.7787068
2004-03-27 12:00:00,8.304352,-0.774353,170.33679,102126.16,3.294685e-05,0.50809956
2004-03-28 12:00:00,10.317078,5.8707886,241.26408,101729.555,6.2945486e-07,3.626446
2004-03-29 12:00:00,9.511902,0.14724731,178.93166,102580.945,0.0,2.5328557
2004-03-30 12:00:00,7.11438,3.3947754,40.8482,101662.93,0.00028500176,4.734208
2004-03-31 12:00:00,8.093811,3.408783,238.38873,101640.62,5.0978742e-06,4.5055327
2004-04-01 12:00:00,12.424286,-0.538147,279.21695,101974.52,0.0,2.2485945
2004-04-02 12:00:00,13.607239,8.139404,198.30681,100677.414,0.0,3.9844644
2004-04-03 12:00:00,10.364014,-0.10256958,267.5651,101408.04,0.0,3.7578902
2004-04-04 12:00:00,3.1741943,-3.7764282,292.39108,102934.99,0.0,2.6753743
2004-04-05 12:00:00,9.219055,-1.1247559,133.66733,102684.86,1.681739e-05,2.0099695
2004-04-06 12:00:00,10.984955,8.477722,72.60081,101743.41,0.0002066612,2.0107765
2004-04-07 12:00:00,13.425232,4.2181396,283.1681,102278.35,3.3591803e-07,2.2820778
2004-04-08 12:00:00,16.864319,5.8797913,274.1633,102467.945,0.0,2.331697
2004-04-09 12:00:00,19.2995,7.8165894,272.33478,101862.875,0.0,1.6021254
2004-04-10 12:00:00,21.652893,11.048218,213.25546,101055.92,7.771503e-09,1.8491046
2004-04-11 12:00:00,18.11319,11.861481,276.51938,100665.93,3.895641e-08,2.819978
2004-04-12 12:00:00,12.369537,3.8524475,287.74417,101251.4,0.0,1.0617067
2004-04-13 12:00:00,11.569641,7.939972,43.345066,100208.984,8.209902e-05,0.7126841
2004-04-14 12:00:00,10.728973,3.2058716,309.1262,100170.734,7.4452755e-06,5.5338035
2004-04-15 12:00:00,8.47821,-1.33255,307.495,100909.07,0.0,2.816378
2004-04-16 12:00:00,10.537079,1.2529297,312.0021,101695.19,7.445399e-09,2.1866708
2004-04-17 12:00:00,16.715912,2.3302307,306.31445,102085.516,0.0,2.6357887
2004-04-18 12:00:00,20.85904,9.328461,248.91335,101354.11,0.0,2.6575928
2004-04-19 12:00:00,22.473114,10.391846,217.08566,100943.66,6.973361e-07,1.6806786
2004-04-20 12:00:00,17.277863,8.99469,43.91042,100565.766,0.00045621762,2.1531808
2004-04-21 12:00:00,8.851501,3.5266724,97.05535,101944.68,0.0001715175,4.670901
2004-04-22 12:00:00,9.959137,2.5176697,312.38565,102882.74,3.0415407e-07,2.4942374
2004-04-23 12:00:00,11.621399,3.7933044,260.80222,102675.29,9.7414976e-08,2.1744657
2004-04-24 12:00:00,15.72522,8.936737,133.03798,101548.086,9.015123e-06,1.6401098
2004-04-25 12:00:00,17.259766,6.6845703,315.4359,101307.08,4.527898e-06,1.4003235
2004-04-26 12:00:00,23.437714,10.352844,290.90997,100585.445,4.21847e-05,1.2545923
2004-04-27 12:00:00,20.58899,11.886566,230.6153,100353.305,4.7360786e-07,2.3097122
2004-04-28 12:00:00,17.190308,8.495453,322.87616,101082.54,0.0,2.2257428
2004-04-29 12:00:00,14.499054,4.4596863,240.29042,101794.16,1.2483726e-05,3.8424916
2004-04-30 12:00:00,11.347046,0.879303,333.21994,102526.16,0.0,2.767204
2004-05-01 12:00:00,15.493042,2.6463623,320.07498,102555.65,0.0,1.5248702
2004-05-02 12:00:00,19.24295,7.151703,182.22633,102046.47,0.0,2.3824112
2004-05-03 12:00:00,25.777924,12.580658,317.3385,101526.836,0.0,2.7948346
2004-05-04 12:00:00,28.155548,14.858063,311.1645,101258.0,0.0,3.203868
2004-05-05 12:00:00,29.600677,18.281097,307.27377,101267.914,6.812895e-05,2.4478772
2004-05-06 12:00:00,24.714539,16.182251,251.05249,101488.4,4.883247e-05,1.8168043
2004-05-07 12:00:00,21.71466,17.43805,112.21821,100976.98,6.818323e-05,3.8624122
2004-05-08 12:00:00,19.74878,15.394928,103.69037,100658.164,0.0002444503,0.7911429
2004-05-09 12:00:00,15.457214,12.720398,76.16412,100705.68,2.4801015e-05,3.7401824
2004-05-10 12:00:00,18.923035,11.617859,233.51534,100424.39,5.578339e-07,2.046769
2004-05-11 12:00:00,20.130249,11.90686,340.65585,101017.16,0.0,2.0003195
2004-05-12 12:00:00,23.269684,10.576965,335.37482,101277.516,0.0,1.088739
2004-05-13 12:00:00,25.698761,14.632782,273.65637,101033.08,2.2130066e-06,2.9638362
2004-05-14 12:00:00,21.376373,15.812134,124.25184,100409.734,8.138576e-05,2.4253633
2004-05-15 12:00:00,17.994263,11.581482,244.19885,100290.516,2.4120405e-05,4.1712446
2004-05-16 12:00:00,17.390533,11.866821,350.81534,100678.555,4.6968452e-08,3.5750332
2004-05-17 12:00:00,20.718842,8.100037,353.74017,100782.01,0.0,3.155969
2004-05-18 12:00:00,22.796661,12.715607,231.76144,100493.53,1.4778442e-06,1.0216404
2004-05-19 12:00:00,20.609772,12.779663,346.7176,101085.83,1.8576806e-07,3.3853083
2004-05-20 12:00:00,18.104675,9.727051,102.51306,101111.32,0.00018048164,1.9187527
2004-05-21 12:00:00,19.195251,13.793976,291.261,99911.75,0.00021776604,1.500118
2004-05-22 12:00:00,16.924805,10.409729,313.45718,100801.12,3.7839226e-07,3.7512143
2004-05-23 12:00:00,18.013885,7.0829163,355.77097,101930.56,0.0,2.2421107
2004-05-24 12:00:00,22.886261,11.779541,271.5023,101614.62,1.2937691e-07,3.4396293
2004-05-25 12:00:00,26.614044,15.486542,339.18884,101158.2,2.2000793e-06,2.3046951
2004-05-26 12:00:00,24.146118,18.82837,241.84923,101378.62,2.487078e-07,1.1915281
2004-05-27 12:00:00,22.504425,16.11554,202.7446,101716.35,1.9883976e-06,1.512208
2004-05-28 12:00:00,19.566193,15.182648,98.87801,102016.88,1.8484567e-05,2.1052408
2004-05-29 12:00:00,28.927307,16.453583,205.03207,101151.08,1.7938117e-05,1.6576358
2004-05-30 12:00:00,24.302917,16.108337,283.60776,101551.29,1.7696648e-06,1.6012033
2004-05-31 12:00:00,19.88446,10.818695,259.06195,101446.14,8.324428e-06,2.6975918
2004-06-01 12:00:00,22.825867,16.415558,128.41602,100598.72,0.00021692557,1.9094287
2004-06-02 12:00:00,24.25647,16.251068,305.43826,100689.22,6.7838795e-05,2.7563376
2004-06-03 12:00:00,16.058716,9.5937805,271.01062,101272.57,4.2522024e-05,3.2247107
2004-06-04 12:00:00,15.132172,6.533539,331.29953,101311.08,7.680778e-10,3.8578577
2004-06-05 12:00:00,18.894897,7.1105347,352.71735,101516.0,3.6456623e-08,2.5082083
2004-06-06 12:00:00,16.952026,11.3289795,52.08959,100900.57,0.000119825236,0.83787936
2004-06-07 12:00:00,19.391144,11.046204,325.0803,101360.88,2.2299964e-06,0.48129112
2004-06-08 12:00:00,21.214386,14.417999,279.47577,101894.836,9.184326e-06,0.72088593
2004-06-09 12:00:00,26.24936,15.259369,307.1867,101566.57,8.534521e-06,2.921124
2004-06-10 12:00:00,25.572937,19.43274,210.89372,101203.68,0.0,0.5781683
2004-06-11 12:00:00,19.309235,16.392548,41.633984,102044.71,0.00016562929,4.539845
2004-06-12 12:00:00,19.48761,17.138458,63.88807,102213.914,0.00014822614,3.8038745
2004-06-13 12:00:00,24.614868,17.005371,358.99823,102062.84,0.00012592436,1.2706074
2004-06-14 12:00:00,27.997833,16.174255,349.8952,101590.79,0.0,2.6339831
2004-06-15 12:00:00,24.059998,15.160065,363.14365,101627.164,0.0,1.7387232
2004-06-16 12:00:00,23.128387,15.759399,205.96877,101326.586,0.0,1.452774
2004-06-17 12:00:00,22.433655,18.855133,129.64232,100993.35,5.8146295e-05,3.7662072
2004-06-18 12:00:00,23.660614,16.026825,295.56467,101183.82,0.0,1.0066969
2004-06-19 12:00:00,28.758423,18.90216,270.3634,101062.65,6.563257e-06,2.5610814
2004-06-20 12:00:00,26.673248,19.879883,299.89575,101320.78,1.7615741e-05,2.604799
2004-06-21 12:00:00,25.212158,16.21344,283.65512,101818.695,0.0,1.8351134
2004-06-22 12:00:00,26.320435,17.327545,251.9163,101519.586,0.0,0.50853837
2004-06-23 12:00:00,28.92099,15.358704,298.71362,101370.68,1.6282696e-06,1.0287187
2004-06-24 12:00:00,31.250732,16.606873,333.6677,101679.45,0.0,2.2200398
2004-06-25 12:00:00,32.854156,21.720734,347.2003,101911.58,0.0,3.4228137
2004-06-26 12:00:00,33.725647,23.611908,287.86935,101689.32,1.0692797e-07,2.960294
2004-06-27 12:00:00,30.86499,22.953308,189.41568,101539.234,4.721865e-05,2.0609984
2004-06-28 12:00:00,25.05423,20.290863,171.87157,101427.62,0.0001619767,1.7812139
2004-06-29 12:00:00,28.32666,19.419617,342.37424,101323.08,0.0,1.2955984
2004-06-30 12:00:00,30.968262,21.010773,306.7233,101091.49,1.7038943e-06,1.913927
2004-07-01 12:00:00,32.97397,23.451935,291.74768,100724.02,0.00011408519,2.469978
2004-07-02 12:00:00,24.248505,14.835754,365.67874,101647.93,0.0,2.0394645
2004-07-03 12:00:00,24.507538,17.357422,221.0384,101452.555,1.9209168e-07,1.7615398
2004-07-04 12:00:00,28.025696,21.448334,186.37798,100876.45,0.00027646148,2.8241017
2004-07-05 12:00:00,32.719025,21.339966,295.10992,100786.336,0.0,2.6330156
2004-07-06 12:00:00,32.9899,22.16095,298.13873,100776.84,9.720905e-05,1.6332132
2004-07-07 12:00:00,24.937347,20.342285,327.21518,100790.234,3.5918508e-06,3.1095302
2004-07-08 12:00:00,24.916412,17.018158,227.80078,101354.555,1.1637209e-05,4.193052
2004-07-09 12:00:00,27.052673,15.889374,354.50842,101750.39,0.0,1.7450874
2004-07-10 12:00:00,26.221405,17.720062,284.03375,101959.56,2.0399742e-07,1.9003587
2004-07-11 12:00:00,30.569275,20.198181,272.95724,102026.055,1.1645453e-06,2.2714994
2004-07-12 12:00:00,32.5683,22.852661,311.95828,102126.87,2.1515407e-05,2.2709641
2004-07-13 12:00:00,33.217316,23.64441,265.60538,102076.52,0.0001412434,1.4953073
2004-07-14 12:00:00,32.58835,22.577148,295.11942,102025.8,0.0,0.92334086
2004-07-15 12:00:00,32.448456,24.057953,280.73383,101969.78,9.784683e-06,1.4572362
2004-07-16 12:00:00,28.774872,20.910889,275.183,102251.79,3.534296e-05,1.2171321
2004-07-17 12:00:00,31.73764,22.133484,274.3474,102123.55,1.3952487e-06,1.2080244
2004-07-18 12:00:00,33.531616,23.116302,323.57782,101803.64,7.29515e-05,1.1022328
2004-07-19 12:00:00,33.210205,24.442108,288.55585,101465.94,0.0,2.641796
2004-07-20 12:00:00,32.894897,22.084534,206.53046,100825.82,0.00017570188,3.446659
2004-07-21 12:00:00,26.046967,20.848053,336.65714,101035.41,8.95022e-06,2.7752223
2004-07-22 12:00:00,23.469788,15.755432,342.8032,101616.13,0.0,2.7355068
2004-07-23 12:00:00,24.767212,17.055603,328.29947,101656.94,0.0,2.1098592
2004-07-24 12:00:00,26.083527,16.287567,281.13824,101768.83,1.9848765e-09,1.3696756
2004-07-25 12:00:00,27.530975,15.147461,283.86826,101841.805,0.0,1.51157
2004-07-26 12:00:00,25.896942,21.579681,112.10606,101403.336,3.8378792e-05,5.245745
2004-07-27 12:00:00,27.641846,21.544373,305.80316,100534.67,0.00013375228,2.9342487
2004-07-28 12:00:00,27.316101,18.250885,330.5318,100531.82,0.0,2.351369
2004-07-29 12:00:00,25.726593,18.00467,139.86244,100887.234,0.00019661323,1.2691889
2004-07-30 12:00:00,24.088684,15.972473,327.37457,101453.266,8.638173e-07,0.4971405
2004-07-31 12:00:00,27.591919,20.830505,165.03903,101167.625,4.229872e-05,4.9250536
2004-08-01 12:00:00,25.675842,20.00827,90.82828,101498.54,0.00022747777,1.5744128
2004-08-02 12:00:00,21.552399,18.001404,154.66795,101728.85,0.00020073714,1.1199478
2004-08-03 12:00:00,24.652893,17.384613,230.67818,101867.2,0.0,0.55570066
2004-08-04 12:00:00,25.738129,19.08789,264.431,102059.74,0.0,0.7327478
2004-08-05 12:00:00,26.360016,18.786987,312.368,102357.805,0.0,0.95312595
2004-08-06 12:00:00,25.119354,19.391296,150.78734,102195.93,4.678242e-06,2.0874922
2004-08-07 12:00:00,28.278625,20.213165,305.3387,101706.18,2.979586e-05,1.7143939
2004-08-08 12:00:00,28.045197,19.74707,300.01443,101640.67,0.0001654097,1.2401078
2004-08-09 12:00:00,25.826904,19.153229,303.4877,101853.17,7.1772015e-06,0.85624444
2004-08-10 12:00:00,23.899109,18.54773,134.09204,101658.76,3.8936127e-05,1.2293433
2004-08-11 12:00:00,29.342865,20.916626,214.37144,100675.66,0.00016209185,2.6808624
2004-08-12 12:00:00,24.892365,19.312195,224.02234,100668.32,9.702092e-06,1.6433207
2004-08-13 12:00:00,23.916962,15.973755,265.5755,101123.75,1.1142598e-05,1.9313464
2004-08-14 12:00:00,24.841644,17.338074,258.97504,101412.91,1.5329695e-08,1.3602724
2004-08-15 12:00:00,25.632538,17.359497,222.04276,101996.664,0.0,1.2126069
2004-08-16 12:00:00,22.487152,19.162079,93.87938,102116.63,2.33821e-05,0.70394874
2004-08-17 12:00:00,25.644592,17.54889,288.47067,102189.734,1.6878433e-06,1.1217158
2004-08-18 12:00:00,27.928558,17.53415,287.80234,101955.89,3.0131643e-05,0.48276934
2004-08-19 12:00:00,27.198608,18.920227,280.15366,101763.98,2.2612518e-05,0.8244168
2004-08-20 12:00:00,25.727264,19.130096,218.25642,101576.766,1.8271658e-06,1.5484493
2004-08-21 12:00:00,26.217865,21.87915,163.84357,101207.39,2.5179912e-05,2.009784
2004-08-22 12:00:00,29.365143,19.761993,280.37814,100723.18,0.0,1.7969936
2004-08-23 12:00:00,28.227692,23.641754,205.47412,101182.11,1.4589714e-05,2.8292637
2004-08-24 12:00:00,27.78247,21.345123,147.92212,101775.664,0.00029986058,2.0591342
2004-08-25 12:00:00,27.164978,22.61267,156.20387,102043.05,6.679037e-05,1.364997
2004-08-26 12:00:00,28.741638,22.48706,259.2237,102051.18,2.6465457e-06,1.9579836
2004-08-27 12:00:00,28.421844,22.124939,254.52025,101989.64,2.6686635e-06,2.3637123
2004-08-28 12:00:00,27.658722,21.680939,225.22969,102008.81,1.2774642e-05,2.1225972
2004-08-29 12:00:00,25.85141,20.000763,114.872055,101976.45,0.00043287565,1.4122299
2004-08-30 12:00:00,22.447998,19.61435,72.81952,102212.95,0.001141365,2.994331
2004-08-31 12:00:00,23.649658,20.229095,241.03136,102349.45,5.6024305e-06,3.5991254
2004-09-01 12:00:00,23.971588,18.530426,273.6081,102225.484,4.615852e-07,1.7591704
2004-09-02 12:00:00,25.159058,16.81195,274.57547,102020.43,0.0,0.8277303
2004-09-03 12:00:00,27.527283,17.335724,270.6866,101581.445,0.0,1.3863276
2004-09-04 12:00:00,27.133484,17.573639,261.97736,101242.836,0.0,1.7611336
2004-09-05 12:00:00,25.140472,20.194977,115.79263,100977.21,0.00012732018,2.053205
2004-09-06 12:00:00,25.041687,20.348053,120.73266,100618.23,0.00039233774,1.8023689
2004-09-07 12:00:00,25.980286,19.75299,200.04408,100592.04,0.00014184199,2.6341841
2004-09-08 12:00:00,23.158539,17.463715,258.1346,100964.43,0.0,3.7590222
2004-09-09 12:00:00,18.107544,10.538696,266.9414,102078.805,0.0,2.3361382
2004-09-10 12:00:00,20.88095,11.9262085,223.4303,102209.64,0.0,1.6183707
2004-09-11 12:00:00,22.532013,16.147186,82.90482,101953.69,8.759645e-06,1.888229
2004-09-12 12:00:00,27.950409,20.145142,217.40833,101734.33,9.668444e-05,1.1519852
2004-09-13 12:00:00,27.512695,21.651825,236.05397,101643.266,6.309554e-09,0.42367026
2004-09-14 12:00:00,24.444489,21.192993,103.31351,101987.64,7.98371e-06,1.664998
2004-09-15 12:00:00,24.476898,19.431274,199.72447,101976.46,2.5662491e-06,1.7753824
2004-09-16 12:00:00,25.96872,21.44754,132.90767,101362.74,0.00014909923,2.8584573
2004-09-17 12:00:00,25.985626,21.819366,200.40508,101310.43,3.381308e-06,2.096148
2004-09-18 12:00:00,23.958984,17.833344,239.78206,101622.98,0.0,0.5148195
2004-09-19 12:00:00,23.63916,17.248718,211.74448,101971.28,0.0,2.7228422
2004-09-20 12:00:00,23.845062,17.53302,129.28368,101873.64,1.5852573e-05,2.635749
2004-09-21 12:00:00,25.052216,20.556976,118.957756,101267.195,2.1523163e-06,3.1672006
2004-09-22 12:00:00,23.733917,20.493134,78.10182,100871.77,0.00030340973,2.233264
2004-09-23 12:00:00,22.205566,18.038116,112.84245,101060.81,6.759344e-05,1.9361663
2004-09-24 12:00:00,21.007416,14.835358,209.69403,101771.69,4.704691e-09,2.7606812
2004-09-25 12:00:00,21.7565,13.919647,231.01897,102462.96,0.0,2.0756967
2004-09-26 12:00:00,22.597046,13.779419,225.0394,102596.05,0.0,1.246725
2004-09-27 12:00:00,21.215149,14.76709,183.74435,102849.15,3.1110264e-07,1.69151
2004-09-28 12:00:00,20.44284,15.942841,114.07272,102838.37,7.0110957e-07,2.9565554
2004-09-29 12:00:00,19.892609,17.739288,22.480942,102013.74,0.00041874906,6.5986953
2004-09-30 12:00:00,21.76715,19.628357,103.83159,100995.03,6.8222645e-05,1.3314573
2004-10-01 12:00:00,22.91507,16.9758,208.57262,101214.305,2.3114701e-07,2.593132
2004-10-02 12:00:00,22.193542,12.705109,216.55482,101384.65,1.5773886e-09,2.4351902
2004-10-03 12:00:00,18.505463,10.680939,212.68182,101509.83,0.0,3.2622347
2004-10-04 12:00:00,18.35556,8.979614,210.65523,102242.86,0.0,1.9666041
2004-10-05 12:00:00,24.012695,12.715637,203.0298,101774.234,0.0,2.4103425
2004-10-06 12:00:00,22.804047,14.624542,154.07909,101519.78,0.0,2.4290252
2004-10-07 12:00:00,22.667572,17.86264,40.473164,101037.66,3.8994032e-05,3.9830377
2004-10-08 12:00:00,22.559784,19.677124,56.361618,101077.39,0.0004471213,1.9087757
2004-10-09 12:00:00,21.757904,17.539612,180.44269,101279.68,1.4278843e-05,1.6979785
2004-10-10 12:00:00,19.149048,13.207367,183.72055,101889.34,0.0,1.4102687
2004-10-11 12:00:00,20.592743,13.663605,100.90352,102075.02,2.425765e-05,2.7372797
2004-10-12 12:00:00,21.532593,18.49469,75.36208,101640.81,0.00012950476,0.63724154
2004-10-13 12:00:00,23.061066,18.88736,148.86716,101648.766,9.002592e-06,1.4060624
2004-10-14 12:00:00,19.963501,13.346924,79.6881,101733.08,0.00030421867,2.9531095
2004-10-15 12:00:00,13.725098,4.16391,190.00241,102737.086,0.0,3.403962
2004-10-16 12:00:00,9.915253,3.0758057,190.58868,103166.84,0.0,1.2366809
2004-10-17 12:00:00,15.806793,4.627411,183.17549,102245.24,0.0,2.7611086
2004-10-18 12:00:00,12.513184,6.4975586,185.93167,102302.65,0.0,2.7171998
2004-10-19 12:00:00,12.209137,3.0809326,165.98573,102793.16,0.0,2.6261656
2004-10-20 12:00:00,13.612427,7.36734,162.80765,101961.664,0.0,2.5820858
2004-10-21 12:00:00,14.091431,6.752899,174.52202,102263.414,0.0,2.1714327
2004-10-22 12:00:00,17.111328,7.144989,171.83806,102274.02,0.0,2.2671375
2004-10-23 12:00:00,18.153717,9.522247,162.64857,101640.805,3.6704343e-08,3.1688535
2004-10-24 12:00:00,15.578217,11.145691,125.14318,101517.94,9.134632e-08,1.6357048
2004-10-25 12:00:00,16.888672,9.737732,125.40766,100783.65,1.5449386e-05,1.3598818
2004-10-26 12:00:00,11.929199,5.686371,163.22997,101428.8,3.1335692e-06,3.6187859
2004-10-27 12:00:00,14.697723,5.4337463,154.95645,101660.75,0.0,1.6596968
2004-10-28 12:00:00,15.476837,7.457733,155.59692,102117.59,0.0,2.0479453
2004-10-29 12:00:00,18.002441,11.1111145,75.727776,102289.8,1.11050376e-07,1.5919805
2004-10-30 12:00:00,16.931702,13.88504,32.43265,102016.33,0.00014460688,2.888104
2004-10-31 12:00:00,19.712006,16.360046,63.548885,101329.62,0.00022405043,3.9549763
2004-11-01 12:00:00,18.548157,15.213013,61.298172,101513.78,8.047525e-06,0.46330014
2004-11-02 12:00:00,19.549103,12.391144,145.67262,102260.27,0.0,1.731854
2004-11-03 12:00:00,18.73941,10.843872,144.30212,102544.2,0.0,0.8075109
2004-11-04 12:00:00,17.336334,11.086761,61.512985,102018.29,3.1340394e-06,1.8690238
2004-11-05 12:00:00,18.943634,11.866943,139.78853,101611.695,6.5385746e-07,0.45504576
2004-11-06 12:00:00,18.463226,14.09198,34.619637,100848.234,7.277316e-05,1.7987863
2004-11-07 12:00:00,14.667206,8.262146,139.80876,100922.21,4.1595243e-08,3.5408344
2004-11-08 12:00:00,17.146454,9.922943,138.42561,101053.875,0.0,3.7613075
2004-11-09 12:00:00,17.51593,7.1288147,138.10521,101311.25,0.0,2.144114
2004-11-10 12:00:00,20.92752,10.184479,93.092766,101339.6,3.1592558e-06,2.5799742
2004-11-11 12:00:00,20.655396,14.346649,25.845022,101248.56,0.0005117135,0.5542685
2004-11-12 12:00:00,14.780304,11.436157,20.559595,101069.6,0.00031043927,3.863528
2004-11-13 12:00:00,13.266296,9.092712,131.27777,100709.31,8.306001e-06,3.094559
2004-11-14 12:00:00,8.980743,5.6904297,37.869507,101168.85,0.00012031789,3.9157844
2004-11-15 12:00:00,17.57196,8.055786,14.749376,99114.61,0.00061546004,5.3540964
2004-11-16 12:00:00,16.245941,7.1119995,109.99463,98166.24,2.7435513e-05,5.2776
2004-11-17 12:00:00,11.78595,5.978363,118.927216,100317.87,2.8779223e-07,3.7279322
2004-11-18 12:00:00,8.942749,3.2406616,125.57535,101252.766,9.479226e-10,2.258654
2004-11-19 12:00:00,5.1007996,-0.28076172,126.757324,102212.0,0.0,2.8302596
2004-11-20 12:00:00,1.9458008,-0.52993774,54.130276,102603.9,2.1624407e-08,3.6401618
2004-11-21 12:00:00,1.3601685,-0.7522583,37.44674,101686.54,0.00018587691,6.2681637
2004-11-22 12:00:00,1.2697754,-2.9970093,124.57348,101163.67,8.8113615e-05,4.1991987
2004-11-23 12:00:00,1.5890198,-7.6455383,61.62691,101506.95,3.936241e-05,1.362783
2004-11-24 12:00:00,6.190033,0.45516968,118.5861,100945.91,6.0585346e-05,3.3287992
2004-11-25 12:00:00,7.911804,-1.8522339,43.367428,102153.805,2.2590937e-05,1.9502103
2004-11-26 12:00:00,14.205841,6.2096863,99.01693,100574.27,0.00012211787,3.3232787
2004-11-27 12:00:00,6.520874,0.9154358,85.52318,101695.484,1.4697065e-06,2.167712
2004-11-28 12:00:00,5.101349,3.4088135,30.28672,100933.51,0.00016000812,3.0436232
2004-11-29 12:00:00,4.6489563,0.50305176,75.77539,101490.37,5.119817e-06,3.389407
2004-11-30 12:00:00,6.002289,-2.7044678,110.75672,102272.94,1.2811958e-06,1.9523953
2004-12-01 12:00:00,6.667694,-0.056854248,77.93895,101887.45,1.2148878e-07,1.5586792
2004-12-02 12:00:00,3.9129333,1.8427429,21.542255,101108.87,0.000140467,3.199659
2004-12-03 12:00:00,4.764618,-1.4628906,107.52514,100921.914,1.1046607e-05,3.5908027
2004-12-04 12:00:00,4.576172,-1.9571533,104.14105,102439.8,1.7490394e-09,3.0168073
2004-12-05 12:00:00,11.103943,-0.63345337,97.78611,103044.09,5.40065e-09,0.63014865
2004-12-06 12:00:00,17.86908,10.933746,11.483184,101726.8,4.737541e-05,5.92062
2004-12-07 12:00:00,19.035187,7.7559814,96.99413,100990.96,0.00025460374,3.5140994
2004-12-08 12:00:00,10.099243,4.7036133,104.279686,101925.78,0.0,3.2258425
2004-12-09 12:00:00,11.610992,3.79422,66.886665,101339.64,0.0,3.3601148
2004-12-10 12:00:00,3.6915283,-0.99627686,97.025185,102773.17,0.0,2.11091
2004-12-11 12:00:00,9.897339,0.6810913,12.750186,101491.734,0.0005382592,1.4672036
2004-12-12 12:00:00,5.6826477,-0.18429565,105.012856,102633.25,0.0,1.7460227
2004-12-13 12:00:00,9.213074,2.4034119,72.6278,102064.125,0.0,1.9954787
2004-12-14 12:00:00,5.2282715,0.52871704,64.15374,102725.58,0.0,2.5216396
2004-12-15 12:00:00,7.403656,3.4407654,14.2510805,101897.18,0.00037860774,4.792307
2004-12-16 12:00:00,7.434082,3.294281,75.6126,102136.64,1.6550532e-05,2.9693277
2004-12-17 12:00:00,12.017761,6.4696045,11.852546,101268.21,0.000490384,0.8715782
2004-12-18 12:00:00,8.571228,2.3743896,103.72295,102020.766,1.537308e-05,5.5088367
2004-12-19 12:00:00,2.9120789,-1.7511597,84.789604,102698.055,0.0,1.9053615
2004-12-20 12:00:00,3.0315247,-1.4351501,100.24154,101670.8,3.090897e-08,2.6131182
2004-12-21 12:00:00,3.956421,-0.9527588,101.154564,101571.27,7.7375006e-07,3.4142206
2004-12-22 12:00:00,2.5414124,-1.0258179,75.502556,101931.29,1.30117375e-08,2.1708572
2004-12-23 12:00:00,4.687683,0.25030518,100.9593,101006.9,9.8808506e-08,3.67545
2004-12-24 12:00:00,1.4604492,-4.3777466,107.01655,102309.31,0.0,4.1512876
2004-12-25 12:00:00,4.61203,-3.1480713,17.070696,101796.805,0.00016351808,0.8171097
2004-12-26 12:00:00,4.7879333,-1.5522461,43.081608,100944.555,4.837443e-07,1.9180683
2004-12-27 12:00:00,3.0394897,-7.013611,77.40837,101379.1,5.3951356e-07,1.3648331
2004-12-28 12:00:00,4.7979736,1.5847168,58.89437,100647.7,0.0002435835,3.6946063
2004-12-29 12:00:00,4.1454773,1.0617981,39.989727,101090.92,1.9638057e-06,2.0317
2004-12-30 12:00:00,2.5324097,-1.3538208,33.397045,100537.02,1.5857864e-05,2.6098638
2004-12-31 12:00:00,2.1325073,-4.5849304,103.68958,101966.695,0.0,2.6644228
2005-01-01 12:00:00,2.6390991,-6.1658936,57.74968,102045.76,0.0,3.0463405
2005-01-02 12:00:00,5.038391,-1.885376,82.75245,100669.19,7.538003e-07,2.931487
2005-01-03 12:00:00,2.644867,-1.7807312,28.700056,99369.77,0.00020030585,3.7391834
2005-01-04 12:00:00,-1.7986755,-4.5622864,108.86684,100021.33,2.7243602e-06,5.759693
2005-01-05 12:00:00,-2.9257507,-9.936615,111.35935,100903.56,2.6346303e-08,3.7546113
2005-01-06 12:00:00,-2.776764,-10.177673,112.59158,101077.586,8.562476e-08,2.926804
2005-01-07 12:00:00,-1.4049377,-8.888031,112.47073,100956.27,1.2837256e-11,3.522887
2005-01-08 12:00:00,-0.88638306,-9.207916,91.74355,101253.15,2.9727807e-06,3.4560502
2005-01-09 12:00:00,2.4952087,-8.088593,107.86555,101886.484,0.0,2.2672405
2005-01-10 12:00:00,2.7147217,-6.013214,60.903942,102078.016,9.2480404e-05,1.9994394
2005-01-11 12:00:00,3.609497,1.6343994,23.672203,100451.336,0.0004546378,6.211742
2005-01-12 12:00:00,1.9432983,-0.8475952,48.156628,99440.53,3.4202425e-05,5.0501394
2005-01-13 12:00:00,0.24331665,-3.2096252,116.26742,99597.8,1.8150968e-07,5.427399
2005-01-14 12:00:00,-2.6281128,-10.239227,120.0819,101467.52,0.0,2.148695
2005-01-15 12:00:00,0.75057983,-7.792694,110.56568,100673.47,2.9867455e-05,2.879891
2005-01-16 12:00:00,-0.6461792,-4.3311768,120.60774,101858.62,8.535511e-08,4.488503
2005-01-17 12:00:00,11.432983,-10.5616455,95.48888,102691.86,4.6091145e-08,2.5751839
2005-01-18 12:00:00,14.613556,9.272919,110.56884,100721.91,0.0001754086,3.4678607
2005-01-19 12:00:00,9.304901,-5.501648,121.97423,102060.875,1.1987952e-07,4.0733438
2005-01-20 12:00:00,3.496704,-5.7545776,56.770443,102347.41,0.0,1.74035
2005-01-21 12:00:00,10.031128,-3.0530396,63.722454,101683.0,5.6053115e-05,0.57614195
2005-01-22 12:00:00,9.042755,1.8739319,25.803804,100866.805,3.4796656e-05,0.43339312
2005-01-23 12:00:00,13.426819,4.1851196,86.68012,100130.47,2.2862456e-05,1.9624822
2005-01-24 12:00:00,8.384247,-3.6131897,123.370155,101831.13,1.1038599e-06,1.9264903
2005-01-25 12:00:00,15.928375,7.924774,23.747026,101418.14,0.00022564144,4.247971
2005-01-26 12:00:00,16.527283,7.0006104,117.865,100475.0,0.00035330516,3.7471495
2005-01-27 12:00:00,6.838196,-2.4163818,133.46577,102299.75,0.0,3.692413
2005-01-28 12:00:00,-2.276825,-5.376068,135.71056,102798.25,0.0,3.8566086
2005-01-29 12:00:00,-1.7548828,-6.1853943,140.5969,102362.33,6.8042896e-09,3.4578915
2005-01-30 12:00:00,-0.41729736,-5.516571,54.865738,101990.06,1.7122877e-05,3.8390615
2005-01-31 12:00:00,4.0528564,-0.61572266,67.720825,101823.836,4.940238e-05,3.0367844
2005-02-01 12:00:00,11.507599,-0.52267456,48.0754,101402.78,3.5757577e-05,2.231877
2005-02-02 12:00:00,10.892731,-2.3246765,146.65529,102086.46,9.740098e-06,4.8744326
2005-02-03 12:00:00,0.26696777,-8.824432,130.99887,103092.88,0.0,0.911285
2005-02-04 12:00:00,12.163818,0.079711914,118.68955,101696.02,0.0,5.17103
2005-02-05 12:00:00,11.709778,-2.7582397,24.286049,101551.64,0.00014033336,2.19895
2005-02-06 12:00:00,-1.3514099,-4.569763,79.463326,102275.25,8.968867e-05,4.738108
2005-02-07 12:00:00,0.3534851,-5.890381,116.47946,102184.61,5.89016e-09,2.3872278
2005-02-08 12:00:00,3.612854,-6.845581,33.774654,101361.1,0.00010421033,2.539857
2005-02-09 12:00:00,3.056549,-0.16015625,59.033375,100090.17,0.0002218621,5.267179
2005-02-10 12:00:00,0.99349976,-7.7514343,161.83347,101537.42,0.0,3.1898336
2005-02-11 12:00:00,5.739319,-8.221191,163.40291,101711.66,0.0,2.1207054
2005-02-12 12:00:00,7.2837524,-2.009552,118.122,100970.89,8.586961e-07,2.21527
2005-02-13 12:00:00,5.6177063,-1.9385681,160.69635,101192.79,4.8129106e-08,2.8245883
2005-02-14 12:00:00,5.2048035,-4.12677,167.45697,100730.8,0.0,3.5216155
2005-02-15 12:00:00,4.61438,-7.3936462,169.70958,100649.28,7.2038813e-07,6.3620834
2005-02-16 12:00:00,-2.0636292,-9.158478,178.16232,101546.625,0.0,6.4431925
2005-02-17 12:00:00,2.3537598,-4.637268,163.1821,101542.17,9.479226e-10,2.4191518
2005-02-18 12:00:00,14.576599,-1.245758,157.81157,101377.64,1.0401073e-06,1.6043729
2005-02-19 12:00:00,15.047119,9.134705,63.03326,99762.87,0.00021357056,4.076758
2005-02-20 12:00:00,9.966095,3.9137878,143.2783,99093.2,6.7997785e-06,3.4527547
2005-02-21 12:00:00,3.899475,-2.2294312,96.0702,100985.32,1.4745054e-06,1.2822077
2005-02-22 12:00:00,15.7146,2.9440308,44.926003,99738.28,0.00028900508,4.5353723
2005-02-23 12:00:00,14.774231,-4.6438904,69.96068,99276.57,4.1389387e-05,4.7171593
2005-02-24 12:00:00,3.2254639,-7.9004517,188.6193,100543.82,1.7435956e-06,2.712076
2005-02-25 12:00:00,8.5971985,3.1990662,49.169254,100138.945,1.976748e-05,4.468007
2005-02-26 12:00:00,5.6238403,-8.647614,153.57411,101218.09,1.4749168e-06,4.8191776
2005-02-27 12:00:00,-2.0726624,-11.358002,205.00807,102999.17,0.0,3.0616817
2005-02-28 12:00:00,1.369873,-3.124115,71.386734,102003.35,3.658137e-05,2.73956
2005-03-01 12:00:00,1.3826599,-4.9022217,203.63678,101849.23,2.8508887e-06,3.0142493
2005-03-02 12:00:00,5.6526184,-7.7627563,205.55064,101042.98,0.0,3.5128095
2005-03-03 12:00:00,9.998749,-2.1536865,174.08324,101266.31,0.0,2.5946507
2005-03-04 12:00:00,12.449921,-0.8010864,197.68427,101338.65,0.0,1.2464759
2005-03-05 12:00:00,17.04544,3.0147095,128.64542,101144.086,5.548182e-06,2.4094048
2005-03-06 12:00:00,18.144592,14.207581,74.96239,100314.15,0.000110877874,4.3706746
2005-03-07 12:00:00,15.973999,4.2649536,184.66322,100678.57,0.0,1.9498407
2005-03-08 12:00:00,12.231537,4.8233643,192.43126,101070.3,5.306202e-07,0.7868725
2005-03-09 12:00:00,13.984619,8.91272,143.0225,99811.04,0.00021800342,0.7221083
2005-03-10 12:00:00,10.059357,3.2792969,224.87997,100971.85,2.3662999e-05,4.533611
2005-03-11 12:00:00,5.601593,-1.2510986,188.04572,102081.47,2.1626969e-08,1.5619202
2005-03-12 12:00:00,4.515045,2.6292114,34.57608,99286.29,0.00045399714,5.5098176
2005-03-13 12:00:00,9.391327,2.2398987,216.3361,99534.51,0.0,2.998292
2005-03-14 12:00:00,5.398651,-6.6552124,92.08561,99286.336,6.460701e-05,3.720601
2005-03-15 12:00:00,0.8782654,-8.633453,227.01497,100544.766,4.7809914e-07,7.22233
2005-03-16 12:00:00,6.5862427,-4.6137085,240.18889,102157.125,0.0,1.5041095
2005-03-17 12:00:00,11.416412,-1.6902161,123.48562,102350.72,1.0263025e-05,3.6106946
2005-03-18 12:00:00,16.321259,10.335785,78.79482,101363.62,0.0003887555,5.781696
2005-03-19 12:00:00,13.621246,7.84375,88.0203,101335.54,5.5669916e-06,1.2440567
2005-03-20 12:00:00,13.417847,9.940796,98.334694,100053.836,3.685532e-05,0.8300055
2005-03-21 12:00:00,11.215118,5.085724,177.22389,99974.625,1.9172599e-06,4.599143
2005-03-22 12:00:00,6.1422424,2.3788147,185.2893,100626.62,1.07925295e-07,3.9389963
2005-03-23 12:00:00,2.2496338,-2.1465454,204.79785,101348.85,1.8955618e-07,4.370949
2005-03-24 12:00:00,3.0422058,-2.1591187,190.68748,101827.375,2.0334841e-08,2.9605749
2005-03-25 12:00:00,5.460144,-1.7095642,166.8637,101761.445,3.918695e-07,1.516364
2005-03-26 12:00:00,5.8826294,-0.72766113,232.1153,101115.97,1.9950623e-06,4.0692663
2005-03-27 12:00:00,5.096283,-1.6982422,269.50204,102167.01,0.0,3.8669217
2005-03-28 12:00:00,12.151001,-0.49197388,219.1927,102895.33,0.0,2.2735093
2005-03-29 12:00:00,15.746002,8.127747,96.87281,102647.92,2.139848e-05,2.95407
2005-03-30 12:00:00,17.010223,13.764496,91.68758,101712.445,4.837518e-05,4.0147243
2005-03-31 12:00:00,16.8013,13.530487,183.35472,101141.11,0.00041975317,2.230585
2005-04-01 12:00:00,13.378296,8.346313,107.63034,101783.8,0.0,2.1201699
2005-04-02 12:00:00,15.33783,6.5204773,274.23083,101583.62,0.0,2.2511308
2005-04-03 12:00:00,11.5390625,6.367798,220.14816,101507.8,1.6992889e-06,2.3775632
2005-04-04 12:00:00,9.042664,2.8390808,277.70206,101215.4,2.7082844e-05,4.345692
2005-04-05 12:00:00,11.37738,-1.3680115,276.46497,101305.69,1.5983382e-08,3.4714794
2005-04-06 12:00:00,13.556488,5.9590454,288.23697,101710.12,0.0,1.7152116
2005-04-07 12:00:00,11.584991,3.2579956,204.05884,102608.75,9.428108e-05,4.7256393
2005-04-08 12:00:00,19.086792,9.414185,216.45512,100579.68,0.0006595276,3.2899332
2005-04-09 12:00:00,16.16629,7.4498596,279.3495,101591.414,0.0,3.1884727
2005-04-10 12:00:00,8.424286,1.2355347,294.86856,103354.695,0.0,2.8513844
2005-04-11 12:00:00,10.578033,2.8885498,293.48373,103273.67,0.0,2.6704624
2005-04-12 12:00:00,12.090912,5.1009827,290.468,102203.7,0.0,2.4619594
2005-04-13 12:00:00,12.83551,4.964264,151.1171,100932.82,4.683294e-06,1.6296983
2005-04-14 12:00:00,12.855133,9.335144,64.23631,100259.05,0.00010980085,1.2611479
2005-04-15 12:00:00,12.232086,7.4302063,271.6682,100644.445,2.1313367e-06,3.8714006
2005-04-16 12:00:00,15.107666,5.118469,259.62927,101395.555,1.4752181e-08,2.3402674
2005-04-17 12:00:00,14.593933,7.2843933,232.11115,101848.836,1.2630807e-06,2.9287858
2005-04-18 12:00:00,12.818665,10.415894,67.47753,101297.85,0.00016276019,3.6003017
2005-04-19 12:00:00,15.14743,7.6358337,205.48174,101703.12,1.6456073e-06,1.2367554
2005-04-20 12:00:00,15.118134,8.346893,249.72375,102059.34,1.0300686e-06,1.6542603
2005-04-21 12:00:00,16.257843,9.866211,46.584045,101029.984,0.0004145992,5.0780535
2005-04-22 12:00:00,15.830841,9.877197,176.05124,100454.805,2.6483785e-05,1.6502919
2005-04-23 12:00:00,17.538757,9.518066,204.2487,100515.55,1.1621861e-06,2.7996528
2005-04-24 12:00:00,18.250946,10.582581,262.48807,101185.46,9.32798e-06,1.2651945
2005-04-25 12:00:00,14.5564575,10.445648,162.30446,101588.016,5.4774304e-05,3.6217687
2005-04-26 12:00:00,15.080811,9.342407,306.52988,101405.375,4.056188e-06,5.179285
2005-04-27 12:00:00,14.430969,9.111237,309.6078,101268.08,3.4769437e-07,4.2187586
2005-04-28 12:00:00,18.124298,6.125244,319.072,101896.47,0.0,2.6843622
2005-04-29 12:00:00,25.170197,11.869751,316.97604,101939.73,0.0,3.1189876
2005-04-30 12:00:00,26.795715,13.788208,316.00143,102336.56,0.0,2.9622986
2005-05-01 12:00:00,26.928772,16.654266,320.03827,102571.64,0.0,3.195965
2005-05-02 12:00:00,27.796448,16.427338,319.44113,102373.55,0.0,2.8344305
2005-05-03 12:00:00,27.745941,16.859802,210.8693,102110.95,1.590482e-08,1.5741007
2005-05-04 12:00:00,28.410248,17.50357,316.65823,101873.23,1.2062687e-06,2.1586227
2005-05-05 12:00:00,27.923279,17.160156,229.6955,101444.336,0.0,2.5338845
2005-05-06 12:00:00,28.53833,19.095459,318.3408,100966.016,0.0,2.6692882
2005-05-07 12:00:00,29.267822,15.7855835,315.54507,100989.96,7.27023e-06,1.1171747
2005-05-08 12:00:00,30.30429,19.678253,313.1952,100301.46,1.44681835e-05,2.9741805
2005-05-09 12:00:00,23.308777,15.233582,167.76288,100749.21,2.617165e-05,1.4210857
2005-05-10 12:00:00,22.891418,14.040283,264.95544,101142.766,1.1557296e-06,0.95328146
2005-05-11 12:00:00,18.31897,16.31427,50.430843,101148.87,0.00028355065,2.6945102
2005-05-12 12:00:00,23.3909,15.274231,315.8403,101348.91,5.304069e-06,0.8278138
2005-05-13 12:00:00,21.607971,14.022186,339.2883,101860.89,2.0348316e-06,2.6045675
2005-05-14 12:00:00,20.555023,10.730377,342.93924,102489.49,0.0,2.091399
2005-05-15 12:00:00,23.008942,11.225342,279.5667,102411.5,0.0,2.8033104
2005-05-16 12:00:00,29.502869,18.597198,288.5425,101055.25,1.7450518e-06,4.9800973
2005-05-17 12:00:00,24.394073,18.797821,342.111,101297.19,1.2942903e-06,2.6113617
2005-05-18 12:00:00,22.39273,10.865997,251.1132,101284.195,0.0,1.9450331
2005-05-19 12:00:00,31.96283,21.744995,303.50732,99683.96,6.6119326e-05,4.2167873
2005-05-20 12:00:00,21.86969,11.595856,154.56784,100530.91,0.00024712365,3.8619769
2005-05-21 12:00:00,17.775879,10.844421,261.86496,101047.44,1.16240095e-07,3.6884267
2005-05-22 12:00:00,22.70398,16.716522,160.13467,99878.19,0.00027952733,1.5574079
2005-05-23 12:00:00,22.425568,16.026001,314.61655,100095.766,1.932722e-05,1.0700835
2005-05-24 12:00:00,19.407227,14.376801,154.10213,100917.25,9.9833895e-05,2.289498
2005-05-25 12:00:00,21.970703,13.348022,344.5932,101382.19,6.282008e-07,1.4298351
2005-05-26 12:00:00,19.867096,11.557159,266.06348,101958.38,2.1287058e-05,4.3385277
2005-05-27 12:00:00,14.279816,8.02063,248.65198,102136.18,3.392626e-05,2.1911943
2005-05-28 12:00:00,15.365692,9.488525,224.9956,101433.76,2.9811197e-08,1.662502
2005-05-29 12:00:00,18.572205,9.451965,325.5851,101382.95,1.5773886e-09,0.5447255
2005-05-30 12:00:00,22.830933,10.683716,355.7945,101850.51,2.9594412e-08,0.36578044
2005-05-31 12:00:00,25.614014,13.602722,352.7777,101940.11,0.0,2.3042696
2005-06-01 12:00:00,26.295227,14.654541,281.11868,101423.484,4.7087633e-05,2.7927227
2005-06-02 12:00:00,23.471405,12.9021,355.4175,101519.98,5.9819075e-05,2.997608
2005-06-03 12:00:00,23.324768,12.715729,354.80353,102143.78,0.0,2.6124175
2005-06-04 12:00:00,24.305267,11.870331,348.9513,102621.62,0.0,1.2124308
2005-06-05 12:00:00,25.263428,12.533691,353.50943,102546.945,0.0,2.2278712
2005-06-06 12:00:00,29.94162,18.229675,318.47403,101753.36,0.0,3.7558815
2005-06-07 12:00:00,28.519135,20.314026,101.16555,101513.3,2.2857143e-05,1.4989814
2005-06-08 12:00:00,27.676971,14.622955,347.28378,101682.97,1.5110767e-07,1.0187839
2005-06-09 12:00:00,26.79187,16.383148,312.86255,101934.62,0.0,1.3172953
2005-06-10 12:00:00,30.86084,17.423187,351.39017,101690.945,0.0,2.4204164
2005-06-11 12:00:00,33.11261,18.287933,352.6697,101172.71,0.0,2.091221
2005-06-12 12:00:00,33.78891,23.324158,287.86523,100205.2,9.854393e-05,2.7973723
2005-06-13 12:00:00,25.585571,17.590546,357.18082,100738.58,1.1550127e-08,2.7031605
2005-06-14 12:00:00,25.351013,16.316772,357.04276,101384.51,0.0,2.0099332
2005-06-15 12:00:00,26.492676,14.063416,353.98105,101912.016,0.0,2.1030934
2005-06-16 12:00:00,30.827423,21.343414,279.78165,101298.37,6.805814e-05,3.0805774
2005-06-17 12:00:00,27.97702,19.750916,325.08078,101302.516,0.0,0.92667955
2005-06-18 12:00:00,34.568817,21.29248,341.1437,100825.836,5.3289783e-05,1.9623482
2005-06-19 12:00:00,29.447754,21.1044,293.05353,100797.99,0.00012164836,1.5004961
2005-06-20 12:00:00,24.902222,18.827179,251.08128,100947.26,0.000537353,1.7139409
2005-06-21 12:00:00,28.766022,21.08783,346.2471,100945.86,0.0,2.016032
2005-06-22 12:00:00,27.160645,19.911957,305.78195,100856.09,7.0122114e-05,1.3501151
2005-06-23 12:00:00,32.76593,22.10495,338.61768,100637.5,0.0,1.8389422
2005-06-24 12:00:00,30.242828,24.790161,332.99515,100749.086,0.0,3.173567
2005-06-25 12:00:00,25.927704,19.579926,111.40453,101270.375,6.579708e-06,1.1080712
2005-06-26 12:00:00,26.90976,17.976227,322.7746,101146.24,9.254898e-07,1.4757618
2005-06-27 12:00:00,33.477386,22.718475,334.9291,100633.68,2.8144807e-06,2.4147828
2005-06-28 12:00:00,29.670898,18.201965,363.06586,101703.35,1.3578996e-08,3.1973042
2005-06-29 12:00:00,27.631104,16.934753,298.78845,102305.32,0.0,2.4655263
2005-06-30 12:00:00,34.42267,22.533234,303.13492,101804.78,1.3488049e-05,2.3437836
2005-07-01 12:00:00,33.855865,21.671997,329.73804,101486.76,5.0544368e-05,1.6484417
2005-07-02 12:00:00,31.562286,21.639923,336.21127,101580.21,8.233649e-05,1.057404
2005-07-03 12:00:00,33.24829,23.284515,287.74344,101464.28,0.0,2.0318587
2005-07-04 12:00:00,32.044586,23.448181,303.52646,101407.46,8.938599e-05,1.817987
2005-07-05 12:00:00,28.844574,22.741394,229.54982,101500.38,1.5459518e-05,0.9015285
2005-07-06 12:00:00,29.032867,21.47464,332.27768,101186.9,0.0,1.4046665
2005-07-07 12:00:00,34.61432,21.063354,335.9475,100824.375,7.739649e-05,0.6922022
2005-07-08 12:00:00,32.254425,21.414429,315.94537,100712.83,0.00015691388,1.3407236
2005-07-09 12:00:00,26.909271,21.436066,263.84012,101051.35,6.121629e-05,0.3165935
2005-07-10 12:00:00,27.989044,21.23346,340.11,101150.336,0.000109911154,1.3801048
2005-07-11 12:00:00,25.22998,17.405975,337.51035,101893.94,0.0,2.0534482
2005-07-12 12:00:00,28.049072,18.632782,274.31042,101833.79,4.715521e-06,1.7235887
2005-07-13 12:00:00,34.020172,21.739014,323.97006,101297.82,0.0,2.9597645
2005-07-14 12:00:00,32.769196,22.995941,300.35205,100789.28,8.059732e-06,1.7858069
2005-07-15 12:00:00,28.813965,20.907227,342.0385,100855.53,0.00017316976,1.9586333
2005-07-16 12:00:00,29.48471,20.880493,321.41568,100987.08,0.0,1.7583201
2005-07-17 12:00:00,33.436127,20.791016,294.5525,100972.93,0.0,2.352318
2005-07-18 12:00:00,37.023773,26.55069,316.323,100663.26,2.1764636e-06,2.8943136
2005-07-19 12:00:00,34.424866,23.692108,199.77287,100730.81,3.388428e-05,0.7361047
2005-07-20 12:00:00,27.923065,22.002167,225.58603,100791.96,0.00010392222,0.72138065
2005-07-21 12:00:00,25.680328,19.400513,155.5661,100845.26,0.0005879827,3.8931901
2005-07-22 12:00:00,25.820312,17.86087,329.6386,101401.375,1.5639305e-08,0.61353207
2005-07-23 12:00:00,30.307343,21.354095,330.05276,101269.07,5.296332e-06,2.750691
2005-07-24 12:00:00,32.934753,21.414124,321.5715,101402.89,1.862697e-07,1.8277284
2005-07-25 12:00:00,33.30423,22.38556,274.67862,101376.22,3.7922e-05,1.0596429
2005-07-26 12:00:00,30.079407,21.6922,237.92914,101474.35,7.6060333e-06,0.62988716
2005-07-27 12:00:00,28.032074,22.375977,141.30254,101495.18,0.000118305856,1.6591039
2005-07-28 12:00:00,26.162231,20.703552,301.98724,101803.74,2.9726038e-05,1.695775
2005-07-29 12:00:00,26.51361,20.224304,230.89278,102044.83,8.7412826e-07,1.6243308
2005-07-30 12:00:00,26.226044,21.17517,224.07599,102065.06,5.671483e-06,2.0481424
2005-07-31 12:00:00,26.433075,21.564362,183.53745,102060.3,3.8098988e-05,2.1202698
2005-08-01 12:00:00,28.078766,20.875336,314.50964,101894.67,0.0,2.5201788
2005-08-02 12:00:00,28.195038,20.585175,307.49905,101720.83,0.0,2.8974607
2005-08-03 12:00:00,29.986084,22.793213,218.48608,101535.11,0.00010661038,3.1125433
2005-08-04 12:00:00,25.58197,21.07251,155.85126,101795.38,8.264459e-05,1.4154943
2005-08-05 12:00:00,24.013062,20.71875,109.42856,101911.945,0.0002091364,0.9021849
2005-08-06 12:00:00,24.693115,21.262451,156.89159,101947.95,0.00017355819,1.2910161
2005-08-07 12:00:00,26.348694,21.598877,157.74808,102136.51,0.0001844873,1.7998976
2005-08-08 12:00:00,29.51831,22.376831,293.97858,102046.98,0.0,3.018264
2005-08-09 12:00:00,28.760895,21.884247,286.42035,102057.12,0.0,3.0087543
2005-08-10 12:00:00,25.93338,22.00586,153.52074,101989.35,9.094634e-05,1.2320416
2005-08-11 12:00:00,27.690613,22.029083,284.18787,101918.24,2.0257537e-06,1.4692926
2005-08-12 12:00:00,24.953918,19.919342,116.050255,101650.55,0.00039004046,0.5282755
2005-08-13 12:00:00,28.88095,21.119812,230.2447,100987.45,1.9951142e-06,2.5818784
2005-08-14 12:00:00,27.235718,20.669434,241.4035,100793.33,0.00017907158,1.0986865
2005-08-15 12:00:00,23.565948,18.669281,158.60382,101414.79,0.0008225087,2.2797396
2005-08-16 12:00:00,22.574127,16.94278,267.6729,101760.56,0.0,2.2866771
2005-08-17 12:00:00,24.676117,15.980896,306.40118,101460.77,0.0,1.6207541
2005-08-18 12:00:00,27.337769,18.59082,200.62547,101327.09,0.0001564849,1.76555
2005-08-19 12:00:00,24.545868,17.991638,307.80518,102140.234,8.091395e-07,2.3763409
2005-08-20 12:00:00,24.846771,16.179108,293.23105,102320.87,0.0,1.8584545
2005-08-21 12:00:00,29.660583,19.735413,213.90083,101300.914,0.00021796522,1.9689431
2005-08-22 12:00:00,24.926697,21.03424,176.44124,100761.86,0.00027786748,1.7244716
2005-08-23 12:00:00,25.841675,18.962158,260.3314,100720.66,0.0,1.8034645
2005-08-24 12:00:00,23.95456,17.512146,298.22107,101071.82,9.618256e-08,2.3498557
2005-08-25 12:00:00,26.368713,16.215454,203.98727,101326.266,7.6452625e-06,2.5086453
2005-08-26 12:00:00,29.338104,21.448517,240.18372,101133.2,3.7975147e-05,1.8990812
2005-08-27 12:00:00,22.325378,19.559875,98.307274,101686.61,6.737925e-05,0.7371445
2005-08-28 12:00:00,22.300903,18.667633,202.2298,101431.28,0.00019874588,1.3394098
2005-08-29 12:00:00,20.238464,13.285675,279.954,101990.336,0.0,2.5899324
2005-08-30 12:00:00,19.040619,11.860748,285.45486,102317.84,0.0,1.1071011
2005-08-31 12:00:00,25.240875,15.025757,241.69807,101663.31,6.296293e-09,3.540085
2005-09-01 12:00:00,24.314636,20.89386,150.42628,100994.77,8.138103e-06,2.131649
2005-09-02 12:00:00,21.828186,15.505402,267.5828,101509.15,0.0,2.1951149
2005-09-03 12:00:00,22.615662,14.969818,216.17998,101653.945,2.6333183e-07,1.7105745
2005-09-04 12:00:00,25.662018,17.71051,93.90768,101304.28,0.0001341484,2.244344
2005-09-05 12:00:00,28.819672,20.197845,255.36026,101058.14,6.1662395e-05,1.722714
2005-09-06 12:00:00,26.612488,22.199982,230.16512,100853.234,3.4262954e-05,1.1754506
2005-09-07 12:00:00,24.239166,19.33725,234.08951,101011.05,2.1990934e-06,2.169512
2005-09-08 12:00:00,21.721222,14.858582,250.53816,101179.2,5.91531e-10,3.1428237
2005-09-09 12:00:00,23.308258,13.2317505,238.52159,101481.016,0.0,2.1265159
2005-09-10 12:00:00,22.065918,15.79245,115.672264,101131.33,7.225683e-05,1.5066525
2005-09-11 12:00:00,24.768127,20.115753,228.07135,100690.99,1.1286055e-06,2.2666647
2005-09-12 12:00:00,22.584381,14.762543,229.77832,100899.07,5.1531193e-09,2.3540938
2005-09-13 12:00:00,22.253387,14.430603,241.35577,100983.984,0.0,1.7924571
2005-09-14 12:00:00,21.939453,16.077118,231.18492,101394.805,2.5904075e-07,2.5064414
2005-09-15 12:00:00,21.484894,14.883209,204.3585,102113.164,4.4985651e-07,1.6813369
2005-09-16 12:00:00,24.390076,14.0286255,249.39336,101866.5,2.1086234e-07,2.4365945
2005-09-17 12:00:00,25.556702,13.913452,247.22223,101423.06,0.0,1.8415109
2005-09-18 12:00:00,24.067383,14.375397,235.98273,101743.164,0.0,1.7929423
2005-09-19 12:00:00,24.527405,15.475586,226.971,102026.63,4.127664e-07,2.1556287
2005-09-20 12:00:00,20.65152,14.656799,124.510216,102131.17,0.00016981713,2.2075033
2005-09-21 12:00:00,20.569702,10.388611,241.41019,102333.69,0.0,2.2703505
2005-09-22 12:00:00,20.570892,10.123322,241.86934,102261.305,0.0,2.2778287
2005-09-23 12:00:00,21.420593,9.621826,239.19699,102154.04,0.0,1.5964595
2005-09-24 12:00:00,21.817413,10.860352,234.39455,102171.0,0.0,1.7726743
2005-09-25 12:00:00,20.160828,14.078522,140.51399,101960.48,2.7811825e-06,3.3223622
2005-09-26 12:00:00,19.832184,15.471558,105.6863,101809.305,0.0,2.783813
2005-09-27 12:00:00,24.050781,13.649384,218.71677,101767.664,0.0,2.2811487
2005-09-28 12:00:00,23.246185,12.40152,225.13887,101776.03,0.0,2.3621902
2005-09-29 12:00:00,25.886597,11.765137,221.41856,101690.13,0.0,1.5918231
2005-09-30 12:00:00,25.239044,16.220428,140.30595,101715.28,5.499572e-07,0.6268917
2005-10-01 12:00:00,20.571655,14.610718,30.130009,101714.45,0.00069888,4.947035
2005-10-02 12:00:00,15.182037,13.175446,102.13257,101841.805,0.00017161567,4.5789056
2005-10-03 12:00:00,16.185364,10.517059,214.28227,102561.914,0.0,3.0971622
2005-10-04 12:00:00,17.447357,8.426361,215.99011,102693.71,0.0,1.4859053
2005-10-05 12:00:00,20.380615,11.490601,191.58073,102556.125,0.0,1.5720294
2005-10-06 12:00:00,22.631836,13.445587,153.51239,102645.234,4.0789403e-09,2.400695
2005-10-07 12:00:00,23.872345,15.573029,160.56161,102523.73,0.0,2.665989
2005-10-08 12:00:00,21.443146,13.978577,27.927027,102211.2,0.00030561915,0.683137
2005-10-09 12:00:00,15.02124,12.929047,59.21413,102256.87,0.00011573818,4.1872754
2005-10-10 12:00:00,13.928314,10.62442,170.4935,101839.86,2.026273e-05,4.8116813
2005-10-11 12:00:00,13.747162,7.3413086,200.07454,102314.95,0.0,2.9412081
2005-10-12 12:00:00,15.814606,6.0515137,200.38847,102533.945,0.0,1.3891466
2005-10-13 12:00:00,17.16037,7.383911,190.61456,102706.29,2.5821338e-09,1.4808086
2005-10-14 12:00:00,16.391998,13.642181,96.36799,103045.27,1.9481957e-05,5.158283
2005-10-15 12:00:00,19.327179,15.505463,17.146828,102140.75,0.0003736528,6.6543713
2005-10-16 12:00:00,19.880157,17.484894,70.76905,101271.34,6.572296e-05,1.4120342
2005-10-17 12:00:00,18.169556,14.143524,134.58727,101262.77,3.38566e-07,2.6610565
2005-10-18 12:00:00,16.765411,12.002716,131.8774,101253.7,2.2125742e-07,1.3400426
2005-10-19 12:00:00,17.529114,13.889709,116.150856,101013.82,1.8635315e-05,2.4319224
2005-10-20 12:00:00,17.6427,13.067383,33.560303,99838.484,0.0003642774,2.2772033
2005-10-21 12:00:00,13.614716,10.596222,127.841255,99589.734,7.4529653e-06,4.860911
2005-10-22 12:00:00,15.0937195,11.201019,147.16978,100170.74,3.1509142e-06,4.425407
2005-10-23 12:00:00,14.29657,8.26358,163.19954,100957.836,3.1713164e-08,2.8327975
2005-10-24 12:00:00,14.298004,9.554474,27.949667,101186.86,0.00015683238,2.0578523
2005-10-25 12:00:00,14.516113,12.319855,60.25877,101155.914,0.0005702436,3.6877537
2005-10-26 12:00:00,16.065918,8.919495,137.2957,101443.766,3.0297865e-06,1.3697567
2005-10-27 12:00:00,13.929413,9.87735,149.36818,101597.69,1.2905455e-06,1.224642
2005-10-28 12:00:00,15.20108,9.618622,39.9861,101680.3,3.7825823e-05,0.66386163
2005-10-29 12:00:00,19.060883,12.520355,60.744343,101697.26,1.3424814e-05,1.8560424
2005-10-30 12:00:00,21.20514,17.039368,122.72231,101092.73,0.00037868836,3.2551312
2005-10-31 12:00:00,16.947845,8.626465,154.65715,102431.53,0.0,2.6577787
2005-11-01 12:00:00,12.018707,6.3869934,151.39444,102801.4,0.0,1.7092568
2005-11-02 12:00:00,16.215393,8.1041565,108.689316,101738.875,0.0,2.9716587
2005-11-03 12:00:00,18.140656,13.719818,33.289364,100341.03,2.6400076e-05,4.0255156
2005-11-04 12:00:00,18.257874,9.70929,145.00008,99603.56,8.6335735e-05,5.3302016
2005-11-05 12:00:00,12.792969,5.700836,143.28171,100767.64,1.3271066e-09,2.893522
2005-11-06 12:00:00,13.066437,6.354553,59.542736,101375.414,2.9173518e-06,2.072239
2005-11-07 12:00:00,16.710114,9.282654,117.84077,101665.984,2.812608e-07,1.4154831
2005-11-08 12:00:00,19.049622,14.523651,41.842194,100884.41,9.927751e-05,2.375457
2005-11-09 12:00:00,18.609955,6.107086,137.57726,101616.31,8.164563e-07,3.2636776
2005-11-10 12:00:00,9.69104,5.46109,45.858807,101913.55,7.827136e-07,2.3250275
2005-11-11 12:00:00,8.622803,4.772949,122.421906,102549.375,0.0,1.7897536
2005-11-12 12:00:00,10.02301,7.005951,16.054962,101874.82,0.00038700408,2.903577
2005-11-13 12:00:00,10.2439575,6.5473022,127.56541,101925.375,1.2654741e-05,2.8178234
2005-11-14 12:00:00,11.53009,7.1493835,19.554087,101775.74,0.00029073798,5.947012
2005-11-15 12:00:00,13.312317,9.760376,119.97755,101612.88,1.6641015e-05,2.3161693
2005-11-16 12:00:00,10.999939,3.3374634,129.69054,102958.516,0.0,3.1044295
2005-11-17 12:00:00,8.944733,0.28875732,81.66097,103283.47,5.884868e-07,1.8404496
2005-11-18 12:00:00,12.888641,7.3129883,114.48879,101779.75,3.485091e-05,1.0857764
2005-11-19 12:00:00,9.789978,7.6079407,44.078205,101008.195,2.976972e-05,3.2467883
2005-11-20 12:00:00,8.427673,3.1851501,37.63657,101383.76,0.00026296778,6.6337066
2005-11-21 12:00:00,6.5830994,3.1868286,44.141808,102163.125,1.6742215e-05,5.2601104
2005-11-22 12:00:00,10.194183,6.5157166,66.670044,101897.79,7.0183496e-06,5.576499
2005-11-23 12:00:00,10.151794,7.38089,62.983337,101671.27,2.6811857e-05,7.164732
2005-11-24 12:00:00,12.974335,8.609253,16.473696,100849.51,0.00020676723,8.246938
2005-11-25 12:00:00,13.773163,9.163086,114.124306,101508.76,2.9847672e-05,3.322499
2005-11-26 12:00:00,13.401703,4.8693542,91.70707,102359.19,0.0,1.6382773
2005-11-27 12:00:00,18.666534,11.679596,15.538088,101459.17,9.9669975e-05,3.2211263
2005-11-28 12:00:00,17.752228,6.331909,112.544106,101925.805,4.966015e-06,3.9456372
2005-11-29 12:00:00,8.795715,2.6419678,111.71418,103204.56,0.0,2.3699167
2005-11-30 12:00:00,9.246948,1.8493347,95.622154,103300.33,3.3300864e-06,2.5196235
2005-12-01 12:00:00,14.520081,8.487122,26.2703,102163.23,0.00010145264,1.3102401
2005-12-02 12:00:00,16.529297,8.181335,92.288246,101528.164,0.00014911685,2.6708598
2005-12-03 12:00:00,9.705414,5.1741333,58.513412,102332.78,5.0183276e-05,1.2952484
2005-12-04 12:00:00,12.425354,7.4677734,86.64168,100580.79,0.00027382083,1.2921402
2005-12-05 12:00:00,7.5451355,1.4663696,107.68109,101221.45,0.0,2.4832222
2005-12-06 12:00:00,8.078735,1.1296082,97.773445,102156.81,5.049987e-06,4.0040636
2005-12-07 12:00:00,13.930786,7.869751,12.430178,101552.836,0.00068933755,8.088655
2005-12-08 12:00:00,16.945923,9.318909,80.04177,100096.44,0.00018876999,2.7651067
2005-12-09 12:00:00,9.249603,2.3875427,53.615402,99446.95,1.7710456e-05,4.7434826
2005-12-10 12:00:00,5.85553,2.6212769,72.60861,100080.92,5.765889e-07,5.168326
2005-12-11 12:00:00,8.225739,1.591095,103.47765,101180.16,0.0,4.2332525
2005-12-12 12:00:00,12.655273,3.3858032,77.76756,101356.695,0.0,4.4662437
2005-12-13 12:00:00,14.123627,2.181427,69.65407,101388.266,2.2390545e-08,4.046191
2005-12-14 12:00:00,2.005066,-2.562622,106.093254,102845.64,0.0,2.3522449
2005-12-15 12:00:00,2.8652039,-1.6242981,32.48777,102107.19,8.999071e-05,1.1385722
2005-12-16 12:00:00,4.1137695,1.4739685,18.4244,100365.8,0.00057466706,6.493934
2005-12-17 12:00:00,3.1809692,-2.6128235,98.433754,100457.84,1.7956458e-05,4.625101
2005-12-18 12:00:00,1.0465088,-7.586487,103.95458,101310.63,7.637512e-10,1.8547164
2005-12-19 12:00:00,2.8025818,-5.04187,100.27335,101490.375,7.1012785e-08,2.598305
2005-12-20 12:00:00,3.0393372,-2.8471985,80.00665,100889.984,1.7769615e-06,2.790932
2005-12-21 12:00:00,5.097931,0.010314941,93.42687,100630.78,2.6173484e-07,4.315097
2005-12-22 12:00:00,7.3385315,-0.48028564,85.5525,100626.81,5.988399e-08,4.2695932
2005-12-23 12:00:00,6.104309,-0.33129883,99.88809,100853.95,5.5634615e-08,3.8103979
2005-12-24 12:00:00,0.793396,-3.9943542,105.847595,101121.92,6.7312826e-08,4.081336
2005-12-25 12:00:00,-1.9014282,-7.116089,105.44961,102258.33,9.59267e-08,3.8312192
2005-12-26 12:00:00,0.80844116,-6.5150757,105.13029,102242.98,0.0,4.5017877
2005-12-27 12:00:00,6.2602844,0.73516846,99.89016,101382.13,0.0,4.4653535
2005-12-28 12:00:00,6.5563965,-0.5862732,90.222694,100946.83,1.3390164e-08,1.8834571
2005-12-29 12:00:00,9.012634,2.4125366,38.99923,98925.77,0.00013632969,1.3012251
2005-12-30 12:00:00,7.7598267,2.7676697,103.956635,99352.9,4.081402e-06,4.2675786
2005-12-31 12:00:00,3.3486023,1.6853027,10.500536,99226.125,0.00034602248,3.362792
2006-01-01 12:00:00,4.3764954,-0.4270935,102.58718,100460.58,6.179324e-05,4.999771
2006-01-02 12:00:00,0.459198,-6.759033,107.76967,102938.83,0.0,2.3275955
2006-01-03 12:00:00,6.89917,-6.712219,63.801853,103296.77,1.0016154e-05,1.0086946
2006-01-04 12:00:00,15.0780945,3.752777,29.581966,101890.9,0.00019120869,1.3457664
2006-01-05 12:00:00,16.705322,4.909546,106.805504,100561.74,0.00013283984,4.471645
2006-01-06 12:00:00,5.300537,0.3730774,86.157394,102039.17,0.0,3.2630439
2006-01-07 12:00:00,0.9180298,-2.6089172,67.282684,102644.24,0.0,2.9498162
2006-01-08 12:00:00,9.478973,-1.1430359,80.91973,101170.79,4.811819e-05,3.5828316
2006-01-09 12:00:00,11.073303,2.3600464,98.70056,99464.89,0.00037118862,4.2665977
2006-01-10 12:00:00,4.090576,-0.7659912,113.96575,101053.24,4.8598327e-08,3.8376243
2006-01-11 12:00:00,0.90057373,-4.8381653,103.52573,101747.875,0.0,2.8233352
2006-01-12 12:00:00,2.415924,-3.142334,114.25878,102381.21,3.1818377e-07,2.1786559
2006-01-13 12:00:00,5.955017,-0.89767456,115.783,101841.586,0.0,3.562408
2006-01-14 12:00:00,6.9298096,-0.65792847,113.31568,101519.36,0.0,2.9384134
2006-01-15 12:00:00,6.4940186,-0.8625183,112.61872,101747.74,0.0,1.5701927
2006-01-16 12:00:00,5.313324,1.5631104,19.728666,101634.445,4.1384365e-06,5.2094665
2006-01-17 12:00:00,8.240356,4.128357,17.4499,100790.914,0.00021814901,8.002022
2006-01-18 12:00:00,13.110077,7.877594,44.664673,98738.3,0.0009478781,4.3038154
2006-01-19 12:00:00,7.846344,1.1942139,38.363518,98896.09,0.00015823,1.6448913
2006-01-20 12:00:00,1.1488953,-4.0113525,98.37589,99641.445,4.3472624e-05,3.5349882
2006-01-21 12:00:00,-3.0990295,-7.745819,117.77026,99985.57,3.9411486e-07,3.3114023
2006-01-22 12:00:00,0.19528198,-5.8176575,82.34569,100580.71,1.4319879e-06,2.7577813
2006-01-23 12:00:00,2.7355957,-8.608643,126.61,101213.875,5.8739493e-09,1.0735422
2006-01-24 12:00:00,0.22311401,-3.1930237,82.598404,100695.55,0.0,4.9215217
2006-01-25 12:00:00,-1.6889954,-6.745392,128.84879,100911.74,2.498811e-08,4.099194
2006-01-26 12:00:00,0.11972046,-7.905121,132.72466,101391.0,1.4746015e-08,3.0501442
2006-01-27 12:00:00,-0.22817993,-9.342651,135.47662,101227.87,0.0,2.4751005
2006-01-28 12:00:00,0.6635742,-6.459381,126.70567,101465.19,0.0,2.450278
2006-01-29 12:00:00,5.082611,-8.903503,126.40853,102141.66,0.0,2.2108335
2006-01-30 12:00:00,5.218109,-3.7158813,75.90142,101719.16,2.2387245e-09,2.6261141
2006-01-31 12:00:00,5.999634,1.620697,57.74274,100143.06,0.0002569549,6.6470413
2006-02-01 12:00:00,6.4894104,-2.097992,143.17189,101253.54,0.0,1.330797
2006-02-02 12:00:00,8.804138,-1.4179688,107.029205,100851.62,0.0,1.0737888
2006-02-03 12:00:00,5.3766785,-2.1934204,149.74457,100975.11,0.0,4.63876
2006-02-04 12:00:00,5.1311646,-2.7524414,148.35829,101164.68,0.0,3.4090524
2006-02-05 12:00:00,8.269806,-3.645172,86.43601,101251.016,1.0758945e-05,2.271456
2006-02-06 12:00:00,10.373749,4.6390686,37.113544,100226.54,0.00034549038,2.7070973
2006-02-07 12:00:00,11.950348,7.694824,71.80683,99611.625,0.0004273901,2.3098624
2006-02-08 12:00:00,7.414612,-4.5235596,160.0681,101687.945,0.0,4.690003
2006-02-09 12:00:00,1.0740662,-5.279907,156.32076,102936.84,0.0,3.1307895
2006-02-10 12:00:00,3.9022522,-1.2784119,78.22665,102346.89,6.9111297e-06,4.8739276
2006-02-11 12:00:00,9.852142,3.1210327,109.716675,99554.63,0.000114329996,5.4272795
2006-02-12 12:00:00,7.859436,0.28866577,107.75391,99087.336,0.00025117118,3.9879785
2006-02-13 12:00:00,9.8428955,3.421692,87.65006,97489.445,0.00063995604,1.8686268
2006-02-14 12:00:00,3.4803772,-0.30795288,158.38701,99198.81,3.0256313e-05,5.1416044
2006-02-15 12:00:00,4.754669,-1.5159607,158.34584,100657.02,0.0,3.752755
2006-02-16 12:00:00,6.2147217,-1.8623962,171.53926,101455.95,0.0,2.176866
2006-02-17 12:00:00,7.1207886,0.80270386,58.140156,100566.055,0.0002591663,1.4866437
2006-02-18 12:00:00,7.5274353,1.6096497,155.49057,98656.34,5.6196346e-05,2.7118826
2006-02-19 12:00:00,4.309784,0.1265564,75.58892,98386.23,1.6206728e-05,3.3316095
2006-02-20 12:00:00,0.02355957,-7.811493,172.19095,99851.484,1.0023622e-07,5.24214
2006-02-21 12:00:00,0.7026062,-8.503021,183.90683,101314.47,0.0,3.36173
2006-02-22 12:00:00,6.0148315,-0.9807434,180.76555,101096.67,3.602767e-08,3.682483
2006-02-23 12:00:00,6.9233704,0.65496826,171.80084,100626.47,7.345065e-08,2.4887593
2006-02-24 12:00:00,1.9232178,-5.1792603,167.2374,100979.336,0.0,3.447914
2006-02-25 12:00:00,4.9432983,-6.012726,186.97491,101238.23,0.0,2.8742423
2006-02-26 12:00:00,14.255157,2.0168152,148.9444,100786.555,0.0,3.37762
2006-02-27 12:00:00,12.105255,1.5987244,188.84758,101644.016,0.0,2.871539
2006-02-28 12:00:00,8.158081,2.8385315,53.984352,101390.05,1.50981305e-05,2.0101259
2006-03-01 12:00:00,3.5005188,-1.7774963,81.62742,101146.86,7.3133444e-05,6.326151
2006-03-02 12:00:00,0.6188965,-5.7412415,212.07475,101540.54,0.0,7.2526894
2006-03-03 12:00:00,0.23565674,-5.11084,174.6242,102172.61,0.0,3.2008734
2006-03-04 12:00:00,2.5705261,-4.6665344,90.87315,102102.59,8.263736e-06,2.1110077
2006-03-05 12:00:00,2.4566345,-5.325012,214.43747,102341.17,0.0,3.911832
2006-03-06 12:00:00,-0.8856201,-6.233246,221.18591,102887.14,0.0,4.3910165
2006-03-07 12:00:00,-0.05078125,-8.956482,224.4014,103227.414,0.0,3.782679
2006-03-08 12:00:00,1.5750732,-6.9115295,134.32042,102679.234,1.1556542e-07,4.6987653
2006-03-09 12:00:00,1.3431702,0.30062866,62.855625,100941.836,5.6643494e-05,4.7844596
2006-03-10 12:00:00,6.4701843,-5.5775146,228.03966,100506.42,0.0,2.9212039
2006-03-11 12:00:00,10.793701,-2.929535,165.90771,100573.94,4.774622e-06,0.85023546
2006-03-12 12:00:00,6.290558,-1.4753113,228.15366,100207.34,0.0,3.3219075
2006-03-13 12:00:00,3.733673,-1.7914124,234.76768,100677.63,3.194622e-07,4.143783
2006-03-14 12:00:00,6.6429443,-5.7154846,183.79074,102260.805,1.6462654e-05,0.32021472
2006-03-15 12:00:00,16.805206,3.9224243,92.74835,100348.8,0.000735837,1.7288333
2006-03-16 12:00:00,5.911194,0.54626465,241.49606,101098.1,0.0,4.57768
2006-03-17 12:00:00,2.9177246,-2.8388367,234.70772,101336.03,3.4827077e-09,3.1144185
2006-03-18 12:00:00,4.59375,-2.8477173,248.36713,101117.2,1.5773886e-09,2.7145154
2006-03-19 12:00:00,7.2275085,-2.769806,250.76796,101385.89,0.0,0.8583755
2006-03-20 12:00:00,11.38028,0.64630127,146.65652,101516.45,5.508613e-06,2.682693
2006-03-21 12:00:00,13.409485,9.388672,33.080666,99964.914,0.00087157846,6.166676
2006-03-22 12:00:00,13.774139,10.514465,66.528885,99648.414,0.00026890187,4.3019176
2006-03-23 12:00:00,13.186127,10.408295,134.59044,99873.336,3.5247034e-05,4.1778283
2006-03-24 12:00:00,11.806091,7.597687,198.9008,100484.52,5.647778e-06,4.8887267
2006-03-25 12:00:00,12.127533,6.1469727,247.89682,100630.055,2.1693246e-08,4.8214164
2006-03-26 12:00:00,11.2966,2.96875,209.05318,100940.914,0.0,1.3753799
2006-03-27 12:00:00,9.035431,6.08197,27.49989,99605.1,0.0007151221,4.3060575
2006-03-28 12:00:00,7.222412,2.6506958,195.43236,99512.26,7.894619e-05,3.2667449
2006-03-29 12:00:00,5.5433655,1.0011597,186.88368,99911.55,2.306803e-06,2.305101
2006-03-30 12:00:00,6.68808,-1.3185425,222.43187,100175.91,2.683377e-08,1.2493722
2006-03-31 12:00:00,6.2908325,1.8499451,254.98973,99654.03,0.0,5.019133
2006-04-01 12:00:00,9.711487,1.2695618,262.8674,100461.62,0.0,4.0110245
2006-04-02 12:00:00,15.048584,1.8699341,274.80313,101356.24,0.0,3.0111046
2006-04-03 12:00:00,17.862396,6.3973083,252.29062,101652.25,0.0,3.7330244
2006-04-04 12:00:00,17.497894,14.393677,70.00888,101143.695,0.00028911253,4.225289
2006-04-05 12:00:00,19.28247,15.098419,183.65997,100256.94,9.5579155e-05,3.300266
2006-04-06 12:00:00,16.24237,7.2822876,213.62727,100910.45,7.6247744e-08,2.5017931
2006-04-07 12:00:00,10.716309,4.9826965,239.37408,101456.16,3.6799375e-07,2.876629
2006-04-08 12:00:00,11.953064,3.5278625,250.82578,101886.875,6.271833e-08,2.3974116
2006-04-09 12:00:00,13.527191,8.466827,200.70697,101892.98,7.0698225e-06,3.1248267
2006-04-10 12:00:00,13.444855,7.457947,277.49203,101761.1,1.8841667e-10,2.88983
2006-04-11 12:00:00,12.9756775,7.113617,219.76172,101632.94,0.0,3.376482
2006-04-12 12:00:00,11.714539,8.923981,58.611195,100854.836,6.587308e-05,6.0603704
2006-04-13 12:00:00,15.010925,9.628357,126.20085,99767.04,0.00021564732,1.916461
2006-04-14 12:00:00,14.632629,10.550903,256.88113,100026.164,4.533524e-06,3.5456443
2006-04-15 12:00:00,17.425842,7.355133,296.54657,100803.2,0.0,1.6444081
2006-04-16 12:00:00,16.345306,10.448029,115.97242,100581.88,1.4055079e-05,2.3226383
2006-04-17 12:00:00,14.219482,11.3133545,147.40468,99599.09,0.00015291333,5.2807207
2006-04-18 12:00:00,14.532593,5.76062,276.3859,100304.125,1.3521905e-07,0.41162133
2006-04-19 12:00:00,18.868011,11.220215,56.56265,99673.09,0.000315085,3.5838108
2006-04-20 12:00:00,17.49411,10.761627,256.06174,99427.28,2.6242267e-05,4.2002926
2006-04-21 12:00:00,11.816803,5.5422363,312.83813,100799.5,5.784914e-07,4.520217
2006-04-22 12:00:00,13.001404,3.7800598,312.5817,101646.266,0.0,0.4045486
2006-04-23 12:00:00,20.050842,10.559143,152.78491,100040.875,0.00013977116,3.3815296
2006-04-24 12:00:00,17.624176,10.412628,244.95425,99595.734,1.1722032e-05,2.8840506
2006-04-25 12:00:00,10.330566,4.7000732,272.15338,100048.27,1.7276192e-05,5.308483
2006-04-26 12:00:00,15.019653,2.901947,324.56705,100718.6,0.0,3.873691
2006-04-27 12:00:00,13.498016,7.654602,102.89397,100746.914,1.9623552e-05,1.8219088
2006-04-28 12:00:00,9.350159,4.425171,208.42088,100718.56,1.1318992e-06,4.057675
2006-04-29 12:00:00,12.585785,1.3123474,334.85916,101356.21,0.0,2.425657
2006-04-30 12:00:00,16.483734,2.657135,325.99765,101815.086,0.0,1.708636
2006-05-01 12:00:00,16.865265,5.705078,235.05742,101283.914,8.504851e-08,2.3776321
2006-05-02 12:00:00,15.000977,10.589935,38.321133,99728.53,0.0004814346,7.9894547
2006-05-03 12:00:00,15.104004,10.940247,113.00584,99854.01,1.5371164e-05,5.009396
2006-05-04 12:00:00,19.708435,9.81488,325.2703,101046.734,0.0,1.0345026
2006-05-05 12:00:00,19.75232,12.047913,207.63745,101903.89,5.9735083e-07,1.9123487
2006-05-06 12:00:00,18.924835,12.522064,214.69478,101955.805,8.146303e-06,2.3911972
2006-05-07 12:00:00,18.52707,11.39859,252.699,101635.94,5.3785655e-08,1.9818964
2006-05-08 12:00:00,20.162811,9.54538,331.8889,101342.32,0.0,1.4204276
2006-05-09 12:00:00,17.368683,10.918488,222.00746,101794.0,0.0,2.6271935
2006-05-10 12:00:00,17.960938,9.909607,187.4506,101807.5,8.5890014e-07,2.3395593
2006-05-11 12:00:00,21.672485,15.219055,274.84085,101266.484,0.0001213022,0.6006348
2006-05-12 12:00:00,19.405823,14.676483,296.15588,101692.67,2.820345e-06,1.9468775
2006-05-13 12:00:00,20.645569,14.839966,175.49367,101589.53,1.5895295e-05,1.3120391
2006-05-14 12:00:00,22.68689,18.620605,143.50441,101157.07,2.0976175e-05,3.180858
2006-05-15 12:00:00,26.926422,17.841766,319.12097,100977.08,2.635878e-07,2.1169846
2006-05-16 12:00:00,30.108826,20.329193,328.17563,101015.3,0.0,2.8714104
2006-05-17 12:00:00,26.17807,17.419281,255.75562,101541.586,0.00013976028,1.880686
2006-05-18 12:00:00,17.36026,12.207001,54.700935,101768.7,0.0005215926,4.465472
2006-05-19 12:00:00,12.786346,11.502655,57.991478,101719.195,9.36266e-05,3.8818173
2006-05-20 12:00:00,20.111816,11.709137,318.6283,101612.61,7.9649864e-05,1.9682981
2006-05-21 12:00:00,21.263763,12.4653015,243.91454,101347.195,0.0,0.88435954
2006-05-22 12:00:00,22.699066,12.474304,335.04437,100927.17,0.0,0.69500506
2006-05-23 12:00:00,19.822174,14.5946045,322.3906,100842.99,1.5773886e-09,1.9694247
2006-05-24 12:00:00,20.601318,11.375916,352.3918,100943.805,6.691782e-10,1.607614
2006-05-25 12:00:00,27.18341,12.738373,205.63951,100223.445,1.8105595e-07,2.1885824
2006-05-26 12:00:00,23.536896,13.095215,50.367363,100412.055,0.00047507358,3.189093
2006-05-27 12:00:00,15.216248,9.700317,207.67209,101139.195,3.9428378e-05,4.3254676
2006-05-28 12:00:00,16.157837,10.464661,255.05586,101669.8,0.0,3.5653195
2006-05-29 12:00:00,18.046173,10.085907,325.44653,101796.164,2.146677e-06,2.2757864
2006-05-30 12:00:00,17.992432,8.719513,359.36017,101920.97,0.0,3.2240727
2006-05-31 12:00:00,19.752106,8.361053,299.03146,101945.2,0.0,2.4627187
2006-06-01 12:00:00,18.474335,10.830078,95.56858,101252.73,0.00018894165,2.8105617
2006-06-02 12:00:00,24.969147,17.875732,280.15594,100537.64,3.7827132e-05,2.8302524
2006-06-03 12:00:00,21.343506,16.590729,296.7408,101271.664,3.460102e-05,1.6198035
2006-06-04 12:00:00,20.635284,14.619904,245.95894,101851.72,0.0,1.1587156
2006-06-05 12:00:00,20.670013,15.74353,340.7059,101908.57,1.653831e-07,2.227343
2006-06-06 12:00:00,21.311096,12.100342,361.9704,101877.17,0.0,1.3958435
2006-06-07 12:00:00,23.831146,13.35434,250.37111,101194.63,1.6794347e-05,2.4711604
2006-06-08 12:00:00,26.735016,15.692932,355.02902,100894.93,0.0,0.9336048
2006-06-09 12:00:00,27.598328,14.794373,356.55838,101242.95,0.0,0.8140795
2006-06-10 12:00:00,25.8125,17.252625,325.26788,101413.125,3.5615165e-07,2.2748432
2006-06-11 12:00:00,22.761993,15.509644,194.1788,101539.125,2.4803709e-05,3.3731034
2006-06-12 12:00:00,23.05841,18.01706,160.97206,101214.09,1.2621049e-05,4.4707894
2006-06-13 12:00:00,22.459137,19.458801,52.7015,101097.875,0.0014897626,5.2679243
2006-06-14 12:00:00,24.603668,19.486237,263.46045,101543.805,4.0075607e-05,1.8972956
2006-06-15 12:00:00,22.464355,19.153046,111.40035,101790.76,0.00021567653,0.5778598
2006-06-16 12:00:00,22.514679,18.832397,132.78229,101805.3,9.514345e-05,1.4816437
2006-06-17 12:00:00,24.275269,18.59262,286.04272,101881.914,1.3859127e-06,0.12387774
2006-06-18 12:00:00,23.27768,18.259155,303.60718,101965.89,2.4004245e-05,1.8270706
2006-06-19 12:00:00,23.878174,19.592224,160.83392,102009.93,0.00012899247,2.2330225
2006-06-20 12:00:00,25.382416,19.498566,169.16362,101877.18,0.00036488066,1.5445597
2006-06-21 12:00:00,27.799866,21.408447,280.319,101895.07,0.0,2.6296117
2006-06-22 12:00:00,28.624298,20.64444,326.59692,101367.26,3.5432008e-06,2.5550506
2006-06-23 12:00:00,28.395172,20.89151,231.2663,100682.2,0.00011005642,2.304627
2006-06-24 12:00:00,21.178375,13.819702,367.6991,101661.11,0.0,1.446515
2006-06-25 12:00:00,24.241394,13.600586,298.37167,101635.18,0.0,2.3322608
2006-06-26 12:00:00,27.67862,20.962769,210.51123,100889.43,0.0003369935,2.2837896
2006-06-27 12:00:00,21.066528,15.382263,121.95721,101707.09,7.6744414e-05,2.7725222
2006-06-28 12:00:00,21.399506,14.440613,362.7649,102264.12,0.0,2.1787694
2006-06-29 12:00:00,22.552002,14.365967,358.38858,102279.88,0.0,1.463576
2006-06-30 12:00:00,23.362701,14.787842,352.82388,102416.45,0.0,1.4461026
2006-07-01 12:00:00,24.102448,14.883179,353.7866,102497.94,0.0,1.1420356
2006-07-02 12:00:00,26.978333,17.184723,308.20352,101861.62,0.0,2.7604809
2006-07-03 12:00:00,25.297607,20.134033,73.3577,100939.97,0.00028718144,2.2519326
2006-07-04 12:00:00,28.046753,21.48529,226.16847,100449.91,0.00010055181,1.3252846
2006-07-05 12:00:00,29.373291,22.382996,320.12466,100376.8,3.9287264e-05,1.0429003
2006-07-06 12:00:00,28.063843,18.915619,355.92798,101274.055,0.0,2.6349056
2006-07-07 12:00:00,29.81778,18.626251,347.47537,101442.74,0.0,0.8524842
2006-07-08 12:00:00,32.70456,19.287445,342.1926,100722.16,0.0,2.3786714
2006-07-09 12:00:00,34.968292,24.106659,334.01254,100227.46,2.6930715e-07,2.482018
2006-07-10 12:00:00,32.9899,21.63797,236.68196,100497.6,7.760533e-05,1.1723944
2006-07-11 12:00:00,24.878235,22.022247,90.51678,100989.76,7.354749e-05,1.7560258
2006-07-12 12:00:00,30.939117,23.079803,229.16367,100734.82,0.00017370914,0.98436517
2006-07-13 12:00:00,28.496765,21.042603,262.83868,100746.58,1.2758417e-07,3.5321803
2006-07-14 12:00:00,22.313812,17.759064,199.2521,101492.39,1.1015777e-05,3.8451252
2006-07-15 12:00:00,24.532043,15.900543,344.47778,102119.46,8.145774e-08,3.3726437
2006-07-16 12:00:00,26.029541,15.630585,341.21692,102174.48,0.0,1.4135729
2006-07-17 12:00:00,30.409088,18.194855,307.03387,101464.805,0.0,2.1369317
2006-07-18 12:00:00,31.974731,21.10495,306.81662,101129.56,4.244404e-07,1.037051
2006-07-19 12:00:00,33.033142,23.073608,193.64253,101068.11,1.7041216e-07,1.1758474
2006-07-20 12:00:00,35.917236,26.151794,330.0272,101037.65,0.0,4.178132
2006-07-21 12:00:00,34.545624,23.450287,236.90915,101080.18,7.675074e-05,3.258363
2006-07-22 12:00:00,25.031097,19.870514,305.1652,101214.98,0.00044438758,1.7874249
2006-07-23 12:00:00,23.738129,19.026398,130.41833,101000.75,0.00016291588,0.9486691
2006-07-24 12:00:00,25.847107,19.355774,194.69577,101173.31,1.8977962e-05,1.3163611
2006-07-25 12:00:00,26.726318,18.192291,332.95776,101556.43,1.909378e-10,1.4254063
2006-07-26 12:00:00,29.172394,19.241882,289.41092,101697.68,0.0,1.5120138
2006-07-27 12:00:00,31.862427,19.953613,322.4958,101223.69,0.0,2.531715
2006-07-28 12:00:00,30.369385,21.877502,310.3581,101180.5,4.2718934e-06,1.9013544
2006-07-29 12:00:00,30.424408,20.718475,331.00525,101369.92,0.0,1.210985
2006-07-30 12:00:00,32.713806,20.677094,325.74942,101149.05,0.0,3.2672067
2006-07-31 12:00:00,32.4812,24.77362,289.22815,100772.97,1.4528187e-06,1.4149046
2006-08-01 12:00:00,29.472687,19.562622,320.87598,101478.71,0.0,1.7281137
2006-08-02 12:00:00,30.108307,17.74356,325.65918,101572.48,0.0,1.469994
2006-08-03 12:00:00,32.081085,21.619263,252.85426,101259.21,5.7654262e-05,2.3343394
2006-08-04 12:00:00,34.82434,24.837158,304.37833,101144.21,3.2638133e-07,2.3532135
2006-08-05 12:00:00,33.52536,26.091583,234.09282,101243.11,3.736955e-05,1.9522332
2006-08-06 12:00:00,30.58252,25.24237,299.82373,101268.516,0.0,2.2859728
2006-08-07 12:00:00,31.289246,24.006195,281.54697,101398.266,1.7843458e-07,3.039551
2006-08-08 12:00:00,30.135712,20.280396,313.62875,101614.4,0.0,2.3972673
2006-08-09 12:00:00,31.5336,17.859344,318.57718,101576.13,0.0,0.8414007
2006-08-10 12:00:00,31.988708,19.01062,303.5504,101494.08,0.0,1.3506155
2006-08-11 12:00:00,31.07721,20.599121,284.01328,101738.63,0.0,1.5539422
2006-08-12 12:00:00,31.968384,19.73523,308.25757,102010.125,0.0,1.1305104
2006-08-13 12:00:00,31.56894,19.019165,307.7021,102204.63,0.0,1.478177
2006-08-14 12:00:00,33.03253,18.734375,306.0431,102135.35,0.0,1.716137
2006-08-15 12:00:00,33.05258,20.03769,301.07318,101741.734,0.0,1.3260272
2006-08-16 12:00:00,31.496674,21.825256,288.33926,101420.055,0.0,3.4845276
2006-08-17 12:00:00,29.721954,23.809723,147.97876,101128.74,1.705763e-05,3.9097703
2006-08-18 12:00:00,32.388245,22.394684,294.35233,101194.766,0.0,2.0930822
2006-08-19 12:00:00,34.452698,21.808075,261.5583,101154.76,1.4904881e-05,1.6277857
2006-08-20 12:00:00,34.195923,23.242218,244.13573,101109.51,3.6074984e-05,1.0771463
2006-08-21 12:00:00,30.193542,22.464172,279.73935,101746.89,2.5635505e-05,1.749706
2006-08-22 12:00:00,28.533203,22.584381,195.4641,101999.46,7.4574217e-07,1.8194915
2006-08-23 12:00:00,28.0372,21.427948,217.83989,101449.06,0.00019603941,1.1990951
2006-08-24 12:00:00,26.72583,21.308777,74.2523,101012.6,0.0002556728,1.9238216
2006-08-25 12:00:00,24.818115,18.386139,275.889,101459.54,0.00016814933,3.9378319
2006-08-26 12:00:00,24.182587,19.373657,286.38382,102173.95,0.0,1.7506014
2006-08-27 12:00:00,25.242218,18.01889,289.7855,102013.24,4.813385e-08,1.4394016
2006-08-28 12:00:00,26.008545,17.578156,246.17284,101502.914,0.0,1.7421153
2006-08-29 12:00:00,27.617218,20.360382,178.85085,101198.28,2.8168853e-07,3.2436388
2006-08-30 12:00:00,28.604065,22.53244,169.79579,100954.37,4.868907e-05,0.61818653
2006-08-31 12:00:00,25.538727,20.686676,270.46054,101380.39,1.1087629e-05,3.3925421
2006-09-01 12:00:00,25.852692,16.225067,283.06586,101408.63,0.0,2.9818048
2006-09-02 12:00:00,28.024384,17.656769,263.41882,101179.52,0.0,2.2352285
2006-09-03 12:00:00,24.43158,14.502655,280.71124,101656.26,0.0,2.581308
2006-09-04 12:00:00,25.032074,13.985748,277.06552,101989.695,0.0,1.822452
2006-09-05 12:00:00,26.760712,15.983612,274.09216,101889.44,0.0,1.261521
2006-09-06 12:00:00,27.15036,14.353577,270.6057,102045.58,0.0,1.8132359
2006-09-07 12:00:00,27.80597,17.958893,264.82828,102474.93,0.0,2.0443857
2006-09-08 12:00:00,29.12555,17.38446,261.02267,102427.76,0.0,1.1369117
2006-09-09 12:00:00,30.50592,17.243225,245.14938,101707.85,0.0,1.0879631
2006-09-10 12:00:00,27.61676,19.50412,167.5896,101620.97,4.9493688e-06,2.0076976
2006-09-11 12:00:00,24.854614,15.497467,210.31003,102243.69,6.1219694e-06,4.0778418
2006-09-12 12:00:00,25.087982,14.544952,263.09338,102446.445,0.0,2.080201
2006-09-13 12:00:00,27.410095,15.667633,252.85545,101775.516,0.0,2.0712337
2006-09-14 12:00:00,25.306854,14.890167,260.0779,101173.7,0.0,2.83547
2006-09-15 12:00:00,22.978119,12.785614,255.58159,101208.95,0.0,3.150363
2006-09-16 12:00:00,24.519196,12.665405,250.68248,101618.516,0.0,2.3153882
2006-09-17 12:00:00,28.39795,14.946259,244.92116,101553.016,0.0,1.6187196
2006-09-18 12:00:00,24.368591,16.950653,246.62032,100998.22,0.0,2.5367367
2006-09-19 12:00:00,23.90564,12.568573,249.09814,101187.22,0.0,2.8223748
2006-09-20 12:00:00,26.38559,9.511047,248.42526,101173.18,0.0,0.803284
2006-09-21 12:00:00,29.722382,16.276276,195.7681,100828.3,1.2029861e-05,3.5693495
2006-09-22 12:00:00,27.03003,21.853851,116.38018,100544.81,5.770492e-05,3.0051801
2006-09-23 12:00:00,25.369568,18.03415,226.89478,100810.34,0.0,3.2145724
2006-09-24 12:00:00,25.235687,15.091766,235.2785,101205.836,0.0,2.5706213
2006-09-25 12:00:00,26.227661,15.348633,215.49654,101153.84,0.0,1.2845986
2006-09-26 12:00:00,23.980896,18.371063,130.40141,101051.07,5.5456517e-06,2.192831
2006-09-27 12:00:00,20.221375,13.251038,229.84418,101951.1,0.0,3.9745307
2006-09-28 12:00:00,17.928833,10.408539,232.60721,102738.95,0.0,3.5142787
2006-09-29 12:00:00,18.22293,7.9180603,221.45508,103078.92,0.0,2.3818498
2006-09-30 12:00:00,20.179474,10.194275,222.4267,103090.266,0.0,1.7433867
2006-10-01 12:00:00,21.37738,9.629272,208.30437,102651.41,0.0,1.7088115
2006-10-02 12:00:00,22.331451,15.48941,109.27938,101702.66,9.07763e-06,3.199093
2006-10-03 12:00:00,24.684845,17.964478,174.62738,100817.27,8.843407e-06,2.3612573
2006-10-04 12:00:00,23.831268,16.251343,191.5572,100305.875,0.0,2.7963102
2006-10-05 12:00:00,20.805786,11.268066,210.5078,101072.805,0.0,3.0588362
2006-10-06 12:00:00,19.93161,9.823181,187.63498,101825.49,0.0,0.7952882
2006-10-07 12:00:00,19.687256,10.600433,117.54462,102089.84,0.0,0.49880818
2006-10-08 12:00:00,17.081696,11.363342,198.97804,102264.48,0.0,3.2443192
2006-10-09 12:00:00,17.382355,7.0998535,178.37462,102317.97,3.169808e-08,1.6428779
2006-10-10 12:00:00,20.54248,7.858429,202.95839,101641.82,0.0,3.625458
2006-10-11 12:00:00,19.94574,10.636749,164.59145,101148.555,2.7895352e-08,3.277806
2006-10-12 12:00:00,15.374268,8.913879,200.0304,101713.92,1.8266311e-07,4.523872
2006-10-13 12:00:00,20.364838,6.7411194,189.42871,101459.56,0.0,3.2067418
2006-10-14 12:00:00,23.408905,10.428894,189.74887,101381.65,0.0,2.8294322
2006-10-15 12:00:00,21.776764,10.475616,176.86249,101641.32,0.0,0.6647219
2006-10-16 12:00:00,18.197388,14.101471,36.61597,101780.03,3.9534494e-05,1.026645
2006-10-17 12:00:00,18.359863,15.199036,67.19707,101478.05,7.848471e-05,3.0875196
2006-10-18 12:00:00,20.350311,16.601807,64.299614,101346.88,6.979092e-05,1.5095502
2006-10-19 12:00:00,20.29953,13.917023,77.214035,101088.79,4.459201e-05,2.5769863
2006-10-20 12:00:00,19.653625,16.110321,74.718216,101294.414,0.00012720002,2.5876806
2006-10-21 12:00:00,19.65268,15.900299,117.852974,101392.29,3.150749e-05,1.990585
2006-10-22 12:00:00,18.74591,13.340179,166.977,102177.95,0.0,3.0401204
2006-10-23 12:00:00,16.148651,10.38324,163.41226,102698.03,1.2040298e-08,2.980416
2006-10-24 12:00:00,16.772552,12.468079,72.02832,102408.445,1.7722225e-05,1.0611621
2006-10-25 12:00:00,19.651794,13.617371,148.25952,101994.74,2.1508919e-08,1.8085078
2006-10-26 12:00:00,15.370941,9.251129,91.92933,102325.016,6.2829226e-06,2.3517878
2006-10-27 12:00:00,23.237274,13.898376,102.60389,101929.336,1.4460607e-06,2.546495
2006-10-28 12:00:00,23.902374,17.965149,136.89964,101677.46,9.999361e-08,1.9618853
2006-10-29 12:00:00,23.674164,17.841064,99.310234,101892.96,9.587814e-06,1.9829432
2006-10-30 12:00:00,23.126831,17.720062,65.14444,102269.46,1.5857015e-05,2.80855
2006-10-31 12:00:00,17.587646,12.548187,50.277637,103111.195,2.8626116e-06,2.5175357
2006-11-01 12:00:00,21.075897,13.948669,58.778053,102079.36,8.706719e-05,1.3550448
2006-11-02 12:00:00,20.775635,11.532471,71.621475,101434.95,0.0001003123,2.473708
2006-11-03 12:00:00,11.471222,8.956085,30.84663,101769.97,0.00019810034,4.327372
2006-11-04 12:00:00,10.535156,8.134613,117.22759,101168.69,0.00016434376,4.3206463
2006-11-05 12:00:00,13.959808,4.466522,140.61926,101245.35,0.0,2.2881544
2006-11-06 12:00:00,15.356079,7.2860413,138.61003,100951.586,0.0,2.8524277
2006-11-07 12:00:00,17.252625,7.6450806,138.1241,100802.49,0.0,2.8755057
2006-11-08 12:00:00,14.148499,6.4810486,141.98929,101739.27,0.0,3.8500175
2006-11-09 12:00:00,10.777008,2.8941956,138.63226,102658.74,7.005759e-09,2.6600833
2006-11-10 12:00:00,12.285126,4.2573853,126.947876,102512.375,1.6576438e-08,3.2767239
2006-11-11 12:00:00,12.265869,4.7926636,134.65277,101869.99,0.0,2.9573214
2006-11-12 12:00:00,12.022583,4.163147,131.99669,102063.11,0.0,1.1654236
2006-11-13 12:00:00,15.878632,5.299164,90.47633,101904.35,1.3727343e-09,1.233737
2006-11-14 12:00:00,15.095581,13.144592,26.20755,100364.38,0.00037130728,5.196709
2006-11-15 12:00:00,16.171478,9.489014,31.260628,99720.47,6.7996196e-05,1.847578
2006-11-16 12:00:00,14.409363,7.7555847,101.55239,99518.28,8.6835425e-05,6.0408454
2006-11-17 12:00:00,10.735199,3.8979492,123.86944,100409.24,0.0,3.6059244
2006-11-18 12:00:00,9.545319,4.1636963,118.38556,100578.99,9.479226e-10,4.215584
2006-11-19 12:00:00,7.163666,1.3078308,126.41932,101495.37,0.0,3.8256156
2006-11-20 12:00:00,6.646179,-0.061035156,78.114075,101173.88,1.0053181e-07,1.7730057
2006-11-21 12:00:00,3.907257,-1.0516052,126.079895,100887.65,3.1142733e-06,5.7282014
2006-11-22 12:00:00,6.005615,-1.0108032,106.73626,101184.516,5.0035695e-08,3.8821082
2006-11-23 12:00:00,9.160156,4.7376404,107.65816,101231.375,4.7112408e-08,2.8922062
2006-11-24 12:00:00,7.9198914,1.2381897,81.89145,101992.86,7.6207034e-06,2.3480263
2006-11-25 12:00:00,17.827179,6.843689,12.201717,100560.984,0.00037456234,5.2790246
2006-11-26 12:00:00,17.65976,4.62146,92.71544,99716.85,1.5480751e-05,4.4256005
2006-11-27 12:00:00,4.9937134,0.42251587,116.38464,100245.89,9.3698745e-08,3.729063
2006-11-28 12:00:00,2.8435059,-2.0305176,41.281784,100239.54,9.7098724e-05,3.1788375
2006-11-29 12:00:00,3.8331604,0.88635254,70.54032,98765.08,0.00038130739,4.878778
2006-11-30 12:00:00,4.810791,-2.5898438,110.89762,99839.21,1.5216433e-08,3.2154975
2006-12-01 12:00:00,4.839966,-1.2244263,110.22872,100644.24,3.806904e-07,3.880431
2006-12-02 12:00:00,5.850708,-4.6515503,95.96029,101215.266,7.450389e-08,1.9307865
2006-12-03 12:00:00,17.324005,3.9277344,23.823177,99398.13,0.00038157645,5.072123
2006-12-04 12:00:00,6.7751465,0.4010315,109.455734,100997.01,0.0,4.092312
2006-12-05 12:00:00,7.201935,0.88427734,62.874218,100869.07,4.6622054e-07,3.0125775
2006-12-06 12:00:00,4.964569,-1.3522949,80.98794,101555.86,7.4968256e-08,2.0330327
2006-12-07 12:00:00,12.322784,-0.25708008,19.393831,101602.28,0.00021473416,4.754002
2006-12-08 12:00:00,17.305115,6.978241,24.152857,100279.81,0.00046974732,4.704738
2006-12-09 12:00:00,6.7489624,-0.9760132,99.51641,102879.21,0.0,2.5758538
2006-12-10 12:00:00,2.645813,0.45202637,22.275476,102366.48,4.328789e-05,5.105227
2006-12-11 12:00:00,2.562439,-1.9336853,40.25798,100966.92,0.00015605106,5.104697
2006-12-12 12:00:00,-0.7477417,-6.5135193,106.21154,101816.13,0.0,3.692479
2006-12-13 12:00:00,0.8208313,-10.327118,97.75547,102497.48,1.9787931e-09,2.1968997
2006-12-14 12:00:00,1.4594421,-10.06842,106.51848,102307.02,6.8220785e-08,1.8590888
2006-12-15 12:00:00,2.0233765,-2.354309,59.86949,101236.76,0.0,4.830742
2006-12-16 12:00:00,3.776703,-2.7467957,77.74427,101012.055,0.0,3.4055612
2006-12-17 12:00:00,4.013031,-7.1447754,97.07675,101671.125,2.1528912e-07,2.5676131
2006-12-18 12:00:00,8.119324,-4.572174,99.66782,102236.19,0.0,1.9749377
2006-12-19 12:00:00,7.339966,-1.3020935,74.08504,102172.07,1.6009723e-06,1.7649405
2006-12-20 12:00:00,7.65506,-0.44732666,54.79138,101288.38,3.7923764e-06,1.3291968
2006-12-21 12:00:00,6.2192383,-0.671875,74.48225,100917.56,2.0865104e-06,3.1822054
2006-12-22 12:00:00,3.3078308,-4.521881,103.44109,101315.57,6.0961227e-09,2.137277
2006-12-23 12:00:00,0.4942932,-3.0600586,48.49302,101519.23,4.2859952e-05,3.7864406
2006-12-24 12:00:00,2.47583,-6.233551,103.216675,102814.15,1.710233e-08,3.3172598
2006-12-25 12:00:00,2.9991455,-5.8005066,102.25345,102752.77,1.7864364e-08,3.3602176
2006-12-26 12:00:00,4.8168335,-3.807434,103.19158,102825.02,0.0,3.1431088
2006-12-27 12:00:00,7.696747,-3.1169434,103.82101,102577.84,0.0,3.2552283
2006-12-28 12:00:00,8.239746,0.35647583,70.118965,102078.52,1.6600603e-09,1.789903
2006-12-29 12:00:00,14.069458,5.2633057,97.39096,100137.63,0.0002550743,1.3661982
2006-12-30 12:00:00,10.721313,2.802948,104.12229,100894.1,0.0,3.8443727
2006-12-31 12:00:00,6.620514,-2.1105347,102.13106,101748.41,0.0,2.8556876
2007-01-01 12:00:00,8.642822,0.14801025,56.936275,102005.35,0.0,1.2988265
2007-01-02 12:00:00,5.112915,0.9875183,69.93527,102755.06,0.0,3.5773375
2007-01-03 12:00:00,1.564148,-1.7366638,85.91575,102663.6,0.0,3.569141
2007-01-04 12:00:00,1.9856262,-4.801361,108.04743,102705.87,0.0,2.8698106
2007-01-05 12:00:00,2.0991821,-3.9838562,90.47446,102904.08,4.7747753e-06,3.3228602
2007-01-06 12:00:00,6.662018,2.0107422,16.129374,101816.945,0.00050000666,1.7917442
2007-01-07 12:00:00,5.4441833,-0.40914917,107.05813,101222.305,1.2287106e-07,3.4670036
2007-01-08 12:00:00,4.500641,-2.9196777,100.954414,101711.91,5.391821e-08,2.1238604
2007-01-09 12:00:00,4.5946655,-2.7406006,110.51227,102006.18,0.0,2.12816
2007-01-10 12:00:00,4.221039,-2.9220276,110.77766,102091.57,0.0,2.9552174
2007-01-11 12:00:00,2.8136902,-3.0711975,112.17797,102063.516,0.0,3.4326577
2007-01-12 12:00:00,5.7688293,-1.7087402,116.25166,101918.69,0.0,3.9162464
2007-01-13 12:00:00,6.6323853,-1.9866333,116.017006,102045.79,0.0,2.2100856
2007-01-14 12:00:00,9.235046,-1.8166199,76.26238,102525.79,6.278002e-07,0.6246968
2007-01-15 12:00:00,14.740265,6.1799316,30.592447,102152.516,0.00021519793,1.744733
2007-01-16 12:00:00,12.087402,9.209412,22.761126,101325.93,0.00062106916,1.846761
2007-01-17 12:00:00,9.173218,5.585785,96.34564,101896.11,6.3200673e-07,3.3081026
2007-01-18 12:00:00,8.502655,6.33374,10.39176,101031.2,0.00039468717,5.9608984
2007-01-19 12:00:00,9.383911,4.6029663,117.11692,101080.31,2.1334294e-07,3.5225677
2007-01-20 12:00:00,14.716797,2.9381104,30.481544,100989.89,0.00015537208,2.8330157
2007-01-21 12:00:00,17.453125,3.2088928,118.70715,98919.375,0.00024069737,5.5422907
2007-01-22 12:00:00,3.0887146,-2.205536,109.03701,100096.75,1.2643312e-07,5.533515
2007-01-23 12:00:00,0.3401184,-2.2138367,127.29848,101184.01,0.0,4.917544
2007-01-24 12:00:00,2.7442322,-1.8224487,129.49667,102070.836,0.0,3.5527515
2007-01-25 12:00:00,4.2955933,-1.8823547,125.37489,102791.445,5.474123e-08,2.0266182
2007-01-26 12:00:00,9.339233,2.0499573,123.18645,102562.05,0.0,3.4273224
2007-01-27 12:00:00,6.958008,0.116363525,89.0609,102448.89,2.4619324e-09,0.64035743
2007-01-28 12:00:00,11.75531,4.3120117,48.133415,101611.28,1.1009675e-05,1.2168214
2007-01-29 12:00:00,14.083801,2.4082947,127.18589,100234.87,9.43476e-05,3.8738954
2007-01-30 12:00:00,3.1532593,-2.259552,140.09888,101092.76,0.0,2.5965457
2007-01-31 12:00:00,2.1129456,-6.0079346,113.82927,100628.555,1.3010317e-06,4.3151927
2007-02-01 12:00:00,-0.43893433,-8.943451,147.83104,101701.234,1.0120615e-07,8.140525
2007-02-02 12:00:00,3.3259277,-2.529419,147.38431,102356.9,0.0,3.9573133
2007-02-03 12:00:00,5.8867188,-2.9376526,137.76807,102424.52,1.23711805e-08,1.5578367
2007-02-04 12:00:00,6.4075317,1.9197388,53.417053,101714.89,2.1453938e-05,1.1017406
2007-02-05 12:00:00,13.443451,5.8298035,64.601524,100072.766,0.00038655533,5.515532
2007-02-06 12:00:00,10.919189,6.209137,84.306,100682.66,8.774152e-06,4.137709
2007-02-07 12:00:00,6.586487,3.8430176,72.95532,101419.484,3.68408e-06,2.520404
2007-02-08 12:00:00,7.226532,0.041625977,147.35863,101432.27,5.7087385e-07,1.3615817
2007-02-09 12:00:00,9.86261,0.7007446,101.76046,101547.23,1.0802556e-06,1.6671492
2007-02-10 12:00:00,15.229797,8.604858,69.367935,100544.164,0.00033224883,2.7371104
2007-02-11 12:00:00,9.288422,1.8467712,159.91574,101739.49,0.0,2.346307
2007-02-12 12:00:00,8.374023,3.7453308,38.604134,101532.11,0.00014029031,0.9024064
2007-02-13 12:00:00,6.58197,-1.4914551,168.39317,102034.17,0.0,3.6722627
2007-02-14 12:00:00,1.882019,-1.1492615,65.67885,101211.21,5.650336e-06,2.4584708
2007-02-15 12:00:00,-0.5138855,-4.366211,134.50842,100194.15,1.907932e-05,5.487233
2007-02-16 12:00:00,0.5973511,-4.271515,106.43257,100388.31,4.874176e-06,4.021789
2007-02-17 12:00:00,4.1563416,-4.3667603,176.1782,101482.59,1.3637684e-07,1.5553813
2007-02-18 12:00:00,11.007263,-0.83148193,123.054955,101261.99,0.0,3.6047394
2007-02-19 12:00:00,9.55069,-0.17462158,172.01654,101219.125,2.7047467e-10,3.343579
2007-02-20 12:00:00,2.6481628,-5.901184,169.47644,101659.99,0.0,2.8590088
2007-02-21 12:00:00,2.302185,-1.7642822,102.86963,100318.35,1.6025708e-05,3.4745727
2007-02-22 12:00:00,-0.1508789,-9.316925,162.48323,100522.88,0.0,7.536833
2007-02-23 12:00:00,-0.26138306,-9.033539,173.5466,101946.41,2.9967308e-07,4.285409
2007-02-24 12:00:00,0.30307007,-3.6799622,123.89193,101310.44,0.00010008974,1.0067978
2007-02-25 12:00:00,2.7989807,-4.637726,198.26097,101467.734,3.5946417e-07,3.2531626
2007-02-26 12:00:00,7.634491,-6.6193542,108.736115,101291.15,1.3864515e-06,2.1479177
2007-02-27 12:00:00,5.872711,-2.9039612,36.48976,99531.445,0.00020492192,1.5586649
2007-02-28 12:00:00,-2.9958801,-5.891968,161.72699,100162.45,4.967904e-05,8.006899
2007-03-01 12:00:00,-4.896118,-13.141571,195.9239,101359.27,5.041284e-07,2.8664706
2007-03-02 12:00:00,-3.875885,-12.22934,207.69435,100694.63,2.5435608e-07,4.402148
2007-03-03 12:00:00,2.529663,-5.9336853,206.13774,100605.516,1.0298434e-07,4.0732236
2007-03-04 12:00:00,11.892517,0.6022644,127.76135,99810.555,1.4156271e-05,3.4140418
2007-03-05 12:00:00,5.4223022,-1.5196533,164.96173,101142.31,0.0,3.2505374
2007-03-06 12:00:00,0.43826294,-6.7409973,211.67755,101894.9,7.0994086e-09,3.1162944
2007-03-07 12:00:00,4.2757263,-7.4803467,220.1111,101982.04,0.0,0.7850313
2007-03-08 12:00:00,9.75354,-2.6689758,217.27293,101368.46,0.0,1.8353641
2007-03-09 12:00:00,7.193817,-3.4028625,85.25416,100311.03,1.6495857e-06,3.0902002
2007-03-10 12:00:00,-2.6727295,-8.664276,216.66954,100312.71,4.857263e-08,5.372049
2007-03-11 12:00:00,6.673523,-4.11145,191.29167,100695.33,0.0,3.6856232
2007-03-12 12:00:00,17.479034,6.506836,207.51389,100920.164,1.01048556e-07,3.2906857
2007-03-13 12:00:00,12.375488,5.544983,72.243675,101599.836,6.9107744e-05,3.7810287
2007-03-14 12:00:00,8.72052,5.1707764,81.70681,101578.164,0.00011497466,4.2285533
2007-03-15 12:00:00,12.553986,6.962097,31.282187,101588.51,0.00021411722,2.7450247
2007-03-16 12:00:00,18.375763,12.588684,68.821045,101199.7,9.504071e-05,3.572954
2007-03-17 12:00:00,18.848999,10.941162,43.898205,100772.914,0.00024735634,2.0173867
2007-03-18 12:00:00,10.839142,2.025177,244.98479,101625.664,2.3495646e-05,5.284153
2007-03-19 12:00:00,5.58313,-1.1268921,243.88478,102771.29,0.0,2.152661
2007-03-20 12:00:00,6.462799,0.6652527,252.49672,102750.72,0.0,2.8265758
2007-03-21 12:00:00,14.44574,0.53796387,44.875553,101794.3,0.00044711787,2.8750968
2007-03-22 12:00:00,16.48523,6.0977173,234.89168,99452.234,3.5360586e-05,4.5069947
2007-03-23 12:00:00,5.9835205,-1.8684998,257.2361,101128.37,4.633637e-08,3.078743
2007-03-24 12:00:00,15.696167,3.0568848,209.44073,101331.08,1.9088469e-07,3.1996593
2007-03-25 12:00:00,18.26117,6.4066772,234.20685,101838.17,0.0,2.4169228
2007-03-26 12:00:00,20.76294,9.277405,249.03954,102210.64,0.0,2.163443
2007-03-27 12:00:00,20.474182,10.452789,253.02554,102140.78,0.0,3.1064253
2007-03-28 12:00:00,18.058472,14.790955,109.74713,101661.49,1.8289655e-05,2.914171
2007-03-29 12:00:00,15.706024,9.336487,263.45966,102183.98,3.4014523e-05,2.9553928
2007-03-30 12:00:00,9.431488,-0.82662964,279.75424,103546.12,0.0,4.4093223
2007-03-31 12:00:00,8.019012,-1.7609253,103.59828,103193.47,8.238302e-05,1.3349993
2007-04-01 12:00:00,13.855896,8.158936,169.896,100828.91,0.00015080455,3.2251616
2007-04-02 12:00:00,11.513184,2.4351807,196.95934,101260.35,1.2191344e-05,3.5213823
2007-04-03 12:00:00,4.7749023,1.3799744,77.99817,101690.266,0.00015018148,5.1366615
2007-04-04 12:00:00,8.718689,4.2941284,40.337955,101502.44,0.00029947583,6.7322497
2007-04-05 12:00:00,14.337585,8.784729,96.10662,99930.555,0.00012928025,2.1629798
2007-04-06 12:00:00,11.887787,7.5078125,239.34036,99645.086,4.6508547e-05,3.654871
2007-04-07 12:00:00,15.281067,5.346924,219.5327,100515.71,1.8183083e-06,1.0842873
2007-04-08 12:00:00,19.732422,9.925354,183.08882,100505.26,2.2111761e-08,2.3977249
2007-04-09 12:00:00,16.5047,11.846191,226.19621,100748.49,0.00015228837,1.4230696
2007-04-10 12:00:00,14.958038,6.582184,292.75882,101939.0,0.0,0.62851983
2007-04-11 12:00:00,15.807983,5.5808105,278.5076,101697.12,0.0,2.3800836
2007-04-12 12:00:00,17.743134,6.6114197,295.30777,101441.29,0.0,0.5195452
2007-04-13 12:00:00,15.081543,9.7752075,102.628456,101163.34,8.412327e-05,4.1817594
2007-04-14 12:00:00,14.119263,9.332062,94.96845,100772.82,0.0006636116,4.1917143
2007-04-15 12:00:00,13.195068,7.0357056,277.83163,100810.3,2.2122658e-05,2.4160054
2007-04-16 12:00:00,9.945984,5.8546143,119.09771,101037.65,4.482e-05,1.2819576
2007-04-17 12:00:00,12.48111,7.3114624,178.5522,100698.28,3.8369548e-05,1.717224
2007-04-18 12:00:00,12.643158,5.5447083,256.77682,101007.28,1.9627605e-07,2.3729725
2007-04-19 12:00:00,13.408051,4.8461914,299.55267,101725.78,7.2762965e-09,3.0498455
2007-04-20 12:00:00,16.134003,5.1367188,247.81934,101695.664,0.0,0.7665828
2007-04-21 12:00:00,19.118134,10.132965,141.17766,101090.33,1.3867831e-06,0.6090172
2007-04-22 12:00:00,15.891663,9.592712,131.9247,100814.21,0.00024006334,2.3658183
2007-04-23 12:00:00,15.369232,5.0360107,316.98083,101468.49,0.0,2.852192
2007-04-24 12:00:00,18.025879,7.4081116,303.9464,101751.234,0.0,1.4604089
2007-04-25 12:00:00,16.529144,11.10965,292.82877,101857.21,0.0,2.0825377
2007-04-26 12:00:00,18.248444,6.2061157,317.89743,102619.05,0.0,2.005304
2007-04-27 12:00:00,22.90625,8.035492,314.84824,102509.23,0.0,2.544131
2007-04-28 12:00:00,22.779877,11.375549,314.05957,102646.23,0.0,0.44932655
2007-04-29 12:00:00,21.129395,11.434784,285.09155,102765.52,1.1122951e-06,1.5336645
2007-04-30 12:00:00,21.460571,13.719971,243.03113,102273.67,1.1688164e-06,2.8234255
2007-05-01 12:00:00,19.557068,17.245728,70.593544,101681.49,0.00011385384,4.733229
2007-05-02 12:00:00,18.494415,14.299103,224.74052,101624.41,0.0001987407,1.9140537
2007-05-03 12:00:00,16.157593,10.5336,312.2754,101793.586,0.0,3.3956482
2007-05-04 12:00:00,13.127167,6.069153,335.0817,102035.33,0.0,2.831249
2007-05-05 12:00:00,14.289581,5.542816,336.87927,101806.836,0.0,2.4692426
2007-05-06 12:00:00,16.34259,3.659912,335.89624,102117.96,0.0,1.7908322
2007-05-07 12:00:00,22.173065,8.024384,331.8582,102136.125,0.0,2.3358464
2007-05-08 12:00:00,25.597778,11.544556,317.6098,102561.35,0.0,2.1595674
2007-05-09 12:00:00,26.88263,12.825317,332.75467,102711.05,0.0,2.4023151
2007-05-10 12:00:00,27.565521,15.559235,288.2792,102196.04,0.0,3.4413168
2007-05-11 12:00:00,30.137451,19.846924,312.86313,101151.88,0.0,4.1375046
2007-05-12 12:00:00,28.35321,17.97998,169.0094,100446.61,1.16957635e-05,3.696098
2007-05-13 12:00:00,18.57904,12.014038,345.22754,101235.875,0.0,4.3904724
2007-05-14 12:00:00,24.344269,8.2925415,333.98734,101124.28,0.0,3.0358725
2007-05-15 12:00:00,27.888458,20.03833,277.1508,99848.05,0.0,5.063598
2007-05-16 12:00:00,19.840912,7.9086304,354.1842,101178.57,0.0,4.3024235
2007-05-17 12:00:00,16.605347,7.042816,340.30695,101644.93,0.0,2.581386
2007-05-18 12:00:00,17.319824,7.85672,200.66895,101518.58,0.0,1.3743048
2007-05-19 12:00:00,19.04889,8.308472,297.5546,101437.195,0.0,2.412765
2007-05-20 12:00:00,21.875214,10.266022,344.49936,101461.27,0.0,1.9527497
2007-05-21 12:00:00,22.2659,10.116028,284.2933,101786.34,0.0,2.6301289
2007-05-22 12:00:00,17.566193,13.762543,136.49475,101869.836,9.783543e-06,5.6420755
2007-05-23 12:00:00,16.320679,13.929779,59.884697,101364.77,0.0001249546,6.331664
2007-05-24 12:00:00,18.05478,15.208557,189.49347,100561.97,0.00026128383,4.129031
2007-05-25 12:00:00,17.305176,13.555695,87.98954,100965.74,2.2971946e-05,1.8012531
2007-05-26 12:00:00,18.389832,15.263428,130.72644,101007.484,2.3762552e-05,2.6413434
2007-05-27 12:00:00,17.333435,14.597961,102.79288,101288.695,7.665302e-05,2.3493273
2007-05-28 12:00:00,18.697632,13.675873,196.8258,101407.39,1.8309823e-06,1.3014894
2007-05-29 12:00:00,20.445892,13.366669,156.23254,101062.7,1.44448295e-05,1.6717316
2007-05-30 12:00:00,20.268951,15.672668,313.43216,100663.41,0.0,1.929546
2007-05-31 12:00:00,20.597412,9.367981,358.3403,101403.125,0.0,0.5340857
2007-06-01 12:00:00,29.289154,16.114532,294.95135,100674.08,6.6951748e-06,3.4899328
2007-06-02 12:00:00,29.408844,22.184937,323.36002,100535.05,2.0673539e-05,2.2075274
2007-06-03 12:00:00,27.235077,17.874207,339.4903,100872.96,0.000102392594,1.6402336
2007-06-04 12:00:00,26.90268,17.551666,339.92892,101172.375,0.0,1.3014843
2007-06-05 12:00:00,24.658447,17.768677,61.17781,101409.18,0.00024367298,2.3795276
2007-06-06 12:00:00,24.624756,16.473663,305.84912,101614.78,3.5077067e-06,2.4201143
2007-06-07 12:00:00,28.178497,15.615601,356.0148,101518.484,0.0,2.234358
2007-06-08 12:00:00,29.611328,17.348633,353.4642,100781.73,0.0,3.0623026
2007-06-09 12:00:00,26.801178,17.847748,195.883,100614.125,2.4441555e-05,2.2133482
2007-06-10 12:00:00,24.580292,14.077362,353.03735,100995.195,0.0,0.73275554
2007-06-11 12:00:00,29.322021,19.384735,348.2814,100832.66,0.0,1.4276271
2007-06-12 12:00:00,31.857086,20.946411,306.07742,100617.92,0.0,2.2741086
2007-06-13 12:00:00,30.967285,20.64032,258.30182,100296.016,7.7964294e-05,2.1992834
2007-06-14 12:00:00,26.134277,19.30069,270.18488,100636.95,3.8574e-06,2.030009
2007-06-15 12:00:00,30.36676,17.136597,357.04233,101514.8,0.0,0.84562165
2007-06-16 12:00:00,31.283508,17.220154,337.61795,101680.08,5.9188825e-08,1.7362429
2007-06-17 12:00:00,34.490906,24.168762,337.36523,100867.21,4.1865973e-05,2.8018165
2007-06-18 12:00:00,34.207123,22.668915,331.17694,100635.05,5.6123437e-05,1.1230791
2007-06-19 12:00:00,32.374115,21.60025,312.78613,100610.336,9.0142334e-05,1.9670329
2007-06-20 12:00:00,29.43753,21.254791,322.70975,100562.82,0.00010815972,0.89042926
2007-06-21 12:00:00,28.918213,22.921967,358.2851,100635.984,0.0,2.3946257
2007-06-22 12:00:00,31.12851,19.672333,357.1433,100786.234,0.0,1.5352051
2007-06-23 12:00:00,29.955597,21.635864,351.07758,100679.45,9.682978e-05,2.4524362
2007-06-24 12:00:00,27.318726,19.193054,311.23325,101456.48,1.6315761e-08,0.5791272
2007-06-25 12:00:00,32.46173,22.116516,242.99812,101051.1,3.664454e-05,3.5339732
2007-06-26 12:00:00,29.163025,21.170319,358.9608,101099.945,6.592819e-05,1.7323496
2007-06-27 12:00:00,33.483032,19.349884,341.8453,101363.734,0.0,1.3208477
2007-06-28 12:00:00,38.32556,25.23883,341.02063,100998.586,0.0,3.1742642
2007-06-29 12:00:00,35.9765,25.402588,333.41064,100817.0,2.60596e-05,1.5335809
2007-06-30 12:00:00,26.991302,20.945648,250.57838,100516.91,0.0003227851,1.5778615
2007-07-01 12:00:00,25.862488,16.898193,347.49796,100735.69,6.6285306e-06,3.6041276
2007-07-02 12:00:00,27.54132,17.6958,351.59787,100891.31,0.0,1.3968914
2007-07-03 12:00:00,26.154297,17.513214,332.54596,101031.984,3.1601787e-06,1.2858238
2007-07-04 12:00:00,28.222626,16.34671,355.7457,101247.52,0.0,1.3269639
2007-07-05 12:00:00,30.442566,17.776337,313.1249,101370.23,0.0,2.079927
2007-07-06 12:00:00,30.428833,23.192902,243.40703,101233.625,1.446418e-05,3.1377282
2007-07-07 12:00:00,35.13968,21.572388,324.62466,100616.87,2.8215707e-05,2.020792
2007-07-08 12:00:00,34.82373,24.789734,336.9264,100336.89,0.0,3.456344
2007-07-09 12:00:00,31.83908,25.432556,345.65842,100668.22,0.0,3.7037065
2007-07-10 12:00:00,30.048248,19.245667,355.90363,101333.06,0.0,1.3541529
2007-07-11 12:00:00,31.56134,18.98761,285.11832,101231.62,0.0,3.0444086
2007-07-12 12:00:00,30.642822,23.95102,249.23366,100693.22,9.462949e-05,2.1191683
2007-07-13 12:00:00,30.689545,21.938599,328.04373,100844.72,5.403416e-06,3.716666
2007-07-14 12:00:00,28.716156,21.70282,281.05618,101194.31,0.0,4.1177745
2007-07-15 12:00:00,27.715088,22.413513,83.135414,100957.69,0.00020101333,4.3277493
2007-07-16 12:00:00,32.30435,20.983276,303.19986,101062.14,6.838445e-06,0.6346257
2007-07-17 12:00:00,26.68103,21.148651,223.16774,101472.82,3.743884e-05,1.9548664
2007-07-18 12:00:00,24.801453,20.895966,149.91191,101212.875,0.00041189918,1.9786441
2007-07-19 12:00:00,28.793762,20.639954,339.78735,101321.93,5.728134e-10,0.45479628
2007-07-20 12:00:00,30.469269,19.873505,316.13464,101111.266,0.0,2.8854814
2007-07-21 12:00:00,28.272003,23.269257,217.61902,101112.586,5.530914e-06,1.4646667
2007-07-22 12:00:00,29.58371,22.56076,218.05965,101120.625,1.8621704e-07,2.778488
2007-07-23 12:00:00,31.632263,23.260132,318.99542,100444.72,4.151518e-05,2.3597224
2007-07-24 12:00:00,29.700317,21.194153,327.26505,100821.94,0.0,3.3462563
2007-07-25 12:00:00,31.594025,21.197754,326.80792,101232.766,0.0,2.0949936
2007-07-26 12:00:00,32.16928,20.047699,335.6279,101492.43,0.0,0.59872496
2007-07-27 12:00:00,34.483948,20.367645,310.38016,101128.984,2.508548e-07,3.1418412
2007-07-28 12:00:00,32.16971,25.10202,303.6809,100734.25,0.0,4.8280964
2007-07-29 12:00:00,28.551392,22.484589,111.21589,100685.03,7.34843e-05,2.937934
2007-07-30 12:00:00,24.539886,21.652557,107.42916,100902.48,9.793689e-05,2.2064803
2007-07-31 12:00:00,25.155792,21.831573,144.58333,101322.55,5.4176577e-05,2.0073113
2007-08-01 12:00:00,25.980042,21.388641,213.43745,101643.22,3.5717156e-05,1.5729179
2007-08-02 12:00:00,26.04486,21.12909,200.13553,101716.586,0.0,1.655399
2007-08-03 12:00:00,25.141388,20.0997,141.44823,101397.24,0.000588525,1.9488442
2007-08-04 12:00:00,32.53311,21.341095,303.80188,101051.516,0.0,1.9064428
2007-08-05 12:00:00,31.442993,23.14325,254.83731,100976.414,0.00017561592,2.9667573
2007-08-06 12:00:00,23.494415,21.060852,169.71432,101577.73,4.8283408e-05,1.360029
2007-08-07 12:00:00,24.329742,18.702637,294.89014,101878.04,4.0528803e-06,2.4096818
2007-08-08 12:00:00,22.191315,19.124695,50.36008,101691.78,0.00015425877,2.3440828
2007-08-09 12:00:00,24.39685,19.018555,230.60913,101696.13,4.4906787e-06,1.7503129
2007-08-10 12:00:00,25.268707,19.36554,283.47104,101719.55,0.0,2.5599513
2007-08-11 12:00:00,27.027374,19.59616,289.68002,101623.266,0.0,1.5843387
2007-08-12 12:00:00,29.212006,19.643494,242.24358,101560.51,0.0,1.4937025
2007-08-13 12:00:00,27.676544,20.33078,215.97066,101444.59,1.5841587e-07,2.0666063
2007-08-14 12:00:00,31.204712,19.802094,300.99796,101338.1,4.739613e-10,2.4453418
2007-08-15 12:00:00,32.64456,22.292236,253.12569,100841.586,8.971628e-06,1.8429818
2007-08-16 12:00:00,31.006561,21.17331,278.85184,100750.31,1.5228842e-05,1.2820951
2007-08-17 12:00:00,27.062622,19.668304,141.15253,101324.695,0.00023599618,0.8380827
2007-08-18 12:00:00,25.134583,22.24231,123.70785,101934.33,1.3152336e-06,3.3536084
2007-08-19 12:00:00,25.112549,22.844696,95.312836,102202.516,1.261792e-05,2.427772
2007-08-20 12:00:00,27.221344,23.181702,197.16501,102040.17,4.493509e-06,2.0553749
2007-08-21 12:00:00,30.083832,23.446808,251.85982,101519.945,8.449377e-06,2.3242302
2007-08-22 12:00:00,27.450775,22.416656,253.94704,101590.76,1.2254105e-07,2.2192636
2007-08-23 12:00:00,25.922485,21.075745,171.99135,101729.06,2.5297172e-06,2.501939
2007-08-24 12:00:00,28.389008,19.884186,278.10327,101329.77,7.395459e-07,0.52747303
2007-08-25 12:00:00,31.288849,20.948212,270.10565,101250.86,1.1291469e-05,1.1680921
2007-08-26 12:00:00,32.18582,22.929901,281.89026,101068.375,0.0,2.8666775
2007-08-27 12:00:00,30.54483,22.490631,236.8711,100847.54,0.0,1.6384727
2007-08-28 12:00:00,32.919647,22.254364,233.17015,100712.68,0.0,1.5846682
2007-08-29 12:00:00,31.010132,21.950226,204.74356,100567.1,5.7874728e-05,1.0973816
2007-08-30 12:00:00,23.617401,16.310974,40.396557,100835.055,0.0004216981,4.551276
2007-08-31 12:00:00,21.264862,14.712891,259.1753,101512.625,1.463027e-09,3.649584
2007-09-01 12:00:00,21.51596,14.277679,263.28552,101752.59,0.0,2.7343678
2007-09-02 12:00:00,20.173584,15.368195,149.49959,101540.516,1.4101946e-07,3.4237626
2007-09-03 12:00:00,22.832642,16.073029,250.11055,101595.12,5.732201e-06,4.0296454
2007-09-04 12:00:00,20.3508,17.002808,54.096806,101585.65,0.000107788685,5.6633835
2007-09-05 12:00:00,17.935486,16.719421,29.653097,100770.81,0.0007310942,7.3797417
2007-09-06 12:00:00,20.115784,15.2717285,171.62195,100028.87,8.3157654e-05,5.3744597
2007-09-07 12:00:00,19.944458,13.232208,252.85957,100522.09,0.0,3.1108396
2007-09-08 12:00:00,20.900024,12.526001,261.6782,100757.43,4.2714867e-09,2.4902132
2007-09-09 12:00:00,20.873657,12.955536,257.81662,101024.78,8.375011e-06,1.7724417
2007-09-10 12:00:00,19.84201,13.464233,252.87814,101347.125,8.8962595e-05,2.1347463
2007-09-11 12:00:00,21.332672,13.217957,258.8047,101624.234,6.67898e-09,2.4726167
2007-09-12 12:00:00,21.465271,14.564575,256.78387,101616.945,0.0,2.4056695
2007-09-13 12:00:00,25.076447,13.527435,255.45638,101436.336,0.0,3.0383425
2007-09-14 12:00:00,25.78653,15.5503235,245.49803,101387.82,0.0,2.2938206
2007-09-15 12:00:00,25.35254,15.286835,249.97736,101577.01,0.0,0.67754865
2007-09-16 12:00:00,22.430298,17.16861,66.9702,101594.35,1.7025539e-05,3.116831
2007-09-17 12:00:00,27.090302,21.350037,132.0596,101539.96,0.0,3.307297
2007-09-18 12:00:00,27.199554,21.319427,190.36647,101781.07,6.572779e-06,2.8122573
2007-09-19 12:00:00,27.08609,19.099487,202.61461,101504.53,0.0,2.6807346
2007-09-20 12:00:00,25.699066,20.288635,205.75562,101306.34,4.954479e-05,1.9779774
2007-09-21 12:00:00,21.339355,13.6753845,243.6504,102024.32,0.0,2.777802
2007-09-22 12:00:00,22.385223,10.943268,238.40924,102179.15,0.0,1.2294365
2007-09-23 12:00:00,23.723602,14.387817,232.03209,102359.195,0.0,1.0055872
2007-09-24 12:00:00,23.670013,13.851379,224.0582,102675.14,0.0,1.9195231
2007-09-25 12:00:00,25.220306,13.868805,223.40092,102352.0,0.0,1.214395
2007-09-26 12:00:00,21.190369,14.9410095,78.5859,102579.64,2.8894092e-06,2.3102446
2007-09-27 12:00:00,21.870178,17.503906,133.62445,103052.91,3.3442216e-06,3.7087715
2007-09-28 12:00:00,23.811462,13.995178,208.73723,102641.85,0.0,1.32885
2007-09-29 12:00:00,23.859344,15.898651,124.05915,102315.664,1.2692176e-05,2.1631255
2007-09-30 12:00:00,24.126587,19.50821,117.733406,101761.375,0.000248672,0.57348126
2007-10-01 12:00:00,25.60849,18.411743,210.91908,101710.766,0.0,0.7206092
2007-10-02 12:00:00,24.443268,17.246765,196.94179,101303.83,9.999339e-06,2.3378522
2007-10-03 12:00:00,23.487701,19.66446,65.347275,100498.25,4.7878093e-05,3.8277519
2007-10-04 12:00:00,23.551392,19.273712,129.33186,100004.664,0.0003810763,3.1620107
2007-10-05 12:00:00,19.210266,11.194733,209.75705,101048.55,0.0,4.2082357
2007-10-06 12:00:00,16.971497,8.38028,207.07892,101866.57,0.0,2.5842407
2007-10-07 12:00:00,15.312988,9.431702,198.75203,101900.33,0.0,2.8517697
2007-10-08 12:00:00,11.64209,3.2402954,207.29117,102408.32,0.0,2.1265798
2007-10-09 12:00:00,19.430511,6.278351,195.5255,101818.34,0.0,3.3159103
2007-10-10 12:00:00,23.084045,13.018646,196.16902,101016.34,0.0,3.3384306
2007-10-11 12:00:00,23.017944,12.508484,184.68881,100521.31,2.2160421e-07,2.6376429
2007-10-12 12:00:00,18.544159,10.441162,192.58789,101042.25,0.0,3.7522447
2007-10-13 12:00:00,16.618835,7.2565613,189.41942,101626.24,0.0,1.834414
2007-10-14 12:00:00,17.932495,9.429504,111.82733,100833.516,1.865333e-07,2.8683782
2007-10-15 12:00:00,15.745941,8.401947,167.87231,100989.79,2.5892945e-07,3.7171192
2007-10-16 12:00:00,15.198944,9.845917,186.65361,101403.63,0.0,2.578221
2007-10-17 12:00:00,15.371002,4.136322,169.57355,101967.33,0.0,0.96009785
2007-10-18 12:00:00,22.418762,8.076752,176.17374,101960.34,0.0,2.0892823
2007-10-19 12:00:00,22.287231,11.567749,142.86642,102123.57,0.0,2.5809636
2007-10-20 12:00:00,21.664673,15.246063,90.1272,102304.41,3.4566798e-05,1.9450034
2007-10-21 12:00:00,22.360199,14.024414,138.11893,102505.29,1.0787909e-05,1.9266498
2007-10-22 12:00:00,20.479675,14.590363,79.01649,102518.92,3.2567397e-05,2.9332492
2007-10-23 12:00:00,21.505157,18.380127,130.9166,102515.555,2.5371983e-06,4.4763417
2007-10-24 12:00:00,20.799683,18.328888,118.16928,102466.43,3.9267063e-05,4.0148625
2007-10-25 12:00:00,18.335327,15.260437,63.11844,102383.625,1.5249135e-05,3.0511954
2007-10-26 12:00:00,15.427948,12.466644,58.21624,102204.62,8.178673e-06,1.9470568
2007-10-27 12:00:00,17.203674,12.1362,67.41775,102116.45,1.5345757e-05,1.8377768
2007-10-28 12:00:00,19.723297,15.581696,130.05693,102294.32,3.88515e-05,3.1957216
2007-10-29 12:00:00,19.722809,17.826172,37.82643,102497.1,0.00010142521,3.9511106
2007-10-30 12:00:00,18.792542,17.58139,27.17984,102547.11,0.00017840523,1.2050692
2007-10-31 12:00:00,20.768005,17.7052,69.10191,102573.6,1.4491821e-05,1.953967
2007-11-01 12:00:00,20.44458,17.846771,39.361202,101680.13,0.00013609305,1.5954974
2007-11-02 12:00:00,17.769104,10.055817,151.9974,101892.7,0.0,2.7932565
2007-11-03 12:00:00,13.505829,6.2994995,148.54305,101845.76,3.2251861e-09,1.8464537
2007-11-04 12:00:00,17.642242,8.707397,124.77057,100888.375,2.9771425e-07,1.9296994
2007-11-05 12:00:00,21.48877,15.214691,56.189392,99713.16,3.7132635e-05,4.7503405
2007-11-06 12:00:00,19.854828,8.550171,120.39078,100435.23,3.4837794e-05,3.3185277
2007-11-07 12:00:00,9.971985,3.651886,142.0385,101856.766,1.7799386e-09,2.6307719
2007-11-08 12:00:00,11.347534,3.8914185,140.1316,102257.93,1.107615e-09,3.4460106
2007-11-09 12:00:00,14.711884,4.342499,136.19118,102563.65,0.0,0.5271117
2007-11-10 12:00:00,18.473999,11.529419,14.387459,100863.6,0.00035549107,4.859606
2007-11-11 12:00:00,17.716766,9.766418,134.18326,100301.7,0.0,4.652219
2007-11-12 12:00:00,9.698059,4.5429993,135.47794,100892.086,9.479226e-10,3.9746513
2007-11-13 12:00:00,8.288239,1.1528931,134.60568,101765.086,3.818756e-10,2.8560488
2007-11-14 12:00:00,7.726166,2.52005,129.58434,102332.35,0.0,3.1862805
2007-11-15 12:00:00,8.084198,0.969635,119.47879,102662.77,4.8775286e-07,2.291468
2007-11-16 12:00:00,10.334534,1.3287354,123.40002,102353.31,2.1555327e-07,2.5179698
2007-11-17 12:00:00,12.364807,2.5637817,121.93572,101849.77,1.4034568e-08,2.0466654
2007-11-18 12:00:00,9.223785,3.760376,92.907875,101067.32,2.5970482e-07,2.4615717
2007-11-19 12:00:00,8.258636,2.3547363,125.75216,102119.93,0.0,3.5807269
2007-11-20 12:00:00,10.32782,1.1430664,85.19671,102724.945,0.0,0.8627596
2007-11-21 12:00:00,12.340027,3.2858276,101.745255,102336.43,0.0,1.3491465
2007-11-22 12:00:00,12.717682,5.0252075,114.58507,100895.45,8.679839e-12,1.5447805
2007-11-23 12:00:00,12.745941,5.179077,60.178757,99647.414,0.00029242903,1.9280578
2007-11-24 12:00:00,11.141266,4.754364,114.47666,101262.336,4.8372062e-08,2.6665275
2007-11-25 12:00:00,10.261902,3.0682983,102.59564,102188.83,5.562367e-07,1.7549362
2007-11-26 12:00:00,10.208405,4.7974243,41.80453,101703.65,7.165304e-05,0.9740077
2007-11-27 12:00:00,8.552765,4.006378,113.91578,101785.76,7.951873e-06,2.8982792
2007-11-28 12:00:00,11.185425,3.1543274,110.77952,101386.195,0.0,3.4865968
2007-11-29 12:00:00,9.542297,3.0944214,112.93621,102058.93,0.0,2.148517
2007-11-30 12:00:00,8.927338,2.475891,89.50378,101977.46,2.2086038e-08,2.2340379
2007-12-01 12:00:00,7.8462524,0.110687256,96.88556,101939.04,3.7629297e-07,2.1675243
2007-12-02 12:00:00,11.921936,4.721527,108.05522,101398.766,0.0,2.9491515
2007-12-03 12:00:00,11.067291,3.3302002,32.169342,101137.875,8.981681e-05,1.3904508
2007-12-04 12:00:00,11.867645,7.725708,99.09165,100833.67,5.980915e-06,1.6786612
2007-12-05 12:00:00,7.837616,2.2691345,101.63672,101839.945,5.168195e-07,4.3926406
2007-12-06 12:00:00,16.386322,7.459778,36.995792,100373.31,0.00047702788,4.5134325
2007-12-07 12:00:00,14.158508,2.1076965,101.757774,100360.15,9.654588e-06,6.269429
2007-12-08 12:00:00,7.470459,2.8654175,106.07482,102157.695,0.0,3.341797
2007-12-09 12:00:00,6.291992,-0.75527954,60.174232,102658.0,9.568662e-05,1.7153075
2007-12-10 12:00:00,4.5663757,-0.4880371,104.84054,102512.38,1.4180148e-05,3.6369627
2007-12-11 12:00:00,5.641968,-3.9222107,100.643486,102656.125,2.2092887e-07,1.4348484
2007-12-12 12:00:00,6.0811462,2.1832275,18.31946,101940.34,0.00022222122,0.63359934
2007-12-13 12:00:00,7.272064,4.961334,52.654816,101020.945,0.00013748668,3.7331085
2007-12-14 12:00:00,8.715668,3.5948792,18.266842,100674.8,0.0003288421,2.84188
2007-12-15 12:00:00,4.322296,-0.224823,103.485146,102241.37,1.0001148e-07,3.9463158
2007-12-16 12:00:00,2.799408,-3.898529,103.022385,103257.34,0.0,1.6105183
2007-12-17 12:00:00,6.0869446,-1.042633,56.76844,102513.25,1.137516e-07,1.0255476
2007-12-18 12:00:00,1.8406372,-4.290436,104.52941,101569.62,0.0,5.414306
2007-12-19 12:00:00,1.6495972,-3.1306152,101.8332,101387.016,0.0,3.7315726
2007-12-20 12:00:00,4.7316284,-1.2079773,104.19599,100906.62,0.0,3.4664705
2007-12-21 12:00:00,3.2915955,-0.99139404,103.222374,101285.6,0.0,3.3685408
2007-12-22 12:00:00,2.4624634,-2.6297913,100.07724,101734.55,4.739613e-10,3.3495786
2007-12-23 12:00:00,7.2874146,0.948761,102.599014,101718.73,0.0,3.3968515
2007-12-24 12:00:00,6.145447,-1.7284851,96.460655,101958.7,0.0,2.7542648
2007-12-25 12:00:00,5.7425537,0.5559387,90.28389,101954.84,0.0,2.2629857
2007-12-26 12:00:00,5.563843,-1.5415955,101.93728,102602.375,0.0,2.321092
2007-12-27 12:00:00,6.7151184,-0.18457031,100.89331,102487.18,5.9010485e-08,1.5837716
2007-12-28 12:00:00,5.603485,-0.29071045,81.15597,102370.75,1.6172012e-07,1.5766815
2007-12-29 12:00:00,5.90979,2.4490356,13.075975,101926.016,0.00020277034,3.7524955
2007-12-30 12:00:00,11.290497,5.580597,23.500914,100189.67,0.00020906732,2.8930044
2007-12-31 12:00:00,11.851532,1.1120911,98.7833,98785.31,2.611807e-05,5.223824
2008-01-01 12:00:00,5.486725,0.96118164,99.84074,98978.39,1.0313385e-06,4.00316
2008-01-02 12:00:00,3.0428772,-1.1078186,104.288086,100073.3,4.808032e-07,3.3283532
2008-01-03 12:00:00,1.6346741,-1.693512,90.25576,100864.59,4.7278627e-06,1.9736388
2008-01-04 12:00:00,-0.62713623,-5.5253906,96.13861,102071.984,0.0,2.4700527
2008-01-05 12:00:00,-0.78622437,-5.061371,88.71026,101860.89,0.0,3.8575246
2008-01-06 12:00:00,-0.9225464,-4.159546,104.12522,101497.92,6.6684045e-08,3.7199233
2008-01-07 12:00:00,2.9674988,-5.4553223,106.976494,101806.35,1.05478904e-07,3.3019836
2008-01-08 12:00:00,4.6061096,-3.1272583,89.75633,102228.64,0.0,0.74366397
2008-01-09 12:00:00,6.963867,2.3104248,16.327545,101608.484,9.410649e-05,0.59920746
2008-01-10 12:00:00,16.170013,6.108673,18.637547,100040.195,0.000547467,2.41247
2008-01-11 12:00:00,11.759552,0.96206665,97.26122,100056.96,1.7116414e-06,4.329811
2008-01-12 12:00:00,1.755127,-1.5931091,107.28504,100661.305,7.582416e-07,3.6235006
2008-01-13 12:00:00,3.3068237,-2.0796814,113.80208,101060.27,0.0,2.5575042
2008-01-14 12:00:00,2.6859741,-1.4703674,80.51928,100976.81,7.2010636e-10,2.658852
2008-01-15 12:00:00,1.9600525,0.59381104,27.311205,99570.36,0.00027548612,5.2935367
2008-01-16 12:00:00,3.7431335,0.7972717,84.5709,99047.12,1.4072548e-07,4.0689707
2008-01-17 12:00:00,3.8676758,-0.2692871,70.50443,100405.13,2.8094883e-06,2.117197
2008-01-18 12:00:00,3.5892334,0.17163086,106.082245,101370.53,2.6947896e-07,4.3383737
2008-01-19 12:00:00,1.5740967,-3.645111,121.72267,102663.67,0.0,3.1841424
2008-01-20 12:00:00,1.5302124,-7.915863,126.453255,103477.62,0.0,2.4201372
2008-01-21 12:00:00,4.213501,-6.516571,123.75739,103943.64,0.0,2.0907624
2008-01-22 12:00:00,9.610413,-1.7609253,72.02343,103545.86,6.6164216e-07,2.8402696
2008-01-23 12:00:00,15.631165,7.9752502,78.68804,102149.13,0.00044852754,3.6074376
2008-01-24 12:00:00,7.730713,1.0899658,117.40602,101667.37,1.1149367e-07,4.294724
2008-01-25 12:00:00,4.3578796,-2.9546204,133.35994,101950.914,8.481094e-08,5.042475
2008-01-26 12:00:00,6.348633,-2.4765625,129.53203,101930.336,0.0,3.4677343
2008-01-27 12:00:00,7.076233,-0.519104,128.3654,101976.99,0.0,2.7157736
2008-01-28 12:00:00,2.2973022,-5.3259277,136.28531,103589.61,0.0,2.1119852
2008-01-29 12:00:00,6.772949,-4.880432,136.0713,103666.42,0.0,2.4428668
2008-01-30 12:00:00,13.388214,1.333252,21.07954,102505.08,0.0001299213,3.523865
2008-01-31 12:00:00,13.421814,3.7172852,137.00212,101402.45,0.00022050647,4.7234898
2008-02-01 12:00:00,4.306183,0.7883911,120.67291,101599.37,5.239541e-07,3.3894706
2008-02-02 12:00:00,6.611603,-2.2082214,129.39255,101525.52,0.0,3.0279045
2008-02-03 12:00:00,10.0466,1.5299072,88.55941,101144.55,0.0,3.0626545
2008-02-04 12:00:00,12.472137,2.5068054,138.21465,100904.94,1.2672577e-10,3.1101348
2008-02-05 12:00:00,12.186462,7.5325317,89.476654,101027.23,1.8802908e-06,0.9939865
2008-02-06 12:00:00,8.92868,2.6881714,16.460575,100028.46,0.00063822523,4.2084484
2008-02-07 12:00:00,2.692749,-0.23306274,121.54416,100601.49,1.569313e-05,6.4770374
2008-02-08 12:00:00,1.5834656,-2.1245422,159.08438,101829.234,0.0,4.619235
2008-02-09 12:00:00,2.1490479,-3.6506042,161.56717,102590.78,0.0,2.0473938
2008-02-10 12:00:00,8.165497,-1.2017517,147.05049,102495.02,0.0,2.7284465
2008-02-11 12:00:00,8.506775,4.141693,158.36983,101247.664,2.5013926e-06,4.6112165
2008-02-12 12:00:00,3.9694824,-2.1105042,134.19867,102873.95,0.0,2.1306963
2008-02-13 12:00:00,9.656067,-0.7799072,117.11524,103159.06,1.4878976e-06,2.2064579
2008-02-14 12:00:00,16.846619,9.187592,86.22893,102516.125,2.5649774e-06,3.7065554
2008-02-15 12:00:00,16.445618,13.29657,94.1789,101876.11,6.7599035e-07,3.4846423
2008-02-16 12:00:00,16.817902,13.7803955,66.677345,101018.48,6.818727e-06,3.578016
2008-02-17 12:00:00,14.746429,5.6086426,53.34706,101074.11,0.00010842138,1.8128749
2008-02-18 12:00:00,6.495758,0.63552856,175.17023,101306.19,0.0,2.9091218
2008-02-19 12:00:00,11.274384,0.35205078,174.8352,101401.42,7.9261686e-10,2.3908029
2008-02-20 12:00:00,11.616394,2.5645447,50.95345,101215.47,7.603478e-05,2.0231316
2008-02-21 12:00:00,15.836975,11.607208,45.62506,99966.445,0.000325101,2.2811768
2008-02-22 12:00:00,11.900879,1.0292969,160.0293,101478.71,3.126948e-06,4.358317
2008-02-23 12:00:00,5.1454163,-1.172821,189.74121,103130.41,1.0189741e-07,2.4474761
2008-02-24 12:00:00,9.981598,-0.33718872,186.12843,103417.19,0.0,1.5594541
2008-02-25 12:00:00,12.195526,2.3769226,162.82033,102544.516,0.0,2.5128279
2008-02-26 12:00:00,11.814972,2.6950378,188.7561,102576.92,0.0,0.37628716
2008-02-27 12:00:00,14.537659,6.60672,27.858791,102148.19,0.0002522649,3.5077865
2008-02-28 12:00:00,16.737701,13.554718,79.08019,101743.04,2.8613757e-05,2.3005533
2008-02-29 12:00:00,,,,,,
2008-03-01 12:00:00,15.114471,9.335999,197.19646,102251.234,4.32179e-10,0.5709711
2008-03-02 12:00:00,16.816193,5.8075256,181.63728,102526.58,1.7207917e-07,1.9711999
2008-03-03 12:00:00,17.734558,8.615631,154.48152,101921.55,7.9032515e-07,3.472597
2008-03-04 12:00:00,16.205292,4.998993,212.25581,102365.66,1.1041142e-05,3.3573549
2008-03-05 12:00:00,14.307159,1.2862549,161.28813,102939.23,1.1618846e-06,1.7782207
2008-03-06 12:00:00,17.831482,13.412048,41.376133,101404.45,2.810191e-05,4.8773274
2008-03-07 12:00:00,16.418152,8.244659,213.49217,101621.7,3.4224377e-07,1.1670169
2008-03-08 12:00:00,18.628601,6.689575,172.62405,101219.74,0.0,1.8157562
2008-03-09 12:00:00,13.55719,4.1631165,214.1617,102256.16,0.0,2.6368155
2008-03-10 12:00:00,13.632782,6.5480347,63.57791,102325.17,4.4954944e-05,1.4844605
2008-03-11 12:00:00,20.589355,13.540344,150.94734,101751.31,3.6667766e-06,3.6813405
2008-03-12 12:00:00,19.948486,10.867462,112.19898,101555.76,2.028324e-05,2.772529
2008-03-13 12:00:00,10.655884,1.9916382,229.98106,102936.08,5.9563496e-09,3.5825124
2008-03-14 12:00:00,14.54129,0.4451294,228.9169,103153.15,0.0,2.7192895
2008-03-15 12:00:00,16.199463,3.05188,175.32033,102737.45,4.044293e-06,3.3806508
2008-03-16 12:00:00,15.730469,11.822937,123.4053,101703.82,0.00019102052,0.9266825
2008-03-17 12:00:00,13.123474,9.17157,67.23111,101608.414,5.6564575e-05,3.8924937
2008-03-18 12:00:00,9.066925,3.921173,70.35908,101307.516,0.00040100815,5.4619966
2008-03-19 12:00:00,13.964905,2.1791992,213.9055,100684.5,3.8550228e-05,2.6170545
2008-03-20 12:00:00,9.744629,1.1984253,250.74103,101736.55,0.0,1.7404912
2008-03-21 12:00:00,16.600342,3.6877136,122.91856,101699.52,1.5694246e-05,1.8142881
2008-03-22 12:00:00,19.149536,11.029083,242.84818,101482.555,5.6905777e-05,2.5847607
2008-03-23 12:00:00,16.978394,9.436768,108.07173,101876.61,2.6588228e-05,1.9488724
2008-03-24 12:00:00,17.85263,15.386261,78.55004,101487.664,5.5052275e-05,4.5770884
2008-03-25 12:00:00,18.857819,14.242859,102.73563,100847.18,0.00012800288,2.7629633
2008-03-26 12:00:00,14.100311,8.099304,234.67621,101269.71,6.234615e-06,2.5704157
2008-03-27 12:00:00,8.727631,1.5901489,235.33243,101531.89,2.6723817e-06,3.3828738
2008-03-28 12:00:00,11.07962,0.35040283,266.64127,102090.49,0.0,2.320222
2008-03-29 12:00:00,18.431702,6.5786133,259.91675,101268.8,0.0,3.1853085
2008-03-30 12:00:00,20.459564,9.613953,227.94157,100387.64,0.0,3.100145
2008-03-31 12:00:00,16.889252,5.290161,252.8754,100993.83,9.829053e-05,5.3977485
2008-04-01 12:00:00,9.115997,-0.340271,274.39108,101724.18,4.9535676e-10,3.1151192
2008-04-02 12:00:00,10.336334,2.7784424,266.4747,101665.945,7.388561e-09,2.3674476
2008-04-03 12:00:00,11.778778,1.7312927,256.00754,101831.414,0.0,1.7905302
2008-04-04 12:00:00,21.970856,5.7134094,271.32657,101545.66,0.0,2.2228475
2008-04-05 12:00:00,24.32608,10.573761,267.07892,100944.12,0.0,2.8932788
2008-04-06 12:00:00,22.906128,15.751801,197.7554,100648.266,5.812026e-06,4.2488527
2008-04-07 12:00:00,18.237946,16.153076,44.12824,100608.0,0.0003752459,4.3011203
2008-04-08 12:00:00,18.105408,12.345093,154.2772,101166.76,3.6466868e-06,1.7795417
2008-04-09 12:00:00,16.803497,12.642853,247.30466,101790.26,5.2657833e-06,1.3391194
2008-04-10 12:00:00,14.263458,10.17453,78.4147,101013.9,0.00018030008,3.075827
2008-04-11 12:00:00,20.187103,8.993286,284.24136,100674.47,6.99375e-05,2.46009
2008-04-12 12:00:00,17.279388,10.58316,296.60986,101926.55,0.0,1.5311056
2008-04-13 12:00:00,17.46051,8.050446,218.46597,102399.33,0.0,3.2507281
2008-04-14 12:00:00,20.085754,15.823578,120.35108,101826.45,7.561809e-05,2.54185
2008-04-15 12:00:00,17.354156,13.466217,64.412674,102228.75,5.03542e-05,2.4076564
2008-04-16 12:00:00,20.481903,15.66156,121.49915,102164.33,2.6357287e-05,1.320593
2008-04-17 12:00:00,19.834656,10.711365,116.030975,102070.5,4.0960447e-05,1.732803
2008-04-18 12:00:00,12.113983,6.7123413,307.51917,102865.72,3.7110986e-08,2.9715836
2008-04-19 12:00:00,15.39917,5.6775513,307.29297,102722.72,0.0,1.8772019
2008-04-20 12:00:00,19.73581,9.047852,224.2166,101658.1,5.532506e-07,2.5390775
2008-04-21 12:00:00,18.667938,8.357147,316.08737,101696.65,7.22266e-06,2.8032677
2008-04-22 12:00:00,17.093262,5.8678894,288.01825,102414.445,7.5595805e-09,2.141362
2008-04-23 12:00:00,24.654327,13.337219,285.84766,101458.805,1.7966747e-07,3.0863814
2008-04-24 12:00:00,23.32608,16.415527,189.52782,100831.625,1.6495187e-05,3.3020475
2008-04-25 12:00:00,19.10846,7.4088745,324.49146,101653.98,0.0,2.111755
2008-04-26 12:00:00,21.75589,8.387451,323.27795,101537.11,0.0,1.1518754
2008-04-27 12:00:00,23.49765,10.393097,288.35788,101566.2,0.0,2.4744725
2008-04-28 12:00:00,22.499084,16.465515,176.1965,101547.26,1.491901e-05,3.1184642
2008-04-29 12:00:00,19.819336,15.437561,87.13885,101142.79,0.0005068385,3.2499728
2008-04-30 12:00:00,17.590393,9.335236,331.01605,102229.56,0.0,2.9386122
2008-05-01 12:00:00,18.443604,9.076904,330.00565,102167.766,0.0,0.85249203
2008-05-02 12:00:00,20.983002,10.373627,233.59442,101403.03,3.7557502e-06,3.2552278
2008-05-03 12:00:00,18.795593,11.56723,252.81192,101281.234,9.3554096e-05,3.707464
2008-05-04 12:00:00,20.085724,7.3828125,331.50906,101779.72,0.0,2.4173307
2008-05-05 12:00:00,23.169128,10.0155945,335.42294,101446.33,0.0,2.896042
2008-05-06 12:00:00,26.04715,14.253754,331.14172,100971.48,0.0,3.910399
2008-05-07 12:00:00,23.889954,16.129822,197.25163,101244.18,1.0650479e-05,0.87616485
2008-05-08 12:00:00,20.138855,13.722839,273.85715,101563.73,4.9122173e-06,1.5236886
2008-05-09 12:00:00,17.300934,13.984131,156.60631,101693.74,7.6113024e-06,1.286861
2008-05-10 12:00:00,20.054016,12.851379,192.5114,101744.09,5.4102213e-05,2.2326708
2008-05-11 12:00:00,21.38446,17.75415,90.380135,100857.39,0.00015100227,2.5146887
2008-05-12 12:00:00,17.728455,12.391205,239.50981,100981.18,9.431708e-05,2.8731995
2008-05-13 12:00:00,13.273285,5.943329,304.74435,101761.61,8.6470743e-07,3.1503944
2008-05-14 12:00:00,17.62027,6.120178,344.05627,102529.375,0.0,2.0604632
2008-05-15 12:00:00,22.282288,8.221161,346.15817,102284.99,0.0,1.8432313
2008-05-16 12:00:00,25.39682,10.999115,349.8995,101546.195,0.0,1.4057599
2008-05-17 12:00:00,23.006989,12.04657,203.2035,101107.32,1.0447419e-05,1.8731917
2008-05-18 12:00:00,21.684937,17.0997,179.78224,100488.58,0.00010561822,1.1439221
2008-05-19 12:00:00,21.818756,15.46402,253.16757,101107.945,1.3745744e-05,2.593316
2008-05-20 12:00:00,24.422333,11.898651,343.0573,101663.4,0.0,1.491219
2008-05-21 12:00:00,28.469055,14.913666,337.75864,101540.09,0.0,2.3764992
2008-05-22 12:00:00,30.398834,19.067322,279.26666,100889.945,3.0682237e-05,2.6211696
2008-05-23 12:00:00,24.059113,17.078949,348.3693,101111.28,5.1960615e-06,3.1424992
2008-05-24 12:00:00,22.236572,12.909241,350.1227,101814.414,0.0,1.97021
2008-05-25 12:00:00,26.396576,13.290894,273.77066,101853.03,0.0,2.6920247
2008-05-26 12:00:00,30.2753,18.667725,295.8888,101745.5,5.372186e-06,2.124146
2008-05-27 12:00:00,31.428162,21.125763,332.91187,101756.44,0.0,3.247088
2008-05-28 12:00:00,31.032562,21.27771,300.20728,101392.91,6.0434063e-06,3.7269776
2008-05-29 12:00:00,30.826996,24.618866,316.27682,100780.34,4.286966e-06,3.6841638
2008-05-30 12:00:00,29.67923,22.243195,213.4916,100666.7,9.938281e-05,1.4067734
2008-05-31 12:00:00,23.177246,18.347748,70.40224,101497.06,0.00010243711,2.9078002
2008-06-01 12:00:00,24.566559,17.559143,276.8788,101831.71,1.062819e-05,2.0224884
2008-06-02 12:00:00,28.688904,19.137054,342.88614,101418.27,7.0537524e-08,0.65947384
2008-06-03 12:00:00,29.073792,19.58319,315.16678,101162.7,3.756313e-08,0.51568764
2008-06-04 12:00:00,32.245422,19.366302,287.59152,100386.29,5.0767205e-05,2.8414962
2008-06-05 12:00:00,22.083466,15.075623,352.48218,100712.836,4.321498e-05,3.6709516
2008-06-06 12:00:00,20.65622,12.248871,338.81955,101519.78,0.0,2.9818106
2008-06-07 12:00:00,21.57431,10.599091,367.05524,102173.12,0.0,2.0442553
2008-06-08 12:00:00,25.48352,11.321014,361.08157,102220.45,0.0,1.5394821
2008-06-09 12:00:00,28.686646,18.345154,352.61563,101641.52,0.0,4.697162
2008-06-10 12:00:00,31.572601,23.281708,342.01147,101142.414,0.0,4.3965015
2008-06-11 12:00:00,29.16452,17.499756,138.63144,101151.71,0.00040811408,0.5434685
2008-06-12 12:00:00,20.968384,13.739471,367.48575,102101.734,2.0900317e-05,3.0510423
2008-06-13 12:00:00,22.110748,12.447937,364.55493,101956.76,0.0,0.9657535
2008-06-14 12:00:00,26.038635,15.179321,353.8797,101134.125,1.13126575e-08,1.4355472
2008-06-15 12:00:00,23.065521,13.465057,360.12283,101422.234,0.0,1.7659322
2008-06-16 12:00:00,27.443329,13.622253,355.5383,101151.695,0.0,2.134872
2008-06-17 12:00:00,24.956848,16.931976,135.8629,100856.75,1.0942176e-05,2.6146479
2008-06-18 12:00:00,27.247528,20.43927,299.04083,100229.28,0.00019579349,3.9177485
2008-06-19 12:00:00,25.068512,17.201782,362.55884,100954.57,0.0,3.470696
2008-06-20 12:00:00,25.047302,14.18454,362.58734,101433.23,0.0,2.476993
2008-06-21 12:00:00,28.626526,15.123566,351.4888,100873.18,0.0,2.3366504
2008-06-22 12:00:00,26.753265,20.29486,140.26085,100160.2,0.00030115581,1.57867
2008-06-23 12:00:00,23.87204,19.10611,305.9425,101085.93,1.200924e-06,1.5183685
2008-06-24 12:00:00,24.103363,17.46939,282.55298,101690.39,8.1303665e-07,1.5404301
2008-06-25 12:00:00,24.706787,14.610718,232.35251,101983.44,0.0,0.5743269
2008-06-26 12:00:00,26.670563,20.358917,112.19708,101201.11,4.3710614e-05,3.4759972
2008-06-27 12:00:00,25.299225,20.64978,322.25256,100318.914,1.9627348e-07,4.221051
2008-06-28 12:00:00,28.187714,18.166565,358.5921,100614.555,0.0,3.3988657
2008-06-29 12:00:00,32.177765,17.132538,259.42035,100705.17,1.0817924e-07,2.6619794
2008-06-30 12:00:00,33.329437,27.977203,318.97913,100199.47,0.0,3.8489153
2008-07-01 12:00:00,35.411774,21.802856,346.38608,101234.95,0.0,2.6284366
2008-07-02 12:00:00,37.320557,22.552917,343.08667,101444.1,0.0,2.3311026
2008-07-03 12:00:00,37.97049,25.46109,336.2957,101206.2,3.507782e-05,1.8019266
2008-07-04 12:00:00,33.046753,22.203156,187.5848,101235.31,8.200566e-05,1.4354525
2008-07-05 12:00:00,25.485168,21.554688,196.5054,101042.54,0.00012159191,1.435376
2008-07-06 12:00:00,24.466766,21.212921,88.59035,101037.336,0.0005137366,1.8027593
2008-07-07 12:00:00,29.869446,20.977142,344.20523,101046.445,0.0,1.5586615
2008-07-08 12:00:00,28.71759,20.547058,344.64136,101558.9,0.0,0.59836346
2008-07-09 12:00:00,28.359436,19.792572,338.75885,101270.39,0.0,2.9306366
2008-07-10 12:00:00,30.405396,20.749786,349.37088,100486.72,1.0035475e-06,2.750797
2008-07-11 12:00:00,35.690094,23.407959,340.62387,100340.445,0.0,2.681137
2008-07-12 12:00:00,33.42691,24.025635,333.41144,100917.336,1.996178e-05,0.701711
2008-07-13 12:00:00,38.623047,24.791931,342.21677,100798.37,0.0,2.661376
2008-07-14 12:00:00,38.087738,26.386414,331.12015,100676.38,1.9742245e-05,2.8949597
2008-07-15 12:00:00,35.74591,24.088593,289.4489,100665.695,3.1847187e-05,0.8827533
2008-07-16 12:00:00,26.033813,20.353607,248.81245,101565.95,1.4485006e-05,1.8091025
2008-07-17 12:00:00,32.02951,21.394379,210.55716,101604.39,3.6959045e-05,2.9305406
2008-07-18 12:00:00,32.006714,22.857697,299.4614,101068.91,8.994297e-06,1.9153898
2008-07-19 12:00:00,33.6279,21.665466,301.58463,100951.6,7.124123e-05,0.88482267
2008-07-20 12:00:00,28.043854,20.11206,244.36356,101383.33,4.0563173e-06,0.74103844
2008-07-21 12:00:00,32.16455,20.087769,337.60696,101751.625,0.0,0.63371223
2008-07-22 12:00:00,35.415222,23.201782,271.91003,101655.37,0.0,3.560812
2008-07-23 12:00:00,38.81073,29.329956,292.63644,101017.52,0.0,3.3994882
2008-07-24 12:00:00,35.911896,24.035126,334.19183,101201.43,0.0,1.2066228
2008-07-25 12:00:00,39.444214,24.884491,328.6318,101182.38,0.0,2.6373773
2008-07-26 12:00:00,38.513153,29.318878,306.4303,101066.17,0.0,3.8871763
2008-07-27 12:00:00,36.489746,24.31372,310.61548,101185.33,5.8565223e-05,2.6618407
2008-07-28 12:00:00,27.10553,21.920319,175.79135,101421.125,5.4673754e-05,1.2912248
2008-07-29 12:00:00,25.726135,23.13742,99.48243,101330.75,8.3815714e-05,3.684177
2008-07-30 12:00:00,26.388062,23.585724,124.41405,101181.21,1.251888e-05,6.006808
2008-07-31 12:00:00,26.519989,23.178375,135.67166,101193.414,0.00015974275,5.3500085
2008-08-01 12:00:00,27.84674,21.887268,254.68121,100841.27,0.00010640196,1.5584853
2008-08-02 12:00:00,28.596802,21.833374,281.35233,100684.086,2.0286059e-06,2.1718028
2008-08-03 12:00:00,27.355316,20.620575,274.0033,101105.016,1.2111677e-06,1.428714
2008-08-04 12:00:00,28.017181,18.797699,317.67584,101573.01,0.0,1.2542574
2008-08-05 12:00:00,28.443237,18.908325,323.94708,101968.445,0.0,2.2451448
2008-08-06 12:00:00,27.845886,18.054657,324.71512,102149.7,0.0,1.5336844
2008-08-07 12:00:00,29.437195,17.608978,272.95712,101691.375,0.0,2.068205
2008-08-08 12:00:00,34.728516,22.990295,296.42398,100659.86,1.1227504e-06,2.010648
2008-08-09 12:00:00,31.436035,22.444977,299.53033,100314.32,8.05631e-06,1.4257092
2008-08-10 12:00:00,29.546692,22.161102,213.32945,100493.625,0.00012674411,1.6034093
2008-08-11 12:00:00,28.335571,21.641449,249.3292,100299.57,0.00015644524,1.1483129
2008-08-12 12:00:00,31.459381,22.046234,272.87692,100263.414,9.180353e-05,1.3200692
2008-08-13 12:00:00,26.483887,20.194916,83.16326,100831.055,0.00014122426,1.8266077
2008-08-14 12:00:00,26.90152,19.36081,161.52264,101257.63,4.1362338e-07,2.3462286
2008-08-15 12:00:00,25.825409,19.714508,179.73207,101375.32,2.1374023e-10,1.0716306
2008-08-16 12:00:00,24.77594,18.849304,182.94868,101496.07,3.1145235e-05,0.2701068
2008-08-17 12:00:00,26.908264,19.886139,271.2908,101689.73,5.1722855e-06,1.7698015
2008-08-18 12:00:00,22.753448,18.4245,52.666035,101516.3,0.00026345556,2.7892864
2008-08-19 12:00:00,29.846191,17.190033,280.7073,101576.91,1.1959733e-07,1.645813
2008-08-20 12:00:00,31.255127,20.283325,290.68396,101485.8,1.8046095e-06,2.0301208
2008-08-21 12:00:00,27.661682,20.137756,261.04443,101386.24,2.0796451e-05,0.998274
2008-08-22 12:00:00,27.798279,20.648254,290.53867,101558.79,2.556384e-06,0.8186882
2008-08-23 12:00:00,32.16037,21.910675,284.93066,101233.664,0.0,2.734496
2008-08-24 12:00:00,29.946411,23.260254,230.40977,100550.17,0.000104997365,1.0699688
2008-08-25 12:00:00,24.588654,20.130219,125.03625,100426.164,0.00016711935,0.8965638
2008-08-26 12:00:00,24.974426,18.237976,268.02487,100629.34,5.5175883e-06,1.8434768
2008-08-27 12:00:00,22.381836,17.562683,181.31677,100919.6,1.7240623e-05,2.3803935
2008-08-28 12:00:00,24.033325,16.936737,272.2058,101372.836,1.3091859e-06,2.1395772
2008-08-29 12:00:00,25.50586,15.815308,284.41772,101971.39,0.0,2.260042
2008-08-30 12:00:00,26.712616,17.061249,282.51163,102113.6,0.0,1.3150309
2008-08-31 12:00:00,27.286133,17.685059,245.98444,101946.77,0.0,0.57853544
2008-09-01 12:00:00,23.104584,18.765045,70.82361,101511.44,0.00013010457,2.7737718
2008-09-02 12:00:00,26.464417,16.511963,276.77112,101292.16,9.308337e-07,1.0651171
2008-09-03 12:00:00,26.250977,19.042908,238.36626,101430.89,0.0,3.0971959
2008-09-04 12:00:00,25.043,20.423706,136.45602,101265.625,1.5264157e-05,1.0975635
2008-09-05 12:00:00,24.322327,17.866669,153.43822,101346.65,3.804595e-05,1.4308872
2008-09-06 12:00:00,26.64087,16.903992,250.66644,101356.71,7.637512e-10,1.6497872
2008-09-07 12:00:00,27.47287,18.257538,258.9945,101295.56,0.0,2.802102
2008-09-08 12:00:00,28.230194,17.361359,264.27008,101064.04,0.0,2.721414
2008-09-09 12:00:00,28.97586,17.41919,242.86758,100699.03,1.8533385e-08,2.5649137
2008-09-10 12:00:00,26.489197,20.249573,256.07977,100325.6,0.00010954578,3.745093
2008-09-11 12:00:00,29.308685,18.513092,207.84485,100661.555,0.0,2.4851599
2008-09-12 12:00:00,25.027039,16.464386,263.98358,101592.41,5.3684275e-06,2.8034806
2008-09-13 12:00:00,24.2247,14.428223,206.75624,102175.64,0.0,2.2589414
2008-09-14 12:00:00,25.165405,18.138397,137.58867,101906.43,2.5815815e-08,1.3646258
2008-09-15 12:00:00,28.320892,18.808807,234.78546,101416.055,1.4910007e-08,1.7606682
2008-09-16 12:00:00,24.626984,21.15628,109.31148,101294.766,7.655657e-05,0.51587385
2008-09-17 12:00:00,24.845673,17.414062,244.5272,101775.26,0.0,2.5514495
2008-09-18 12:00:00,27.77472,17.727295,226.14659,101555.87,4.8385584e-09,1.6269318
2008-09-19 12:00:00,25.929108,19.841644,174.31558,101645.125,0.0,2.741871
2008-09-20 12:00:00,19.684998,11.259399,248.88617,102495.35,0.0,3.6042721
2008-09-21 12:00:00,15.899536,9.636078,237.28806,103020.875,9.58813e-09,2.6654966
2008-09-22 12:00:00,20.592712,10.596466,142.87161,102750.016,5.3380354e-06,0.67086595
2008-09-23 12:00:00,26.308075,15.506531,154.55652,101696.56,0.0,3.6487002
2008-09-24 12:00:00,26.39383,20.132782,205.15027,101010.74,2.4814186e-05,2.441912
2008-09-25 12:00:00,23.225494,13.795258,193.9251,101246.555,0.0,2.2182753
2008-09-26 12:00:00,20.035187,16.391144,66.86092,101742.18,5.127197e-05,4.136271
2008-09-27 12:00:00,21.308807,17.47644,32.72003,100895.04,0.0005208727,4.6044326
2008-09-28 12:00:00,21.095337,14.260956,214.59099,100732.42,5.879839e-08,1.9038609
2008-09-29 12:00:00,22.048462,13.410675,220.49242,101178.76,0.0,0.74027735
2008-09-30 12:00:00,23.826935,13.67572,206.18633,101092.53,0.0,1.6143554
2008-10-01 12:00:00,23.40387,15.055328,216.38506,101405.95,2.5032795e-08,1.5148561
2008-10-02 12:00:00,23.660889,15.091766,186.36278,101425.77,0.0,0.63907576
2008-10-03 12:00:00,20.551514,17.046265,75.52866,101573.375,2.4561503e-05,1.5515462
2008-10-04 12:00:00,23.266418,17.1792,140.6039,102107.39,2.9082316e-06,1.1772906
2008-10-05 12:00:00,23.767883,16.934204,165.53795,102232.92,9.3087186e-07,2.0652966
2008-10-06 12:00:00,24.652527,17.776886,142.52458,101745.9,5.8017605e-07,2.670287
2008-10-07 12:00:00,23.89621,17.89035,147.0121,101080.09,7.487868e-08,2.525781
2008-10-08 12:00:00,17.733276,11.216797,165.54222,101536.42,0.0,2.673243
2008-10-09 12:00:00,16.232544,9.219849,175.848,101515.336,0.0,2.3475273
2008-10-10 12:00:00,17.418518,8.091522,196.689,101288.516,0.0,1.8834748
2008-10-11 12:00:00,18.34674,10.631622,113.47856,100869.23,7.2369275e-08,1.8411849
2008-10-12 12:00:00,15.950684,12.082153,100.023445,100089.95,0.00026566614,2.2518299
2008-10-13 12:00:00,14.577972,8.281311,167.28719,100207.734,4.985169e-06,4.2395387
2008-10-14 12:00:00,11.403656,5.001709,194.09224,101579.12,1.4685702e-09,4.491794
2008-10-15 12:00:00,18.749939,4.046295,177.93318,102724.695,0.0,2.1802773
2008-10-16 12:00:00,20.874695,12.971497,72.4383,102465.195,2.3784955e-06,3.1131365
2008-10-17 12:00:00,18.709503,13.671509,160.8268,102198.82,4.8392863e-09,2.7399638
2008-10-18 12:00:00,14.472412,8.106018,105.72851,102464.45,0.0,2.3148265
2008-10-19 12:00:00,16.52771,6.9508057,179.81705,102048.14,1.1603166e-08,1.5921445
2008-10-20 12:00:00,19.127838,15.176666,171.71617,100912.664,7.898563e-05,2.351543
2008-10-21 12:00:00,18.533478,9.052277,172.98112,101456.164,0.0,1.8095635
2008-10-22 12:00:00,19.09967,9.670166,126.45987,101728.76,5.5411675e-09,2.1480944
2008-10-23 12:00:00,22.379272,15.002167,115.372215,101134.016,5.077226e-06,2.2138853
2008-10-24 12:00:00,19.493958,11.756317,166.41159,101390.33,0.0,2.5922241
2008-10-25 12:00:00,14.908447,6.9394226,167.2202,102148.445,1.536048e-08,3.188968
2008-10-26 12:00:00,12.497406,5.3848877,160.65482,102513.9,3.154777e-09,3.972831
2008-10-27 12:00:00,10.883606,2.8813171,168.25224,103041.71,0.0,3.0591004
2008-10-28 12:00:00,16.113129,3.0827637,149.12671,102471.94,0.0,3.914328
2008-10-29 12:00:00,19.590637,12.569061,126.37619,101669.516,0.0,3.156243
2008-10-30 12:00:00,19.684906,10.967926,111.86824,101460.25,1.1687379e-07,2.6919355
2008-10-31 12:00:00,21.270752,8.933685,139.07068,101289.89,1.2383065e-10,2.4824686
2008-11-01 12:00:00,22.990997,12.452148,140.5858,101369.94,0.0,1.5098726
2008-11-02 12:00:00,19.70465,12.6701355,65.876015,101576.95,5.750374e-07,1.667256
2008-11-03 12:00:00,21.197754,17.10147,40.65673,100500.47,8.567646e-05,3.1227813
2008-11-04 12:00:00,17.29309,7.5582275,137.29903,101315.375,1.3564882e-06,4.2497334
2008-11-05 12:00:00,11.162048,2.5559082,147.98251,102005.77,2.160318e-07,2.1172688
2008-11-06 12:00:00,8.356995,3.4773865,92.61005,101790.516,9.125818e-05,5.792896
2008-11-07 12:00:00,6.7986145,-0.05895996,146.6913,102348.414,0.0,3.7660937
2008-11-08 12:00:00,9.359833,-1.6837463,144.38615,102615.766,0.0,1.2641826
2008-11-09 12:00:00,13.816437,4.700409,132.52808,101933.24,0.0,2.7022748
2008-11-10 12:00:00,16.526398,6.648926,132.07497,101607.734,0.0,2.465629
2008-11-11 12:00:00,18.330414,7.4032288,74.31543,101594.266,8.079886e-08,1.7794297
2008-11-12 12:00:00,17.106567,6.04953,136.14365,101773.336,2.3518242e-05,3.0451477
2008-11-13 12:00:00,13.241241,3.0967712,131.33932,101861.79,0.0,0.8950503
2008-11-14 12:00:00,14.795044,3.8190002,129.08441,101584.29,0.0,2.415491
2008-11-15 12:00:00,17.394897,4.7260437,119.88624,102324.52,0.0,1.3740755
2008-11-16 12:00:00,18.11258,8.379364,92.037994,102349.664,4.2748047e-10,2.394626
2008-11-17 12:00:00,18.09314,11.741516,79.6657,102133.92,5.1422e-07,2.1642218
2008-11-18 12:00:00,19.018402,12.06134,102.57131,101333.914,7.0204635e-07,3.0485024
2008-11-19 12:00:00,18.98822,12.999054,122.175186,100830.91,2.799407e-07,3.602082
2008-11-20 12:00:00,12.879608,6.2049255,121.33184,102226.73,0.0,2.5101848
2008-11-21 12:00:00,12.16629,3.8178406,120.43412,103167.414,0.0,2.365959
2008-11-22 12:00:00,15.0061035,5.9362793,47.747105,102837.09,2.9715004e-06,1.4568793
2008-11-23 12:00:00,13.229279,8.773956,107.19381,102689.945,8.184714e-06,2.881871
2008-11-24 12:00:00,8.862671,3.5245667,111.83516,103585.53,0.0,3.840049
2008-11-25 12:00:00,12.185883,3.703308,109.55897,103022.29,1.4358025e-07,3.23422
2008-11-26 12:00:00,11.012634,4.891571,101.82343,102238.375,5.036507e-09,4.0070043
2008-11-27 12:00:00,9.504547,3.1950989,115.24807,103029.64,0.0,3.272104
2008-11-28 12:00:00,12.421173,-0.016143799,115.64368,102865.62,0.0,1.588027
2008-11-29 12:00:00,13.973541,-0.5396118,115.63598,102394.66,0.0,1.4404534
2008-11-30 12:00:00,14.531982,-0.047912598,112.36733,102377.78,0.0,1.988858
2008-12-01 12:00:00,12.634277,6.12619,37.031624,102150.61,7.584342e-06,3.2668414
2008-12-02 12:00:00,19.354004,12.654846,38.163265,100936.45,0.0009324476,2.0750792
2008-12-03 12:00:00,17.25531,8.848175,46.51755,101067.48,0.00017384707,3.197038
2008-12-04 12:00:00,8.732971,0.9166565,110.513695,102638.12,0.0,4.119504
2008-12-05 12:00:00,0.84384155,-2.430664,109.90919,103922.33,0.0,3.3122854
2008-12-06 12:00:00,8.736053,-1.7765503,96.0322,103840.38,0.0,1.6851586
2008-12-07 12:00:00,16.39441,4.1455994,82.751816,102876.71,4.677256e-06,2.34755
2008-12-08 12:00:00,14.208771,4.428253,60.669262,102377.33,1.704945e-05,1.8791536
2008-12-09 12:00:00,6.581543,-0.85910034,103.83323,102506.72,2.8432638e-08,2.0064588
2008-12-10 12:00:00,5.220459,-0.45181274,101.019264,102556.19,6.1646496e-08,1.927072
2008-12-11 12:00:00,6.944092,0.40252686,35.805233,102232.04,0.00011072998,2.1659043
2008-12-12 12:00:00,6.428009,4.3711853,41.970665,101239.586,0.00012680901,3.1950438
2008-12-13 12:00:00,8.115784,4.917572,88.98572,101349.57,5.3040376e-06,2.9777176
2008-12-14 12:00:00,7.228058,2.0844727,40.425465,101580.78,9.217885e-06,2.58571
2008-12-15 12:00:00,8.637421,4.4344482,69.18183,100705.08,0.00018393989,3.1009612
2008-12-16 12:00:00,4.323456,-0.008605957,103.846054,101278.1,3.1934704e-07,3.9642577
2008-12-17 12:00:00,2.886963,-1.79953,100.711044,101715.03,3.8499984e-08,4.0206265
2008-12-18 12:00:00,8.237396,-1.1755981,97.7603,101941.04,0.0,2.5912707
2008-12-19 12:00:00,10.360901,2.5863953,50.30203,101716.89,0.0,1.8465544
2008-12-20 12:00:00,16.846222,5.7641296,19.093681,100843.516,0.00023321527,2.4841242
2008-12-21 12:00:00,17.075714,6.0499573,70.63513,99671.47,3.383441e-05,3.572894
2008-12-22 12:00:00,5.8782043,-5.532013,106.57725,101664.766,0.0,5.117448
2008-12-23 12:00:00,1.2228699,-4.0056458,59.681465,102388.0,5.4095053e-05,1.0152353
2008-12-24 12:00:00,0.15649414,-6.60495,105.15624,101886.49,8.068874e-06,3.8178306
2008-12-25 12:00:00,-0.27230835,-10.582275,101.03865,102851.01,0.0,1.2742512
2008-12-26 12:00:00,6.3049927,-4.9880676,10.445204,101099.69,0.00016856779,1.3253496
2008-12-27 12:00:00,5.6543884,-2.373352,57.14831,100895.72,2.2170875e-06,2.679828
2008-12-28 12:00:00,4.4627075,-3.0890198,22.883228,101347.61,4.5740675e-05,0.91400725
2008-12-29 12:00:00,3.6341248,-1.1647949,44.452923,102147.57,1.715378e-07,2.3827271
2008-12-30 12:00:00,2.6230164,-4.1009827,103.440155,101930.43,2.9011933e-06,2.4485714
2008-12-31 12:00:00,-0.6928711,-3.566101,35.21106,102435.55,2.3301533e-05,2.2036865
2009-01-01 12:00:00,0.7006836,-6.7194824,86.451454,102642.14,1.480119e-07,2.7466662
2009-01-02 12:00:00,5.7953796,-4.0109863,72.790855,102006.32,0.0,1.3413695
2009-01-03 12:00:00,13.6171875,-0.80096436,40.894485,100809.2,0.00013999584,1.1670599
2009-01-04 12:00:00,4.6204834,-0.6045532,78.72551,100909.484,0.00012450406,4.1993017
2009-01-05 12:00:00,1.7891235,-4.1531982,105.26382,100773.234,0.0,2.4209635
2009-01-06 12:00:00,0.45166016,-2.6443787,110.43639,100942.09,1.6077696e-05,3.5943055
2009-01-07 12:00:00,-2.503418,-5.9460144,102.21607,101754.31,2.5223952e-07,3.1539764
2009-01-08 12:00:00,-5.1770935,-9.146393,111.13519,102760.555,2.357475e-06,4.0039563
2009-01-09 12:00:00,-5.44751,-12.858856,116.840996,103479.055,0.0,4.7006745
2009-01-10 12:00:00,-1.8674927,-11.005951,68.00814,103438.48,0.0,2.061642
2009-01-11 12:00:00,1.9957275,-10.034576,110.66783,102719.305,1.4902175e-08,2.196523
2009-01-12 12:00:00,6.875122,-5.065399,96.62587,102080.61,2.1111396e-07,2.497818
2009-01-13 12:00:00,10.265625,-0.77127075,108.56614,101834.42,1.0462259e-07,2.1135044
2009-01-14 12:00:00,11.514191,0.94833374,109.744095,101935.0,4.896486e-07,1.6994714
2009-01-15 12:00:00,11.797424,0.7344971,102.42698,102204.38,0.0,0.3082367
2009-01-16 12:00:00,14.360077,1.9060364,53.849262,101531.91,2.2033515e-05,2.7653584
2009-01-17 12:00:00,15.714539,3.7581482,116.22738,99781.66,0.00025480898,3.3598888
2009-01-18 12:00:00,5.243164,0.2925415,112.966286,100186.49,2.0935965e-07,3.887125
2009-01-19 12:00:00,2.8623657,-2.106598,121.3015,100594.98,0.0,3.5851052
2009-01-20 12:00:00,6.3411255,-1.1370544,119.00077,100556.44,0.0,3.1090026
2009-01-21 12:00:00,5.003174,0.52438354,110.73723,100290.69,2.1632675e-06,3.458275
2009-01-22 12:00:00,2.5292358,-6.406067,131.26505,100980.41,8.533801e-07,6.4036093
2009-01-23 12:00:00,-1.4869385,-6.5065002,131.7665,100862.28,0.0,5.403979
2009-01-24 12:00:00,1.1192627,-4.6346436,53.962254,101063.21,1.6854876e-05,3.235445
2009-01-25 12:00:00,1.8850708,0.3463745,54.945118,100371.555,0.00040956138,6.7370043
2009-01-26 12:00:00,1.1182556,-2.078949,123.75225,101443.94,2.036734e-05,4.41048
2009-01-27 12:00:00,0.9549866,-7.007263,137.21646,101951.08,0.0,2.9817686
2009-01-28 12:00:00,9.2388,-6.314911,27.210775,101326.32,0.00037448425,4.019449
2009-01-29 12:00:00,12.58374,2.6687317,133.11423,99823.57,0.00037248738,4.861095
2009-01-30 12:00:00,3.0224915,-2.2896423,94.956535,100685.74,7.56777e-06,3.3253279
2009-01-31 12:00:00,-1.7496338,-9.017334,131.55116,102497.25,0.0,3.6388323
2009-02-01 12:00:00,11.208954,-8.960999,44.474773,102039.74,0.000102038604,3.1788013
2009-02-02 12:00:00,11.349396,-5.2902527,116.97692,100178.805,0.00023259017,4.5039635
2009-02-03 12:00:00,-5.2006836,-8.961517,147.01918,101597.85,2.3987621e-07,6.055925
2009-02-04 12:00:00,1.264801,-9.173645,68.35386,102077.85,4.0236446e-06,2.841309
2009-02-05 12:00:00,11.803619,-0.6862488,127.28659,101673.664,2.948555e-09,3.4126434
2009-02-06 12:00:00,15.778687,5.8552856,133.52394,101415.92,5.936751e-09,2.947856
2009-02-07 12:00:00,10.263702,6.413147,37.189594,102095.414,3.3507862e-05,2.5357409
2009-02-08 12:00:00,11.55011,5.4297485,66.50878,101406.15,6.9422204e-06,1.1417075
2009-02-09 12:00:00,9.415192,4.299225,38.679817,101595.15,6.1962404e-05,3.8787303
2009-02-10 12:00:00,9.47821,5.5296326,119.42886,101241.2,0.000115817704,2.8897624
2009-02-11 12:00:00,7.3717346,-0.7723999,157.75073,101625.53,0.0,0.548744
2009-02-12 12:00:00,11.310333,1.4721375,155.80026,100768.21,4.0295667e-08,2.2439613
2009-02-13 12:00:00,8.62381,1.5304871,164.5823,100727.766,1.9940511e-07,2.9376938
2009-02-14 12:00:00,9.4678955,-0.98080444,109.56779,101140.09,2.0404834e-05,0.7270057
2009-02-15 12:00:00,13.81546,2.851715,157.6864,101183.695,5.8721985e-06,0.42533225
2009-02-16 12:00:00,10.071503,2.5551758,30.108772,101221.73,0.0002150659,4.935049
2009-02-17 12:00:00,2.486023,-3.55661,167.61801,101688.266,9.01556e-06,5.3145657
2009-02-18 12:00:00,-0.55895996,-6.0358276,148.52101,102172.03,0.0,3.4026983
2009-02-19 12:00:00,6.1306458,-5.0501404,102.987755,102044.016,6.921919e-05,1.6640896
2009-02-20 12:00:00,9.303406,5.521759,110.65923,100545.01,0.0002458092,1.346728
2009-02-21 12:00:00,7.4571533,1.8183289,163.64069,101245.48,1.1699459e-06,3.8789544
2009-02-22 12:00:00,2.6469116,-2.432251,126.980515,102272.24,1.1505758e-07,1.8948628
2009-02-23 12:00:00,3.3948364,0.9945679,26.8616,101586.016,0.0003230048,4.6920147
2009-02-24 12:00:00,4.3930054,1.6516724,76.017845,101353.26,0.00018268019,7.950812
2009-02-25 12:00:00,10.736755,1.5473328,191.24776,101710.69,0.0,3.5463386
2009-02-26 12:00:00,10.072968,-1.6374207,169.27074,101613.234,4.5039909e-07,1.6976343
2009-02-27 12:00:00,12.0894165,7.4624634,131.35931,99951.59,0.00017169838,1.6323023
2009-02-28 12:00:00,7.998169,0.28341675,197.11765,100632.05,0.0,3.3137052
2009-03-01 12:00:00,6.485962,-2.1045837,171.80685,101314.336,5.7184593e-08,2.3299096
2009-03-02 12:00:00,7.734192,-0.56625366,195.62782,101583.65,0.0,2.2731743
2009-03-03 12:00:00,11.877777,1.3614502,87.65836,101487.65,1.854025e-05,0.7319908
2009-03-04 12:00:00,9.428131,1.2039185,170.53108,101742.07,1.0958261e-06,1.4633343
2009-03-05 12:00:00,4.893097,1.1595154,55.917553,101606.18,8.853885e-05,4.5644584
2009-03-06 12:00:00,4.1798096,2.782074,29.333986,99301.38,0.00035962882,7.531049
2009-03-07 12:00:00,5.389374,2.6560364,32.98582,97535.41,0.00029146168,6.3783565
2009-03-08 12:00:00,4.4297485,1.717102,144.69243,98684.48,6.3897446e-06,5.0788684
2009-03-09 12:00:00,3.824463,-0.076171875,204.4021,99993.18,7.365449e-08,4.433887
2009-03-10 12:00:00,6.357666,-1.6285095,215.15154,100966.35,4.9142973e-06,2.3357415
2009-03-11 12:00:00,8.615845,-0.97702026,218.31801,101882.86,4.3756774e-08,1.9417608
2009-03-12 12:00:00,9.7482605,3.5006714,92.49992,101885.234,2.2194876e-05,1.2519474
2009-03-13 12:00:00,16.752228,8.127289,45.89112,101607.82,4.4666045e-05,2.998087
2009-03-14 12:00:00,17.05008,16.021362,45.589638,101557.05,4.1091553e-05,6.5292926
2009-03-15 12:00:00,17.201447,12.668152,93.16633,101314.85,0.00023489876,2.948415
2009-03-16 12:00:00,12.499817,0.7110596,240.29263,102451.83,1.1475027e-07,4.4580984
2009-03-17 12:00:00,3.0550232,-2.275055,229.97658,102561.14,0.0,2.6513307
2009-03-18 12:00:00,1.4241333,-2.4208374,247.25533,102466.164,1.2788468e-06,4.648335
2009-03-19 12:00:00,3.258728,-2.391693,143.94199,102430.32,1.8191209e-06,1.6818981
2009-03-20 12:00:00,5.7473755,1.4065247,239.27312,101706.78,5.1497005e-07,3.832892
2009-03-21 12:00:00,4.238159,-2.8209534,255.78717,103159.71,0.0,1.979039
2009-03-22 12:00:00,16.742493,0.035095215,244.8837,102577.15,0.0,2.7202058
2009-03-23 12:00:00,18.81189,12.700043,209.13753,101482.12,0.0,4.474388
2009-03-24 12:00:00,16.790558,0.8470154,74.60192,101976.47,0.00017537935,3.6929
2009-03-25 12:00:00,5.2777405,-0.088775635,197.96626,102830.555,3.4890574e-05,5.08152
2009-03-26 12:00:00,6.477173,1.7712097,63.186134,103028.67,2.99258e-05,7.3524604
2009-03-27 12:00:00,13.846527,6.426422,28.471445,102366.64,0.0007345821,8.287285
2009-03-28 12:00:00,16.369232,13.54248,61.87733,101870.59,0.0004389113,7.143296
2009-03-29 12:00:00,16.007477,14.701965,49.60866,102018.02,0.00038852403,6.4617395
2009-03-30 12:00:00,15.4878845,14.83963,41.876682,102440.71,0.0002818715,7.0842133
2009-03-31 12:00:00,16.241455,14.734283,64.39893,102856.92,0.00017337297,5.5657687
2009-04-01 12:00:00,14.696564,11.277374,77.39807,103131.17,3.793765e-05,4.0427523
2009-04-02 12:00:00,12.725739,8.796082,212.71222,103123.86,3.6559995e-06,2.3163567
2009-04-03 12:00:00,14.265411,6.783966,259.828,103022.12,1.728234e-07,1.6846889
2009-04-04 12:00:00,14.868286,7.1316223,267.20694,103131.04,5.705268e-08,1.4442415
2009-04-05 12:00:00,15.138062,6.029297,276.66013,103371.42,0.0,1.3581465
2009-04-06 12:00:00,15.808899,6.882263,186.93358,103384.94,1.9856816e-06,1.1672099
2009-04-07 12:00:00,17.36081,9.195648,155.07484,102491.08,0.00010812767,2.3420982
2009-04-08 12:00:00,17.363281,12.635803,230.2514,101926.484,0.00010973442,1.0494645
2009-04-09 12:00:00,14.064789,10.026825,85.05879,101901.36,0.0001831037,2.2942505
2009-04-10 12:00:00,14.678314,10.877289,109.39032,101549.195,0.00025613143,0.2448705
2009-04-11 12:00:00,14.19278,6.783539,289.62936,101542.55,1.9081826e-06,2.255843
2009-04-12 12:00:00,15.632599,6.267639,250.37039,101551.13,1.1535812e-08,1.3174227
2009-04-13 12:00:00,13.133179,10.804718,63.995853,100131.52,0.00028624324,4.000126
2009-04-14 12:00:00,15.617218,8.047455,273.785,100243.91,3.8542104e-05,2.1228793
2009-04-15 12:00:00,15.168182,9.317871,222.61972,100949.02,1.941781e-05,3.0530217
2009-04-16 12:00:00,12.410889,8.029968,57.439644,100883.21,6.7846384e-05,4.346728
2009-04-17 12:00:00,13.209473,7.2599487,179.37262,100627.59,3.254654e-06,0.7621964
2009-04-18 12:00:00,13.653107,8.898224,84.97618,100679.6,3.5445923e-05,1.4295537
2009-04-19 12:00:00,17.607758,7.894348,283.53702,101069.04,4.6106634e-06,1.391198
2009-04-20 12:00:00,18.256012,9.944489,288.626,101319.51,9.5911255e-06,1.5321057
2009-04-21 12:00:00,17.468689,9.716583,269.84457,101413.2,4.0355138e-07,1.7600921
2009-04-22 12:00:00,14.796387,8.935181,261.81442,101596.0,0.0,2.203801
2009-04-23 12:00:00,12.247498,9.475006,144.67654,101976.29,1.2449736e-05,3.4675229
2009-04-24 12:00:00,11.958405,9.152527,42.006104,102282.44,0.00015792211,5.5352006
2009-04-25 12:00:00,14.161163,11.96936,51.97893,102538.74,5.0068655e-05,4.6545005
2009-04-26 12:00:00,16.492126,12.517731,40.255383,102270.125,0.00026727605,3.8993583
2009-04-27 12:00:00,18.088898,15.996613,71.18998,101637.53,0.0006697687,2.0200248
2009-04-28 12:00:00,19.220032,16.751526,81.067444,101560.54,0.00010830239,3.1104257
2009-04-29 12:00:00,20.918396,16.865173,117.49834,100429.61,0.0006202507,1.9462862
2009-04-30 12:00:00,20.75473,13.541107,297.51794,100967.18,4.3438994e-10,0.18025666
2009-05-01 12:00:00,18.072876,14.292969,205.55338,100288.23,0.0001563148,2.858342
2009-05-02 12:00:00,18.564087,13.142334,273.9405,100296.195,0.0,3.5893621
2009-05-03 12:00:00,20.171783,9.544403,329.9456,100972.35,0.0,1.9305266
2009-05-04 12:00:00,22.305573,10.573395,328.6487,100641.27,0.0,2.0577865
2009-05-05 12:00:00,23.518524,12.523132,325.98575,99871.18,1.30210145e-08,3.0273185
2009-05-06 12:00:00,21.692505,12.441528,220.37402,99175.28,8.828041e-06,3.568562
2009-05-07 12:00:00,13.441376,6.7006226,309.74954,99696.09,5.54047e-07,4.2770667
2009-05-08 12:00:00,14.420502,5.145752,297.2249,99919.555,5.4098774e-07,2.1958346
2009-05-09 12:00:00,15.185181,5.9653625,285.17612,99944.75,4.7438405e-08,2.3388662
2009-05-10 12:00:00,14.948822,6.221985,324.79935,100414.15,0.0,3.0391352
2009-05-11 12:00:00,18.778107,6.431488,336.25125,101042.516,0.0,2.671165
2009-05-12 12:00:00,23.231903,8.405151,336.91553,101423.016,0.0,2.6429358
2009-05-13 12:00:00,23.30841,12.231018,155.9221,101747.5,3.2646717e-06,2.3253825
2009-05-14 12:00:00,24.690735,17.43338,206.59819,101928.79,9.149031e-06,2.868311
2009-05-15 12:00:00,24.399445,19.31723,144.99661,101975.87,4.915012e-06,3.8008654
2009-05-16 12:00:00,25.271088,19.470825,154.05046,101494.266,6.721556e-05,4.766121
2009-05-17 12:00:00,27.147034,17.775574,307.04266,101546.55,0.0,2.651393
2009-05-18 12:00:00,23.595764,14.674316,162.60387,101272.4,0.00066957873,3.3706915
2009-05-19 12:00:00,20.619507,10.2052,348.55835,101706.69,0.0,1.7637084
2009-05-20 12:00:00,22.570374,12.553711,284.398,101189.66,0.0,1.4338982
2009-05-21 12:00:00,20.949615,15.918182,103.83728,100185.78,0.00048280414,2.298039
2009-05-22 12:00:00,21.536987,15.056427,310.64297,100329.46,3.067343e-06,1.5696301
2009-05-23 12:00:00,20.977783,13.911377,287.88644,101176.234,9.413835e-07,2.0460463
2009-05-24 12:00:00,18.009277,11.419159,364.35187,101702.02,0.0,3.0971084
2009-05-25 12:00:00,23.076843,7.8556824,350.14706,101719.4,0.0,1.8445078
2009-05-26 12:00:00,27.5195,16.852844,341.52945,101348.445,0.0,3.805522
2009-05-27 12:00:00,27.105225,17.182983,324.12955,101288.39,0.0,3.9535234
2009-05-28 12:00:00,25.343567,17.867249,344.30478,101352.49,6.7712426e-05,2.2228684
2009-05-29 12:00:00,24.926117,14.696533,351.7484,101826.9,0.0,1.1758468
2009-05-30 12:00:00,25.390533,15.974365,303.92395,101292.58,0.0,3.3968198
2009-05-31 12:00:00,22.642975,14.317139,325.01288,101106.03,9.215122e-05,3.9357326
2009-06-01 12:00:00,18.950073,9.421753,362.7092,102039.164,0.0,2.4245784
2009-06-02 12:00:00,21.422882,10.280975,361.55844,102447.34,0.0,0.7944632
2009-06-03 12:00:00,22.360321,10.656494,359.00662,102605.35,0.0,2.0133166
2009-06-04 12:00:00,25.546753,12.046509,352.61765,102206.875,0.0,2.3613572
2009-06-05 12:00:00,30.14032,16.867981,342.0637,101801.35,0.0,3.108736
2009-06-06 12:00:00,30.599365,20.304688,291.15387,101673.4,0.0,3.1854339
2009-06-07 12:00:00,28.376587,19.480835,320.62122,101454.086,1.3033115e-05,3.0871708
2009-06-08 12:00:00,30.493683,21.122192,318.77673,101002.94,3.53131e-05,1.864489
2009-06-09 12:00:00,22.769348,16.613434,341.03177,101893.95,1.5824938e-07,3.0583043
2009-06-10 12:00:00,24.482391,13.167938,333.7291,102241.24,0.0,1.8474965
2009-06-11 12:00:00,22.470215,17.354034,122.54583,102336.37,2.4742435e-06,2.8312712
2009-06-12 12:00:00,22.920105,19.124084,87.48775,102031.195,4.75101e-05,2.9761438
2009-06-13 12:00:00,25.618256,19.150482,242.38841,101335.305,0.00034982062,3.2592537
2009-06-14 12:00:00,26.82315,20.700562,193.3617,100907.96,8.347689e-06,1.7774172
2009-06-15 12:00:00,26.75586,19.553314,353.46167,100756.01,0.0003259268,1.8946867
2009-06-16 12:00:00,26.354614,19.480225,143.96619,100517.11,5.055515e-07,1.9342747
2009-06-17 12:00:00,23.671295,18.427551,352.02856,100741.71,1.0484198e-05,1.5193988
2009-06-18 12:00:00,25.549622,16.95221,349.51376,100931.81,0.0,1.0852382
2009-06-19 12:00:00,26.959717,15.203461,357.03036,101386.016,0.0,0.4480197
2009-06-20 12:00:00,29.357178,20.563263,344.05722,100764.81,0.0,4.16791
2009-06-21 12:00:00,28.83844,24.994934,335.9474,99982.45,0.0,3.3797393
2009-06-22 12:00:00,25.97049,18.517883,277.08276,100749.18,1.9822161e-07,1.816724
2009-06-23 12:00:00,29.044159,16.396057,349.98157,100868.25,1.4054079e-06,0.7701478
2009-06-24 12:00:00,29.297699,20.40744,248.33665,100943.54,4.2916453e-09,0.6013987
2009-06-25 12:00:00,29.131134,20.230682,340.7017,101242.23,4.4295025e-06,1.9017777
2009-06-26 12:00:00,26.15857,20.680603,146.46231,101456.09,1.5210618e-06,1.9310043
2009-06-27 12:00:00,23.134277,18.210358,137.3431,101811.34,3.936151e-05,4.3490777
2009-06-28 12:00:00,22.402954,18.446045,94.75173,101721.45,4.5716047e-06,5.3905435
2009-06-29 12:00:00,24.825195,18.96225,171.19916,101302.734,3.8687158e-05,3.6108923
2009-06-30 12:00:00,26.207184,18.498322,221.2258,101209.59,1.2275881e-05,1.9839423
2009-07-01 12:00:00,28.303497,19.499115,353.67355,101112.8,2.0530824e-05,2.7932928
2009-07-02 12:00:00,29.871033,18.954224,357.8987,101374.06,0.0,2.5964901
2009-07-03 12:00:00,33.75598,20.955566,290.91083,101390.55,1.0627397e-06,3.2909682
2009-07-04 12:00:00,36.458008,29.773468,316.42337,100866.805,3.0077563e-05,4.181722
2009-07-05 12:00:00,32.80594,24.703156,230.24147,101091.79,1.4829077e-05,1.3057253
2009-07-06 12:00:00,28.518372,22.019287,208.5926,101209.54,6.7483095e-05,1.9653065
2009-07-07 12:00:00,33.868347,24.130371,249.59036,100863.58,5.8077076e-05,1.4196604
2009-07-08 12:00:00,27.0318,20.745636,155.9193,101540.484,9.332869e-05,2.5565126
2009-07-09 12:00:00,22.46585,19.737976,96.294365,101874.695,0.00025297134,3.2206666
2009-07-10 12:00:00,23.82312,20.808136,99.424446,101462.875,0.00067678926,0.42703107
2009-07-11 12:00:00,27.086212,20.843384,264.01157,101132.24,8.273319e-05,2.1726375
2009-07-12 12:00:00,28.819489,17.98883,347.0028,101069.51,0.0,2.715238
2009-07-13 12:00:00,28.845032,19.051544,290.25195,100852.125,0.0,2.6246269
2009-07-14 12:00:00,26.7612,22.194946,337.57285,100859.37,0.0,2.8559563
2009-07-15 12:00:00,25.113037,16.203766,349.27737,101737.43,0.0,1.6813445
2009-07-16 12:00:00,28.518738,17.384033,323.89056,101742.78,0.0,2.2598405
2009-07-17 12:00:00,27.474762,21.935364,137.48206,101143.35,0.00029969725,2.972315
2009-07-18 12:00:00,26.490417,21.368988,210.71887,100756.9,2.538293e-06,2.090229
2009-07-19 12:00:00,29.73117,20.441284,292.97858,100929.17,1.7971942e-07,1.8764846
2009-07-20 12:00:00,30.812408,21.610382,324.271,100768.31,1.224297e-07,2.3062348
2009-07-21 12:00:00,27.392242,20.551544,255.40395,100678.36,2.9468369e-05,1.5517737
2009-07-22 12:00:00,27.19217,18.66867,338.63538,101199.695,0.0,1.5036198
2009-07-23 12:00:00,29.235321,19.79419,302.81607,101217.6,0.0,1.906711
2009-07-24 12:00:00,27.066498,20.652832,213.54686,100757.48,9.817392e-05,0.99107206
2009-07-25 12:00:00,26.996338,19.855316,337.37045,101041.42,0.0,1.6274173
2009-07-26 12:00:00,28.571594,17.910492,324.0655,101570.46,0.0,1.9674515
2009-07-27 12:00:00,33.584625,22.252472,274.0506,101229.42,0.0,3.7458134
2009-07-28 12:00:00,36.265076,23.720398,316.7658,101140.46,0.0,2.5737839
2009-07-29 12:00:00,38.018524,26.720612,320.8798,101032.12,0.0,2.9631429
2009-07-30 12:00:00,38.454712,26.523834,316.7959,101111.61,1.6381056e-05,1.3941534
2009-07-31 12:00:00,38.52002,24.734863,320.4317,101187.125,3.4592867e-06,0.9885666
2009-08-01 12:00:00,39.29016,26.733429,316.27115,101025.22,0.0,2.4887128
2009-08-02 12:00:00,36.99344,25.109894,301.6701,101006.375,7.0141996e-06,1.3710722
2009-08-03 12:00:00,36.35205,23.53537,244.04826,100972.68,0.00018207582,0.56274956
2009-08-04 12:00:00,24.511597,20.509338,230.55916,101974.24,0.00010504032,4.4359527
2009-08-05 12:00:00,22.419556,19.416473,84.61495,102416.02,0.00010140575,2.9996235
2009-08-06 12:00:00,26.24524,21.356903,125.112755,102462.19,0.0002918454,1.4352344
2009-08-07 12:00:00,27.772491,23.249573,268.55475,102462.86,2.3382024e-06,1.3333532
2009-08-08 12:00:00,29.399597,22.180878,307.1832,102378.56,1.863553e-07,2.0237405
2009-08-09 12:00:00,29.81363,22.495148,309.73105,102032.27,2.8220606e-07,2.7315462
2009-08-10 12:00:00,31.22998,23.712433,256.12558,101506.59,0.0001542602,2.809544
2009-08-11 12:00:00,29.717407,22.09085,226.40858,101059.56,0.0002269345,1.7631567
2009-08-12 12:00:00,25.82248,20.80545,262.27103,101180.82,1.6267555e-05,1.5184312
2009-08-13 12:00:00,24.912872,20.907196,208.08875,101456.586,1.0446911e-06,2.4045255
2009-08-14 12:00:00,25.66034,21.597992,145.9868,101275.52,5.8429864e-06,2.8429952
2009-08-15 12:00:00,29.159943,22.848114,194.87498,101056.64,0.0001488298,1.8255978
2009-08-16 12:00:00,26.419525,21.726166,167.855,101313.72,3.0649753e-07,0.7481051
2009-08-17 12:00:00,24.760468,21.082367,86.49996,101280.53,0.000268697,0.9048555
2009-08-18 12:00:00,25.525482,21.151154,141.73291,101320.88,0.00047135152,2.0071084
2009-08-19 12:00:00,27.881256,23.769653,165.84094,101449.01,1.4754963e-05,3.0357406
2009-08-20 12:00:00,25.42331,21.723999,71.048584,101703.13,0.00030716302,1.0209947
2009-08-21 12:00:00,26.73822,21.108337,203.10712,101659.2,0.00010514347,0.8285183
2009-08-22 12:00:00,29.519073,22.359192,268.11624,101469.086,7.8709675e-08,1.6730263
2009-08-23 12:00:00,28.296814,22.833435,196.47844,101220.93,6.119485e-05,2.2977233
2009-08-24 12:00:00,24.609772,17.03598,167.58441,101579.695,0.0005536069,3.6464303
2009-08-25 12:00:00,18.44638,13.921326,135.2511,102328.17,1.0856027e-05,3.8574204
2009-08-26 12:00:00,20.201538,14.960419,85.63931,101615.57,0.0010438585,4.4541416
2009-08-27 12:00:00,24.567413,16.10263,264.91727,101623.99,0.0,0.47338232
2009-08-28 12:00:00,23.48175,19.625763,80.73264,101475.92,0.00014625175,1.6544949
2009-08-29 12:00:00,23.558258,19.429443,105.09744,101457.516,5.273544e-07,1.2168063
2009-08-30 12:00:00,24.298645,19.944519,166.16496,101625.03,6.415193e-06,2.6767762
2009-08-31 12:00:00,22.562988,20.573914,58.23351,101579.17,0.0004143349,3.2241983
2009-09-01 12:00:00,23.977783,21.511261,95.70468,101588.75,0.0003397588,2.6010313
2009-09-02 12:00:00,25.078217,22.013885,161.08432,101568.93,6.0842813e-06,1.6193162
2009-09-03 12:00:00,23.647034,20.80429,73.41492,101496.87,0.000252854,0.81565696
2009-09-04 12:00:00,24.501038,21.033295,117.95346,101736.086,0.00035335595,3.6288826
2009-09-05 12:00:00,24.887512,21.259857,112.71802,101330.125,0.00043184828,4.897488
2009-09-06 12:00:00,27.062714,22.62033,209.35426,101873.6,1.652789e-05,2.389505
2009-09-07 12:00:00,25.607452,22.83319,123.95803,102018.664,1.3277947e-05,1.4660093
2009-09-08 12:00:00,26.252502,22.016663,166.6824,101766.49,0.00013984178,1.4251826
2009-09-09 12:00:00,26.213654,22.18753,180.04701,101656.88,0.00012912945,1.5223156
2009-09-10 12:00:00,26.330963,21.491486,162.10585,101859.38,9.669113e-05,0.84152704
2009-09-11 12:00:00,23.491882,20.519989,75.5867,102033.875,0.0004875589,1.4824305
2009-09-12 12:00:00,23.306915,20.975342,77.8159,102040.6,6.148493e-05,2.6328201
2009-09-13 12:00:00,27.417572,22.486511,184.55473,101826.08,4.4488494e-05,2.2354045
2009-09-14 12:00:00,25.297058,20.674103,210.9752,102035.83,0.0,1.3088129
2009-09-15 12:00:00,23.026123,20.506256,70.867584,102203.1,3.2413922e-05,1.6454071
2009-09-16 12:00:00,23.976166,19.695251,115.89349,101533.05,0.00081233017,0.22790363
2009-09-17 12:00:00,25.550507,19.695587,237.0931,101563.99,8.747845e-06,0.4214952
2009-09-18 12:00:00,24.674133,18.446075,200.15332,101777.26,1.0638367e-06,1.6585718
2009-09-19 12:00:00,25.298553,19.312042,171.47694,101534.836,3.3560653e-05,1.469455
2009-09-20 12:00:00,24.72293,19.111115,201.67157,101070.91,2.1580366e-09,1.7779822
2009-09-21 12:00:00,26.21939,18.280548,223.20125,100893.555,2.9200433e-07,1.3580635
2009-09-22 12:00:00,26.50293,19.665436,143.9111,101038.195,2.0900317e-05,1.77131
2009-09-23 12:00:00,28.156708,21.683472,184.15617,101071.64,7.704065e-07,1.9827912
2009-09-24 12:00:00,26.13269,21.59262,174.52509,100865.6,0.0,2.1398518
2009-09-25 12:00:00,24.183258,18.01825,198.84636,100747.29,0.0001310295,2.2004006
2009-09-26 12:00:00,20.323029,12.662567,229.03947,101469.5,0.0,2.2590005
2009-09-27 12:00:00,17.499115,12.803497,225.66208,101608.58,0.0,2.9600916
2009-09-28 12:00:00,16.206696,9.395996,229.7478,102344.27,0.0,2.833053
2009-09-29 12:00:00,19.401733,9.521027,208.26114,102161.08,0.0,2.0989265
2009-09-30 12:00:00,21.367065,13.012878,215.76482,101377.67,0.0,2.1644247
2009-10-01 12:00:00,21.66803,11.736755,215.95459,101694.83,0.0,1.6932563
2009-10-02 12:00:00,25.200012,12.734985,214.03673,101309.875,0.0,2.0966883
2009-10-03 12:00:00,20.176086,14.8246155,198.88385,101505.48,0.0,2.928826
2009-10-04 12:00:00,21.578339,13.0289,203.98518,101310.63,0.0,2.414653
2009-10-05 12:00:00,24.07724,11.653473,201.54398,101063.03,0.0,1.6541845
2009-10-06 12:00:00,19.391876,15.751648,84.056854,101242.25,2.4964402e-06,1.0319345
2009-10-07 12:00:00,20.495148,16.018677,155.80739,100746.84,3.1678952e-05,2.4379554
2009-10-08 12:00:00,18.309937,10.683624,205.8774,101300.58,0.0,3.9987733
2009-10-09 12:00:00,20.825928,8.219727,200.42514,101722.39,0.0,2.1997862
2009-10-10 12:00:00,21.877869,10.927551,158.68484,101871.97,0.0,1.375029
2009-10-11 12:00:00,22.441528,15.088745,98.21426,101859.26,2.1350166e-08,3.1951282
2009-10-12 12:00:00,22.471497,16.171509,45.50051,100936.26,0.00012651349,4.1020617
2009-10-13 12:00:00,18.00653,11.281921,191.35495,101549.9,0.0,3.0895295
2009-10-14 12:00:00,19.915833,9.204834,187.50818,102370.95,0.0,0.44751418
2009-10-15 12:00:00,22.021576,11.803223,160.39389,101873.92,0.0,2.1819987
2009-10-16 12:00:00,17.102783,8.022461,36.748512,101810.03,8.556278e-05,4.8145113
2009-10-17 12:00:00,10.768036,5.596863,187.15958,102519.64,2.649564e-06,4.501813
2009-10-18 12:00:00,12.192902,3.3876953,183.53812,102612.12,0.0,2.0390773
2009-10-19 12:00:00,15.868622,4.542206,163.72176,101726.18,0.0,2.7381728
2009-10-20 12:00:00,13.657776,6.0802917,180.40977,102180.26,8.801279e-07,3.1745589
2009-10-21 12:00:00,14.652374,3.2557068,175.67699,102583.15,0.0,1.1780459
2009-10-22 12:00:00,19.060455,5.5534973,159.4664,101983.12,0.0,3.284807
2009-10-23 12:00:00,16.381256,8.815765,173.82225,101828.49,0.0,4.4713182
2009-10-24 12:00:00,14.805725,6.25354,162.35667,100603.9,0.0,4.1257257
2009-10-25 12:00:00,13.617584,4.3780823,147.56537,100398.92,1.8222818e-06,4.2447934
2009-10-26 12:00:00,9.926544,4.6854553,163.78334,101193.266,2.1673555e-08,4.577693
2009-10-27 12:00:00,10.976318,1.2610474,164.9258,102077.83,0.0,2.3146296
2009-10-28 12:00:00,14.595886,4.45105,158.2325,102425.26,0.0,3.0045106
2009-10-29 12:00:00,16.306335,2.690796,160.2095,102753.695,0.0,1.0415921
2009-10-30 12:00:00,14.147797,5.437622,146.00952,102271.42,0.0,2.5508099
2009-10-31 12:00:00,10.512543,6.1813965,93.8886,101944.83,0.0,3.0377355
2009-11-01 12:00:00,10.616608,5.975403,102.73495,101423.78,1.1289732e-05,4.184767
2009-11-02 12:00:00,8.597717,3.4665833,145.52016,101018.57,2.6540539e-08,3.6564517
2009-11-03 12:00:00,10.733917,0.792511,149.83823,101444.9,0.0,2.6830087
2009-11-04 12:00:00,15.584137,2.6107178,147.01059,102237.83,0.0,2.155305
2009-11-05 12:00:00,18.210571,7.1727295,128.90172,102548.21,1.1837765e-07,2.2295034
2009-11-06 12:00:00,13.475861,5.922882,62.37719,102030.92,4.8483703e-06,2.1854823
2009-11-07 12:00:00,14.834778,10.21756,23.291426,100699.47,0.000114552866,0.90561396
2009-11-08 12:00:00,13.340759,8.230682,140.73622,100943.48,7.344599e-10,3.5437455
2009-11-09 12:00:00,11.790619,3.8178406,137.19916,101874.87,0.0,0.4023217
2009-11-10 12:00:00,13.056732,5.6352844,135.2739,101693.49,0.0,2.429887
2009-11-11 12:00:00,8.231506,1.8479004,136.9403,102491.51,0.0,3.1244602
2009-11-12 12:00:00,10.770264,2.100708,71.77665,102226.0,5.0559363e-05,2.172984
2009-11-13 12:00:00,15.260223,10.78714,40.097652,101065.06,0.000229939,2.2745545
2009-11-14 12:00:00,12.33493,5.4779663,72.641205,101931.99,9.296881e-11,2.6983318
2009-11-15 12:00:00,6.5586853,1.8450623,69.28991,102407.43,0.0,3.260393
2009-11-16 12:00:00,2.6524963,-1.6479187,97.8354,102299.91,2.4703065e-06,3.1864944
2009-11-17 12:00:00,5.9145813,1.0729675,57.690178,102024.32,2.2380329e-05,3.8001823
2009-11-18 12:00:00,11.841919,5.375458,77.524864,102690.984,6.406432e-06,4.704145
2009-11-19 12:00:00,18.054016,9.802795,10.525996,102262.52,0.00057665014,5.5511785
2009-11-20 12:00:00,19.606445,16.397186,73.90932,101014.84,0.00022240951,3.0499752
2009-11-21 12:00:00,16.37854,10.492035,58.589905,99710.734,0.00029619152,2.552962
2009-11-22 12:00:00,10.352875,5.0840454,118.09432,100240.72,5.0151752e-06,5.6246095
2009-11-23 12:00:00,8.150635,2.705658,117.960976,100902.35,2.7011564e-09,3.633384
2009-11-24 12:00:00,8.543182,2.2114258,88.49671,100983.72,3.0626133e-08,0.30973372
2009-11-25 12:00:00,10.062042,3.6950378,35.87387,99261.67,0.00062235666,3.4803758
2009-11-26 12:00:00,3.759491,0.7198181,117.27952,99333.55,0.00020169653,5.942558
2009-11-27 12:00:00,4.3974,-3.0474243,116.56932,100410.13,0.0,3.5172791
2009-11-28 12:00:00,5.1867676,-4.7656555,114.2837,101112.81,0.0,2.3548937
2009-11-29 12:00:00,10.16806,-2.345398,31.97649,101196.95,3.6017555e-05,4.3003836
2009-11-30 12:00:00,14.903412,10.200043,24.97782,99917.625,0.0002507068,4.412769
2009-12-01 12:00:00,15.224945,6.703705,45.667763,97335.5,0.00057662465,2.7813776
2009-12-02 12:00:00,11.675934,6.5549316,108.36604,99648.62,2.0304508e-06,6.282142
2009-12-03 12:00:00,13.724121,4.261627,48.57964,100990.59,4.02394e-06,1.0889238
2009-12-04 12:00:00,19.747772,13.653564,22.11188,100502.52,7.2582676e-05,5.910264
2009-12-05 12:00:00,17.829773,10.065063,90.06159,101178.805,3.7854016e-07,1.8320596
2009-12-06 12:00:00,19.733398,9.022034,13.585111,99522.66,0.0005386038,4.246121
2009-12-07 12:00:00,13.547638,5.7981873,105.686615,100397.336,7.1074377e-09,6.008999
2009-12-08 12:00:00,6.6341553,0.6778259,104.902504,102427.11,0.0,2.851385
2009-12-09 12:00:00,5.379547,-0.94226074,92.294846,102734.32,5.368e-08,1.9723655
2009-12-10 12:00:00,4.454193,0.15524292,104.40522,102221.14,1.2178505e-07,2.5604098
2009-12-11 12:00:00,6.404419,-0.4510498,100.58571,101835.35,0.0,2.623794
2009-12-12 12:00:00,8.887939,-0.49246216,100.21999,102019.4,0.0,0.22763646
2009-12-13 12:00:00,15.464661,7.8626404,32.38525,100147.42,0.00037104517,3.0743215
2009-12-14 12:00:00,8.916412,-0.00289917,100.069496,100769.75,2.5629743e-07,5.466832
2009-12-15 12:00:00,2.3926392,-1.8635254,104.500275,102475.39,0.0,2.0915012
2009-12-16 12:00:00,10.643738,-0.171875,46.39815,102307.26,5.2971198e-05,1.084164
2009-12-17 12:00:00,16.953033,8.21756,20.384472,101099.23,0.00037328686,2.0790272
2009-12-18 12:00:00,19.381042,16.007324,22.099516,99767.5,0.00010786047,4.6014338
2009-12-19 12:00:00,16.26358,2.660736,98.53219,100733.97,2.7008062e-07,4.378081
2009-12-20 12:00:00,4.1852417,-0.9606323,101.17086,101370.805,3.996808e-08,2.438985
2009-12-21 12:00:00,4.6495056,-0.7445679,100.47727,101687.234,2.0067402e-07,3.4013183
2009-12-22 12:00:00,7.0418396,-1.9826965,57.986828,101998.66,0.0,2.2280965
2009-12-23 12:00:00,8.170593,0.018463135,100.04302,101018.97,5.6918967e-08,3.3129838
2009-12-24 12:00:00,4.321594,-3.958252,89.16204,101438.97,8.889607e-08,5.308892
2009-12-25 12:00:00,-1.674408,-4.657959,105.82176,102281.516,3.6837747e-08,4.8225803
2009-12-26 12:00:00,-0.64016724,-5.4577637,106.894,103853.05,0.0,3.172806
2009-12-27 12:00:00,6.848358,-5.2582397,95.29013,104106.16,0.0,1.3541757
2009-12-28 12:00:00,6.7683716,1.0645142,77.815796,103676.58,6.375191e-07,2.4016225
2009-12-29 12:00:00,17.097351,5.517395,14.5328665,100788.89,0.00031849352,4.624545
2009-12-30 12:00:00,17.148956,11.010254,54.438347,99330.73,4.6260575e-05,4.1429005
2009-12-31 12:00:00,10.854675,1.5253601,105.90312,100430.08,3.3051954e-06,5.125742
2010-01-01 12:00:00,6.586487,0.28656006,58.431526,101196.195,2.1355113e-06,2.4634361
2010-01-02 12:00:00,4.268097,0.34194946,72.39449,100578.61,9.714049e-05,2.38373
2010-01-03 12:00:00,1.8416138,-6.9167786,101.05323,101504.97,8.526649e-08,2.5789993
2010-01-04 12:00:00,-3.4224854,-8.156036,109.77179,101857.72,3.6521005e-08,4.225374
2010-01-05 12:00:00,-2.5256348,-10.543274,98.59791,102578.16,5.095917e-08,2.5530207
2010-01-06 12:00:00,14.015289,-2.627533,17.671719,100825.56,0.0004058196,3.1737697
2010-01-07 12:00:00,14.130524,-2.7519226,111.02347,99648.2,9.698177e-06,4.7225904
2010-01-08 12:00:00,-2.1233215,-7.653534,111.829956,101556.86,6.789498e-09,2.5167727
2010-01-09 12:00:00,1.1579285,-7.966339,112.032005,101866.76,2.2500949e-07,0.944181
2010-01-10 12:00:00,1.3784485,-6.769989,85.78984,101537.336,0.0,1.5717113
2010-01-11 12:00:00,3.150238,-3.9119568,107.119415,101238.5,7.238036e-06,2.1653094
2010-01-12 12:00:00,3.0437317,-7.539734,35.62807,101454.79,3.611481e-05,1.3681415
2010-01-13 12:00:00,7.844818,-5.747528,86.026726,101905.38,9.567977e-06,0.51121974
2010-01-14 12:00:00,15.890289,7.945221,41.079865,101299.305,6.4234126e-05,3.6815479
2010-01-15 12:00:00,17.781677,13.440186,12.222828,99102.195,0.00065271935,7.0840654
2010-01-16 12:00:00,14.383392,-6.623596,83.4036,99816.12,4.5719135e-05,7.6897655
2010-01-17 12:00:00,-2.4384155,-7.569397,120.52452,102894.055,0.0,3.9783623
2010-01-18 12:00:00,4.8283997,-7.6586304,79.672195,103040.0,6.4992464e-06,0.8640154
2010-01-19 12:00:00,5.955261,-2.527588,120.69016,101973.21,1.8934313e-07,3.575166
2010-01-20 12:00:00,6.6294556,-2.7873535,121.850365,102172.24,2.7694163e-08,2.7504458
2010-01-21 12:00:00,10.321167,0.85910034,123.27343,101878.03,0.0,3.1266525
2010-01-22 12:00:00,8.7276,3.3482666,75.58085,101150.83,0.0,2.8668625
2010-01-23 12:00:00,3.5326233,-4.6622925,98.28053,100146.84,1.3568309e-06,3.3311915
2010-01-24 12:00:00,0.863739,-8.215271,126.859276,100313.9,4.588812e-11,3.5152771
2010-01-25 12:00:00,5.3147583,-0.92303467,129.80087,100600.98,7.6973754e-07,3.386589
2010-01-26 12:00:00,11.983765,-1.9221191,124.91762,101749.195,0.0,2.1721556
2010-01-27 12:00:00,9.701355,0.9649658,71.49534,101524.92,0.0,1.024773
2010-01-28 12:00:00,6.6795044,-0.6557617,126.60843,101903.07,0.0,3.8637116
2010-01-29 12:00:00,5.3111267,-5.619934,123.9323,102852.09,6.829381e-08,1.5514365
2010-01-30 12:00:00,14.230286,3.4459534,70.48217,101912.33,1.4809166e-05,2.8641915
2010-01-31 12:00:00,15.151154,11.052429,134.41924,100005.35,0.0001724292,4.721351
2010-02-01 12:00:00,11.067169,-0.5102844,128.31625,100752.83,1.0061977e-06,3.5223315
2010-02-02 12:00:00,0.77227783,-3.9125366,122.310196,101452.266,3.7572237e-05,3.6110885
2010-02-03 12:00:00,0.9379883,-1.8510132,145.41354,99644.234,0.00053416315,5.291196
2010-02-04 12:00:00,2.4396057,-6.559906,152.982,101318.59,9.479226e-10,3.4272141
2010-02-05 12:00:00,2.8038635,-9.674591,119.02838,101225.375,1.8206169e-08,2.7669928
2010-02-06 12:00:00,5.33844,-1.8290405,146.17003,101076.69,6.1426566e-09,3.3679812
2010-02-07 12:00:00,5.5348206,-3.9215393,119.09136,101132.96,6.713993e-06,2.3271196
2010-02-08 12:00:00,-3.8619995,-12.610748,162.3603,102372.94,0.0,3.1627061
2010-02-09 12:00:00,3.6391907,-13.244568,145.48894,102501.94,0.0,0.71608937
2010-02-10 12:00:00,10.765381,-1.1900635,26.216055,100771.21,0.00033339125,3.7219508
2010-02-11 12:00:00,12.722504,8.195831,87.588066,98974.91,0.00016412094,3.2510488
2010-02-12 12:00:00,8.379669,5.023102,17.696358,99687.914,0.00036370187,5.5337954
2010-02-13 12:00:00,7.1872253,3.2242737,116.95626,99712.086,5.678296e-05,4.3383746
2010-02-14 12:00:00,4.189789,-2.2363586,162.62335,101269.87,0.0,2.2179835
2010-02-15 12:00:00,5.019989,-0.53286743,39.49697,101394.484,0.00012352968,3.9552543
2010-02-16 12:00:00,4.3740845,1.0078125,40.154003,99846.61,0.00047489672,5.0919323
2010-02-17 12:00:00,4.3911133,-0.631897,165.80916,99839.58,7.6723916e-07,3.5985444
2010-02-18 12:00:00,2.664856,-5.2628784,176.7588,100585.27,7.7316066e-08,3.3010292
2010-02-19 12:00:00,4.1054688,-8.07431,166.57222,101646.33,2.9336546e-08,2.208033
2010-02-20 12:00:00,3.256073,-2.8320007,61.227833,101352.34,2.2893182e-05,2.4673393
2010-02-21 12:00:00,5.429077,-3.1893005,168.14194,100647.055,8.223455e-06,1.357807
2010-02-22 12:00:00,3.398346,-6.895569,174.68307,100744.484,8.61905e-05,5.1430354
2010-02-23 12:00:00,0.1847229,-7.1218567,193.08101,101577.85,0.0,3.8975224
2010-02-24 12:00:00,0.26394653,-9.892395,196.25061,101761.53,0.0,2.26255
2010-02-25 12:00:00,5.82782,-7.7398376,78.03794,101214.06,1.7354794e-05,3.8202174
2010-02-26 12:00:00,5.2738647,2.60437,97.37894,99879.77,8.623757e-05,3.8585894
2010-02-27 12:00:00,6.430359,-5.178589,82.67616,101010.11,6.5288456e-05,1.66819
2010-02-28 12:00:00,-1.4014893,-11.409821,206.41019,101625.695,0.0,5.2228627
2010-03-01 12:00:00,3.4160461,-2.3908691,204.95969,101467.78,0.0,4.4331098
2010-03-02 12:00:00,2.1567688,-5.426422,200.00748,100995.586,2.2956852e-08,2.5940714
2010-03-03 12:00:00,2.8995972,-3.9968872,202.48286,100906.625,9.406526e-08,3.2385325
2010-03-04 12:00:00,3.5280151,-5.3308716,205.88411,101563.63,2.9035055e-08,2.2939515
2010-03-05 12:00:00,6.4196167,-4.5696716,214.57715,101525.6,0.0,2.9254923
2010-03-06 12:00:00,5.4446106,-1.7474976,211.38742,100854.7,0.0,2.892656
2010-03-07 12:00:00,8.519348,-3.0596313,196.61552,100703.79,2.1173417e-08,2.0252912
2010-03-08 12:00:00,8.127136,1.6661682,55.205692,100043.72,7.0372786e-05,4.285085
2010-03-09 12:00:00,1.5135498,-4.855316,226.17398,101652.22,0.0,4.980969
2010-03-10 12:00:00,0.03289795,-6.652252,133.92574,102586.305,1.5733784e-08,3.0316591
2010-03-11 12:00:00,3.5736694,-0.9472046,154.34996,101223.72,3.2928042e-06,4.465961
2010-03-12 12:00:00,5.7703247,-4.5703735,231.37589,101347.07,0.0,3.4195087
2010-03-13 12:00:00,8.254089,-3.4199219,232.92221,102062.09,0.0,1.9821873
2010-03-14 12:00:00,11.650116,-2.5943298,145.32555,102162.47,1.4093952e-05,3.2966223
2010-03-15 12:00:00,15.100342,11.624878,38.529774,100174.74,0.0007099925,5.0215096
2010-03-16 12:00:00,13.64801,5.260437,157.97441,99373.914,3.358572e-05,5.1635113
2010-03-17 12:00:00,5.15921,-1.0303955,225.61963,100734.71,1.3680977e-07,5.7549295
2010-03-18 12:00:00,4.9006653,-2.4395752,242.75157,102173.74,0.0,2.1496308
2010-03-19 12:00:00,8.82489,1.0593872,178.62646,101670.875,2.9188384e-06,0.9740427
2010-03-20 12:00:00,6.530548,3.4716492,72.205,100311.58,9.092312e-05,4.909657
2010-03-21 12:00:00,8.062622,0.7388611,130.00655,99746.445,4.058293e-05,1.3092332
2010-03-22 12:00:00,6.695526,1.7099304,202.98273,99700.445,0.00014195807,4.4968967
2010-03-23 12:00:00,7.8372498,-0.3491211,257.4876,100832.66,0.0,3.7496192
2010-03-24 12:00:00,17.427002,3.3929138,247.31383,101266.76,1.4729338e-08,2.8682888
2010-03-25 12:00:00,16.926971,6.4533386,229.96446,101794.12,0.0,2.2072003
2010-03-26 12:00:00,16.899292,6.7406006,201.37532,102375.31,6.733721e-07,2.3661008
2010-03-27 12:00:00,14.127075,12.663361,52.505104,102481.56,8.837265e-05,5.258533
2010-03-28 12:00:00,16.02597,13.121155,38.89549,102358.266,0.00023107837,6.085465
2010-03-29 12:00:00,16.1344,14.8966675,53.8665,102405.68,7.606237e-05,5.707375
2010-03-30 12:00:00,15.150116,8.1405945,137.74886,102869.195,0.000707208,4.3186345
2010-03-31 12:00:00,11.51886,6.209015,252.0505,103455.66,0.0,3.7344909
2010-04-01 12:00:00,11.773987,2.191986,270.3264,103065.85,0.0,2.4967246
2010-04-02 12:00:00,16.023071,4.5541687,258.42688,102078.69,0.0,1.677359
2010-04-03 12:00:00,15.043671,6.8423157,268.29053,102223.97,0.0,0.652912
2010-04-04 12:00:00,18.511353,7.475647,261.5334,102325.96,3.1966763e-08,2.414286
2010-04-05 12:00:00,19.014313,9.502319,220.5263,102744.19,1.9664228e-06,2.522893
2010-04-06 12:00:00,21.245544,11.996338,218.33984,102585.82,2.2144045e-06,2.2047315
2010-04-07 12:00:00,18.739807,14.266022,212.49103,102225.01,1.117148e-06,0.7220741
2010-04-08 12:00:00,18.256927,9.85498,181.24226,102277.125,0.0,0.2960547
2010-04-09 12:00:00,15.213074,10.172516,106.28542,102710.92,6.370965e-06,3.8459501
2010-04-10 12:00:00,11.217407,8.946747,38.27717,102059.6,0.00045876377,5.0501184
2010-04-11 12:00:00,14.345764,8.812775,36.835686,101346.57,0.00035001535,6.229247
2010-04-12 12:00:00,16.087555,13.002991,135.46448,100715.04,7.3784984e-05,3.6509662
2010-04-13 12:00:00,14.532562,11.001404,118.67707,101019.85,1.2962714e-06,2.535491
2010-04-14 12:00:00,15.348022,9.8567505,163.96086,101081.04,4.473809e-06,2.088429
2010-04-15 12:00:00,14.650391,12.517303,62.267006,100942.5,6.71343e-05,2.9299479
2010-04-16 12:00:00,13.969482,10.3785095,67.5385,101281.68,0.00017883076,4.396398
2010-04-17 12:00:00,17.187775,10.007019,67.86708,101225.125,0.00034560604,4.680387
2010-04-18 12:00:00,16.702393,15.2256775,65.39065,100752.78,0.0006353179,4.313523
2010-04-19 12:00:00,17.251343,13.543335,74.06127,100383.4,0.00011208294,2.404069
2010-04-20 12:00:00,16.405945,11.074341,195.03773,100883.086,3.5086585e-05,2.6659849
2010-04-21 12:00:00,15.362762,7.3664856,279.92194,101232.445,3.154777e-09,1.6596309
2010-04-22 12:00:00,14.204712,7.906433,218.58353,101122.99,4.2890775e-07,1.9781446
2010-04-23 12:00:00,13.555023,9.505005,155.41142,100899.51,3.404433e-07,3.058226
2010-04-24 12:00:00,12.479248,7.5297546,227.24103,101620.01,7.5760816e-08,2.7739875
2010-04-25 12:00:00,12.761139,6.374817,234.53299,102383.625,1.6885983e-07,3.0519586
2010-04-26 12:00:00,15.573273,9.029205,136.71683,101789.35,2.079617e-05,3.3819973
2010-04-27 12:00:00,14.145477,11.896271,65.38587,101039.66,0.00021658046,6.3213415
2010-04-28 12:00:00,19.230713,13.084015,108.8123,100670.36,0.0003907618,5.6607876
2010-04-29 12:00:00,17.633026,16.198547,50.567493,100413.11,0.00023668239,2.5514338
2010-04-30 12:00:00,18.474152,15.150787,143.29228,100822.33,1.8959012e-05,2.8809247
2010-05-01 12:00:00,15.726654,11.775879,78.74978,101114.67,5.2862393e-05,3.9244735
2010-05-02 12:00:00,19.967163,14.630707,72.26695,100503.75,0.00043366032,3.6977234
2010-05-03 12:00:00,18.667633,14.242523,320.002,100463.66,0.00016836952,3.4487052
2010-05-04 12:00:00,18.815369,9.686249,321.4989,101734.56,0.0,2.6901515
2010-05-05 12:00:00,16.084473,9.724976,263.9363,102801.055,1.0999123e-07,3.0569847
2010-05-06 12:00:00,17.192444,12.838959,69.07878,102379.89,0.00014804122,2.6444232
2010-05-07 12:00:00,21.090118,14.426239,222.90707,101706.11,8.153556e-05,1.0046978
2010-05-08 12:00:00,19.93393,15.187927,120.1556,101474.29,3.599651e-05,1.2337248
2010-05-09 12:00:00,20.921112,13.334839,331.3777,101409.77,2.0394701e-09,1.5295173
2010-05-10 12:00:00,19.336548,11.8376465,334.52957,101630.52,2.0394701e-09,2.1166072
2010-05-11 12:00:00,22.61023,11.071289,337.06924,101174.18,0.0,1.9167771
2010-05-12 12:00:00,25.859192,14.284393,327.8642,100508.98,0.0,2.0084136
2010-05-13 12:00:00,22.123016,16.073181,200.97948,100977.16,5.3199565e-06,2.1696022
2010-05-14 12:00:00,19.74762,17.42154,123.19294,101627.945,9.0943715e-05,5.5393133
2010-05-15 12:00:00,19.558777,17.62613,44.640583,101402.06,0.00043149063,6.5041924
2010-05-16 12:00:00,20.183563,17.084229,122.66293,100957.46,7.6967135e-06,1.784522
2010-05-17 12:00:00,22.30606,14.001251,336.63068,100793.01,2.7783283e-06,2.13172
2010-05-18 12:00:00,19.341766,15.509064,93.03235,100913.21,0.0003164104,2.6679473
2010-05-19 12:00:00,21.358032,17.109161,223.87004,101994.336,0.0004086311,3.418911
2010-05-20 12:00:00,21.54068,16.307587,184.17014,103094.46,1.1839294e-05,1.9981686
2010-05-21 12:00:00,20.200104,16.33722,243.10757,103180.984,1.5070731e-05,2.1755214
2010-05-22 12:00:00,20.546204,13.25235,265.29584,102771.234,0.0,1.2755464
2010-05-23 12:00:00,21.184479,15.653198,183.92671,102063.02,1.8147645e-06,2.0852733
2010-05-24 12:00:00,20.009918,18.425476,72.42991,101067.38,0.00031844928,3.5262191
2010-05-25 12:00:00,22.73645,18.789368,209.8883,99947.99,7.965687e-05,3.9803731
2010-05-26 12:00:00,22.269623,14.667664,338.39905,100049.76,8.051274e-05,2.811352
2010-05-27 12:00:00,21.484009,13.242859,146.67003,99988.43,8.2427585e-05,1.7872069
2010-05-28 12:00:00,16.405151,7.904724,362.02557,100642.62,0.0,1.1830497
2010-05-29 12:00:00,20.453186,10.705505,243.49385,100801.8,6.7887495e-06,2.0870197
2010-05-30 12:00:00,21.022339,12.66803,296.7675,101262.27,3.7342204e-06,1.0471665
2010-05-31 12:00:00,21.064636,11.694641,357.8994,101962.945,1.8965086e-08,1.0885795
2010-06-01 12:00:00,26.757294,16.76178,187.94855,101622.42,6.065292e-07,2.8724895
2010-06-02 12:00:00,28.068817,20.266907,291.87628,101399.13,0.00016620386,1.951483
2010-06-03 12:00:00,23.258698,17.505493,233.0933,101340.875,6.11672e-05,1.7432077
2010-06-04 12:00:00,18.23822,11.670258,358.18503,101684.73,4.878724e-07,1.9168874
2010-06-05 12:00:00,20.021576,12.381775,344.7921,101642.13,0.0,1.4195964
2010-06-06 12:00:00,21.595825,11.8619995,348.30795,101338.26,2.72416e-07,2.4235046
2010-06-07 12:00:00,25.485718,18.296448,321.82416,100439.7,0.00015548286,2.4697669
2010-06-08 12:00:00,22.28357,11.324982,370.95273,101625.53,0.0,1.5751147
2010-06-09 12:00:00,26.44571,12.664124,177.3945,101182.85,0.000112972506,1.9913448
2010-06-10 12:00:00,26.973785,18.033875,350.17957,101267.32,0.0,2.0061233
2010-06-11 12:00:00,31.7435,19.272827,287.6324,101316.36,7.1108756e-05,1.3142157
2010-06-12 12:00:00,31.201447,20.198761,333.6085,101191.53,4.5558456e-05,0.99804914
2010-06-13 12:00:00,27.473022,19.908508,323.10422,101352.04,7.2190654e-05,1.9516947
2010-06-14 12:00:00,25.819244,21.0867,269.09036,101935.06,6.973244e-07,2.267243
2010-06-15 12:00:00,25.24118,19.69046,271.70947,102033.94,8.588442e-06,1.8701298
2010-06-16 12:00:00,31.484406,21.282867,275.44177,101748.35,0.0,2.710341
2010-06-17 12:00:00,33.472565,24.357788,229.11456,101520.35,6.6037796e-06,2.856812
2010-06-18 12:00:00,31.068573,21.681122,354.9055,101258.63,6.0992284e-06,2.7494516
2010-06-19 12:00:00,32.23758,19.621704,314.93436,101159.44,0.0,1.9558593
2010-06-20 12:00:00,33.151672,23.817749,224.23636,100340.81,8.362974e-05,3.0654662
2010-06-21 12:00:00,23.865326,19.217346,96.65109,100617.74,0.00065546035,4.340567
2010-06-22 12:00:00,22.662476,15.390778,354.58954,101382.24,0.0,3.219591
2010-06-23 12:00:00,22.531555,16.078522,340.48724,101474.586,0.0,2.588841
2010-06-24 12:00:00,27.16455,17.544922,342.18442,101098.84,1.9433833e-06,0.67367405
2010-06-25 12:00:00,27.410522,19.148254,309.44473,100642.664,1.0517391e-05,2.1429255
2010-06-26 12:00:00,26.715363,19.307007,322.35452,100509.57,7.16646e-08,1.8496363
2010-06-27 12:00:00,28.42398,17.30951,327.52713,101371.61,0.0,0.77564365
2010-06-28 12:00:00,26.77829,21.188751,106.808815,101165.086,0.00017929632,2.3487623
2010-06-29 12:00:00,23.871185,17.91861,292.58313,100891.46,0.0002588489,1.8967489
2010-06-30 12:00:00,24.020172,16.689636,302.72128,101340.01,1.1178349e-08,1.3079646
2010-07-01 12:00:00,26.330872,17.554626,347.74063,101482.664,0.0,1.401168
2010-07-02 12:00:00,27.790192,18.36969,322.6335,101731.31,0.0,2.367367
2010-07-03 12:00:00,29.663483,21.288757,350.1899,101675.86,1.7248064e-07,1.3502753
2010-07-04 12:00:00,30.500183,19.90271,352.4021,101940.81,0.0,0.40190095
2010-07-05 12:00:00,33.653107,20.629852,348.29343,101802.37,0.0,1.9516501
2010-07-06 12:00:00,34.315735,24.353119,255.87187,101644.516,0.0,2.917021
2010-07-07 12:00:00,35.834076,25.990692,318.68103,101402.516,2.1527901e-05,2.9679341
2010-07-08 12:00:00,33.355713,23.871002,238.53178,101261.625,0.00012244222,1.2209761
2010-07-09 12:00:00,28.012146,22.639832,205.44884,101159.04,0.00042980717,0.5334009
2010-07-10 12:00:00,30.03186,24.056183,271.40662,100880.41,3.4864354e-06,1.0126066
2010-07-11 12:00:00,32.888824,24.184174,336.84335,100954.65,3.449836e-06,0.79464495
2010-07-12 12:00:00,30.506866,24.28711,266.48526,101641.29,3.6115896e-05,1.6914307
2010-07-13 12:00:00,29.075775,23.367096,212.57864,101533.27,1.7378248e-06,1.2716056
2010-07-14 12:00:00,28.814087,23.37616,242.46767,101156.87,4.1973646e-05,0.2666396
2010-07-15 12:00:00,25.692505,21.726135,133.65784,101157.96,0.00020926075,1.6078292
2010-07-16 12:00:00,29.59665,22.197418,233.222,101038.914,9.607561e-07,1.8349817
2010-07-17 12:00:00,29.098846,23.274933,261.99457,100750.9,1.11992695e-05,1.0203807
2010-07-18 12:00:00,27.012848,20.811127,159.99089,100721.15,0.0004587187,1.3073561
2010-07-19 12:00:00,25.721527,20.057465,274.69424,100907.336,1.0744552e-05,2.332965
2010-07-20 12:00:00,25.17041,16.571564,342.0967,101469.78,0.0,1.6849762
2010-07-21 12:00:00,27.255829,17.988068,337.50092,101533.94,0.0,1.1803781
2010-07-22 12:00:00,24.49173,19.806335,131.50085,101249.34,2.5718959e-05,3.0414534
2010-07-23 12:00:00,30.097809,19.813019,326.17313,101013.94,3.093215e-06,1.662434
2010-07-24 12:00:00,30.334015,20.975952,305.2006,101346.59,1.399135e-06,0.9067699
2010-07-25 12:00:00,33.788666,23.522919,284.00375,100880.82,0.0,1.4362739
2010-07-26 12:00:00,29.75946,23.303253,307.3651,101139.695,1.7838092e-05,1.3262883
2010-07-27 12:00:00,26.602417,22.280853,143.52727,101417.4,3.5090976e-05,1.3858674
2010-07-28 12:00:00,24.531647,22.371765,67.30232,101424.63,0.00022443951,2.7726681
2010-07-29 12:00:00,27.916931,22.303192,201.77377,101416.85,6.138985e-06,1.2327282
2010-07-30 12:00:00,27.050598,23.030487,148.92625,101463.78,9.161291e-05,1.9927055
2010-07-31 12:00:00,24.85965,21.514252,54.707314,101544.875,0.0013008479,2.7741141
2010-08-01 12:00:00,24.881165,22.515778,71.9266,101930.805,0.00026279615,3.6170657
2010-08-02 12:00:00,26.637482,23.128937,163.31963,102136.92,7.6982525e-07,3.9606159
2010-08-03 12:00:00,26.813385,22.363922,167.70451,101755.92,0.00015892551,2.8356917
2010-08-04 12:00:00,24.849274,18.908081,324.6446,101579.09,0.0,1.7632725
2010-08-05 12:00:00,24.81366,18.654999,311.9976,101492.55,0.0,2.1353083
2010-08-06 12:00:00,23.054382,18.99582,155.71745,101287.0,3.4935056e-07,1.7526865
2010-08-07 12:00:00,27.2406,19.146576,220.21721,100835.44,2.4833826e-05,1.302961
2010-08-08 12:00:00,26.118073,21.355438,165.62924,100619.234,0.00029441647,0.98216563
2010-08-09 12:00:00,25.990662,20.115479,311.71356,101249.53,2.6808944e-05,2.7086167
2010-08-10 12:00:00,26.619263,18.618591,301.5796,101387.984,0.0,0.9854921
2010-08-11 12:00:00,29.04721,18.697968,311.0564,101197.11,0.0,1.6792854
2010-08-12 12:00:00,30.06369,19.873413,307.69424,100777.5,0.0,2.9034815
2010-08-13 12:00:00,31.934998,23.17926,253.26534,100377.66,5.630924e-05,2.4027796
2010-08-14 12:00:00,26.372559,20.330017,73.97793,100508.336,0.00017085014,0.99039084
2010-08-15 12:00:00,23.99646,17.884827,280.55597,100777.44,7.817635e-06,2.6426404
2010-08-16 12:00:00,23.44983,16.12735,284.58246,101097.38,4.127188e-08,1.7527114
2010-08-17 12:00:00,23.747742,14.4244995,292.7765,101108.97,1.9273982e-07,2.4822235
2010-08-18 12:00:00,25.465057,15.0920105,265.6734,101100.914,0.0,2.7440553
2010-08-19 12:00:00,25.125,15.908203,302.49387,101234.84,1.4786117e-06,1.9608433
2010-08-20 12:00:00,26.988922,17.381744,258.98126,101341.945,0.0,1.6820195
2010-08-21 12:00:00,27.043457,17.263275,296.06555,101373.305,4.006436e-06,1.9603164
2010-08-22 12:00:00,27.453156,15.359283,274.62735,101560.61,2.2875936e-06,1.6829727
2010-08-23 12:00:00,29.586487,17.240662,290.27948,101346.94,0.0,2.3639596
2010-08-24 12:00:00,27.519989,18.364594,129.07649,100870.305,0.00010503871,1.0527611
2010-08-25 12:00:00,27.34079,18.800354,289.957,101201.93,0.00011094686,1.9199533
2010-08-26 12:00:00,27.794495,17.66571,235.65247,101529.08,0.0,1.9425244
2010-08-27 12:00:00,29.588745,21.596252,215.22592,101054.05,8.820149e-05,2.522272
2010-08-28 12:00:00,25.473297,19.77884,205.40028,101031.42,3.656503e-06,1.0334616
2010-08-29 12:00:00,27.5,19.740356,278.0348,101316.945,4.626872e-05,1.2361714
2010-08-30 12:00:00,27.953125,19.730835,270.66187,101501.734,8.766105e-07,0.5654257
2010-08-31 12:00:00,31.088715,20.039429,277.19244,101333.8,0.0,2.2185113
2010-09-01 12:00:00,27.119446,20.45816,171.5857,101684.11,0.0,0.57330906
2010-09-02 12:00:00,32.716095,20.83194,269.47342,101431.36,0.0,3.017202
2010-09-03 12:00:00,30.126373,22.18695,203.78421,101431.93,1.6747388e-05,0.6184494
2010-09-04 12:00:00,24.504364,15.651733,276.33975,101920.055,0.0,2.8690526
2010-09-05 12:00:00,26.127258,14.664856,273.03867,101987.44,0.0,0.66740185
2010-09-06 12:00:00,28.89154,15.576996,270.2658,101649.89,0.0,2.7331254
2010-09-07 12:00:00,31.802338,20.013885,252.11984,101446.17,1.8763125e-06,2.2287595
2010-09-08 12:00:00,31.658783,20.494293,225.27545,101595.4,6.314478e-05,1.1338563
2010-09-09 12:00:00,27.735474,21.060944,146.7987,101546.44,4.2682135e-05,1.5444605
2010-09-10 12:00:00,30.776154,21.567474,219.57956,101100.445,2.2799686e-06,2.2089512
2010-09-11 12:00:00,26.150116,18.014954,259.70804,101328.984,9.160851e-06,2.786263
2010-09-12 12:00:00,26.536133,15.654633,256.74036,101493.27,0.0,0.66583425
2010-09-13 12:00:00,27.45456,17.809875,144.5883,101321.29,1.5996869e-07,2.858425
2010-09-14 12:00:00,28.387054,21.221954,208.95995,100789.41,0.00010440454,3.3309803
2010-09-15 12:00:00,27.555206,21.807678,247.58383,100719.54,0.0,2.7097397
2010-09-16 12:00:00,27.615997,17.781555,238.26562,100965.664,0.0,1.1293714
2010-09-17 12:00:00,29.540619,21.227722,240.64085,100614.46,2.173903e-05,2.9106228
2010-09-18 12:00:00,26.603027,18.452942,247.47295,100855.84,0.0,4.0787506
2010-09-19 12:00:00,22.454437,10.883392,247.8202,101461.35,0.0,2.1664708
2010-09-20 12:00:00,24.749207,11.505096,242.41447,101206.836,0.0,2.1453555
2010-09-21 12:00:00,25.69516,13.031067,240.5135,101289.086,0.0,1.8453221
2010-09-22 12:00:00,26.717987,13.08551,233.09555,101721.95,0.0,1.2837005
2010-09-23 12:00:00,23.557312,16.053741,99.36092,102060.234,5.0953936e-06,1.7669668
2010-09-24 12:00:00,30.170929,21.362549,199.53578,102048.445,2.9842287e-05,1.0789558
2010-09-25 12:00:00,31.531036,21.298828,221.25792,101957.55,6.8737607e-09,1.5010697
2010-09-26 12:00:00,30.227448,20.650482,213.67319,101947.2,9.053373e-06,0.61985254
2010-09-27 12:00:00,29.60553,19.03894,215.75397,101671.92,5.462897e-07,1.9296767
2010-09-28 12:00:00,29.840607,20.25,198.85179,100981.29,5.281128e-05,2.377397
2010-09-29 12:00:00,24.286469,14.0243225,31.89129,100760.58,0.0005194704,3.732664
2010-09-30 12:00:00,16.624542,13.349335,95.99305,101372.055,5.376055e-06,4.407256
2010-10-01 12:00:00,17.545227,11.555786,201.83269,101971.055,1.6365765e-06,2.9960487
2010-10-02 12:00:00,17.760101,11.724396,218.12321,102393.45,1.4684146e-07,1.9495456
2010-10-03 12:00:00,19.836945,11.141388,190.60002,102263.58,0.0,0.7663026
2010-10-04 12:00:00,20.887726,15.36261,105.81699,102101.27,0.0,1.7199404
2010-10-05 12:00:00,22.01825,14.165222,156.0372,101862.17,6.596952e-07,1.6591252
2010-10-06 12:00:00,24.258423,18.416748,130.38028,101185.625,4.4158063e-05,2.6746607
2010-10-07 12:00:00,22.959473,16.605194,201.04037,101173.55,9.388124e-07,1.0233744
2010-10-08 12:00:00,21.54895,15.085388,197.05185,101114.664,2.2085997e-05,1.0583625
2010-10-09 12:00:00,19.919617,12.964111,201.48712,101886.15,4.6940304e-08,3.3153033
2010-10-10 12:00:00,19.742065,8.984009,197.10536,102402.44,0.0,1.4239014
2010-10-11 12:00:00,23.239044,12.202515,159.99548,101609.98,0.0,3.1826265
2010-10-12 12:00:00,26.226624,16.658844,183.28613,100999.76,0.0,3.058879
2010-10-13 12:00:00,22.972107,12.983917,51.686504,101483.35,6.788881e-05,3.279905
2010-10-14 12:00:00,21.489319,15.291443,101.73409,101530.43,2.9516254e-05,0.15910073
2010-10-15 12:00:00,26.109009,19.623352,105.63349,101263.68,3.0917445e-07,3.2614362
2010-10-16 12:00:00,24.659851,20.08432,60.941204,101634.16,1.3059903e-07,1.5848745
2010-10-17 12:00:00,20.03305,16.284454,36.337383,101767.81,0.0004130866,3.037813
2010-10-18 12:00:00,21.777771,17.619904,73.76783,101232.016,0.00047486616,1.2961991
2010-10-19 12:00:00,21.409882,15.579254,170.49057,101317.07,2.2496517e-06,2.2446437
2010-10-20 12:00:00,18.468018,13.813385,173.87848,101592.4,0.0,2.5208492
2010-10-21 12:00:00,17.209717,10.527344,133.48155,101637.62,4.125717e-07,1.6879348
2010-10-22 12:00:00,18.122162,13.255371,166.8173,101258.48,5.215185e-07,2.1241696
2010-10-23 12:00:00,15.063293,10.021698,68.945366,102150.34,1.1625331e-08,1.3327537
2010-10-24 12:00:00,19.492096,12.952759,42.73166,101615.28,4.4583547e-05,0.9580992
2010-10-25 12:00:00,20.260284,16.40741,50.043926,100665.86,0.00041057484,2.15972
2010-10-26 12:00:00,16.448242,10.222565,153.89142,100885.26,1.2297526e-05,4.302107
2010-10-27 12:00:00,14.677551,7.917511,163.00713,101811.23,5.2812283e-08,3.7871993
2010-10-28 12:00:00,16.892456,7.8096924,145.48816,101692.03,0.0,3.064125
2010-10-29 12:00:00,15.469116,10.738556,150.08109,101384.84,6.9846783e-07,2.3626652
2010-10-30 12:00:00,11.043121,6.4051514,157.13144,102045.84,0.0,2.9782314
2010-10-31 12:00:00,8.1927185,2.9992065,128.2024,102623.17,4.4656687e-08,2.704259
2010-11-01 12:00:00,11.328918,4.7286377,36.958057,102237.2,0.00016927606,2.6472623
2010-11-02 12:00:00,12.0078125,8.732697,56.763756,102017.64,9.186402e-05,3.8527136
2010-11-03 12:00:00,14.217651,9.329498,52.06485,102280.43,4.1160132e-05,3.0633748
2010-11-04 12:00:00,19.572845,14.108093,65.72992,101274.875,0.00021618478,2.0643163
2010-11-05 12:00:00,17.150513,11.95108,139.29518,101167.96,8.371777e-07,3.2145078
2010-11-06 12:00:00,12.051636,2.8781128,135.27339,101603.28,2.2187332e-06,3.6051743
2010-11-07 12:00:00,4.586273,-0.863739,135.54326,101625.96,1.41750585e-08,3.267891
2010-11-08 12:00:00,4.8835144,-1.9959717,142.3581,101214.23,1.81826e-08,2.1230466
2010-11-09 12:00:00,10.104401,-0.29882812,86.01994,100753.61,3.1497893e-05,1.8450758
2010-11-10 12:00:00,13.31723,3.878296,135.24922,101858.75,5.8493776e-10,1.3092089
2010-11-11 12:00:00,15.367554,5.065033,50.232,102619.14,9.6440035e-06,0.43443024
2010-11-12 12:00:00,13.030609,6.880768,125.18173,102702.49,6.1039924e-07,1.7796133
2010-11-13 12:00:00,14.266846,8.683075,26.246431,102706.05,2.0785501e-05,1.9998285
2010-11-14 12:00:00,19.457489,14.143951,46.885307,101885.87,3.1478856e-05,4.3143516
2010-11-15 12:00:00,19.720734,13.77356,17.23415,100353.58,0.00085297925,3.2211943
2010-11-16 12:00:00,13.836609,11.045593,28.29266,100578.25,9.376679e-05,4.376282
2010-11-17 12:00:00,19.179688,10.942322,42.622353,100826.13,0.0005173362,3.9593174
2010-11-18 12:00:00,18.669647,12.46402,35.433094,101175.66,0.00023684367,3.8272066
2010-11-19 12:00:00,14.142059,9.7883,103.984,101636.555,5.1540036e-07,1.7234993
2010-11-20 12:00:00,12.893433,8.738525,118.41721,101539.32,0.0,3.167833
2010-11-21 12:00:00,12.405823,7.497986,42.701748,100828.164,2.3423859e-06,2.2973378
2010-11-22 12:00:00,11.489624,5.3028564,111.37119,99972.06,0.00011257213,3.8263123
2010-11-23 12:00:00,6.821228,1.6188049,118.38352,101262.17,1.5338627e-07,2.843569
2010-11-24 12:00:00,6.600067,4.3786316,81.50367,100721.13,7.6710414e-08,3.7306237
2010-11-25 12:00:00,5.567993,-0.0067443848,117.03783,100767.92,2.0183881e-09,3.1558604
2010-11-26 12:00:00,4.6534424,1.5730896,81.215935,101066.46,0.0,2.5260897
2010-11-27 12:00:00,3.022522,-1.204834,117.277016,102221.05,5.7770584e-09,3.4326668
2010-11-28 12:00:00,2.8943176,-0.36184692,29.422853,102487.19,0.00010957736,1.231137
2010-11-29 12:00:00,3.937378,0.18243408,111.67441,101806.086,0.00016151587,4.3025827
2010-11-30 12:00:00,4.4253235,-5.381653,98.250145,101901.36,6.763172e-06,2.5854647
2010-12-01 12:00:00,3.8353577,-7.6308594,112.54712,102330.36,0.0,1.4848869
2010-12-02 12:00:00,8.163269,-3.389923,26.993948,101441.9,0.00038746747,2.729281
2010-12-03 12:00:00,10.343842,4.625244,106.204384,100823.96,7.593364e-05,6.0382714
2010-12-04 12:00:00,8.238739,1.7397766,107.80006,102305.96,0.0,3.5858881
2010-12-05 12:00:00,8.317505,-2.434204,99.62388,102186.46,1.5737642e-08,2.0671406
2010-12-06 12:00:00,8.038727,4.373169,58.669365,101115.68,9.427739e-08,2.0266373
2010-12-07 12:00:00,7.8776855,0.79748535,105.947075,101626.555,0.0,2.8968127
2010-12-08 12:00:00,8.164001,-0.019165039,47.17907,102117.99,2.9330322e-06,1.9069571
2010-12-09 12:00:00,16.091522,6.130615,17.65463,101273.27,0.00012980551,1.1891234
2010-12-10 12:00:00,19.32309,14.706421,19.818409,99764.28,0.00018767081,4.545225
2010-12-11 12:00:00,14.470062,2.8682556,90.7749,100541.25,0.0,4.697991
2010-12-12 12:00:00,4.225586,-1.0482178,78.09632,101859.54,0.0,1.9434187
2010-12-13 12:00:00,5.118622,-0.5829773,97.76666,101229.92,5.633129e-08,2.0321298
2010-12-14 12:00:00,5.075012,-1.1758118,91.68896,101377.28,0.0,2.7657502
2010-12-15 12:00:00,9.279083,0.3097229,48.827454,101232.67,0.0,2.571898
2010-12-16 12:00:00,6.522003,2.2941895,103.42656,101767.805,0.0,4.0418324
2010-12-17 12:00:00,4.1882324,-1.1848145,82.999626,102612.484,4.739613e-10,2.3516426
2010-12-18 12:00:00,11.145813,1.3348389,9.454427,101649.16,0.00044403152,1.2720412
2010-12-19 12:00:00,13.55481,4.2220154,54.026108,100153.62,4.114207e-05,2.6724565
2010-12-20 12:00:00,4.1247864,-0.30474854,102.751366,100729.805,6.0485036e-07,6.6929235
2010-12-21 12:00:00,3.2236328,-0.62786865,102.18186,102119.36,1.0928059e-08,3.728015
2010-12-22 12:00:00,5.5336304,-1.3364258,76.07576,102983.586,1.5754627e-07,0.9035293
2010-12-23 12:00:00,15.332611,4.882141,63.434288,100873.23,0.0005866854,2.7627206
2010-12-24 12:00:00,9.335175,3.3427734,100.735825,101735.13,0.0,3.0774834
2010-12-25 12:00:00,5.84729,1.6121216,34.79155,102097.48,2.8811844e-05,1.9387769
2010-12-26 12:00:00,7.7275085,4.7542725,26.812584,101738.85,0.0001328,3.0862935
2010-12-27 12:00:00,12.121948,7.7727356,11.884449,100537.18,0.00046688766,3.3023646
2010-12-28 12:00:00,9.986938,4.8637085,104.225975,100711.19,2.093e-05,4.547863
2010-12-29 12:00:00,7.312256,0.9265137,102.38876,101914.08,0.0,2.346797
2010-12-30 12:00:00,9.227173,1.1914062,49.44036,101519.52,9.592216e-05,0.8292162
2010-12-31 12:00:00,16.984497,9.130493,20.169846,99850.09,0.00052452605,4.26717
2011-01-01 12:00:00,15.039856,3.8283691,101.90269,100818.2,8.659332e-08,3.2450962
2011-01-02 12:00:00,8.463593,-1.3876038,96.49018,101529.4,5.8038623e-08,0.92393816
2011-01-03 12:00:00,7.4845886,4.65036,22.159073,100477.984,4.0329345e-05,1.9477094
2011-01-04 12:00:00,4.6714783,-1.9912415,106.0575,99996.42,7.7238695e-07,3.2908764
2011-01-05 12:00:00,1.3570251,-1.1243591,104.75999,100763.29,1.8999787e-08,4.204776
2011-01-06 12:00:00,3.870697,-3.0559998,103.70667,101502.54,0.0,2.9911628
2011-01-07 12:00:00,4.9229736,-1.027771,109.84278,100899.92,3.6336763e-07,4.822158
2011-01-08 12:00:00,-1.1036682,-3.6896667,100.42211,101700.54,1.498318e-06,3.7237937
2011-01-09 12:00:00,-2.91568,-8.38681,113.94557,102702.17,1.9275897e-06,4.663593
2011-01-10 12:00:00,2.6705017,-9.252228,65.922874,102454.586,7.563446e-06,1.929807
2011-01-11 12:00:00,6.65802,-0.36941528,22.486477,100226.44,0.00027681285,7.3862247
2011-01-12 12:00:00,7.675415,-0.15084839,36.383205,98718.96,0.00028277648,3.3432903
2011-01-13 12:00:00,2.8415222,-5.2301636,113.36239,100786.33,1.3460894e-06,2.4785314
2011-01-14 12:00:00,10.514648,-4.01593,101.47513,101505.47,0.0,1.9952236
2011-01-15 12:00:00,14.857941,4.9616394,44.54264,101048.16,0.00024506025,4.611328
2011-01-16 12:00:00,15.514984,-1.2119446,24.708303,98912.51,0.0005788236,3.689603
2011-01-17 12:00:00,-1.4883423,-3.4639587,115.380325,101094.86,3.8639092e-07,6.0134406
2011-01-18 12:00:00,4.5954285,-2.388733,73.87046,101845.17,9.908321e-06,3.41836
2011-01-19 12:00:00,3.6391296,-1.0147705,122.38506,102495.67,5.3338102e-08,3.665614
2011-01-20 12:00:00,1.5367737,-3.651703,125.62406,102830.92,0.0,2.8535883
2011-01-21 12:00:00,3.518982,-2.0832214,124.41644,102788.766,0.0,2.4405367
2011-01-22 12:00:00,5.717285,-2.0775757,101.982635,102510.96,5.2990683e-09,3.068683
2011-01-23 12:00:00,7.9810486,0.9116211,90.46522,101734.305,0.0,1.5143636
2011-01-24 12:00:00,12.82428,3.4906616,8.971066,99945.95,0.00054110243,4.3613806
2011-01-25 12:00:00,12.644989,6.997528,54.192684,98878.195,6.364875e-05,2.8605075
2011-01-26 12:00:00,10.404205,5.4109497,94.93575,99295.54,5.4477578e-06,2.586783
2011-01-27 12:00:00,7.7333984,0.6557007,128.55019,100115.56,0.0,3.0458431
2011-01-28 12:00:00,3.2790833,-1.9770813,135.76738,101173.05,5.6674903e-08,3.66645
2011-01-29 12:00:00,3.6689148,-2.164734,138.62251,101680.73,0.0,2.8962812
2011-01-30 12:00:00,4.111206,-2.0872498,140.44101,101482.44,0.0,3.1151688
2011-01-31 12:00:00,6.8854065,-0.40420532,126.05969,100737.08,1.3888906e-08,2.7010438
2011-02-01 12:00:00,3.36792,-3.306427,109.781555,100160.14,2.7407052e-07,4.6179204
2011-02-02 12:00:00,-0.13937378,-3.667572,147.48569,100304.66,0.0,5.5407386
2011-02-03 12:00:00,-1.6734924,-6.5572205,149.32114,100417.9,0.0,4.1244125
2011-02-04 12:00:00,1.0298767,-5.486084,87.29806,100429.445,2.9075939e-06,3.0664892
2011-02-05 12:00:00,1.476654,-7.575012,150.9422,101038.67,0.0,3.2322762
2011-02-06 12:00:00,3.0737305,-9.095734,153.94418,101638.086,0.0,1.9307554
2011-02-07 12:00:00,5.9404297,-6.395508,150.11635,101572.18,0.0,1.966148
2011-02-08 12:00:00,6.2318726,-1.5102844,156.80142,101652.27,0.0,3.9530814
2011-02-09 12:00:00,6.8057556,-4.2046814,160.11165,101727.01,0.0,2.8852942
2011-02-10 12:00:00,6.055542,-3.7632446,151.04985,101827.734,0.0,0.6184006
2011-02-11 12:00:00,6.275299,-0.22976685,18.86642,98994.58,0.00051983277,6.4112263
2011-02-12 12:00:00,4.570801,0.9825134,157.73248,99283.36,2.750765e-05,4.824834
2011-02-13 12:00:00,1.8505859,-4.996643,111.78938,100215.57,1.3498252e-05,3.5737975
2011-02-14 12:00:00,-2.3236084,-8.459106,153.90685,101106.7,9.50083e-07,4.9478984
2011-02-15 12:00:00,3.9597168,-3.628296,171.40076,101311.47,0.0,4.261849
2011-02-16 12:00:00,6.0150146,-3.392395,113.95516,100750.28,0.0,2.8154643
2011-02-17 12:00:00,4.2943115,-1.9275818,165.72942,100746.055,2.9402659e-06,2.5450664
2011-02-18 12:00:00,9.556519,-7.7227783,174.81384,101854.96,0.0,2.312683
2011-02-19 12:00:00,7.265625,3.4880676,178.06612,101150.83,7.6076866e-08,4.5553503
2011-02-20 12:00:00,8.469971,-0.99490356,174.84901,101988.336,0.0,2.4654093
2011-02-21 12:00:00,14.118195,3.4302979,177.9743,101906.305,0.0,2.8436463
2011-02-22 12:00:00,14.765686,6.1562805,27.68262,101034.086,0.00023027604,4.764439
2011-02-23 12:00:00,17.871979,13.263031,50.718674,98672.9,0.0005397208,5.8464155
2011-02-24 12:00:00,14.4149475,-6.3002014,114.17834,98496.07,7.112846e-05,4.7690086
2011-02-25 12:00:00,-1.9532471,-8.474915,197.54211,100968.625,1.46879e-05,5.436881
2011-02-26 12:00:00,5.623535,-4.7901,193.98515,101779.06,1.6128299e-08,3.3048508
2011-02-27 12:00:00,11.499176,-1.9471436,185.28229,102066.44,0.0,1.498903
2011-02-28 12:00:00,15.073822,6.282654,167.7641,101447.484,0.0,2.5623503
2011-03-01 12:00:00,15.657806,4.349762,111.84902,101156.016,2.5887427e-06,1.8820733
2011-03-02 12:00:00,16.31247,11.840454,38.56197,99280.516,0.00034784758,5.611499
2011-03-03 12:00:00,11.654572,-0.9857483,210.03082,99748.79,0.0,4.080391
2011-03-04 12:00:00,0.120513916,-5.1278687,148.46686,100230.93,2.0951724e-07,5.1904287
2011-03-05 12:00:00,0.94628906,-3.2182922,217.54913,101395.695,0.0,3.1836886
2011-03-06 12:00:00,4.532959,-2.3919678,181.74268,101998.805,1.8795454e-05,1.7720089
2011-03-07 12:00:00,2.8214417,0.6323242,59.87538,99865.61,0.0006837584,4.733253
2011-03-08 12:00:00,4.680603,1.3405151,196.44278,99900.34,4.9309774e-06,5.6891317
2011-03-09 12:00:00,7.1571045,-3.6684875,218.6243,101283.25,0.0,3.3387485
2011-03-10 12:00:00,9.145935,0.20162964,187.19884,101543.68,9.284162e-08,0.5162819
2011-03-11 12:00:00,4.152466,0.6538696,68.08647,102162.09,3.5173176e-05,3.7217958
2011-03-12 12:00:00,4.223236,1.4550781,44.969284,101802.68,0.00022973894,4.585677
2011-03-13 12:00:00,7.2297363,2.0409546,150.75102,102927.09,1.2807709e-05,3.6663737
2011-03-14 12:00:00,12.083527,3.8709106,100.13705,102566.59,4.3197456e-06,2.1603963
2011-03-15 12:00:00,13.891235,6.581665,34.024216,101510.42,0.00018220158,2.3769424
2011-03-16 12:00:00,17.846893,11.869629,176.00845,100287.41,0.0004884931,1.2521669
2011-03-17 12:00:00,13.692688,8.214844,216.10944,100843.234,7.3835427e-06,3.695137
2011-03-18 12:00:00,13.643646,5.9179688,214.69044,101233.42,0.0,2.862149
2011-03-19 12:00:00,14.194153,4.2525635,208.18222,101240.38,6.106865e-05,1.4848284
2011-03-20 12:00:00,10.216309,3.5959167,246.80907,101172.96,2.7666767e-05,3.1141806
2011-03-21 12:00:00,8.270081,-1.0247803,255.22592,101351.96,0.0,3.358805
2011-03-22 12:00:00,6.266083,0.18234253,251.01271,101620.35,3.2411872e-08,2.5368512
2011-03-23 12:00:00,3.2096252,-2.4818115,261.99265,102806.375,0.0,2.6681452
2011-03-24 12:00:00,8.884247,-0.8312988,242.74016,102949.75,1.9213765e-07,2.4212844
2011-03-25 12:00:00,12.745056,5.3890076,43.732864,102608.55,7.272048e-05,4.463365
2011-03-26 12:00:00,15.229187,12.564178,27.325352,101513.66,0.0003664697,6.5263243
2011-03-27 12:00:00,16.338867,13.371002,74.082726,100658.81,6.644686e-05,1.8355408
2011-03-28 12:00:00,16.876068,10.520325,145.5156,100205.12,7.592235e-05,1.6851962
2011-03-29 12:00:00,15.466492,10.41272,224.74518,100525.18,7.936783e-08,1.6992171
2011-03-30 12:00:00,16.867157,10.435486,154.88141,100343.95,0.0001544503,2.516372
2011-03-31 12:00:00,13.5043335,8.422974,265.27475,100784.03,1.0647531e-08,2.8452601
2011-04-01 12:00:00,15.509155,5.7738037,269.6377,101450.445,0.0,2.0958338
2011-04-02 12:00:00,20.21289,7.625244,265.34003,101174.08,0.0,2.1415815
2011-04-03 12:00:00,16.365479,7.075897,219.24393,101769.44,1.3382116e-05,3.0682366
2011-04-04 12:00:00,9.882965,3.0021973,249.47559,102217.37,0.0,2.3536792
2011-04-05 12:00:00,12.020813,6.6790466,91.489685,101818.64,1.9498202e-06,2.9390907
2011-04-06 12:00:00,14.931122,10.80191,68.604355,101603.95,4.1874522e-05,3.106385
2011-04-07 12:00:00,14.600067,12.505981,63.401253,101330.03,6.8829526e-05,2.2704716
2011-04-08 12:00:00,15.203949,12.814819,55.868362,100574.97,0.00031063837,5.332656
2011-04-09 12:00:00,17.658539,11.9218445,263.3963,99903.75,0.0001946603,0.99487764
2011-04-10 12:00:00,14.947601,12.3072815,70.17905,99965.375,0.00012506355,2.8644927
2011-04-11 12:00:00,17.19516,9.24942,292.6227,100521.37,2.1763774e-06,2.5112433
2011-04-12 12:00:00,18.648682,9.254028,198.09535,100737.33,8.39973e-05,0.23753649
2011-04-13 12:00:00,13.814178,7.6612854,99.368286,100334.58,2.7403683e-05,6.135582
2011-04-14 12:00:00,12.610718,7.3667297,157.48831,101070.875,3.0157282e-05,3.2017856
2011-04-15 12:00:00,11.674286,3.6885986,296.43436,101819.875,0.0,2.6838903
2011-04-16 12:00:00,11.156372,4.4812927,230.35114,101730.15,1.0129995e-05,3.2934995
2011-04-17 12:00:00,12.201874,9.226135,77.5645,100865.016,9.157563e-05,3.5218647
2011-04-18 12:00:00,18.324524,8.541779,245.6314,100171.16,1.0277177e-05,2.138692
2011-04-19 12:00:00,15.980835,6.9615784,308.08807,100615.49,0.0,1.6226249
2011-04-20 12:00:00,18.605194,10.434601,171.7545,100125.01,0.00012700987,0.28245872
2011-04-21 12:00:00,13.144531,5.628601,314.83286,101083.24,6.5201022e-09,4.381443
2011-04-22 12:00:00,11.806,2.1403503,315.77444,102392.055,0.0,2.025226
2011-04-23 12:00:00,15.57962,4.7194214,304.14633,102663.016,0.0,1.6561427
2011-04-24 12:00:00,18.363678,7.5713196,278.43228,102337.94,4.5195407e-08,2.3177934
2011-04-25 12:00:00,19.617157,9.45401,206.28139,102096.1,1.4672678e-05,2.5755916
2011-04-26 12:00:00,20.542511,13.005371,258.595,102007.64,2.7043852e-05,1.7432234
2011-04-27 12:00:00,18.860443,10.638214,323.15103,102089.42,3.8629602e-07,2.7144165
2011-04-28 12:00:00,18.241882,8.340057,330.06042,102113.664,0.0,2.4970238
2011-04-29 12:00:00,18.972382,6.894745,325.50546,102240.2,0.0,1.1083045
2011-04-30 12:00:00,19.974121,7.816223,323.49387,102054.87,0.0,2.524305
2011-05-01 12:00:00,22.55722,10.47641,270.86847,101907.59,4.9322093e-09,2.9709685
2011-05-02 12:00:00,23.388062,15.687256,250.3312,101887.27,5.323177e-06,2.664641
2011-05-03 12:00:00,21.401093,12.879791,275.07965,101380.35,0.0,2.2671478
2011-05-04 12:00:00,19.162292,15.527985,96.39697,99768.37,0.00015423876,4.3484187
2011-05-05 12:00:00,25.693542,16.034637,305.45636,99071.875,7.043686e-05,3.387694
2011-05-06 12:00:00,18.594208,11.568481,162.52023,100805.87,8.033401e-05,2.5215328
2011-05-07 12:00:00,18.36206,9.271332,163.30869,101798.16,1.737756e-05,2.1625826
2011-05-08 12:00:00,22.541687,17.45282,96.91862,101234.42,0.00013533252,4.4485345
2011-05-09 12:00:00,23.681885,17.964783,317.18365,101579.4,5.7370235e-05,2.2069283
2011-05-10 12:00:00,25.172302,14.271027,300.18814,101882.3,5.118595e-06,1.072415
2011-05-11 12:00:00,20.37439,14.136627,88.644516,102043.97,0.00020561613,3.5844083
2011-05-12 12:00:00,21.01062,16.421051,150.9632,101729.305,0.00040585376,1.1034389
2011-05-13 12:00:00,20.802368,17.551819,134.92046,101782.84,0.00012296795,1.4702343
2011-05-14 12:00:00,19.631592,16.280548,83.74336,102090.3,0.00026466514,1.1996182
2011-05-15 12:00:00,19.206299,16.924042,55.83142,102128.99,0.0003630205,4.3835325
2011-05-16 12:00:00,19.53714,18.12558,53.64158,102053.664,0.0011878018,6.9685183
2011-05-17 12:00:00,24.11557,18.105743,307.215,101700.86,2.0687312e-05,2.853835
2011-05-18 12:00:00,23.660126,16.20877,321.03543,101017.69,2.7046633e-08,3.0645428
2011-05-19 12:00:00,19.034027,10.683075,348.90558,101209.45,0.0,2.649089
2011-05-20 12:00:00,19.532837,9.865021,350.64175,101267.66,0.0,2.1024175
2011-05-21 12:00:00,22.952728,10.9888,348.65887,101010.26,0.0,2.0906575
2011-05-22 12:00:00,22.282135,11.781036,352.05447,101035.58,0.0,1.0513419
2011-05-23 12:00:00,26.322662,14.823578,302.66724,100698.01,0.0,3.18245
2011-05-24 12:00:00,26.697388,18.879883,294.99875,100415.336,0.0,4.7487006
2011-05-25 12:00:00,24.665009,18.391144,140.41168,100145.14,0.00014890765,4.1183786
2011-05-26 12:00:00,19.69455,12.096008,326.8495,100477.65,4.0847863e-05,2.565746
2011-05-27 12:00:00,19.224823,10.968567,309.7757,100865.08,2.2372452e-08,2.8624003
2011-05-28 12:00:00,17.164368,13.4843445,117.59473,100572.875,0.00040183688,3.629852
2011-05-29 12:00:00,19.622375,12.065155,211.28653,100754.305,0.00019165025,0.32941604
2011-05-30 12:00:00,15.632782,12.350006,79.32067,100282.336,0.0003340882,3.935848
2011-05-31 12:00:00,22.493225,12.969391,355.9239,100394.375,1.4474579e-05,4.1515584
2011-06-01 12:00:00,22.535065,11.50708,342.31354,101130.27,0.0,0.7670386
2011-06-02 12:00:00,26.891846,15.302612,258.96188,100917.14,0.0,2.5271504
2011-06-03 12:00:00,24.08368,17.993439,104.84519,101124.734,0.00011060213,1.3737224
2011-06-04 12:00:00,21.427002,15.824402,247.58527,101506.195,0.00017019836,2.7535014
2011-06-05 12:00:00,23.112518,16.286255,260.508,101510.96,4.6381727e-05,0.8415364
2011-06-06 12:00:00,23.463135,15.221252,353.8686,101922.39,0.0,0.9023331
2011-06-07 12:00:00,23.066742,16.276794,201.55507,101875.516,7.037497e-06,3.0060022
2011-06-08 12:00:00,24.499084,19.450806,218.70236,101446.055,0.00023206556,1.0842308
2011-06-09 12:00:00,22.852203,18.7677,53.149334,101811.266,0.0009980095,2.7843816
2011-06-10 12:00:00,21.635956,18.422699,93.65822,101920.02,0.00025048156,3.116791
2011-06-11 12:00:00,23.390045,20.078705,113.22214,101863.55,2.2094886e-05,0.8842353
2011-06-12 12:00:00,27.761536,19.82843,324.95834,101662.64,0.00013341803,0.9872231
2011-06-13 12:00:00,29.79245,20.567322,327.90332,101359.305,5.3158226e-05,0.6062684
2011-06-14 12:00:00,21.13678,16.159698,90.39407,101556.875,8.3077844e-05,3.8098965
2011-06-15 12:00:00,18.613739,12.756836,324.631,102274.05,4.062703e-07,3.680473
2011-06-16 12:00:00,21.130585,12.807495,362.67288,102532.164,0.0,1.3270655
2011-06-17 12:00:00,23.859283,13.371063,336.59436,102081.46,0.0,2.1383624
2011-06-18 12:00:00,26.328186,15.179047,282.84634,101202.68,2.0318976e-06,3.0275328
2011-06-19 12:00:00,28.39087,21.949371,309.97345,100529.57,9.349841e-06,2.1205223
2011-06-20 12:00:00,27.527191,20.7818,307.1022,100789.94,8.102338e-06,1.346342
2011-06-21 12:00:00,27.010925,16.99176,358.76514,101312.9,0.0,1.2268399
2011-06-22 12:00:00,32.89966,18.966827,345.91235,101154.96,0.0,2.8969295
2011-06-23 12:00:00,34.01468,24.381317,311.68253,100930.08,4.152733e-05,1.9970099
2011-06-24 12:00:00,31.043182,16.564941,219.42693,100827.16,0.00023080624,1.1943167
2011-06-25 12:00:00,21.849457,13.068939,367.78058,101853.21,3.5097768e-05,2.7842135
2011-06-26 12:00:00,24.816193,13.628296,356.63867,101959.055,0.0,0.48381633
2011-06-27 12:00:00,26.220398,15.621033,330.4461,101648.52,3.4618274e-08,2.363886
2011-06-28 12:00:00,25.994415,19.821686,194.12582,101322.47,2.8316123e-05,2.709554
2011-06-29 12:00:00,27.290222,22.167877,184.42223,100798.23,8.147089e-05,3.0685713
2011-06-30 12:00:00,29.805023,22.101196,253.799,100733.28,0.00012959591,1.5784975
2011-07-01 12:00:00,26.644745,18.89914,345.9971,101344.945,0.0,2.226369
2011-07-02 12:00:00,25.482788,16.42389,360.53943,101769.18,0.0,0.83495665
2011-07-03 12:00:00,30.2854,15.506592,356.6188,101127.9,0.0,1.734732
2011-07-04 12:00:00,33.73633,21.434479,324.1363,100805.484,4.298341e-07,3.0147264
2011-07-05 12:00:00,34.590515,26.489319,349.93796,100674.984,1.912792e-07,3.2787738
2011-07-06 12:00:00,31.77182,19.883179,344.33096,101432.6,0.0,1.7569156
2011-07-07 12:00:00,32.066956,24.210724,339.16086,101314.74,0.0,0.64669776
2011-07-08 12:00:00,29.205933,20.781403,67.60944,101682.96,0.00021315849,1.724337
2011-07-09 12:00:00,25.16336,20.75711,140.20273,101459.54,4.414861e-06,2.00214
2011-07-10 12:00:00,29.24115,22.134644,297.21097,100784.445,2.7828037e-05,1.6075026
2011-07-11 12:00:00,27.380493,20.439331,217.86894,101396.516,6.1184102e-09,0.87126404
2011-07-12 12:00:00,28.335938,19.764862,248.66655,101514.734,1.2521615e-06,1.7959474
2011-07-13 12:00:00,31.095306,20.84787,316.53906,101673.43,0.0,1.7241579
2011-07-14 12:00:00,29.589111,22.961853,178.00774,101684.43,3.6661952e-06,2.6948078
2011-07-15 12:00:00,34.66977,24.049622,311.987,101448.414,0.0,2.6923654
2011-07-16 12:00:00,32.64856,23.800354,184.05528,101247.445,0.00010958943,2.5111086
2011-07-17 12:00:00,26.298279,22.220428,225.79602,101038.72,0.00011675164,0.55462253
2011-07-18 12:00:00,25.115692,20.475647,318.7652,100934.805,1.5569382e-05,2.56846
2011-07-19 12:00:00,25.249939,15.140839,327.68158,101410.67,0.0,3.0166357
2011-07-20 12:00:00,26.467987,16.198914,294.68936,102007.01,0.0,2.03914
2011-07-21 12:00:00,28.40741,16.25708,345.40756,101718.055,0.0,1.1163819
2011-07-22 12:00:00,30.946411,16.693756,322.37476,101194.266,0.0,2.8308892
2011-07-23 12:00:00,30.305908,21.633545,252.14388,101019.57,3.1301355e-05,3.441371
2011-07-24 12:00:00,30.656647,22.713715,257.86884,100960.66,5.3412907e-05,2.1615868
2011-07-25 12:00:00,28.14746,20.880371,280.80414,100605.76,9.364908e-05,0.7863781
2011-07-26 12:00:00,32.36795,21.682098,326.43802,100995.4,1.1172965e-06,1.9461964
2011-07-27 12:00:00,30.733795,21.503448,147.05835,101384.56,0.0,1.3929935
2011-07-28 12:00:00,37.2005,24.62851,286.86493,101240.12,0.0,2.5576613
2011-07-29 12:00:00,34.04889,25.025024,243.5726,101145.05,0.000120084915,1.5468255
2011-07-30 12:00:00,28.60257,21.189331,314.5374,101676.55,1.7592066e-08,2.6553116
2011-07-31 12:00:00,28.20111,20.605469,298.50986,101948.85,0.0,1.2307074
2011-08-01 12:00:00,29.876343,18.261658,331.51114,101488.83,0.0,1.8891776
2011-08-02 12:00:00,30.797485,18.903748,291.8092,100727.16,0.0,2.442079
2011-08-03 12:00:00,31.331512,22.11618,277.6486,100491.734,7.96068e-05,2.9613202
2011-08-04 12:00:00,34.248016,23.478027,249.04982,100801.56,0.000103905,1.9704612
2011-08-05 12:00:00,33.46524,24.681671,294.47763,101051.02,2.8040044e-05,2.0121202
2011-08-06 12:00:00,33.569733,22.76062,309.07254,101226.37,2.5089561e-05,1.6127148
2011-08-07 12:00:00,33.667236,23.151672,308.64865,101357.125,0.0,1.5580881
2011-08-08 12:00:00,33.445496,22.720947,288.4796,101395.88,2.1091714e-06,1.7920948
2011-08-09 12:00:00,34.03775,23.771301,270.66135,101313.26,8.24921e-05,1.3878722
2011-08-10 12:00:00,29.639435,21.776611,287.3115,101405.875,0.00016163824,0.9192268
2011-08-11 12:00:00,30.92743,22.70752,278.979,101430.58,0.0,1.6687844
2011-08-12 12:00:00,33.473724,23.180481,256.88348,101260.055,0.0,2.6445966
2011-08-13 12:00:00,34.059326,25.793121,287.76483,101002.4,2.6304722e-06,1.4775563
2011-08-14 12:00:00,35.804108,23.394135,301.16248,100970.37,0.0,1.3581858
2011-08-15 12:00:00,37.09842,25.142517,268.2308,100889.0,3.0307325e-05,0.83140653
2011-08-16 12:00:00,30.67511,23.718323,251.48698,101244.49,6.3096663e-06,1.7255898
2011-08-17 12:00:00,33.108368,22.326935,294.88535,101338.2,0.0,1.6590493
2011-08-18 12:00:00,31.33844,23.350159,289.06866,101543.83,0.0,2.7656636
2011-08-19 12:00:00,32.37674,23.209137,247.25871,101549.44,1.945513e-06,2.9895523
2011-08-20 12:00:00,32.987732,23.833618,258.3275,101232.336,7.8430036e-05,2.9374487
2011-08-21 12:00:00,25.668945,21.780457,179.61148,101495.55,0.00031530266,2.0024357
2011-08-22 12:00:00,24.863739,19.64798,294.36487,101790.234,3.2701095e-08,1.6586684
2011-08-23 12:00:00,28.626892,18.0643,291.86896,101535.17,0.0,2.0476098
2011-08-24 12:00:00,31.527252,20.110779,289.3478,101475.72,0.0,1.9126137
2011-08-25 12:00:00,28.209778,21.025696,282.5002,101918.266,0.0,1.7734059
2011-08-26 12:00:00,32.32718,20.710236,271.8401,101943.79,0.0,2.3075976
2011-08-27 12:00:00,30.09549,22.780945,228.51088,101881.86,6.136898e-05,1.212316
2011-08-28 12:00:00,24.483032,22.042938,79.65306,102188.82,1.8057815e-05,3.084708
2011-08-29 12:00:00,28.027802,21.044586,141.29643,101770.96,7.813525e-06,1.6436005
2011-08-30 12:00:00,29.840546,22.567993,230.31815,101139.4,4.055843e-05,1.5576402
2011-08-31 12:00:00,27.177002,21.653564,136.11337,101062.53,0.00019569909,1.2213416
2011-09-01 12:00:00,27.25647,21.91977,107.9136,100854.38,0.00016721721,2.0955386
2011-09-02 12:00:00,27.459625,22.727936,197.73624,100669.34,7.453722e-06,1.4611093
2011-09-03 12:00:00,28.937195,23.337006,198.63333,100667.5,1.3540608e-06,1.2248653
2011-09-04 12:00:00,29.086792,22.067322,253.98972,100656.13,9.340327e-05,1.078215
2011-09-05 12:00:00,25.40857,19.261139,265.18713,101077.7,0.0,1.4357296
2011-09-06 12:00:00,23.217438,19.255829,139.55441,100919.9,2.9086716e-05,1.8826485
2011-09-07 12:00:00,24.486969,19.756927,112.57299,100296.46,9.836344e-05,1.3068322
2011-09-08 12:00:00,22.070465,14.421173,271.46753,101323.586,0.0,1.9856918
2011-09-09 12:00:00,25.60086,14.278168,261.23407,101409.51,0.0,1.4713049
2011-09-10 12:00:00,21.964996,16.830963,260.51782,101658.92,0.0,3.2960858
2011-09-11 12:00:00,21.68103,11.822937,264.17444,102025.1,0.0,0.6786285
2011-09-12 12:00:00,27.371735,13.2388,256.3474,101862.32,0.0,2.718885
2011-09-13 12:00:00,30.617188,19.387482,250.40068,101484.02,0.0,3.699878
2011-09-14 12:00:00,31.079224,22.081818,246.35408,101203.69,0.0,1.4495642
2011-09-15 12:00:00,25.151978,18.991669,235.23915,101950.44,0.0,3.3501897
2011-09-16 12:00:00,23.846558,15.415131,201.14609,102550.18,0.0,2.6151466
2011-09-17 12:00:00,24.87262,19.065643,67.692406,102243.42,0.00043514403,2.0806034
2011-09-18 12:00:00,22.955505,20.132263,87.82024,101788.84,0.0003756186,0.5317698
2011-09-19 12:00:00,27.9357,18.86261,209.3065,101696.08,1.3477616e-06,1.5779358
2011-09-20 12:00:00,29.727264,19.888641,232.78851,101782.98,0.0,2.223712
2011-09-21 12:00:00,29.113312,20.203339,223.15471,101653.77,0.0,1.8457755
2011-09-22 12:00:00,25.406433,21.56427,147.13347,101442.03,7.0556206e-07,1.4145454
2011-09-23 12:00:00,25.445587,21.097565,175.59972,101278.77,6.517767e-06,0.57618785
2011-09-24 12:00:00,23.21814,20.059998,62.784737,101631.98,9.2639e-06,2.958453
2011-09-25 12:00:00,25.006989,21.721222,120.23439,101425.86,8.551067e-06,2.3708856
2011-09-26 12:00:00,26.50763,20.403961,225.10739,101583.62,0.0,1.2746582
2011-09-27 12:00:00,24.022278,15.779968,182.00975,102025.914,0.0,2.1611981
2011-09-28 12:00:00,25.875458,20.6893,98.03857,101432.74,3.686334e-05,2.4694495
2011-09-29 12:00:00,28.735992,22.256866,203.417,101083.375,3.0348001e-05,1.7639376
2011-09-30 12:00:00,27.85321,22.640198,176.35037,100699.24,0.0,3.1541655
2011-10-01 12:00:00,26.298218,22.956024,102.5489,100409.09,2.5592402e-05,3.561744
2011-10-02 12:00:00,23.397736,19.212708,102.564735,100776.77,8.037638e-05,1.5618805
2011-10-03 12:00:00,22.842407,15.223328,208.25717,100597.195,0.00018799501,5.309904
2011-10-04 12:00:00,20.172058,12.59079,200.45612,102039.97,2.407381e-06,2.069596
2011-10-05 12:00:00,16.585327,9.662598,212.74216,102853.734,4.5530984e-07,3.2317474
2011-10-06 12:00:00,17.863861,9.065277,207.51608,102855.055,0.0,1.974346
2011-10-07 12:00:00,18.831085,13.009033,83.84478,102865.22,0.0,2.1251328
2011-10-08 12:00:00,19.998077,15.542969,54.28695,102464.54,0.0001520449,2.0286171
2011-10-09 12:00:00,23.32315,19.44397,77.27506,101730.125,6.162946e-05,1.800091
2011-10-10 12:00:00,23.294556,19.437164,101.40316,101304.14,0.00021592932,1.812461
2011-10-11 12:00:00,22.240662,18.779419,66.68388,101109.055,7.788204e-05,1.473153
2011-10-12 12:00:00,21.808868,17.068329,184.9496,100792.78,0.00017447461,2.1984816
2011-10-13 12:00:00,21.059814,15.213654,185.82329,100515.05,0.0,2.1560855
2011-10-14 12:00:00,22.17163,12.349426,184.31377,101187.79,0.0,1.3118623
2011-10-15 12:00:00,24.22702,13.818329,180.74242,101677.62,0.0,2.0205426
2011-10-16 12:00:00,22.110352,15.642761,90.92266,101794.94,2.1743625e-05,2.106524
2011-10-17 12:00:00,22.993195,18.181671,104.82453,101426.88,4.0007053e-05,2.6224725
2011-10-18 12:00:00,21.058838,16.625854,54.63524,100817.65,0.00013980006,2.2538226
2011-10-19 12:00:00,16.631927,10.306793,168.26566,101762.84,3.829204e-06,3.7151673
2011-10-20 12:00:00,12.64505,5.662079,178.93205,102870.32,0.0,2.960847
2011-10-21 12:00:00,10.692535,5.0223083,177.10863,103204.0,0.0,3.175461
2011-10-22 12:00:00,8.458893,3.2947998,175.93799,102860.76,0.0,3.70167
2011-10-23 12:00:00,11.189545,4.0724792,170.03632,102270.79,0.0,2.0893707
2011-10-24 12:00:00,14.287384,6.4959717,147.36864,101616.12,5.0537994e-07,1.8759109
2011-10-25 12:00:00,13.063141,6.92749,156.94714,101942.89,0.0,2.7715518
2011-10-26 12:00:00,14.631561,5.384094,148.10037,101883.21,3.5127089e-06,2.2818327
2011-10-27 12:00:00,15.646423,9.674042,129.7971,101577.57,1.1993551e-06,3.0818021
2011-10-28 12:00:00,13.951782,10.015625,61.76908,101376.26,2.4654644e-05,3.5560565
2011-10-29 12:00:00,14.889252,11.196716,70.98864,101509.83,1.29962145e-05,4.240911
2011-10-30 12:00:00,15.847717,6.5823975,151.568,101543.05,0.0,1.8362144
2011-10-31 12:00:00,17.308716,8.566498,135.33272,101564.586,0.0,1.3121154
2011-11-01 12:00:00,17.82019,13.153198,31.45221,101096.984,0.00011693112,0.8213117
2011-11-02 12:00:00,16.375427,10.956238,146.39307,100756.07,1.6779228e-06,4.3368306
2011-11-03 12:00:00,13.3906555,8.468903,149.89905,100987.54,2.0442738e-07,6.04902
2011-11-04 12:00:00,11.819885,6.6220093,113.72721,100805.63,1.5136042e-05,4.5100718
2011-11-05 12:00:00,9.093842,4.372223,134.21126,101137.5,2.8181733e-08,4.7485275
2011-11-06 12:00:00,9.339996,0.80737305,146.93524,101547.76,4.0789403e-09,3.0641086
2011-11-07 12:00:00,16.327301,2.8876648,77.05738,101029.234,1.8881468e-07,2.8314643
2011-11-08 12:00:00,14.447571,4.9807434,140.55351,101874.54,0.0,2.2289436
2011-11-09 12:00:00,13.860138,3.9053345,58.966892,102507.04,7.3965234e-06,0.94252133
2011-11-10 12:00:00,17.824646,11.551575,33.25449,101672.18,5.938854e-05,2.5084727
2011-11-11 12:00:00,17.273407,13.297424,65.09515,101349.12,4.984347e-06,0.8198658
2011-11-12 12:00:00,16.81543,11.592865,17.354063,100902.38,0.00021003732,2.985718
2011-11-13 12:00:00,18.723389,10.948822,126.20372,99670.44,0.00032696166,2.9312253
2011-11-14 12:00:00,10.836212,6.9486694,48.039635,99735.67,8.266743e-05,2.8006983
2011-11-15 12:00:00,10.631592,7.693573,128.49977,101003.73,4.0276603e-07,4.9019685
2011-11-16 12:00:00,12.6163025,3.1047363,125.78428,101494.55,0.0,1.5413314
2011-11-17 12:00:00,19.880249,9.954773,31.250761,100467.19,0.0001439835,5.0050197
2011-11-18 12:00:00,15.216797,7.4580994,101.567184,101128.14,9.944585e-06,3.57438
2011-11-19 12:00:00,13.964722,3.9674683,121.33317,102037.77,0.0,2.6938577
2011-11-20 12:00:00,15.327179,7.2877197,113.513054,101974.88,0.0,2.4471674
2011-11-21 12:00:00,17.246948,8.663574,57.14707,101596.36,1.6929971e-05,1.8911996
2011-11-22 12:00:00,19.972046,16.970306,27.512545,100152.43,0.00028705515,4.0556293
2011-11-23 12:00:00,17.224518,5.62973,64.70806,99614.91,0.00033117432,3.531504
2011-11-24 12:00:00,6.576355,1.4615479,117.364944,101583.36,0.0,2.5717444
2011-11-25 12:00:00,6.4960327,1.1929626,102.427765,101457.84,1.1545566e-07,2.6063266
2011-11-26 12:00:00,3.4251099,-1.8764954,95.29051,101593.39,5.167436e-07,2.6762319
2011-11-27 12:00:00,3.0364685,-1.8882141,116.62502,101705.28,0.0,3.2065668
2011-11-28 12:00:00,5.6582336,-2.6095886,106.4859,102478.71,2.4823509e-08,2.1748202
2011-11-29 12:00:00,14.2404785,4.8459473,28.001183,101842.06,7.0194554e-05,4.571682
2011-11-30 12:00:00,13.673096,3.2930298,47.084194,101883.836,5.6281413e-05,2.5526278
2011-12-01 12:00:00,5.049835,-1.4879456,105.89797,102168.91,5.7852837e-08,1.9764528
2011-12-02 12:00:00,7.562805,-0.6054077,100.49444,101765.44,0.0,2.1874812
2011-12-03 12:00:00,8.79895,0.64541626,72.91384,102111.09,0.0,1.2302911
2011-12-04 12:00:00,8.133789,5.1080627,56.57628,101778.266,3.4485006e-06,1.2502344
2011-12-05 12:00:00,5.261322,-0.93847656,108.11661,102325.67,0.0,2.6254616
2011-12-06 12:00:00,2.7294617,-0.5928955,60.874302,102334.6,0.0,3.4551153
2011-12-07 12:00:00,1.3893738,-2.2186584,108.499886,102348.6,0.0,2.5688632
2011-12-08 12:00:00,3.2171326,-1.44281,105.715454,102036.445,7.0790747e-09,2.130187
2011-12-09 12:00:00,2.9625854,-1.8792114,60.688465,102061.98,3.902526e-07,1.405851
2011-12-10 12:00:00,7.6194153,1.1368408,76.705605,101553.13,2.4698065e-06,0.59954804
2011-12-11 12:00:00,4.0801697,0.7489929,50.173866,100809.17,1.901816e-05,2.2263126
2011-12-12 12:00:00,4.954651,-0.77194214,103.305176,100253.836,7.350293e-08,4.168541
2011-12-13 12:00:00,2.5995178,-1.727356,103.99434,100940.195,1.3382417e-07,3.4547057
2011-12-14 12:00:00,1.7027283,-3.0062866,104.421196,101335.6,4.6089145e-08,3.6906102
2011-12-15 12:00:00,3.0736084,-1.2759094,103.89592,101929.22,0.0,3.5514154
2011-12-16 12:00:00,1.7608948,-2.1305237,57.49235,102570.05,0.0,2.1476185
2011-12-17 12:00:00,3.2191162,-3.3864746,99.174805,102526.195,0.0,1.6172538
2011-12-18 12:00:00,3.3227234,0.48947144,10.784478,101292.77,0.0004481719,5.6356063
2011-12-19 12:00:00,3.676361,-0.60943604,68.50043,99804.17,0.00053760567,5.96535
2011-12-20 12:00:00,3.4293823,-7.1029663,94.90615,100256.05,1.4998066e-07,2.3604734
2011-12-21 12:00:00,7.2024536,1.4255371,58.70218,99590.016,2.9442435e-05,2.4313319
2011-12-22 12:00:00,10.126556,2.644165,58.08221,99567.47,0.0,1.7320225
2011-12-23 12:00:00,14.710785,3.8317566,40.644466,99039.36,7.96491e-05,2.469542
2011-12-24 12:00:00,6.686096,0.14779663,102.12414,100743.48,0.0,3.5968802
2011-12-25 12:00:00,7.043396,-2.275055,34.908115,100600.28,0.00016179196,1.3890709
2011-12-26 12:00:00,4.915283,0.6098938,101.66556,99606.414,3.3831182e-06,5.1837
2011-12-27 12:00:00,1.7204285,-1.3794861,92.263535,100715.266,5.6243834e-07,4.7014494
2011-12-28 12:00:00,3.086731,-2.2668762,104.060394,101755.7,3.024838e-07,3.4588268
2011-12-29 12:00:00,-0.16921997,-3.526886,45.374825,101689.82,8.5057444e-08,3.137928
2011-12-30 12:00:00,-1.4855652,-6.0076294,105.990585,101372.914,0.0,5.2402887
2011-12-31 12:00:00,1.8527527,-4.568207,106.31311,102001.74,0.0,2.8985069
2012-01-01 12:00:00,5.2729797,-4.0234985,45.55075,102108.586,3.7498307e-06,0.6456009
2012-01-02 12:00:00,14.902405,2.1681824,10.503095,100476.336,0.0006130381,6.4226537
2012-01-03 12:00:00,12.989685,0.43563843,107.87019,100667.055,0.00011715568,6.472764
2012-01-04 12:00:00,1.4908752,-2.7317505,99.53345,102138.99,0.0,2.573518
2012-01-05 12:00:00,8.103302,-1.7331238,19.417015,99767.516,0.0004766303,5.307409
2012-01-06 12:00:00,3.1753235,-1.617218,76.64862,98564.79,0.000104949286,7.8838177
2012-01-07 12:00:00,0.6810608,-1.4698792,92.905045,99342.91,1.9825713e-07,6.293214
2012-01-08 12:00:00,-0.14242554,-3.5795593,65.10058,99264.125,1.2404353e-06,3.4854476
2012-01-09 12:00:00,0.7097168,-3.4222107,111.87085,99858.8,6.4694433e-07,4.8560843
2012-01-10 12:00:00,1.5009155,-5.322418,87.222664,100780.92,7.091849e-06,2.652078
2012-01-11 12:00:00,1.6795044,-4.2489624,84.69285,101406.05,8.640262e-06,1.630466
2012-01-12 12:00:00,1.2364807,-9.618195,115.440125,102307.484,0.0,2.3980227
2012-01-13 12:00:00,-1.7781372,-9.082855,117.51288,103113.28,8.028987e-12,2.9183154
2012-01-14 12:00:00,0.9421692,-3.3097534,60.521984,102059.47,2.5538926e-05,3.408421
2012-01-15 12:00:00,1.9772949,-8.304504,85.37452,100669.88,4.177972e-06,2.635706
2012-01-16 12:00:00,1.8446655,-3.2526245,119.75879,100604.7,1.633643e-07,5.3223333
2012-01-17 12:00:00,3.4342651,-7.1164246,92.25923,101295.78,0.0,1.7586756
2012-01-18 12:00:00,4.7572937,-4.1589966,36.906384,101221.06,3.873517e-05,1.7754732
2012-01-19 12:00:00,6.2385864,0.631897,106.24349,100937.12,4.049213e-05,2.9033816
2012-01-20 12:00:00,7.731201,-1.363678,115.367195,101158.195,1.16194105e-05,2.2187576
2012-01-21 12:00:00,13.304565,0.6394348,103.4992,100831.88,0.0,3.5340836
2012-01-22 12:00:00,12.170837,1.5221863,98.6188,100863.83,2.7034027e-08,1.0665218
2012-01-23 12:00:00,12.379669,5.2163696,103.38789,101025.984,2.9666824e-05,1.3024632
2012-01-24 12:00:00,5.602173,2.0429993,13.933867,100961.97,0.00057556806,7.1054287
2012-01-25 12:00:00,9.131714,1.9187317,77.409256,99352.51,0.00022209523,0.79858965
2012-01-26 12:00:00,6.441742,-0.46520996,131.00723,100629.43,6.166901e-07,4.308487
2012-01-27 12:00:00,8.021576,1.6758118,130.54352,100468.414,0.0,4.051778
2012-01-28 12:00:00,8.780884,0.15771484,115.15015,100931.77,0.0,1.7338309
2012-01-29 12:00:00,12.861877,1.7305603,120.489975,100446.625,0.0,1.8646638
2012-01-30 12:00:00,9.616669,1.0256042,65.40868,99072.5,1.0534584e-06,2.5987103
2012-01-31 12:00:00,1.1548462,-1.537262,141.46294,99593.445,3.0538106e-06,5.8582897
2012-02-01 12:00:00,1.5179443,-1.6866455,131.41321,100769.484,0.0,2.359937
2012-02-02 12:00:00,0.7388916,-1.9663086,106.810295,100700.84,5.013749e-07,3.0196173
2012-02-03 12:00:00,0.4913025,-2.309204,120.89045,101030.32,7.8031086e-08,3.0647
2012-02-04 12:00:00,-0.67648315,-3.1430054,76.87991,101270.75,6.6490825e-06,2.8845181
2012-02-05 12:00:00,3.233307,-6.4785156,149.52934,102070.21,2.946668e-08,3.156918
2012-02-06 12:00:00,8.574036,-7.336853,98.04395,102539.2,1.477207e-08,1.5856823
2012-02-07 12:00:00,15.8185425,7.3957825,13.254174,100941.87,0.0006196779,5.7660356
2012-02-08 12:00:00,15.177307,2.9212952,154.39645,100805.25,1.2051473e-07,4.119014
2012-02-09 12:00:00,2.7962341,-1.9137878,148.4966,101513.98,4.9489017e-08,4.6248264
2012-02-10 12:00:00,3.1356506,0.1293335,153.57805,101304.91,1.7097038e-08,4.1467204
2012-02-11 12:00:00,0.9482727,-2.9108276,163.89812,101672.164,8.059836e-08,4.3761964
2012-02-12 12:00:00,5.02652,-1.0713806,111.38315,101016.01,0.0,3.5345278
2012-02-13 12:00:00,4.452942,1.6600952,33.30075,100025.695,0.00014957406,0.56535923
2012-02-14 12:00:00,7.625946,-3.158783,120.051956,99243.984,0.00015766136,3.218697
2012-02-15 12:00:00,-0.21331787,-3.9987183,172.28067,101167.36,1.1674432e-07,4.332575
2012-02-16 12:00:00,1.6944885,-3.6611938,152.22307,102391.3,0.0,2.8600168
2012-02-17 12:00:00,3.0675354,-4.511139,176.98997,103136.88,0.0,2.498409
2012-02-18 12:00:00,6.1565247,-1.7337646,177.89023,103227.73,0.0,2.160243
2012-02-19 12:00:00,8.540253,-1.2845764,179.7616,102860.89,0.0,1.8213029
2012-02-20 12:00:00,9.882599,0.36169434,157.62114,102122.805,0.0,1.9085785
2012-02-21 12:00:00,12.851318,1.0040283,176.56178,101295.63,1.7491597e-09,2.0305784
2012-02-22 12:00:00,10.836304,4.7357483,186.03123,100968.07,1.3389729e-09,2.1677709
2012-02-23 12:00:00,11.020355,0.12283325,178.05336,100500.06,0.0,2.383459
2012-02-24 12:00:00,9.988586,-0.4867859,190.20947,100817.18,0.0,2.0271542
2012-02-25 12:00:00,11.147491,4.9890747,182.97487,100517.195,7.8976007e-07,3.1782117
2012-02-26 12:00:00,6.284912,-0.44943237,162.2862,101288.64,2.553798e-05,2.1416092
2012-02-27 12:00:00,4.2886353,2.0844421,32.255745,100082.48,0.0008071817,5.166577
2012-02-28 12:00:00,5.3471985,2.3280334,114.86282,99888.555,3.3610064e-07,6.906378
2012-02-29 12:00:00,,,,,,
2012-03-01 12:00:00,5.6545715,-0.64849854,206.9127,101285.23,0.0,4.4911084
2012-03-02 12:00:00,5.1304016,-1.8145142,137.30602,102160.17,0.0,1.6013756
2012-03-03 12:00:00,8.272156,2.3889465,45.223434,101756.24,0.00012274772,5.1623673
2012-03-04 12:00:00,12.141296,6.973358,186.58868,100969.49,0.00042754904,2.6015387
2012-03-05 12:00:00,9.544067,3.5985107,176.24306,100801.73,3.8275542e-07,3.5413399
2012-03-06 12:00:00,12.078644,2.6020203,185.51988,100302.42,7.4769744e-08,3.8022103
2012-03-07 12:00:00,14.1521,1.7746582,206.52226,100417.45,0.0,2.0619223
2012-03-08 12:00:00,13.444214,5.970337,200.4001,101032.78,0.0,2.1882808
2012-03-09 12:00:00,10.088776,4.424774,60.235123,101802.49,0.00013207509,5.666725
2012-03-10 12:00:00,15.471344,8.898682,75.31685,100563.2,0.00025497325,2.2397118
2012-03-11 12:00:00,11.746887,6.103119,141.61823,100510.11,1.1174236e-06,2.6068716
2012-03-12 12:00:00,6.5361023,1.1428223,185.8063,101039.81,5.434292e-07,3.6108124
2012-03-13 12:00:00,4.9810486,0.015808105,178.81421,101739.35,6.0547586e-07,3.2213087
2012-03-14 12:00:00,5.577057,-0.98013306,139.62729,102177.86,1.0959019e-05,0.32660687
2012-03-15 12:00:00,6.302063,0.888031,69.44047,100822.69,0.00038897325,3.8996115
2012-03-16 12:00:00,4.7311707,0.6359558,111.61831,100714.8,4.5238125e-05,3.327522
2012-03-17 12:00:00,7.404907,-4.4689026,243.5428,101744.66,2.8237698e-10,2.1105216
2012-03-18 12:00:00,12.988251,3.8278809,128.93684,101505.055,9.5208037e-07,3.1246953
2012-03-19 12:00:00,7.7747803,-2.5648193,87.863884,102058.52,1.8445337e-05,2.5430908
2012-03-20 12:00:00,5.0112,-6.6393433,252.62994,101889.33,0.0,2.2992656
2012-03-21 12:00:00,8.142059,-6.030121,251.2305,101854.95,0.0,1.8824426
2012-03-22 12:00:00,12.406158,-2.7225647,237.03555,101106.73,0.0,3.5456471
2012-03-23 12:00:00,12.047272,4.779602,148.02,100393.03,1.4107982e-06,0.31932074
2012-03-24 12:00:00,10.709381,1.0435486,159.73502,100586.07,1.8390239e-07,2.9060485
2012-03-25 12:00:00,9.516937,4.094208,82.63752,100862.01,2.7216312e-05,2.8299212
2012-03-26 12:00:00,11.754669,4.8327026,28.136831,101797.95,0.0001705469,5.936481
2012-03-27 12:00:00,15.798737,11.886536,238.1496,100582.55,0.00031754698,3.7252877
2012-03-28 12:00:00,14.548218,7.861786,262.95782,101641.09,6.8403004e-08,3.1759737
2012-03-29 12:00:00,11.6006775,6.121826,75.617645,101383.35,1.8098136e-06,0.7739867
2012-03-30 12:00:00,8.97348,6.2159424,57.246574,100926.15,0.0001020035,5.0673375
2012-03-31 12:00:00,7.51886,5.1602173,55.121304,101968.05,0.00020184915,5.226145
2012-04-01 12:00:00,12.040405,7.469818,78.542046,101906.17,6.108283e-05,4.545044
2012-04-02 12:00:00,13.245911,7.8724365,111.519264,99944.87,0.00022094425,0.33933246
2012-04-03 12:00:00,11.723755,4.969879,204.23749,101093.25,1.1571992e-06,2.992553
2012-04-04 12:00:00,12.586121,3.8287659,264.12808,101209.15,1.0971125e-08,2.4054816
2012-04-05 12:00:00,10.311493,5.6900024,70.509705,100891.91,7.148093e-05,1.4653126
2012-04-06 12:00:00,11.757263,9.887299,60.043407,101292.43,0.00017864536,5.167378
2012-04-07 12:00:00,16.6604,10.681488,64.17413,101479.22,0.0006421304,6.0909424
2012-04-08 12:00:00,16.541779,13.493042,129.58562,101201.664,0.0002543544,2.0883148
2012-04-09 12:00:00,16.704498,13.036255,152.94688,101413.836,1.4571772e-05,0.52633137
2012-04-10 12:00:00,17.597656,11.483246,197.34726,101528.54,4.537768e-06,1.3018703
2012-04-11 12:00:00,16.853851,11.360107,207.23317,101658.0,8.813699e-06,1.8110151
2012-04-12 12:00:00,13.036682,6.935089,240.92026,102113.04,8.4640897e-07,4.2657404
2012-04-13 12:00:00,12.195679,7.8567505,91.42755,101596.54,4.0240698e-06,3.6774597
2012-04-14 12:00:00,14.487549,9.759369,296.89053,101585.25,1.6698928e-08,3.7641501
2012-04-15 12:00:00,11.004761,2.464447,307.92316,102752.01,0.0,2.769531
2012-04-16 12:00:00,9.823669,1.6233215,311.17767,103200.945,0.0,3.15828
2012-04-17 12:00:00,12.609131,0.50271606,311.0506,102919.484,0.0,1.1671128
2012-04-18 12:00:00,17.578949,2.8901367,305.87228,101708.18,0.0,2.5829668
2012-04-19 12:00:00,18.932526,8.870056,189.3881,100338.586,3.5412828e-05,2.2608466
2012-04-20 12:00:00,13.695496,8.055786,229.8062,100344.57,2.9923249e-06,3.810412
2012-04-21 12:00:00,7.845581,2.5907593,243.64511,100735.75,1.1781032e-06,5.3322325
2012-04-22 12:00:00,9.733856,4.476227,142.42241,100162.44,1.7690916e-05,5.267075
2012-04-23 12:00:00,12.243683,6.5311584,148.4082,100029.26,2.0965157e-05,2.9956474
2012-04-24 12:00:00,13.440765,5.143036,207.80792,100199.3,1.1611076e-05,2.5700517
2012-04-25 12:00:00,20.986786,9.085632,316.9587,100450.65,0.0,2.6214027
2012-04-26 12:00:00,25.793854,10.17395,244.4087,99943.484,4.6540652e-05,3.0924249
2012-04-27 12:00:00,22.991516,14.065247,215.15681,99348.266,4.684505e-05,2.9672327
2012-04-28 12:00:00,20.67514,9.253723,199.10144,99127.05,1.753004e-05,4.1440496
2012-04-29 12:00:00,15.576202,6.1673584,307.94846,100613.31,8.063415e-10,3.7477932
2012-04-30 12:00:00,23.012787,8.115173,323.03635,100865.38,0.0,4.0027027
2012-05-01 12:00:00,22.80603,12.495819,181.50375,100436.664,1.7707825e-05,3.2304142
2012-05-02 12:00:00,18.660126,12.028412,122.5912,98772.266,0.00021785604,5.5825195
2012-05-03 12:00:00,13.976044,9.996124,278.52747,99962.195,1.3202845e-08,6.652892
2012-05-04 12:00:00,15.326538,7.735077,188.6553,101172.42,1.4821129e-05,1.9962562
2012-05-05 12:00:00,18.679901,9.469269,305.3356,101715.46,0.0,3.3126822
2012-05-06 12:00:00,25.913757,12.663513,161.74236,101539.89,2.2559016e-05,0.8164046
2012-05-07 12:00:00,19.966644,9.636871,335.37262,102387.83,0.0,2.9848773
2012-05-08 12:00:00,19.958527,8.388855,334.08987,102131.31,0.0,1.0166926
2012-05-09 12:00:00,20.651154,12.941803,137.53456,101210.414,9.480278e-06,3.7944448
2012-05-10 12:00:00,28.918884,20.460022,296.61313,100107.22,0.0,4.7839346
2012-05-11 12:00:00,26.638,17.150635,107.061066,99233.33,0.00012667348,4.516141
2012-05-12 12:00:00,17.048157,6.400116,321.07434,99799.72,4.4723252e-05,5.859195
2012-05-13 12:00:00,20.385437,8.576477,261.72787,100740.83,3.518637e-08,3.0628047
2012-05-14 12:00:00,18.547668,13.255676,213.12415,100996.086,9.367493e-05,1.6305664
2012-05-15 12:00:00,18.016144,14.908264,162.89864,101034.01,1.1426375e-05,2.5188897
2012-05-16 12:00:00,17.189728,11.7152405,135.74191,101746.77,3.4325807e-05,3.2388895
2012-05-17 12:00:00,24.02185,16.453064,222.5579,100872.234,5.9264534e-05,0.6875449
2012-05-18 12:00:00,21.32843,11.54364,348.41605,101735.23,0.0,2.243016
2012-05-19 12:00:00,18.154572,13.435425,44.4239,101769.92,0.00015738267,1.9999044
2012-05-20 12:00:00,25.169922,16.349274,212.12975,100880.445,0.00025373517,0.5567743
2012-05-21 12:00:00,22.723816,16.861023,141.2512,101487.96,0.00031524576,2.0441961
2012-05-22 12:00:00,16.89856,14.868225,106.452835,102022.87,3.6445388e-05,2.0052948
2012-05-23 12:00:00,19.724548,13.506134,273.8378,101522.37,1.0687012e-10,0.6936733
2012-05-24 12:00:00,22.612976,12.217438,333.44205,100996.44,0.0,1.0483899
2012-05-25 12:00:00,19.065002,15.067596,40.35302,100528.65,0.00045069662,3.8557425
2012-05-26 12:00:00,18.672638,15.137634,76.85652,100684.82,0.00021774448,2.6537814
2012-05-27 12:00:00,15.664825,12.638611,105.98543,102062.92,8.894333e-05,3.3719256
2012-05-28 12:00:00,15.601196,10.622955,308.36642,102890.77,1.7432152e-06,2.4800107
2012-05-29 12:00:00,17.530975,9.549622,250.01994,102752.375,9.396837e-07,1.6537925
2012-05-30 12:00:00,21.422333,15.268158,266.92523,101968.62,2.826946e-05,1.5950572
2012-05-31 12:00:00,25.37619,15.6753845,312.14682,101223.72,6.0456572e-05,1.9737363
2012-06-01 12:00:00,23.278412,16.627014,229.73775,100805.18,1.6263781e-06,3.4057739
2012-06-02 12:00:00,24.719513,16.069977,308.4538,100084.1,8.522452e-05,0.7980208
2012-06-03 12:00:00,17.565582,12.131592,169.42087,100877.55,0.00025225108,3.5498455
2012-06-04 12:00:00,14.428955,11.420197,146.88213,101884.83,6.2778934e-05,2.0346642
2012-06-05 12:00:00,19.324799,9.324829,352.36887,102271.45,0.0,2.2195005
2012-06-06 12:00:00,22.571686,11.41568,359.8463,102117.45,0.0,1.8176227
2012-06-07 12:00:00,24.891266,12.645813,358.6923,101940.375,0.0,1.5357493
2012-06-08 12:00:00,25.658081,14.422913,339.4975,101872.74,0.0,2.2473874
2012-06-09 12:00:00,23.211792,16.13565,55.193104,101766.02,0.000152295,3.1450114
2012-06-10 12:00:00,26.25058,20.152435,284.28403,101225.73,1.892219e-05,2.887923
2012-06-11 12:00:00,28.841888,20.95932,289.31418,100745.72,4.282468e-05,2.7009954
2012-06-12 12:00:00,25.559814,18.914062,336.21838,101198.39,0.0,2.3184862
2012-06-13 12:00:00,23.41452,14.868225,365.24084,101375.56,0.0,1.4352833
2012-06-14 12:00:00,22.28891,16.649231,129.43755,101297.2,4.201178e-06,2.2970543
2012-06-15 12:00:00,26.824371,20.029877,265.7194,100649.35,0.00017590584,0.98576665
2012-06-16 12:00:00,25.42865,18.936737,358.75934,101165.82,0.0,2.393476
2012-06-17 12:00:00,22.672821,14.07486,366.43106,101684.375,3.2810107e-10,4.18006
2012-06-18 12:00:00,24.562317,14.507233,240.42264,101492.266,0.0,3.7875876
2012-06-19 12:00:00,22.383911,17.56897,107.910446,101307.11,1.7134857e-05,1.3744379
2012-06-20 12:00:00,25.713867,18.997375,190.25038,101512.914,4.8261813e-07,0.58449763
2012-06-21 12:00:00,28.539856,15.53833,349.17133,101895.2,1.4797206e-08,0.7380041
2012-06-22 12:00:00,31.24881,20.796906,252.98155,101601.92,7.09663e-05,1.7767632
2012-06-23 12:00:00,29.078094,20.813416,274.523,101693.8,1.5293737e-05,0.7807881
2012-06-24 12:00:00,28.991272,20.520782,351.75668,101904.14,0.0,1.188004
2012-06-25 12:00:00,24.965271,20.668457,124.07564,101751.85,2.0077057e-05,2.2445383
2012-06-26 12:00:00,28.232513,21.128662,196.44579,101117.31,0.00015325779,2.9350076
2012-06-27 12:00:00,26.485107,21.576874,252.6126,100997.84,7.2842544e-05,1.920684
2012-06-28 12:00:00,29.016724,19.358032,348.8013,101410.85,0.0,2.78041
2012-06-29 12:00:00,31.783447,18.848938,352.23404,101690.125,0.0,2.1409078
2012-06-30 12:00:00,34.367584,21.467346,339.4961,101380.8,0.0,1.671151
2012-07-01 12:00:00,35.295532,21.653564,352.6068,101038.38,1.1593609e-06,1.4051124
2012-07-02 12:00:00,31.122955,21.872742,174.07455,101439.99,2.8883758e-05,3.530664
2012-07-03 12:00:00,21.944336,16.86908,76.16,101593.76,6.6242195e-05,3.7585034
2012-07-04 12:00:00,23.82196,16.584442,236.80591,101508.51,1.2056417e-07,2.5048976
2012-07-05 12:00:00,28.080719,16.38504,336.7794,101562.375,0.0,1.899692
2012-07-06 12:00:00,26.30542,17.220337,253.7239,101630.37,6.8030334e-07,1.9339335
2012-07-07 12:00:00,24.611023,19.85727,82.939064,101644.65,0.00024620694,3.68522
2012-07-08 12:00:00,24.8732,21.708252,110.403725,101923.14,0.0004051007,4.332294
2012-07-09 12:00:00,24.986267,22.77713,132.4987,102295.414,2.9565e-05,4.8824625
2012-07-10 12:00:00,26.06842,22.452148,171.34863,102080.945,6.6569344e-05,4.7535768
2012-07-11 12:00:00,26.2388,22.079193,170.75346,101501.805,7.1449824e-05,4.934245
2012-07-12 12:00:00,25.123413,21.813263,126.30242,101322.96,6.543558e-05,4.9049726
2012-07-13 12:00:00,24.308563,20.377563,89.82178,101007.68,0.0005412675,2.616788
2012-07-14 12:00:00,25.474396,20.698181,236.93141,101050.22,1.8364144e-05,1.0860182
2012-07-15 12:00:00,24.309875,21.097168,161.13687,100950.266,0.00015153633,2.2098184
2012-07-16 12:00:00,28.303223,23.086945,215.63504,100652.49,0.0001317226,4.108828
2012-07-17 12:00:00,25.381165,20.553192,173.0865,101070.53,0.00045032482,2.5982754
2012-07-18 12:00:00,24.190796,19.516388,60.69697,101963.79,0.00057803316,4.1207066
2012-07-19 12:00:00,24.099579,20.146759,151.00832,102309.87,1.8723664e-05,2.6864944
2012-07-20 12:00:00,25.865662,21.228943,137.55865,102616.62,1.0729341e-05,1.1156547
2012-07-21 12:00:00,26.073334,21.657501,263.59125,102762.01,7.0438585e-07,1.6138748
2012-07-22 12:00:00,26.241455,20.680115,185.5408,102812.305,1.9225885e-05,1.3270057
2012-07-23 12:00:00,28.613495,20.633575,329.29498,102521.875,1.08618444e-07,2.6812565
2012-07-24 12:00:00,28.524536,21.72525,269.58585,101909.12,1.2903541e-07,2.7586055
2012-07-25 12:00:00,26.870026,21.909668,194.91835,101276.45,1.0678705e-06,1.0565712
2012-07-26 12:00:00,29.82196,19.380463,329.36838,101217.42,4.0789403e-09,1.5140524
2012-07-27 12:00:00,31.097076,22.152252,305.72516,101142.76,4.486834e-07,1.960718
2012-07-28 12:00:00,28.402374,19.529816,327.9144,101254.47,4.2464546e-08,2.6014104
2012-07-29 12:00:00,33.088013,20.770721,324.91724,101036.06,0.0,1.8605467
2012-07-30 12:00:00,35.167328,22.303894,324.64923,100796.16,0.0,2.1279428
2012-07-31 12:00:00,33.980377,25.833832,262.03552,100946.516,9.449159e-06,0.47385755
2012-08-01 12:00:00,36.386597,22.602966,292.06247,100927.9,0.0,1.0596942
2012-08-02 12:00:00,38.30359,28.440155,314.69702,100645.77,0.0,3.5833297
2012-08-03 12:00:00,36.578796,27.87024,248.51422,100656.19,0.0,3.1205332
2012-08-04 12:00:00,37.268707,27.86319,307.0323,100843.71,7.830514e-06,2.2833652
2012-08-05 12:00:00,35.907837,24.992096,307.7194,101229.445,0.0,0.87235314
2012-08-06 12:00:00,34.695374,23.514648,277.86874,101502.625,4.7611786e-05,1.2718374
2012-08-07 12:00:00,31.738708,23.8284,303.4539,101601.766,0.0,2.8912556
2012-08-08 12:00:00,32.795654,23.083374,237.46346,101039.46,0.00012504822,3.7849188
2012-08-09 12:00:00,26.230377,19.62915,292.31036,100917.78,5.8777332e-05,2.1537137
2012-08-10 12:00:00,27.835754,19.260773,312.1878,101004.92,0.0,0.27926883
2012-08-11 12:00:00,27.049164,20.691986,283.78735,101194.43,0.0,2.2757924
2012-08-12 12:00:00,24.328827,21.569641,79.94734,100848.03,0.00037423515,2.9456522
2012-08-13 12:00:00,27.710968,21.66394,280.87064,101413.11,5.783127e-06,1.6378582
2012-08-14 12:00:00,29.114594,21.645386,270.49307,101848.69,6.74904e-07,1.161858
2012-08-15 12:00:00,28.997803,22.217834,275.42505,101671.67,5.3619106e-06,2.2983649
2012-08-16 12:00:00,30.716522,23.079987,282.36578,100927.445,4.6665556e-09,3.4636295
2012-08-17 12:00:00,28.873962,21.901611,288.11316,100826.46,0.0,2.0249372
2012-08-18 12:00:00,28.239624,20.085632,271.93277,101091.445,6.1184102e-09,0.6085654
2012-08-19 12:00:00,30.77124,20.029114,286.41473,100978.33,3.4521554e-07,1.6841875
2012-08-20 12:00:00,27.436462,20.87204,145.97107,100797.33,0.00010778757,1.1455715
2012-08-21 12:00:00,24.150726,15.822968,301.11197,101241.555,3.4595974e-08,2.9939365
2012-08-22 12:00:00,23.888458,16.331268,295.1681,101768.79,0.0,2.8271005
2012-08-23 12:00:00,25.871246,15.360443,297.4094,102236.016,0.0,1.3797415
2012-08-24 12:00:00,28.377533,15.809387,292.45047,102114.35,0.0,1.8622353
2012-08-25 12:00:00,30.588013,17.09311,290.6225,101566.76,0.0,2.9911804
2012-08-26 12:00:00,32.293488,19.897064,221.15755,101365.17,0.0,2.0637958
2012-08-27 12:00:00,29.294281,19.875732,247.98906,101655.586,0.00010636147,1.3002051
2012-08-28 12:00:00,24.193665,18.622437,259.47388,102204.87,6.983613e-05,2.4057028
2012-08-29 12:00:00,25.794952,16.429626,275.76825,102258.54,0.0,0.70416474
2012-08-30 12:00:00,27.854767,15.943878,280.75565,102031.75,0.0,2.3587236
2012-08-31 12:00:00,30.597534,17.174713,278.90918,101631.7,0.0,2.9208112
2012-09-01 12:00:00,28.7052,20.550323,271.35114,101508.97,9.162842e-06,1.5871781
2012-09-02 12:00:00,25.700317,16.670837,147.80959,101477.59,4.8982038e-05,1.2826536
2012-09-03 12:00:00,25.231262,18.435486,272.4981,100853.81,4.229228e-05,2.116123
2012-09-04 12:00:00,23.274353,15.253143,277.7974,101392.4,0.0,1.9626926
2012-09-05 12:00:00,27.157135,14.963501,217.56401,101558.31,0.0,2.5917797
2012-09-06 12:00:00,32.87268,22.007965,255.87541,101217.63,0.0,3.2063065
2012-09-07 12:00:00,34.41266,25.937103,245.00523,101269.75,0.0,2.781832
2012-09-08 12:00:00,35.094543,24.44696,254.41745,101375.33,6.456627e-05,2.5342417
2012-09-09 12:00:00,30.232727,24.040466,262.11536,101398.84,0.0,1.7868017
2012-09-10 12:00:00,26.05429,20.76471,250.27983,102005.016,0.0,2.8605273
2012-09-11 12:00:00,25.167389,14.438141,262.27225,102227.75,0.0,1.7062079
2012-09-12 12:00:00,27.231201,14.548981,252.37935,101974.84,0.0,1.2227844
2012-09-13 12:00:00,29.565033,17.050323,249.34554,101765.12,0.0,1.1777881
2012-09-14 12:00:00,30.495453,20.328766,187.56123,101199.25,0.0,3.2151666
2012-09-15 12:00:00,31.08551,20.092285,245.894,100710.46,1.4947181e-09,2.645143
2012-09-16 12:00:00,31.29422,17.637085,239.46542,100426.984,0.0,1.1761328
2012-09-17 12:00:00,26.83545,18.226532,218.3004,99958.01,2.1648757e-05,2.9506428
2012-09-18 12:00:00,19.395752,14.218384,214.90698,101009.06,0.0,5.500011
2012-09-19 12:00:00,23.696411,10.738129,226.22044,101683.04,0.0,2.5490117
2012-09-20 12:00:00,27.976898,18.254486,241.13951,101000.9,0.0,4.2701554
2012-09-21 12:00:00,25.804993,12.49527,201.50674,101384.51,9.453746e-05,3.9789798
2012-09-22 12:00:00,20.911926,8.355286,240.44662,101989.67,0.0,2.2733536
2012-09-23 12:00:00,24.67923,11.924011,233.37555,101793.734,0.0,2.4111362
2012-09-24 12:00:00,21.66861,11.974121,229.60997,102024.59,0.0,2.0654871
2012-09-25 12:00:00,22.941101,11.786713,159.16516,101871.42,4.51148e-05,3.6143897
2012-09-26 12:00:00,20.603088,13.61618,196.86687,101045.65,0.00016126607,3.1598508
2012-09-27 12:00:00,17.118317,8.826843,230.13126,101337.664,3.54126e-08,3.620981
2012-09-28 12:00:00,16.986938,9.48526,220.57146,101368.67,0.0,2.2289078
2012-09-29 12:00:00,18.764404,7.179077,226.94513,102142.3,0.0,1.3536271
2012-09-30 12:00:00,23.622955,8.305847,220.71782,102251.48,0.0,1.6384109
2012-10-01 12:00:00,25.00241,12.683441,210.75197,102048.92,0.0,2.6483333
2012-10-02 12:00:00,22.85608,18.609436,54.57898,101708.3,2.3520166e-05,2.811161
2012-10-03 12:00:00,21.161835,16.573944,80.957184,101898.39,0.000105048166,2.225115
2012-10-04 12:00:00,21.252533,19.091919,36.346832,101301.625,0.00046118777,4.989159
2012-10-05 12:00:00,21.46518,15.404022,66.98156,100713.89,1.64338e-05,2.1927087
2012-10-06 12:00:00,17.123444,10.130493,205.77829,101132.89,0.0,2.1039574
2012-10-07 12:00:00,16.065094,8.403473,188.86798,101398.04,0.0,2.5059378
2012-10-08 12:00:00,15.574036,6.0552063,206.8485,102136.62,0.0,1.7217
2012-10-09 12:00:00,20.991058,8.245178,196.75761,101788.52,0.0,2.3569052
2012-10-10 12:00:00,17.1781,7.313507,205.1556,102352.98,2.8523262e-09,3.2013085
2012-10-11 12:00:00,18.477966,5.533783,173.41415,101840.6,0.0,2.0035245
2012-10-12 12:00:00,15.137909,6.88678,193.5011,101801.15,0.0,1.9318544
2012-10-13 12:00:00,18.873932,6.8069763,191.25496,101832.555,0.0,2.388223
2012-10-14 12:00:00,19.08377,9.032257,190.67928,102401.96,0.0,0.6771151
2012-10-15 12:00:00,20.122375,8.268097,136.07455,102704.664,0.0,2.0460625
2012-10-16 12:00:00,21.6203,17.640533,84.30044,101605.55,0.00032252504,2.262828
2012-10-17 12:00:00,21.104492,15.28537,177.40926,101382.336,0.0,1.5212493
2012-10-18 12:00:00,17.686981,12.72287,40.27294,100733.38,0.00020093867,2.2377455
2012-10-19 12:00:00,20.253326,14.748505,109.110504,99855.41,0.000183801,1.8795829
2012-10-20 12:00:00,14.680695,9.56546,171.99707,100982.19,2.618032e-07,4.6719246
2012-10-21 12:00:00,14.812958,6.7164307,108.87563,101274.38,0.0,2.549919
2012-10-22 12:00:00,13.339722,6.6920166,175.83916,101310.99,0.0,3.9205556
2012-10-23 12:00:00,10.922699,3.4605103,164.09033,101750.66,3.526927e-06,2.1232893
2012-10-24 12:00:00,16.074219,2.9763489,167.7304,102061.08,0.0,2.1782835
2012-10-25 12:00:00,19.759491,10.4953,157.68204,101865.44,0.0,3.4830225
2012-10-26 12:00:00,18.909485,16.023651,51.149494,101791.29,4.1961546e-05,1.8597451
2012-10-27 12:00:00,20.95642,16.814148,83.18232,100799.516,0.00027952212,1.8631657
2012-10-28 12:00:00,17.592896,11.940521,154.05247,101399.23,0.0,2.9586413
2012-10-29 12:00:00,15.603516,7.1247864,158.05989,101912.21,0.0,3.3016124
2012-10-30 12:00:00,18.707062,7.4760437,150.32571,101495.484,0.0,3.1069684
2012-10-31 12:00:00,18.56012,8.559174,114.01158,100806.23,2.6901835e-06,3.3778286
2012-11-01 12:00:00,9.057983,2.5555725,156.1815,102102.56,0.0,2.8979871
2012-11-02 12:00:00,10.470337,1.8277893,144.21371,102438.7,0.0,1.792645
2012-11-03 12:00:00,18.47232,9.647003,55.237034,101729.29,0.00020853196,1.8060398
2012-11-04 12:00:00,16.608246,9.59787,134.17871,102103.83,2.7506688e-08,1.8154535
2012-11-05 12:00:00,14.202698,10.691345,84.54205,102398.664,3.955169e-06,1.525544
2012-11-06 12:00:00,16.45816,11.726654,50.185135,102108.29,2.012119e-05,1.1832528
2012-11-07 12:00:00,15.861237,11.430145,52.237957,101732.76,2.6128388e-05,1.9539528
2012-11-08 12:00:00,12.31546,5.4531555,141.5731,101949.55,0.0,1.6452818
2012-11-09 12:00:00,13.755188,5.634552,133.30396,102250.836,0.0,0.054600433
2012-11-10 12:00:00,17.577454,8.742279,21.129896,101514.555,0.0003494141,1.7021396
2012-11-11 12:00:00,17.542236,8.621796,107.965775,100934.67,2.152177e-06,2.9763966
2012-11-12 12:00:00,8.796204,4.5230713,69.62712,100580.01,5.4205e-06,1.9896683
2012-11-13 12:00:00,6.8324585,1.472168,99.30083,100772.625,1.2518941e-06,2.2020254
2012-11-14 12:00:00,9.065521,3.2280579,129.26082,101004.34,3.2272794e-07,3.199913
2012-11-15 12:00:00,9.806305,4.327759,129.15039,102367.69,0.0,2.7535543
2012-11-16 12:00:00,12.466217,3.042328,98.61222,102661.71,4.2748047e-10,1.0954585
2012-11-17 12:00:00,18.683167,7.7253113,104.60516,102172.914,5.622315e-06,3.0395107
2012-11-18 12:00:00,18.813751,12.493103,20.359108,101072.38,0.000296174,4.09975
2012-11-19 12:00:00,12.318848,5.1952515,120.64233,101488.8,8.638977e-06,3.755468
2012-11-20 12:00:00,9.026794,1.8746033,99.76071,101707.46,1.2564055e-07,2.4141114
2012-11-21 12:00:00,9.830963,6.1213074,52.339622,100960.44,4.41085e-07,2.6655354
2012-11-22 12:00:00,10.613861,3.0471191,113.938354,100717.375,4.9797535e-07,2.2054858
2012-11-23 12:00:00,11.055481,4.5384827,118.121346,101260.7,8.8556106e-07,2.5402875
2012-11-24 12:00:00,10.928528,4.3103027,112.9942,101835.7,0.0,2.1003458
2012-11-25 12:00:00,14.044647,3.8898926,113.48341,101869.086,0.0,1.609872
2012-11-26 12:00:00,14.409393,5.991272,111.98183,101356.6,1.5424172e-08,1.843039
2012-11-27 12:00:00,14.281128,8.799316,38.46257,101102.59,1.8496388e-05,1.6058935
2012-11-28 12:00:00,15.6232605,12.296509,61.456062,100776.09,1.5433916e-05,0.9716282
2012-11-29 12:00:00,13.159088,2.28714,95.36719,101396.2,6.3041523e-07,3.692698
2012-11-30 12:00:00,5.2416687,-0.99539185,112.79378,101951.35,2.0394701e-09,2.1407132
2012-12-01 12:00:00,6.117401,-0.26513672,107.60803,102151.516,7.578459e-09,2.1527581
2012-12-02 12:00:00,4.889374,0.5609436,111.64117,102586.86,0.0,3.573881
2012-12-03 12:00:00,5.7485657,-1.46344,109.448296,103308.55,0.0,1.3399616
2012-12-04 12:00:00,7.9944153,-1.4664917,107.43184,102723.086,2.3778357e-09,2.136152
2012-12-05 12:00:00,9.565735,2.7861938,97.20959,101737.875,0.0,2.445331
2012-12-06 12:00:00,10.52243,0.3998108,105.440285,102000.234,0.0,1.7387131
2012-12-07 12:00:00,11.9401245,2.5917053,93.29711,101846.81,1.156623e-09,1.4685823
2012-12-08 12:00:00,14.386963,4.9306946,36.962593,101971.66,1.6902396e-06,1.42372
2012-12-09 12:00:00,17.54953,11.712311,25.934088,101701.53,1.0914473e-05,4.357673
2012-12-10 12:00:00,17.812958,4.8036194,104.627884,101464.68,0.00017411103,2.9168696
2012-12-11 12:00:00,6.8318176,0.42294312,101.82888,103255.0,0.0,2.5208151
2012-12-12 12:00:00,5.7315674,-0.079559326,105.26234,104086.23,0.0,2.4735658
2012-12-13 12:00:00,6.886505,-0.7605896,100.26546,103413.96,0.0,1.6202744
2012-12-14 12:00:00,12.109253,1.6455078,54.656086,102269.766,5.5660676e-06,0.54009724
2012-12-15 12:00:00,18.479553,11.199219,36.594147,100508.83,4.459643e-05,5.6048307
2012-12-16 12:00:00,12.8078,2.4343567,102.00097,101544.44,0.0,2.9344175
2012-12-17 12:00:00,8.327209,-0.3494568,95.93632,102273.63,0.0,1.8191485
2012-12-18 12:00:00,9.367096,3.8319702,20.481546,100672.02,0.00021750623,0.9159652
2012-12-19 12:00:00,8.457428,-2.0288696,75.11652,101418.67,3.3601673e-06,5.130887
2012-12-20 12:00:00,0.43569946,-2.65271,65.68587,102431.29,0.0,2.8092346
2012-12-21 12:00:00,0.926178,-1.1467896,88.4204,101528.64,5.914934e-06,2.8586936
2012-12-22 12:00:00,1.0551453,-2.6745605,103.773125,101398.7,0.0,1.4112588
2012-12-23 12:00:00,2.9074402,-1.5506897,91.64705,100683.805,4.905675e-07,4.01935
2012-12-24 12:00:00,0.42526245,-2.509674,105.2401,101689.72,4.445783e-08,4.405889
2012-12-25 12:00:00,1.589386,-5.7890015,66.845375,102976.62,7.971803e-06,2.4724774
2012-12-26 12:00:00,7.735382,1.6248169,13.8887005,102086.82,0.00037076275,1.5288391
2012-12-27 12:00:00,16.20996,8.043182,57.426403,99967.42,0.00053415826,3.1042285
2012-12-28 12:00:00,15.308746,5.4016113,42.504494,98050.3,0.00024075269,4.998142
2012-12-29 12:00:00,5.372528,1.001709,105.08007,100073.305,0.0,4.4614305
2012-12-30 12:00:00,3.2727966,-2.136139,99.1472,101230.73,9.482543e-09,1.4356799
2012-12-31 12:00:00,12.87793,0.3406372,49.35876,100943.17,5.9291862e-05,3.6046913
2013-01-01 12:00:00,13.42395,1.3294678,61.56512,98970.016,0.00033916865,4.708429
2013-01-02 12:00:00,1.2359009,-1.008606,84.70454,100408.34,6.6703666e-07,5.658582
2013-01-03 12:00:00,-0.5635376,-4.999695,102.42749,101353.74,2.4625256e-06,5.6807942
2013-01-04 12:00:00,0.36819458,-7.1143494,99.497765,102680.85,3.0884046e-06,2.0076072
2013-01-05 12:00:00,12.544617,0.3652954,84.224915,101975.52,2.2412312e-05,4.0937753
2013-01-06 12:00:00,10.132111,1.3130798,107.64079,102340.9,1.3307423e-08,1.6683552
2013-01-07 12:00:00,13.047699,0.03768921,69.29383,102452.66,1.32647765e-05,2.027155
2013-01-08 12:00:00,17.715698,13.041687,32.028137,100731.27,0.00034303972,4.2223945
2013-01-09 12:00:00,16.155365,4.002075,45.025368,99580.81,2.5288184e-05,2.7983997
2013-01-10 12:00:00,3.8177185,-1.9408264,112.47276,100841.086,0.0,4.6411443
2013-01-11 12:00:00,0.23162842,-3.1436157,114.32488,101604.664,0.0,3.4682088
2013-01-12 12:00:00,2.1473694,-2.0872803,112.55478,101700.2,0.0,3.278803
2013-01-13 12:00:00,2.0857239,-0.5708313,21.966434,100251.555,0.00028272372,2.367052
2013-01-14 12:00:00,4.584442,-0.32998657,113.76059,100552.67,6.316528e-05,2.6715648
2013-01-15 12:00:00,11.670471,-1.3396301,99.58644,101034.27,5.3435056e-10,2.9030511
2013-01-16 12:00:00,9.084717,4.640564,111.75818,100206.414,1.612358e-05,4.657996
2013-01-17 12:00:00,7.846527,-1.2145996,115.418365,101067.984,0.0,2.4751134
2013-01-18 12:00:00,13.266876,2.80307,94.641396,100629.336,6.59332e-08,3.1853056
2013-01-19 12:00:00,12.286774,2.4241638,56.70221,101678.53,3.376578e-05,2.58894
2013-01-20 12:00:00,3.2011108,-3.2407227,121.57395,103350.7,0.0,2.6576076
2013-01-21 12:00:00,16.185425,2.0533142,12.918599,101360.41,0.00038575186,3.9934902
2013-01-22 12:00:00,15.109528,1.1208496,119.42736,101140.336,4.316402e-06,5.1366124
2013-01-23 12:00:00,2.3874207,-3.2077942,78.58337,102467.46,0.0,2.5301468
2013-01-24 12:00:00,5.394409,-2.006836,127.09507,102174.63,0.0,2.7241776
2013-01-25 12:00:00,9.223175,-0.6437988,126.63012,102141.08,0.0,2.2033372
2013-01-26 12:00:00,10.080658,-0.048736572,125.01246,102309.85,3.3212333e-09,1.8446398
2013-01-27 12:00:00,9.563934,2.8536377,77.27808,101945.95,4.947125e-06,2.7139976
2013-01-28 12:00:00,7.494049,-0.6656189,136.7922,103133.45,3.818756e-10,2.881486
2013-01-29 12:00:00,7.2145996,-1.0245056,84.6003,103068.57,2.875497e-07,1.5147115
2013-01-30 12:00:00,9.608734,4.7113647,83.79182,101846.22,0.00018643092,2.8774822
2013-01-31 12:00:00,7.4408875,3.3652039,100.963455,102423.12,0.0,2.796164
2013-02-01 12:00:00,9.039612,1.9654541,126.82515,103071.8,4.739613e-10,2.2328467
2013-02-02 12:00:00,11.114075,4.6753845,110.73522,103519.72,0.0,2.0184958
2013-02-03 12:00:00,14.357208,6.2914124,97.28411,103083.03,2.7947872e-06,1.846169
2013-02-04 12:00:00,13.595428,4.6786804,147.13377,101957.55,5.448733e-07,4.89583
2013-02-05 12:00:00,7.482544,0.32922363,148.28801,102283.06,0.0,2.8145323
2013-02-06 12:00:00,11.988983,-0.46551514,112.81668,102834.29,0.0,1.5391558
2013-02-07 12:00:00,14.748444,10.220947,46.703316,101636.22,2.5230223e-05,4.029529
2013-02-08 12:00:00,11.372406,-1.2139587,153.00406,101989.5,2.2633186e-08,3.3412437
2013-02-09 12:00:00,2.442627,-1.9141235,155.47322,102590.414,9.042194e-08,3.2298558
2013-02-10 12:00:00,3.0482788,-3.0361023,159.622,103432.72,0.0,0.9639175
2013-02-11 12:00:00,8.360535,0.06048584,142.49228,102292.98,9.185729e-09,2.4774718
2013-02-12 12:00:00,7.1358337,-0.15783691,160.13551,101275.375,0.0,2.3597896
2013-02-13 12:00:00,4.599701,-1.259491,160.24771,99979.54,2.8879154e-05,4.074283
2013-02-14 12:00:00,7.158081,-1.956604,128.80206,99388.53,1.3415801e-06,4.413462
2013-02-15 12:00:00,6.5259094,-4.9389954,176.8125,100464.74,2.2277636e-05,5.242473
2013-02-16 12:00:00,-0.5046997,-7.722595,173.44048,101277.69,1.816447e-07,3.0448778
2013-02-17 12:00:00,1.7870483,-6.649872,177.1255,101723.484,0.0,3.919025
2013-02-18 12:00:00,4.8949585,-4.1407776,176.98003,101819.16,0.0,2.520636
2013-02-19 12:00:00,5.9568176,-1.1213684,171.78012,101572.18,0.0,2.0067964
2013-02-20 12:00:00,7.3213196,-0.6925354,175.72374,101273.81,0.0,3.6850479
2013-02-21 12:00:00,7.43219,-1.35849,184.45242,102020.1,0.0,3.1338997
2013-02-22 12:00:00,11.986267,-1.6870117,182.95863,102142.26,0.0,2.7733278
2013-02-23 12:00:00,14.851807,5.0339355,180.85725,101586.64,0.0,3.702568
2013-02-24 12:00:00,16.2919,4.8874207,167.62527,101351.07,2.6992188e-06,2.5012422
2013-02-25 12:00:00,11.779175,4.4077454,191.09944,101487.875,0.0,3.7659924
2013-02-26 12:00:00,9.182739,-1.0245667,195.48303,101744.15,0.0,2.990382
2013-02-27 12:00:00,13.670746,2.5220642,194.60542,101520.06,0.0,2.916551
2013-02-28 12:00:00,15.068939,1.1423645,199.94258,101137.695,0.0,1.9898351
2013-03-01 12:00:00,13.036743,3.6640015,122.62027,100000.45,0.00010655109,0.7626315
2013-03-02 12:00:00,10.966736,2.3147888,205.00758,100978.125,0.0,3.7295306
2013-03-03 12:00:00,10.398224,-0.18597412,113.59065,101868.86,3.5818928e-06,2.5420988
2013-03-04 12:00:00,17.127869,10.468597,142.56981,99511.91,0.00042247755,4.495253
2013-03-05 12:00:00,11.818237,2.9015503,215.16127,100520.81,2.8550937e-07,4.6546144
2013-03-06 12:00:00,10.451569,-1.7176208,189.56606,101673.67,8.142921e-06,0.7653191
2013-03-07 12:00:00,15.618988,5.3111267,186.56609,101128.26,1.06808e-05,2.4280038
2013-03-08 12:00:00,13.819519,7.274719,62.221516,100402.95,0.000102173726,1.509911
2013-03-09 12:00:00,15.123383,8.205109,207.14873,99995.31,2.5006015e-05,1.7434381
2013-03-10 12:00:00,15.270935,8.183136,101.77864,99596.58,4.018881e-05,3.1532497
2013-03-11 12:00:00,15.586761,0.29656982,219.50494,99522.945,3.750352e-05,5.6954494
2013-03-12 12:00:00,0.47088623,-3.8616333,182.6272,100974.06,7.4479262e-06,2.4353487
2013-03-13 12:00:00,-2.9623413,-8.530426,228.74747,102649.88,2.5719121e-08,4.7602963
2013-03-14 12:00:00,7.0032654,-8.164581,222.06787,103122.055,0.0,2.050573
2013-03-15 12:00:00,14.950012,3.2989807,229.0562,102335.98,0.0,3.9387307
2013-03-16 12:00:00,18.208862,11.495544,145.01674,101887.68,1.5546008e-06,3.8766441
2013-03-17 12:00:00,16.004578,9.341949,202.02338,101456.75,6.77244e-05,3.8884919
2013-03-18 12:00:00,12.07486,1.6204529,241.16766,102373.805,0.0,2.3573298
2013-03-19 12:00:00,12.420532,5.1333923,153.60991,102371.96,2.629287e-07,0.8843844
2013-03-20 12:00:00,14.059082,9.747925,35.899094,101909.75,8.30106e-05,2.8072383
2013-03-21 12:00:00,17.017395,14.121948,39.085423,100487.055,0.000115908755,2.7910316
2013-03-22 12:00:00,16.204071,11.538391,179.30739,100327.555,6.409036e-08,2.2989776
2013-03-23 12:00:00,12.239746,5.720825,214.90242,100891.16,0.0,2.0109975
2013-03-24 12:00:00,12.032471,6.8280334,31.524933,100877.81,0.00028979764,2.778112
2013-03-25 12:00:00,16.680878,10.966736,39.970295,99969.25,0.00011022224,1.6034441
2013-03-26 12:00:00,16.562744,7.070709,262.68494,99872.72,2.6530532e-07,7.6298046
2013-03-27 12:00:00,10.319153,4.035309,239.15508,100402.79,3.8715237e-10,2.9811993
2013-03-28 12:00:00,9.822784,2.329773,258.70026,100565.81,2.371518e-06,3.059314
2013-03-29 12:00:00,9.633606,-0.49694824,271.22485,101892.52,1.0912816e-07,2.7142336
2013-03-30 12:00:00,11.419678,2.9065247,113.42787,102352.79,1.5303734e-05,2.7477548
2013-03-31 12:00:00,14.434357,7.485718,72.76501,102019.38,0.00015743001,3.244978
2013-04-01 12:00:00,19.921844,13.987732,98.82188,100757.805,3.153427e-05,5.228003
2013-04-02 12:00:00,19.479767,11.028687,57.69939,101121.805,0.00030438413,1.8147554
2013-04-03 12:00:00,10.929199,7.0354004,52.38007,101948.97,8.589035e-05,1.4603851
2013-04-04 12:00:00,13.678314,3.2126465,278.4634,102112.7,0.0,0.5194469
2013-04-05 12:00:00,14.355988,5.615692,279.47125,102170.305,0.0,0.944565
2013-04-06 12:00:00,12.833649,5.570587,161.39491,102239.766,1.1782344e-06,3.2865183
2013-04-07 12:00:00,15.492035,9.950958,76.59974,101460.9,6.4956155e-05,3.7019813
2013-04-08 12:00:00,14.38623,7.776184,226.61855,101209.88,1.3745205e-05,5.142832
2013-04-09 12:00:00,13.396454,3.4579773,297.09586,102914.375,3.4179468e-08,3.2199948
2013-04-10 12:00:00,17.182373,3.195404,291.8363,103299.23,0.0,2.787962
2013-04-11 12:00:00,20.05008,7.6633606,287.44745,102608.45,0.0,3.517314
2013-04-12 12:00:00,22.596619,13.871338,239.5153,102100.32,0.0,3.2243621
2013-04-13 12:00:00,22.36972,13.355194,240.52483,102170.25,3.6601783e-08,3.6812382
2013-04-14 12:00:00,23.473114,15.758911,196.73311,101534.27,2.1233816e-06,4.7198734
2013-04-15 12:00:00,20.7695,10.149475,120.65188,101279.53,0.00016328433,2.4415295
2013-04-16 12:00:00,13.175995,4.570221,306.60678,101646.25,1.3194241e-07,2.922914
2013-04-17 12:00:00,19.815247,4.9391174,275.2209,101568.2,4.6071303e-11,2.9803605
2013-04-18 12:00:00,18.744781,9.374878,301.48727,101987.64,0.0,2.3969045
2013-04-19 12:00:00,17.031403,7.6882324,282.59772,102579.305,0.0,1.1727294
2013-04-20 12:00:00,23.454834,11.052032,214.1137,102165.87,7.860468e-06,1.1281596
2013-04-21 12:00:00,25.308197,15.769806,287.59808,101572.13,0.0,3.8569582
2013-04-22 12:00:00,26.94989,17.169434,261.01285,101329.54,5.015554e-07,3.3704696
2013-04-23 12:00:00,27.854492,17.614777,268.5738,101128.15,5.897993e-05,2.5617497
2013-04-24 12:00:00,20.155243,11.9574585,316.63287,101642.164,0.0,2.66704
2013-04-25 12:00:00,19.780487,8.635742,212.30664,101863.04,5.532525e-06,1.7309104
2013-04-26 12:00:00,15.69516,10.316193,89.490074,100828.26,0.0002620105,3.2682097
2013-04-27 12:00:00,13.189636,6.59964,211.87334,100990.21,7.111483e-05,2.3780766
2013-04-28 12:00:00,12.083099,7.904663,143.07503,101142.23,0.00024118931,4.5527186
2013-04-29 12:00:00,16.434357,8.254089,34.641304,101800.8,0.0003704223,5.454811
2013-04-30 12:00:00,19.474762,16.42987,105.315025,101180.53,0.0006387472,3.3763769
2013-05-01 12:00:00,18.238953,12.173431,62.007412,102261.53,0.00015944628,2.3113546
2013-05-02 12:00:00,19.371826,9.009674,322.9949,102296.49,8.580091e-08,0.5884037
2013-05-03 12:00:00,23.678314,12.781372,214.05048,101340.39,3.414927e-05,2.028885
2013-05-04 12:00:00,19.983673,13.811584,323.83514,100855.19,2.680231e-05,3.018202
2013-05-05 12:00:00,17.213806,11.178284,70.18568,100922.87,0.00018931243,1.5708609
2013-05-06 12:00:00,15.634399,12.139008,204.39508,100992.19,5.028498e-07,1.5399666
2013-05-07 12:00:00,14.686401,10.106415,182.74869,101250.055,8.867958e-06,1.987659
2013-05-08 12:00:00,17.74823,11.3909,105.10915,100265.59,0.00047591358,3.1792889
2013-05-09 12:00:00,15.55777,11.311615,146.677,100248.664,2.7580501e-05,2.2167394
2013-05-10 12:00:00,17.634857,10.191559,325.51337,101168.55,2.3312181e-07,2.4702966
2013-05-11 12:00:00,18.853394,7.5625,337.8795,102482.65,0.0,1.9026135
2013-05-12 12:00:00,23.366577,9.914307,339.46085,102614.37,0.0,2.4027042
2013-05-13 12:00:00,26.439209,12.4939575,340.12335,102387.05,0.0,2.6533782
2013-05-14 12:00:00,27.1651,13.7890625,338.52267,102189.195,0.0,2.1304953
2013-05-15 12:00:00,27.47638,15.920563,326.94235,101496.1,1.5270485e-05,2.4430447
2013-05-16 12:00:00,23.83017,16.100525,321.763,101031.04,0.0,1.4322038
2013-05-17 12:00:00,21.120056,14.571167,302.1176,100598.29,2.676422e-05,3.3616264
2013-05-18 12:00:00,19.271454,9.530151,328.45013,101088.68,0.0,0.588744
2013-05-19 12:00:00,16.815033,12.613373,177.37523,100293.21,0.00030608106,2.6277604
2013-05-20 12:00:00,14.761353,12.089722,79.07239,100784.1,5.0498784e-05,2.648974
2013-05-21 12:00:00,17.688812,9.2812195,353.99356,101366.75,1.40053915e-08,2.4656467
2013-05-22 12:00:00,19.47586,7.203247,345.38968,101629.586,0.0,1.3014916
2013-05-23 12:00:00,17.673676,12.581726,66.84973,101262.66,0.00011736684,0.8554763
2013-05-24 12:00:00,25.602753,16.220978,255.88106,100890.18,0.00020345551,2.5852468
2013-05-25 12:00:00,26.361267,21.519226,236.09154,100880.63,7.996475e-07,3.7335782
2013-05-26 12:00:00,24.117065,17.517395,132.78221,101272.91,0.00048115177,1.2639134
2013-05-27 12:00:00,19.425293,13.207581,355.69986,101935.92,1.44039905e-05,1.4525173
2013-05-28 12:00:00,21.842896,10.797699,351.1112,101509.17,0.0,2.7361007
2013-05-29 12:00:00,21.782104,17.243805,187.05266,100554.12,1.5212829e-05,2.369966
2013-05-30 12:00:00,26.769989,16.198608,284.27048,100057.85,1.8559939e-06,1.405875
2013-05-31 12:00:00,25.504425,17.072815,333.20108,100091.04,0.0,0.57066864
2013-06-01 12:00:00,25.648254,16.91272,330.7215,99927.38,2.9755585e-08,2.5870304
2013-06-02 12:00:00,23.448181,14.119049,361.25497,100767.8,0.0,2.069344
2013-06-03 12:00:00,28.007294,15.702972,255.2786,100644.54,2.3993996e-05,2.1686168
2013-06-04 12:00:00,26.071259,17.735718,362.64017,100825.41,2.728475e-05,3.1615868
2013-06-05 12:00:00,24.2818,11.764252,362.9351,101267.664,0.0,2.5499272
2013-06-06 12:00:00,25.090057,13.93927,199.58607,100913.77,0.0001611014,2.5935373
2013-06-07 12:00:00,21.605469,18.021332,101.95736,99994.85,0.00026555255,1.086173
2013-06-08 12:00:00,21.899109,15.088226,340.1403,100493.07,9.5203507e-07,1.6971202
2013-06-09 12:00:00,24.076141,14.448334,346.4219,100888.11,0.0,1.8441441
2013-06-10 12:00:00,27.163574,17.771576,286.25357,100729.6,7.046646e-05,2.895577
2013-06-11 12:00:00,29.465881,21.058716,338.39297,100309.29,0.0,2.3381748
2013-06-12 12:00:00,26.577759,19.439392,151.82495,100951.63,6.400428e-05,1.145332
2013-06-13 12:00:00,22.881775,16.66504,286.75604,101261.305,3.6771853e-05,1.4823414
2013-06-14 12:00:00,21.246704,15.078766,155.06615,101353.484,5.9242055e-05,1.5622277
2013-06-15 12:00:00,22.839752,13.995636,362.66827,101538.99,0.0,2.6685736
2013-06-16 12:00:00,25.242767,14.955048,362.20078,101801.805,0.0,1.3623081
2013-06-17 12:00:00,25.170929,15.306732,351.152,102196.766,0.0,2.4979508
2013-06-18 12:00:00,25.20877,16.901184,245.2368,102111.35,1.6371656e-06,3.372464
2013-06-19 12:00:00,25.446106,20.911316,116.653755,101602.62,7.826523e-06,4.5013266
2013-06-20 12:00:00,31.679169,23.210083,331.8637,101532.25,1.3672671e-06,2.3360226
2013-06-21 12:00:00,31.773224,22.215118,265.3191,101447.34,8.596249e-05,2.2919774
2013-06-22 12:00:00,30.055939,24.009064,325.64383,101168.13,0.0,2.0166411
2013-06-23 12:00:00,27.150879,19.743256,310.68524,101852.15,0.0,1.8945163
2013-06-24 12:00:00,23.5607,19.901031,86.613525,101284.07,8.3333674e-05,2.1784353
2013-06-25 12:00:00,23.069733,17.539673,164.55415,100669.0,0.00017760234,1.8842602
2013-06-26 12:00:00,24.683746,14.516907,359.4746,101611.02,0.0,1.797887
2013-06-27 12:00:00,27.463318,16.877106,355.67172,101729.59,0.0,1.4977406
2013-06-28 12:00:00,25.042542,19.37851,97.62085,101521.55,4.224657e-05,2.5681634
2013-06-29 12:00:00,27.87799,19.228271,305.76196,100741.69,0.00018237988,3.3445048
2013-06-30 12:00:00,24.476746,19.37259,212.28014,100492.04,0.00012660593,1.5444107
2013-07-01 12:00:00,25.192047,18.962555,297.19476,101135.49,1.36939e-06,1.6919394
2013-07-02 12:00:00,26.713531,18.256775,325.71152,101818.56,1.0387872e-07,2.0143619
2013-07-03 12:00:00,28.352936,20.273468,327.41458,101693.59,0.0,0.5230463
2013-07-04 12:00:00,31.026031,19.97696,278.37106,101015.586,1.8434821e-05,1.9599442
2013-07-05 12:00:00,28.920776,20.72052,315.47223,100624.95,0.00047021007,1.9747425
2013-07-06 12:00:00,30.245148,19.036163,352.46365,100830.16,0.0,1.2980267
2013-07-07 12:00:00,29.034943,22.447845,339.0179,100764.68,0.0,2.9898045
2013-07-08 12:00:00,27.393616,20.43866,339.89038,100731.77,5.806949e-05,1.3106306
2013-07-09 12:00:00,28.209625,19.572723,347.32928,101200.18,0.0,2.62892
2013-07-10 12:00:00,32.03473,21.95691,342.5438,100696.44,0.0,1.0678116
2013-07-11 12:00:00,29.296082,19.870148,357.4196,101579.37,0.0,1.4220848
2013-07-12 12:00:00,32.217896,17.568237,354.0802,101450.4,0.0,2.6513042
2013-07-13 12:00:00,35.991943,22.46524,335.161,100877.445,0.0,3.5800335
2013-07-14 12:00:00,36.618744,25.331451,344.34167,100841.91,0.0,1.409546
2013-07-15 12:00:00,37.777283,23.184143,335.08096,100843.086,7.689645e-06,2.442032
2013-07-16 12:00:00,35.61606,25.970062,319.66968,100701.93,8.588461e-05,1.4051988
2013-07-17 12:00:00,33.00647,23.737,293.48578,100895.15,6.298281e-05,1.6131213
2013-07-18 12:00:00,32.12033,22.02826,304.13147,101240.484,7.425355e-05,1.4464648
2013-07-19 12:00:00,34.615356,23.289093,340.22775,101557.766,0.0,1.9528784
2013-07-20 12:00:00,34.745636,24.223755,297.9833,101520.45,0.0,0.87275463
2013-07-21 12:00:00,37.991455,23.695831,319.27182,101370.74,0.0,0.5125721
2013-07-22 12:00:00,40.291138,24.322754,334.6415,101271.93,0.0,2.3456578
2013-07-23 12:00:00,37.3443,25.883972,325.13803,101416.12,0.0,1.2261488
2013-07-24 12:00:00,36.040375,24.140137,302.8288,100991.82,5.462943e-05,1.0836998
2013-07-25 12:00:00,29.725647,20.771423,318.3761,101036.42,7.464914e-05,0.9418018
2013-07-26 12:00:00,29.338654,22.443909,321.9728,101192.69,0.0,2.746256
2013-07-27 12:00:00,29.90628,21.122528,273.27975,100655.6,0.00015844198,1.6628308
2013-07-28 12:00:00,28.56784,20.824615,131.93205,100684.484,6.221307e-05,1.8897814
2013-07-29 12:00:00,27.17163,17.443573,323.99313,101053.85,1.0687012e-10,1.7766588
2013-07-30 12:00:00,29.813507,19.297974,321.7634,101456.625,4.2979144e-07,1.3481046
2013-07-31 12:00:00,31.748291,20.569366,303.89722,101815.68,1.1616888e-06,1.5006895
2013-08-01 12:00:00,30.30899,22.642883,299.68808,102047.54,0.0,2.878114
2013-08-02 12:00:00,29.200317,20.487366,301.76294,102018.695,1.2059368e-07,2.45947
2013-08-03 12:00:00,31.902954,22.329285,289.02692,101581.07,5.179229e-07,2.5624368
2013-08-04 12:00:00,30.288055,23.217133,156.60286,101167.125,9.166655e-05,2.1413822
2013-08-05 12:00:00,28.938263,21.894012,253.46022,101321.91,5.037624e-05,0.9373818
2013-08-06 12:00:00,29.037628,21.527405,289.2068,101673.445,6.1497585e-06,0.86455345
2013-08-07 12:00:00,29.759674,21.838043,234.68817,101851.66,3.10535e-05,1.8075578
2013-08-08 12:00:00,31.946411,22.51477,251.47728,101457.25,0.0,3.0774193
2013-08-09 12:00:00,35.92868,25.56903,262.7452,101006.375,4.259231e-05,2.993908
2013-08-10 12:00:00,26.881683,22.16513,96.53491,101423.05,0.00020767772,1.3862509
2013-08-11 12:00:00,25.509613,21.019318,246.57353,101430.984,2.6517442e-05,1.1308709
2013-08-12 12:00:00,25.520264,20.393372,178.47284,101197.58,1.9765428e-06,2.511935
2013-08-13 12:00:00,23.7229,20.631104,75.876595,100356.12,0.0013568586,0.85740954
2013-08-14 12:00:00,27.178864,18.527405,313.9346,101024.68,2.5282523e-08,2.6163378
2013-08-15 12:00:00,25.72165,18.862488,307.13953,101508.914,0.0,1.5158315
2013-08-16 12:00:00,24.587158,18.786499,229.92549,100993.47,1.5452338e-07,1.6241561
2013-08-17 12:00:00,24.712433,19.700165,211.98901,100010.305,3.098985e-05,1.6074948
2013-08-18 12:00:00,25.641083,16.229248,303.01178,100921.08,7.16494e-10,2.9346266
2013-08-19 12:00:00,25.119415,15.091217,284.2419,102274.83,0.0,1.1041437
2013-08-20 12:00:00,28.713928,16.984283,267.40186,101935.86,0.0,2.6245642
2013-08-21 12:00:00,29.341461,20.231415,284.59555,101174.21,8.611867e-09,2.5120924
2013-08-22 12:00:00,30.696838,19.411438,296.06253,101174.4,0.0,2.510817
2013-08-23 12:00:00,33.48944,20.246796,291.5825,101309.68,0.0,1.124347
2013-08-24 12:00:00,33.750854,23.828888,258.0959,101247.91,4.7823523e-06,1.6106758
2013-08-25 12:00:00,29.329376,23.837067,206.0837,101628.6,0.00016569073,0.9985075
2013-08-26 12:00:00,31.31195,22.568787,277.76944,101534.25,0.0,3.1144695
2013-08-27 12:00:00,28.723785,22.999207,183.72836,101589.01,5.803424e-05,0.49431396
2013-08-28 12:00:00,26.059906,22.033142,148.84221,101776.68,4.1128897e-05,0.85859734
2013-08-29 12:00:00,29.332794,19.922333,274.10428,101663.64,9.3072697e-07,1.2776499
2013-08-30 12:00:00,30.7081,21.82019,172.74902,101277.87,2.771032e-10,1.9115294
2013-08-31 12:00:00,29.285187,20.870514,228.8089,100937.5,9.1565365e-05,0.5016231
2013-09-01 12:00:00,32.30194,22.844055,236.1411,100761.24,0.0,2.1220808
2013-09-02 12:00:00,28.740173,21.867218,92.36679,101259.61,0.00019361862,0.87028027
2013-09-03 12:00:00,31.246521,22.842133,239.68353,100685.87,0.00012664779,1.0218614
2013-09-04 12:00:00,24.90744,21.207886,97.89446,100435.91,0.00012479539,1.7348093
2013-09-05 12:00:00,25.365875,18.369812,262.76456,100330.586,4.152458e-05,3.198521
2013-09-06 12:00:00,22.54013,15.688446,273.95737,101141.12,0.0,2.5736697
2013-09-07 12:00:00,22.968872,14.125092,265.55048,101457.97,0.0,1.2285366
2013-09-08 12:00:00,22.955048,17.757751,73.5359,101351.01,0.00040441254,2.0588164
2013-09-09 12:00:00,19.622406,17.64978,90.35936,101549.43,0.00031286964,2.6077342
2013-09-10 12:00:00,21.97879,13.541595,264.5766,101983.875,7.556918e-10,1.824081
2013-09-11 12:00:00,22.960419,15.882446,251.9296,102232.29,2.9446008e-09,1.8016868
2013-09-12 12:00:00,23.003479,15.511261,236.32576,102255.164,0.0,1.299684
2013-09-13 12:00:00,23.39618,15.543579,253.85577,101953.27,0.0,1.0546544
2013-09-14 12:00:00,25.684235,16.168762,238.70143,101540.99,0.0,0.82398254
2013-09-15 12:00:00,27.51648,19.047852,222.19978,101326.54,0.0,1.1602721
2013-09-16 12:00:00,25.096771,20.276337,222.35587,101297.125,7.5344207e-07,2.2311199
2013-09-17 12:00:00,23.618195,15.191315,249.09204,101607.56,0.0,0.5675238
2013-09-18 12:00:00,25.379303,19.440826,109.59426,100805.52,1.42804365e-05,2.825076
2013-09-19 12:00:00,24.348663,20.010254,127.81399,100055.79,1.3490799e-05,2.3538733
2013-09-20 12:00:00,22.892609,14.4809265,239.847,100496.914,0.0,2.3650317
2013-09-21 12:00:00,19.510925,10.624634,246.27518,101524.35,0.0,2.9385064
2013-09-22 12:00:00,24.32727,11.669586,206.13713,101701.12,0.0,2.4217248
2013-09-23 12:00:00,21.69101,14.318329,236.66284,101945.51,0.0,2.5770056
2013-09-24 12:00:00,22.753082,11.924774,225.22745,102429.766,0.0,1.2839265
2013-09-25 12:00:00,27.479889,15.016174,222.19003,102213.1,0.0,2.457326
2013-09-26 12:00:00,25.597809,16.339447,158.36955,102202.086,4.2764478e-07,2.566195
2013-09-27 12:00:00,27.2388,19.020416,144.3301,102034.17,1.1834055e-06,1.1800896
2013-09-28 12:00:00,24.864777,14.886444,222.6604,102254.83,0.0,0.3295178
2013-09-29 12:00:00,26.798676,15.150085,132.36624,101594.766,2.4418675e-06,2.2488422
2013-09-30 12:00:00,25.268036,20.71463,78.63407,100932.94,6.199207e-05,3.297231
2013-10-01 12:00:00,24.69925,20.509644,51.695335,101040.35,0.0002853633,2.1324174
2013-10-02 12:00:00,22.53714,19.978607,34.912407,101198.984,0.001276946,1.8553166
2013-10-03 12:00:00,22.735992,19.78421,53.2149,101106.734,0.0005067772,2.5873978
2013-10-04 12:00:00,22.195892,19.706848,36.846317,100975.66,0.0008884313,3.2881746
2013-10-05 12:00:00,21.845581,19.628204,42.860264,100970.18,0.00081757887,2.55312
2013-10-06 12:00:00,21.896057,15.624451,150.64651,101258.305,1.7457166e-06,1.8950449
2013-10-07 12:00:00,22.017487,14.513245,200.09451,101295.49,0.0,1.238568
2013-10-08 12:00:00,20.804596,14.522247,126.46102,101171.43,0.0,2.1198769
2013-10-09 12:00:00,21.75772,14.191193,195.15898,101320.62,0.0,2.3930376
2013-10-10 12:00:00,19.910309,14.395416,188.73344,101346.28,0.0,3.1693773
2013-10-11 12:00:00,17.803772,12.411804,185.55304,101296.19,2.1121996e-07,2.604306
2013-10-12 12:00:00,15.401184,12.34433,98.95749,101208.53,1.1116992e-05,1.982869
2013-10-13 12:00:00,18.983856,10.574432,86.85295,101413.4,6.5927597e-06,1.8707336
2013-10-14 12:00:00,23.248901,18.802826,88.04265,101427.26,1.20028535e-05,4.9492226
2013-10-15 12:00:00,21.409058,13.785645,80.305,101614.19,2.7804184e-05,1.1998826
2013-10-16 12:00:00,15.601959,10.121521,172.92178,101961.38,0.0,2.7928123
2013-10-17 12:00:00,12.255493,6.721344,171.56908,102865.85,0.0,3.4187093
2013-10-18 12:00:00,18.147797,10.20932,15.7840185,101891.53,0.00045755022,4.4214225
2013-10-19 12:00:00,20.879395,14.201752,161.54555,100797.914,5.5254794e-05,2.8027964
2013-10-20 12:00:00,16.084808,9.177612,162.63937,102242.66,1.8094828e-07,2.3838456
2013-10-21 12:00:00,17.484436,12.598206,53.590828,102532.336,3.463147e-05,2.6143794
2013-10-22 12:00:00,19.791504,16.426971,135.55722,101693.02,0.00043031175,2.9054115
2013-10-23 12:00:00,17.944519,11.200531,170.00793,101769.305,0.0,2.7015889
2013-10-24 12:00:00,19.649597,10.453369,163.6371,101226.35,0.0,3.3691573
2013-10-25 12:00:00,14.58197,6.0825195,170.34235,102200.055,0.0,3.2684045
2013-10-26 12:00:00,15.037781,4.063019,165.65701,102769.77,0.0,1.037186
2013-10-27 12:00:00,19.562653,8.330933,119.38455,102510.01,4.4132143e-05,2.1460996
2013-10-28 12:00:00,19.830902,10.176819,22.486156,101759.62,0.0003834427,2.8387134
2013-10-29 12:00:00,13.352905,7.102234,158.18086,102215.28,0.0,2.4361563
2013-10-30 12:00:00,16.665314,7.106262,96.142876,102283.586,2.2136903e-05,2.7713602
2013-10-31 12:00:00,19.965515,16.031128,61.518257,101477.18,0.00011771062,2.762365
2013-11-01 12:00:00,17.958801,13.810059,108.52065,100947.65,0.00020729494,2.245536
2013-11-02 12:00:00,14.615814,7.759735,150.00497,101180.01,0.0,2.439052
2013-11-03 12:00:00,13.046326,7.008545,147.00093,101621.1,9.894895e-08,3.346964
2013-11-04 12:00:00,9.73587,3.9967957,128.60922,102314.85,1.5442301e-05,2.3838513
2013-11-05 12:00:00,7.9121094,3.7733765,147.33417,102284.73,2.3477696e-05,3.9348288
2013-11-06 12:00:00,12.619141,2.3444824,139.13167,102128.5,4.6235832e-07,2.6354523
2013-11-07 12:00:00,15.826202,6.465973,137.87627,101948.4,0.0,1.909
2013-11-08 12:00:00,16.457794,7.3658752,136.53867,101819.22,0.0,2.1536958
2013-11-09 12:00:00,12.515625,8.040039,49.592434,101866.79,2.4784774e-07,2.3317826
2013-11-10 12:00:00,9.383148,1.7865906,120.486244,102764.12,1.7931208e-07,4.8796124
2013-11-11 12:00:00,14.288513,4.555237,37.16428,101665.305,0.0002340968,0.81056505
2013-11-12 12:00:00,13.885101,1.6202087,131.59811,101108.42,6.6227505e-05,5.7898426
2013-11-13 12:00:00,7.3117676,-0.12158203,133.86894,101777.66,0.0,3.7715733
2013-11-14 12:00:00,9.541046,1.6033936,125.8545,101152.86,0.0,2.44461
2013-11-15 12:00:00,6.154541,-0.4560547,125.0175,101184.47,0.0,4.255825
2013-11-16 12:00:00,1.9602966,-1.7171631,128.58412,101702.15,2.0827167e-09,3.3810096
2013-11-17 12:00:00,2.7375488,-1.9462585,125.56636,101695.21,2.968392e-08,4.4724298
2013-11-18 12:00:00,5.6895447,-0.1171875,124.89763,101997.195,5.0001427e-07,3.8170774
2013-11-19 12:00:00,10.051605,0.036010742,113.870995,102486.19,9.90941e-07,2.7050636
2013-11-20 12:00:00,16.640717,7.1057434,96.05147,102900.61,1.2863504e-08,2.2185185
2013-11-21 12:00:00,16.822327,9.212524,80.95247,102846.586,1.7328006e-05,2.7633321
2013-11-22 12:00:00,19.286072,16.553558,19.673382,102224.7,2.3184668e-05,5.451295
2013-11-23 12:00:00,19.288055,17.437347,42.123608,102531.125,0.00022024127,2.6081827
2013-11-24 12:00:00,17.717651,9.302124,31.408712,102426.41,7.567952e-05,1.6652148
2013-11-25 12:00:00,10.950684,5.614563,115.15229,103037.58,0.0,3.3697128
2013-11-26 12:00:00,11.263641,3.0063171,113.99562,103077.58,9.479226e-10,2.5343559
2013-11-27 12:00:00,11.627502,2.7134705,114.310814,103319.8,0.0,1.4766126
2013-11-28 12:00:00,15.067535,5.8673096,97.346054,103051.336,1.06844034e-07,0.56061286
2013-11-29 12:00:00,11.72113,3.3904724,112.37068,102283.875,0.0,3.8183806
2013-11-30 12:00:00,5.4644775,1.1182556,112.00073,102321.28,0.0,4.458214
2013-12-01 12:00:00,7.7626038,-0.24389648,111.2622,101830.15,0.0,3.0454352
2013-12-02 12:00:00,6.865631,0.7033386,98.67323,101227.4,3.5608736e-07,2.5553021
2013-12-03 12:00:00,7.539795,0.6757202,89.5181,101504.75,1.909378e-09,1.1616687
2013-12-04 12:00:00,8.9887085,4.017456,84.120636,100607.91,2.9289686e-05,0.6205373
2013-12-05 12:00:00,6.89505,0.82003784,26.516562,101287.086,5.5421115e-05,4.022045
2013-12-06 12:00:00,7.9999695,-0.5002136,45.797432,101847.78,5.221603e-05,4.437003
2013-12-07 12:00:00,13.640015,8.023407,17.895882,100545.8,0.0004408382,6.8041396
2013-12-08 12:00:00,12.306122,2.443573,98.66216,100147.07,8.8109135e-07,5.244324
2013-12-09 12:00:00,5.404907,0.3440857,102.14099,101032.266,1.2389471e-07,3.6518555
2013-12-10 12:00:00,3.750061,-1.0278015,105.81736,101557.21,0.0,3.245186
2013-12-11 12:00:00,4.3535767,-1.9429932,103.11587,102371.75,0.0,1.3771791
2013-12-12 12:00:00,16.21463,2.021637,7.63015,100943.164,0.00084232975,4.0259695
2013-12-13 12:00:00,15.495789,3.5568237,99.94854,100165.016,4.0345185e-07,4.7390127
2013-12-14 12:00:00,4.3208923,-0.42214966,86.305305,101509.305,0.0,3.7533495
2013-12-15 12:00:00,7.898041,2.9387207,93.68254,101296.3,0.0,3.6522768
2013-12-16 12:00:00,6.8823853,1.5815125,47.313206,101341.664,2.4510537e-05,1.1304711
2013-12-17 12:00:00,8.406891,1.5094604,101.53618,101074.24,1.6747723e-06,4.214502
2013-12-18 12:00:00,4.805664,-1.7192383,100.73402,102193.555,0.0,1.7163746
2013-12-19 12:00:00,10.666107,0.6859131,26.2198,102076.13,3.0613255e-06,2.2059724
2013-12-20 12:00:00,16.825256,10.754578,29.216675,100987.234,3.1444022e-05,4.210533
2013-12-21 12:00:00,14.122772,6.895172,14.27366,101812.52,0.00014654288,2.6291823
2013-12-22 12:00:00,18.400238,10.403534,47.511875,100935.55,9.2965085e-05,3.432468
2013-12-23 12:00:00,10.757599,3.7671814,99.68487,101947.336,0.0,1.0555936
2013-12-24 12:00:00,10.360077,-0.23251343,102.136444,101365.336,1.0371054e-06,3.606971
2013-12-25 12:00:00,3.059204,-2.346161,101.33868,102313.81,0.0,1.8271894
2013-12-26 12:00:00,10.799286,0.16516113,27.963766,101363.81,3.581132e-05,3.6661391
2013-12-27 12:00:00,10.526978,0.44979858,102.304474,101835.08,0.0,4.277169
2013-12-28 12:00:00,0.55422974,-2.3521729,75.47964,102860.414,0.0,2.8181715
2013-12-29 12:00:00,0.9845581,-3.2005615,104.26219,102767.44,1.13611385e-07,3.7622342
2013-12-30 12:00:00,1.5651245,-3.6562805,105.32293,102910.695,0.0,2.3194637
2013-12-31 12:00:00,4.8812866,-0.8616638,105.691505,102673.83,0.0,2.0670667
2014-01-01 12:00:00,10.06839,0.035949707,57.877293,102995.25,4.3280857e-06,2.6796074
2014-01-02 12:00:00,17.840576,10.231079,44.43003,101485.34,0.0003333121,3.8957183
2014-01-03 12:00:00,17.351776,12.577698,24.305164,100489.74,0.00023992448,1.2960899
2014-01-04 12:00:00,15.087738,-2.5672302,101.55897,100589.305,9.337738e-06,6.179426
2014-01-05 12:00:00,-0.0703125,-2.8206787,105.86232,100819.62,6.980297e-09,4.18579
2014-01-06 12:00:00,1.0509949,-2.3424072,107.242615,101332.055,0.0,3.190441
2014-01-07 12:00:00,5.4477234,0.11248779,61.29725,101099.02,9.2487e-08,3.628341
2014-01-08 12:00:00,5.5642395,2.012146,14.769955,100757.45,0.00016283327,1.1925126
2014-01-09 12:00:00,5.8532104,1.6486511,109.94309,101205.29,1.5161641e-05,3.319322
2014-01-10 12:00:00,7.081787,-1.6984863,110.86634,102555.4,0.0,0.8735779
2014-01-11 12:00:00,7.669983,2.273346,43.882706,101230.055,1.0835633e-07,2.5008926
2014-01-12 12:00:00,5.664917,-0.387146,103.40288,101345.52,1.4382987e-07,2.648572
2014-01-13 12:00:00,5.752136,-1.322937,98.97493,102240.445,4.4050444e-06,3.5815685
2014-01-14 12:00:00,15.588867,5.7980957,16.433071,101479.9,0.0003811989,4.663221
2014-01-15 12:00:00,15.735443,0.64505005,117.31314,100268.05,0.00022328051,6.5320168
2014-01-16 12:00:00,2.234253,-3.792633,121.374275,101275.48,0.0,7.121998
2014-01-17 12:00:00,2.9934692,-1.236145,120.39245,102021.19,0.0,2.747252
2014-01-18 12:00:00,3.0682068,-1.353302,61.44572,101457.516,3.6315614e-05,1.406965
2014-01-19 12:00:00,0.44088745,-2.0622864,93.26124,99841.1,0.00021153854,4.1835027
2014-01-20 12:00:00,-2.1299133,-9.096344,128.94095,100067.31,1.3875116e-08,4.235684
2014-01-21 12:00:00,-2.4311523,-8.689606,130.78874,100986.87,0.0,4.395572
2014-01-22 12:00:00,4.4076233,-6.4635925,127.01257,101801.19,0.0,3.8939455
2014-01-23 12:00:00,5.758911,-8.129852,126.47903,102603.52,0.0,0.72540975
2014-01-24 12:00:00,12.112762,0.15438843,65.878235,102487.93,5.6558324e-06,3.8091774
2014-01-25 12:00:00,14.976074,5.8776245,14.602278,100833.23,0.00038135605,2.6845875
2014-01-26 12:00:00,8.034546,-1.249176,130.47234,101846.27,0.0,2.6617944
2014-01-27 12:00:00,6.016266,-3.0829163,132.95122,102942.59,0.0,2.2692144
2014-01-28 12:00:00,8.940094,-1.8513489,132.8222,103411.2,0.0,1.5271659
2014-01-29 12:00:00,12.150879,0.5786743,114.213875,103096.77,0.0,1.3645031
2014-01-30 12:00:00,10.409149,4.5875244,66.449875,102604.664,1.9438141e-07,0.8363671
2014-01-31 12:00:00,9.06839,3.417328,84.2101,102801.42,7.404819e-06,2.8836002
2014-02-01 12:00:00,15.038086,8.321808,32.142048,101877.02,0.00020041305,2.984861
2014-02-02 12:00:00,15.312073,8.7117,28.13195,99892.445,0.00044937324,1.9899983
2014-02-03 12:00:00,8.6171875,3.6932678,140.42647,100387.78,2.3726443e-06,4.327344
2014-02-04 12:00:00,6.342804,1.9425354,49.72392,100353.32,6.834436e-06,0.36811092
2014-02-05 12:00:00,3.8233643,0.9413452,146.74933,100371.64,2.7221029e-06,6.2147365
2014-02-06 12:00:00,5.433838,-1.2905579,146.77641,101447.43,0.0,3.1918721
2014-02-07 12:00:00,6.3875427,0.64398193,122.120445,102067.02,1.054966e-06,0.63002944
2014-02-08 12:00:00,5.65921,3.4769897,44.410553,101947.75,0.00010183692,2.8335314
2014-02-09 12:00:00,6.273712,1.7013855,138.66962,103033.484,3.5309147e-06,2.5020802
2014-02-10 12:00:00,12.050354,3.7124023,71.37334,101997.17,6.011119e-06,1.4366808
2014-02-11 12:00:00,16.186066,10.952179,42.798523,100024.336,6.0787348e-05,2.8495018
2014-02-12 12:00:00,14.484711,3.1750183,24.651724,99419.91,0.00030381983,2.4369366
2014-02-13 12:00:00,3.6894226,0.045928955,160.80148,100030.086,9.681956e-07,5.3383718
2014-02-14 12:00:00,2.5329895,-1.9668579,161.1455,101033.66,2.1374023e-10,3.5574942
2014-02-15 12:00:00,3.2277222,-2.5459595,114.7618,101188.56,2.4123547e-05,1.1962854
2014-02-16 12:00:00,8.514893,-1.6835022,147.86702,98898.82,0.00029539483,2.863103
2014-02-17 12:00:00,0.7019348,-2.2303467,144.47578,100834.34,5.367856e-07,5.920463
2014-02-18 12:00:00,1.0348511,-3.2591553,180.28194,102297.12,8.848305e-08,4.790395
2014-02-19 12:00:00,1.2294922,-6.197296,179.65764,103020.71,0.0,2.0977538
2014-02-20 12:00:00,4.5421143,-1.971405,102.70467,102414.05,8.684459e-06,0.68317705
2014-02-21 12:00:00,9.1203,-2.2785034,174.79892,101272.555,7.1283796e-07,3.740225
2014-02-22 12:00:00,8.270233,-0.573761,107.62052,101406.01,7.949612e-06,2.550124
2014-02-23 12:00:00,2.9076843,-3.9378052,171.15033,101556.875,3.6635924e-05,2.119845
2014-02-24 12:00:00,-0.36590576,-4.561798,98.36911,101853.305,3.2627652e-06,2.9806397
2014-02-25 12:00:00,1.1012268,-9.55426,196.1202,102635.91,0.0,2.7676048
2014-02-26 12:00:00,5.599457,-4.404297,195.43399,102347.25,0.0,3.1200264
2014-02-27 12:00:00,3.3795776,-2.7406921,140.26282,102584.0,0.0,1.561058
2014-02-28 12:00:00,1.7599487,-1.0498047,60.02123,102138.31,7.187985e-05,4.14291
2014-03-01 12:00:00,0.6773071,-1.3830872,101.81844,101360.86,0.00027360977,5.894863
2014-03-02 12:00:00,3.570282,-6.4594116,213.1499,101565.53,0.0,2.865183
2014-03-03 12:00:00,5.163025,-2.3033142,114.058235,101429.92,7.175604e-08,2.052217
2014-03-04 12:00:00,3.2468872,0.7059021,94.15452,101311.31,8.038106e-05,4.8910193
2014-03-05 12:00:00,2.6384583,-8.990021,219.10687,102392.95,0.0,2.4430292
2014-03-06 12:00:00,8.42218,-5.3220825,194.55963,102897.05,0.0,2.4228256
2014-03-07 12:00:00,13.608337,7.745941,28.797108,102085.27,0.00028435327,4.239941
2014-03-08 12:00:00,14.115265,5.882416,167.0721,101488.945,0.00062557205,2.306256
2014-03-09 12:00:00,5.6978455,-0.74154663,214.62024,102034.86,1.5898884e-08,3.8783038
2014-03-10 12:00:00,6.587219,-2.7458801,220.5797,102075.71,7.9079335e-08,3.245568
2014-03-11 12:00:00,13.523865,3.3314514,172.88417,101651.95,0.0,3.656657
2014-03-12 12:00:00,15.163788,2.41333,221.07443,101901.99,0.0,1.7707866
2014-03-13 12:00:00,13.432587,6.12973,143.62393,101731.64,6.5737795e-06,0.8665318
2014-03-14 12:00:00,6.0478516,1.9544678,30.997786,101145.73,0.0004596571,8.09615
2014-03-15 12:00:00,5.646515,0.8694153,101.96972,100668.28,0.0002664653,4.0708256
2014-03-16 12:00:00,10.475708,0.08828735,239.2734,101839.22,0.0,2.0840287
2014-03-17 12:00:00,14.389587,-0.6464844,222.02274,101963.625,0.0,1.995972
2014-03-18 12:00:00,13.121277,2.322815,227.4317,101634.63,0.0,0.69046456
2014-03-19 12:00:00,18.550568,7.3616333,178.32812,101513.45,1.8361638e-05,0.6179262
2014-03-20 12:00:00,16.665588,11.854431,95.02759,101837.99,5.1099298e-05,1.8405745
2014-03-21 12:00:00,19.665161,14.981171,233.497,102120.65,7.588352e-05,2.808013
2014-03-22 12:00:00,17.983276,9.04184,243.00128,102490.484,1.7064952e-08,0.60651493
2014-03-23 12:00:00,18.067474,9.5624695,165.67375,102286.58,1.0722421e-06,0.5584449
2014-03-24 12:00:00,14.755524,8.195374,159.79097,102229.695,2.4330236e-06,2.0743887
2014-03-25 12:00:00,17.208832,11.880951,92.42331,101901.13,0.0001628559,3.0183349
2014-03-26 12:00:00,19.582184,13.582611,237.74074,101649.21,1.5346244e-05,1.9859927
2014-03-27 12:00:00,18.717926,11.550568,243.38078,101687.78,0.0,0.1878503
2014-03-28 12:00:00,19.039124,12.117889,254.72496,101276.26,1.6910894e-07,1.5481501
2014-03-29 12:00:00,16.07788,7.341461,269.15945,101245.734,0.0,4.655843
2014-03-30 12:00:00,9.437347,3.8309631,276.8672,101201.16,0.0,5.3307133
2014-03-31 12:00:00,10.505371,-0.89782715,280.57138,101987.44,0.0,1.4188911
2014-04-01 12:00:00,18.391022,3.7091675,191.3058,101931.086,0.0,3.1312525
2014-04-02 12:00:00,18.210266,15.070465,68.56734,101334.21,0.00023628504,3.423267
2014-04-03 12:00:00,15.512634,11.206543,137.45622,101023.66,6.7826484e-05,1.7002591
2014-04-04 12:00:00,12.399384,5.9177246,214.17752,101355.586,3.9985594e-07,2.268097
2014-04-05 12:00:00,19.614044,9.48764,252.9588,100635.75,3.32029e-05,2.0398645
2014-04-06 12:00:00,22.36264,8.327881,263.52875,100410.22,3.5684813e-08,2.424739
2014-04-07 12:00:00,18.403137,12.722168,37.372364,100331.61,0.00013996562,2.1150978
2014-04-08 12:00:00,19.282959,13.582245,51.308956,99978.164,0.00024988377,2.8144457
2014-04-09 12:00:00,16.892761,11.187103,265.81183,100764.23,6.095624e-08,3.4064074
2014-04-10 12:00:00,15.414215,6.716614,290.4755,101700.66,0.0,0.14099431
2014-04-11 12:00:00,17.04956,8.792572,111.27916,101235.05,7.979862e-05,2.652562
2014-04-12 12:00:00,12.9678955,4.4042664,239.25462,101107.164,1.0728195e-05,4.255929
2014-04-13 12:00:00,13.05603,2.7986145,208.39311,101059.875,2.6958174e-05,2.8249478
2014-04-14 12:00:00,8.083099,2.8500671,282.36435,101395.97,3.6444058e-06,4.6245103
2014-04-15 12:00:00,9.170837,0.436615,246.79419,102460.84,4.2568807e-08,2.7386343
2014-04-16 12:00:00,10.92627,0.9270325,303.61157,103117.22,3.818756e-10,1.1422697
2014-04-17 12:00:00,13.666107,5.897156,163.21877,103212.73,1.7828713e-06,1.7284919
2014-04-18 12:00:00,21.287872,8.135986,288.91763,102452.51,1.0388344e-07,3.374803
2014-04-19 12:00:00,23.043243,12.871216,253.20868,101277.23,1.5401789e-05,1.9135174
2014-04-20 12:00:00,13.321625,8.993622,175.62003,101625.96,2.039608e-05,4.430683
2014-04-21 12:00:00,13.962372,5.513489,284.59824,101676.71,0.0,2.966037
2014-04-22 12:00:00,20.17044,11.598907,276.54105,100059.7,0.00026286137,1.6534204
2014-04-23 12:00:00,17.116913,10.091919,304.79437,100751.13,1.6856063e-08,1.8755028
2014-04-24 12:00:00,17.91626,11.77536,250.94115,100776.18,0.00010131593,1.8395246
2014-04-25 12:00:00,13.51767,6.363037,162.03162,102009.58,2.7921295e-05,3.1560612
2014-04-26 12:00:00,16.76065,6.646637,179.78961,101026.03,0.00023716151,4.064185
2014-04-27 12:00:00,14.363983,11.034668,223.24518,100659.66,0.00011025076,2.2885997
2014-04-28 12:00:00,16.073486,5.96579,307.94382,101708.984,2.2532103e-09,1.9343
2014-04-29 12:00:00,19.58902,8.245331,320.4164,102263.08,0.0,1.0903333
2014-04-30 12:00:00,20.54364,11.025818,250.49014,102159.234,2.1881e-06,2.8978024
2014-05-01 12:00:00,21.305695,14.577423,160.65634,100916.24,0.00028036835,1.8217872
2014-05-02 12:00:00,20.017365,13.505249,326.50244,100880.49,0.0,3.5020769
2014-05-03 12:00:00,20.102722,9.3732605,331.61615,101192.195,0.0,2.4267924
2014-05-04 12:00:00,21.052246,11.6996155,325.7468,101378.76,0.0,0.7744259
2014-05-05 12:00:00,21.983948,11.715698,315.52673,101998.08,0.0,2.6156957
2014-05-06 12:00:00,26.013947,14.034332,317.19757,101644.51,0.0,3.0040553
2014-05-07 12:00:00,28.682007,18.343811,296.4895,101103.016,0.00012391247,3.0314972
2014-05-08 12:00:00,19.43686,16.723907,176.29285,101583.1,1.1359653e-05,1.5798794
2014-05-09 12:00:00,19.597534,14.034485,193.38031,101950.02,4.363599e-06,1.3593671
2014-05-10 12:00:00,22.225433,16.520996,132.45305,101544.65,1.960693e-05,2.05562
2014-05-11 12:00:00,20.996033,13.062134,225.42313,101656.34,0.000173454,2.8592272
2014-05-12 12:00:00,17.535126,10.680878,149.15453,101161.75,0.00018495008,1.6942401
2014-05-13 12:00:00,17.17096,10.435669,304.49753,99550.75,0.0001296288,3.6628218
2014-05-14 12:00:00,17.47467,7.5966187,233.67496,99637.59,4.0949115e-05,3.036132
2014-05-15 12:00:00,10.366791,4.6346436,269.46027,99675.44,4.8060576e-07,4.894164
2014-05-16 12:00:00,14.402283,5.020172,352.75998,100130.47,8.131477e-09,5.3674026
2014-05-17 12:00:00,20.505768,6.43808,343.0161,100814.35,0.0,2.710765
2014-05-18 12:00:00,21.679657,10.005646,250.47536,100926.71,0.0,1.155785
2014-05-19 12:00:00,25.703308,15.281464,341.32953,100705.914,1.8580013e-05,2.8072543
2014-05-20 12:00:00,23.671967,15.175873,290.7472,100678.195,0.0,3.8420885
2014-05-21 12:00:00,21.807434,11.4646,341.50427,101141.2,6.5387496e-08,3.7593079
2014-05-22 12:00:00,25.602173,11.991425,313.3432,101190.88,0.0,1.9377625
2014-05-23 12:00:00,23.371063,14.8281555,214.87755,101061.8,7.040842e-05,1.4279263
2014-05-24 12:00:00,21.03479,10.917114,304.92276,101420.8,1.6091074e-07,3.489292
2014-05-25 12:00:00,23.148346,12.432373,282.3622,101260.44,5.6732357e-08,2.779897
2014-05-26 12:00:00,25.056488,16.092468,152.92407,100763.22,2.2369451e-07,1.7654338
2014-05-27 12:00:00,30.59311,17.437683,315.67358,100505.39,1.9053031e-06,2.1713204
2014-05-28 12:00:00,28.48349,17.765778,290.23615,100796.15,3.1047784e-05,1.8979903
2014-05-29 12:00:00,25.767334,19.011871,124.5282,100887.58,0.00021531995,1.0856203
2014-05-30 12:00:00,23.083527,17.75885,155.08266,100762.72,4.1384836e-05,0.47212338
2014-05-31 12:00:00,24.93399,16.1221,347.14984,100950.51,2.72503e-05,0.53856844
2014-06-01 12:00:00,26.221924,16.512085,239.00935,100607.5,2.3662724e-05,2.1792352
2014-06-02 12:00:00,21.359009,14.711273,359.5138,101124.234,2.3274542e-07,2.4216928
2014-06-03 12:00:00,21.06659,11.373871,262.512,101792.53,0.0,1.7419796
2014-06-04 12:00:00,22.528137,14.553864,206.5497,101711.18,0.0,1.5954748
2014-06-05 12:00:00,20.259064,17.470978,91.9176,101132.16,0.00022421354,1.3660668
2014-06-06 12:00:00,26.921844,16.926392,341.0046,100637.414,9.564808e-10,1.7425196
2014-06-07 12:00:00,24.85382,19.036133,352.30405,101181.516,0.0,2.351798
2014-06-08 12:00:00,24.05722,10.951874,333.612,102317.375,0.0,0.7821031
2014-06-09 12:00:00,30.350006,20.60904,310.0067,101876.19,0.0,4.073943
2014-06-10 12:00:00,31.075287,25.301147,284.59943,101002.914,7.498105e-08,3.662324
2014-06-11 12:00:00,28.910187,19.963837,114.14348,100498.71,0.0002607059,0.65219593
2014-06-12 12:00:00,26.896118,17.521973,332.4673,100469.23,3.3711933e-06,1.8188176
2014-06-13 12:00:00,25.32309,18.525665,355.67654,100689.73,0.0,1.984398
2014-06-14 12:00:00,25.315857,14.468597,358.71964,101054.28,0.0,0.7518194
2014-06-15 12:00:00,24.291138,17.398926,353.4544,101155.766,1.8066191e-07,2.1235495
2014-06-16 12:00:00,27.160034,14.827026,359.78287,101306.41,0.0,1.2817732
2014-06-17 12:00:00,25.78482,16.902191,166.9995,100868.24,6.576605e-05,2.9943297
2014-06-18 12:00:00,29.578735,22.118011,312.1689,100378.68,8.509887e-06,3.514797
2014-06-19 12:00:00,29.151642,21.408356,215.88554,100747.336,1.1807463e-05,2.5636508
2014-06-20 12:00:00,22.94101,14.269012,209.79388,101640.34,4.4654547e-09,2.1961973
2014-06-21 12:00:00,23.184174,14.257782,356.52936,101704.31,0.0,3.0599368
2014-06-22 12:00:00,24.864868,13.423431,356.0279,101796.6,0.0,2.1755853
2014-06-23 12:00:00,27.461151,14.59079,341.937,101562.95,0.0,2.5385807
2014-06-24 12:00:00,30.750214,22.029358,305.42078,101177.21,0.0,4.3678412
2014-06-25 12:00:00,28.88028,22.203186,121.045876,101428.86,7.897114e-06,0.71853226
2014-06-26 12:00:00,31.385406,19.475891,328.39215,101572.63,0.0,0.80342007
2014-06-27 12:00:00,35.715424,22.920715,325.3288,101588.77,2.564117e-06,1.8110778
2014-06-28 12:00:00,34.430237,23.237122,283.04642,101656.73,2.6559024e-05,1.2665615
2014-06-29 12:00:00,34.235962,22.712341,325.06985,101506.586,6.461005e-05,1.5590924
2014-06-30 12:00:00,34.153625,24.032104,301.60733,100984.3,2.4879291e-05,2.5230455
2014-07-01 12:00:00,30.72174,21.073364,322.14203,100391.24,0.00013857409,1.8040798
2014-07-02 12:00:00,23.599884,16.145569,174.15425,101082.14,8.160819e-05,6.30889
2014-07-03 12:00:00,20.843536,15.012634,41.85565,100792.94,0.00051558856,6.9565897
2014-07-04 12:00:00,22.555237,18.63739,111.31762,100875.01,0.0016423516,1.0457883
2014-07-05 12:00:00,22.975159,19.475494,113.8126,101569.34,0.000369613,1.9558042
2014-07-06 12:00:00,28.656189,19.956604,246.71806,101632.336,0.00013276881,1.1311105
2014-07-07 12:00:00,29.887085,21.611847,328.88467,101226.84,7.3938313e-06,1.5906286
2014-07-08 12:00:00,30.653229,21.593018,303.23956,100906.07,2.345417e-05,1.2932601
2014-07-09 12:00:00,26.677124,21.081787,304.83112,101289.68,6.80738e-05,2.424358
2014-07-10 12:00:00,26.744476,21.551575,162.7103,101459.82,1.1840331e-06,1.8614662
2014-07-11 12:00:00,29.89038,23.128845,277.62668,101140.64,1.8708364e-06,1.9367918
2014-07-12 12:00:00,30.801727,20.912842,341.2573,101182.1,3.0837124e-05,1.7251557
2014-07-13 12:00:00,31.49121,23.164917,272.58994,100768.15,5.8138477e-05,1.8222365
2014-07-14 12:00:00,25.3992,19.3208,120.861275,100424.27,0.00018871382,1.7989666
2014-07-15 12:00:00,22.813263,14.459442,348.73236,101192.69,0.0,3.7482758
2014-07-16 12:00:00,24.512543,15.17453,350.28027,101265.95,0.0,1.932379
2014-07-17 12:00:00,25.214905,16.638306,345.30457,101243.61,0.0,0.93286496
2014-07-18 12:00:00,26.089233,18.009003,232.48138,101277.89,0.0,2.5253189
2014-07-19 12:00:00,25.888641,19.045929,146.81691,101320.55,0.00028330187,2.1731493
2014-07-20 12:00:00,25.941345,22.240234,83.45916,101186.14,0.00020688718,3.4793642
2014-07-21 12:00:00,26.209137,21.645416,126.49724,101108.57,0.00050329126,4.266548
2014-07-22 12:00:00,24.972137,21.456848,110.2353,101365.336,0.0005934629,3.0017173
2014-07-23 12:00:00,26.774017,22.566559,172.46571,101417.43,0.0001428003,4.5771313
2014-07-24 12:00:00,27.09378,22.241821,218.48029,101685.94,5.5447566e-05,2.3900888
2014-07-25 12:00:00,26.856812,22.261505,191.26724,101742.555,8.611209e-05,2.6344957
2014-07-26 12:00:00,26.628021,22.798615,151.67702,101907.39,7.300059e-05,0.8026503
2014-07-27 12:00:00,28.594604,22.644348,218.55888,102114.32,0.00010812949,1.0727046
2014-07-28 12:00:00,29.717712,22.573822,268.90656,101838.93,3.7628422e-05,2.1013966
2014-07-29 12:00:00,28.60019,23.536346,181.52109,101546.836,8.217697e-05,1.6376342
2014-07-30 12:00:00,31.405884,23.592102,286.60373,101216.25,2.6054377e-05,1.361039
2014-07-31 12:00:00,29.72284,23.004211,286.8835,100923.37,7.948e-05,1.9360938
2014-08-01 12:00:00,30.000916,22.643677,302.7312,100803.22,0.0,1.6531858
2014-08-02 12:00:00,28.578735,22.404297,275.8608,100731.7,1.9137828e-05,2.6190991
2014-08-03 12:00:00,27.31366,17.81488,328.72824,101230.016,0.0,2.0179482
2014-08-04 12:00:00,28.353943,19.726715,313.35788,101364.77,0.0,1.2032285
2014-08-05 12:00:00,25.121887,18.859497,96.598854,101531.625,0.00016635649,1.4291077
2014-08-06 12:00:00,23.181488,19.002106,90.10628,101589.43,0.00031936658,1.543022
2014-08-07 12:00:00,25.601013,21.294342,104.90576,101222.67,0.00020749279,3.9975283
2014-08-08 12:00:00,25.477234,22.13086,92.89166,100998.98,0.00030591557,3.0552702
2014-08-09 12:00:00,22.38977,19.842682,93.44846,101363.43,0.00017273784,0.90616614
2014-08-10 12:00:00,25.127808,19.354431,228.92262,101355.81,1.4946264e-07,1.4795891
2014-08-11 12:00:00,26.217255,18.030426,316.1129,101387.516,0.0,1.6953106
2014-08-12 12:00:00,26.490967,18.770966,257.43436,101755.734,0.0,0.21867697
2014-08-13 12:00:00,25.640778,18.61023,303.50632,102129.79,0.0,1.6933577
2014-08-14 12:00:00,24.453552,18.980469,267.81293,102205.59,8.857156e-09,2.2177923
2014-08-15 12:00:00,26.13913,21.172424,184.05382,101806.38,0.00018737651,1.8255248
2014-08-16 12:00:00,25.181915,20.996735,99.0304,101325.88,0.00031695748,3.0392354
2014-08-17 12:00:00,29.385132,22.289673,282.9565,101303.984,6.412867e-06,2.3845603
2014-08-18 12:00:00,25.554474,20.818542,160.82613,101474.79,3.3600394e-05,1.1035709
2014-08-19 12:00:00,28.918732,19.928864,298.9939,101599.42,4.739613e-10,0.80763733
2014-08-20 12:00:00,30.832703,20.848358,295.6128,101440.81,0.0,1.1910502
2014-08-21 12:00:00,31.57544,21.423767,292.98587,101094.41,0.0,1.1837833
2014-08-22 12:00:00,28.136383,21.294556,289.32983,101326.26,3.2300122e-05,1.5946858
2014-08-23 12:00:00,26.044556,21.515228,162.77176,101414.83,4.8496395e-06,2.145493
2014-08-24 12:00:00,25.659454,21.43515,141.57175,101134.52,3.7273578e-05,1.2404064
2014-08-25 12:00:00,24.431793,20.728699,152.41939,101115.31,0.00010473958,1.5417869
2014-08-26 12:00:00,27.50879,20.675476,285.22354,101079.01,1.3740403e-06,1.5504756
2014-08-27 12:00:00,26.81549,17.591461,283.80148,101416.6,0.0,1.1505874
2014-08-28 12:00:00,31.90445,22.702637,277.42084,101040.29,0.0,4.1087303
2014-08-29 12:00:00,29.207642,20.510864,275.67075,101640.22,6.124681e-05,2.3778455
2014-08-30 12:00:00,25.138092,17.337433,284.2257,102258.23,3.10349e-08,1.2235838
2014-08-31 12:00:00,27.271729,16.498016,280.48547,101915.23,0.0,1.9000994
2014-09-01 12:00:00,32.540405,20.52069,221.03316,101142.2,0.0,3.317654
2014-09-02 12:00:00,29.865448,21.468903,137.47174,101101.49,6.850956e-08,1.7552816
2014-09-03 12:00:00,26.074402,18.847137,252.44295,101345.91,9.513094e-06,2.8017943
2014-09-04 12:00:00,25.9216,16.952576,217.44626,101642.1,0.0,1.7548473
2014-09-05 12:00:00,31.883362,20.337036,237.21844,101179.68,2.5129164e-06,2.4748495
2014-09-06 12:00:00,29.746735,20.629608,265.63916,101485.26,7.735363e-07,1.2887216
2014-09-07 12:00:00,31.54956,21.467133,234.86507,101623.04,1.4503016e-06,2.2912009
2014-09-08 12:00:00,30.152527,21.44931,262.3099,101573.54,5.4983626e-05,1.8669155
2014-09-09 12:00:00,25.305023,18.554626,98.223946,102104.5,1.747826e-05,2.0310874
2014-09-10 12:00:00,23.217896,13.220734,259.58118,102411.914,7.11795e-08,1.6247166
2014-09-11 12:00:00,29.00415,17.049835,215.6371,101426.85,7.305972e-08,3.0849712
2014-09-12 12:00:00,27.910858,23.953003,156.68915,100748.34,3.945893e-06,2.287509
2014-09-13 12:00:00,24.66742,15.295807,259.48578,101570.734,0.0,2.436501
2014-09-14 12:00:00,25.488953,13.760468,214.10681,101846.54,0.0,2.4496279
2014-09-15 12:00:00,30.130066,22.269318,186.93338,101349.9,7.578108e-07,3.1133583
2014-09-16 12:00:00,29.875122,22.38034,180.55852,101181.43,9.078816e-06,1.085098
2014-09-17 12:00:00,24.982697,20.872803,107.60334,101309.05,0.00030064728,3.237635
2014-09-18 12:00:00,24.614868,21.313843,99.528366,101587.96,0.00016427763,0.6708927
2014-09-19 12:00:00,25.067505,20.78891,119.89429,101741.54,0.00045066705,0.43985176
2014-09-20 12:00:00,24.533234,19.045868,221.22177,102128.555,9.922661e-06,0.6439556
2014-09-21 12:00:00,26.572906,18.944183,202.63338,102068.984,4.3492258e-07,1.6371377
2014-09-22 12:00:00,27.253815,20.268188,223.66655,101794.85,0.0,1.5209404
2014-09-23 12:00:00,24.734589,18.992767,224.98349,101859.99,0.0,0.8078515
2014-09-24 12:00:00,26.178406,18.605621,158.42557,101708.97,2.2837507e-06,1.9534587
2014-09-25 12:00:00,25.91513,17.725372,102.86781,101058.805,7.3923075e-05,0.8053928
2014-09-26 12:00:00,17.612305,13.49057,85.14409,101399.53,2.4543642e-05,3.6279154
2014-09-27 12:00:00,16.143005,10.879822,221.41045,101621.31,2.0647697e-07,2.4949636
2014-09-28 12:00:00,18.729156,11.644226,189.14548,101926.48,9.213303e-06,2.5119538
2014-09-29 12:00:00,19.57367,12.678162,221.30136,101853.57,2.9638915e-07,2.7198634
2014-09-30 12:00:00,20.59726,11.24704,220.52956,101708.625,0.0,1.7198681
2014-10-01 12:00:00,21.615692,12.377655,218.47667,101082.836,0.0,1.68486
2014-10-02 12:00:00,24.956635,12.522491,203.6629,100690.555,0.0,1.7655088
2014-10-03 12:00:00,23.319489,17.765686,208.37569,100628.84,3.5326043e-08,3.0007255
2014-10-04 12:00:00,22.335724,13.894226,198.43907,101371.81,0.0,2.7103438
2014-10-05 12:00:00,22.373169,14.403168,199.52596,101935.78,9.3451e-08,0.9686349
2014-10-06 12:00:00,26.58377,15.817444,137.78694,101574.875,0.0,2.7219589
2014-10-07 12:00:00,24.46466,17.202301,179.7409,101444.36,7.846487e-07,3.1667807
2014-10-08 12:00:00,22.002472,10.994934,149.4842,101276.445,7.222833e-05,1.3272144
2014-10-09 12:00:00,17.330719,10.208099,179.53311,100898.88,4.5686287e-05,7.0173244
2014-10-10 12:00:00,17.637177,6.5948486,196.7453,101843.664,0.0,2.877045
2014-10-11 12:00:00,17.903992,12.59198,198.18599,101947.22,0.0,2.3331053
2014-10-12 12:00:00,16.996674,6.9331055,196.06996,103054.48,0.0,0.98733884
2014-10-13 12:00:00,22.085785,9.450226,187.11572,102421.47,0.0,2.5486531
2014-10-14 12:00:00,24.180206,10.378174,187.0814,101827.47,0.0,1.9461997
2014-10-15 12:00:00,24.246735,13.0979,149.45949,100920.914,1.690984e-07,2.482325
2014-10-16 12:00:00,20.89917,8.727234,192.3844,102282.24,4.4187614e-06,4.0656037
2014-10-17 12:00:00,20.39972,6.383301,140.2846,102671.9,0.0,2.540394
2014-10-18 12:00:00,24.398224,17.479645,119.30407,101642.09,0.0,5.213395
2014-10-19 12:00:00,22.998718,14.8403015,179.93388,101350.72,8.892297e-06,3.2811244
2014-10-20 12:00:00,19.413147,8.323273,175.94336,101727.38,0.0,0.35429692
2014-10-21 12:00:00,21.492188,12.673248,166.04495,100967.78,0.0,2.15577
2014-10-22 12:00:00,16.111664,9.224365,167.93184,101002.46,6.31201e-10,3.313621
2014-10-23 12:00:00,12.680359,5.439026,174.1657,101597.07,0.0,2.9368925
2014-10-24 12:00:00,18.737335,3.9919434,129.20132,101907.79,0.0,1.3511101
2014-10-25 12:00:00,19.522644,13.320679,143.99911,100941.195,7.752425e-05,4.015311
2014-10-26 12:00:00,17.343842,7.280945,163.70651,101187.95,0.0,3.3225477
2014-10-27 12:00:00,16.00879,7.6605225,161.4918,101973.836,0.0,1.065307
2014-10-28 12:00:00,20.574463,9.412811,123.54876,101928.69,0.0,2.9290159
2014-10-29 12:00:00,17.516815,13.656006,28.270153,101464.82,4.758519e-05,0.7537164
2014-10-30 12:00:00,16.128265,11.981506,113.31382,101627.88,6.81406e-06,2.626442
2014-10-31 12:00:00,17.281708,12.519592,71.89257,101887.12,1.9235635e-05,2.3653564
2014-11-01 12:00:00,19.845947,17.04712,50.439396,101119.07,0.00033847883,2.1194568
2014-11-02 12:00:00,19.135773,14.043396,33.14755,100403.13,2.110184e-05,1.7023973
2014-11-03 12:00:00,14.29837,6.20874,75.10814,99655.77,0.00012198945,3.711402
2014-11-04 12:00:00,7.419739,3.413025,146.1665,101171.664,5.13383e-07,5.4724154
2014-11-05 12:00:00,13.224518,3.1421814,141.04199,102551.29,1.2883133e-07,2.7221649
2014-11-06 12:00:00,17.107605,6.871216,140.31917,102739.5,0.0,2.6748164
2014-11-07 12:00:00,17.128326,8.351318,132.529,101921.16,0.0,2.5989227
2014-11-08 12:00:00,15.118286,1.2357788,128.17206,101714.61,3.8402177e-06,6.198216
2014-11-09 12:00:00,7.8615723,0.52005005,140.78702,101458.12,5.4047533e-10,5.4550185
2014-11-10 12:00:00,11.298126,1.5084534,122.354416,101511.29,0.0,2.1408176
2014-11-11 12:00:00,10.409637,7.5776367,18.517279,101156.336,0.0001856309,1.3654317
2014-11-12 12:00:00,10.792511,5.073944,128.21436,101971.78,2.5821338e-09,2.8233294
2014-11-13 12:00:00,12.781189,2.4020996,130.61232,102262.81,1.5302462e-08,0.19967705
2014-11-14 12:00:00,21.164154,10.117767,34.424828,101078.23,2.1319378e-05,4.0460815
2014-11-15 12:00:00,21.135345,15.984772,90.68638,100813.67,8.1590304e-05,2.8183343
2014-11-16 12:00:00,16.467346,7.6391907,128.21301,101143.96,1.3405056e-09,3.7418115
2014-11-17 12:00:00,13.874084,3.8236084,117.445305,101938.47,0.0,1.0178832
2014-11-18 12:00:00,20.993744,12.388489,26.446,100795.57,0.00018614347,3.9527793
2014-11-19 12:00:00,13.295563,4.472229,125.85854,102362.664,0.0,3.0692406
2014-11-20 12:00:00,12.424103,3.2723083,77.87243,102751.984,5.521307e-07,2.59246
2014-11-21 12:00:00,20.680206,11.718994,25.55745,100677.29,0.0005693829,3.5726645
2014-11-22 12:00:00,11.983398,5.615082,118.788994,101129.17,2.5282944e-08,4.714867
2014-11-23 12:00:00,8.161621,2.7065735,118.9784,102088.91,0.0,3.250493
2014-11-24 12:00:00,9.532318,0.6548462,108.27347,102675.0,0.0,1.6141727
2014-11-25 12:00:00,18.588501,8.622833,10.95484,100508.086,0.0005247145,4.0495143
2014-11-26 12:00:00,17.577759,4.084839,117.420456,101067.305,2.466696e-06,4.9196277
2014-11-27 12:00:00,5.8672485,-1.3364258,114.19611,101628.64,1.401648e-08,1.8130844
2014-11-28 12:00:00,5.696991,0.15045166,101.553444,101489.61,1.9164915e-08,2.2858694
2014-11-29 12:00:00,7.6412354,0.29992676,108.30056,102059.95,0.0,2.5758576
2014-11-30 12:00:00,6.9516296,-0.34249878,108.39705,101786.35,1.3869449e-07,2.0603786
2014-12-01 12:00:00,5.5380554,0.8051758,112.155,101886.3,2.9680855e-08,4.576951
2014-12-02 12:00:00,2.4122314,-1.7814636,89.04739,102231.73,0.0,1.8247788
2014-12-03 12:00:00,17.409851,0.892395,8.140908,99572.68,0.001111282,5.6477256
2014-12-04 12:00:00,9.822174,3.2953186,57.808212,98476.37,1.0565208e-05,5.441589
2014-12-05 12:00:00,5.995453,0.9656067,107.984695,100814.2,5.233793e-07,4.1754823
2014-12-06 12:00:00,5.3080444,-1.104187,78.60179,101917.51,4.4443044e-10,1.6827884
2014-12-07 12:00:00,7.749359,-0.120391846,103.163025,101648.99,3.0452848e-05,0.23489825
2014-12-08 12:00:00,13.685669,5.7215576,101.342705,100162.86,0.00020040193,3.8872592
2014-12-09 12:00:00,7.4260254,2.7427368,102.84733,101504.33,0.0,2.0316079
2014-12-10 12:00:00,10.485901,2.7445068,28.313011,101366.336,1.1659467e-05,1.2838101
2014-12-11 12:00:00,6.787384,3.558136,22.996174,100374.45,8.3554274e-05,2.9120963
2014-12-12 12:00:00,7.3293457,4.150635,102.377144,100542.22,3.4710618e-05,5.3580055
2014-12-13 12:00:00,12.35025,-0.33233643,68.059204,101308.81,1.669949e-05,0.80408955
2014-12-14 12:00:00,16.394836,5.0879517,100.89285,100160.695,0.00032368235,3.2080934
2014-12-15 12:00:00,5.2714844,-0.6461792,102.23926,101007.2,1.5874736e-09,3.037685
2014-12-16 12:00:00,3.5569458,-1.0792847,94.78516,102125.92,3.7582637e-07,2.7437592
2014-12-17 12:00:00,9.514069,1.90094,64.57498,102418.91,0.0,2.1516204
2014-12-18 12:00:00,13.883362,2.8485718,63.978443,102091.65,2.7684016e-06,1.238818
2014-12-19 12:00:00,19.983917,13.740784,23.853432,100461.586,0.00022284106,5.1557508
2014-12-20 12:00:00,17.75946,2.3118591,90.89308,100452.805,7.371419e-06,2.6584485
2014-12-21 12:00:00,2.0646057,-3.7460327,104.131165,101879.45,0.0,4.266347
2014-12-22 12:00:00,-0.6612549,-3.2778625,104.83332,102372.52,0.0,3.2602832
2014-12-23 12:00:00,4.8761597,-2.394226,45.678307,101624.28,7.505804e-06,2.4669747
2014-12-24 12:00:00,3.7826233,-0.333313,101.91379,100316.43,2.9950243e-06,3.2019298
2014-12-25 12:00:00,6.0081787,-0.43408203,74.54622,100629.336,4.3758364e-06,0.18013696
2014-12-26 12:00:00,5.344818,1.4328308,101.86551,99697.86,1.7493261e-05,3.9539795
2014-12-27 12:00:00,2.0164795,-1.6030884,104.10065,101158.61,4.642645e-08,3.6990583
2014-12-28 12:00:00,5.5300293,-0.5128174,73.71904,101010.484,3.2527648e-06,2.4116914
2014-12-29 12:00:00,3.1620178,-1.3322449,54.042263,101609.35,1.1870429e-09,1.7877388
2014-12-30 12:00:00,3.3976746,-1.4169922,104.56365,101786.4,4.9490897e-08,2.6651018
2014-12-31 12:00:00,5.1789856,-0.85076904,72.06152,102323.93,4.8315183e-06,2.5372348
2015-01-01 12:00:00,15.470612,5.0246277,7.6541657,100221.9,0.0013830342,8.170091
2015-01-02 12:00:00,15.590118,4.7886047,70.712395,98567.19,7.130774e-05,2.6552017
2015-01-03 12:00:00,4.716278,-0.9033203,91.79389,100539.21,0.0,3.0684988
2015-01-04 12:00:00,1.3771667,-1.3146973,98.87039,101113.63,0.0,3.0764427
2015-01-05 12:00:00,-0.64501953,-3.704956,106.865135,101412.66,0.0,3.323526
2015-01-06 12:00:00,0.49380493,-3.0991821,110.137985,102194.32,6.287887e-08,2.8020356
2015-01-07 12:00:00,0.59036255,-4.095886,94.297165,102785.625,2.373041e-05,3.382785
2015-01-08 12:00:00,1.6307678,-1.9552917,70.5277,102239.625,2.5682977e-05,3.5115519
2015-01-09 12:00:00,1.0549011,-6.8055725,113.19688,102340.93,0.0,3.7311728
2015-01-10 12:00:00,2.754181,-5.650421,69.791534,101830.625,2.2466217e-07,2.2873046
2015-01-11 12:00:00,4.312378,-2.093933,110.73635,101209.42,2.1328335e-05,2.039939
2015-01-12 12:00:00,6.830902,-5.568634,36.262993,100796.95,0.00022269918,2.666278
2015-01-13 12:00:00,4.3106384,2.5604858,61.514282,98875.27,0.00016952548,6.063031
2015-01-14 12:00:00,5.6144714,1.5270386,114.788635,100253.55,6.344549e-07,5.2624145
2015-01-15 12:00:00,9.224518,-3.075714,112.414406,101363.86,0.0,2.860267
2015-01-16 12:00:00,10.940735,-0.3277893,114.78522,101826.64,0.0,1.0264475
2015-01-17 12:00:00,12.369659,2.827118,106.17196,101462.086,0.0,1.9539349
2015-01-18 12:00:00,12.635437,2.172638,54.720657,101066.41,3.4194709e-06,1.0819569
2015-01-19 12:00:00,15.695435,9.983856,59.022987,100908.28,4.3324748e-05,1.8513274
2015-01-20 12:00:00,17.020569,13.626312,32.765663,101220.52,0.00013152143,2.3985558
2015-01-21 12:00:00,16.79358,12.735016,37.931255,101447.58,1.4012318e-05,1.9265853
2015-01-22 12:00:00,17.968964,15.310425,28.479126,100479.4,0.00014285909,5.0250225
2015-01-23 12:00:00,17.620178,2.1282654,112.81812,100121.64,0.00013170256,6.6771784
2015-01-24 12:00:00,3.5985718,-1.217926,130.34355,102382.516,0.0,3.8618064
2015-01-25 12:00:00,9.655792,-1.2747498,85.42154,102058.79,5.1894185e-06,2.1668878
2015-01-26 12:00:00,14.793243,2.2358398,116.2879,98928.82,0.00043134298,5.1797347
2015-01-27 12:00:00,2.184082,-1.7108765,134.48201,100411.914,1.6673185e-07,5.086582
2015-01-28 12:00:00,-0.05996704,-2.6796265,91.73313,100163.73,8.533558e-07,4.422894
2015-01-29 12:00:00,-0.49490356,-2.360199,129.83385,101288.98,2.616044e-07,4.965134
2015-01-30 12:00:00,-2.0256653,-7.0339355,111.57428,102542.266,3.2912456e-05,2.5081697
2015-01-31 12:00:00,1.8295288,-3.0581665,125.21615,101877.29,0.00024023582,3.4198196
2015-02-01 12:00:00,-1.7710266,-8.207581,145.48517,103330.08,0.0,3.772437
2015-02-02 12:00:00,1.4788513,-10.908997,122.770805,103403.3,0.0,2.619899
2015-02-03 12:00:00,12.685333,0.95047,39.66958,102031.72,9.702626e-05,4.1585813
2015-02-04 12:00:00,13.359497,4.8802795,117.370316,99835.96,0.0010757039,1.6306738
2015-02-05 12:00:00,7.803528,0.6251831,150.12993,100835.75,0.0,3.6851134
2015-02-06 12:00:00,8.2265625,-1.0375366,121.19282,101124.28,3.8377725e-06,0.88518727
2015-02-07 12:00:00,6.432556,1.9821167,28.616158,100000.1,0.000459291,4.2860985
2015-02-08 12:00:00,4.6670227,-0.6154785,86.498535,100451.35,2.8953496e-05,5.992717
2015-02-09 12:00:00,1.8668518,-2.6485596,150.12576,101933.734,0.0,4.204738
2015-02-10 12:00:00,5.8186646,-2.0765686,159.56071,101464.69,0.0,4.166763
2015-02-11 12:00:00,7.677307,3.303894,158.60542,100297.99,0.0,5.342047
2015-02-12 12:00:00,4.023346,-2.1837463,162.16592,100327.305,0.0,3.111454
2015-02-13 12:00:00,0.16101074,-6.3395996,166.13081,100893.24,7.1496015e-07,4.722577
2015-02-14 12:00:00,-2.243744,-10.317352,172.27603,101877.664,0.0,2.8468225
2015-02-15 12:00:00,1.5666809,-5.350281,52.533867,101572.91,0.0001562926,1.6173221
2015-02-16 12:00:00,4.1896057,0.6069946,154.12233,99927.71,9.251205e-05,5.044599
2015-02-17 12:00:00,4.008484,-5.4353027,177.32817,100628.516,0.0,2.9237456
2015-02-18 12:00:00,7.2363586,-0.80599976,173.78006,100542.766,3.0473116e-10,3.8429258
2015-02-19 12:00:00,4.5977173,-3.5170288,179.13129,101225.0,1.0687012e-10,1.9355158
2015-02-20 12:00:00,4.0004272,-3.038269,163.16663,100543.42,3.4593108e-05,3.460652
2015-02-21 12:00:00,7.278656,-3.112732,179.7737,101514.52,0.0,4.2047944
2015-02-22 12:00:00,5.0336,0.19528198,39.56094,101820.85,0.00023080372,2.8247573
2015-02-23 12:00:00,0.83807373,-4.3128357,93.04521,101256.984,9.500996e-05,5.2381616
2015-02-24 12:00:00,-3.848236,-8.863861,194.97269,102963.16,5.004412e-06,4.3620267
2015-02-25 12:00:00,3.939392,-11.663818,170.38426,103092.99,0.0,1.0195527
2015-02-26 12:00:00,10.419342,3.8992615,190.03319,101461.74,0.0,4.4929953
2015-02-27 12:00:00,11.09671,-2.0625305,112.871635,101497.55,0.0,0.6776197
2015-02-28 12:00:00,9.246033,-1.1719666,184.71507,101514.664,2.6661903e-08,0.590622
2015-03-01 12:00:00,11.617218,2.6378174,37.797474,100823.21,0.00034073426,1.4950399
2015-03-02 12:00:00,9.686432,2.6796875,203.86124,99788.95,0.00022919526,5.253999
2015-03-03 12:00:00,7.5797424,-0.7390442,180.7021,101478.016,0.0,2.431537
2015-03-04 12:00:00,6.766815,-0.76068115,179.33379,101667.79,4.3332613e-09,2.0602806
2015-03-05 12:00:00,3.2585144,-0.5577698,156.02126,101365.33,1.20434e-07,4.156421
2015-03-06 12:00:00,3.1950073,-3.5160217,216.8306,101609.36,0.0,3.9090412
2015-03-07 12:00:00,8.229218,-2.261444,180.30156,101589.195,2.056808e-10,0.9233326
2015-03-08 12:00:00,14.100586,7.4460754,25.812887,100060.48,0.00054708956,2.9029078
2015-03-09 12:00:00,13.066315,1.5122375,86.62876,98333.01,0.000120783225,4.607699
2015-03-10 12:00:00,3.1515808,-0.13711548,203.38974,99368.67,2.2949156e-07,7.052413
2015-03-11 12:00:00,10.143799,-0.36715698,229.0989,99895.21,0.0,3.944762
2015-03-12 12:00:00,8.305542,3.8388672,66.32717,100009.22,0.00015299737,1.5526166
2015-03-13 12:00:00,10.995148,6.789734,132.04427,99071.0,0.000104144456,1.4685717
2015-03-14 12:00:00,6.841614,3.2780457,131.2748,99519.336,8.3391105e-06,4.079453
2015-03-15 12:00:00,4.484436,1.0908203,168.63766,100452.25,4.9457874e-08,3.6785464
2015-03-16 12:00:00,4.9146423,-1.2486267,202.54205,101558.86,2.0251127e-08,2.2614458
2015-03-17 12:00:00,6.149536,-1.1763611,209.95064,101980.1,2.041908e-07,2.5651248
2015-03-18 12:00:00,5.483124,1.7314453,212.64238,101525.875,4.879838e-06,4.9315314
2015-03-19 12:00:00,3.6732788,-2.8893127,249.3564,102275.734,0.0,2.6216419
2015-03-20 12:00:00,15.51355,1.7880249,223.08888,100936.484,1.5236817e-06,4.8488054
2015-03-21 12:00:00,18.142303,13.519562,75.474945,99929.51,0.00021315584,5.5594463
2015-03-22 12:00:00,15.969696,3.2949219,97.348175,100808.66,1.3695236e-05,2.2879536
2015-03-23 12:00:00,3.1834412,-3.5566406,220.35643,101469.53,2.3260747e-05,4.3475623
2015-03-24 12:00:00,6.800171,-6.217407,251.48737,101681.4,0.0,2.5953784
2015-03-25 12:00:00,12.3359375,-2.2419739,245.89919,101918.54,0.0,1.4667478
2015-03-26 12:00:00,17.83554,1.7426758,238.30708,101588.836,0.0,2.5017443
2015-03-27 12:00:00,18.701477,9.112305,162.8531,101273.98,4.0152632e-09,3.8466275
2015-03-28 12:00:00,16.869843,6.999756,133.81018,101846.2,0.0001056177,2.436382
2015-03-29 12:00:00,9.750061,0.7449646,269.7119,103557.79,0.0,2.7162216
2015-03-30 12:00:00,10.727539,2.9205933,201.44164,103505.336,1.0749353e-07,2.838049
2015-03-31 12:00:00,15.038086,5.093048,210.02637,103103.74,8.376596e-07,1.6220671
2015-04-01 12:00:00,19.091034,9.907806,139.70432,102524.11,3.1898384e-05,1.1154264
2015-04-02 12:00:00,19.355347,15.183594,91.25326,102350.8,2.8484972e-05,3.016368
2015-04-03 12:00:00,18.86914,10.951233,197.55122,102496.65,1.337569e-05,1.9059179
2015-04-04 12:00:00,16.34851,10.794342,192.9835,101908.93,2.812884e-06,1.0994198
2015-04-05 12:00:00,12.877747,6.342102,274.68427,102065.12,1.2469969e-05,2.9024093
2015-04-06 12:00:00,14.375214,3.2371826,283.65433,102176.46,0.0,1.1334789
2015-04-07 12:00:00,16.468689,4.8591003,249.67068,101717.97,0.0,1.2441936
2015-04-08 12:00:00,12.040405,7.6164856,184.92021,101015.13,2.9245048e-06,4.526084
2015-04-09 12:00:00,8.559448,4.756012,133.6327,100761.32,6.3355185e-07,4.3313704
2015-04-10 12:00:00,11.698975,0.44451904,299.58582,101236.914,0.0,1.8821903
2015-04-11 12:00:00,15.328583,-0.1262207,297.24896,101125.555,0.0,1.8574494
2015-04-12 12:00:00,18.022095,4.070282,294.024,100657.336,0.0,2.9435449
2015-04-13 12:00:00,15.873566,8.012268,240.44489,100773.125,1.9296027e-07,3.2124212
2015-04-14 12:00:00,11.549438,0.35025024,309.95416,102152.97,0.0,0.8117672
2015-04-15 12:00:00,15.727325,7.13208,63.489185,102156.23,6.2915984e-05,1.8131367
2015-04-16 12:00:00,20.277832,11.409668,176.61082,101860.97,1.710685e-05,1.0741987
2015-04-17 12:00:00,20.059174,13.172485,205.16812,101965.016,4.1361495e-06,1.8377572
2015-04-18 12:00:00,18.042084,10.87915,122.65871,101726.28,7.66141e-06,1.7003524
2015-04-19 12:00:00,18.803497,15.168793,98.74017,101028.664,6.207218e-05,2.1905785
2015-04-20 12:00:00,17.734253,15.693909,86.04115,100721.9,1.5258111e-05,2.745298
2015-04-21 12:00:00,15.606689,13.589111,43.49667,100373.8,0.00029118237,4.492763
2015-04-22 12:00:00,20.20459,13.768372,278.8299,100647.21,1.5979313e-05,3.1939616
2015-04-23 12:00:00,18.006775,12.301727,248.06009,101529.43,3.3296743e-07,1.6987147
2015-04-24 12:00:00,16.40268,11.1953125,112.935646,101587.96,8.793677e-06,1.8194028
2015-04-25 12:00:00,21.308472,14.811829,165.74347,101410.8,1.0028747e-05,1.0330657
2015-04-26 12:00:00,23.154694,16.605865,249.72116,101144.09,0.00019425293,2.1800041
2015-04-27 12:00:00,19.539948,12.80304,315.6114,101842.53,2.4825726e-05,2.1744232
2015-04-28 12:00:00,18.411407,10.602478,311.36487,102333.07,0.0,1.1335541
2015-04-29 12:00:00,18.363373,10.190338,263.4516,101990.23,1.2383038e-06,2.27262
2015-04-30 12:00:00,22.821014,16.594116,282.80124,101318.77,3.7195074e-05,2.1005692
2015-05-01 12:00:00,19.494171,13.492889,193.15335,101490.53,3.823348e-06,1.4436474
2015-05-02 12:00:00,15.559692,12.385956,66.44299,101473.71,0.00018186441,0.83342916
2015-05-03 12:00:00,19.472473,10.228821,323.56763,101827.125,9.668969e-06,1.4120303
2015-05-04 12:00:00,20.79892,11.045776,330.46014,101939.81,0.0,0.66994196
2015-05-05 12:00:00,18.549438,12.514374,190.03004,102156.56,3.0859635e-06,3.2756834
2015-05-06 12:00:00,19.736511,15.85025,124.8326,101934.53,5.144115e-05,1.8827057
2015-05-07 12:00:00,21.807526,15.334503,248.8037,101712.82,3.6963736e-06,1.6221055
2015-05-08 12:00:00,20.74939,16.404114,103.455124,101574.61,8.653436e-05,2.1249728
2015-05-09 12:00:00,20.093353,18.753601,31.107485,100580.42,0.000788541,2.4979076
2015-05-10 12:00:00,25.396515,17.960419,327.77808,100924.914,4.510187e-07,3.2125995
2015-05-11 12:00:00,22.035004,15.366669,290.2178,101594.19,0.0,2.6019878
2015-05-12 12:00:00,17.584747,9.344238,339.47473,102199.48,3.8381512e-07,1.23728
2015-05-13 12:00:00,25.396942,15.409027,239.71266,100853.16,5.929599e-05,4.094731
2015-05-14 12:00:00,20.946625,12.831207,85.392914,100457.555,0.00031417818,2.9146552
2015-05-15 12:00:00,13.762756,10.453369,41.867535,100990.06,0.00024607824,6.6836276
2015-05-16 12:00:00,16.524902,13.770599,66.35376,101102.625,0.00027422816,6.270671
2015-05-17 12:00:00,20.511993,15.868011,117.1941,101244.44,0.00015529573,2.0230484
2015-05-18 12:00:00,19.941101,12.955688,269.69318,101334.414,1.9324847e-05,1.4396089
2015-05-19 12:00:00,19.008362,12.313019,242.29642,101158.9,1.1894129e-05,1.5874506
2015-05-20 12:00:00,18.881927,13.342285,228.8023,101250.695,1.352036e-05,1.0601449
2015-05-21 12:00:00,18.176971,14.059418,111.24756,101583.96,0.00019881492,2.3607824
2015-05-22 12:00:00,24.8096,15.38385,327.79218,101048.49,2.652926e-05,3.3117635
2015-05-23 12:00:00,22.301819,16.237244,254.06078,100984.45,1.8354586e-06,1.8144112
2015-05-24 12:00:00,21.9617,15.922394,145.34221,101243.0,4.179106e-05,2.7581077
2015-05-25 12:00:00,25.947357,19.192322,206.05298,101124.23,7.8705845e-05,2.7277682
2015-05-26 12:00:00,27.22699,19.727966,266.43387,101448.35,1.0496314e-06,1.8974595
2015-05-27 12:00:00,27.753204,20.356232,276.5727,101494.71,3.611153e-05,2.2205665
2015-05-28 12:00:00,25.52246,18.265472,135.17502,101653.945,7.238078e-06,0.9442775
2015-05-29 12:00:00,21.243805,14.50119,322.29663,101761.97,3.5728345e-08,1.1105045
2015-05-30 12:00:00,19.532959,11.740723,340.57797,101960.55,2.5624022e-08,2.6541233
2015-05-31 12:00:00,19.805908,13.693726,311.507,102313.55,0.0,1.4252253
2015-06-01 12:00:00,20.278595,11.281006,320.26236,102460.664,0.0,2.1215432
2015-06-02 12:00:00,19.838318,12.7178955,188.0554,102042.7,1.8165585e-05,2.0951524
2015-06-03 12:00:00,25.399902,14.180969,315.2333,101188.83,1.4136615e-06,0.8371671
2015-06-04 12:00:00,27.569397,17.278625,226.52988,100363.695,7.0682786e-06,2.7593372
2015-06-05 12:00:00,23.694122,15.526245,337.26782,101007.266,3.294232e-07,1.9333937
2015-06-06 12:00:00,24.542084,13.545502,216.60963,100730.36,1.1433272e-06,0.37546846
2015-06-07 12:00:00,24.917786,18.661682,301.998,100266.02,2.6904887e-05,3.0051644
2015-06-08 12:00:00,22.58667,12.146332,367.55426,100933.664,0.0,3.4442275
2015-06-09 12:00:00,23.805664,12.1970825,310.0434,101666.9,0.0,2.3891454
2015-06-10 12:00:00,25.939789,14.00827,358.3895,102156.35,0.0,1.2039781
2015-06-11 12:00:00,29.705078,14.553528,358.05826,102106.445,0.0,3.0453022
2015-06-12 12:00:00,29.85733,22.50534,216.87846,101529.43,2.3861837e-06,2.6645975
2015-06-13 12:00:00,25.386902,17.11148,368.8769,101919.21,0.0,1.9532462
2015-06-14 12:00:00,25.56781,13.83963,300.15872,101808.67,2.1532517e-06,3.063227
2015-06-15 12:00:00,30.474213,20.66217,298.1049,100989.85,1.8909639e-05,3.640958
2015-06-16 12:00:00,31.690338,24.523895,362.55896,101148.16,0.0,3.4261098
2015-06-17 12:00:00,33.67044,21.150269,327.71906,101167.71,0.0,3.9976475
2015-06-18 12:00:00,33.579834,21.668854,358.85147,101053.38,0.0,2.9892774
2015-06-19 12:00:00,35.98764,21.835999,326.7751,101106.945,8.1681617e-07,1.517081
2015-06-20 12:00:00,29.850067,21.104553,298.93527,101218.9,5.552706e-07,2.2852902
2015-06-21 12:00:00,28.984344,22.448517,353.61575,100967.234,2.5456733e-05,3.3756592
2015-06-22 12:00:00,26.763214,17.155975,355.39987,101243.77,0.0,1.3904189
2015-06-23 12:00:00,25.77121,17.907288,229.04662,100831.31,1.3014095e-05,3.0307367
2015-06-24 12:00:00,29.30069,17.875977,346.63718,100100.76,6.323475e-06,2.397643
2015-06-25 12:00:00,27.668732,16.81723,364.2269,100806.35,0.0,2.757379
2015-06-26 12:00:00,27.067413,17.146973,88.26631,101253.27,0.0001920193,1.5114918
2015-06-27 12:00:00,29.063477,21.16037,319.10193,100665.49,0.0003641357,1.9525628
2015-06-28 12:00:00,26.441864,20.402435,298.63153,101264.78,8.1203446e-08,1.2498348
2015-06-29 12:00:00,25.478333,20.545013,313.492,101354.72,2.2608744e-07,1.9408299
2015-06-30 12:00:00,27.962738,21.469757,122.78317,101031.875,0.00015467468,2.540221
2015-07-01 12:00:00,29.51529,21.54306,350.68613,101104.28,3.6824503e-07,3.1252363
2015-07-02 12:00:00,28.657959,18.809326,356.09665,101548.57,0.0,0.48111072
2015-07-03 12:00:00,31.190369,21.971039,256.59457,100855.81,4.3739867e-05,1.3243814
2015-07-04 12:00:00,27.691376,20.626831,310.67148,101036.87,0.0,1.044767
2015-07-05 12:00:00,24.15857,18.352325,174.15149,101273.914,0.00036649167,3.2134936
2015-07-06 12:00:00,26.529785,16.86264,354.17706,101642.35,0.0,1.0835217
2015-07-07 12:00:00,28.73236,18.473999,340.87802,101734.17,0.0,1.4685205
2015-07-08 12:00:00,30.429321,20.82309,322.69366,101660.055,0.0,3.4978678
2015-07-09 12:00:00,33.796173,23.48404,323.99005,101199.35,1.3763965e-08,3.7146964
2015-07-10 12:00:00,31.6503,22.223877,345.30197,100935.83,4.5842076e-05,1.9481224
2015-07-11 12:00:00,29.901764,21.627533,350.04025,101666.82,4.692273e-06,1.7055179
2015-07-12 12:00:00,29.673126,19.028656,347.44693,102170.54,0.0,2.6126404
2015-07-13 12:00:00,33.815613,22.578857,335.62683,102020.625,0.0,3.0858648
2015-07-14 12:00:00,35.639923,26.29953,333.02975,101769.484,0.0,2.914597
2015-07-15 12:00:00,36.576996,27.289276,316.911,101327.87,0.0,2.997249
2015-07-16 12:00:00,36.841675,24.203552,279.67352,101211.05,0.0001937677,1.8780088
2015-07-17 12:00:00,31.091766,22.589508,244.92213,101377.44,0.00024516621,1.6312895
2015-07-18 12:00:00,27.866608,22.260376,302.5138,101548.99,0.00015659313,0.73284304
2015-07-19 12:00:00,28.544006,21.365204,331.82895,101489.87,0.0,1.654666
2015-07-20 12:00:00,32.191467,22.56131,311.46298,100814.22,5.596814e-05,2.194389
2015-07-21 12:00:00,27.601257,22.19748,282.7815,100607.47,4.8533504e-05,1.6557103
2015-07-22 12:00:00,25.055786,17.1268,314.86322,101040.17,0.0,2.3649037
2015-07-23 12:00:00,25.23471,19.28891,289.58862,101332.51,5.3435056e-09,2.4476264
2015-07-24 12:00:00,23.62262,18.805359,95.10473,101990.11,0.00012297301,2.8948417
2015-07-25 12:00:00,26.717041,19.57135,201.37077,101952.55,3.830295e-05,0.49433333
2015-07-26 12:00:00,31.437286,24.336395,315.89105,101700.95,7.12495e-05,2.3171153
2015-07-27 12:00:00,27.421326,21.243042,304.48965,101897.74,0.0,1.7251147
2015-07-28 12:00:00,28.602783,20.406616,294.10486,101642.94,8.1302085e-07,1.5888782
2015-07-29 12:00:00,30.330444,21.624542,277.77722,101331.58,0.0,2.1989655
2015-07-30 12:00:00,31.921722,20.688751,321.07327,101192.4,0.0,1.9938675
2015-07-31 12:00:00,32.75757,21.968964,277.12494,101080.305,1.8216286e-06,2.238287
2015-08-01 12:00:00,33.020294,23.438538,310.9106,101090.69,4.0014324e-06,2.724521
2015-08-02 12:00:00,34.157898,24.35138,265.6482,100998.44,0.00013199639,2.1511693
2015-08-03 12:00:00,33.864594,21.998901,287.87445,101212.05,0.0,1.7695686
2015-08-04 12:00:00,33.340515,24.368652,293.4177,100883.95,2.0556337e-05,1.8225468
2015-08-05 12:00:00,32.38208,23.546722,237.33563,100901.805,0.0,1.6399899
2015-08-06 12:00:00,31.38446,23.123901,255.83708,100980.02,6.9389334e-06,0.78120315
2015-08-07 12:00:00,28.173706,19.692535,310.86328,101352.9,1.6943774e-05,1.9789246
2015-08-08 12:00:00,25.131744,18.967865,118.18882,101702.06,2.8931072e-05,2.2955124
2015-08-09 12:00:00,20.241608,17.942749,27.419603,101136.5,0.0015724777,6.55525
2015-08-10 12:00:00,25.230347,17.051361,313.87057,101547.04,5.6208355e-06,3.6893928
2015-08-11 12:00:00,28.669128,18.287659,299.2818,101535.79,0.0,1.5983418
2015-08-12 12:00:00,27.217133,19.313385,211.0738,101326.48,0.0,1.093549
2015-08-13 12:00:00,29.32904,18.55838,293.10992,101073.06,1.8965086e-08,1.6183676
2015-08-14 12:00:00,25.91092,19.707947,171.74,100864.336,4.1565017e-05,3.1709602
2015-08-15 12:00:00,24.745636,19.887146,204.8649,100620.85,0.00023925718,1.2778441
2015-08-16 12:00:00,26.816437,18.292023,263.59103,100745.21,1.3455121e-06,1.9508524
2015-08-17 12:00:00,26.584656,18.114227,303.23438,101038.805,1.8292968e-06,2.139143
2015-08-18 12:00:00,28.534668,18.45868,239.61841,101271.08,0.0,2.143748
2015-08-19 12:00:00,30.63974,19.509949,274.3861,101155.93,1.0080239e-08,1.6935565
2015-08-20 12:00:00,32.666504,24.037018,294.87415,100702.16,0.0,2.5667393
2015-08-21 12:00:00,32.79532,22.466248,280.8073,100959.45,1.7141966e-07,1.7776093
2015-08-22 12:00:00,34.67285,25.1008,290.32117,100856.44,0.0,2.8764865
2015-08-23 12:00:00,31.546936,21.052582,238.63045,101182.08,5.8965543e-05,2.1402135
2015-08-24 12:00:00,25.861816,20.869537,142.3475,101764.336,6.651372e-06,2.76256
2015-08-25 12:00:00,26.212097,21.53656,126.11278,101567.28,0.00012214156,1.580505
2015-08-26 12:00:00,26.27539,19.345703,273.91153,101578.44,0.0,2.6108682
2015-08-27 12:00:00,25.587372,21.474304,193.78992,102003.82,1.7994221e-06,3.674379
2015-08-28 12:00:00,25.12091,20.753052,104.70422,102204.37,5.23997e-05,3.1392245
2015-08-29 12:00:00,25.222748,20.929749,85.22696,102322.61,9.220452e-06,1.0786949
2015-08-30 12:00:00,25.684174,22.009674,67.90569,102116.5,0.0005104126,2.6358473
2015-08-31 12:00:00,26.671265,21.721466,185.0243,101824.59,0.00013944742,1.3350377
2015-09-01 12:00:00,22.167328,17.923828,75.18231,102029.75,7.448856e-05,2.7817316
2015-09-02 12:00:00,20.553162,12.897308,282.54984,102544.02,5.2557114e-09,3.0190003
2015-09-03 12:00:00,21.055939,13.114258,280.77014,102699.62,0.0,2.28623
2015-09-04 12:00:00,22.911102,13.203918,275.15582,102587.44,0.0,0.19716449
2015-09-05 12:00:00,23.081848,14.934448,269.89072,102424.02,0.0,1.2264779
2015-09-06 12:00:00,23.19989,15.193848,258.05215,102282.93,0.0,1.8614031
2015-09-07 12:00:00,26.261322,17.107819,257.74255,101921.26,0.0,2.584029
2015-09-08 12:00:00,28.705017,19.367737,222.63472,101187.31,2.0118245e-05,3.2906616
2015-09-09 12:00:00,24.215332,20.30841,79.87278,100900.305,4.543952e-05,0.81809264
2015-09-10 12:00:00,24.215424,15.276093,265.86972,101470.06,0.0,0.5039544
2015-09-11 12:00:00,24.461151,15.137024,243.94972,101503.086,7.637512e-10,2.2459347
2015-09-12 12:00:00,26.458221,16.517883,198.39107,101020.164,1.9466572e-06,2.1760983
2015-09-13 12:00:00,22.365082,14.251099,242.11655,101618.805,4.6221805e-05,2.2859075
2015-09-14 12:00:00,21.99649,14.944763,236.17062,102427.45,2.4152278e-09,2.7152193
2015-09-15 12:00:00,21.80194,13.293823,160.73021,102689.164,9.550463e-06,3.624475
2015-09-16 12:00:00,22.20169,17.71698,99.27299,102353.0,0.0001127491,4.191111
2015-09-17 12:00:00,23.988708,16.697845,188.82735,102914.09,3.1546762e-07,1.2280115
2015-09-18 12:00:00,24.30545,19.984009,104.56198,102900.46,3.1496245e-05,1.1991701
2015-09-19 12:00:00,25.322662,19.284973,226.32004,102279.5,2.4280047e-07,1.7442677
2015-09-20 12:00:00,23.093964,18.15335,164.19775,101182.97,0.0001482966,1.7766579
2015-09-21 12:00:00,20.164581,14.59787,237.54352,101365.51,1.3159269e-06,3.3068438
2015-09-22 12:00:00,18.105957,11.092377,240.01834,102147.01,0.0,2.2330506
2015-09-23 12:00:00,21.54181,10.539642,235.70627,102178.12,0.0,1.907534
2015-09-24 12:00:00,25.681152,12.517517,227.17355,101776.76,0.0,2.8031583
2015-09-25 12:00:00,28.909485,17.27539,221.4265,101390.35,0.0,3.1037712
2015-09-26 12:00:00,29.496124,19.861877,210.70654,101065.2,0.0,3.2101417
2015-09-27 12:00:00,26.180603,19.408813,126.16534,100803.15,0.00019007332,1.9458622
2015-09-28 12:00:00,22.975983,16.310242,214.72928,101277.37,0.0,0.20416978
2015-09-29 12:00:00,26.132263,17.521698,168.94843,101365.77,1.3753867e-06,2.5400112
2015-09-30 12:00:00,28.71466,20.768341,184.54404,100906.28,0.0,2.581692
2015-10-01 12:00:00,25.901154,19.281311,160.25906,101191.62,0.0,1.8932065
2015-10-02 12:00:00,21.620667,13.546356,166.37122,102329.805,0.0,2.8763304
2015-10-03 12:00:00,24.478119,17.809265,114.30062,102194.875,4.938192e-06,3.2565572
2015-10-04 12:00:00,27.264557,19.913757,171.14471,101804.664,7.621298e-06,2.6034856
2015-10-05 12:00:00,26.517426,21.07782,192.87411,101455.97,3.872735e-06,2.8168533
2015-10-06 12:00:00,22.81427,16.414764,205.79797,101707.22,9.479226e-10,2.4749591
2015-10-07 12:00:00,18.500214,9.618317,201.84026,102112.65,0.0,2.401299
2015-10-08 12:00:00,20.650146,10.63028,200.94992,101979.305,0.0,1.4395072
2015-10-09 12:00:00,25.414276,15.4021,143.83342,101413.586,2.6661635e-08,2.189924
2015-10-10 12:00:00,27.574127,17.678131,177.98611,101157.77,2.0133723e-06,1.5903935
2015-10-11 12:00:00,24.051514,18.972717,61.86689,101127.72,3.617665e-05,2.7609017
2015-10-12 12:00:00,22.657776,19.987885,61.928432,101155.23,0.00010889398,0.61150485
2015-10-13 12:00:00,21.644867,15.850952,185.24884,101374.02,0.0,3.153193
2015-10-14 12:00:00,18.2771,12.131226,188.04794,101787.01,0.0,2.246216
2015-10-15 12:00:00,20.245178,8.720551,187.1314,102368.22,0.0,1.1954228
2015-10-16 12:00:00,19.747559,11.883148,170.8826,102620.164,0.0,2.3490176
2015-10-17 12:00:00,20.880249,15.336334,125.3981,102038.96,1.3990798e-05,1.7947505
2015-10-18 12:00:00,18.594818,9.518951,136.93794,102017.25,4.2434785e-05,4.184903
2015-10-19 12:00:00,13.827637,6.600525,141.03012,102267.41,6.4568674e-08,3.734453
2015-10-20 12:00:00,16.893097,11.337097,104.14789,101847.43,3.5547553e-06,4.40623
2015-10-21 12:00:00,18.1091,10.020721,171.67233,101435.39,2.788182e-07,3.092137
2015-10-22 12:00:00,13.131836,5.8239136,176.44716,102670.96,2.4616146e-11,1.7361485
2015-10-23 12:00:00,20.196442,4.9381104,165.93121,102542.76,0.0,1.9553249
2015-10-24 12:00:00,21.952393,11.436096,162.08932,102472.71,0.0,1.2768624
2015-10-25 12:00:00,19.417145,12.584778,102.88715,102882.055,8.042866e-07,3.2374682
2015-10-26 12:00:00,19.889557,16.406311,23.166754,102220.81,0.00018692801,3.2169366
2015-10-27 12:00:00,20.806335,16.498901,71.33416,101668.09,5.912667e-06,1.7279835
2015-10-28 12:00:00,20.055573,13.924622,23.82333,101550.66,0.00010347991,2.658933
2015-10-29 12:00:00,21.587189,14.374847,31.047058,100690.63,0.00011957888,3.2653015
2015-10-30 12:00:00,19.435059,10.734619,149.20325,100465.82,1.5775558e-05,2.442195
2015-10-31 12:00:00,17.668182,8.570557,150.37587,100311.45,0.0,1.2576488
2015-11-01 12:00:00,16.507324,8.1831665,151.65129,100248.56,2.5480078e-08,4.5173464
2015-11-02 12:00:00,15.644287,7.49823,148.56354,101638.05,1.9277548e-09,2.3976393
2015-11-03 12:00:00,15.141663,8.247681,112.289024,102595.89,3.2643584e-07,2.1928475
2015-11-04 12:00:00,19.317047,13.783478,69.50232,102269.35,3.3482647e-05,4.4636793
2015-11-05 12:00:00,19.741333,8.983826,145.22617,101719.34,0.00023256763,2.8305829
2015-11-06 12:00:00,12.877411,6.519806,127.65226,102025.17,0.0,2.501095
2015-11-07 12:00:00,14.498596,5.8538513,139.42422,102067.81,0.0,2.1727433
2015-11-08 12:00:00,12.763794,4.9673767,135.93501,102622.945,2.3622249e-07,2.8973322
2015-11-09 12:00:00,20.135406,12.852356,12.339063,101168.59,0.0003775398,5.4497395
2015-11-10 12:00:00,21.21518,6.7845154,124.007706,100256.66,0.00019553663,4.2442307
2015-11-11 12:00:00,7.5433044,1.7925415,116.565056,101549.48,0.0,2.9580526
2015-11-12 12:00:00,7.6844482,1.3370972,120.95095,101103.414,0.0,2.4829988
2015-11-13 12:00:00,8.76236,1.4659729,132.45876,100887.59,8.590659e-09,2.6345053
2015-11-14 12:00:00,6.508423,1.2781372,133.09659,101218.18,1.1179124e-07,3.36487
2015-11-15 12:00:00,8.479736,-0.29953003,130.08311,101356.79,0.0,2.1408644
2015-11-16 12:00:00,11.074921,2.4394226,53.993557,101092.0,2.769185e-05,0.30239782
2015-11-17 12:00:00,16.067749,8.195435,61.317356,99926.65,0.00017847096,1.1079712
2015-11-18 12:00:00,10.303711,6.824524,125.57316,100587.17,9.977958e-07,5.3965225
2015-11-19 12:00:00,8.646637,1.8854675,89.68461,101343.44,0.0,2.4170768
2015-11-20 12:00:00,9.474609,1.7167053,88.53411,101165.1,1.6362534e-06,1.1717057
2015-11-21 12:00:00,8.296967,4.378418,112.54625,101019.984,3.254568e-05,3.697331
2015-11-22 12:00:00,5.5247498,2.4171143,77.28153,101088.26,1.0156399e-05,4.743872
2015-11-23 12:00:00,5.8492737,2.734497,29.562784,100251.37,0.00016831812,5.986372
2015-11-24 12:00:00,4.450165,-0.4389038,120.00953,100794.32,8.3218064e-11,3.8216906
2015-11-25 12:00:00,7.42041,0.81973267,118.47504,101468.39,1.14225685e-07,3.292021
2015-11-26 12:00:00,8.0885315,0.15032959,108.68527,102193.9,1.515709e-07,1.6638771
2015-11-27 12:00:00,16.20047,3.3918152,54.86546,101491.19,0.00017328303,2.9746747
2015-11-28 12:00:00,18.27945,7.5812683,72.154594,98766.12,0.00021170489,5.2195606
2015-11-29 12:00:00,7.500122,4.2805176,67.98104,99094.875,9.987775e-07,6.094993
2015-11-30 12:00:00,4.257477,-0.98147583,63.945244,100230.29,2.4064739e-05,4.0074496
2015-12-01 12:00:00,1.5748596,-5.519043,112.53877,102043.37,3.7010748e-09,2.7328131
2015-12-02 12:00:00,17.562256,-4.875946,10.768246,100868.23,0.0006885403,5.7964945
2015-12-03 12:00:00,17.260803,2.3321533,109.773186,100237.72,3.2403377e-06,4.5555363
2015-12-04 12:00:00,3.395813,-1.1036987,106.45493,101228.43,0.0,3.947164
2015-12-05 12:00:00,4.1483154,-0.8886719,71.938705,101423.34,1.9747057e-10,2.0717266
2015-12-06 12:00:00,5.4538574,2.0086975,27.821995,101165.375,5.1765208e-05,3.004023
2015-12-07 12:00:00,8.663025,4.45697,61.316254,99968.305,4.045103e-05,2.5604022
2015-12-08 12:00:00,6.497528,-0.26150513,105.20398,100377.0,3.574951e-09,3.5184
2015-12-09 12:00:00,1.167572,-2.6576538,103.60482,100786.766,0.0,2.7433767
2015-12-10 12:00:00,0.26449585,-3.078247,107.05049,101104.625,0.0,2.8095407
2015-12-11 12:00:00,1.6061096,-2.4122314,105.65063,102004.86,1.909378e-10,3.4024148
2015-12-12 12:00:00,3.8204956,-2.2375793,106.46795,103216.15,0.0,2.6356177
2015-12-13 12:00:00,7.714966,-0.046447754,92.93502,102992.13,1.4488279e-07,1.6864071
2015-12-14 12:00:00,16.692413,6.769867,47.26464,100217.92,0.0007037348,1.8930176
2015-12-15 12:00:00,11.639404,7.0390625,67.61505,100906.59,7.535222e-07,1.1477238
2015-12-16 12:00:00,8.434479,5.8932495,36.317772,101022.58,9.98816e-07,1.2430679
2015-12-17 12:00:00,7.8850403,4.454712,88.4798,101650.91,4.33365e-06,2.544129
2015-12-18 12:00:00,13.349243,6.0282288,16.00012,101068.56,0.00018144111,1.5148604
2015-12-19 12:00:00,13.038605,-2.188568,98.33131,100572.6,2.2279706e-05,5.3251915
2015-12-20 12:00:00,1.8420105,-3.4441833,102.542046,101128.49,3.288083e-07,5.625152
2015-12-21 12:00:00,1.3147888,-1.560669,74.4373,101309.77,2.6925974e-07,4.287869
2015-12-22 12:00:00,1.9644775,-2.0316772,74.65788,101673.734,0.0,2.3001523
2015-12-23 12:00:00,5.969879,1.5981445,99.14143,101177.38,1.51261975e-05,3.2827678
2015-12-24 12:00:00,5.035736,-0.99957275,100.21589,102044.24,0.0,2.4725301
2015-12-25 12:00:00,9.169708,1.4815979,78.4575,101794.17,1.798974e-09,3.111518
2015-12-26 12:00:00,7.484009,1.593811,100.99402,101730.39,0.0,2.5313702
2015-12-27 12:00:00,6.2120667,-0.40686035,83.69346,102149.17,0.0,1.9208504
2015-12-28 12:00:00,10.925049,1.6096802,42.303104,102431.734,0.00023542735,4.0637608
2015-12-29 12:00:00,16.24466,10.750092,98.20712,101124.266,0.0002075515,1.5564471
2015-12-30 12:00:00,10.994934,6.658386,47.5925,101307.695,0.0,1.9750259
2015-12-31 12:00:00,6.580963,1.5384827,19.842789,101184.69,4.6721314e-05,3.2619965
2016-01-01 12:00:00,2.542328,-0.22216797,55.58739,101250.97,0.000119649645,3.7352486
2016-01-02 12:00:00,-0.3758545,-7.756531,108.14238,101966.664,0.0,2.4966364
2016-01-03 12:00:00,2.2575989,-7.6394653,103.86257,102064.664,0.0,2.4063594
2016-01-04 12:00:00,3.4615784,-5.7526855,107.50955,101821.695,0.0,2.4929748
2016-01-05 12:00:00,2.3957825,-5.4070435,104.1359,100969.266,3.4577734e-08,3.287176
2016-01-06 12:00:00,3.162445,-5.9235535,72.11295,100523.61,4.745043e-07,1.5926143
2016-01-07 12:00:00,4.867096,-4.3330383,106.14866,100211.01,3.339054e-08,1.3218446
2016-01-08 12:00:00,5.2874146,-3.578949,21.55253,100131.82,7.170436e-05,0.6023304
2016-01-09 12:00:00,5.0011597,-2.784607,111.98476,101208.34,8.098781e-06,4.390375
2016-01-10 12:00:00,2.0234985,-3.445404,114.397156,101730.12,3.244388e-08,3.9802687
2016-01-11 12:00:00,0.4866333,-6.612732,110.2412,102863.64,2.4804548e-08,2.476585
2016-01-12 12:00:00,10.057526,-3.6670532,77.32739,102687.21,1.8747012e-06,2.635836
2016-01-13 12:00:00,12.128662,5.582733,19.683197,101385.46,0.0001609849,0.50557995
2016-01-14 12:00:00,5.371826,-2.7948608,116.045235,101953.63,2.5151892e-09,3.7417037
2016-01-15 12:00:00,4.6729126,-3.0922546,29.090136,101945.23,0.00010633555,1.285696
2016-01-16 12:00:00,6.29187,2.232544,96.355644,100784.35,0.00017206495,2.9670856
2016-01-17 12:00:00,2.0844116,-3.4874878,119.56027,102325.5,0.0,2.9674587
2016-01-18 12:00:00,5.437958,-3.6458435,40.74199,102115.29,4.1576903e-05,2.132516
2016-01-19 12:00:00,13.680969,0.27398682,41.060795,99511.38,0.0008401779,2.0979843
2016-01-20 12:00:00,0.18890381,-6.763092,120.90925,101604.195,2.1552453e-06,4.1162877
2016-01-21 12:00:00,1.7054749,-8.632751,90.42388,101290.0,3.0866627e-07,4.042912
2016-01-22 12:00:00,7.8319397,1.8804016,22.211,99272.56,0.00036209737,8.352836
2016-01-23 12:00:00,7.1412354,1.6264648,85.978905,99786.61,4.030177e-05,5.1599884
2016-01-24 12:00:00,6.0492554,-0.664093,125.17533,101215.586,0.0,2.182524
2016-01-25 12:00:00,4.6516724,1.5107117,51.725475,100656.29,3.053486e-06,2.1156127
2016-01-26 12:00:00,4.6272583,-0.5422363,132.76447,101186.164,0.0,3.47144
2016-01-27 12:00:00,3.4486084,-1.9666443,133.76868,101841.06,0.0,3.0847347
2016-01-28 12:00:00,1.2855225,-1.8085022,55.846127,102109.41,4.587174e-06,2.436922
2016-01-29 12:00:00,15.583313,0.7562561,30.900616,100705.21,0.00041070173,4.3051195
2016-01-30 12:00:00,13.005432,6.6679077,132.4594,100430.96,0.0,2.2615547
2016-01-31 12:00:00,7.739197,-1.1690674,136.9194,101294.26,0.0,2.8706152
2016-02-01 12:00:00,9.195709,0.16732788,22.871075,100414.03,0.00032139852,2.8411617
2016-02-02 12:00:00,11.636261,0.77404785,126.201164,99191.01,0.000113427,5.035497
2016-02-03 12:00:00,2.1105652,-2.1083984,144.81248,100521.375,5.3738166e-08,3.304051
2016-02-04 12:00:00,-0.2617798,-5.2796936,148.43678,101689.14,1.3266953e-08,3.120888
2016-02-05 12:00:00,0.3036499,-6.3896484,147.90317,101751.336,0.0,3.9917846
2016-02-06 12:00:00,2.8608093,-4.1878357,156.75197,101656.69,0.0,4.637932
2016-02-07 12:00:00,4.466736,-3.9710693,154.77477,101919.59,0.0,1.4661714
2016-02-08 12:00:00,6.6218567,1.4398804,75.78596,101569.695,3.6850874e-08,0.80095667
2016-02-09 12:00:00,9.977203,2.536499,99.82342,101907.39,1.3480741e-05,3.9792926
2016-02-10 12:00:00,14.652679,9.57901,47.498165,102589.62,0.00011080458,3.6743658
2016-02-11 12:00:00,16.618256,12.859161,115.97722,102425.94,4.250719e-05,4.142742
2016-02-12 12:00:00,15.448456,13.204834,50.8872,101809.23,1.1677945e-05,3.6116695
2016-02-13 12:00:00,14.145721,10.772003,23.49405,100633.37,0.00050331134,2.5665805
2016-02-14 12:00:00,11.099365,5.2536926,154.047,99821.44,4.4649738e-08,3.4254515
2016-02-15 12:00:00,6.3625793,0.5838318,162.42307,99538.14,1.01470164e-07,3.7155108
2016-02-16 12:00:00,4.4629517,1.0946045,173.35915,99927.086,6.213718e-07,3.9146879
2016-02-17 12:00:00,3.0112305,-2.4523926,175.58878,100979.99,0.0,1.9512801
2016-02-18 12:00:00,5.6592712,-0.51174927,48.363895,100782.37,3.438757e-05,0.82843536
2016-02-19 12:00:00,5.374878,-0.6274109,146.12546,100579.34,4.7624934e-07,3.4653945
2016-02-20 12:00:00,0.2831726,-3.708435,158.37563,100969.67,1.3418745e-07,3.8930779
2016-02-21 12:00:00,-1.2225952,-7.5694275,188.53142,101175.445,0.0,5.142154
2016-02-22 12:00:00,2.2389832,-5.043976,187.99605,101204.96,0.0,4.254911
2016-02-23 12:00:00,7.1453247,0.73153687,185.27203,101151.93,0.0,3.5861795
2016-02-24 12:00:00,11.4288025,1.3382568,183.3071,100913.83,0.0,2.6863155
2016-02-25 12:00:00,8.518219,0.43844604,195.26775,101269.18,0.0,3.8104246
2016-02-26 12:00:00,2.709259,-3.0123596,128.67554,101905.34,0.0,2.5242336
2016-02-27 12:00:00,14.345551,2.6811829,46.222725,98860.336,0.0006347264,6.649579
2016-02-28 12:00:00,10.397827,-1.411377,204.35612,99289.68,3.142866e-05,5.5802283
2016-02-29 12:00:00,,,,,,
2016-03-01 12:00:00,-0.6750183,-5.4082336,203.66264,100954.17,0.0,3.9019291
2016-03-02 12:00:00,0.1251831,-3.9483337,118.86115,100682.67,1.0434723e-05,4.330299
2016-03-03 12:00:00,0.79855347,-7.5125427,189.47623,101086.04,0.0,2.7076516
2016-03-04 12:00:00,4.542053,-5.1593323,207.85072,101221.84,1.4758282e-07,1.2072834
2016-03-05 12:00:00,14.49884,-4.399536,29.85465,101183.805,0.0005144912,4.873209
2016-03-06 12:00:00,14.187286,4.584381,212.67987,100408.89,2.8794902e-05,5.8009014
2016-03-07 12:00:00,12.135132,2.9404297,213.30196,101624.82,0.0,4.239641
2016-03-08 12:00:00,10.027649,1.7794495,219.2028,101785.016,0.0,1.8785677
2016-03-09 12:00:00,5.14032,0.79330444,97.86008,101831.37,3.818756e-10,3.7298954
2016-03-10 12:00:00,6.7613525,2.300354,82.64949,101367.23,5.802958e-07,5.202521
2016-03-11 12:00:00,8.396393,4.077423,186.71667,101255.99,1.0639696e-06,3.6543584
2016-03-12 12:00:00,9.047394,0.77438354,87.591805,100978.24,3.34719e-05,3.4178658
2016-03-13 12:00:00,16.449554,8.917603,101.78157,99008.81,0.0002296261,2.1418784
2016-03-14 12:00:00,10.714905,1.0009766,162.04472,98750.52,2.939062e-06,4.949639
2016-03-15 12:00:00,2.6260986,-0.4196167,122.800446,99136.98,7.734506e-07,5.725382
2016-03-16 12:00:00,5.0259705,-2.0660706,242.72769,101379.36,0.0,3.077272
2016-03-17 12:00:00,13.15036,0.5403137,202.58589,102282.625,1.4261631e-09,2.9659905
2016-03-18 12:00:00,14.382019,6.8317566,153.70717,102503.695,2.7524013e-06,1.8235936
2016-03-19 12:00:00,17.32956,12.969788,88.42247,101332.31,4.469416e-05,3.733489
2016-03-20 12:00:00,14.581146,-2.0049133,107.675865,101418.04,0.00029090367,5.858991
2016-03-21 12:00:00,6.563904,-9.397186,256.11923,101568.15,4.544492e-09,2.4066145
2016-03-22 12:00:00,7.5887146,-4.676758,237.70465,101573.99,1.4437555e-08,0.40438953
2016-03-23 12:00:00,14.411377,4.6183777,183.02168,100995.72,0.0,2.78441
2016-03-24 12:00:00,13.701965,7.122406,54.767956,100342.65,0.0002927369,0.84967214
2016-03-25 12:00:00,9.091492,1.809845,255.34074,101145.336,7.419921e-09,3.3720024
2016-03-26 12:00:00,8.081451,-2.1990967,202.9188,102052.25,4.893006e-09,1.3350823
2016-03-27 12:00:00,17.532532,8.158936,124.262825,100535.35,0.00034396286,4.2004976
2016-03-28 12:00:00,12.930634,3.6495972,221.62209,101531.21,0.0,1.8268902
2016-03-29 12:00:00,10.947937,2.68219,251.78148,102140.125,2.4400326e-09,2.347429
2016-03-30 12:00:00,15.267456,6.0117188,121.59712,101747.586,2.9869575e-06,2.4475687
2016-03-31 12:00:00,17.973969,9.963593,199.85944,100672.07,2.9372139e-05,4.0262594
2016-04-01 12:00:00,9.754303,0.6585388,278.44614,102239.83,0.0,3.4060993
2016-04-02 12:00:00,13.968903,2.7238464,52.47168,102142.97,0.00015295997,3.144687
2016-04-03 12:00:00,19.451721,14.079071,82.814384,100152.445,0.00012275894,6.0001664
2016-04-04 12:00:00,15.13208,3.9795227,271.26617,100954.15,0.0,3.3793359
2016-04-05 12:00:00,11.256775,0.81970215,270.8425,100948.12,0.0,0.43533614
2016-04-06 12:00:00,11.741669,4.596161,140.25786,100680.55,7.045327e-06,2.122427
2016-04-07 12:00:00,13.489166,5.415802,275.4431,100845.195,2.123788e-05,2.2971792
2016-04-08 12:00:00,10.811493,3.8737793,287.47098,102244.766,0.0,2.044568
2016-04-09 12:00:00,13.851685,3.9612122,287.15314,102877.664,0.0,2.8169847
2016-04-10 12:00:00,16.884216,10.182037,108.37782,102321.85,1.8250452e-06,4.0341296
2016-04-11 12:00:00,15.079285,10.929413,260.13876,101360.77,7.023267e-05,1.2851378
2016-04-12 12:00:00,10.731384,5.447632,125.554596,101590.4,1.02688595e-07,2.9035237
2016-04-13 12:00:00,10.140503,2.2593079,275.03357,102248.555,0.0,2.4124858
2016-04-14 12:00:00,17.329224,5.454132,101.178024,101924.805,2.875646e-06,2.8697681
2016-04-15 12:00:00,19.817596,10.289398,268.15723,101698.09,0.0,1.0256883
2016-04-16 12:00:00,24.747833,11.627014,265.91077,101363.94,6.6050376e-07,2.0973856
2016-04-17 12:00:00,21.593842,17.13324,99.58791,100548.26,0.000111516936,3.5100973
2016-04-18 12:00:00,17.263397,7.52005,84.83834,100163.734,7.724971e-05,3.2224686
2016-04-19 12:00:00,7.885315,2.3434143,179.34444,100901.23,6.752431e-05,1.8843644
2016-04-20 12:00:00,9.952911,3.3051453,275.8456,101715.95,8.208605e-06,2.7458682
2016-04-21 12:00:00,10.852661,1.6217346,202.07193,102292.01,2.1304268e-05,2.4683893
2016-04-22 12:00:00,11.08429,2.2056274,320.80136,102797.07,1.13488525e-08,2.8444169
2016-04-23 12:00:00,12.112061,3.6407776,148.39923,102413.31,3.4008375e-05,2.5508804
2016-04-24 12:00:00,14.8591,9.557312,121.3784,101226.87,0.00026333085,1.6086087
2016-04-25 12:00:00,13.0598755,7.686371,304.99988,101368.84,2.2434166e-09,3.0209618
2016-04-26 12:00:00,11.857056,4.194092,292.14923,102160.4,0.0,3.386057
2016-04-27 12:00:00,12.675018,3.81427,321.5658,102742.22,3.1032414e-08,2.3852375
2016-04-28 12:00:00,14.265778,2.5052185,325.8013,102935.41,0.0,1.3501403
2016-04-29 12:00:00,18.491272,4.9023438,324.02567,102519.01,0.0,2.1727912
2016-04-30 12:00:00,23.209106,8.919647,298.4566,101727.23,0.0,2.4168353
2016-05-01 12:00:00,27.07312,12.953186,318.7455,101456.19,0.0,2.1754277
2016-05-02 12:00:00,27.622284,14.382355,322.295,101457.67,0.0,3.0730217
2016-05-03 12:00:00,24.72934,14.439087,70.02518,101847.1,9.794005e-05,0.876849
2016-05-04 12:00:00,19.468048,12.634888,138.90244,102446.016,8.595453e-06,1.4071413
2016-05-05 12:00:00,27.772614,14.620728,290.6575,102000.47,1.8143852e-06,1.4935815
2016-05-06 12:00:00,26.077393,18.501953,213.94856,101542.9,3.19842e-07,1.4107534
2016-05-07 12:00:00,23.720123,17.19397,233.32823,101309.51,5.6528053e-05,1.3647492
2016-05-08 12:00:00,18.165833,15.164307,156.02277,101931.73,3.696208e-05,3.8974285
2016-05-09 12:00:00,22.74466,15.772888,139.8933,101554.2,7.38748e-05,3.181735
2016-05-10 12:00:00,23.123322,19.703278,187.37483,101012.836,4.9906008e-05,2.5056236
2016-05-11 12:00:00,20.668335,13.788788,331.20383,101837.234,0.0,2.946901
2016-05-12 12:00:00,26.597656,14.298645,246.94115,101060.5,9.743465e-06,0.9695463
2016-05-13 12:00:00,28.830353,22.826416,264.5868,100964.73,5.0879526e-06,2.5035884
2016-05-14 12:00:00,24.091156,16.365784,155.12431,102386.555,3.5274184e-06,3.5642495
2016-05-15 12:00:00,30.852417,17.788544,275.2933,101899.89,0.00012893451,2.651861
2016-05-16 12:00:00,22.60617,14.490143,251.5248,102571.76,4.7004803e-05,2.0901878
2016-05-17 12:00:00,19.91272,13.8732605,218.91455,102785.055,1.3003132e-06,2.4562168
2016-05-18 12:00:00,22.185852,17.907837,88.2502,101611.8,5.023213e-05,2.6377163
2016-05-19 12:00:00,22.41397,16.656982,183.0507,101232.914,7.757542e-05,1.3135511
2016-05-20 12:00:00,20.88327,13.477814,308.24963,101927.99,4.334639e-06,2.1092184
2016-05-21 12:00:00,19.801788,16.39746,88.658295,101940.38,4.4242996e-05,1.9771417
2016-05-22 12:00:00,27.964966,17.162598,287.93134,101479.8,7.157015e-06,1.6013464
2016-05-23 12:00:00,26.470886,18.797943,253.77452,101461.83,2.3133491e-06,1.8962611
2016-05-24 12:00:00,30.984406,18.203003,317.98462,101131.695,8.5518595e-06,2.006824
2016-05-25 12:00:00,31.11969,22.964478,335.0387,100860.24,0.0,2.9870775
2016-05-26 12:00:00,29.447052,19.939667,307.2023,100971.93,8.218225e-05,2.6496046
2016-05-27 12:00:00,25.551575,19.210571,345.7287,101358.13,8.453583e-05,3.078634
2016-05-28 12:00:00,21.921936,13.004364,243.62749,102026.28,0.0,1.2942302
2016-05-29 12:00:00,25.803192,16.15805,173.13571,101275.56,2.891612e-06,1.2192013
2016-05-30 12:00:00,31.20285,20.90625,268.9948,100483.836,0.000103536084,2.6147652
2016-05-31 12:00:00,21.865387,16.086975,338.67465,101103.71,2.325153e-07,2.7893023
2016-06-01 12:00:00,20.863892,10.988251,318.18503,101714.75,0.0,1.3887866
2016-06-02 12:00:00,20.803375,15.973053,230.27577,100845.67,0.00019475233,0.4759401
2016-06-03 12:00:00,19.588776,14.404602,355.36676,100922.6,7.644384e-06,3.1757803
2016-06-04 12:00:00,19.319397,7.8960266,367.07303,101746.98,0.0,2.419637
2016-06-05 12:00:00,20.23465,10.351013,297.55463,102129.164,0.0,1.0531225
2016-06-06 12:00:00,18.846283,14.992859,77.98105,102009.38,3.4335975e-05,3.5319834
2016-06-07 12:00:00,23.585022,17.134674,126.20791,100528.73,0.000624361,2.1886904
2016-06-08 12:00:00,21.189453,15.521271,159.31622,100486.72,4.966066e-05,1.7237352
2016-06-09 12:00:00,20.718323,12.160126,316.90112,101156.266,3.7042219e-06,1.7399031
2016-06-10 12:00:00,19.687927,11.692596,305.5721,101426.12,5.9764085e-07,2.1482208
2016-06-11 12:00:00,21.40036,11.67926,342.13177,101780.03,6.039159e-08,2.3671782
2016-06-12 12:00:00,23.194244,12.562714,287.3819,101824.86,0.0,0.60404944
2016-06-13 12:00:00,28.690979,16.879456,320.38815,101376.47,0.0,1.6496546
2016-06-14 12:00:00,29.172882,19.252625,289.11328,101039.625,0.0,3.6229532
2016-06-15 12:00:00,27.148743,19.481232,302.2882,101302.44,0.00014798924,0.44088972
2016-06-16 12:00:00,24.144867,17.201569,348.9139,101945.484,0.0,1.7118348
2016-06-17 12:00:00,30.971405,18.759796,296.51974,101170.11,1.1395664e-05,2.5542889
2016-06-18 12:00:00,27.41565,21.278381,241.50185,101102.93,5.054652e-06,2.051769
2016-06-19 12:00:00,25.096619,17.589783,275.7114,101314.016,0.0,2.1344824
2016-06-20 12:00:00,30.336426,17.205597,350.59158,100851.1,0.0,2.3226264
2016-06-21 12:00:00,26.789307,17.98758,364.83557,101470.79,0.0,3.6447473
2016-06-22 12:00:00,27.26651,13.731445,320.26163,101637.76,0.0,1.7590076
2016-06-23 12:00:00,30.573364,19.583221,201.19196,101214.39,5.419068e-05,2.5529761
2016-06-24 12:00:00,30.884857,22.991272,291.5615,100690.37,7.756616e-05,1.9090874
2016-06-25 12:00:00,26.623718,21.028687,259.4874,101014.63,3.233357e-05,1.7181196
2016-06-26 12:00:00,27.86377,19.404968,302.25287,101123.195,1.3209592e-05,1.3384684
2016-06-27 12:00:00,25.496582,20.0242,215.87094,101690.6,6.679964e-06,3.554755
2016-06-28 12:00:00,24.958862,19.823456,173.73839,101742.33,7.073278e-05,3.2822077
2016-06-29 12:00:00,29.634674,18.127258,339.72195,101286.41,5.771434e-05,0.5750076
2016-06-30 12:00:00,32.812225,23.529022,315.60675,100738.83,1.521188e-05,1.7027786
2016-07-01 12:00:00,28.973785,21.332672,300.8844,100905.375,0.00017124062,2.0969024
2016-07-02 12:00:00,26.453033,20.95755,301.60776,101678.45,9.43843e-06,1.7307762
2016-07-03 12:00:00,28.529968,18.821716,295.10318,101340.44,0.0,2.336166
2016-07-04 12:00:00,27.617218,21.498993,197.91173,100736.055,8.680829e-05,0.99318147
2016-07-05 12:00:00,25.839111,19.39801,348.4851,101731.37,2.705852e-06,1.6432673
2016-07-06 12:00:00,28.680298,17.719482,351.69214,101968.12,0.0,2.936104
2016-07-07 12:00:00,32.502045,21.078186,280.2366,101300.91,0.00013107322,2.2541022
2016-07-08 12:00:00,29.235199,20.924622,342.06155,101040.8,8.2315415e-07,1.0406066
2016-07-09 12:00:00,26.874054,19.740723,238.79248,100883.89,0.00011273133,1.5612258
2016-07-10 12:00:00,28.550232,20.086884,349.2111,100901.15,0.0,1.4606061
2016-07-11 12:00:00,32.89978,18.96344,340.7866,100751.34,0.0,2.5528922
2016-07-12 12:00:00,33.007843,21.92566,263.02185,100809.83,0.00012002768,1.9401295
2016-07-13 12:00:00,31.541595,20.375824,335.416,100926.07,1.699621e-06,1.3916495
2016-07-14 12:00:00,32.190643,22.590271,303.3852,100923.5,0.00014220228,1.9292048
2016-07-15 12:00:00,32.248688,21.493195,312.85785,101114.27,0.0,1.0784595
2016-07-16 12:00:00,31.74524,16.300476,156.21231,100984.016,0.00017425329,2.1214018
2016-07-17 12:00:00,22.260529,12.836151,349.93478,102276.54,0.0,1.7831726
2016-07-18 12:00:00,25.128296,15.579468,309.3707,102183.695,6.0971296e-08,2.098296
2016-07-19 12:00:00,26.783234,16.752838,254.45393,101249.086,1.8802018e-07,2.1112447
2016-07-20 12:00:00,28.041168,18.68103,340.3297,100967.414,0.0,2.4602647
2016-07-21 12:00:00,29.265839,17.990967,337.74414,101196.95,0.0,0.82893187
2016-07-22 12:00:00,32.606598,19.60498,328.3589,101189.54,0.0,2.639782
2016-07-23 12:00:00,35.80481,22.329163,334.0733,101016.07,0.0,2.517947
2016-07-24 12:00:00,33.772095,24.594147,239.96155,100832.3,8.8549376e-07,1.2437754
2016-07-25 12:00:00,30.92157,20.864655,321.85965,100981.98,0.0,1.9422005
2016-07-26 12:00:00,31.05194,17.792358,336.31882,101230.77,0.0,1.4952506
2016-07-27 12:00:00,32.030487,18.930206,313.2849,101617.88,0.0,1.5845958
2016-07-28 12:00:00,33.061737,22.476135,297.1816,101529.24,0.0,2.3885515
2016-07-29 12:00:00,32.65335,23.135956,296.31778,101278.95,0.0,2.7383938
2016-07-30 12:00:00,32.17755,24.066864,249.21594,101224.79,5.9000682e-05,1.9420639
2016-07-31 12:00:00,27.064728,23.156555,101.55434,101840.71,2.5503512e-05,2.8317394
2016-08-01 12:00:00,28.801025,23.063965,243.47166,102190.85,6.8426098e-06,2.6860259
2016-08-02 12:00:00,30.257507,21.527313,302.93945,102215.16,0.0,1.8164387
2016-08-03 12:00:00,33.009796,24.320923,294.28757,101794.38,1.4580021e-08,3.0712097
2016-08-04 12:00:00,35.022614,25.969543,284.69,101348.38,0.00011999543,2.4604685
2016-08-05 12:00:00,30.526276,23.861572,239.59163,101062.73,2.5045983e-06,2.5112648
2016-08-06 12:00:00,28.36615,21.026031,46.79053,101015.94,0.00084130233,0.6349339
2016-08-07 12:00:00,25.533325,20.539276,212.0495,101310.58,3.0758933e-06,1.7887381
2016-08-08 12:00:00,26.317322,19.488007,287.88663,101675.46,0.0,0.34978646
2016-08-09 12:00:00,26.005676,19.133057,284.34277,101762.664,0.0,1.4152256
2016-08-10 12:00:00,27.04242,19.995087,277.45154,101395.19,0.0,0.8614186
2016-08-11 12:00:00,32.31189,22.658234,296.05432,101094.95,8.668491e-06,3.211942
2016-08-12 12:00:00,28.716309,21.227753,203.86925,101449.94,7.7469376e-05,1.3491306
2016-08-13 12:00:00,28.33847,20.721985,308.74796,101503.53,0.0,0.87477994
2016-08-14 12:00:00,28.88382,19.682709,311.2016,101687.5,0.0,1.3470739
2016-08-15 12:00:00,29.226807,18.910095,304.27002,101709.17,0.0,1.5842985
2016-08-16 12:00:00,33.228027,20.92572,300.78162,101247.31,0.0,2.4351182
2016-08-17 12:00:00,31.393799,23.378754,257.634,101453.09,8.648379e-05,0.35797438
2016-08-18 12:00:00,27.071533,23.286896,167.03496,101718.625,4.0542276e-05,1.5889521
2016-08-19 12:00:00,26.137512,22.87259,155.43875,101665.29,9.9059755e-05,1.7103387
2016-08-20 12:00:00,31.927063,22.85373,273.98886,101497.39,3.405554e-05,0.90392065
2016-08-21 12:00:00,31.497375,24.677826,249.81233,101651.234,0.0,0.3350471
2016-08-22 12:00:00,33.441315,24.337494,277.557,101546.36,2.4502418e-07,1.6358203
2016-08-23 12:00:00,34.923615,24.800568,284.06686,101241.15,4.8122496e-07,2.270946
2016-08-24 12:00:00,35.187836,25.293,270.5425,100995.72,7.763644e-05,2.4003692
2016-08-25 12:00:00,32.3042,24.369263,210.39313,100616.42,0.00017089103,2.6484528
2016-08-26 12:00:00,26.576141,20.59732,196.44281,101108.07,0.0001326912,1.7450538
2016-08-27 12:00:00,22.556366,16.79596,271.4597,101988.5,3.1267755e-05,4.0670643
2016-08-28 12:00:00,22.76831,14.545929,289.3574,102066.98,0.0,1.403369
2016-08-29 12:00:00,28.066345,16.889526,274.64822,101643.76,0.0,1.7865629
2016-08-30 12:00:00,28.637573,20.670502,251.92982,101812.61,0.0,0.86869
2016-08-31 12:00:00,27.535645,20.000183,237.65211,102311.74,7.210196e-08,1.3736421
2016-09-01 12:00:00,28.54535,19.168732,273.85742,102376.04,1.8702071e-08,1.260123
2016-09-02 12:00:00,31.248596,20.647736,264.90848,102111.97,4.4942777e-07,1.8571754
2016-09-03 12:00:00,32.57373,21.229065,260.08835,101833.37,0.0,1.8447703
2016-09-04 12:00:00,31.020447,24.306091,177.58133,101623.266,2.4783563e-05,0.32178307
2016-09-05 12:00:00,28.373627,23.030365,160.55898,101573.11,6.526888e-06,1.9900211
2016-09-06 12:00:00,27.937683,21.202667,199.91716,101761.086,9.9906e-06,1.9573524
2016-09-07 12:00:00,31.411285,20.893524,254.25397,101608.71,1.2012143e-07,2.3774402
2016-09-08 12:00:00,30.353851,22.509705,211.89552,101464.03,2.8356073e-05,0.4538772
2016-09-09 12:00:00,28.653412,20.820312,238.92592,101754.695,5.824946e-08,1.7601756
2016-09-10 12:00:00,29.788788,20.004913,247.24817,101404.78,3.1477103e-07,2.5455396
2016-09-11 12:00:00,27.830414,21.300842,261.3839,101863.586,0.0,2.4999466
2016-09-12 12:00:00,26.659363,17.262909,246.37236,102278.5,6.7253944e-07,2.6327538
2016-09-13 12:00:00,26.992615,21.735565,129.18654,101900.85,8.064055e-05,1.7905349
2016-09-14 12:00:00,27.440887,22.743591,129.62186,101749.52,0.00014779167,2.6224713
2016-09-15 12:00:00,27.82843,22.812073,155.91887,101900.37,8.579835e-06,2.2809358
2016-09-16 12:00:00,30.020721,21.913391,230.76794,101799.04,0.0001645131,1.1870952
2016-09-17 12:00:00,22.118164,15.899078,206.36215,102489.055,2.2622644e-05,3.542374
2016-09-18 12:00:00,22.187836,14.676941,171.85356,102229.38,1.2766953e-08,1.3714365
2016-09-19 12:00:00,21.566803,18.355804,85.496086,101989.266,2.305109e-05,1.1054276
2016-09-20 12:00:00,19.511139,16.937866,35.12472,101969.26,0.000521298,5.531047
2016-09-21 12:00:00,21.254333,16.208496,115.49393,101585.32,0.000106736654,2.696367
2016-09-22 12:00:00,26.12857,19.058228,156.40979,101091.086,8.9225265e-05,0.6678063
2016-09-23 12:00:00,25.049805,18.855957,211.29922,101303.7,9.893928e-07,1.9662521
2016-09-24 12:00:00,22.215271,18.852997,69.233246,101311.95,5.6454395e-05,1.47474
2016-09-25 12:00:00,21.999939,15.154114,142.24622,100757.16,1.2700014e-05,2.809406
2016-09-26 12:00:00,15.025909,9.763184,221.65714,101498.24,5.76271e-08,4.030808
2016-09-27 12:00:00,15.797607,7.011139,226.00981,101912.98,0.0,3.3020658
2016-09-28 12:00:00,21.803284,9.510315,221.16678,101645.56,0.0,2.947753
2016-09-29 12:00:00,23.429718,13.130524,214.4977,101033.72,0.0,3.1870959
2016-09-30 12:00:00,26.700623,16.717255,210.53923,100505.1,0.0,3.3209095
2016-10-01 12:00:00,24.006622,15.562073,217.8138,100979.65,1.3935678e-05,3.7477295
2016-10-02 12:00:00,16.509827,8.355225,219.80444,102244.58,0.0,1.6729999
2016-10-03 12:00:00,24.956848,10.903259,199.34906,101809.21,0.0,3.525771
2016-10-04 12:00:00,25.327972,21.138306,94.46873,100842.88,0.0,4.2858357
2016-10-05 12:00:00,24.408203,14.802338,51.103912,100572.32,0.00031402145,2.6018631
2016-10-06 12:00:00,17.69339,10.060944,207.54095,101894.08,0.0,2.3910701
2016-10-07 12:00:00,20.447205,10.565063,202.07426,102395.36,0.0,1.6789707
2016-10-08 12:00:00,23.281006,12.417358,196.84024,101934.555,0.0,2.1960337
2016-10-09 12:00:00,19.959198,14.113739,46.258686,101961.09,4.7860387e-05,1.4437772
2016-10-10 12:00:00,21.559021,13.985535,82.7763,101971.69,0.00010524908,2.7931244
2016-10-11 12:00:00,23.282288,20.389679,81.71567,101598.82,2.2575845e-05,2.294808
2016-10-12 12:00:00,21.657837,18.250275,64.32073,101719.09,8.821231e-05,1.094695
2016-10-13 12:00:00,18.621552,16.248932,32.725548,101660.97,0.00015463648,2.566236
2016-10-14 12:00:00,16.394012,13.329407,33.8713,101785.99,0.00025446253,4.2710643
2016-10-15 12:00:00,17.953552,14.49588,40.63115,101386.586,0.0005300796,4.8478208
2016-10-16 12:00:00,15.658569,12.928864,87.094696,101770.49,3.7424934e-06,3.6193361
2016-10-17 12:00:00,16.105774,11.966187,144.11629,101933.914,1.39029e-06,2.7817395
2016-10-18 12:00:00,16.31485,10.510986,176.76483,102204.555,0.0,2.637185
2016-10-19 12:00:00,17.022003,8.935608,177.11758,102100.664,0.0,1.6845089
2016-10-20 12:00:00,18.063232,9.625458,142.01393,101708.586,0.0,1.8385569
2016-10-21 12:00:00,20.072815,13.65271,31.026587,100787.73,0.00045897273,4.4691386
2016-10-22 12:00:00,20.325775,17.233276,148.08124,100413.234,3.3542074e-05,1.4663277
2016-10-23 12:00:00,17.287292,9.571259,171.53194,101672.305,0.0,2.9711018
2016-10-24 12:00:00,15.372437,7.7034607,169.22318,102116.24,0.0,0.91616094
2016-10-25 12:00:00,18.600891,10.107239,87.90862,101277.53,1.8199724e-05,2.0588622
2016-10-26 12:00:00,18.040497,13.69043,142.15887,100279.64,0.00028663155,4.431201
2016-10-27 12:00:00,14.726166,9.158966,158.95451,101207.89,0.0,1.7056707
2016-10-28 12:00:00,19.489227,9.198547,148.54118,101437.77,0.0,2.04302
2016-10-29 12:00:00,22.660217,13.54129,141.2552,101906.69,5.4272014e-06,2.3562047
2016-10-30 12:00:00,22.021698,18.217224,34.79046,101903.81,0.00010392289,4.857309
2016-10-31 12:00:00,20.22226,13.001892,141.88084,102214.4,0.0,1.2124268
2016-11-01 12:00:00,20.279663,15.073334,46.399635,102145.18,3.1649754e-05,2.008957
2016-11-02 12:00:00,22.551483,20.22638,43.28246,102129.82,1.2786982e-05,3.5708642
2016-11-03 12:00:00,21.689758,15.6315,81.1603,103000.22,4.5980138e-05,1.6098098
2016-11-04 12:00:00,21.581116,15.53714,50.773685,102289.69,1.00084835e-05,1.6054171
2016-11-05 12:00:00,21.168915,8.388672,147.93602,102045.13,2.2319919e-05,5.612393
2016-11-06 12:00:00,8.805267,5.119049,142.44572,102206.88,5.465806e-08,3.8049219
2016-11-07 12:00:00,8.589539,1.998169,139.68213,102341.52,1.414133e-07,2.0932815
2016-11-08 12:00:00,7.6434326,1.712738,139.51477,102641.92,3.3971034e-07,2.166728
2016-11-09 12:00:00,15.339386,3.224121,117.4934,102133.27,0.0,1.0390509
2016-11-10 12:00:00,12.712524,10.5329895,40.080017,101345.97,2.02872e-05,1.4285356
2016-11-11 12:00:00,11.292419,7.7578125,131.27129,101328.05,8.022071e-05,3.7868614
2016-11-12 12:00:00,7.848572,2.4741516,135.0108,102351.35,7.5311725e-08,2.8798633
2016-11-13 12:00:00,12.953308,3.4547424,62.309135,102415.54,7.953015e-05,2.3535104
2016-11-14 12:00:00,18.324066,11.47522,118.865395,101782.05,0.000264125,2.540225
2016-11-15 12:00:00,12.564545,6.0611877,127.751526,102805.54,0.0,1.8916092
2016-11-16 12:00:00,18.249847,6.3165283,69.44949,101781.81,3.0712887e-05,2.2640123
2016-11-17 12:00:00,18.153076,11.53537,122.80775,101052.664,1.5858323e-05,3.1319187
2016-11-18 12:00:00,15.582947,9.339508,96.91191,101255.72,8.617445e-06,1.759333
2016-11-19 12:00:00,11.199188,4.2565613,122.45386,102375.25,0.0,1.692396
2016-11-20 12:00:00,14.622772,4.234955,119.055786,102253.664,0.0,2.2572982
2016-11-21 12:00:00,15.596497,10.386993,55.356594,101894.766,2.3462837e-05,0.65706646
2016-11-22 12:00:00,18.330658,14.423309,42.84587,100753.734,1.0403016e-05,3.3048682
2016-11-23 12:00:00,18.138947,5.502136,121.03508,101549.234,1.1684353e-06,5.0204124
2016-11-24 12:00:00,14.638184,2.045929,109.125755,102498.82,7.4543564e-08,1.2397053
2016-11-25 12:00:00,19.530457,14.236969,22.86957,101130.47,0.00017280644,4.6972775
2016-11-26 12:00:00,17.386017,9.3671875,113.79112,101140.79,3.532874e-05,3.6913304
2016-11-27 12:00:00,10.032745,4.0050964,114.05215,102410.66,0.0,2.0832534
2016-11-28 12:00:00,18.295563,5.308899,90.56286,102388.53,7.426329e-07,1.8995568
2016-11-29 12:00:00,19.248688,14.913666,28.87573,101803.016,0.00021163834,2.9560957
2016-11-30 12:00:00,14.899353,10.430328,48.606792,101944.65,0.0005985555,2.868424
2016-12-01 12:00:00,18.93396,11.934357,12.394677,101684.27,0.0002717172,1.1554775
2016-12-02 12:00:00,20.536652,17.73056,58.49592,101724.52,1.65272e-05,3.1953502
2016-12-03 12:00:00,21.058197,17.427399,90.92752,102543.086,1.4012094e-05,2.1551704
2016-12-04 12:00:00,17.3208,11.295013,100.96656,103082.6,9.075128e-11,1.0175315
2016-12-05 12:00:00,13.997711,11.420807,51.533756,102928.44,1.2861733e-05,2.1362906
2016-12-06 12:00:00,19.368652,13.798218,69.22293,101948.53,4.501484e-05,3.0758529
2016-12-07 12:00:00,19.783478,16.204132,24.62492,101214.36,1.1641017e-05,2.633095
2016-12-08 12:00:00,21.498322,18.689331,29.251213,99741.766,5.369046e-05,5.8740335
2016-12-09 12:00:00,20.363922,8.58844,98.55956,99753.27,0.00028879783,4.408837
2016-12-10 12:00:00,11.157837,4.0551147,100.987114,102078.39,1.790185e-06,3.1624968
2016-12-11 12:00:00,17.511414,10.587189,18.524511,101866.1,0.0004364157,6.5201592
2016-12-12 12:00:00,19.932129,17.525848,23.605518,100484.516,0.00061706675,4.528362
2016-12-13 12:00:00,18.618622,6.472595,103.26012,101045.62,1.8032277e-06,3.5143678
2016-12-14 12:00:00,9.326874,2.3163452,91.37271,101701.49,0.0,2.6856902
2016-12-15 12:00:00,9.545197,2.5177917,79.61579,101699.53,0.0,1.995405
2016-12-16 12:00:00,7.8609924,2.6350708,100.10478,101354.44,1.487647e-07,3.3353636
2016-12-17 12:00:00,2.7506409,-0.91186523,104.61428,101882.44,2.4246717e-07,6.158109
2016-12-18 12:00:00,1.4956665,-1.7825317,100.78461,102263.23,0.0,3.9602585
2016-12-19 12:00:00,9.356689,-0.49923706,13.424892,101627.9,9.777825e-05,2.802812
2016-12-20 12:00:00,10.322388,1.927887,39.175903,100346.586,9.2525406e-05,2.9816668
2016-12-21 12:00:00,6.200287,0.020568848,100.8146,100552.27,9.333362e-06,2.6511674
2016-12-22 12:00:00,5.2218323,-1.0793762,101.94012,101416.26,0.0,3.7354581
2016-12-23 12:00:00,2.0718994,-2.612793,92.78607,102665.51,0.0,2.7629085
2016-12-24 12:00:00,8.905121,-1.3916016,46.464577,102609.77,8.740347e-05,4.531534
2016-12-25 12:00:00,16.117676,5.2451477,54.387318,99754.88,0.0006936889,4.2396264
2016-12-26 12:00:00,5.3719177,3.1068726,59.758705,100116.38,3.537353e-06,3.1808662
2016-12-27 12:00:00,6.588196,2.242096,98.27022,101120.73,1.9188828e-07,4.72389
2016-12-28 12:00:00,8.19809,4.1617126,99.47415,102087.76,0.0,4.367334
2016-12-29 12:00:00,6.1965637,1.1220093,100.56537,102616.01,0.0,2.596315
2016-12-30 12:00:00,8.90625,1.4182434,42.694298,102692.305,1.7457124e-06,1.8870586
2016-12-31 12:00:00,15.31311,7.3038635,28.732134,102594.86,0.0001368475,1.7578976
2017-01-01 12:00:00,15.417267,5.822235,38.503826,101899.79,4.9185026e-05,2.4511669
2017-01-02 12:00:00,5.733429,0.2885437,103.3234,102185.33,3.8766564e-07,2.756067
2017-01-03 12:00:00,1.8277893,-2.0827942,92.87968,101756.59,3.1772612e-07,2.4495287
2017-01-04 12:00:00,2.0087585,-1.598938,107.466354,102174.85,9.455175e-07,4.636893
2017-01-05 12:00:00,4.282074,-1.3761902,105.9561,102564.56,0.0,3.181833
2017-01-06 12:00:00,3.6453552,-1.9447937,101.18231,102478.26,0.0,3.0644193
2017-01-07 12:00:00,2.9816895,-1.236084,106.68187,102143.805,0.0,3.149632
2017-01-08 12:00:00,4.3899536,-2.0002747,110.0874,101865.336,3.0550047e-09,3.1551967
2017-01-09 12:00:00,4.3172913,-0.70321655,104.77193,101590.48,8.076333e-07,2.0824115
2017-01-10 12:00:00,1.1275024,-3.8301697,115.49584,102564.375,1.116846e-08,4.863312
2017-01-11 12:00:00,1.351532,-6.118042,103.8587,102627.625,0.0,1.4924357
2017-01-12 12:00:00,3.5596619,-1.6986694,15.766025,101216.21,0.00053622434,5.2752233
2017-01-13 12:00:00,4.7697144,0.42956543,78.42122,99846.71,0.00014324108,2.6447906
2017-01-14 12:00:00,1.0949097,-3.046051,82.04824,101046.88,2.4214877e-09,2.3721604
2017-01-15 12:00:00,0.29693604,-3.954895,76.14111,101005.1,8.216241e-06,2.6161687
2017-01-16 12:00:00,2.532257,-1.9682617,55.952946,100587.5,1.7639817e-05,1.027826
2017-01-17 12:00:00,2.2130432,0.0026855469,65.43161,101053.195,2.5952833e-05,3.6985567
2017-01-18 12:00:00,2.29068,-5.5102844,123.25756,101272.21,0.0,3.2313006
2017-01-19 12:00:00,-0.53652954,-7.631012,122.28576,101698.86,3.3100176e-07,3.2437606
2017-01-20 12:00:00,5.6616516,-2.467743,30.970772,101393.47,0.00019492052,3.5221355
2017-01-21 12:00:00,5.2006226,-0.36376953,30.927,100434.35,0.00020444897,6.36994
2017-01-22 12:00:00,3.1275024,-1.0534973,125.43471,101475.586,7.494195e-07,4.9773064
2017-01-23 12:00:00,0.9861145,-8.029114,109.83515,102092.8,0.0,2.394168
2017-01-24 12:00:00,1.5627136,-0.9914856,32.706978,100101.64,0.0005817086,7.379811
2017-01-25 12:00:00,1.0716248,-4.8680115,136.17543,100559.3,5.069503e-06,6.039796
2017-01-26 12:00:00,-0.04043579,-7.125305,130.10075,101854.65,2.855564e-07,3.2170165
2017-01-27 12:00:00,0.43276978,-6.892914,139.10753,102370.695,4.1675044e-08,3.3702564
2017-01-28 12:00:00,3.464325,-14.222778,136.08992,102476.7,0.0,0.29786295
2017-01-29 12:00:00,6.32843,1.9015503,28.730349,100214.14,0.00032579826,7.3371973
2017-01-30 12:00:00,6.9225464,2.1047668,120.788345,99811.39,9.972995e-05,6.1569653
2017-01-31 12:00:00,4.9358826,-4.1538086,113.909294,101377.75,2.5498903e-08,1.2644345
2017-02-01 12:00:00,4.4169006,2.8217163,20.02602,100710.66,0.00033810613,6.0360823
2017-02-02 12:00:00,5.4167786,2.7425842,59.63839,99993.59,1.7491191e-05,5.8006124
2017-02-03 12:00:00,5.6660156,0.9341736,121.15779,100838.7,3.330537e-09,4.168546
2017-02-04 12:00:00,3.3605652,-2.7789612,147.03627,102562.93,0.0,2.5817523
2017-02-05 12:00:00,16.08899,2.1584778,10.788479,101913.71,0.0006940547,5.005374
2017-02-06 12:00:00,15.533508,12.142792,63.031155,101854.34,4.7533897e-05,2.0845592
2017-02-07 12:00:00,13.10611,6.546509,80.04575,102378.75,8.174997e-09,1.4836879
2017-02-08 12:00:00,8.674622,2.7443542,150.21025,102815.766,1.1775686e-07,2.2418814
2017-02-09 12:00:00,5.2148438,-1.176239,152.6766,102856.74,0.0,2.226388
2017-02-10 12:00:00,7.837738,-1.2425537,158.09798,102118.54,1.0687012e-10,2.2009935
2017-02-11 12:00:00,9.793671,-0.4050293,133.37892,101544.74,0.0,2.294511
2017-02-12 12:00:00,14.163696,2.21521,150.85455,100955.67,0.0,2.2170637
2017-02-13 12:00:00,10.816345,6.3716125,29.987322,99800.59,0.000110551955,1.6538285
2017-02-14 12:00:00,6.2586975,0.8018799,134.67377,99604.27,2.726967e-07,4.648485
2017-02-15 12:00:00,1.3123474,-2.981079,151.77968,100180.01,4.2721524e-08,3.487185
2017-02-16 12:00:00,3.078827,-1.2349243,122.08169,100488.8,2.794095e-07,3.6243782
2017-02-17 12:00:00,3.522522,-1.3400879,174.82127,101280.13,1.3121716e-08,3.1405132
2017-02-18 12:00:00,4.493561,-2.038391,178.04228,101674.81,0.0,1.0239255
2017-02-19 12:00:00,5.1503296,0.4451294,31.296795,99997.89,0.00026240957,3.6297762
2017-02-20 12:00:00,3.4355774,-2.434845,183.6849,99387.7,3.7677633e-05,6.7882094
2017-02-21 12:00:00,1.9369202,-3.5802002,184.51183,99873.12,4.4864578e-08,4.301507
2017-02-22 12:00:00,4.804291,-0.43075562,184.96756,99607.13,7.226016e-09,4.207635
2017-02-23 12:00:00,2.6914673,-1.7121582,173.3386,100777.64,1.0752446e-07,2.1155217
2017-02-24 12:00:00,2.9736633,-4.4058533,77.39877,99094.74,0.0005404392,2.9812863
2017-02-25 12:00:00,-4.501526,-9.900696,157.69861,100516.01,2.1120243e-06,7.0979056
2017-02-26 12:00:00,-7.9427795,-10.377136,160.70363,101466.766,4.634943e-07,5.895981
2017-02-27 12:00:00,-3.0873413,-15.7526245,206.3497,102766.4,0.0,3.3210266
2017-02-28 12:00:00,4.1263123,-3.7808533,134.30406,101849.14,6.7030337e-06,3.0957797
2017-03-01 12:00:00,5.60083,-1.6811523,190.15915,101907.32,1.8324512e-06,1.7991581
2017-03-02 12:00:00,10.153839,-4.450165,200.08385,102500.28,0.0,1.5323094
2017-03-03 12:00:00,14.936462,2.8728638,164.82164,101804.6,5.8883806e-08,3.3373055
2017-03-04 12:00:00,17.43216,5.833313,199.7752,101476.15,2.6362133e-07,2.3713815
2017-03-05 12:00:00,19.147583,6.9964294,197.4901,101622.516,0.0,2.546596
2017-03-06 12:00:00,18.843994,10.000275,202.1831,101774.836,3.305353e-08,2.4733255
2017-03-07 12:00:00,17.084381,6.700714,173.44748,101577.77,4.538651e-08,0.48790488
2017-03-08 12:00:00,12.507294,10.092133,35.216827,101652.04,3.079131e-05,2.2937183
2017-03-09 12:00:00,16.769165,10.963409,31.91003,101538.305,0.00024374867,2.3685834
2017-03-10 12:00:00,16.912567,11.82843,210.42381,101069.36,1.1424337e-06,3.3050208
2017-03-11 12:00:00,12.538086,5.2437134,175.91873,101738.49,2.5027168e-08,1.7276921
2017-03-12 12:00:00,11.655884,5.7591553,82.02405,101648.08,0.00012974371,3.402657
2017-03-13 12:00:00,9.345947,6.9875183,38.31977,101393.72,0.00044758318,7.925743
2017-03-14 12:00:00,11.850494,8.682251,38.180786,101250.36,0.00018431775,4.614188
2017-03-15 12:00:00,10.789795,8.40564,86.02766,101644.33,6.88844e-06,3.885025
2017-03-16 12:00:00,8.362915,5.675171,96.30673,102695.02,1.1361298e-05,4.2911987
2017-03-17 12:00:00,9.67041,2.419281,219.20195,102810.87,2.1262787e-10,2.8650537
2017-03-18 12:00:00,10.516602,1.3439331,242.54645,102693.71,0.0,2.4899087
2017-03-19 12:00:00,11.363647,3.0242615,242.38202,102600.48,0.0,2.6727934
2017-03-20 12:00:00,10.901367,1.0157471,230.79597,102073.89,0.0,0.9460271
2017-03-21 12:00:00,13.596649,5.957123,238.76575,101883.6,1.7023748e-06,2.1453269
2017-03-22 12:00:00,14.909546,4.17749,242.6765,102269.35,0.0,1.2534982
2017-03-23 12:00:00,17.743286,6.2102356,228.1117,101864.23,0.0,1.7033117
2017-03-24 12:00:00,15.546753,12.737915,49.06398,101620.0,0.00044225215,3.4275413
2017-03-25 12:00:00,16.441223,13.790649,73.644066,101376.15,0.000637517,2.0243158
2017-03-26 12:00:00,14.777344,9.6633,251.04466,102130.086,5.0557933e-06,2.46024
2017-03-27 12:00:00,15.355896,5.9149475,255.5387,102985.8,0.0,0.81565607
2017-03-28 12:00:00,17.609528,9.521027,149.01413,102399.484,0.0,1.9741586
2017-03-29 12:00:00,17.619965,12.523956,153.19281,101413.22,4.0956995e-05,2.428976
2017-03-30 12:00:00,14.87265,7.8468933,226.35426,101224.305,6.826884e-07,3.143652
2017-03-31 12:00:00,10.798065,4.289032,225.50406,100873.31,3.8518584e-07,3.035022
2017-04-01 12:00:00,12.014923,2.9415588,244.26205,101046.64,1.4039023e-08,2.196439
2017-04-02 12:00:00,12.567078,3.3831177,267.5744,101899.79,0.0,1.3176589
2017-04-03 12:00:00,14.050415,5.0249634,229.09943,102379.13,0.0,1.8173755
2017-04-04 12:00:00,16.293701,6.5940857,262.12164,102610.74,0.0,2.7602568
2017-04-05 12:00:00,17.358429,13.017975,75.41706,102483.164,4.3402528e-05,2.7815287
2017-04-06 12:00:00,18.538696,14.4435425,152.71477,102394.36,1.2468726e-05,1.3341041
2017-04-07 12:00:00,20.294586,12.853882,221.62825,102172.234,0.0,1.427396
2017-04-08 12:00:00,23.185638,13.250366,266.58105,101811.73,7.1171763e-07,1.5981842
2017-04-09 12:00:00,22.356049,15.505249,234.06445,101320.3,1.5773886e-09,3.02549
2017-04-10 12:00:00,17.46997,9.552307,298.29092,102136.5,1.8631583e-08,3.661754
2017-04-11 12:00:00,15.360474,3.4533691,251.25374,102803.53,0.0,1.03941
2017-04-12 12:00:00,19.065887,6.5108643,233.75755,102113.234,0.0,2.612604
2017-04-13 12:00:00,19.73346,7.835541,297.42517,102164.43,0.0,0.34507564
2017-04-14 12:00:00,22.496521,8.827484,228.9282,102410.4,0.0,2.1376436
2017-04-15 12:00:00,23.859802,14.235291,260.30447,102586.9,0.0,2.5906186
2017-04-16 12:00:00,23.422699,13.626465,259.67923,102665.67,7.637512e-10,2.8086178
2017-04-17 12:00:00,21.829254,13.554962,204.95236,102678.71,1.716352e-07,2.7113967
2017-04-18 12:00:00,19.505585,15.868408,67.6485,102342.65,0.00022676965,2.6248412
2017-04-19 12:00:00,19.587616,12.606354,60.707718,101381.82,0.00026461796,2.165146
2017-04-20 12:00:00,16.267548,8.655151,312.22272,101977.62,0.0,3.6463475
2017-04-21 12:00:00,13.469666,6.5494385,314.70947,102655.89,0.0,1.9859964
2017-04-22 12:00:00,19.916107,7.4700623,310.41043,102475.39,0.0,2.072244
2017-04-23 12:00:00,22.560852,10.925049,309.06662,101995.85,0.0,2.880371
2017-04-24 12:00:00,25.174713,14.077148,306.92764,101013.195,0.0,3.0866191
2017-04-25 12:00:00,22.461578,13.852875,262.08344,100330.04,1.4785765e-07,2.9645035
2017-04-26 12:00:00,13.656525,7.6042175,158.60695,101532.1,0.0,4.6511693
2017-04-27 12:00:00,16.710571,8.93338,281.40756,101382.055,0.0,5.817246
2017-04-28 12:00:00,23.601196,12.725189,321.53415,101102.32,0.0,3.7299423
2017-04-29 12:00:00,24.896973,12.826691,309.2712,100635.34,0.0,3.4389753
2017-04-30 12:00:00,22.441345,13.953278,209.15953,101284.09,0.0,1.7633547
2017-05-01 12:00:00,17.142395,12.393982,31.97324,101816.68,0.0002407201,7.987508
2017-05-02 12:00:00,21.503235,14.914825,304.10016,101432.04,0.00016090876,2.3849964
2017-05-03 12:00:00,22.095398,13.1102295,269.84235,102051.75,4.788216e-06,1.4713264
2017-05-04 12:00:00,20.142029,15.743195,142.82944,102105.33,0.00018615153,0.9085414
2017-05-05 12:00:00,19.8497,15.918854,173.19064,101668.18,0.0001740651,1.3102801
2017-05-06 12:00:00,20.23523,16.797516,145.12375,100643.24,0.00013747366,1.9713881
2017-05-07 12:00:00,18.415253,13.989807,69.84406,100731.27,0.00013300218,6.3264804
2017-05-08 12:00:00,15.387817,10.850861,274.66577,101586.586,0.0,5.9462605
2017-05-09 12:00:00,17.53418,11.880615,250.44942,102008.3,1.9984735e-05,4.4752173
2017-05-10 12:00:00,20.548798,13.537262,265.67896,102278.96,3.4972945e-05,2.541103
2017-05-11 12:00:00,23.981354,12.643585,332.98145,102257.05,0.0,0.4378598
2017-05-12 12:00:00,23.99997,12.471222,331.77484,102084.34,0.0,1.6993634
2017-05-13 12:00:00,24.67862,17.513672,281.72763,101396.484,7.0043264e-08,2.4510732
2017-05-14 12:00:00,25.360748,17.593597,269.3128,100162.09,9.344226e-05,1.6526172
2017-05-15 12:00:00,19.476746,14.020172,231.56813,99629.6,0.00030251648,3.06352
2017-05-16 12:00:00,15.123962,8.484222,335.04028,100203.2,9.911738e-05,3.7956088
2017-05-17 12:00:00,19.19574,7.7612915,346.61032,100140.09,0.0,2.8136046
2017-05-18 12:00:00,22.906677,13.11969,332.73773,99592.78,9.151476e-07,3.3016949
2017-05-19 12:00:00,17.186462,8.155548,355.77905,100895.71,0.0,3.3835459
2017-05-20 12:00:00,17.403076,6.8825073,353.13583,101954.97,0.0,1.1146964
2017-05-21 12:00:00,20.115875,10.535553,166.02466,101917.21,3.5364537e-05,3.9009924
2017-05-22 12:00:00,22.862549,18.560211,180.20227,101023.3,8.4159336e-05,2.7721455
2017-05-23 12:00:00,27.874023,17.730072,244.90985,100946.336,9.7214936e-05,0.7348319
2017-05-24 12:00:00,22.229889,15.263245,350.32608,101975.055,5.6257136e-06,2.2676508
2017-05-25 12:00:00,20.746552,15.153503,99.8279,101979.48,4.3441963e-05,3.0876088
2017-05-26 12:00:00,23.04654,18.347473,105.941345,101654.375,0.00011913645,1.7244409
2017-05-27 12:00:00,25.973572,18.658081,347.30942,101348.0,0.0003884622,1.6272689
2017-05-28 12:00:00,25.88266,17.001984,351.3972,101522.18,0.0,1.6554272
2017-05-29 12:00:00,23.831604,16.963654,188.31316,101737.36,5.865382e-06,1.2143799
2017-05-30 12:00:00,27.892944,20.316833,294.1354,101825.22,1.9960687e-06,1.8297335
2017-05-31 12:00:00,27.429688,19.863068,322.37775,101757.164,0.0,1.6640612
2017-06-01 12:00:00,30.618622,20.336578,340.86124,101545.88,0.0,1.0239083
2017-06-02 12:00:00,29.829346,22.42337,337.06546,101325.46,2.3349954e-05,2.775366
2017-06-03 12:00:00,28.339539,21.681732,194.73468,101299.61,0.00016173226,2.161766
2017-06-04 12:00:00,23.823944,15.783356,356.5323,101912.1,0.0,1.7800997
2017-06-05 12:00:00,25.153503,16.37799,357.82758,102126.67,0.0,1.1336814
2017-06-06 12:00:00,25.378632,15.975067,269.91458,101663.02,8.87082e-10,0.88205045
2017-06-07 12:00:00,26.313446,19.302612,293.82367,100671.41,0.0003314954,1.716929
2017-06-08 12:00:00,23.888855,16.89743,337.08292,101207.67,5.55543e-06,3.4711418
2017-06-09 12:00:00,20.247375,12.641693,368.68384,102143.47,0.0,1.9458835
2017-06-10 12:00:00,25.246124,14.707397,347.02063,101848.33,0.0,2.0473886
2017-06-11 12:00:00,29.022034,15.7864685,350.41022,101121.836,0.0,2.9594452
2017-06-12 12:00:00,30.075867,20.475769,355.82654,101169.76,0.0,1.1008899
2017-06-13 12:00:00,32.197174,19.98227,326.7169,101471.664,0.0,3.7130542
2017-06-14 12:00:00,31.969086,22.029541,332.94412,101190.586,4.9798822e-05,2.4118779
2017-06-15 12:00:00,31.249146,22.997192,181.13194,101049.98,7.4683536e-05,0.92275417
2017-06-16 12:00:00,23.496765,19.946014,100.86918,101326.99,0.00018865564,5.8994813
2017-06-17 12:00:00,23.11142,19.658752,82.10231,101376.62,0.0001877974,3.5135958
2017-06-18 12:00:00,31.356415,19.733002,289.28763,100956.42,7.5063224e-05,1.0657259
2017-06-19 12:00:00,26.01654,20.517822,339.39322,101278.91,2.1495816e-06,0.7151846
2017-06-20 12:00:00,23.129028,20.314697,148.71019,101377.555,0.0005114346,3.244746
2017-06-21 12:00:00,25.3508,18.106537,323.58942,101739.93,2.0309974e-06,0.43172038
2017-06-22 12:00:00,28.420929,20.851654,293.65176,101321.83,0.00014523145,2.1387439
2017-06-23 12:00:00,24.413513,19.507507,213.46973,100717.195,0.00011338804,2.7701616
2017-06-24 12:00:00,25.09961,18.19577,336.44,100988.03,0.0,0.99359244
2017-06-25 12:00:00,25.060425,18.17865,263.89917,100749.414,1.7691591e-06,1.4133977
2017-06-26 12:00:00,25.821686,20.177216,236.12474,100526.99,5.0812076e-05,0.7201395
2017-06-27 12:00:00,27.06897,21.226044,276.99487,100527.83,9.4617426e-05,1.1807984
2017-06-28 12:00:00,23.909485,14.577454,343.67944,101658.914,0.0,1.39168
2017-06-29 12:00:00,25.04898,17.425598,319.2506,101711.96,0.0,2.2323685
2017-06-30 12:00:00,27.169312,19.64566,191.25374,101389.61,2.7504195e-06,2.7544894
2017-07-01 12:00:00,32.041626,22.892456,334.16132,100876.195,0.0,2.041445
2017-07-02 12:00:00,32.302673,25.132355,335.60422,100741.8,0.0,2.0713758
2017-07-03 12:00:00,29.422607,20.935333,261.07733,101421.07,0.000120129196,1.0247668
2017-07-04 12:00:00,24.019928,21.444275,64.816055,101496.66,0.000418026,1.5723674
2017-07-05 12:00:00,26.60196,19.6008,290.5226,101579.52,1.5140411e-05,0.42200875
2017-07-06 12:00:00,28.863647,21.602509,296.38992,101693.06,2.1374023e-10,1.7331326
2017-07-07 12:00:00,27.631622,22.951904,101.240486,101962.56,0.00014007892,1.565733
2017-07-08 12:00:00,25.807281,21.763489,200.96971,101943.75,0.00019273833,2.1106155
2017-07-09 12:00:00,28.586517,22.812927,335.78757,101961.58,2.1226404e-06,0.7891762
2017-07-10 12:00:00,31.167053,22.226562,341.42957,101888.09,0.0,1.6317847
2017-07-11 12:00:00,34.03949,23.220581,334.82465,101745.12,0.0,2.014678
2017-07-12 12:00:00,34.86969,26.004791,315.9845,101183.77,0.0,2.4548867
2017-07-13 12:00:00,31.557404,23.20337,222.50812,101133.03,0.0,1.9940324
2017-07-14 12:00:00,35.272827,23.504974,282.15292,100749.14,0.0,2.8598392
2017-07-15 12:00:00,30.970276,24.051788,239.11565,100570.81,2.4669149e-05,2.1344788
2017-07-16 12:00:00,28.084198,21.574432,122.90795,100629.74,0.00013993333,0.6242492
2017-07-17 12:00:00,29.114594,21.343384,284.01913,100549.3,3.9907387e-05,1.37358
2017-07-18 12:00:00,31.676727,23.470306,332.55444,100719.164,0.0,1.6769881
2017-07-19 12:00:00,28.774048,19.701935,153.06932,101562.0,5.9109323e-05,2.7178664
2017-07-20 12:00:00,27.37564,17.615265,315.9813,101657.086,0.0,1.7533505
2017-07-21 12:00:00,29.45816,18.648285,342.4353,101579.98,0.0,1.5940487
2017-07-22 12:00:00,31.081207,20.307617,320.0791,101450.58,0.0,1.66443
2017-07-23 12:00:00,31.500458,20.30841,281.7353,101332.23,4.5199363e-06,2.939299
2017-07-24 12:00:00,29.03894,21.830505,321.6247,101107.4,0.00014584482,2.3808956
2017-07-25 12:00:00,32.226013,22.15915,309.74237,101235.48,7.6724824e-08,2.5094585
2017-07-26 12:00:00,32.463806,23.060028,331.92548,101199.516,0.0,2.59932
2017-07-27 12:00:00,34.02054,21.371063,317.87247,101151.9,0.0,2.2622275
2017-07-28 12:00:00,32.228058,22.848022,326.21967,101404.36,0.0,2.2385626
2017-07-29 12:00:00,35.235046,22.96347,251.78654,101525.19,0.0,2.3790681
2017-07-30 12:00:00,38.65747,27.429993,319.2068,101423.74,0.0,3.4239979
2017-07-31 12:00:00,38.73639,27.471436,311.59042,101428.73,1.6154108e-05,2.283008
2017-08-01 12:00:00,35.020355,26.490417,239.57332,101280.69,1.5645377e-05,1.2907269
2017-08-02 12:00:00,30.839539,22.262878,232.98201,101065.516,0.00025572666,0.5150395
2017-08-03 12:00:00,27.159271,20.671051,320.3382,100940.32,0.0004320711,1.8418399
2017-08-04 12:00:00,28.254333,20.814331,322.6677,101391.91,4.5019114e-08,1.1443578
2017-08-05 12:00:00,27.882599,20.93924,171.85818,101390.83,1.3620728e-06,1.6382842
2017-08-06 12:00:00,24.587128,20.637848,174.8865,100981.086,0.00020578284,0.7749949
2017-08-07 12:00:00,30.496399,20.086212,313.54196,101030.48,0.0,1.2973646
2017-08-08 12:00:00,27.84311,21.896912,200.10587,101353.29,1.274085e-06,1.7848285
2017-08-09 12:00:00,25.782227,16.452606,313.9742,101552.03,0.0,1.2714039
2017-08-10 12:00:00,27.09607,18.629791,293.82767,101151.71,0.0,1.2019025
2017-08-11 12:00:00,30.319,18.822357,311.52997,100931.35,0.0,0.46787864
2017-08-12 12:00:00,32.38022,21.190033,306.63495,101149.19,0.0,1.4226133
2017-08-13 12:00:00,35.37915,24.249817,293.9007,100947.14,1.687136e-06,1.9769957
2017-08-14 12:00:00,35.797516,23.765137,270.83163,100799.414,2.482393e-05,2.5673816
2017-08-15 12:00:00,35.54712,25.303741,247.65674,100766.49,6.7869514e-05,1.6663848
2017-08-16 12:00:00,33.505646,23.041351,277.51346,100599.625,5.66544e-05,0.8702646
2017-08-17 12:00:00,29.455597,22.02295,292.1837,100893.945,4.0128325e-05,2.1552992
2017-08-18 12:00:00,28.91632,19.642609,303.6181,101186.5,0.0,1.5368571
2017-08-19 12:00:00,25.354004,20.438324,157.95679,101503.57,1.2713489e-05,2.601405
2017-08-20 12:00:00,27.08722,18.94748,297.11374,101819.664,3.6968597e-08,2.63207
2017-08-21 12:00:00,29.428162,17.519836,290.296,101727.86,0.0,0.5656265
2017-08-22 12:00:00,31.226532,18.461243,295.049,101370.44,0.0,1.9284967
2017-08-23 12:00:00,32.221924,19.997314,293.78018,100890.74,0.0,2.3178122
2017-08-24 12:00:00,33.144836,19.594482,280.43848,100406.52,0.0,1.8264139
2017-08-25 12:00:00,30.242798,21.445526,296.5531,100717.51,0.0,3.8698938
2017-08-26 12:00:00,32.01419,19.973602,291.84457,101034.67,0.0,2.5309424
2017-08-27 12:00:00,34.58914,20.405518,271.54678,100820.805,0.0,3.1832914
2017-08-28 12:00:00,33.336456,24.29364,285.53186,100407.46,0.0,2.775264
2017-08-29 12:00:00,28.952545,20.404663,264.1888,101053.51,0.0,2.4528868
2017-08-30 12:00:00,28.951935,19.131195,285.51074,101596.61,0.0,2.6280265
2017-08-31 12:00:00,30.221191,17.633698,285.9335,102055.2,0.0,0.30386987
2017-09-01 12:00:00,32.71884,22.189087,271.07364,102200.984,0.0,3.7495992
2017-09-02 12:00:00,35.88748,26.300446,261.9171,101981.42,1.5073441e-06,2.3712819
2017-09-03 12:00:00,35.115997,24.750397,237.66286,101658.266,6.0063325e-05,2.2290244
2017-09-04 12:00:00,28.962189,19.512115,148.21469,101455.945,6.860079e-05,1.6891476
2017-09-05 12:00:00,23.552063,19.028412,58.120598,101854.22,0.00023312967,3.5923445
2017-09-06 12:00:00,27.169983,22.86728,167.375,101285.62,4.1301522e-05,3.4239433
2017-09-07 12:00:00,24.422272,18.7341,245.9733,100951.375,0.0002461836,3.1887
2017-09-08 12:00:00,20.715271,12.844666,273.99088,101736.71,0.0,2.3967311
2017-09-09 12:00:00,23.228851,13.367981,269.50412,102084.32,0.0,1.326145
2017-09-10 12:00:00,26.772736,15.294495,247.09409,101709.51,0.0,2.2994285
2017-09-11 12:00:00,28.590454,18.928345,251.73717,100995.266,9.479226e-10,1.5075424
2017-09-12 12:00:00,32.951965,23.47116,232.69601,100347.04,3.8416125e-05,2.6205337
2017-09-13 12:00:00,24.379547,19.978546,196.36487,100929.99,0.0,2.1183662
2017-09-14 12:00:00,24.915863,16.04068,243.56474,101632.76,0.0,3.0953956
2017-09-15 12:00:00,21.825409,15.0224,251.59906,102517.29,0.0,3.8533704
2017-09-16 12:00:00,20.796967,12.441223,256.11584,102857.516,0.0,3.3491194
2017-09-17 12:00:00,22.991577,11.179016,239.88583,102531.945,0.0,1.0125718
2017-09-18 12:00:00,28.987793,15.746155,223.48843,101528.76,0.0,2.9741838
2017-09-19 12:00:00,29.869598,15.854767,187.38132,101025.98,0.0,1.4514859
2017-09-20 12:00:00,28.593018,20.623596,138.37253,100647.63,3.401508e-05,4.0101676
2017-09-21 12:00:00,22.417511,16.103333,234.21147,100882.41,8.826908e-05,2.1083121
2017-09-22 12:00:00,22.464142,13.604279,199.43607,101206.09,0.0,2.05163
2017-09-23 12:00:00,23.900238,14.226715,233.57722,101344.73,0.0,2.3978848
2017-09-24 12:00:00,23.99057,15.116486,171.8875,101442.94,0.0,2.3239028
2017-09-25 12:00:00,25.448334,14.079224,227.8799,101431.234,0.0,2.0106015
2017-09-26 12:00:00,26.421387,16.77655,165.39896,100965.74,2.8295878e-07,2.745093
2017-09-27 12:00:00,20.712555,13.326843,224.12605,101814.85,3.706459e-07,3.9597855
2017-09-28 12:00:00,20.681793,8.520416,230.11534,102269.586,0.0,1.0502162
2017-09-29 12:00:00,22.78009,9.68219,226.84286,102181.9,0.0,2.0853307
2017-09-30 12:00:00,25.381042,12.0060425,217.2454,101546.06,0.0,3.1946678
2017-10-01 12:00:00,23.840546,18.022644,135.94553,100586.836,0.0,1.7214398
2017-10-02 12:00:00,20.331696,12.370178,218.98878,101567.305,9.550677e-08,3.6069465
2017-10-03 12:00:00,20.575226,9.427734,170.15056,101723.26,0.0,3.6451025
2017-10-04 12:00:00,19.06543,16.854187,36.47055,101649.06,6.5288186e-05,5.043007
2017-10-05 12:00:00,20.26529,17.19107,42.789505,101683.055,0.0002868759,4.773316
2017-10-06 12:00:00,20.549347,17.666107,107.26174,101248.29,6.72843e-05,1.0734859
2017-10-07 12:00:00,21.897278,16.61905,160.93715,100900.54,2.6419698e-07,2.5005717
2017-10-08 12:00:00,23.577454,14.561249,168.69511,100426.445,0.0,2.5508292
2017-10-09 12:00:00,20.425262,12.580627,196.38477,100188.21,4.004055e-07,4.2699056
2017-10-10 12:00:00,14.301544,6.555969,198.91063,101733.87,0.0,1.3930867
2017-10-11 12:00:00,22.90094,9.27121,192.09488,101550.69,0.0,2.5014057
2017-10-12 12:00:00,21.897552,13.250092,186.03511,100988.69,0.0,1.775163
2017-10-13 12:00:00,17.30368,10.329712,194.78915,101667.15,0.0,4.4926634
2017-10-14 12:00:00,14.691193,5.3469543,191.72977,102629.4,0.0,2.204738
2017-10-15 12:00:00,18.092194,5.9140015,186.90013,102210.0,0.0,2.1556535
2017-10-16 12:00:00,16.312958,8.907959,181.62048,101197.64,0.0,3.4422128
2017-10-17 12:00:00,15.553345,5.310272,186.37274,101901.055,4.942984e-10,2.7353976
2017-10-18 12:00:00,20.148315,6.9616394,178.88976,101981.76,0.0,2.407201
2017-10-19 12:00:00,22.106018,8.130737,179.93991,101934.914,0.0,2.11081
2017-10-20 12:00:00,20.235748,9.357941,113.79799,101916.62,1.8611786e-06,2.4001129
2017-10-21 12:00:00,17.369232,13.864716,68.14397,100622.59,0.00017130205,6.1416535
2017-10-22 12:00:00,18.777893,10.737244,120.68517,100638.87,0.0,0.84772134
2017-10-23 12:00:00,16.46466,9.848236,168.35594,101341.03,0.0,2.7334125
2017-10-24 12:00:00,16.789368,7.3995056,126.758415,101920.35,0.0,0.67842317
2017-10-25 12:00:00,20.623962,14.849396,30.7262,100999.555,0.0001744513,3.9994824
2017-10-26 12:00:00,16.37204,7.7433167,162.85892,101837.16,0.0,2.5844247
2017-10-27 12:00:00,16.413788,7.231964,160.0009,102363.016,0.0,1.7073307
2017-10-28 12:00:00,14.853912,7.317749,160.57115,102457.805,0.0,1.7201766
2017-10-29 12:00:00,17.734955,8.436005,100.20808,102277.234,3.1402612e-06,2.6935155
2017-10-30 12:00:00,20.480896,17.27417,21.245405,101205.14,0.00049050315,3.8516681
2017-10-31 12:00:00,19.284546,17.63443,52.567883,101147.73,1.6921971e-05,0.55114764
2017-11-01 12:00:00,18.409882,14.943909,49.024048,101466.49,1.5392754e-05,2.8955045
2017-11-02 12:00:00,15.685608,13.945801,57.84397,101693.8,6.6708367e-06,1.6864384
2017-11-03 12:00:00,14.406555,10.772614,32.01649,101572.055,9.149189e-05,4.3206463
2017-11-04 12:00:00,10.654297,5.602051,140.43909,101925.33,0.0,4.4716015
2017-11-05 12:00:00,8.729462,3.0087585,108.790764,101950.13,0.0,2.3506103
2017-11-06 12:00:00,12.368927,2.9674683,141.73386,102368.586,8.997347e-09,1.2510716
2017-11-07 12:00:00,15.886414,5.2861633,139.94485,102323.766,0.0,2.8495812
2017-11-08 12:00:00,16.630554,5.80188,135.46042,102276.85,0.0,0.6960368
2017-11-09 12:00:00,15.550781,7.8986206,92.17107,102443.23,2.6951525e-06,0.5155144
2017-11-10 12:00:00,15.237152,10.06012,63.469334,102541.12,3.7688815e-06,1.2629637
2017-11-11 12:00:00,15.992279,12.898895,29.019125,102755.14,2.0449848e-05,1.904632
2017-11-12 12:00:00,17.503876,12.57489,51.09387,102663.12,7.476179e-06,0.8427645
2017-11-13 12:00:00,18.75061,16.041412,54.267914,102184.86,2.153936e-05,1.9729757
2017-11-14 12:00:00,17.568329,15.864716,42.99886,101644.54,0.00014521193,1.1740286
2017-11-15 12:00:00,17.036743,7.152069,125.468254,100997.06,4.2906786e-06,3.7421198
2017-11-16 12:00:00,7.064728,1.7463989,127.62176,101028.68,4.961644e-06,1.9030411
2017-11-17 12:00:00,5.1900024,-0.98727417,130.2826,101516.805,0.00012437174,5.838431
2017-11-18 12:00:00,6.4409485,-2.3782654,125.52721,101922.76,0.0,3.076262
2017-11-19 12:00:00,11.201935,0.4760437,114.13605,102155.4,0.0,2.8270912
2017-11-20 12:00:00,14.137817,2.432953,79.22993,102127.41,4.295526e-06,1.5363436
2017-11-21 12:00:00,14.658356,10.19339,19.804733,101949.305,0.00030850107,2.7818942
2017-11-22 12:00:00,19.656067,14.711792,27.492336,100455.375,0.0006513506,3.8388374
2017-11-23 12:00:00,17.88385,14.197479,112.44655,100710.125,1.316647e-06,2.3091886
2017-11-24 12:00:00,15.162262,3.4693909,80.443695,100857.484,4.8294755e-06,3.018685
2017-11-25 12:00:00,7.1766663,0.05050659,114.80813,101585.766,1.0687012e-10,3.2509003
2017-11-26 12:00:00,9.1214905,4.721344,109.40818,100965.09,2.2825473e-08,3.232088
2017-11-27 12:00:00,12.159058,2.1454468,48.650757,100320.84,5.358787e-06,3.0734787
2017-11-28 12:00:00,10.025604,1.0306396,26.237333,100121.16,9.2548515e-05,2.856917
2017-11-29 12:00:00,1.4998779,-0.8004761,64.99328,99518.23,6.1234656e-05,3.9327977
2017-11-30 12:00:00,0.14950562,-5.1638794,71.080635,101062.94,2.5819301e-05,2.476006
2017-12-01 12:00:00,0.79138184,-1.6562195,83.6982,100080.17,7.963353e-05,4.9316015
2017-12-02 12:00:00,2.11911,-3.5089417,111.37301,101241.805,1.7608288e-07,3.9705427
2017-12-03 12:00:00,5.6756897,-1.8623352,81.06981,102151.39,6.3992025e-09,3.1343408
2017-12-04 12:00:00,16.449707,1.4909363,80.042274,101965.53,3.32687e-07,3.3928764
2017-12-05 12:00:00,18.870361,13.600891,11.214279,100100.0,0.00025953635,7.416638
2017-12-06 12:00:00,12.991028,0.49819946,108.47457,101320.64,0.0,4.542801
2017-12-07 12:00:00,2.094757,-2.5978699,107.03222,102172.16,1.0687012e-10,1.9557666
2017-12-08 12:00:00,2.1365356,-2.7398376,65.08198,101875.17,1.6947816e-07,1.8325202
2017-12-09 12:00:00,6.4322815,0.05239868,78.59436,100534.484,1.8777346e-08,1.8051866
2017-12-10 12:00:00,2.606781,-3.4656982,101.00333,101413.06,2.7113647e-06,4.165982
2017-12-11 12:00:00,1.4830627,-4.9181213,105.7157,102892.516,0.0,2.053428
2017-12-12 12:00:00,6.979004,-4.022583,101.55941,103117.57,0.0,1.4506391
2017-12-13 12:00:00,12.313873,0.027893066,41.748158,102574.04,1.1082268e-05,3.1150715
2017-12-14 12:00:00,15.922668,11.665039,9.313787,101483.375,0.0004654016,7.865995
2017-12-15 12:00:00,18.006683,12.636719,31.788668,99935.3,0.00070272444,5.604466
2017-12-16 12:00:00,12.86377,8.148376,97.65361,100689.56,8.5284604e-08,3.551052
2017-12-17 12:00:00,10.600861,4.544464,95.67188,101582.68,0.0,1.5423425
2017-12-18 12:00:00,10.474762,7.0443115,13.718362,100723.55,0.00016803254,0.7781808
2017-12-19 12:00:00,8.865784,3.7116394,99.80965,101262.14,4.714511e-08,1.8435106
2017-12-20 12:00:00,4.936737,2.7147827,21.866512,100541.586,5.6106055e-05,2.72669
2017-12-21 12:00:00,3.828125,2.3089905,57.294514,99914.37,8.730994e-06,6.6596475
2017-12-22 12:00:00,2.7352295,-0.63223267,102.942276,100794.305,4.3410043e-07,4.9574485
2017-12-23 12:00:00,2.6064758,-2.3193665,93.64375,101644.29,0.0,1.9969457
2017-12-24 12:00:00,14.354401,2.3225708,6.1304407,100715.34,0.0005146776,4.827497
2017-12-25 12:00:00,12.5043335,6.907135,88.34409,100424.94,1.7396547e-07,3.0435977
2017-12-26 12:00:00,11.457153,5.8666077,98.041405,100233.664,3.0528129e-06,3.8338869
2017-12-27 12:00:00,5.779785,0.096466064,102.00919,101134.32,0.0,4.52059
2017-12-28 12:00:00,13.553894,-0.09341431,17.489136,100458.79,0.00032213464,3.1126184
2017-12-29 12:00:00,14.621887,1.460144,82.56511,98130.734,0.00010775376,5.411406
2017-12-30 12:00:00,1.5316772,-1.09906,104.30237,99349.61,8.74491e-08,5.4772873
2017-12-31 12:00:00,2.957306,-0.97595215,104.09458,100198.14,0.0,4.7102237
2018-01-01 12:00:00,10.495453,-4.4257812,29.819233,100790.5,0.0001255258,1.2988465
2018-01-02 12:00:00,11.087952,1.4319763,80.35467,99558.2,0.00033517336,7.4578633
2018-01-03 12:00:00,2.3727722,-0.6734619,106.059105,101602.84,2.5550307e-07,5.7537994
2018-01-04 12:00:00,1.0745544,-5.4421387,91.80097,102437.89,0.0,2.8513243
2018-01-05 12:00:00,-0.26565552,-3.8880005,71.30212,102518.625,0.0,4.4330173
2018-01-06 12:00:00,4.7020264,-2.9078064,18.831331,101345.81,0.0001713476,7.908416
2018-01-07 12:00:00,11.213623,5.0689697,21.871138,99825.32,0.00028781628,7.4654417
2018-01-08 12:00:00,9.618774,2.8981628,64.01997,100077.42,0.00017080482,6.0352497
2018-01-09 12:00:00,4.4016113,-0.23461914,113.37167,101489.13,1.542662e-06,3.619719
2018-01-10 12:00:00,5.217865,-1.2928467,107.04219,101733.305,4.7412714e-09,0.98209816
2018-01-11 12:00:00,3.904602,-0.3189087,95.58071,101281.86,0.0,3.0482907
2018-01-12 12:00:00,5.4057617,2.593689,79.37134,100795.35,4.3353324e-07,5.1074204
2018-01-13 12:00:00,3.8914795,-1.0832214,115.02484,101888.82,0.0,2.6801448
2018-01-14 12:00:00,5.5751953,0.71850586,35.696774,101831.7,3.3393328e-05,2.7492435
2018-01-15 12:00:00,14.432007,5.643158,21.77947,100894.87,0.0003105307,3.962535
2018-01-16 12:00:00,15.670471,12.799377,24.918736,99603.1,0.00036880976,3.873476
2018-01-17 12:00:00,15.081512,11.861267,86.58687,99874.74,4.0209884e-06,3.4412649
2018-01-18 12:00:00,12.945953,9.597473,58.041958,100083.97,1.0964441e-05,1.0806693
2018-01-19 12:00:00,10.69632,3.440857,111.66843,100704.34,3.8240732e-06,3.0427897
2018-01-20 12:00:00,3.3971252,-1.4021912,123.27038,101764.46,0.0,2.6410809
2018-01-21 12:00:00,7.036499,1.2018738,17.59212,101607.12,0.00018034503,6.4447145
2018-01-22 12:00:00,8.857208,3.7194214,16.193127,100412.71,0.0003672572,8.679342
2018-01-23 12:00:00,5.153534,1.956665,38.85221,101053.16,0.00010822995,7.5510187
2018-01-24 12:00:00,10.238739,4.3184204,77.34351,99913.664,0.0006406273,6.183231
2018-01-25 12:00:00,6.583832,2.9398804,56.73217,99357.33,5.4002875e-08,4.529163
2018-01-26 12:00:00,5.0639343,0.52804565,132.88376,99857.4,3.2562784e-08,6.2401443
2018-01-27 12:00:00,3.9947815,-1.3618164,132.21562,101616.586,0.0,2.8209932
2018-01-28 12:00:00,5.9008484,-0.8711853,79.58944,101845.445,6.2625564e-05,0.9196709
2018-01-29 12:00:00,5.3912354,2.093048,130.43443,101466.01,4.7084028e-05,2.6224856
2018-01-30 12:00:00,2.446991,-1.9685974,137.66162,101830.52,0.0,2.5835078
2018-01-31 12:00:00,4.9702454,-0.17834473,17.224566,99993.72,0.0005134483,7.1964283
2018-02-01 12:00:00,4.2148438,1.2209778,112.014465,98491.15,1.7612683e-05,3.357646
2018-02-02 12:00:00,4.9653625,1.1282654,118.47404,99189.164,1.0460712e-05,4.084292
2018-02-03 12:00:00,3.711029,-3.2852783,142.99551,100744.51,0.0,2.995035
2018-02-04 12:00:00,3.628479,-4.6878357,100.47379,102062.586,1.868468e-05,1.5551744
2018-02-05 12:00:00,14.592743,2.3897095,11.006898,101230.62,0.0011621314,8.3604145
2018-02-06 12:00:00,15.01889,6.086792,149.0763,101315.336,0.00033379992,2.4207442
2018-02-07 12:00:00,8.156525,2.4206543,151.8215,102145.79,0.0,3.0544138
2018-02-08 12:00:00,6.642395,0.67630005,82.30881,102658.56,0.0,2.5279462
2018-02-09 12:00:00,16.775848,6.5546875,17.39484,101419.18,0.0007888965,5.3219643
2018-02-10 12:00:00,16.480438,8.373444,149.98705,101080.76,3.45186e-06,4.1866536
2018-02-11 12:00:00,8.264832,3.5303345,155.14241,101462.695,8.989302e-08,3.3132143
2018-02-12 12:00:00,7.133606,-0.63601685,151.54785,101832.31,0.0,1.7360536
2018-02-13 12:00:00,10.088013,4.0655212,22.78512,100397.695,0.0003125551,6.670092
2018-02-14 12:00:00,10.072784,4.6941223,165.05476,100301.24,5.8554782e-05,5.9685936
2018-02-15 12:00:00,4.554901,-1.7681885,172.44264,101791.5,0.0,2.0303822
2018-02-16 12:00:00,10.14444,-0.3868103,156.61855,101458.67,0.0,2.6247113
2018-02-17 12:00:00,7.423828,1.6261292,137.00993,102006.516,0.0,2.5209334
2018-02-18 12:00:00,2.6496887,-0.79364014,118.22366,102632.2,0.0,3.6950512
2018-02-19 12:00:00,5.6825256,2.0788574,26.047626,101288.77,0.00022840504,6.5327315
2018-02-20 12:00:00,6.348633,3.68219,59.383102,99829.22,7.774588e-05,6.2507405
2018-02-21 12:00:00,4.4239807,1.7094116,91.18871,99648.914,3.8327576e-06,3.588412
2018-02-22 12:00:00,4.846344,1.560852,81.62463,100014.65,1.15696475e-05,3.7447603
2018-02-23 12:00:00,5.535034,1.8883362,107.75379,100183.14,3.8669623e-06,2.3889298
2018-02-24 12:00:00,7.333252,-1.024231,185.73549,100415.42,2.768162e-07,2.5431435
2018-02-25 12:00:00,7.489105,0.47000122,191.97011,101377.484,3.617083e-08,3.3656106
2018-02-26 12:00:00,13.302246,0.6686096,178.64622,101230.836,9.378032e-06,3.737271
2018-02-27 12:00:00,10.734528,6.0265503,33.970905,100469.75,0.0002231173,1.7806642
2018-02-28 12:00:00,5.924469,-1.7322693,202.38654,101559.03,5.116933e-08,3.1686368
2018-03-01 12:00:00,8.245941,-2.7468567,174.84,101935.5,0.0,2.6422112
2018-03-02 12:00:00,7.646332,2.5625305,206.49696,101851.21,1.2589003e-07,4.0124583
2018-03-03 12:00:00,5.733307,-3.2495422,195.51944,102273.305,0.0,4.0980873
2018-03-04 12:00:00,1.0158691,-6.6710205,195.65549,102761.516,0.0,2.2959857
2018-03-05 12:00:00,3.5732727,-2.104187,173.31099,102306.94,2.338789e-08,2.6701312
2018-03-06 12:00:00,4.703491,-0.21762085,93.05981,102234.34,1.7985503e-05,5.0490966
2018-03-07 12:00:00,8.52063,4.5841064,97.264015,101979.36,5.6532504e-06,5.4348493
2018-03-08 12:00:00,9.863373,5.3862305,168.79083,102056.445,2.8322672e-06,4.331228
2018-03-09 12:00:00,8.775909,0.21514893,178.3671,101908.09,0.0,1.6848484
2018-03-10 12:00:00,11.116425,4.266083,67.20084,101316.945,8.1895116e-05,0.65717185
2018-03-11 12:00:00,9.794983,6.0543213,190.09444,101359.11,2.0950878e-05,2.2950168
2018-03-12 12:00:00,10.492218,1.1932068,223.89134,102187.22,0.0,2.0273654
2018-03-13 12:00:00,13.591888,2.1721802,214.15681,102425.29,0.0,0.898052
2018-03-14 12:00:00,15.005768,8.816376,45.895187,101767.86,0.00019844483,3.165288
2018-03-15 12:00:00,15.318787,11.908051,212.84685,100515.09,0.0005212328,4.167473
2018-03-16 12:00:00,11.883545,5.995819,205.13515,100844.28,3.1524056e-07,3.8465247
2018-03-17 12:00:00,6.186798,-0.79071045,247.18819,101650.62,0.0,3.5656433
2018-03-18 12:00:00,6.6986084,-1.3831177,245.53294,102206.35,0.0,2.089938
2018-03-19 12:00:00,9.964874,-0.22149658,246.82495,102571.29,0.0,0.43585426
2018-03-20 12:00:00,13.626862,4.0466003,134.36336,102156.97,1.541088e-05,2.33396
2018-03-21 12:00:00,15.899414,11.799011,42.60767,100248.27,0.0003979379,3.249337
2018-03-22 12:00:00,11.740326,4.13678,255.73842,100868.52,8.310026e-10,5.5259485
2018-03-23 12:00:00,7.806488,0.58880615,259.96262,102103.69,0.0,4.333638
2018-03-24 12:00:00,11.208923,0.9103699,255.7675,102480.54,0.0,3.6750038
2018-03-25 12:00:00,10.872009,4.4104614,253.36359,102254.84,0.0,2.8621693
2018-03-26 12:00:00,9.531403,2.323639,259.7414,102325.984,0.0,1.9108832
2018-03-27 12:00:00,14.881409,3.161499,154.68373,101952.99,2.8730876e-06,2.2069604
2018-03-28 12:00:00,15.028168,8.885773,37.617016,100776.56,0.00036178163,2.7916057
2018-03-29 12:00:00,15.565063,10.059631,261.89346,100248.1,0.0,2.2317798
2018-03-30 12:00:00,12.343079,4.6591797,127.20379,100586.984,0.00012042086,0.7947818
2018-03-31 12:00:00,8.057892,4.421753,139.55212,100574.234,7.2254465e-05,4.6705737
2018-04-01 12:00:00,10.062042,-1.1744385,271.19305,100571.91,0.0,2.5716784
2018-04-02 12:00:00,11.085144,5.84198,272.92963,99987.35,1.0058656e-07,3.74102
2018-04-03 12:00:00,11.369751,-0.8234558,279.9264,101294.27,1.0199944e-08,1.034028
2018-04-04 12:00:00,19.840118,5.589905,259.65085,101718.62,1.4177797e-05,1.597274
2018-04-05 12:00:00,18.635193,14.5034485,167.83386,102238.3,1.3556929e-05,4.31783
2018-04-06 12:00:00,16.30362,15.009949,44.832783,102351.75,0.00025841896,4.4002666
2018-04-07 12:00:00,17.567139,13.256653,245.05644,102003.45,1.4165005e-06,2.659315
2018-04-08 12:00:00,16.712494,8.907745,203.09299,101336.53,1.3300886e-06,0.7390726
2018-04-09 12:00:00,15.78067,10.190887,291.45993,101049.33,1.1313772e-09,2.5209022
2018-04-10 12:00:00,14.14801,5.8907166,289.22363,101453.21,0.0,2.5574708
2018-04-11 12:00:00,13.249298,4.1369934,294.7978,101898.32,0.0,1.2051626
2018-04-12 12:00:00,16.251526,5.8943787,263.02292,102009.836,0.0,2.1625504
2018-04-13 12:00:00,23.174896,9.9357605,281.87296,101562.41,0.0,2.1966453
2018-04-14 12:00:00,19.986115,10.774689,163.08112,101727.766,9.611006e-07,2.3623054
2018-04-15 12:00:00,13.501007,9.555908,60.811604,102274.945,4.073479e-05,3.023794
2018-04-16 12:00:00,19.237793,9.110687,238.11923,102013.87,3.663591e-06,0.9195314
2018-04-17 12:00:00,19.805511,12.535675,277.25317,101952.88,1.1257611e-05,0.8790689
2018-04-18 12:00:00,23.918915,10.9339905,210.48555,101956.43,1.1407085e-05,2.284969
2018-04-19 12:00:00,23.680328,17.446594,192.42503,100966.58,9.1631e-06,4.325601
2018-04-20 12:00:00,19.226501,4.6584167,318.7112,101463.164,2.6715092e-05,5.1382113
2018-04-21 12:00:00,14.741913,2.557434,314.31155,101791.36,0.0,1.2863188
2018-04-22 12:00:00,20.868164,6.9206543,300.87762,100808.21,0.0,3.9302564
2018-04-23 12:00:00,22.710297,11.940521,307.04327,100595.85,0.0,2.0044048
2018-04-24 12:00:00,26.95044,12.986938,300.5773,100794.94,0.0,2.3028665
2018-04-25 12:00:00,25.261932,16.585724,277.85327,100461.836,2.9550516e-05,1.772478
2018-04-26 12:00:00,20.239288,12.961304,243.93558,100151.02,4.1506737e-05,3.2476363
2018-04-27 12:00:00,12.859711,7.035309,286.83102,100126.53,0.00013091,4.850428
2018-04-28 12:00:00,16.379608,3.5715637,289.36887,101017.98,5.597972e-08,2.5833566
2018-04-29 12:00:00,15.886505,8.770264,272.90344,100613.53,4.2933483e-05,2.6187007
2018-04-30 12:00:00,14.137543,5.007843,325.1819,101114.234,0.0,3.841374
2018-05-01 12:00:00,17.492493,5.992981,327.4311,101591.65,0.0,2.4920335
2018-05-02 12:00:00,18.732147,6.982727,326.87268,101975.836,0.0,1.5513786
2018-05-03 12:00:00,15.271576,9.673553,71.682014,101795.9,6.776264e-05,2.6270344
2018-05-04 12:00:00,19.631989,13.613647,173.89093,101122.31,0.0001264776,0.705837
2018-05-05 12:00:00,24.845947,16.88388,312.65753,100589.87,6.487007e-05,2.6435933
2018-05-06 12:00:00,18.212402,8.784546,175.01184,100989.25,0.00021245306,4.148766
2018-05-07 12:00:00,15.49707,6.448517,338.60748,101501.445,0.0,1.5527908
2018-05-08 12:00:00,18.79541,8.320984,332.88446,101673.89,0.0,1.3393105
2018-05-09 12:00:00,20.273315,9.74884,331.33737,102061.94,8.157881e-09,1.4635619
2018-05-10 12:00:00,20.20694,13.641174,191.60666,102312.11,2.4100636e-06,2.8368511
2018-05-11 12:00:00,20.730804,16.591766,173.77177,102234.086,2.7345339e-05,2.3860173
2018-05-12 12:00:00,22.706116,13.063782,329.238,102097.2,0.0,1.3480793
2018-05-13 12:00:00,18.83371,14.680878,219.89278,102612.73,2.5850673e-06,5.3231544
2018-05-14 12:00:00,17.54718,12.44043,107.32272,102645.664,5.2932005e-06,3.6723785
2018-05-15 12:00:00,24.02179,11.358978,338.08154,101896.36,3.6715016e-07,1.4069529
2018-05-16 12:00:00,23.887146,14.70401,289.778,101400.57,6.179335e-08,0.9689723
2018-05-17 12:00:00,28.043121,18.094513,314.98163,101190.78,2.2091503e-07,3.5907133
2018-05-18 12:00:00,28.27478,19.462769,285.9164,101302.2,3.414073e-06,3.821842
2018-05-19 12:00:00,28.832184,19.640228,266.51245,100797.83,0.00010376588,3.6263793
2018-05-20 12:00:00,20.75879,12.001312,272.4811,100667.39,0.00014249855,3.4029515
2018-05-21 12:00:00,15.049622,8.219086,340.05878,101117.69,4.739613e-10,3.4790084
2018-05-22 12:00:00,18.693726,6.820587,347.1813,101241.44,0.0,2.4231741
2018-05-23 12:00:00,22.533508,9.864075,355.3421,101287.73,0.0,2.5455196
2018-05-24 12:00:00,26.209839,10.456604,318.3237,101328.59,0.0,2.8053768
2018-05-25 12:00:00,29.538635,19.562012,308.47012,100790.41,0.0,4.099823
2018-05-26 12:00:00,27.967255,18.964905,239.97362,100413.88,2.0491066e-06,2.8215482
2018-05-27 12:00:00,19.579132,11.261566,362.4342,101958.79,0.0,3.4519556
2018-05-28 12:00:00,21.842896,7.681366,359.0969,102296.84,0.0,1.412672
2018-05-29 12:00:00,22.182922,10.44635,304.89343,101966.06,0.0,2.1497993
2018-05-30 12:00:00,21.998901,15.613831,175.71397,100994.65,0.0,3.3067198
2018-05-31 12:00:00,21.804169,17.743988,207.49002,99979.73,0.0,5.4956703
2018-06-01 12:00:00,27.405182,13.575439,323.42157,100301.484,0.0,1.1153605
2018-06-02 12:00:00,24.220062,17.624146,154.56764,99846.58,0.0006017518,0.8598406
2018-06-03 12:00:00,20.243195,14.3211975,295.78967,100767.53,3.1275256e-05,2.9435296
2018-06-04 12:00:00,24.15271,13.062286,344.99777,101762.73,4.0789403e-09,2.242109
2018-06-05 12:00:00,25.273926,16.090546,254.47586,101760.41,0.0,1.1758906
2018-06-06 12:00:00,26.949005,15.159943,361.7396,101469.17,0.0,1.9183316
2018-06-07 12:00:00,24.112366,15.451294,335.04807,101596.164,0.0,1.1976986
2018-06-08 12:00:00,26.226868,14.754791,320.25183,101570.586,1.1918495e-06,2.9231606
2018-06-09 12:00:00,30.492706,20.651337,294.54764,100947.5,0.0001717395,3.83689
2018-06-10 12:00:00,28.72055,17.882599,359.81546,101143.53,6.0964296e-05,3.924011
2018-06-11 12:00:00,26.142029,14.497681,366.6554,101733.1,0.0,1.8194256
2018-06-12 12:00:00,31.667542,15.307495,354.2857,101718.414,0.0,2.1320486
2018-06-13 12:00:00,34.447235,22.936432,315.29932,101562.016,8.7619585e-05,2.526624
2018-06-14 12:00:00,29.10019,21.686981,352.02658,101710.84,0.0,0.90550107
2018-06-15 12:00:00,33.32367,19.87259,348.6019,101246.25,0.0,1.9376662
2018-06-16 12:00:00,34.610962,24.373505,262.3553,100700.82,5.2531996e-05,1.9405503
2018-06-17 12:00:00,25.949066,21.25882,197.03043,100952.016,8.1156495e-06,1.3680308
2018-06-18 12:00:00,25.51062,20.82373,218.8818,101158.836,8.332881e-05,4.381729
2018-06-19 12:00:00,23.168701,19.472443,116.66261,100933.734,6.2654464e-05,3.7761674
2018-06-20 12:00:00,24.86026,19.704681,189.19641,100232.766,6.107339e-05,2.3714108
2018-06-21 12:00:00,26.066895,15.388031,365.9496,100799.74,5.643279e-08,3.8496118
2018-06-22 12:00:00,28.866058,15.553467,322.47958,100915.39,0.0,2.3750453
2018-06-23 12:00:00,30.451904,27.19217,353.35965,100007.04,0.0,4.193609
2018-06-24 12:00:00,28.318481,18.4682,359.00217,100788.97,0.0,2.7891767
2018-06-25 12:00:00,30.012085,17.93866,361.13242,101363.87,0.0,1.7042266
2018-06-26 12:00:00,35.706573,21.525055,319.3616,100990.766,8.086403e-05,3.39984
2018-06-27 12:00:00,35.354797,24.110565,327.6031,100562.234,2.4083743e-05,2.021588
2018-06-28 12:00:00,35.16046,26.638855,221.88654,99920.4,0.0,2.9477038
2018-06-29 12:00:00,26.448517,18.252686,103.27748,101195.18,3.6178455e-05,1.9245546
2018-06-30 12:00:00,25.087555,15.696594,247.20303,101668.15,2.433374e-05,2.370631
2018-07-01 12:00:00,26.141418,18.017853,273.63162,101599.76,6.559417e-05,3.778518
2018-07-02 12:00:00,26.584991,17.156464,359.80914,101885.26,2.31189e-06,2.8408928
2018-07-03 12:00:00,27.824097,15.515076,280.75073,101882.93,0.0,1.6717072
2018-07-04 12:00:00,29.922394,20.318237,261.40765,101873.46,7.0870633e-06,2.2599087
2018-07-05 12:00:00,28.606964,20.337646,302.4787,101554.32,4.5105467e-06,1.9427418
2018-07-06 12:00:00,31.079193,21.010864,278.38873,101359.18,6.309554e-09,2.121099
2018-07-07 12:00:00,31.277985,21.382538,191.7666,101097.08,6.902247e-05,0.9225838
2018-07-08 12:00:00,30.992645,22.288635,326.6504,101113.15,0.00014201379,1.0077918
2018-07-09 12:00:00,27.882355,22.134674,295.85834,101682.42,3.4099588e-07,1.5916456
2018-07-10 12:00:00,35.460846,22.48175,337.05118,101287.88,0.0,2.4103346
2018-07-11 12:00:00,36.942505,26.535461,319.10822,100810.37,1.7882167e-05,0.7024218
2018-07-12 12:00:00,32.680115,23.534332,264.67902,100769.266,4.210127e-07,1.7098715
2018-07-13 12:00:00,29.73877,22.829102,204.45929,101256.555,7.68878e-05,3.1552045
2018-07-14 12:00:00,26.687439,19.137787,299.4967,101847.555,0.0,2.9017162
2018-07-15 12:00:00,28.14917,18.750824,294.34088,101745.984,0.0,1.556806
2018-07-16 12:00:00,33.648712,20.848175,338.3746,101458.1,8.497716e-09,1.9134711
2018-07-17 12:00:00,35.456177,25.311523,319.84174,101260.305,1.0720777e-05,2.4200625
2018-07-18 12:00:00,31.82309,23.682617,313.96692,101166.4,1.6964254e-05,2.579903
2018-07-19 12:00:00,32.052032,24.395508,303.78656,101179.9,1.5537937e-05,2.9145615
2018-07-20 12:00:00,27.47644,22.36502,60.044456,101321.92,0.0009013922,2.0850382
2018-07-21 12:00:00,28.201752,23.094635,298.64233,100907.92,0.00017681746,4.880731
2018-07-22 12:00:00,26.854126,18.543823,342.8459,101402.75,0.0,1.6313394
2018-07-23 12:00:00,27.45929,18.353485,338.04254,101573.06,0.0,1.3840727
2018-07-24 12:00:00,26.57196,19.481659,310.95435,101518.5,1.3749928e-08,2.6593223
2018-07-25 12:00:00,27.456848,20.47528,285.19897,101042.875,0.0,2.680971
2018-07-26 12:00:00,28.911957,21.854462,240.23508,100429.07,0.00020641537,1.2644019
2018-07-27 12:00:00,26.640533,21.031769,216.49304,100748.39,4.9367383e-05,2.3301709
2018-07-28 12:00:00,29.399933,19.159058,332.43402,101277.83,0.0,0.85606587
2018-07-29 12:00:00,29.343567,20.543549,247.3118,101135.555,4.1488147e-06,1.6493818
2018-07-30 12:00:00,28.103882,19.18216,325.40234,101150.01,7.807801e-07,1.7457635
2018-07-31 12:00:00,29.25476,20.173584,328.73,101191.41,2.9594412e-08,1.4316189
2018-08-01 12:00:00,32.135956,20.322266,327.33508,101146.836,0.0,2.6202297
2018-08-02 12:00:00,33.958862,23.209198,294.82166,100824.86,0.0,3.3987699
2018-08-03 12:00:00,33.204163,24.049591,315.79565,100724.54,0.0,1.0505452
2018-08-04 12:00:00,31.916718,22.96112,269.70215,101027.19,7.749919e-07,2.3664696
2018-08-05 12:00:00,35.94391,23.100311,256.5148,100585.04,0.00010353846,1.0473707
2018-08-06 12:00:00,29.846619,21.960297,305.56726,100958.055,6.5657878e-06,2.6280255
2018-08-07 12:00:00,33.33432,21.512543,321.88504,101063.78,0.0,2.7760231
2018-08-08 12:00:00,34.129333,22.618225,314.6843,100976.016,0.0,2.0070405
2018-08-09 12:00:00,32.877075,23.06247,178.40556,100618.9,2.8669808e-07,2.2313297
2018-08-10 12:00:00,31.597168,22.821198,310.6084,100706.62,1.9156667e-05,3.2677374
2018-08-11 12:00:00,32.46866,19.99118,317.59662,100857.42,0.0,0.5846641
2018-08-12 12:00:00,34.62018,23.12738,302.51236,100643.97,9.99491e-06,1.5072528
2018-08-13 12:00:00,33.70749,18.868225,273.70306,100585.38,9.03725e-06,1.6858284
2018-08-14 12:00:00,34.348846,25.02893,274.34024,100456.63,8.531522e-08,1.7037772
2018-08-15 12:00:00,32.934692,22.743683,256.86426,100754.266,0.0,0.99356467
2018-08-16 12:00:00,33.737915,25.64798,247.63371,100676.05,1.3514751e-05,0.98627895
2018-08-17 12:00:00,33.098022,21.474915,293.50342,101119.086,0.0,0.7245113
2018-08-18 12:00:00,34.615967,24.650665,295.0046,100892.39,0.0,3.6147766
2018-08-19 12:00:00,39.5477,26.933563,281.56598,100150.86,2.1055532e-05,2.3342075
2018-08-20 12:00:00,34.32547,23.348999,303.15497,101040.71,5.762751e-09,2.328922
2018-08-21 12:00:00,31.179657,20.146515,297.721,101451.86,0.0,3.3865333
2018-08-22 12:00:00,31.629028,22.68457,187.44522,101045.58,0.00016089226,2.2534196
2018-08-23 12:00:00,26.084137,19.80191,301.55685,101284.164,5.1218707e-05,3.714431
2018-08-24 12:00:00,25.556244,17.03363,298.88745,102102.72,0.0,2.3714607
2018-08-25 12:00:00,26.522308,14.741241,293.59778,102328.76,0.0,0.9592242
2018-08-26 12:00:00,26.204193,16.000366,194.32066,101996.234,0.0,1.8421503
2018-08-27 12:00:00,23.079071,17.002441,40.535294,100799.54,0.0009203271,6.947848
2018-08-28 12:00:00,23.42691,18.102386,209.69762,99986.42,0.0003147511,3.20898
2018-08-29 12:00:00,26.699677,17.723938,282.931,101284.51,0.0,3.2449734
2018-08-30 12:00:00,27.677765,18.574066,262.66602,101945.39,6.79228e-06,0.63031286
2018-08-31 12:00:00,25.00174,21.032288,115.51541,102047.695,5.84718e-05,1.7524656
2018-09-01 12:00:00,24.573273,19.896484,161.56804,101822.24,4.0471778e-07,1.8369223
2018-09-02 12:00:00,24.840698,21.670471,145.1508,101700.17,8.499373e-07,1.9812858
2018-09-03 12:00:00,27.783264,20.687744,267.0739,101724.28,0.0,2.2598577
2018-09-04 12:00:00,25.368195,19.077515,245.59865,101997.55,0.0,3.408142
2018-09-05 12:00:00,23.2995,18.302612,130.60414,102336.805,2.137943e-05,4.2651396
2018-09-06 12:00:00,23.557922,18.933899,114.701164,102404.32,6.935039e-05,2.3456166
2018-09-07 12:00:00,26.22229,20.75531,213.60599,102399.83,3.4789623e-06,0.71209794
2018-09-08 12:00:00,27.174713,19.6073,234.3473,102365.67,0.0,0.17733623
2018-09-09 12:00:00,25.062103,19.706573,171.08574,102581.53,0.0,1.791985
2018-09-10 12:00:00,24.175201,19.353058,152.69322,102821.47,2.7932781e-05,2.3781338
2018-09-11 12:00:00,23.756134,20.29715,74.36945,102594.88,0.00022292639,2.1999292
2018-09-12 12:00:00,23.154358,20.685242,76.59121,101902.93,0.00026786767,1.681076
2018-09-13 12:00:00,26.766815,19.654724,233.85117,101692.375,4.7215562e-07,0.7519959
2018-09-14 12:00:00,26.403503,21.615631,204.1442,101773.875,6.8916495e-05,2.0949452
2018-09-15 12:00:00,24.808563,22.189728,73.02662,101537.91,1.5624824e-05,3.1477575
2018-09-16 12:00:00,25.881958,22.310791,112.25292,101122.63,1.4660068e-05,2.0269072
2018-09-17 12:00:00,24.175446,18.915314,247.81342,101708.07,0.0,3.027393
2018-09-18 12:00:00,22.400513,15.063202,246.64807,102005.62,0.0,1.2189387
2018-09-19 12:00:00,24.649445,17.514282,226.5294,100952.77,0.0,1.9689581
2018-09-20 12:00:00,21.632507,13.271027,242.94286,101431.51,0.0,1.7251676
2018-09-21 12:00:00,24.839203,14.018402,202.58345,101654.31,2.8534112e-06,1.7294669
2018-09-22 12:00:00,21.046692,15.423767,240.44014,101947.28,1.599151e-05,2.583348
2018-09-23 12:00:00,17.032623,9.397247,242.335,102111.734,0.0,2.4587185
2018-09-24 12:00:00,19.79123,8.306366,237.52979,101735.84,0.0,0.37964705
2018-09-25 12:00:00,23.225037,10.972717,192.69336,101594.33,0.0,2.0958042
2018-09-26 12:00:00,24.987885,13.354767,224.21376,101841.74,0.0,0.5587707
2018-09-27 12:00:00,24.680847,14.6996765,222.991,102207.86,2.3342304e-08,0.7396084
2018-09-28 12:00:00,25.84552,13.299774,215.93298,102100.75,0.0,0.61376184
2018-09-29 12:00:00,25.214966,13.736816,219.91428,101724.11,0.0,2.11503
2018-09-30 12:00:00,24.34784,15.651703,138.53285,101177.12,1.7454755e-05,2.7094545
2018-10-01 12:00:00,20.249725,15.167084,57.220264,101519.766,0.00013924646,4.9731884
2018-10-02 12:00:00,22.048157,15.128326,28.544355,101072.19,0.000563194,4.0625114
2018-10-03 12:00:00,22.377045,15.71286,200.66084,101904.836,1.741954e-06,1.9158728
2018-10-04 12:00:00,23.635193,18.837372,74.750404,102391.55,2.0836405e-05,1.3748465
2018-10-05 12:00:00,24.472534,21.507202,85.176796,102378.016,6.904771e-06,2.0439835
2018-10-06 12:00:00,23.96222,21.114105,90.95909,102238.16,1.0486663e-05,1.9280437
2018-10-07 12:00:00,24.643494,20.93332,116.01088,102058.57,3.0873518e-05,1.2050323
2018-10-08 12:00:00,22.296356,19.85788,92.462814,101834.36,2.9980445e-06,1.2057333
2018-10-09 12:00:00,21.507996,18.462494,80.3306,101646.73,2.5546942e-05,0.25980592
2018-10-10 12:00:00,21.624084,17.283264,45.376694,102335.63,3.346317e-05,2.9803395
2018-10-11 12:00:00,23.72116,20.4534,114.0369,102775.914,7.768297e-05,2.8049407
2018-10-12 12:00:00,23.71701,20.65863,96.34557,102896.02,6.30959e-05,3.2410471
2018-10-13 12:00:00,23.893494,20.34555,86.14061,102617.47,0.00013522344,1.5764339
2018-10-14 12:00:00,21.004883,16.635406,153.57234,102239.47,0.0,0.16522688
2018-10-15 12:00:00,21.374054,17.28778,61.083084,101417.76,7.714201e-05,2.354975
2018-10-16 12:00:00,21.110107,18.404999,86.76493,100681.76,8.3160834e-05,0.6221026
2018-10-17 12:00:00,19.109314,11.69455,179.23035,100419.64,2.0966851e-07,4.14988
2018-10-18 12:00:00,15.5224,7.4709167,180.47179,102308.56,2.5274641e-08,2.2865403
2018-10-19 12:00:00,18.145203,9.370911,175.43268,102796.516,1.8965086e-08,2.323062
2018-10-20 12:00:00,20.460144,11.71106,120.36001,102490.79,1.1064454e-06,1.9277893
2018-10-21 12:00:00,20.259949,16.717926,50.14246,102018.43,4.3969707e-05,2.5345764
2018-10-22 12:00:00,20.709747,15.732758,165.9121,101703.01,1.5010316e-05,1.9000401
2018-10-23 12:00:00,18.170807,12.754974,109.328125,102150.31,2.275377e-06,1.8137319
2018-10-24 12:00:00,17.12857,12.522125,66.19812,102085.016,5.184973e-07,1.1621146
2018-10-25 12:00:00,17.846893,15.048737,67.98937,101983.08,3.0510453e-06,1.9127363
2018-10-26 12:00:00,20.104279,14.600708,74.30709,101976.66,6.1765577e-06,2.126207
2018-10-27 12:00:00,19.590454,15.950531,96.012215,101616.95,9.015407e-06,1.7986599
2018-10-28 12:00:00,17.189453,12.941742,158.27966,102047.95,0.0,2.644852
2018-10-29 12:00:00,14.857452,8.698395,151.65317,102561.05,6.640368e-07,1.2682261
2018-10-30 12:00:00,17.188507,13.104797,51.730263,102274.336,2.6289357e-05,0.90348774
2018-10-31 12:00:00,16.984985,12.279755,152.54501,102130.39,1.5818761e-05,2.5335522
2018-11-01 12:00:00,15.470093,7.7730103,136.44154,102298.49,1.9730836e-08,1.5669596
2018-11-02 12:00:00,15.828918,11.175293,130.96948,102146.2,1.268715e-06,1.0990698
2018-11-03 12:00:00,17.253387,9.439789,126.17877,102609.336,1.3901405e-07,1.4875672
2018-11-04 12:00:00,20.09137,11.475342,67.060524,102704.484,8.3000083e-07,1.4467665
2018-11-05 12:00:00,20.95163,17.58609,50.363117,102755.695,1.3538634e-05,2.8004463
2018-11-06 12:00:00,20.584503,19.509796,19.734333,102298.22,0.000309771,3.3692539
2018-11-07 12:00:00,20.015472,17.94638,47.51028,102322.76,2.5826615e-05,0.82589465
2018-11-08 12:00:00,20.831024,13.677948,74.93576,101813.64,1.2021825e-05,2.195064
2018-11-09 12:00:00,13.496216,8.094971,46.787125,102886.31,1.819566e-05,3.5437584
2018-11-10 12:00:00,17.719818,8.344666,18.736792,102737.875,0.00013547273,4.74007
2018-11-11 12:00:00,21.163177,17.589172,19.994175,101880.47,0.0007376027,5.588795
2018-11-12 12:00:00,20.56485,11.313629,106.602615,101084.58,7.94077e-05,4.327616
2018-11-13 12:00:00,16.376251,13.105133,119.232666,101375.97,9.716204e-06,2.2028449
2018-11-14 12:00:00,15.041748,10.311798,115.8347,101285.33,0.0,1.6801975
2018-11-15 12:00:00,15.467743,12.044983,119.13629,100381.8,4.2747247e-06,2.7358668
2018-11-16 12:00:00,14.377014,8.915527,112.415596,100372.58,1.6085555e-07,2.3124971
2018-11-17 12:00:00,13.191559,9.415283,105.5684,99721.39,2.6728803e-06,1.6937196
2018-11-18 12:00:00,9.629944,4.512268,22.182621,99403.44,0.00040296416,2.6232927
2018-11-19 12:00:00,7.180847,0.9040222,107.69506,100510.48,1.6231206e-07,4.15889
2018-11-20 12:00:00,9.002655,3.89682,121.300575,101728.87,1.2072164e-07,3.2889767
2018-11-21 12:00:00,10.365601,1.9214783,107.79092,103046.36,7.8327145e-07,1.3661594
2018-11-22 12:00:00,13.711761,7.1691284,45.70576,102745.15,5.015819e-05,2.0909317
2018-11-23 12:00:00,16.871124,12.453552,77.113304,101938.63,1.6218679e-05,1.4503098
2018-11-24 12:00:00,15.998901,14.195862,26.613646,101317.75,6.612238e-05,3.5659459
2018-11-25 12:00:00,18.085602,12.476654,67.62164,99939.1,0.00034501482,2.656722
2018-11-26 12:00:00,12.844635,10.697571,86.69936,101011.555,1.2053401e-06,1.4721605
2018-11-27 12:00:00,14.611481,11.186188,38.453835,100703.18,7.431216e-05,1.2380244
2018-11-28 12:00:00,12.226654,6.9157715,100.45928,100486.05,3.0301126e-06,4.8558316
2018-11-29 12:00:00,10.910828,4.2501526,102.16346,101092.01,0.0,2.4635894
2018-11-30 12:00:00,14.985809,7.3737793,76.30384,100243.21,1.2912024e-09,3.9884932
2018-12-01 12:00:00,7.235779,0.972229,110.99886,100871.4,5.728134e-10,3.089885
2018-12-02 12:00:00,4.250458,-1.6661682,107.970436,101053.88,1.2250815e-07,3.2735
2018-12-03 12:00:00,5.520935,-1.5648804,82.17586,101154.56,3.9450762e-07,2.0266054
2018-12-04 12:00:00,6.91568,2.364624,107.452705,100364.766,1.4365406e-07,3.861879
2018-12-05 12:00:00,3.248352,-0.87112427,107.23956,101010.15,2.6842356e-08,3.4923794
2018-12-06 12:00:00,1.8664856,-2.9723816,106.24116,101591.1,0.0,3.435643
2018-12-07 12:00:00,3.3934631,-1.3986206,105.45543,101683.99,0.0,3.7451959
2018-12-08 12:00:00,1.560669,-2.1279907,90.96314,102046.88,7.020459e-08,1.7253058
2018-12-09 12:00:00,0.9040222,-1.6809998,101.00654,102415.016,2.0139553e-06,2.391168
2018-12-10 12:00:00,1.462677,-0.82214355,18.435658,102442.27,0.00014412736,3.614119
2018-12-11 12:00:00,8.317932,1.2664795,82.405945,102037.07,6.3091406e-06,3.72944
2018-12-12 12:00:00,14.603485,5.3797913,77.53196,101448.164,5.6864337e-05,1.3290412
2018-12-13 12:00:00,5.7025757,-0.520874,98.69551,102263.73,1.3770824e-07,2.332986
2018-12-14 12:00:00,3.9747314,-1.6066589,56.680805,101938.04,1.2665288e-06,2.2678945
2018-12-15 12:00:00,4.538208,-2.108307,82.850624,102081.31,0.0,3.2507608
2018-12-16 12:00:00,2.8616943,-1.5637512,50.08959,102402.22,4.507276e-06,1.8103478
2018-12-17 12:00:00,0.730011,-0.8112488,48.649796,101445.09,4.1030456e-05,2.9093
2018-12-18 12:00:00,-0.16159058,-3.3762512,70.95535,101375.45,1.1550492e-05,4.23154
2018-12-19 12:00:00,0.6697998,-5.201935,103.33213,102055.08,1.5579631e-07,4.0773516
2018-12-20 12:00:00,4.4473877,-6.704834,102.32249,102203.64,0.0,2.701556
2018-12-21 12:00:00,6.5121765,-2.6488342,103.07563,102319.31,0.0,2.9033341
2018-12-22 12:00:00,5.8557434,-7.1879272,102.65404,102854.805,1.2619108e-08,1.7380654
2018-12-23 12:00:00,5.871399,-4.502594,99.79416,102836.09,0.0,1.9864038
2018-12-24 12:00:00,7.3490906,-4.7013245,88.95597,102671.02,8.454557e-08,1.9941642
2018-12-25 12:00:00,14.385101,-0.9953308,64.111,101686.914,3.5585814e-05,1.8535031
2018-12-26 12:00:00,14.5780945,7.0150146,100.72492,100136.25,0.00023816965,2.678605
2018-12-27 12:00:00,11.471893,1.5644531,79.352325,100821.33,9.680329e-07,1.110775
2018-12-28 12:00:00,11.296997,3.1878967,93.36188,100254.17,2.5512404e-07,3.2572482
2018-12-29 12:00:00,3.7498474,0.44802856,99.94094,101016.38,2.0891449e-07,5.157733
2018-12-30 12:00:00,4.225708,-0.54660034,105.45908,101636.086,6.154422e-08,4.351429
2018-12-31 12:00:00,11.4479065,-3.3674622,33.02674,101544.234,5.0782284e-05,1.388412
2019-01-01 12:00:00,12.671783,3.0325928,65.55553,99468.92,0.00026383574,4.9607406
2019-01-02 12:00:00,3.0559692,0.26239014,78.51107,100269.2,2.254354e-07,5.880501
2019-01-03 12:00:00,0.23431396,-4.328888,59.49981,101345.51,1.6334043e-07,4.3524623
2019-01-04 12:00:00,-0.3776245,-4.050659,109.33729,102420.79,5.3500266e-08,4.2197833
2019-01-05 12:00:00,1.3865356,-4.2184753,103.98837,102458.12,1.569866e-08,1.5351908
2019-01-06 12:00:00,7.004242,-1.3224487,82.278625,102330.73,7.1308154e-10,2.554733
2019-01-07 12:00:00,8.291321,1.4259033,69.513115,101997.555,7.8334866e-11,1.700081
2019-01-08 12:00:00,17.291626,5.587158,59.22871,99837.9,0.00034136002,2.8550599
2019-01-09 12:00:00,14.946106,1.4015808,111.52026,101210.49,4.5475525e-05,3.4588106
2019-01-10 12:00:00,10.431671,-2.207367,106.38,102535.71,1.0682119e-08,0.51366496
2019-01-11 12:00:00,10.782898,3.034546,104.48892,102190.79,0.0,2.0831914
2019-01-12 12:00:00,10.641357,3.469452,95.66797,102567.81,0.0,1.2947168
2019-01-13 12:00:00,8.26474,5.2190247,14.845358,102036.984,0.00013917436,1.6563286
2019-01-14 12:00:00,8.10556,4.6124573,52.3248,101505.695,3.5279231e-06,1.6065717
2019-01-15 12:00:00,10.896606,6.065613,27.876999,101683.266,1.7504584e-05,0.61972064
2019-01-16 12:00:00,16.365051,10.745209,72.511734,100234.74,0.0003254076,1.0006285
2019-01-17 12:00:00,15.037537,9.107147,19.781895,99214.17,0.0002199597,2.7324812
2019-01-18 12:00:00,8.740936,-2.5169067,122.62935,100302.29,1.6423606e-07,5.1919856
2019-01-19 12:00:00,-0.89401245,-3.7417908,59.765186,100999.14,9.622915e-06,3.0786722
2019-01-20 12:00:00,0.37460327,-9.139008,94.91924,101226.4,1.0162761e-05,2.0215893
2019-01-21 12:00:00,1.532898,-7.6614685,124.85701,102137.71,4.0272516e-07,2.7436793
2019-01-22 12:00:00,8.325287,-0.99508667,121.405754,102041.805,0.0,3.6909645
2019-01-23 12:00:00,11.236847,4.197113,102.13172,101835.2,0.0,2.302319
2019-01-24 12:00:00,10.7638855,5.9532166,24.015423,102034.695,3.1879263e-05,1.7604309
2019-01-25 12:00:00,9.756744,2.9447937,34.23039,100671.38,8.215963e-05,1.9998012
2019-01-26 12:00:00,2.798523,-6.2467346,130.50063,101050.305,1.3308404e-06,5.0755453
2019-01-27 12:00:00,4.431122,-3.4908752,129.60106,101560.65,0.0,3.2612712
2019-01-28 12:00:00,5.7084656,-0.13800049,114.66032,101900.055,2.5946479e-06,1.9690048
2019-01-29 12:00:00,2.5809326,-0.49212646,25.088957,101731.6,0.0005288614,5.414006
2019-01-30 12:00:00,1.9631042,-3.4352112,101.71007,99869.74,3.5677087e-05,4.007057
2019-01-31 12:00:00,-3.024353,-9.608276,136.92563,101313.22,2.1204205e-06,5.520001
2019-02-01 12:00:00,-9.617554,-15.619049,149.07243,103352.016,0.0,4.066783
2019-02-02 12:00:00,2.3797607,-15.893341,100.26967,102809.4,0.0,3.0667484
2019-02-03 12:00:00,7.252075,-7.5977783,144.7563,102020.1,0.0,2.4604979
2019-02-04 12:00:00,11.428986,3.8818665,109.84999,101259.305,0.0,3.677437
2019-02-05 12:00:00,9.365967,5.0517883,146.5712,100834.586,4.655128e-06,3.734575
2019-02-06 12:00:00,7.8719482,-1.7416687,148.92052,101740.49,1.1334398e-08,2.2751617
2019-02-07 12:00:00,10.954773,-1.5788574,145.1438,102055.37,0.0,2.8767757
2019-02-08 12:00:00,10.891235,1.3217773,132.17683,102510.945,0.0,0.29838157
2019-02-09 12:00:00,15.389099,5.0928955,31.137966,101795.15,0.00015669529,2.8911633
2019-02-10 12:00:00,13.1302185,6.1072693,60.68285,101910.41,7.951688e-05,3.6110933
2019-02-11 12:00:00,8.927856,6.7252197,19.685148,100690.77,0.00071674725,6.3707185
2019-02-12 12:00:00,9.407715,4.523407,162.6117,101280.77,5.0226152e-08,4.2751994
2019-02-13 12:00:00,6.2130127,-0.3663025,130.6013,101809.54,0.0,0.98931795
2019-02-14 12:00:00,13.171448,1.6247253,118.057594,100669.99,7.470914e-06,2.9560957
2019-02-15 12:00:00,4.757416,-2.2590332,167.77217,102277.59,0.0,2.2994652
2019-02-16 12:00:00,13.017883,0.68685913,21.161377,102375.69,0.00024699842,3.8822384
2019-02-17 12:00:00,16.538849,11.851257,22.141907,101400.57,0.00027449953,2.519457
2019-02-18 12:00:00,17.126373,10.328369,150.7793,100860.98,4.056028e-05,2.9480736
2019-02-19 12:00:00,11.230194,4.1167603,131.96103,100862.51,0.0,0.92453474
2019-02-20 12:00:00,8.238159,4.5470276,114.72453,100659.734,1.5782624e-06,2.4192722
2019-02-21 12:00:00,10.262665,-0.26385498,177.85321,101969.195,0.0,0.3761325
2019-02-22 12:00:00,14.77594,8.328247,156.15738,101918.35,5.378045e-07,3.4137363
2019-02-23 12:00:00,11.2854,6.721344,20.56639,101763.38,0.00025627037,3.9996307
2019-02-24 12:00:00,13.285767,6.5452576,16.927753,101122.125,0.00071758335,8.405177
2019-02-25 12:00:00,13.897095,12.866791,31.710735,99998.43,0.00026775565,2.716043
2019-02-26 12:00:00,13.286224,8.795715,166.33684,101060.14,7.136814e-07,1.6593012
2019-02-27 12:00:00,14.958557,9.121338,64.701836,100904.25,0.00010097417,3.7077672
2019-02-28 12:00:00,11.012878,3.304596,190.39513,101356.59,1.5526007e-07,2.617776
2019-03-01 12:00:00,9.110535,1.026825,156.07788,102050.836,1.3397711e-06,1.1777898
2019-03-02 12:00:00,6.753357,-1.223999,59.623882,99868.984,0.0006196392,7.4539666
2019-03-03 12:00:00,-1.3856201,-6.790222,190.30179,101545.664,5.1128995e-07,4.896589
2019-03-04 12:00:00,0.0793457,-8.472046,215.21703,101709.62,0.0,3.9775612
2019-03-05 12:00:00,5.9433594,-5.3521423,208.70212,101369.55,0.0,2.6889915
2019-03-06 12:00:00,7.700226,-5.2626038,213.47824,101027.33,0.0,1.2113838
2019-03-07 12:00:00,9.620026,-1.9301758,166.09634,100872.48,8.048011e-06,2.0100853
2019-03-08 12:00:00,8.2323,-2.0638733,220.5348,101663.07,9.741266e-07,2.076687
2019-03-09 12:00:00,11.573578,-0.016479492,216.13129,101452.55,9.479226e-10,3.5806253
2019-03-10 12:00:00,8.706207,-4.4832764,189.63988,100672.28,3.460126e-06,4.3083053
2019-03-11 12:00:00,1.437561,-5.262024,232.52628,102372.41,0.0,4.2247176
2019-03-12 12:00:00,13.662994,-1.1958008,204.90622,102166.12,3.7718462e-07,2.9361048
2019-03-13 12:00:00,15.640106,7.340149,172.34026,101456.77,0.0,3.3984478
2019-03-14 12:00:00,12.26532,5.1769104,161.02174,101042.16,1.4146074e-05,2.0900774
2019-03-15 12:00:00,10.135284,0.2185669,234.99556,101446.54,0.0,2.0571814
2019-03-16 12:00:00,16.470428,2.0751343,231.0847,101770.15,0.0,2.7369995
2019-03-17 12:00:00,18.22876,6.0823364,232.38396,101800.59,0.0,2.9464395
2019-03-18 12:00:00,15.981323,11.604248,58.968254,100789.13,0.000121693025,2.8801954
2019-03-19 12:00:00,14.84964,3.7548828,245.28891,100514.164,9.198062e-08,5.1042733
2019-03-20 12:00:00,8.019012,-0.41705322,163.73894,100805.234,4.3638734e-06,2.9527342
2019-03-21 12:00:00,12.46109,-1.3901367,229.0199,101017.625,5.4080857e-08,2.5829506
2019-03-22 12:00:00,20.594025,9.00705,201.85732,100375.51,1.852801e-05,3.7680833
2019-03-23 12:00:00,8.778778,0.89331055,181.59253,101386.445,1.9754913e-05,4.001344
2019-03-24 12:00:00,3.9503784,-3.348236,266.08093,102314.4,0.0,1.9961017
2019-03-25 12:00:00,13.677551,-0.6954956,193.01425,101899.984,0.0,4.054298
2019-03-26 12:00:00,15.026306,10.966705,240.83586,100623.125,0.0,5.0305376
2019-03-27 12:00:00,10.844971,3.1328125,268.8567,101611.484,1.3207822e-08,3.6607811
2019-03-28 12:00:00,10.7604065,-1.0976257,267.55127,102395.8,0.0,0.5101091
2019-03-29 12:00:00,20.871124,3.285614,256.5782,101839.26,0.0,3.0596702
2019-03-30 12:00:00,20.798004,15.215393,109.38737,100899.58,8.757967e-05,4.732748
2019-03-31 12:00:00,15.810181,12.427673,117.46516,100941.47,0.0004243148,0.7680975
2019-04-01 12:00:00,13.427734,8.06778,72.39519,102135.734,5.445948e-05,4.6075377
2019-04-02 12:00:00,20.572205,13.538971,111.87414,101193.086,3.505205e-05,5.195212
2019-04-03 12:00:00,19.349915,11.05603,271.1275,100556.77,1.0369228e-05,4.60423
2019-04-04 12:00:00,10.902985,4.5448303,161.41919,101377.77,2.1967056e-05,0.3508378
2019-04-05 12:00:00,13.926453,8.078735,262.95306,99960.93,5.922401e-05,1.8873969
2019-04-06 12:00:00,12.895691,5.6727295,281.95374,100684.31,0.0,3.0978518
2019-04-07 12:00:00,10.119995,2.5310974,243.55154,101530.64,0.0,2.687386
2019-04-08 12:00:00,14.0703125,7.9062805,205.08025,100245.66,0.00028260707,0.3961155
2019-04-09 12:00:00,13.065491,6.089264,215.80328,100691.01,6.839763e-06,3.583641
2019-04-10 12:00:00,13.872589,7.4463196,267.96725,101203.27,5.998449e-09,3.6640308
2019-04-11 12:00:00,8.41861,0.05340576,296.5268,103029.75,0.0,1.0382602
2019-04-12 12:00:00,11.814606,4.6621704,35.167557,101688.65,0.0006577545,1.3497611
2019-04-13 12:00:00,9.445862,4.9448547,246.66444,102004.52,0.00010754075,4.5862794
2019-04-14 12:00:00,10.886108,1.5003052,297.05743,102360.33,0.0,1.0226598
2019-04-15 12:00:00,14.448914,6.9670715,104.364204,101351.01,0.00013185178,2.5088992
2019-04-16 12:00:00,7.151581,0.5019226,312.35382,101832.61,3.237445e-05,4.6405687
2019-04-17 12:00:00,8.230377,-0.8553772,310.63885,102499.664,0.0,1.2831997
2019-04-18 12:00:00,14.390503,4.108032,171.902,102522.97,1.6935206e-06,3.3005738
2019-04-19 12:00:00,19.718323,12.839722,194.50151,102213.78,1.2871954e-05,2.6479745
2019-04-20 12:00:00,22.375305,11.2682495,298.8832,102096.34,7.637512e-10,1.5802922
2019-04-21 12:00:00,21.372864,13.30481,299.64505,101770.125,8.445392e-09,2.9798894
2019-04-22 12:00:00,20.888031,13.968475,228.8677,101104.305,2.5662248e-06,3.1227393
2019-04-23 12:00:00,17.818878,12.592285,158.18216,100919.85,3.496602e-05,2.4790838
2019-04-24 12:00:00,12.552124,7.3844604,180.06589,101271.03,3.339824e-06,2.5208275
2019-04-25 12:00:00,9.785828,3.9596558,269.25372,101955.03,3.502767e-09,3.223382
2019-04-26 12:00:00,12.350525,2.6506042,329.69067,102753.75,4.2748047e-10,2.9614174
2019-04-27 12:00:00,14.898285,3.7434998,317.71146,102673.09,0.0,2.2232206
2019-04-28 12:00:00,16.774689,7.6042786,299.98862,101801.81,0.0,1.3051273
2019-04-29 12:00:00,17.263855,4.8039856,289.23535,101449.44,0.0,1.1097195
2019-04-30 12:00:00,17.42038,9.84906,178.27046,101338.36,1.0615142e-05,0.6381854
2019-05-01 12:00:00,18.060486,11.293213,201.47177,101745.125,4.8183367e-05,1.4098135
2019-05-02 12:00:00,17.850586,9.799622,325.51736,101981.1,2.9898422e-06,1.81196
2019-05-03 12:00:00,16.902405,9.106873,175.39859,101634.13,1.8733567e-06,1.8989819
2019-05-04 12:00:00,16.804382,13.437256,73.91036,101029.01,0.00014293774,3.3639374
2019-05-05 12:00:00,15.750122,14.024994,50.376156,100341.6,0.0015597867,3.9210572
2019-05-06 12:00:00,15.64267,12.694183,94.273224,100370.36,0.00011418981,2.070893
2019-05-07 12:00:00,17.871368,11.126862,154.37544,100770.93,0.00017896917,1.2154249
2019-05-08 12:00:00,20.508087,15.783142,194.46909,101019.89,0.00064456393,4.628733
2019-05-09 12:00:00,17.661682,15.111145,78.18404,101532.88,0.00016804897,0.8624109
2019-05-10 12:00:00,20.941345,13.69223,203.25154,101886.51,7.898188e-06,1.5065418
2019-05-11 12:00:00,19.751404,16.221313,172.4621,101727.91,2.4064824e-05,1.0868945
2019-05-12 12:00:00,19.53595,15.981659,107.3102,101608.38,8.8550936e-05,1.1234555
2019-05-13 12:00:00,21.42334,14.983978,224.88428,101780.57,1.7130839e-06,1.108178
2019-05-14 12:00:00,18.14569,15.226776,102.28144,101905.37,7.595846e-05,2.7368834
2019-05-15 12:00:00,16.114899,11.459595,341.8808,102203.91,1.297005e-05,2.5993662
2019-05-16 12:00:00,18.636658,9.037018,348.88394,101833.95,0.0,1.2916121
2019-05-17 12:00:00,20.47409,10.3974,345.9033,101528.26,0.0,0.91021025
2019-05-18 12:00:00,20.973907,11.416992,352.2808,101246.71,0.0,3.0060635
2019-05-19 12:00:00,19.858093,13.737549,140.47433,100896.516,8.753691e-06,2.7823036
2019-05-20 12:00:00,22.628143,17.270142,211.7563,100790.43,1.2106364e-05,1.2257434
2019-05-21 12:00:00,23.691101,17.815704,312.82266,101247.32,1.1336058e-05,2.1628845
2019-05-22 12:00:00,20.359009,12.568054,330.82785,102497.19,1.313716e-08,2.205
2019-05-23 12:00:00,20.923767,10.308136,352.69107,102686.67,0.0,1.8285854
2019-05-24 12:00:00,27.285553,15.106476,345.1187,101914.75,0.0,3.8370118
2019-05-25 12:00:00,30.239685,20.091827,286.60153,101527.86,0.00013979885,2.3189487
2019-05-26 12:00:00,24.008545,16.40744,272.34534,101772.1,3.3840658e-06,1.0940727
2019-05-27 12:00:00,22.23877,16.647308,118.15651,101650.23,4.9877326e-05,2.2934184
2019-05-28 12:00:00,19.91455,15.535492,96.04746,101599.32,0.00027111915,2.334212
2019-05-29 12:00:00,28.80545,19.10028,298.03763,100562.37,9.631972e-05,1.8557956
2019-05-30 12:00:00,22.109833,16.8591,164.26097,101224.984,1.1254527e-05,1.4626992
2019-05-31 12:00:00,23.38556,13.766022,345.70175,101517.33,0.0,2.2671642
2019-06-01 12:00:00,21.813904,16.345856,90.26579,100889.52,9.52369e-05,2.0601542
2019-06-02 12:00:00,26.210144,17.03476,301.37668,100808.91,0.00011825411,1.1336341
2019-06-03 12:00:00,24.186554,17.29776,284.63644,101239.164,1.1802675e-05,0.30449724
2019-06-04 12:00:00,25.490509,17.162628,326.93228,101499.9,3.7192128e-06,0.50947034
2019-06-05 12:00:00,26.190369,18.962036,282.60977,100899.99,2.4492407e-05,3.6084116
2019-06-06 12:00:00,22.59613,15.768677,87.24944,99892.766,0.00023866548,2.9528356
2019-06-07 12:00:00,17.541626,8.246216,363.3129,101667.92,0.0,3.371935
2019-06-08 12:00:00,20.892883,10.456177,364.32968,102119.81,0.0,1.6853802
2019-06-09 12:00:00,24.7182,13.122559,356.35324,101616.0,0.0,3.2785144
2019-06-10 12:00:00,26.715118,16.499817,264.56253,100982.484,1.0996139e-05,1.7177898
2019-06-11 12:00:00,25.73526,18.280518,262.31567,100915.59,1.73595e-05,1.8688178
2019-06-12 12:00:00,25.761444,17.699371,324.53152,100884.28,2.9472922e-06,1.0186614
2019-06-13 12:00:00,21.595093,14.800537,355.36728,101205.695,3.6766465e-05,3.620086
2019-06-14 12:00:00,24.044952,13.416504,305.97565,101572.46,0.0,3.1306646
2019-06-15 12:00:00,26.040833,14.090973,331.79224,102204.75,6.9386175e-07,1.2672459
2019-06-16 12:00:00,31.115265,16.999878,356.5539,102062.766,0.0,2.3411279
2019-06-17 12:00:00,32.64328,18.659912,361.12637,101315.43,0.0,2.993598
2019-06-18 12:00:00,32.762634,21.32663,324.55295,100483.81,1.8329021e-05,2.4964912
2019-06-19 12:00:00,23.716736,14.788422,341.92496,100738.28,0.00020938006,2.6932647
2019-06-20 12:00:00,23.33368,13.619019,355.294,101441.85,0.0,2.5037055
2019-06-21 12:00:00,26.657654,15.383942,314.0956,101610.01,0.0,1.8482153
2019-06-22 12:00:00,32.053986,18.156433,357.288,101090.12,0.0,2.760352
2019-06-23 12:00:00,29.611115,20.348755,225.57399,100528.695,3.931941e-05,2.0698898
2019-06-24 12:00:00,27.712128,18.668762,355.82245,100580.59,1.1541973e-08,3.159715
2019-06-25 12:00:00,27.717346,17.591064,295.53055,100908.03,0.0,2.429336
2019-06-26 12:00:00,28.880646,19.430176,333.2334,100900.43,0.0,1.6684339
2019-06-27 12:00:00,29.08017,18.810059,324.19406,101130.73,0.0,0.6070259
2019-06-28 12:00:00,26.801636,19.840149,133.6726,101367.68,2.4328676e-06,1.800669
2019-06-29 12:00:00,24.060883,18.240173,162.95914,101370.555,9.663476e-05,1.2575809
2019-06-30 12:00:00,30.685822,17.185608,351.5913,101252.93,1.2263643e-08,2.2006745
2019-07-01 12:00:00,32.907166,20.057037,336.5206,101151.9,0.0,2.8096383
2019-07-02 12:00:00,30.325134,22.061005,169.4717,101527.375,0.0,2.335393
2019-07-03 12:00:00,26.894836,18.695557,227.14326,101880.63,2.183602e-07,2.2232852
2019-07-04 12:00:00,32.108368,22.20337,248.59447,101588.04,1.14119375e-05,3.743865
2019-07-05 12:00:00,30.819824,22.351227,241.59207,101566.984,5.4833166e-05,1.5639321
2019-07-06 12:00:00,29.252716,20.426056,302.51724,101458.805,1.3649561e-06,1.1202894
2019-07-07 12:00:00,30.961548,20.795013,314.74066,101175.36,6.5782675e-05,2.1357033
2019-07-08 12:00:00,32.81601,23.415466,288.40353,100685.914,1.4132865e-05,2.955429
2019-07-09 12:00:00,32.32846,23.157074,333.14154,100727.83,7.3806325e-05,1.4592922
2019-07-10 12:00:00,35.815094,23.029175,329.85602,100730.96,2.3427503e-07,1.993761
2019-07-11 12:00:00,34.331787,21.910217,341.26453,101037.93,7.9120626e-05,0.7797754
2019-07-12 12:00:00,30.07373,23.728638,248.3704,100856.75,0.00012736247,2.2518523
2019-07-13 12:00:00,28.257874,22.642548,236.9822,100713.36,6.8144065e-05,1.0774438
2019-07-14 12:00:00,30.272217,21.443512,302.75443,100908.85,6.1576793e-07,1.474917
2019-07-15 12:00:00,30.56314,20.026184,341.3172,101384.09,0.0,1.132419
2019-07-16 12:00:00,32.895233,20.941345,337.36047,101508.58,0.0,2.9357705
2019-07-17 12:00:00,36.29367,25.84729,326.59167,101150.43,3.2794678e-06,3.1322315
2019-07-18 12:00:00,38.539673,25.982697,327.7418,101147.12,3.20383e-05,0.57810295
2019-07-19 12:00:00,36.617523,25.980164,258.6014,101161.36,2.581368e-06,1.0188247
2019-07-20 12:00:00,34.665527,25.528168,242.78212,101155.41,6.63756e-05,1.0159528
2019-07-21 12:00:00,32.560333,23.995972,279.76843,100984.98,7.046758e-05,2.7257247
2019-07-22 12:00:00,31.414368,26.306915,295.7178,101154.99,0.0,1.5479051
2019-07-23 12:00:00,28.265472,19.90747,233.2394,101902.15,0.0,2.3966484
2019-07-24 12:00:00,29.518677,19.683868,335.18155,101821.41,0.0,1.7978075
2019-07-25 12:00:00,29.968048,19.863892,340.28442,102002.12,0.0,1.9031557
2019-07-26 12:00:00,30.328278,19.190948,305.6815,102160.17,0.0,2.2515388
2019-07-27 12:00:00,33.557953,22.7258,303.3453,101791.05,3.132626e-06,3.7163553
2019-07-28 12:00:00,35.685028,27.380524,316.94028,101057.65,3.138093e-07,3.435218
2019-07-29 12:00:00,31.36444,21.94931,233.51073,101348.1,0.0,1.7097371
2019-07-30 12:00:00,38.820282,26.69342,273.74713,100630.23,3.467341e-05,3.1643898
2019-07-31 12:00:00,29.111115,21.600769,333.0995,100981.98,3.3648926e-06,2.4987261
2019-08-01 12:00:00,28.407104,19.542816,275.45682,101490.33,0.0,2.399147
2019-08-02 12:00:00,29.62918,18.07611,325.10416,101672.805,0.0,1.9559582
2019-08-03 12:00:00,30.768768,19.847626,283.3206,101802.34,4.0789403e-09,1.45392
2019-08-04 12:00:00,27.562866,19.3591,303.80746,101676.96,1.1154295e-06,2.1210625
2019-08-05 12:00:00,27.072357,17.822205,317.28766,101275.39,3.818756e-10,2.1573749
2019-08-06 12:00:00,27.204956,21.013306,172.02385,100818.79,4.4998694e-07,1.3442032
2019-08-07 12:00:00,28.728088,20.45935,231.9686,100869.65,4.8337213e-05,2.4935353
2019-08-08 12:00:00,33.311768,22.543518,209.66335,100437.37,7.753924e-05,2.4619513
2019-08-09 12:00:00,27.137146,20.019562,301.2007,100533.58,2.3157358e-05,2.7971401
2019-08-10 12:00:00,28.293,17.97821,312.09665,101205.96,0.0,2.355
2019-08-11 12:00:00,29.525482,19.588898,268.6402,101835.48,9.995528e-08,1.4495846
2019-08-12 12:00:00,29.186462,19.391876,246.76865,102149.92,3.1429306e-07,1.2963177
2019-08-13 12:00:00,29.5401,21.677612,210.81316,102042.836,0.0,2.1693997
2019-08-14 12:00:00,30.801147,19.182312,288.4006,101741.125,0.0,0.850128
2019-08-15 12:00:00,29.91983,19.664978,301.478,101780.49,3.550373e-09,1.9961284
2019-08-16 12:00:00,30.435822,22.838318,260.74313,101962.8,4.1265776e-06,2.038951
2019-08-17 12:00:00,34.208862,22.814209,295.7301,101596.73,4.576986e-06,2.3330724
2019-08-18 12:00:00,30.600647,23.848297,175.86151,101231.3,1.9835734e-05,0.97256285
2019-08-19 12:00:00,28.116638,22.156708,168.15306,101429.195,1.250934e-05,1.2944173
2019-08-20 12:00:00,28.920868,19.862488,298.66956,101683.75,4.5168114e-09,1.8828834
2019-08-21 12:00:00,30.029907,18.826508,293.88824,101552.52,0.0,2.688495
2019-08-22 12:00:00,30.903534,22.194672,216.43375,100993.32,0.00020995896,2.6744153
2019-08-23 12:00:00,26.561218,21.742828,138.72844,100629.33,5.563285e-05,1.3777387
2019-08-24 12:00:00,28.300812,22.522675,265.2049,100689.05,0.0,0.49281415
2019-08-25 12:00:00,28.636475,21.553009,283.28018,101039.42,0.0,1.489289
2019-08-26 12:00:00,30.410309,20.92517,281.25613,101208.14,0.0,1.6862519
2019-08-27 12:00:00,32.466034,22.79004,275.78192,100950.625,0.0,1.4360687
2019-08-28 12:00:00,28.888245,20.281647,244.48453,101495.42,0.0,2.1793036
2019-08-29 12:00:00,24.503723,21.659607,68.91084,100550.53,0.00017229797,1.5531226
2019-08-30 12:00:00,24.018738,19.556793,211.17905,100897.96,8.753541e-07,1.7538723
2019-08-31 12:00:00,24.250488,14.619965,283.33167,101525.266,0.0,0.8376454
2019-09-01 12:00:00,29.011719,15.594147,279.56833,101614.63,0.0,2.0776474
2019-09-02 12:00:00,27.032501,19.056702,215.18901,101873.48,5.6543897e-05,1.209109
2019-09-03 12:00:00,22.943481,17.889832,134.80763,102159.914,0.00014357622,1.3476948
2019-09-04 12:00:00,28.916595,20.05133,262.80066,101771.89,2.3763675e-06,3.4627318
2019-09-05 12:00:00,31.816956,21.737885,259.2836,101411.02,0.0,3.4128802
2019-09-06 12:00:00,32.672638,24.23581,251.71928,101323.42,0.0,2.9930341
2019-09-07 12:00:00,33.153534,23.373993,232.33429,100823.45,0.000149495,2.439171
2019-09-08 12:00:00,23.387848,16.276306,216.54353,101172.48,9.47683e-05,3.7205245
2019-09-09 12:00:00,22.503632,14.64859,257.5811,101420.14,0.0,1.1537921
2019-09-10 12:00:00,27.675781,17.673828,252.41353,101196.13,4.4914727e-06,1.6083695
2019-09-11 12:00:00,22.656464,15.817535,261.0101,102069.94,6.247666e-07,2.7700813
2019-09-12 12:00:00,24.895721,14.05072,202.55904,102404.49,0.0,2.348209
2019-09-13 12:00:00,26.479797,19.415527,99.2865,101957.09,4.516794e-05,3.1931818
2019-09-14 12:00:00,24.418457,19.259125,184.29858,101281.33,0.00017885468,2.104557
2019-09-15 12:00:00,23.425873,15.126465,249.80458,101454.52,0.0,2.2237601
2019-09-16 12:00:00,25.875854,14.612854,244.78767,101568.6,0.0,1.8320096
2019-09-17 12:00:00,28.071503,17.512024,228.69809,101120.92,0.0,3.0045419
2019-09-18 12:00:00,24.716797,13.010284,257.6041,102090.2,0.0,4.381677
2019-09-19 12:00:00,20.061249,8.761658,250.06075,102954.09,0.0,1.348247
2019-09-20 12:00:00,23.358002,13.764679,82.86674,102358.445,0.00010940857,2.0029635
2019-09-21 12:00:00,23.240051,18.839539,220.87451,101099.75,0.00018941375,1.7411246
2019-09-22 12:00:00,26.703217,18.761414,235.1349,100255.23,0.0,3.2934067
2019-09-23 12:00:00,21.143768,14.219086,235.8932,100964.484,0.0,3.302316
2019-09-24 12:00:00,18.444,12.039246,234.12529,101890.625,0.0,2.8866932
2019-09-25 12:00:00,20.553192,9.23587,234.55626,102450.34,0.0,1.6038731
2019-09-26 12:00:00,22.633636,11.15387,156.52347,101978.54,1.5729734e-07,1.5283337
2019-09-27 12:00:00,26.31427,15.261353,218.47678,101355.664,0.0,1.4693059
2019-09-28 12:00:00,25.362976,15.603485,186.45164,101292.484,0.0,2.5077925
2019-09-29 12:00:00,24.165192,13.059937,223.39688,101253.07,0.0,2.9682298
2019-09-30 12:00:00,23.40152,14.3255005,211.54378,101042.56,0.0,3.5085099
2019-10-01 12:00:00,20.770813,17.008636,36.046764,100760.87,0.0004528766,4.8796997
2019-10-02 12:00:00,20.912842,18.10791,72.1838,100236.5,8.395816e-05,5.7568765
2019-10-03 12:00:00,19.272644,16.04007,76.37753,100570.55,1.0174937e-05,4.843758
2019-10-04 12:00:00,19.869171,11.903229,206.99234,101051.79,0.0,3.277294
2019-10-05 12:00:00,21.350464,11.065552,210.59743,100868.48,0.0,2.752083
2019-10-06 12:00:00,20.222687,14.047943,176.99649,100515.47,0.0,1.605171
2019-10-07 12:00:00,21.031616,9.726593,204.77397,101123.82,0.0,2.2407444
2019-10-08 12:00:00,20.66623,11.953674,200.81012,101985.914,0.0,1.0697078
2019-10-09 12:00:00,23.66269,12.313019,162.08888,101906.79,0.0,1.3831737
2019-10-10 12:00:00,24.194244,18.070953,131.895,100886.95,1.7614577e-06,2.6390429
2019-10-11 12:00:00,17.873627,11.79068,183.72412,101180.57,8.059298e-08,4.8277507
2019-10-12 12:00:00,12.28479,6.6445007,179.0046,101404.58,9.9172425e-08,3.7359262
2019-10-13 12:00:00,10.592041,4.089325,175.59416,101007.27,8.660585e-07,3.609923
2019-10-14 12:00:00,13.60257,2.8388367,193.85635,100615.21,0.0,2.670378
2019-10-15 12:00:00,19.824951,5.1077576,141.75832,100471.76,0.0,3.0229616
2019-10-16 12:00:00,24.364044,15.539032,123.52851,100559.44,1.582813e-06,2.8553677
2019-10-17 12:00:00,22.147034,17.678925,69.66245,101197.945,3.642826e-05,2.8871424
2019-10-18 12:00:00,23.36148,19.568604,105.84479,100400.35,0.00085070246,5.363425
2019-10-19 12:00:00,19.564209,11.400909,176.4655,102159.47,1.4028086e-05,2.6598237
2019-10-20 12:00:00,16.974396,9.25235,176.41191,102951.11,0.0,1.0758132
2019-10-21 12:00:00,18.563904,10.226379,135.84305,102307.5,0.0,1.1937622
2019-10-22 12:00:00,14.776581,7.3594666,173.16716,102462.83,0.0,2.0021262
2019-10-23 12:00:00,16.530243,7.432953,128.36844,101343.1,0.0,1.6866273
2019-10-24 12:00:00,13.3012085,8.188751,164.17361,99987.33,7.782967e-05,4.1178284
2019-10-25 12:00:00,14.049042,9.431091,160.71312,100261.04,6.6211305e-07,4.512426
2019-10-26 12:00:00,12.909729,6.2437744,156.6946,100943.42,1.366615e-07,2.8440175
2019-10-27 12:00:00,13.004395,5.182831,134.91385,101616.28,3.2331213e-06,2.5206463
2019-10-28 12:00:00,19.721405,12.433868,23.801973,100544.0,0.001176267,6.3298626
2019-10-29 12:00:00,18.383453,10.487122,159.12495,101497.81,0.0,4.456569
2019-10-30 12:00:00,11.739532,5.538666,155.42111,102172.09,0.0,3.2240288
2019-10-31 12:00:00,13.814789,4.4785156,151.51768,101292.61,0.0,2.3457255
2019-11-01 12:00:00,13.313629,9.530212,118.06971,99969.375,3.549712e-05,3.7016935
2019-11-02 12:00:00,10.835815,6.0414734,146.08243,100438.05,5.1865914e-07,3.9032333
2019-11-03 12:00:00,12.949127,6.28714,123.645164,100637.32,2.1147882e-08,3.4553
2019-11-04 12:00:00,11.077515,4.9911194,147.8849,101007.18,0.0,2.7719107
2019-11-05 12:00:00,12.823395,2.7022095,111.90037,101796.82,0.0,0.20349263
2019-11-06 12:00:00,14.526672,9.179657,116.86925,101394.79,7.729627e-07,1.9760059
2019-11-07 12:00:00,11.962006,6.0570374,141.72197,101918.88,2.7955834e-06,3.2999735
2019-11-08 12:00:00,16.149994,4.706787,104.22906,101467.17,0.0,2.6951108
2019-11-09 12:00:00,17.398438,6.9434204,63.871098,99853.85,0.00013564483,2.0291762
2019-11-10 12:00:00,6.808655,1.5,90.99153,100760.55,0.0,2.7818258
2019-11-11 12:00:00,9.667816,3.7332458,134.77708,101090.48,3.149483e-06,3.525901
2019-11-12 12:00:00,11.581604,1.9787903,59.728737,101621.484,5.0437814e-07,2.284033
2019-11-13 12:00:00,9.853302,5.0188293,134.34079,101530.22,3.482451e-06,3.7711763
2019-11-14 12:00:00,9.324921,0.89782715,130.31804,102682.125,0.0,2.3056612
2019-11-15 12:00:00,15.015778,3.7037659,53.126804,102270.516,5.0446583e-06,2.801776
2019-11-16 12:00:00,18.910645,14.814697,13.164531,100803.53,0.0003974102,4.170618
2019-11-17 12:00:00,15.932556,10.194519,68.09805,100472.29,2.6240481e-05,1.3680166
2019-11-18 12:00:00,13.235352,7.675171,111.39188,99654.93,4.9892453e-05,6.9777856
2019-11-19 12:00:00,9.772583,4.8591614,114.25151,101360.36,0.0,2.7981122
2019-11-20 12:00:00,9.434235,5.6907654,101.49159,101276.836,1.4818068e-05,1.9173912
2019-11-21 12:00:00,10.495026,3.0708618,92.148895,101601.07,1.5567865e-08,1.4782263
2019-11-22 12:00:00,9.724976,5.140442,95.88925,101227.18,6.0069706e-06,2.811378
2019-11-23 12:00:00,9.771942,1.9632874,119.10079,102028.234,0.0,2.2940607
2019-11-24 12:00:00,7.6057434,5.631073,43.069736,101492.39,0.000107259075,2.4340193
2019-11-25 12:00:00,6.664673,1.3377686,118.239624,101864.02,0.0,3.8288674
2019-11-26 12:00:00,7.57843,2.705536,16.252838,100926.914,0.00020601034,0.9267077
2019-11-27 12:00:00,5.398712,-0.11968994,98.84573,100144.98,1.5845121e-07,2.8857667
2019-11-28 12:00:00,3.7218933,-1.158905,116.45537,100036.26,0.0,3.109704
2019-11-29 12:00:00,4.2537537,-2.8345642,112.535645,100974.73,0.0,2.0988557
2019-11-30 12:00:00,5.471222,-1.7624512,104.70054,101908.3,6.563061e-07,1.2210214
2019-12-01 12:00:00,7.999115,2.9895935,51.602512,101080.23,8.161566e-05,2.298819
2019-12-02 12:00:00,7.8938293,4.355133,111.40407,101155.555,4.1016825e-09,5.4164004
2019-12-03 12:00:00,5.5914917,2.185028,76.63893,101144.914,0.0,4.062717
2019-12-04 12:00:00,2.8444824,-2.754181,108.012505,101209.32,7.6505136e-10,2.943556
2019-12-05 12:00:00,1.8126831,-1.5376282,64.037544,100709.66,3.0319996e-05,1.5192959
2019-12-06 12:00:00,3.8684692,-4.4653015,106.43693,100884.09,5.2242584e-08,2.695514
2019-12-07 12:00:00,5.5111084,-6.2809143,105.328026,101572.03,0.0,2.200021
2019-12-08 12:00:00,6.6156616,-2.7210693,55.00909,101720.53,0.0,0.47759685
2019-12-09 12:00:00,3.2843933,-4.4037476,81.23542,101710.945,7.101713e-06,3.4041955
2019-12-10 12:00:00,0.46307373,-5.948761,101.63436,102565.74,4.7252547e-07,3.7799854
2019-12-11 12:00:00,4.2972717,-5.84964,102.46845,102511.56,0.0,3.7479117
2019-12-12 12:00:00,7.6171265,-1.1982422,101.44975,102860.875,0.0,1.7087722
2019-12-13 12:00:00,9.423065,-0.5687256,81.41454,102938.01,1.8539675e-06,1.0161388
2019-12-14 12:00:00,11.462402,0.46292114,74.95012,102335.39,1.1676908e-06,1.2367198
2019-12-15 12:00:00,10.063751,2.6134338,30.347233,100867.78,2.3550347e-05,1.1206768
2019-12-16 12:00:00,9.491791,2.1548462,103.50502,100893.33,2.0256953e-06,3.882837
2019-12-17 12:00:00,4.4197693,-2.1094666,23.50728,101802.51,0.00019388368,2.070706
2019-12-18 12:00:00,7.8170166,2.7785034,44.122375,100533.375,0.00013365349,2.648997
2019-12-19 12:00:00,8.630798,1.3101501,100.67546,100427.305,4.9929462e-05,4.0074043
2019-12-20 12:00:00,1.7964478,-4.480133,56.126034,101682.016,2.470819e-06,1.3911524
2019-12-21 12:00:00,0.34353638,-7.2021484,101.67595,100585.25,6.1002636e-05,5.026501
2019-12-22 12:00:00,-3.6304016,-11.891632,105.61356,101773.0,0.0,3.1931288
2019-12-23 12:00:00,-0.8729553,-10.86441,104.921616,101996.6,0.0,1.6412674
2019-12-24 12:00:00,2.8319092,-8.997284,62.42346,101652.664,1.1014309e-06,2.3611805
2019-12-25 12:00:00,1.6390991,-0.57247925,40.3099,99952.51,9.7606426e-05,2.9697762
2019-12-26 12:00:00,2.7829895,-1.5609741,92.13468,100376.93,1.6703595e-08,4.2672515
2019-12-27 12:00:00,1.1583557,-4.838684,86.64093,102027.18,0.0,2.983822
2019-12-28 12:00:00,8.428101,-2.5539856,90.989105,102078.05,0.0,2.2823973
2019-12-29 12:00:00,7.1469727,-1.8709106,100.11305,102715.45,0.0,2.3528233
2019-12-30 12:00:00,16.956055,-1.2933044,9.551686,101571.66,0.0004855708,3.9813523
2019-12-31 12:00:00,16.737213,3.2125244,103.03894,100366.305,2.8539082e-05,4.875391
2020-01-01 12:00:00,3.1776733,-2.7262878,106.55156,102075.93,0.0,4.076854
2020-01-02 12:00:00,3.870636,-6.7970276,106.842735,103062.625,1.954311e-07,1.3401246
2020-01-03 12:00:00,14.893799,3.5977173,9.275122,100890.12,0.00041189344,3.9035501
2020-01-04 12:00:00,12.955872,2.6949158,105.27452,100611.42,0.0,3.3268988
2020-01-05 12:00:00,3.041748,-2.3341064,97.216125,101101.414,7.1308154e-10,2.8436582
2020-01-06 12:00:00,4.791565,-2.1101685,107.51202,101771.99,0.0,2.4176135
2020-01-07 12:00:00,5.208496,-1.2569885,36.745895,101335.7,0.00016391357,0.43987107
2020-01-08 12:00:00,4.560211,-0.12145996,111.42128,100276.484,0.00015264124,3.8704097
2020-01-09 12:00:00,3.56958,-1.5810547,110.29054,101103.78,1.8966003e-07,3.3233652
2020-01-10 12:00:00,9.145782,-1.4315796,66.66334,102088.52,3.4669944e-07,1.727731
2020-01-11 12:00:00,10.809387,5.9506226,111.50652,101708.805,1.9036237e-05,3.9850078
2020-01-12 12:00:00,9.530457,0.6920471,81.33659,102223.234,7.401945e-06,0.70140386
2020-01-13 12:00:00,18.175415,8.189026,29.929138,100318.02,0.00022853639,2.4108856
2020-01-14 12:00:00,11.787659,1.4676208,105.73423,100627.445,2.1226443e-08,5.385371
2020-01-15 12:00:00,3.6936035,-0.93167114,117.971214,101484.766,0.0,4.36983
2020-01-16 12:00:00,3.0111084,-1.511383,119.04409,102030.25,0.0,3.19027
2020-01-17 12:00:00,4.505768,-1.7439575,110.542725,102347.13,0.0,1.3202075
2020-01-18 12:00:00,7.2530212,2.2775574,57.384056,100878.9,0.00019370223,2.1896875
2020-01-19 12:00:00,5.4594727,0.5305786,119.89586,101513.4,8.547697e-08,4.20214
2020-01-20 12:00:00,2.630951,-2.7177124,103.82111,102281.01,1.1321604e-06,1.120226
2020-01-21 12:00:00,2.1070862,-4.9249268,125.61488,101592.445,5.817472e-05,2.5451643
2020-01-22 12:00:00,1.1799927,-9.251892,128.00812,101382.17,6.573363e-09,3.0894113
2020-01-23 12:00:00,3.5853577,-8.739868,112.37259,101182.58,8.496204e-06,0.8913389
2020-01-24 12:00:00,1.9096069,-1.3234253,40.981693,99289.83,0.00041260317,5.538194
2020-01-25 12:00:00,-1.3641357,-6.657379,136.68568,101453.195,6.226547e-06,5.2187157
2020-01-26 12:00:00,1.2705994,-11.538361,68.71865,102659.336,1.2599578e-05,1.2046072
2020-01-27 12:00:00,1.2320557,-3.0679321,134.23363,101464.16,0.00018966592,3.2334056
2020-01-28 12:00:00,-0.90774536,-6.6467896,137.79614,101617.62,1.6374047e-08,3.819021
2020-01-29 12:00:00,-2.3737793,-6.835541,88.58906,101095.164,1.0889058e-06,4.6171865
2020-01-30 12:00:00,-2.7284546,-6.4523315,135.09856,101812.484,2.2731015e-06,3.4203942
2020-01-31 12:00:00,0.8943176,-10.575928,125.986755,101966.98,0.0,2.6657805
2020-02-01 12:00:00,5.685791,-4.416565,127.471,101951.83,0.0,2.3003602
2020-02-02 12:00:00,8.655304,-2.342743,142.34587,101781.29,1.8509591e-10,3.12618
2020-02-03 12:00:00,11.762909,4.6795654,141.20058,101122.93,1.5570777e-08,3.1095264
2020-02-04 12:00:00,4.7240906,-4.879547,152.73744,102367.71,0.0,2.736363
2020-02-05 12:00:00,14.065277,-5.057068,37.409603,101719.24,1.6011627e-05,4.299741
2020-02-06 12:00:00,14.59137,7.0416565,80.221794,100757.4,6.602132e-05,3.8711133
2020-02-07 12:00:00,6.912262,1.4775391,33.43522,100876.48,9.6824006e-05,1.408614
2020-02-08 12:00:00,4.7416687,-0.018035889,151.09666,100941.02,5.989735e-07,3.4958904
2020-02-09 12:00:00,0.35455322,-3.505005,146.90967,102064.7,5.070358e-09,4.132327
2020-02-10 12:00:00,-1.3076477,-4.1825867,164.24347,102994.086,2.0525741e-07,4.6241097
2020-02-11 12:00:00,5.887451,-5.225952,132.84189,102788.65,3.6575676e-10,3.8679552
2020-02-12 12:00:00,4.0253296,-1.1781311,132.41989,102804.02,2.6634077e-06,2.342411
2020-02-13 12:00:00,6.159668,-4.9887085,100.268,103724.234,8.017513e-06,3.1211038
2020-02-14 12:00:00,14.858307,6.236847,125.49446,102754.07,1.5772843e-05,2.6040728
2020-02-15 12:00:00,11.320587,5.517395,93.07509,102131.195,2.6225496e-06,1.505813
2020-02-16 12:00:00,7.7995605,3.3910828,83.5906,102055.53,1.2283494e-06,4.665727
2020-02-17 12:00:00,5.55777,2.575592,66.376686,101255.87,9.516839e-06,5.1023736
2020-02-18 12:00:00,5.4948425,2.5849,128.03445,101152.71,1.4381787e-06,4.528498
2020-02-19 12:00:00,5.537964,-2.4449463,144.57686,101543.33,0.0,1.8572736
2020-02-20 12:00:00,6.734375,-1.7687378,171.58577,101606.164,0.0,1.1186379
2020-02-21 12:00:00,12.196686,1.3512573,68.91648,101499.11,2.699215e-07,1.1003025
2020-02-22 12:00:00,9.882202,-0.6646118,179.0898,101692.17,8.9375726e-07,3.0004404
2020-02-23 12:00:00,2.887207,-4.3904114,191.23456,103586.32,1.976064e-07,2.4980679
2020-02-24 12:00:00,11.647156,0.2927246,128.52104,102919.93,2.1084952e-06,1.3731617
2020-02-25 12:00:00,19.376099,8.740814,178.73093,102218.21,7.800606e-07,3.6364982
2020-02-26 12:00:00,20.557465,14.055389,166.77214,102090.766,1.3270918e-08,2.4963996
2020-02-27 12:00:00,18.450653,11.200928,135.62738,102565.74,1.6925274e-05,1.4466676
2020-02-28 12:00:00,19.45456,13.199951,149.96074,103007.44,1.1044537e-05,2.17175
2020-02-29 12:00:00,,,,,,
2020-03-01 12:00:00,18.335114,10.851166,84.430626,102693.49,8.097665e-06,2.1721103
2020-03-02 12:00:00,19.33783,14.651123,107.90981,101983.29,5.337288e-06,3.371311
2020-03-03 12:00:00,17.623047,14.634949,41.913036,101593.7,9.939402e-05,1.8570548
2020-03-04 12:00:00,17.558624,12.740021,26.049479,100208.625,0.00042703422,4.7050743
2020-03-05 12:00:00,12.590332,4.7810974,202.12254,100760.66,0.0,2.8274267
2020-03-06 12:00:00,9.267517,3.9378662,210.52419,102190.37,3.2631522e-08,0.49016413
2020-03-07 12:00:00,14.660248,3.481659,75.1215,102694.96,1.4017468e-05,3.234307
2020-03-08 12:00:00,16.965332,14.454407,36.673763,101526.055,0.00045423003,5.4355555
2020-03-09 12:00:00,17.219727,11.944031,190.80344,101160.016,7.583649e-05,1.2930833
2020-03-10 12:00:00,15.315552,11.163879,102.11203,100682.836,2.3437686e-05,2.38739
2020-03-11 12:00:00,15.347839,12.478943,87.26943,100426.05,9.716866e-05,1.2064114
2020-03-12 12:00:00,16.864624,14.625702,72.79433,100044.24,3.1743668e-05,2.3712502
2020-03-13 12:00:00,14.6319275,4.3635254,162.66444,100141.484,1.8432445e-05,4.148928
2020-03-14 12:00:00,7.569397,-0.2803955,230.74857,101383.43,2.3863937e-09,2.1423311
2020-03-15 12:00:00,11.191742,1.8398438,92.10377,101027.2,8.435191e-05,1.8694485
2020-03-16 12:00:00,11.945221,5.7233276,214.58513,99090.9,0.00018943775,4.6349516
2020-03-17 12:00:00,7.449188,3.253662,236.07079,100645.234,7.899515e-08,4.179712
2020-03-18 12:00:00,11.806122,1.6199036,71.01875,101297.98,0.00011766963,0.7736478
2020-03-19 12:00:00,14.355194,7.2603455,111.04843,99965.25,0.0003758727,1.962643
2020-03-20 12:00:00,10.47522,0.44378662,89.04881,100546.37,8.369529e-05,2.5702546
2020-03-21 12:00:00,5.447998,-1.5974121,252.70355,102460.086,3.607364e-08,3.7663152
2020-03-22 12:00:00,9.497559,0.4848938,131.63835,102776.79,1.5712789e-06,1.6160338
2020-03-23 12:00:00,14.442169,7.7351074,45.22349,101550.875,0.00014784363,2.4635885
2020-03-24 12:00:00,15.880798,11.320465,151.17503,100016.914,7.5736905e-05,3.8453453
2020-03-25 12:00:00,11.620422,4.7475586,255.82225,100685.76,1.8796307e-07,2.9519687
2020-03-26 12:00:00,16.795502,3.58786,252.90977,101041.445,0.0,1.9974337
2020-03-27 12:00:00,17.174805,10.068512,97.51248,100849.05,0.0001258394,2.4929674
2020-03-28 12:00:00,18.78244,10.406769,101.68597,100394.55,1.50568085e-05,1.0953367
2020-03-29 12:00:00,18.081024,7.5734863,218.95378,100834.75,5.2187064e-05,3.036325
2020-03-30 12:00:00,13.396515,3.93161,214.91728,101869.09,4.5033183e-05,2.2510533
2020-03-31 12:00:00,12.894531,8.97934,125.9222,100054.99,0.00010278104,2.3653216
2020-04-01 12:00:00,12.609283,2.757721,209.21518,100150.51,2.017913e-05,6.526306
2020-04-02 12:00:00,5.816284,-0.763031,273.0505,101781.336,0.0,3.1134393
2020-04-03 12:00:00,13.734558,-0.13317871,268.15057,101660.3,6.8615805e-08,2.8848982
2020-04-04 12:00:00,14.832703,3.8651733,279.0193,101751.45,5.0106188e-08,0.84964067
2020-04-05 12:00:00,20.430298,6.459259,272.40585,102159.16,0.0,1.4945773
2020-04-06 12:00:00,19.25943,8.946289,274.6515,102336.445,0.0,2.1370754
2020-04-07 12:00:00,18.382965,8.581909,250.28568,101877.37,1.0138787e-06,1.7154539
2020-04-08 12:00:00,22.063995,11.607758,242.73595,101426.05,1.792176e-06,1.9477975
2020-04-09 12:00:00,18.8609,10.714172,80.572716,101464.61,0.000102550315,1.9762361
2020-04-10 12:00:00,11.785645,6.2435913,208.66432,102031.17,2.2574035e-05,3.743604
2020-04-11 12:00:00,10.414734,4.984436,241.44514,103127.36,0.0,3.5492213
2020-04-12 12:00:00,13.67926,7.7471313,51.3612,102810.45,0.00025927782,6.921593
2020-04-13 12:00:00,19.355347,13.727234,97.469505,101679.49,0.0003883184,4.0592103
2020-04-14 12:00:00,16.246857,9.580322,292.86276,102372.984,0.0,2.3546493
2020-04-15 12:00:00,16.782593,7.2159424,295.50177,102496.22,0.0,1.8237417
2020-04-16 12:00:00,20.90384,10.217438,293.76913,101885.305,0.0,2.3479948
2020-04-17 12:00:00,18.978058,11.11734,299.51117,101654.31,0.0,2.4505537
2020-04-18 12:00:00,16.064545,10.543701,87.59152,101140.52,8.767504e-05,1.5156994
2020-04-19 12:00:00,16.378448,8.25177,105.83008,100688.64,3.7587033e-05,1.243869
2020-04-20 12:00:00,17.030243,11.610748,260.5757,100373.55,1.2284614e-05,1.8372678
2020-04-21 12:00:00,14.076294,9.493256,256.96432,101043.89,1.1982029e-06,2.762696
2020-04-22 12:00:00,14.723236,3.6427612,317.06998,102132.24,1.5773886e-09,2.6227877
2020-04-23 12:00:00,17.231354,5.0275574,312.71844,102580.91,0.0,0.5075212
2020-04-24 12:00:00,21.291473,7.25708,315.72937,102250.87,0.0,2.282486
2020-04-25 12:00:00,20.82965,11.396637,206.58134,101715.664,6.6218895e-08,3.5873177
2020-04-26 12:00:00,19.641357,15.8078,61.93199,101023.69,0.0002754829,1.792548
2020-04-27 12:00:00,17.345398,10.2690735,34.230747,100762.69,0.00072274834,5.9086957
2020-04-28 12:00:00,17.639038,9.205902,315.21848,101092.14,1.7910674e-05,3.4479048
2020-04-29 12:00:00,20.156311,9.289581,325.08194,101105.02,0.0,1.8493581
2020-04-30 12:00:00,17.565979,9.471344,323.70096,101644.43,0.0,1.9560395
2020-05-01 12:00:00,16.251251,11.994446,106.92066,101852.5,3.7698687e-06,3.741146
2020-05-02 12:00:00,19.010468,15.526367,131.44382,101380.875,1.9047899e-05,4.7757993
2020-05-03 12:00:00,19.598541,14.455109,244.82938,101277.25,0.00030896626,1.3412642
2020-05-04 12:00:00,20.857727,10.952454,329.11264,102202.56,0.0,1.7568806
2020-05-05 12:00:00,23.520996,11.3515625,323.21466,102739.19,0.0,2.379802
2020-05-06 12:00:00,25.16272,13.242584,322.96445,102835.61,0.0,2.7695456
2020-05-07 12:00:00,22.048706,17.12387,313.59546,102583.7,0.0,1.6464566
2020-05-08 12:00:00,20.635956,11.29483,334.9852,102770.75,0.0,1.9235468
2020-05-09 12:00:00,23.833405,11.784332,329.48242,102479.86,0.0,2.013259
2020-05-10 12:00:00,27.870697,15.688965,320.17477,101462.53,8.092432e-06,3.886199
2020-05-11 12:00:00,22.490112,16.453125,217.98483,101080.51,2.2180659e-05,1.3274044
2020-05-12 12:00:00,19.45105,11.793854,231.6266,101249.555,0.0,2.2887022
2020-05-13 12:00:00,20.27887,11.484283,323.29446,101427.08,0.0,3.269011
2020-05-14 12:00:00,19.961761,11.76416,340.73328,101798.26,0.0,3.945851
2020-05-15 12:00:00,19.671356,14.837189,88.495605,101284.555,0.00013079568,3.0283484
2020-05-16 12:00:00,19.44104,14.070068,334.59253,100788.17,0.00013639012,2.323612
2020-05-17 12:00:00,18.083923,11.290527,332.05392,100750.14,1.037311e-08,3.24365
2020-05-18 12:00:00,22.174011,10.272095,348.60046,100825.9,0.0,2.7655113
2020-05-19 12:00:00,26.489594,12.718872,340.5424,100919.05,0.0,1.9796262
2020-05-20 12:00:00,27.414062,14.36496,330.3362,100954.37,0.0,2.0193212
2020-05-21 12:00:00,26.649872,15.561127,339.84512,100916.25,0.0,2.6560805
2020-05-22 12:00:00,25.836426,14.831696,344.6783,100657.53,0.0,2.480622
2020-05-23 12:00:00,27.428894,14.857117,313.463,100224.336,1.5056024e-05,2.1551123
2020-05-24 12:00:00,26.607178,17.965393,230.23625,100013.79,6.255704e-05,2.0210817
2020-05-25 12:00:00,25.699371,19.977814,205.55638,100118.625,5.3510397e-05,2.887734
2020-05-26 12:00:00,25.230621,17.990143,280.25146,100730.64,0.00018991358,2.6810312
2020-05-27 12:00:00,26.190247,18.105865,156.354,101489.96,1.6643875e-05,1.9449464
2020-05-28 12:00:00,24.12616,20.97467,134.35837,101805.445,0.0,2.127867
2020-05-29 12:00:00,25.437958,18.3107,282.54758,101586.08,1.547686e-05,1.3827721
2020-05-30 12:00:00,26.312439,18.27069,316.87466,101406.33,1.4050228e-05,0.99688977
2020-05-31 12:00:00,20.930878,15.901459,235.40488,102040.586,2.131723e-05,1.6661682
2020-06-01 12:00:00,28.617798,18.083435,327.25644,101438.99,3.8088308e-06,1.8746796
2020-06-02 12:00:00,31.425507,20.506226,328.4471,100972.375,0.0,2.5900614
2020-06-03 12:00:00,33.17502,23.103333,329.13788,100928.875,0.0,3.4272954
2020-06-04 12:00:00,30.873749,21.66922,230.67213,100879.93,6.966809e-05,2.174523
2020-06-05 12:00:00,27.258453,21.016052,270.1506,101178.14,4.1065996e-06,2.1804938
2020-06-06 12:00:00,24.33368,18.861298,192.71318,101314.086,2.8114853e-08,3.634504
2020-06-07 12:00:00,26.830475,16.841461,359.25797,101038.9,0.0,2.1868796
2020-06-08 12:00:00,27.993378,15.492798,360.2866,100865.49,0.0,1.8977629
2020-06-09 12:00:00,29.099365,21.74292,184.36432,100579.49,0.000104616025,2.1875045
2020-06-10 12:00:00,29.584503,20.176788,349.26163,100534.266,0.00074465724,2.6285038
2020-06-11 12:00:00,30.186798,20.794678,349.19952,101460.625,3.2734818e-06,2.1524186
2020-06-12 12:00:00,26.629547,20.316772,174.27853,101435.15,4.458722e-06,1.4906827
2020-06-13 12:00:00,23.911499,17.472504,258.28207,101524.71,0.0,1.6587466
2020-06-14 12:00:00,22.06604,17.386475,207.81343,101429.67,7.038123e-06,0.6860855
2020-06-15 12:00:00,22.366058,15.404816,320.33066,101465.02,0.0,1.6210896
2020-06-16 12:00:00,22.59311,14.394806,307.51773,101803.945,0.0,2.6112456
2020-06-17 12:00:00,24.539215,15.823212,358.86453,101997.414,0.0,3.0240622
2020-06-18 12:00:00,25.9823,15.44635,301.08282,102137.12,0.0,1.7030759
2020-06-19 12:00:00,23.113678,18.469421,60.001915,101809.85,0.000474998,0.8166719
2020-06-20 12:00:00,25.526337,15.459198,352.57144,101723.46,1.0434199e-07,2.9848182
2020-06-21 12:00:00,27.629242,17.358307,349.44116,101895.28,0.0,0.9268215
2020-06-22 12:00:00,24.19638,18.266052,63.09877,101820.41,0.00036793124,1.9347452
2020-06-23 12:00:00,25.007507,19.033112,198.05443,101387.875,0.00013904157,0.34263703
2020-06-24 12:00:00,27.813934,20.332916,229.17235,101187.21,0.0002538711,1.4879051
2020-06-25 12:00:00,29.325623,21.847473,243.24802,101110.34,1.7215244e-06,0.71846247
2020-06-26 12:00:00,27.6604,20.906403,315.95276,101640.32,5.0228954e-09,0.7301966
2020-06-27 12:00:00,25.130157,19.780243,213.92998,101849.195,0.0005772588,2.2791865
2020-06-28 12:00:00,30.984894,20.365509,291.30835,101455.51,2.2793347e-07,2.1637883
2020-06-29 12:00:00,31.27118,24.401428,344.64188,100971.12,1.8043622e-07,1.8110647
2020-06-30 12:00:00,26.541016,18.869629,359.201,101796.06,0.0,1.6233366
2020-07-01 12:00:00,25.826447,17.381012,353.36008,101811.19,0.0,1.0913446
2020-07-02 12:00:00,26.19162,17.292145,349.9438,101531.86,0.0,2.0772173
2020-07-03 12:00:00,28.626038,17.667542,351.7702,101319.91,0.0,1.9178162
2020-07-04 12:00:00,32.11206,20.70398,348.1091,101513.375,0.0,2.285478
2020-07-05 12:00:00,33.41382,21.779877,343.7054,101372.48,0.0,3.24244
2020-07-06 12:00:00,32.511322,23.997528,199.92984,100979.89,2.5078568e-06,3.0697181
2020-07-07 12:00:00,29.498474,23.50177,140.32164,100724.734,6.5456436e-05,3.4214242
2020-07-08 12:00:00,28.283112,21.471497,303.50168,100445.78,0.00020086409,1.7904567
2020-07-09 12:00:00,30.534668,20.751373,336.78677,100857.19,0.0,1.7137958
2020-07-10 12:00:00,32.265045,23.671204,292.97714,100556.91,1.7068634e-05,2.5286455
2020-07-11 12:00:00,30.51474,19.794647,346.1472,100605.08,4.0212902e-07,1.982619
2020-07-12 12:00:00,30.183502,20.157745,348.7099,100920.55,0.0,2.4894333
2020-07-13 12:00:00,33.901276,20.978699,345.5654,100984.305,0.0,2.9864848
2020-07-14 12:00:00,32.86841,22.241974,335.49722,100852.586,0.0,1.6192918
2020-07-15 12:00:00,34.37503,23.138367,229.66739,100486.484,4.031985e-07,0.8801506
2020-07-16 12:00:00,29.173248,22.476135,249.49667,100499.16,6.3247813e-07,3.459682
2020-07-17 12:00:00,28.727692,19.772308,284.55112,100681.54,0.0,2.524891
2020-07-18 12:00:00,30.057587,19.492523,300.92816,100702.89,0.0,1.6306458
2020-07-19 12:00:00,29.462067,19.704407,294.3318,100817.03,3.1032306e-07,1.6386713
2020-07-20 12:00:00,28.45523,18.747467,268.7523,101019.46,3.4620258e-05,2.0768874
2020-07-21 12:00:00,30.122314,18.015991,317.0071,101284.52,1.316396e-08,1.9879097
2020-07-22 12:00:00,32.5748,19.429169,337.67096,101361.586,0.0,2.2261362
2020-07-23 12:00:00,34.50183,20.836334,335.5625,101141.92,0.0,2.964792
2020-07-24 12:00:00,35.3945,24.111603,270.7215,100980.125,0.0,0.9625499
2020-07-25 12:00:00,33.976257,23.382477,295.95233,101436.53,1.7025253e-05,2.4569495
2020-07-26 12:00:00,32.981354,23.241455,264.1997,101713.74,1.5169843e-05,2.7753081
2020-07-27 12:00:00,32.835754,23.51944,305.77887,101755.54,1.822536e-05,2.5229735
2020-07-28 12:00:00,30.153656,23.090668,300.2224,101913.81,2.4598322e-07,2.5775259
2020-07-29 12:00:00,29.10785,23.916077,230.47786,102119.34,2.5556224e-06,2.190044
2020-07-30 12:00:00,29.30606,23.808197,246.40372,102258.1,2.6665874e-05,1.8977051
2020-07-31 12:00:00,29.401733,21.636902,201.3203,102022.24,4.279596e-06,1.173922
2020-08-01 12:00:00,29.767212,22.260864,262.04532,101589.81,6.6364264e-05,1.315916
2020-08-02 12:00:00,29.294495,22.40506,276.75226,101620.91,0.0,2.0833514
2020-08-03 12:00:00,28.499115,21.980469,235.9419,101684.12,2.8128778e-05,2.741329
2020-08-04 12:00:00,25.97528,20.272797,65.13315,101271.53,0.00055057934,2.8141499
2020-08-05 12:00:00,27.823547,22.061401,313.71597,100912.164,2.4560573e-05,0.91967595
2020-08-06 12:00:00,27.623718,18.988892,315.258,101053.26,0.0,0.6749947
2020-08-07 12:00:00,24.96701,20.009766,59.60993,100898.9,0.00042905845,1.9511974
2020-08-08 12:00:00,21.64441,19.896454,49.616238,100793.125,0.00027407552,3.5167422
2020-08-09 12:00:00,25.748505,19.848602,280.2581,100997.0,1.5788153e-07,1.2337897
2020-08-10 12:00:00,25.614319,18.847443,309.7452,101163.836,0.0,1.0199429
2020-08-11 12:00:00,24.208374,20.560059,117.20886,101281.65,3.1238684e-05,0.7210027
2020-08-12 12:00:00,27.468658,21.45523,140.00256,101321.41,9.814345e-05,1.8486117
2020-08-13 12:00:00,27.1557,21.582306,258.9077,101254.39,4.9149345e-05,0.32905445
2020-08-14 12:00:00,26.30194,20.461578,258.79187,101169.3,7.667219e-06,0.6124685
2020-08-15 12:00:00,27.94159,19.536713,287.50323,100979.1,3.9551554e-07,1.7599243
2020-08-16 12:00:00,28.302032,21.759552,208.52074,100448.42,0.0,2.838153
2020-08-17 12:00:00,26.758667,19.079315,272.9067,100411.15,4.3350912e-05,1.2628208
2020-08-18 12:00:00,24.19281,18.069855,242.84242,101068.58,2.19974e-06,1.4288026
2020-08-19 12:00:00,25.038605,18.86914,207.34845,101687.13,3.2715335e-09,1.410137
2020-08-20 12:00:00,24.6521,18.502747,181.4606,101459.01,7.045226e-05,2.884292
2020-08-21 12:00:00,26.953766,18.59961,296.55276,101861.555,2.8579732e-05,0.72640216
2020-08-22 12:00:00,27.902313,18.000122,295.3921,101965.195,0.0,1.881148
2020-08-23 12:00:00,29.346924,19.438965,263.86517,101754.52,2.2454766e-05,2.3944566
2020-08-24 12:00:00,30.398499,19.773376,286.56662,101530.34,7.3145276e-07,1.7777252
2020-08-25 12:00:00,29.9281,22.61206,275.4477,101804.71,2.4432852e-06,1.3795313
2020-08-26 12:00:00,29.1557,17.90509,290.6684,102428.055,0.0,1.053977
2020-08-27 12:00:00,29.105927,17.391235,286.06128,102363.35,0.0,2.2854843
2020-08-28 12:00:00,30.496887,19.467346,265.0806,101743.03,1.7112911e-06,2.4355826
2020-08-29 12:00:00,27.924164,19.944214,225.12762,101160.23,0.00013960458,1.7757355
2020-08-30 12:00:00,26.120575,19.333801,282.7551,101215.54,1.5816559e-06,3.5089269
2020-08-31 12:00:00,26.605133,15.635742,289.14838,101271.22,0.0,2.3552864
2020-09-01 12:00:00,28.077454,15.8594055,279.90775,100952.54,0.0,1.6675866
2020-09-02 12:00:00,24.256165,19.57257,49.95989,100544.91,0.0003014323,1.5052315
2020-09-03 12:00:00,19.679626,15.420319,143.746,101164.99,2.6889477e-06,4.476916
2020-09-04 12:00:00,22.08609,14.334015,219.39633,101669.3,0.0,1.0734088
2020-09-05 12:00:00,24.631958,15.022186,193.84335,101151.195,0.0,1.8353845
2020-09-06 12:00:00,22.847565,15.869659,271.53513,101148.16,0.0,2.0393243
2020-09-07 12:00:00,24.991455,14.300903,263.27548,101379.49,0.0,0.36672813
2020-09-08 12:00:00,29.17392,21.908997,218.08084,100526.19,4.639404e-07,3.080515
2020-09-09 12:00:00,24.919983,16.001678,264.734,101318.17,8.597328e-08,3.1124215
2020-09-10 12:00:00,27.818085,15.281372,260.2477,101814.24,0.0,2.0520818
2020-09-11 12:00:00,29.731384,19.20755,236.26918,101704.28,0.0,3.593275
2020-09-12 12:00:00,27.994385,19.309387,212.66418,101508.53,8.152245e-06,0.45410678
2020-09-13 12:00:00,25.385101,18.843079,135.39868,101519.79,3.4719992e-06,1.73646
2020-09-14 12:00:00,30.615082,21.875214,207.61227,100805.875,4.053323e-06,2.2970402
2020-09-15 12:00:00,28.504242,20.04776,235.63467,101075.336,0.0,1.2466162
2020-09-16 12:00:00,24.79013,21.348236,116.34232,100958.164,9.507981e-05,0.6754956
2020-09-17 12:00:00,27.35318,19.852936,184.88962,101005.125,0.00016934401,0.75629747
2020-09-18 12:00:00,24.944855,19.147034,125.50723,101340.16,4.3405e-05,1.3755445
2020-09-19 12:00:00,25.318909,21.138367,155.36313,101203.1,4.4429547e-05,0.5889051
2020-09-20 12:00:00,25.087341,17.545685,235.63287,101646.05,0.0,1.6400645
2020-09-21 12:00:00,25.815643,17.5029,229.02237,101759.1,9.998055e-09,0.77849406
2020-09-22 12:00:00,28.029572,18.685303,227.94392,101344.34,0.0,2.3811197
2020-09-23 12:00:00,25.234802,19.141327,235.19962,101238.266,0.0,2.4344249
2020-09-24 12:00:00,24.760742,14.251312,232.13298,101693.984,0.0,1.0614748
2020-09-25 12:00:00,28.847687,14.633209,222.21927,101009.76,1.7709676e-06,2.4722943
2020-09-26 12:00:00,26.059875,15.042236,233.29823,101187.3,6.7767287e-06,2.6533146
2020-09-27 12:00:00,25.738739,14.026093,221.48386,101281.75,0.0,2.9182856
2020-09-28 12:00:00,22.734253,13.832367,225.42491,101769.16,0.0,2.6749213
2020-09-29 12:00:00,21.593628,11.91684,133.7216,102399.234,5.113469e-07,1.8309954
2020-09-30 12:00:00,28.160248,18.517517,114.16682,101664.14,3.6994385e-09,3.8076549
2020-10-01 12:00:00,27.188538,19.876282,82.79038,101114.164,3.4565169e-06,3.0276778
2020-10-02 12:00:00,21.650543,15.245697,135.11345,101499.71,0.0,1.7379477
2020-10-03 12:00:00,23.618927,18.080688,68.19609,100422.484,0.00047194323,2.0394766
2020-10-04 12:00:00,20.488312,13.919128,209.68533,100964.92,0.0,3.4691405
2020-10-05 12:00:00,20.49591,12.392822,202.89618,101718.875,0.0,0.7928432
2020-10-06 12:00:00,17.200317,13.307526,205.02394,101409.63,0.0,2.5492618
2020-10-07 12:00:00,18.108826,7.867523,204.35349,101094.25,0.0,3.0242524
2020-10-08 12:00:00,16.492157,12.987946,177.65186,100486.43,1.10981865e-07,4.2220864
2020-10-09 12:00:00,13.984131,7.481964,193.86902,101397.1,0.0,3.5479953
2020-10-10 12:00:00,14.301147,5.2738953,201.59819,102191.18,0.0,2.0213552
2020-10-11 12:00:00,15.634766,7.3956604,190.6157,102305.63,0.0,2.305374
2020-10-12 12:00:00,20.062317,10.726929,182.77309,101345.43,0.0,0.45100158
2020-10-13 12:00:00,17.529083,10.552612,92.0783,101062.69,1.116515e-06,1.5052428
2020-10-14 12:00:00,11.880463,5.190155,196.45105,101903.81,0.0,5.0293803
2020-10-15 12:00:00,11.42514,4.5934753,117.424065,102156.48,0.0,2.8765283
2020-10-16 12:00:00,15.72699,2.769989,189.39812,101524.4,0.0,2.670346
2020-10-17 12:00:00,19.0766,6.9888,182.80856,101322.01,0.0,2.6829593
2020-10-18 12:00:00,21.152832,7.4835205,180.52052,101121.11,0.0,2.6858215
2020-10-19 12:00:00,21.344482,9.477631,147.90804,101073.59,0.0,1.3564291
2020-10-20 12:00:00,18.54123,15.054138,32.96668,100872.54,3.662278e-05,3.247546
2020-10-21 12:00:00,20.12378,13.065216,104.778854,101238.61,5.251965e-07,2.0425456
2020-10-22 12:00:00,22.221191,17.839996,42.451057,100736.18,0.0003010501,5.2129016
2020-10-23 12:00:00,21.392548,15.908722,151.91742,101258.79,0.00028682494,3.490994
2020-10-24 12:00:00,21.029816,12.158295,161.45749,102361.945,0.0,1.3433844
2020-10-25 12:00:00,18.696411,14.617371,36.121017,102129.87,2.0193625e-05,2.0052054
2020-10-26 12:00:00,19.281128,14.555847,32.498413,101064.984,0.00032489584,0.5581381
2020-10-27 12:00:00,14.955627,9.272858,162.94885,101779.984,0.00012987596,3.9363444
2020-10-28 12:00:00,17.34549,8.311829,156.89839,102069.85,0.0,1.5269516
2020-10-29 12:00:00,16.91272,10.609375,141.89369,101388.13,9.760434e-08,1.452706
2020-10-30 12:00:00,12.59964,6.615204,158.269,101562.14,0.0,1.4428835
2020-10-31 12:00:00,13.549164,5.406189,154.675,100909.75,0.0,2.8229415
2020-11-01 12:00:00,12.057312,5.8232727,153.34924,101482.38,0.0,2.3940115
2020-11-02 12:00:00,15.101837,5.395447,113.4005,101915.95,0.0,1.4386102
2020-11-03 12:00:00,16.723572,8.391174,121.570244,101645.29,2.5146778e-07,1.3306102
2020-11-04 12:00:00,15.310638,13.036957,45.051533,101487.42,2.7088634e-05,2.1102865
2020-11-05 12:00:00,16.5979,9.268768,68.02421,100890.305,8.933515e-05,1.6093822
2020-11-06 12:00:00,11.815094,5.2735596,145.31158,102507.195,0.0,2.9118826
2020-11-07 12:00:00,12.85791,4.0181885,140.51672,102992.055,0.0,2.4286919
2020-11-08 12:00:00,15.10379,11.552307,12.174311,101975.29,0.00035198062,3.892599
2020-11-09 12:00:00,13.714447,8.822662,118.5088,101967.83,3.678872e-07,3.8083196
2020-11-10 12:00:00,10.775696,4.6013794,135.17935,102451.66,0.0,2.187298
2020-11-11 12:00:00,10.250916,2.0634766,131.96808,102112.4,4.7123683e-07,2.1742733
2020-11-12 12:00:00,11.725525,3.9114075,116.32308,102507.09,3.6381166e-06,2.437225
2020-11-13 12:00:00,10.745636,8.557312,49.845894,102018.984,0.0001169483,4.8137
2020-11-14 12:00:00,8.754425,5.633087,36.831055,101449.055,7.953243e-05,5.642976
2020-11-15 12:00:00,6.453003,1.4348145,132.02628,102722.19,0.0,4.0571995
2020-11-16 12:00:00,9.412994,1.4590149,125.33787,102913.84,4.6732686e-07,3.204428
2020-11-17 12:00:00,15.360321,6.772461,118.549385,102491.48,1.5486299e-06,1.902769
2020-11-18 12:00:00,18.33191,9.39209,80.20885,101673.13,2.1500289e-06,2.794228
2020-11-19 12:00:00,18.803284,14.2005005,27.423683,100483.79,0.00038544807,4.2136354
2020-11-20 12:00:00,14.931824,8.270935,116.22806,101380.75,0.0,2.1372464
2020-11-21 12:00:00,16.835114,8.140289,54.84043,101385.12,2.0563339e-06,1.2652134
2020-11-22 12:00:00,18.778595,12.816254,48.31273,101106.805,5.6011708e-05,0.3784048
2020-11-23 12:00:00,20.275482,13.277374,21.498316,100456.164,0.0006905356,0.78881264
2020-11-24 12:00:00,18.297424,6.7528076,113.81852,100744.31,0.00019277554,5.7719154
2020-11-25 12:00:00,9.231323,3.1284485,116.45864,102287.42,0.0,2.8695018
2020-11-26 12:00:00,9.401215,2.5665283,94.130196,102350.05,0.0,2.3671865
2020-11-27 12:00:00,11.388763,4.533386,77.129524,102533.39,0.0,1.3561797
2020-11-28 12:00:00,14.228607,10.2803955,61.487305,101657.99,7.804423e-05,1.6455886
2020-11-29 12:00:00,12.303101,7.3418274,106.396416,102296.78,0.0,2.0582767
2020-11-30 12:00:00,10.268524,5.466217,47.63983,102600.12,0.0,2.403615
2020-12-01 12:00:00,12.876709,7.1397705,83.70282,102314.65,5.4590237e-07,2.2410665
2020-12-02 12:00:00,12.603577,7.8605957,34.946938,101737.17,2.7662005e-05,1.7639188
2020-12-03 12:00:00,13.24707,7.237488,70.510254,101300.74,0.00039463933,3.3215122
2020-12-04 12:00:00,7.8309937,3.2610474,54.889126,102471.71,0.0,3.0059888
2020-12-05 12:00:00,9.374817,5.644623,86.31784,102622.24,0.0,3.455896
2020-12-06 12:00:00,9.173645,5.288452,83.6017,102592.52,1.002144e-06,2.8073149
2020-12-07 12:00:00,14.257141,6.839905,36.01472,102400.79,2.5673335e-05,3.7237232
2020-12-08 12:00:00,17.04361,13.437073,99.28067,100329.375,0.0004415101,4.6478143
2020-12-09 12:00:00,14.813995,8.398712,92.443924,101307.67,6.209259e-08,2.3229377
2020-12-10 12:00:00,11.995361,7.490387,88.75263,102015.14,9.997887e-07,1.8249213
2020-12-11 12:00:00,12.924225,5.816101,50.824974,100604.71,0.00015437257,1.4825135
2020-12-12 12:00:00,6.89505,3.48349,64.2997,100258.48,5.6746726e-06,5.612527
2020-12-13 12:00:00,8.714722,4.2521667,102.36756,101202.58,0.0,3.954758
2020-12-14 12:00:00,6.640167,1.0991211,61.00092,101422.91,4.2862382e-07,2.6311438
2020-12-15 12:00:00,2.6409302,-2.4038086,103.38693,102235.25,0.0,1.9331584
2020-12-16 12:00:00,3.7867432,-0.67559814,28.941374,101531.95,4.5643257e-05,1.55899
2020-12-17 12:00:00,5.7021484,1.0572205,102.5716,101132.59,1.0751144e-06,4.0687184
2020-12-18 12:00:00,2.1036377,-2.6266174,97.48794,102291.984,0.0,1.432334
2020-12-19 12:00:00,13.088837,-0.2027893,37.836685,101494.92,9.912693e-05,1.929948
2020-12-20 12:00:00,9.264832,2.693573,99.91856,101354.27,2.0985533e-08,2.1475666
2020-12-21 12:00:00,12.015808,1.7874146,52.78625,101456.61,6.525509e-07,1.2749997
2020-12-22 12:00:00,12.3125305,7.43631,41.668453,100874.8,2.6226412e-06,1.9684234
2020-12-23 12:00:00,9.858429,1.5263367,103.05853,101012.75,1.14964905e-05,3.2928956
2020-12-24 12:00:00,1.4205627,-2.5923767,97.77566,101908.58,4.3320032e-08,2.8622546
2020-12-25 12:00:00,1.4725952,-2.9523315,63.461784,102757.08,0.0,1.718052
2020-12-26 12:00:00,7.16156,-0.8426819,95.745026,102420.586,4.6678755e-07,1.9114902
2020-12-27 12:00:00,14.484619,2.7283325,22.813719,101491.2,0.00014717485,2.3809075
2020-12-28 12:00:00,18.114227,14.431,13.8115225,99606.62,0.00066328933,4.6342597
2020-12-29 12:00:00,15.359009,3.3089905,83.74732,99539.266,1.7277905e-05,5.093872
2020-12-30 12:00:00,5.686798,0.6069946,24.659472,100821.3,0.00015134936,1.5834283
2020-12-31 12:00:00,4.9092407,1.9451599,21.442142,100947.67,3.6449077e-05,2.4044712
2021-01-01 12:00:00,4.2667847,-2.1741333,105.95897,101934.65,0.0,2.5028284
2021-01-02 12:00:00,5.730713,-2.030243,106.37164,102728.94,0.0,1.3672373
2021-01-03 12:00:00,10.38916,0.9917908,101.94035,103090.266,0.0,0.8345386
2021-01-04 12:00:00,11.040222,0.9197998,102.17258,103133.695,0.0,1.2146664
2021-01-05 12:00:00,10.63623,4.010193,102.22364,102943.45,2.092246e-06,2.5634296
2021-01-06 12:00:00,12.832642,8.840271,54.02351,102020.06,1.4904268e-05,1.8428816
2021-01-07 12:00:00,16.442474,10.648621,24.332243,99943.695,0.0004747058,1.5050366
2021-01-08 12:00:00,15.613525,0.9212036,111.408554,99518.69,7.6192305e-06,4.3515964
2021-01-09 12:00:00,0.83343506,-4.823883,111.982346,101146.47,0.0,4.203885
2021-01-10 12:00:00,0.6303406,-4.4870605,98.189186,101628.23,0.0,2.3685687
2021-01-11 12:00:00,2.5449219,-2.8920898,49.556736,100289.13,1.5402746e-05,2.1979303
2021-01-12 12:00:00,1.6167297,-2.3233032,115.04133,100598.19,4.800047e-06,5.190773
2021-01-13 12:00:00,3.978241,-4.7970886,66.64413,101668.234,2.3182617e-06,3.3854835
2021-01-14 12:00:00,-3.710846,-12.079102,119.3528,103490.305,0.0,2.853706
2021-01-15 12:00:00,-1.263977,-8.152313,25.21757,102687.1,0.00019843673,3.1287634
2021-01-16 12:00:00,-2.4035034,-12.836945,122.714195,102878.86,1.8606298e-07,2.5576138
2021-01-17 12:00:00,-0.6325989,-7.747528,121.96379,101570.04,2.2664817e-05,2.7785668
2021-01-18 12:00:00,3.6569214,-4.416809,121.09553,101537.0,1.2408291e-08,3.3206356
2021-01-19 12:00:00,7.3884583,-0.08001709,117.45153,100849.39,0.0,2.8070388
2021-01-20 12:00:00,3.3380127,-4.139038,86.096634,101966.695,0.0,2.7601733
2021-01-21 12:00:00,3.7005615,-2.1423645,26.473223,103072.34,3.693819e-05,3.8715487
2021-01-22 12:00:00,15.456207,3.7817993,13.264948,102441.984,0.00047222103,4.5860014
2021-01-23 12:00:00,18.077942,12.847656,30.082064,100616.8,0.00017838021,5.257959
2021-01-24 12:00:00,12.724945,-0.42211914,45.886806,100632.43,1.6907142e-06,3.264872
2021-01-25 12:00:00,-0.5562134,-3.3554382,129.74396,102143.63,2.0700702e-07,5.3119135
2021-01-26 12:00:00,2.535431,-5.46817,121.590485,103504.125,6.536333e-08,2.4070375
2021-01-27 12:00:00,16.470367,2.1123657,9.854677,101057.164,0.0007370105,6.3816347
2021-01-28 12:00:00,16.517456,-3.5708313,135.00847,100662.28,9.846879e-06,6.0943384
2021-01-29 12:00:00,-3.3751526,-5.9830933,131.46303,102209.81,5.760248e-09,5.5110693
2021-01-30 12:00:00,-1.051239,-6.9137573,140.64023,103071.25,3.5513622e-08,3.9408422
2021-01-31 12:00:00,3.3702698,-6.131653,123.69415,103196.664,3.9484116e-06,0.64800155
2021-02-01 12:00:00,16.866669,2.6113892,10.182682,100636.59,0.0007126277,4.1978073
2021-02-02 12:00:00,14.887054,-1.4412537,120.70505,99752.29,7.607207e-05,5.092313
2021-02-03 12:00:00,-1.5209045,-5.9299316,149.15149,101446.79,9.3636814e-08,6.0413833
2021-02-04 12:00:00,-0.19241333,-5.248291,150.94809,102084.555,1.5610101e-07,3.9918184
2021-02-05 12:00:00,2.0575562,-5.267639,150.42943,101718.24,2.4860788e-07,2.7390528
2021-02-06 12:00:00,4.636627,-0.77197266,152.44998,100998.86,0.0,3.2873619
2021-02-07 12:00:00,6.616333,-1.0979614,152.20828,100814.734,0.0,2.326081
2021-02-08 12:00:00,8.647614,-0.5331421,153.96669,100709.31,0.0,0.8270249
2021-02-09 12:00:00,2.2132874,-1.5941467,161.19318,100691.766,0.0,3.7868896
2021-02-10 12:00:00,2.782959,-2.1846924,156.11064,101479.01,0.0,2.8387053
2021-02-11 12:00:00,4.0437927,0.50341797,66.39166,101459.14,2.2644228e-05,0.4946494
2021-02-12 12:00:00,2.0906677,-0.71728516,109.780045,101300.14,3.1892744e-06,2.7034588
2021-02-13 12:00:00,0.63134766,-4.327118,170.21718,102282.59,0.0,2.3588057
2021-02-14 12:00:00,3.720398,-3.7919006,170.33359,102313.09,0.0,1.7927948
2021-02-15 12:00:00,4.9210205,-1.4762268,171.32158,101937.08,0.0,0.68566024
2021-02-16 12:00:00,6.2080994,-1.6175842,171.8807,101118.62,0.0,1.8121519
2021-02-17 12:00:00,7.8595886,1.8913574,155.7552,99965.625,8.806702e-06,2.289748
2021-02-18 12:00:00,5.595581,-0.15270996,176.66312,100652.93,0.0,2.8938448
2021-02-19 12:00:00,9.264954,-0.8900757,168.30284,101013.57,0.0,1.6080185
2021-02-20 12:00:00,5.807129,-1.4346313,105.38977,100950.05,8.4197507e-07,4.264759
2021-02-21 12:00:00,0.17242432,-6.2273254,188.29343,101325.016,2.7637157e-07,4.582165
2021-02-22 12:00:00,5.9918823,-0.82470703,175.56331,101549.87,0.0,4.2049127
2021-02-23 12:00:00,4.2127075,-1.1253052,191.60439,101852.47,0.0,2.2754438
2021-02-24 12:00:00,6.551117,-2.0447693,191.9122,101742.96,0.0,2.3516834
2021-02-25 12:00:00,3.9580688,-1.046814,197.27574,102105.72,0.0,2.3520772
2021-02-26 12:00:00,4.496338,-3.1248474,198.5065,102328.95,0.0,2.2455773
2021-02-27 12:00:00,9.684631,0.043640137,183.30855,101453.055,0.0,2.5194447
2021-02-28 12:00:00,6.624481,0.6993408,89.52933,99514.1,0.0003466326,3.8298523
2021-03-01 12:00:00,8.18985,-5.2603455,193.35498,99775.16,4.7412714e-09,3.0559604
2021-03-02 12:00:00,5.277191,-8.644379,202.84375,100211.055,1.05900035e-05,4.3865542
2021-03-03 12:00:00,3.1144714,-5.475891,180.4982,100168.15,1.692723e-07,3.0966413
2021-03-04 12:00:00,-2.1378784,-9.704956,201.9979,101380.99,1.2108384e-07,4.2723193
2021-03-05 12:00:00,-0.78149414,-6.9184265,216.62433,101996.14,7.763539e-09,4.904453
2021-03-06 12:00:00,1.9754639,-8.164459,171.66026,101850.73,0.0,2.4040399
2021-03-07 12:00:00,4.64209,-6.2869873,201.43018,101136.91,0.0,2.8605504
2021-03-08 12:00:00,4.4121704,-2.3397217,101.37539,100524.35,2.378814e-05,0.918733
2021-03-09 12:00:00,0.7623291,-1.4373779,155.58292,100591.72,1.7132012e-05,6.9852567
2021-03-10 12:00:00,4.2516174,-3.7340698,228.11172,101976.77,0.0,3.7389739
2021-03-11 12:00:00,5.1685486,-2.243164,144.47896,101293.11,1.0551567e-05,2.9546037
2021-03-12 12:00:00,3.6683655,-3.5472717,228.50526,101585.73,0.0,4.2002954
2021-03-13 12:00:00,13.279663,-2.0518188,218.14867,101836.56,7.452038e-09,2.5378308
2021-03-14 12:00:00,14.00827,1.0549622,229.9759,101661.586,0.0,1.5274037
2021-03-15 12:00:00,18.2247,1.3325806,222.37671,101673.18,0.0,2.38544
2021-03-16 12:00:00,14.482178,12.852051,40.083065,100727.15,0.0002942426,2.1383502
2021-03-17 12:00:00,13.819244,4.627472,55.85418,99356.64,0.0003404521,1.221553
2021-03-18 12:00:00,8.764404,3.6080017,221.25267,99941.63,1.5174569e-06,5.7067904
2021-03-19 12:00:00,6.806885,1.104187,216.7987,100866.6,0.0,3.7526515
2021-03-20 12:00:00,7.819641,-2.1643677,249.07074,101633.414,0.0,1.6388046
2021-03-21 12:00:00,11.36792,0.47555542,235.4108,100866.14,0.0,2.3130152
2021-03-22 12:00:00,7.6869507,0.9881897,68.83644,100232.98,8.203363e-05,3.0531287
2021-03-23 12:00:00,0.9293213,-2.441864,87.26543,100295.734,9.5485135e-05,5.6954827
2021-03-24 12:00:00,6.0763245,-2.0698853,242.66829,100779.914,5.2868832e-05,5.0910597
2021-03-25 12:00:00,6.6662903,-3.058319,117.12678,100736.56,2.7634149e-05,3.1566422
2021-03-26 12:00:00,7.5956726,-0.10769653,206.05583,100871.89,1.8188533e-07,1.9831964
2021-03-27 12:00:00,4.403961,0.16479492,69.82678,101981.39,3.1957676e-05,3.124448
2021-03-28 12:00:00,7.3750305,-1.4124146,269.13232,102583.1,4.6896027e-08,2.7216105
2021-03-29 12:00:00,8.955536,-3.0124512,185.06429,102608.51,9.556368e-07,1.4868587
2021-03-30 12:00:00,13.805145,6.505432,53.552975,101351.8,0.0004867388,1.1278061
2021-03-31 12:00:00,10.832855,3.001709,241.17235,101022.55,1.4782835e-06,3.876641
2021-04-01 12:00:00,7.0562134,0.18869019,237.0864,101784.516,1.4435977e-07,3.2175968
2021-04-02 12:00:00,9.716888,-0.6229248,276.56372,102016.83,1.2991978e-07,1.0322917
2021-04-03 12:00:00,14.246765,4.3704834,161.00081,100499.09,3.852995e-05,1.5562949
2021-04-04 12:00:00,13.4574585,2.710785,281.5292,100383.44,2.0394701e-09,1.8555892
2021-04-05 12:00:00,15.211334,5.575897,111.99745,99924.99,4.6894642e-05,1.9983442
2021-04-06 12:00:00,5.5414124,-2.0005798,65.46419,100738.2,0.00025650964,4.9501023
2021-04-07 12:00:00,-1.9785767,-4.2179565,138.8447,100306.86,6.5060485e-05,5.651952
2021-04-08 12:00:00,5.6779175,-4.3062744,301.2947,101119.055,5.402064e-07,5.2918534
2021-04-09 12:00:00,8.231506,-1.6152344,222.55554,101881.2,0.0,2.3712318
2021-04-10 12:00:00,12.968079,-0.8874817,229.31352,101084.47,3.870239e-07,3.1507592
2021-04-11 12:00:00,14.247772,5.7518616,272.98785,101337.79,1.1911048e-05,2.4757564
2021-04-12 12:00:00,11.550568,7.8114014,72.052246,101401.32,0.00011049499,3.3825696
2021-04-13 12:00:00,16.997375,6.370514,113.83738,101107.58,9.523064e-05,2.9955852
2021-04-14 12:00:00,17.895874,9.84848,282.30908,101006.0,5.3116983e-05,2.8214588
2021-04-15 12:00:00,13.858459,2.4503784,250.2971,101888.77,2.1970726e-07,1.9241151
2021-04-16 12:00:00,17.312012,12.445404,209.93562,100346.64,4.7822705e-05,3.8808413
2021-04-17 12:00:00,12.855499,4.619049,296.54495,101645.42,0.0,2.5481935
2021-04-18 12:00:00,10.954285,6.514923,207.33308,102466.65,0.0,3.1232524
2021-04-19 12:00:00,11.817657,3.9466858,298.8391,102797.516,0.0,2.1620538
2021-04-20 12:00:00,11.094513,6.599945,209.10757,102629.51,9.403756e-07,3.1688619
2021-04-21 12:00:00,13.310822,8.317657,254.74844,102457.01,0.0,3.125986
2021-04-22 12:00:00,15.691467,4.717682,298.48618,102339.56,0.0,1.598137
2021-04-23 12:00:00,21.737946,9.22406,256.41238,101280.24,0.0,2.6149328
2021-04-24 12:00:00,18.286316,13.8203125,132.82603,101107.88,9.158093e-05,1.1593143
2021-04-25 12:00:00,19.881714,7.46463,315.55588,101277.92,0.0,0.63394535
2021-04-26 12:00:00,19.02771,10.360046,251.63808,101180.51,8.758686e-06,2.7184927
2021-04-27 12:00:00,17.730774,11.915192,308.1582,100788.89,7.812524e-07,2.0842955
2021-04-28 12:00:00,17.776855,6.877899,324.61316,100782.35,0.0,2.9121022
2021-04-29 12:00:00,19.029785,8.394653,290.5939,100963.97,0.0,2.4022691
2021-04-30 12:00:00,18.885468,8.425964,281.51785,101554.11,7.0994086e-09,0.458204
2021-05-01 12:00:00,24.982483,7.7593994,309.3856,101474.54,0.0,2.1486833
2021-05-02 12:00:00,27.417542,15.574707,294.89398,101036.4,0.0,3.1300116
2021-05-03 12:00:00,24.566711,14.068665,229.83699,101370.0,3.580951e-06,1.5949081
2021-05-04 12:00:00,23.009583,17.499756,319.02264,101297.33,3.4504665e-05,3.0492096
2021-05-05 12:00:00,18.876282,11.197449,336.63745,101846.29,0.0,3.6106594
2021-05-06 12:00:00,15.61084,6.941345,281.64407,101942.22,6.691782e-10,3.6094985
2021-05-07 12:00:00,17.68161,5.399414,342.62238,102224.32,0.0,2.481417
2021-05-08 12:00:00,21.08957,5.2927246,340.90787,101554.54,0.0,2.7333438
2021-05-09 12:00:00,24.41809,14.92807,295.4255,100897.875,0.0,3.0730247
2021-05-10 12:00:00,27.824951,16.69519,318.55542,100680.15,0.0,2.9472063
2021-05-11 12:00:00,27.463623,15.580811,300.7838,101051.35,0.0,2.2879615
2021-05-12 12:00:00,23.248383,18.272003,91.75168,100777.72,0.00038124845,3.1420233
2021-05-13 12:00:00,22.030914,18.909363,108.13156,100004.555,1.277111e-05,2.447611
2021-05-14 12:00:00,19.858643,12.131134,247.42514,100597.54,0.000105055784,3.5674887
2021-05-15 12:00:00,17.216919,7.75119,348.45258,101652.93,0.0,0.78479075
2021-05-16 12:00:00,19.633148,9.509186,271.40167,101559.13,5.7823684e-08,2.2111971
2021-05-17 12:00:00,23.805725,15.31897,169.61171,100493.96,0.0,2.6624732
2021-05-18 12:00:00,26.496216,16.858124,337.17117,99828.41,0.0,3.188628
2021-05-19 12:00:00,23.553741,14.197571,268.19977,100916.41,0.0,2.8136048
2021-05-20 12:00:00,19.161682,9.834412,166.21164,101600.87,3.7642825e-05,2.3853097
2021-05-21 12:00:00,14.482208,8.668396,97.11603,101251.42,0.000507146,5.9430513
2021-05-22 12:00:00,15.51297,9.008514,269.56064,101439.695,1.0304514e-09,1.8906626
2021-05-23 12:00:00,16.975586,9.230469,293.94724,101155.12,1.1199533e-06,2.838564
2021-05-24 12:00:00,14.202911,8.276001,151.70892,101301.875,4.279454e-05,2.2323174
2021-05-25 12:00:00,15.504913,7.324707,335.62445,101568.16,2.3634215e-07,4.1860127
2021-05-26 12:00:00,16.232697,7.506012,330.77267,101981.77,2.3368904e-07,1.915482
2021-05-27 12:00:00,18.051483,9.049835,355.8647,101748.234,1.3542775e-09,2.1263924
2021-05-28 12:00:00,16.506042,10.746948,211.94844,101772.36,6.973292e-07,3.2726068
2021-05-29 12:00:00,15.9999695,11.328888,110.15658,101833.99,2.500826e-05,4.56109
2021-05-30 12:00:00,16.65976,13.476837,35.240948,100960.89,0.0008626166,2.8797688
2021-05-31 12:00:00,19.039307,10.966736,244.53769,100927.5,0.0003063795,5.7685966
2021-06-01 12:00:00,22.567657,12.296204,326.28442,101241.73,0.0,1.8005099
2021-06-02 12:00:00,23.828156,14.124939,314.48914,101081.21,0.0,1.310975
2021-06-03 12:00:00,24.2305,15.735962,351.0378,101327.46,2.2625315e-08,0.34331638
2021-06-04 12:00:00,24.531128,15.827881,316.28372,101292.84,2.0306247e-07,2.4698172
2021-06-05 12:00:00,27.151947,19.114471,253.58737,100316.56,4.2872102e-06,2.8302276
2021-06-06 12:00:00,25.35019,18.08966,354.24936,100341.91,0.0,2.4806097
2021-06-07 12:00:00,22.583954,16.047821,173.37602,101179.85,5.6890195e-09,2.0936184
2021-06-08 12:00:00,20.859528,11.289429,367.03748,102136.41,0.0,1.5657141
2021-06-09 12:00:00,23.555176,12.581512,350.0965,102163.55,0.0,2.3890457
2021-06-10 12:00:00,25.117188,14.59787,236.83983,101486.805,0.0,3.0397854
2021-06-11 12:00:00,30.16278,18.306213,353.77457,100994.91,1.8661167e-05,1.9881946
2021-06-12 12:00:00,27.115204,17.017609,360.28687,101445.734,0.0,1.4912852
2021-06-13 12:00:00,29.25113,16.431519,227.67442,101190.58,1.3889846e-05,2.2078497
2021-06-14 12:00:00,27.11612,19.04309,356.4755,101337.03,1.3403647e-05,2.5815947
2021-06-15 12:00:00,28.052887,16.58313,285.72623,101467.86,0.0,2.2795584
2021-06-16 12:00:00,31.473907,20.776794,337.6455,101032.766,0.0,2.7286952
2021-06-17 12:00:00,36.91516,24.370087,321.36285,100762.766,7.08104e-06,2.8623083
2021-06-18 12:00:00,37.282166,27.146515,345.421,101013.37,2.3311143e-06,2.784567
2021-06-19 12:00:00,34.499817,24.268951,315.5455,101596.59,2.0550624e-05,0.9358478
2021-06-20 12:00:00,34.424744,22.702332,299.83105,101668.53,9.271567e-06,1.7242974
2021-06-21 12:00:00,32.268005,22.612213,325.87515,101363.45,8.966793e-05,0.62373
2021-06-22 12:00:00,27.035797,20.81601,304.8027,101162.125,0.00012293833,1.5328014
2021-06-23 12:00:00,25.298767,18.45755,344.9735,101383.46,0.0,2.1773107
2021-06-24 12:00:00,26.786713,14.818268,357.53333,101410.31,0.0,1.9766041
2021-06-25 12:00:00,31.114227,19.736115,282.61533,101039.18,0.0,3.5413828
2021-06-26 12:00:00,29.440643,23.693878,325.8806,101232.43,0.0,1.9814256
2021-06-27 12:00:00,29.429565,17.43576,350.26413,101819.97,0.0,1.0099685
2021-06-28 12:00:00,32.52939,23.644196,245.39326,101443.336,7.414773e-08,3.0537796
2021-06-29 12:00:00,35.87686,24.575623,338.2278,101227.11,1.12473645e-05,0.87003917
2021-06-30 12:00:00,37.198334,23.363403,338.03528,101373.016,2.580001e-05,0.9474857
2021-07-01 12:00:00,37.156616,24.322388,334.62766,101261.13,4.020394e-06,0.68053955
2021-07-02 12:00:00,37.6604,25.807281,296.37674,101127.73,8.936509e-05,1.4924895
2021-07-03 12:00:00,30.676697,23.539612,320.5117,101306.24,1.3631773e-06,1.4252204
2021-07-04 12:00:00,34.15576,23.744568,294.68533,101209.086,8.9096815e-05,0.9389614
2021-07-05 12:00:00,27.886292,20.479553,347.01138,101496.46,0.0,2.2400577
2021-07-06 12:00:00,27.41452,18.44043,319.82684,101499.7,0.0,2.785998
2021-07-07 12:00:00,30.055756,21.306427,257.18814,100810.32,0.00013164112,2.5531454
2021-07-08 12:00:00,29.64856,21.573883,310.2665,101152.31,0.0,1.5519872
2021-07-09 12:00:00,28.365509,22.065338,344.8142,101847.734,0.0,2.137436
2021-07-10 12:00:00,28.465118,20.088898,252.89407,101949.82,6.7981006e-07,2.4245071
2021-07-11 12:00:00,33.167267,22.371155,333.62436,101232.27,0.00021320974,2.2317965
2021-07-12 12:00:00,30.313293,23.6633,339.3147,101186.484,9.3144245e-06,0.68855816
2021-07-13 12:00:00,32.70526,23.689484,301.25433,100944.586,5.461966e-06,1.3112417
2021-07-14 12:00:00,32.81131,23.937653,248.88936,100593.7,0.0001251222,2.4681153
2021-07-15 12:00:00,26.479126,19.261292,320.86392,101309.125,0.0,2.0498154
2021-07-16 12:00:00,27.911469,18.665314,295.21918,101464.22,1.4468844e-06,2.2860057
2021-07-17 12:00:00,33.22238,22.329132,321.42953,101124.5,1.3521138e-05,2.0862336
2021-07-18 12:00:00,31.062225,22.888916,325.967,101172.56,1.5000966e-06,2.291844
2021-07-19 12:00:00,28.581573,20.043213,287.93295,101086.72,5.2444943e-07,2.7124057
2021-07-20 12:00:00,28.536865,17.644348,326.68323,101219.04,0.0,1.936868
2021-07-21 12:00:00,29.48822,17.802948,319.2947,101314.38,0.0,0.6051033
2021-07-22 12:00:00,31.276367,19.864655,307.03717,101497.21,0.0,2.210647
2021-07-23 12:00:00,34.344635,22.1622,323.29483,101582.79,0.0,1.5720849
2021-07-24 12:00:00,31.501404,26.234283,104.96176,101498.76,0.0,2.6013927
2021-07-25 12:00:00,30.889801,25.26767,256.9331,101505.71,6.983642e-05,1.6979067
2021-07-26 12:00:00,32.781372,23.299438,329.20798,101417.375,0.0,3.630651
2021-07-27 12:00:00,35.001312,24.932892,308.73627,101189.34,0.00013148734,2.6766198
2021-07-28 12:00:00,31.718903,23.029419,302.47113,101319.09,0.000112509566,1.2731333
2021-07-29 12:00:00,29.287354,23.241608,186.67776,101084.61,0.0001301934,2.064253
2021-07-30 12:00:00,25.619629,20.178772,262.78955,101569.46,0.00018813924,1.7475325
2021-07-31 12:00:00,26.382935,19.676422,330.16437,102312.16,0.0,1.6495844
2021-08-01 12:00:00,27.007996,18.442383,314.8342,102109.875,0.0,2.4304645
2021-08-02 12:00:00,26.212555,22.483978,108.37283,100908.47,0.00022288319,2.2893662
2021-08-03 12:00:00,29.922272,20.616486,318.40228,100632.336,3.190408e-06,2.1183352
2021-08-04 12:00:00,34.079468,21.392944,304.51892,100509.32,4.739613e-10,3.1153307
2021-08-05 12:00:00,35.18448,21.772156,284.24136,100558.51,7.4914824e-05,1.6591121
2021-08-06 12:00:00,30.01236,20.01825,312.83893,100909.766,4.206836e-06,0.62000924
2021-08-07 12:00:00,27.69339,20.956696,256.38284,101086.0,7.2399553e-06,1.4514986
2021-08-08 12:00:00,28.92633,16.415405,292.75974,101235.18,2.9219117e-07,2.3594563
2021-08-09 12:00:00,31.140442,17.421906,314.5857,101291.3,0.0,1.091389
2021-08-10 12:00:00,29.044464,21.341095,187.54364,100794.98,0.0001335631,3.639066
2021-08-11 12:00:00,23.64972,19.807281,136.63567,100151.21,0.0005391248,0.73344064
2021-08-12 12:00:00,24.33789,19.199371,194.67789,100263.71,2.0024629e-05,2.42749
2021-08-13 12:00:00,28.631226,20.29657,303.99173,100696.52,6.909546e-08,2.8829422
2021-08-14 12:00:00,29.944519,20.000793,309.22717,101041.31,0.0,1.692481
2021-08-15 12:00:00,33.453857,22.35083,265.71698,100843.67,0.0,2.8569393
2021-08-16 12:00:00,37.342255,23.753693,297.35223,100908.195,0.0,2.3664591
2021-08-17 12:00:00,33.864044,25.474243,285.59848,101611.01,1.42809085e-05,0.25771698
2021-08-18 12:00:00,26.289001,22.610138,132.44824,102442.984,6.7354554e-06,1.475285
2021-08-19 12:00:00,26.487274,21.181213,194.11888,102575.85,0.0,2.1062894
2021-08-20 12:00:00,28.973694,20.922272,211.54843,102226.86,0.0,2.7914755
2021-08-21 12:00:00,30.951477,24.662476,252.10852,101686.83,5.4519354e-05,1.1029466
2021-08-22 12:00:00,27.555145,23.000977,245.49184,101655.27,1.8362758e-05,2.4078765
2021-08-23 12:00:00,28.305542,18.892303,293.40094,101826.31,2.1374023e-10,1.5066915
2021-08-24 12:00:00,27.94632,18.544708,243.95619,101955.74,5.375126e-06,1.6273215
2021-08-25 12:00:00,30.130737,22.315338,259.4585,101915.766,1.9575033e-05,2.264896
2021-08-26 12:00:00,29.45523,22.46341,189.276,102095.64,5.560816e-06,2.177897
2021-08-27 12:00:00,30.324615,22.837372,237.56738,102120.42,7.829297e-05,2.1670027
2021-08-28 12:00:00,26.686188,21.230286,106.31448,101902.586,9.38589e-05,1.0664979
2021-08-29 12:00:00,30.676147,19.657501,277.73755,101274.65,1.3431532e-08,2.2093935
2021-08-30 12:00:00,28.23468,18.986084,289.05792,101335.09,0.0,2.6910782
2021-08-31 12:00:00,27.012756,16.502747,280.60544,101727.34,0.0,0.49310234
2021-09-01 12:00:00,31.425537,20.071228,247.34256,101543.47,7.399867e-06,2.718504
2021-09-02 12:00:00,34.0636,21.032898,257.48566,101189.89,0.0,0.4707749
2021-09-03 12:00:00,33.158264,23.832062,271.0237,100897.93,0.0,1.7535377
2021-09-04 12:00:00,28.679688,20.656769,276.32526,101517.24,0.0,3.4632304
2021-09-05 12:00:00,27.523712,15.893127,273.1384,101840.305,0.0,1.3454891
2021-09-06 12:00:00,30.57956,19.571014,156.88158,101345.24,2.2817596e-06,1.45331
2021-09-07 12:00:00,33.430298,20.996033,235.56169,100889.86,1.8252842e-06,1.4558538
2021-09-08 12:00:00,27.058136,21.894287,174.77649,101267.35,0.0,2.5971901
2021-09-09 12:00:00,31.526245,22.344849,231.30429,101101.34,3.3531596e-05,1.8093532
2021-09-10 12:00:00,34.47177,22.757812,245.75377,100813.84,1.4124115e-07,0.82578975
2021-09-11 12:00:00,32.20349,22.214111,254.92078,101014.2,4.555508e-06,1.0511142
2021-09-12 12:00:00,29.950775,24.222046,255.67145,101390.51,0.0,0.9886345
2021-09-13 12:00:00,28.445587,18.237183,252.57045,101936.37,6.7698855e-09,2.621875
2021-09-14 12:00:00,32.362213,20.926544,241.93391,101660.13,0.0,2.6135097
2021-09-15 12:00:00,33.414673,24.402039,198.48518,101485.945,3.2704113e-05,3.1030192
2021-09-16 12:00:00,32.546204,23.484802,226.17247,101308.414,1.9998584e-05,3.1958375
2021-09-17 12:00:00,28.889618,15.949585,235.69081,101267.31,0.0001516027,3.9474351
2021-09-18 12:00:00,19.570007,10.367249,251.76224,102163.25,0.0,2.2781932
2021-09-19 12:00:00,25.390656,12.1839905,242.03151,101965.58,0.0,2.3184018
2021-09-20 12:00:00,27.380096,15.036652,235.04535,101821.89,0.0,0.45099473
2021-09-21 12:00:00,32.82715,20.182587,234.81631,101434.375,0.0,3.78256
2021-09-22 12:00:00,34.430237,21.791779,234.23987,101422.32,0.0,2.8640227
2021-09-23 12:00:00,33.16632,21.861938,178.7985,101459.72,1.093777e-05,1.8453068
2021-09-24 12:00:00,26.522064,20.7789,62.964123,101727.05,7.6425364e-05,2.4758282
2021-09-25 12:00:00,25.658417,20.09784,87.727135,101148.05,2.826257e-07,2.1741662
2021-09-26 12:00:00,24.688934,20.384033,115.53441,100359.84,4.80712e-05,1.6943429
2021-09-27 12:00:00,22.666962,15.58551,226.60167,101032.58,0.0,3.4984903
2021-09-28 12:00:00,22.941162,11.418335,224.2083,101524.05,0.0,0.53855765
2021-09-29 12:00:00,26.952423,15.843506,146.00595,100794.664,4.6258286e-08,2.924787
2021-09-30 12:00:00,24.159119,12.005768,224.73502,101388.36,3.505241e-06,4.269858
2021-10-01 12:00:00,19.854645,8.152588,222.6132,101906.266,0.0,2.237509
2021-10-02 12:00:00,21.741821,9.834076,200.85251,101890.88,0.0,0.7750804
2021-10-03 12:00:00,22.920074,11.433472,202.15022,101711.68,0.0,0.97958004
2021-10-04 12:00:00,23.995422,11.029816,206.15234,101541.88,0.0,0.37086666
2021-10-05 12:00:00,27.789276,14.299896,196.19695,101297.23,0.0,2.318789
2021-10-06 12:00:00,26.382385,17.171875,201.5481,101271.516,0.0,2.4577298
2021-10-07 12:00:00,22.544006,12.612701,203.04575,101801.58,0.0,2.802006
2021-10-08 12:00:00,25.180145,11.634491,200.19682,102141.44,0.0,1.2954037
2021-10-09 12:00:00,28.319946,13.049225,192.3914,102059.14,0.0,2.862759
2021-10-10 12:00:00,28.837067,18.009521,192.308,101501.375,0.0,4.0104547
2021-10-11 12:00:00,26.273407,17.139496,181.52817,100925.59,2.195486e-05,3.4355807
2021-10-12 12:00:00,21.422272,10.108856,192.5041,101690.2,0.0,2.8519788
2021-10-13 12:00:00,23.273071,11.5338745,189.40413,101826.69,0.0,1.8821732
2021-10-14 12:00:00,26.9263,18.151367,186.9138,101377.6,0.0,4.057385
2021-10-15 12:00:00,23.662445,13.2109375,59.40695,101830.05,1.6710515e-05,3.2537167
2021-10-16 12:00:00,22.563416,15.334045,62.093754,101296.98,0.00013173981,2.5892422
2021-10-17 12:00:00,20.71936,16.211578,155.28294,100403.53,0.00010310956,2.4696758
2021-10-18 12:00:00,16.171356,9.521515,174.29935,101200.56,0.0,2.079912
2021-10-19 12:00:00,17.317139,9.042419,109.40474,100824.234,3.831457e-05,0.9474209
2021-10-20 12:00:00,15.218079,11.146637,169.47743,99965.61,3.655905e-05,3.6319637
2021-10-21 12:00:00,12.945282,6.5891113,179.008,101150.17,9.724845e-07,3.343336
2021-10-22 12:00:00,18.657532,5.916565,164.36588,101419.52,0.0,2.4864848
2021-10-23 12:00:00,21.359344,15.319824,31.088057,100222.6,0.0001201284,3.0390193
2021-10-24 12:00:00,22.21811,17.992493,66.601585,99752.2,0.00013139466,3.920921
2021-10-25 12:00:00,20.783997,12.180939,165.80688,101108.92,0.0,4.09742
2021-10-26 12:00:00,14.467834,7.0527344,161.5205,102859.445,0.0,1.317386
2021-10-27 12:00:00,19.733765,11.379639,15.278574,102059.89,0.00034301757,2.2215197
2021-10-28 12:00:00,20.808685,14.030609,25.913633,101554.164,0.00010392551,1.5027187
2021-10-29 12:00:00,22.284882,12.284912,58.25074,101324.56,0.00015888209,2.5518782
2021-10-30 12:00:00,12.576355,6.812317,157.90234,102077.625,0.0,2.3385115
2021-10-31 12:00:00,14.429962,5.7435303,148.1465,101722.55,0.0,2.4166398
2021-11-01 12:00:00,14.798676,8.18338,139.1054,101741.71,2.0666198e-08,1.4287677
2021-11-02 12:00:00,13.260742,8.100922,90.44398,101430.63,4.731484e-07,2.347923
2021-11-03 12:00:00,12.73822,5.4845886,113.22847,101713.63,1.8798475e-05,1.0379936
2021-11-04 12:00:00,15.32251,9.356201,129.428,100967.51,0.000105152656,4.3064027
2021-11-05 12:00:00,9.285614,3.8399353,91.93543,102013.586,0.0,1.7186422
2021-11-06 12:00:00,8.064789,5.595703,60.10145,101052.445,8.113222e-06,1.3690568
2021-11-07 12:00:00,7.359619,4.9624634,17.905388,100068.74,0.00022494169,2.917122
2021-11-08 12:00:00,7.3853455,2.729889,121.32445,100233.75,4.193108e-06,3.5601094
2021-11-09 12:00:00,7.4477234,0.9208679,138.30899,101518.914,0.0,3.462064
2021-11-10 12:00:00,9.977203,1.6515808,134.34177,101960.195,5.2624323e-08,2.7409594
2021-11-11 12:00:00,12.311218,2.2284546,123.23634,101945.37,3.4595516e-07,1.4762257
2021-11-12 12:00:00,10.234589,4.9053345,131.16428,102294.24,0.0,2.3857017
2021-11-13 12:00:00,12.8802185,4.100006,48.36598,103221.75,1.2665751e-05,4.043324
2021-11-14 12:00:00,19.876587,12.971008,14.590606,101473.16,0.00046309503,6.6405134
2021-11-15 12:00:00,18.240906,9.313202,131.12445,101698.77,4.127508e-05,4.2124066
2021-11-16 12:00:00,13.745544,4.4479065,121.27477,102507.21,0.0,0.69249153
2021-11-17 12:00:00,16.152618,10.047546,19.741919,101797.164,7.2587325e-05,2.1234262
2021-11-18 12:00:00,16.753204,2.977356,98.30909,100956.1,0.0004158307,4.329784
2021-11-19 12:00:00,3.854187,-1.5793762,128.47598,102736.15,0.0,3.8720462
2021-11-20 12:00:00,8.817474,-0.71554565,80.08073,102777.02,2.194252e-06,1.6361561
2021-11-21 12:00:00,11.258453,6.7499084,120.89961,101342.914,0.0002629132,3.557537
2021-11-22 12:00:00,8.30838,2.247284,121.64062,102126.78,0.0,2.6083965
2021-11-23 12:00:00,9.63559,0.36431885,106.665184,102590.15,0.0,1.723348
2021-11-24 12:00:00,11.508484,2.9485474,72.98398,102781.14,4.710727e-07,1.922879
2021-11-25 12:00:00,14.260559,8.905975,13.91826,102543.42,0.00018868173,5.2296944
2021-11-26 12:00:00,17.621918,14.2404785,62.654106,101113.695,0.00015497445,2.4173524
2021-11-27 12:00:00,15.128204,9.924866,99.52629,100981.06,4.7404595e-07,1.8372476
2021-11-28 12:00:00,14.067047,8.862915,98.42519,101503.71,6.563694e-07,1.8514841
2021-11-29 12:00:00,13.392242,7.115631,49.79533,101685.72,1.2154882e-06,1.3147099
2021-11-30 12:00:00,14.311096,9.964081,91.8822,101446.55,6.7281953e-06,0.8384769
2021-12-01 12:00:00,11.898163,6.505249,108.18131,102155.5,0.0,2.622122
2021-12-02 12:00:00,11.898743,7.7166443,62.961624,102748.836,4.5768347e-06,1.5615654
2021-12-03 12:00:00,13.201996,9.134857,61.515495,102416.914,3.6610384e-06,1.0584804
2021-12-04 12:00:00,14.843231,10.896149,28.881203,101731.336,1.31586285e-05,1.7048045
2021-12-05 12:00:00,17.678162,14.664642,21.475714,99863.63,0.00012586376,5.3708887
2021-12-06 12:00:00,15.753357,7.95105,86.446,99309.18,2.2538434e-06,4.586577
2021-12-07 12:00:00,7.9067993,3.7667236,103.857994,100342.125,8.568807e-09,3.8015776
2021-12-08 12:00:00,6.3374634,-0.6166992,105.39409,101831.06,0.0,2.4897695
2021-12-09 12:00:00,6.329651,-1.013031,99.26711,102293.72,2.003829e-07,2.0426347
2021-12-10 12:00:00,10.078613,0.26654053,89.26885,102528.24,1.00661666e-07,2.2164478
2021-12-11 12:00:00,11.828796,5.999359,69.25201,101919.08,5.06035e-05,2.6553855
2021-12-12 12:00:00,6.7709656,0.9138794,103.306015,101864.17,0.0,3.2168434
2021-12-13 12:00:00,3.6132202,0.6124878,51.84625,101107.63,8.698162e-07,2.820824
2021-12-14 12:00:00,4.398926,-0.9209595,103.21171,101327.82,0.0,2.9311905
2021-12-15 12:00:00,4.6259155,1.3627625,40.311874,101336.71,4.3025815e-05,2.9833024
2021-12-16 12:00:00,7.2406006,-1.5566711,102.10935,102367.34,0.0,2.189645
2021-12-17 12:00:00,8.105316,-2.0039368,92.39553,102525.29,0.0,0.9860606
2021-12-18 12:00:00,6.0613403,1.8369446,42.72496,102135.38,1.0578541e-06,3.6843626
2021-12-19 12:00:00,9.195404,3.887207,19.846628,101431.53,0.00010219907,4.8864846
2021-12-20 12:00:00,12.033142,6.2550964,57.056248,99137.445,0.00044259222,0.87950796
2021-12-21 12:00:00,6.522949,3.2111511,93.5055,99272.42,7.949368e-06,5.4435244
2021-12-22 12:00:00,6.9559326,2.8286743,98.10139,99759.55,6.051183e-08,3.7880464
2021-12-23 12:00:00,5.685669,1.2986755,72.189804,100051.22,7.900906e-08,2.432909
2021-12-24 12:00:00,4.6388855,-1.642395,101.51815,100171.484,4.3119083e-08,2.9083703
2021-12-25 12:00:00,2.7409668,-2.0784607,101.50678,100896.305,2.1375003e-07,2.372014
2021-12-26 12:00:00,4.8764343,0.745697,89.15197,100667.625,4.1886862e-05,3.3667204
2021-12-27 12:00:00,4.314392,-4.210205,68.83038,101038.95,1.3160753e-06,1.0439053
2021-12-28 12:00:00,6.1903687,-2.0414429,83.70502,101176.34,3.5393605e-05,1.3231846
2021-12-29 12:00:00,13.585999,5.490692,51.834633,100875.266,1.604194e-05,0.9425529
2021-12-30 12:00:00,13.232147,6.620178,37.302204,100865.71,1.3565511e-08,2.467254
2021-12-31 12:00:00,6.4914856,-1.527771,106.79874,102505.95,0.0,3.238171
2022-01-01 12:00:00,9.268097,-1.7009888,20.007757,102268.36,0.00013161293,1.9325067
2022-01-02 12:00:00,9.204376,5.79599,17.773335,100448.94,0.0002997985,1.5051218
2022-01-03 12:00:00,7.1348267,2.856781,13.176501,99552.836,0.0002961624,4.036817
2022-01-04 12:00:00,2.8600464,-1.4208984,100.823,101402.79,7.2030787e-07,6.0072384
2022-01-05 12:00:00,-1.473877,-7.1625977,111.10452,103830.33,0.0,3.635371
2022-01-06 12:00:00,-0.13476562,-5.972687,62.305786,103682.016,9.385827e-06,3.8293986
2022-01-07 12:00:00,9.850189,-0.42041016,15.265674,100129.15,0.00068680843,7.5307546
2022-01-08 12:00:00,8.59082,2.4064941,108.900894,101033.195,2.794964e-06,4.8176966
2022-01-09 12:00:00,6.20282,-1.5985413,108.680466,101902.266,0.0,2.3172357
2022-01-10 12:00:00,8.697693,0.012054443,84.22904,101773.14,0.0,1.6123707
2022-01-11 12:00:00,8.461853,2.7050781,32.850483,101548.9,4.031794e-05,2.8001666
2022-01-12 12:00:00,9.484283,7.637848,61.09253,100486.25,0.00022064561,2.3391569
2022-01-13 12:00:00,7.84906,1.7788391,106.97251,101828.46,9.1036235e-08,1.5848104
2022-01-14 12:00:00,11.940796,3.2612915,74.326965,101880.836,3.4309303e-10,1.7227018
2022-01-15 12:00:00,8.892548,2.7839966,97.6462,101349.65,5.936723e-06,3.3799624
2022-01-16 12:00:00,12.108582,6.5145874,113.40223,99226.17,0.00055502803,1.0493613
2022-01-17 12:00:00,9.641724,1.9464417,98.759224,99114.43,7.173599e-06,4.462482
2022-01-18 12:00:00,3.2859802,0.25405884,78.229675,99716.33,4.993761e-07,4.1093936
2022-01-19 12:00:00,4.370941,-0.026824951,110.66223,100692.55,1.1546292e-06,3.6190176
2022-01-20 12:00:00,1.5050049,-2.7506714,124.8757,101840.54,0.0,2.7716024
2022-01-21 12:00:00,8.299042,-1.2505188,19.506218,101770.73,0.00031408243,3.834859
2022-01-22 12:00:00,15.40094,6.524933,122.325714,99637.17,0.0009863937,3.0706728
2022-01-23 12:00:00,6.7939453,1.2103882,119.24922,100602.33,2.3238048e-08,3.2054055
2022-01-24 12:00:00,4.135803,-1.4893799,128.24693,102135.04,0.0,2.1790214
2022-01-25 12:00:00,5.07666,-1.2115784,83.096954,102155.51,0.0,2.2505255
2022-01-26 12:00:00,3.1534424,1.3962097,15.448425,101248.02,0.00029467168,3.5476701
2022-01-27 12:00:00,1.408081,-1.5658264,47.216076,101585.95,7.561837e-05,5.5004888
2022-01-28 12:00:00,0.49447632,-2.4554443,100.501495,101600.28,1.0404059e-05,5.4175587
2022-01-29 12:00:00,1.6121826,-4.2864685,66.95035,101543.8,1.6244421e-05,3.3095822
2022-01-30 12:00:00,4.7639465,-8.475891,141.09662,101614.945,0.0,1.8926674
2022-01-31 12:00:00,0.56710815,-6.5596924,124.01798,101526.93,4.2255653e-08,3.3123517
2022-02-01 12:00:00,-0.70861816,-7.609558,110.823074,101756.36,2.4453277e-07,1.8279141
2022-02-02 12:00:00,1.2599792,-5.3400574,119.44189,101712.6,5.687656e-06,2.3390937
2022-02-03 12:00:00,3.2561646,-6.271393,144.66537,102777.195,0.0,2.5682616
2022-02-04 12:00:00,8.748138,-4.597046,145.24821,103279.195,0.0,1.0266447
2022-02-05 12:00:00,14.183624,1.1947021,66.03938,102792.79,1.16469e-05,2.8119798
2022-02-06 12:00:00,15.45694,5.301819,65.01533,101498.484,0.00037115457,3.7832558
2022-02-07 12:00:00,6.1202393,-1.2366333,154.24266,102494.23,0.0,3.4255898
2022-02-08 12:00:00,7.065613,-3.0516357,137.12657,102000.336,5.9038032e-09,3.395762
2022-02-09 12:00:00,6.4852905,-1.0188599,154.15886,102423.08,7.686019e-09,2.8140166
2022-02-10 12:00:00,6.7447815,-2.9095764,138.04834,103201.36,0.0,1.3625671
2022-02-11 12:00:00,11.837402,4.3867188,133.21881,100671.375,0.00042150868,2.0734034
2022-02-12 12:00:00,4.2551575,-3.3856812,168.33493,101439.84,2.3602443e-08,4.873592
2022-02-13 12:00:00,6.1907043,-2.855072,164.30867,101219.66,0.0,3.7415843
2022-02-14 12:00:00,7.60614,1.6884155,113.98972,100521.63,3.548767e-08,3.4643834
2022-02-15 12:00:00,6.595001,-3.2808838,167.13689,101404.62,0.0,0.7300337
2022-02-16 12:00:00,6.170685,1.3092651,173.0666,100716.9,0.0,2.3366232
2022-02-17 12:00:00,2.0718994,-3.1485596,174.63777,101823.99,0.0,1.8738353
2022-02-18 12:00:00,6.3622437,-1.6607056,178.6521,101626.66,0.0,0.6725528
2022-02-19 12:00:00,11.679565,-0.5760803,177.86282,100640.68,0.0,2.1752908
2022-02-20 12:00:00,8.212189,3.1737976,68.13877,99543.89,3.4100925e-05,2.8897502
2022-02-21 12:00:00,3.16214,-2.2840576,181.83054,100112.26,5.5348874e-06,6.2894926
2022-02-22 12:00:00,3.8987732,-0.7522583,187.70738,100791.76,0.0,4.0761695
2022-02-23 12:00:00,1.5444031,-2.258545,57.52897,101792.63,1.2416504e-05,2.3744497
2022-02-24 12:00:00,16.478241,1.2636108,150.67113,101170.64,5.506923e-05,1.1994739
2022-02-25 12:00:00,9.979767,-1.378479,41.75394,102290.31,0.00015258818,5.604407
2022-02-26 12:00:00,15.986877,2.1300964,24.880793,100473.22,0.00033706892,4.538296
2022-02-27 12:00:00,16.393616,1.4677124,177.5422,98700.945,1.931292e-05,5.2105455
2022-02-28 12:00:00,6.721863,-0.6600647,189.22935,98886.28,2.6134794e-07,4.1197987
2022-03-01 12:00:00,7.3661194,-2.676941,138.62527,100044.35,1.0668247e-06,3.53782
2022-03-02 12:00:00,-2.0822449,-8.478638,211.14832,102154.445,5.377738e-08,3.162986
2022-03-03 12:00:00,6.92984,-4.5808716,191.59302,102487.695,6.040286e-08,2.279181
2022-03-04 12:00:00,14.1892395,3.7180786,199.70348,102008.88,0.0,3.7264457
2022-03-05 12:00:00,14.494263,7.6213684,107.96154,101612.58,1.6066657e-07,3.0088859
2022-03-06 12:00:00,12.362396,4.6773376,208.8349,101755.08,0.0,1.4439496
2022-03-07 12:00:00,14.463409,3.0931702,205.41437,102205.75,1.432988e-09,1.2675241
2022-03-08 12:00:00,16.306793,4.3449707,212.64572,101931.11,0.0,1.4135177
2022-03-09 12:00:00,11.806915,5.428833,217.32536,101132.984,2.7122155e-08,3.2047727
2022-03-10 12:00:00,5.2258606,-3.8020325,232.02594,102424.92,0.0,4.234749
2022-03-11 12:00:00,5.137085,-2.7945862,229.19519,103045.72,0.0,1.3335679
2022-03-12 12:00:00,12.351593,0.140625,212.54782,102780.4,0.0,1.8884641
2022-03-13 12:00:00,10.869446,2.6318665,233.07053,103022.48,0.0,2.5443957
2022-03-14 12:00:00,11.692688,-0.6416626,232.0225,102862.62,0.0,0.9652013
2022-03-15 12:00:00,16.612335,1.9945068,229.81906,102081.586,0.0,2.6053257
2022-03-16 12:00:00,16.520325,6.479004,230.7606,101049.02,0.0,1.7382904
2022-03-17 12:00:00,11.740723,1.7943115,243.37114,101326.016,3.11718e-08,5.2737083
2022-03-18 12:00:00,10.829132,0.9243469,232.27623,101586.59,1.32751525e-08,2.8922422
2022-03-19 12:00:00,9.476929,1.2941895,218.22133,102041.06,0.0,3.3670475
2022-03-20 12:00:00,11.232483,0.7185669,243.9081,101830.65,6.3192616e-08,4.1304655
2022-03-21 12:00:00,9.491425,7.952759,35.55589,101069.95,9.074729e-05,7.3001094
2022-03-22 12:00:00,8.970551,7.0019226,38.654594,99724.0,0.000359064,6.145004
2022-03-23 12:00:00,11.899811,5.547699,252.70453,99850.95,1.0819193e-08,3.6165218
2022-03-24 12:00:00,13.044708,6.058075,232.37541,100378.55,4.7899566e-06,1.1228892
2022-03-25 12:00:00,11.3471985,8.8125,86.56973,99156.62,0.00016019917,3.1039112
2022-03-26 12:00:00,11.246857,6.5469055,260.3292,100037.44,1.7814817e-05,3.7482276
2022-03-27 12:00:00,7.8515625,2.4571838,68.21199,100755.82,7.268964e-05,3.7110405
2022-03-28 12:00:00,3.0414124,-0.5541992,158.60545,100144.12,1.8753466e-05,5.345163
2022-03-29 12:00:00,14.44043,-0.1355896,192.12822,100186.24,1.8711979e-05,3.7023666
2022-03-30 12:00:00,12.5329895,7.0000305,106.51903,100813.58,8.700279e-06,1.3003496
2022-03-31 12:00:00,19.43747,6.0891113,227.44621,100245.016,1.4257137e-06,0.74415743
2022-04-01 12:00:00,19.79248,10.521271,134.35141,99782.24,6.056944e-06,2.6639552
2022-04-02 12:00:00,17.27005,9.14975,239.6884,100156.39,1.0643696e-05,3.3918798
2022-04-03 12:00:00,14.940643,4.705841,258.27264,101171.39,2.7033131e-08,2.24434
2022-04-04 12:00:00,13.073059,1.7030029,290.8433,101839.26,4.2443357e-08,7.006395
2022-04-05 12:00:00,8.609619,-1.5774231,286.19757,102652.9,0.0,2.2182536
2022-04-06 12:00:00,16.391052,4.115387,203.87485,101778.63,0.0,3.1828766
2022-04-07 12:00:00,15.296051,7.6152344,211.69199,101868.82,1.1121785e-08,0.7733758
2022-04-08 12:00:00,18.900269,5.6912537,191.48508,101907.195,2.8909762e-08,1.8666118
2022-04-09 12:00:00,19.32959,10.886353,159.78676,101570.8,6.982942e-07,3.4264073
2022-04-10 12:00:00,20.334747,14.678558,106.23097,101290.45,4.128269e-05,3.7947738
2022-04-11 12:00:00,22.291718,15.1484375,267.0177,100503.79,5.425966e-06,1.720382
2022-04-12 12:00:00,18.63266,9.141418,100.976456,101521.26,5.6336385e-06,3.989192
2022-04-13 12:00:00,18.732178,10.116882,43.302284,100998.19,0.00023376718,5.351446
2022-04-14 12:00:00,21.904846,16.934387,262.05984,100223.375,0.00011437094,3.2373624
2022-04-15 12:00:00,18.3302,12.523315,88.07783,100562.83,0.00022290437,0.7635807
2022-04-16 12:00:00,15.892212,11.654816,128.23358,100926.54,0.00012070411,2.0972993
2022-04-17 12:00:00,14.638611,9.056335,210.1247,101712.984,1.9325162e-06,2.5075576
2022-04-18 12:00:00,14.7890625,11.032349,226.60786,102062.75,7.7036356e-07,2.421593
2022-04-19 12:00:00,15.264374,8.525543,285.91248,101847.305,0.0,2.2515416
2022-04-20 12:00:00,17.207245,6.556671,303.5778,101435.0,3.282539e-09,0.3180433
2022-04-21 12:00:00,19.92929,9.179718,300.55994,101010.66,0.0,2.8124695
2022-04-22 12:00:00,16.623352,9.1008,319.89246,101358.7,0.0,2.69829
2022-04-23 12:00:00,17.180542,4.455536,322.72256,101821.81,0.0,1.149385
2022-04-24 12:00:00,20.969543,7.867462,255.57584,101563.15,2.493033e-07,2.044394
2022-04-25 12:00:00,22.131287,16.329224,138.03859,101591.19,3.1254527e-05,4.2396135
2022-04-26 12:00:00,20.664093,17.263763,208.60106,102059.37,0.00016863641,1.6491848
2022-04-27 12:00:00,18.876831,15.352814,101.72792,102179.51,0.00011236164,1.4699904
2022-04-28 12:00:00,24.50766,16.916565,237.17761,101150.234,5.796134e-05,2.3921452
2022-04-29 12:00:00,19.588959,16.384796,274.50665,100887.2,6.636941e-05,2.1255188
2022-04-30 12:00:00,16.994171,9.256714,233.71835,101571.93,0.0,2.30562
2022-05-01 12:00:00,15.156555,7.780945,318.8071,101688.68,8.028987e-12,2.8376672
2022-05-02 12:00:00,15.041687,5.8985596,219.50565,101841.836,1.199132e-06,1.8658811
2022-05-03 12:00:00,14.854553,10.551697,134.47153,101170.79,0.00011961982,1.7931085
2022-05-04 12:00:00,18.582,9.39444,328.96005,100854.07,0.0,1.6574796
2022-05-05 12:00:00,18.37024,10.057556,179.39308,100435.19,5.149209e-07,1.988683
2022-05-06 12:00:00,15.692841,7.961212,207.0012,100831.5,4.170981e-05,3.9824178
2022-05-07 12:00:00,13.798798,3.3940125,338.2679,101582.59,0.0,3.1928992
2022-05-08 12:00:00,13.424316,3.6673584,279.15942,102360.52,1.2923902e-06,0.95788497
2022-05-09 12:00:00,13.629913,9.437042,131.95732,102153.98,1.2333643e-05,2.6783001
2022-05-10 12:00:00,15.158997,9.572998,106.866356,102271.02,2.1484275e-05,3.5402553
2022-05-11 12:00:00,19.598358,14.5,59.388157,101327.01,0.0006519222,4.1210847
2022-05-12 12:00:00,21.385956,15.394012,318.89868,100913.74,1.1640022e-05,4.307528
2022-05-13 12:00:00,20.767578,12.498718,330.21817,101313.42,0.0,2.9513712
2022-05-14 12:00:00,19.530487,12.148468,342.68008,101435.73,0.0,2.6796746
2022-05-15 12:00:00,20.095245,9.51413,338.86273,101938.72,0.0,1.1006001
2022-05-16 12:00:00,23.564575,12.973999,278.90256,101574.17,0.0,2.8746364
2022-05-17 12:00:00,25.021484,17.89032,342.77573,100636.516,0.0,1.3151777
2022-05-18 12:00:00,23.140015,15.755981,269.87012,100123.336,0.0,0.58012956
2022-05-19 12:00:00,19.282654,10.523621,124.33862,99651.26,0.00010601854,3.077075
2022-05-20 12:00:00,18.004608,7.0444946,350.22818,100004.52,2.398546e-07,3.0412998
2022-05-21 12:00:00,18.960876,8.951324,310.94434,100081.94,0.0,2.7314944
2022-05-22 12:00:00,20.921478,9.257568,327.83743,100592.35,4.739613e-10,0.9515131
2022-05-23 12:00:00,23.371948,12.789734,275.24493,101306.04,1.3589715e-09,0.4611888
2022-05-24 12:00:00,22.038025,16.023651,229.99998,101641.02,1.1764614e-05,2.3208666
2022-05-25 12:00:00,24.19629,13.445679,327.105,101450.945,1.8621779e-05,1.9365098
2022-05-26 12:00:00,26.16269,12.813049,351.47952,101381.266,1.0125219e-06,3.003115
2022-05-27 12:00:00,24.56781,16.519653,353.8513,101329.89,0.0,1.8853236
2022-05-28 12:00:00,22.724792,12.382568,358.121,101608.44,0.0,2.0679579
2022-05-29 12:00:00,23.562866,11.301544,355.79813,101575.72,0.0,2.4062502
2022-05-30 12:00:00,25.28592,13.858429,290.49966,101392.055,0.0,3.4353955
2022-05-31 12:00:00,27.752716,17.980316,281.60287,101359.14,7.126785e-06,3.5103621
2022-06-01 12:00:00,24.78717,20.07544,112.79179,101294.09,0.00022930276,0.3218801
2022-06-02 12:00:00,21.477448,17.835876,180.34375,101690.61,0.00010972525,1.9302812
2022-06-03 12:00:00,19.628448,17.431763,95.42327,101638.99,0.00036307078,3.574145
2022-06-04 12:00:00,21.980804,15.551636,293.06332,101959.16,0.0,0.8379415
2022-06-05 12:00:00,23.012054,17.953308,84.79656,101382.945,3.6445097e-05,1.9087089
2022-06-06 12:00:00,26.135223,18.92154,310.6746,100682.15,5.214221e-05,3.1044157
2022-06-07 12:00:00,24.656921,18.728912,320.55212,100536.52,2.4627295e-06,1.2893434
2022-06-08 12:00:00,26.39035,18.213837,325.47705,100721.4,1.0074987e-06,1.9699455
2022-06-09 12:00:00,28.132599,20.394531,262.3042,100744.77,1.5342069e-07,2.499049
2022-06-10 12:00:00,27.731995,19.330261,348.6383,101549.24,0.0,0.8801011
2022-06-11 12:00:00,28.477753,21.642395,232.60193,101871.99,6.6914163e-06,2.4535472
2022-06-12 12:00:00,34.30539,22.323181,314.2594,101601.62,0.00015546866,2.1877167
2022-06-13 12:00:00,26.619293,20.394196,346.35587,101934.18,2.477275e-06,0.34454554
2022-06-14 12:00:00,28.745209,20.750397,308.44135,101728.15,2.7196381e-06,2.3511484
2022-06-15 12:00:00,32.67154,24.48581,311.30582,101377.04,1.2902231e-05,3.5519297
2022-06-16 12:00:00,34.21167,23.619507,314.16177,101193.11,0.0001309623,2.7906132
2022-06-17 12:00:00,28.633575,22.733978,302.60922,100782.26,0.0,2.4922338
2022-06-18 12:00:00,27.744781,19.741943,353.0254,101135.06,0.0,0.5248666
2022-06-19 12:00:00,33.860016,22.832611,310.31464,100814.27,0.00012260399,2.4239595
2022-06-20 12:00:00,30.703857,21.533417,339.28772,100768.86,5.8617425e-05,1.4616996
2022-06-21 12:00:00,31.083954,22.438843,343.23038,100969.06,0.0,2.0958672
2022-06-22 12:00:00,31.467072,21.899292,352.05206,101024.88,0.0,0.77613914
2022-06-23 12:00:00,27.570251,22.051117,122.14583,100846.65,0.00023595474,2.477582
2022-06-24 12:00:00,29.04422,21.591553,344.73016,100706.18,9.302303e-05,1.9099385
2022-06-25 12:00:00,29.298126,19.932495,262.6089,100571.87,6.096049e-05,0.84437186
2022-06-26 12:00:00,26.61853,18.059143,360.1572,100748.805,0.0,2.9631498
2022-06-27 12:00:00,24.113556,16.786102,358.88058,101477.24,0.0,1.9559246
2022-06-28 12:00:00,28.285095,16.754456,253.07016,101192.266,2.4892443e-05,2.9934194
2022-06-29 12:00:00,29.234161,21.4729,323.88962,100710.09,6.440163e-05,1.1167253
2022-06-30 12:00:00,29.679962,20.722748,312.29684,101136.77,1.803727e-05,1.3081644
2022-07-01 12:00:00,32.99362,21.243683,346.08707,101023.34,0.0,1.7969519
2022-07-02 12:00:00,31.265533,22.501984,344.45206,100594.664,2.4939141e-05,2.5830426
2022-07-03 12:00:00,30.155426,18.765656,308.20605,101155.33,0.0,1.6246928
2022-07-04 12:00:00,28.61615,20.744324,360.46176,101160.234,0.0,3.3242564
2022-07-05 12:00:00,26.023224,18.391296,118.53827,101414.734,2.9656903e-06,1.7551751
2022-07-06 12:00:00,22.22528,18.750427,82.68056,100916.13,0.00014565073,2.6686044
2022-07-07 12:00:00,21.585907,17.688934,176.7889,100879.55,0.00046116856,3.699924
2022-07-08 12:00:00,26.768158,17.415924,351.00223,101894.11,0.0,0.56612563
2022-07-09 12:00:00,25.676544,19.702606,289.7979,102259.805,9.4272576e-07,1.2033485
2022-07-10 12:00:00,25.891418,19.350647,344.33664,102410.41,0.0,2.184516
2022-07-11 12:00:00,25.65384,19.848541,200.56578,102332.86,8.271235e-06,2.9628034
2022-07-12 12:00:00,26.414612,22.213715,148.51942,102210.09,9.911162e-05,1.500557
2022-07-13 12:00:00,29.409088,22.941803,314.10498,101916.94,3.3810404e-05,2.4080093
2022-07-14 12:00:00,31.122833,23.03543,287.16998,101599.93,5.2407784e-05,2.856697
2022-07-15 12:00:00,31.126434,23.091614,258.1401,101636.57,1.5424075e-05,2.761515
2022-07-16 12:00:00,30.31549,24.671356,206.70338,101717.266,7.0328344e-05,2.7245464
2022-07-17 12:00:00,28.932556,21.44336,238.1782,101753.61,0.00019647874,1.9603188
2022-07-18 12:00:00,28.766602,23.810669,256.58734,101709.31,7.042304e-05,3.1727536
2022-07-19 12:00:00,28.623383,23.220367,216.47092,101823.766,4.535271e-06,3.2145348
2022-07-20 12:00:00,27.228394,22.410461,285.0755,102009.66,7.76647e-12,2.767204
2022-07-21 12:00:00,28.797028,23.534698,205.72478,102273.8,2.5483803e-05,2.9357152
2022-07-22 12:00:00,28.735596,22.77713,286.9258,102405.56,3.3016357e-05,3.1430228
2022-07-23 12:00:00,30.590973,22.772888,291.71863,102094.46,6.302027e-05,3.1120665
2022-07-24 12:00:00,30.789429,22.615845,244.62634,101639.32,0.00016484395,2.6792998
2022-07-25 12:00:00,22.820831,21.401703,71.22097,101560.97,0.00023375214,1.0756966
2022-07-26 12:00:00,25.072784,21.281494,143.14713,101432.59,0.00014222773,1.35277
2022-07-27 12:00:00,27.971527,22.743591,172.2295,100939.74,4.487479e-05,3.4610019
2022-07-28 12:00:00,26.392883,21.081512,271.35135,101099.11,0.00020444898,0.61736387
2022-07-29 12:00:00,24.616669,21.57901,91.70606,101309.85,0.0005471034,0.77547234
2022-07-30 12:00:00,25.428162,21.748169,232.55392,101554.945,1.43657935e-05,1.1933081
2022-07-31 12:00:00,23.64795,21.486237,74.40681,101704.21,0.00020125123,2.4434087
2022-08-01 12:00:00,25.220825,21.394531,111.90083,102006.89,0.00013310775,3.1183958
2022-08-02 12:00:00,26.945038,22.641205,244.38545,102384.805,8.6414923e-07,2.6265025
2022-08-03 12:00:00,25.672424,21.445282,205.36243,102469.23,4.4769063e-06,1.8346101
2022-08-04 12:00:00,25.834412,21.418152,138.69354,102184.55,4.5108086e-06,1.9946997
2022-08-05 12:00:00,30.494904,23.223846,298.90524,101654.39,0.0,2.8845093
2022-08-06 12:00:00,30.45697,24.019196,243.0629,101337.66,2.897293e-05,2.8479931
2022-08-07 12:00:00,28.678802,23.533447,208.87024,101398.91,3.0229743e-05,2.9948971
2022-08-08 12:00:00,25.815735,21.707275,114.3896,101738.88,0.00020203757,3.0240083
2022-08-09 12:00:00,29.628387,22.812012,292.9373,101787.625,8.104922e-05,2.7402644
2022-08-10 12:00:00,29.22461,21.806702,277.9193,101221.6,0.00015915271,1.5806826
2022-08-11 12:00:00,29.845703,22.030853,230.49156,100974.33,2.9406894e-10,1.2055762
2022-08-12 12:00:00,30.435242,21.666351,284.86673,100683.53,0.0,1.0470134
2022-08-13 12:00:00,29.35498,23.846619,277.04,100419.83,1.1478746e-06,2.4740942
2022-08-14 12:00:00,28.911621,20.963287,298.4837,100903.875,0.0,1.6869192
2022-08-15 12:00:00,28.309937,18.22348,303.73636,101269.93,0.0,0.7479145
2022-08-16 12:00:00,33.343536,20.573853,263.93378,100949.99,0.00010684332,3.1070929
2022-08-17 12:00:00,33.35486,22.723328,297.6683,101075.01,3.251199e-05,2.46758
2022-08-18 12:00:00,29.898254,21.806915,282.9147,101596.664,1.7409852e-06,1.07923
2022-08-19 12:00:00,25.6055,21.428375,155.05312,101678.13,7.537644e-07,1.9579972
2022-08-20 12:00:00,25.53778,20.960693,145.7329,101037.46,7.5119984e-05,0.48661757
2022-08-21 12:00:00,25.548096,17.217743,276.03513,101310.05,0.0,2.4024448
2022-08-22 12:00:00,26.204285,18.03598,292.06705,101542.01,0.0,2.2995524
2022-08-23 12:00:00,27.317413,16.827484,294.24332,101474.79,0.0,2.515904
2022-08-24 12:00:00,28.7052,18.305908,284.15445,101157.81,0.0,2.0420895
2022-08-25 12:00:00,28.07071,19.10083,217.35422,101072.91,0.00010124125,0.73266315
2022-08-26 12:00:00,24.795929,19.774994,140.09158,100720.91,0.00016673555,0.6538071
2022-08-27 12:00:00,24.256653,18.702362,275.0459,101271.49,0.0,2.7570055
2022-08-28 12:00:00,25.868622,15.744965,286.14294,101907.016,0.0,2.2483766
2022-08-29 12:00:00,24.33142,17.689484,276.93594,102123.16,2.1562133e-08,2.148625
2022-08-30 12:00:00,24.302307,16.743652,284.40582,102187.07,0.0,1.8734311
2022-08-31 12:00:00,25.425262,15.277527,267.38898,102143.76,0.0,0.44189718
2022-09-01 12:00:00,26.546906,15.258484,277.37082,102161.62,0.0,1.6068531
2022-09-02 12:00:00,29.163818,14.991974,269.26852,101917.445,0.0,1.8835309
2022-09-03 12:00:00,28.851074,19.13977,230.12395,101501.55,0.0,2.5206833
2022-09-04 12:00:00,25.486847,18.720673,138.39302,101178.516,0.0,2.2547529
2022-09-05 12:00:00,28.541718,20.19281,254.00629,100660.37,9.809568e-07,2.2879136
2022-09-06 12:00:00,26.369202,20.875122,192.46376,100602.81,1.1521428e-06,2.5253673
2022-09-07 12:00:00,22.430786,14.64743,273.5956,101584.234,0.0,3.274708
2022-09-08 12:00:00,21.940338,11.852539,270.63535,102004.96,0.0,1.830085
2022-09-09 12:00:00,22.181122,11.274628,181.1801,101897.19,0.0,1.99786
2022-09-10 12:00:00,22.552032,18.157562,76.043236,100983.51,0.00020044153,3.2826064
2022-09-11 12:00:00,22.966553,19.157013,254.3398,100597.25,6.6783655e-06,3.1137612
2022-09-12 12:00:00,20.78711,11.847504,263.02124,101482.484,0.0,1.3854301
2022-09-13 12:00:00,25.822723,12.548798,253.93083,100808.5,0.0,2.8817267
2022-09-14 12:00:00,23.240234,16.725067,104.39901,100201.46,4.031445e-05,1.4103113
2022-09-15 12:00:00,17.58493,10.393524,258.1665,101467.23,1.1227275e-05,3.2331953
2022-09-16 12:00:00,18.286377,8.264465,256.6622,102065.836,0.0,2.0235133
2022-09-17 12:00:00,18.418121,9.971069,91.90729,102256.836,1.4836764e-08,0.71021223
2022-09-18 12:00:00,17.47409,14.092133,53.527615,102215.23,0.00010004715,3.5306215
2022-09-19 12:00:00,24.551971,17.394165,117.06808,101771.984,3.928468e-05,1.5230504
2022-09-20 12:00:00,26.77652,19.77472,193.93483,101851.53,1.6948767e-06,1.5708739
2022-09-21 12:00:00,27.978119,19.618317,232.60141,102026.16,0.0,0.92759246
2022-09-22 12:00:00,24.38211,19.471832,186.1461,102595.016,1.09512676e-07,2.0560565
2022-09-23 12:00:00,23.388824,19.906525,112.60232,102446.35,1.9901321e-05,1.8985829
2022-09-24 12:00:00,28.003174,19.474884,193.6646,101442.84,6.405284e-05,2.6168563
2022-09-25 12:00:00,21.887207,14.195251,232.5613,101747.88,2.1436432e-05,3.1770797
2022-09-26 12:00:00,19.094238,10.654419,227.60114,102280.414,0.0,1.2411526
2022-09-27 12:00:00,24.21762,13.213806,210.20224,101970.95,0.0,2.3049731
2022-09-28 12:00:00,22.037048,17.718018,56.157074,101450.89,5.85912e-05,3.2929814
2022-09-29 12:00:00,23.76886,20.729706,121.26657,100535.79,9.8993376e-05,1.8799434
2022-09-30 12:00:00,21.391327,13.739655,222.93889,101297.98,5.1286844e-07,4.421237
2022-10-01 12:00:00,17.355164,8.221039,217.54861,102347.88,0.0,1.5450678
2022-10-02 12:00:00,21.008698,14.954102,34.847492,101563.305,0.00028094018,4.5709963
2022-10-03 12:00:00,20.332184,14.908325,152.53423,101010.01,0.00013413676,3.3059628
2022-10-04 12:00:00,16.910065,12.005585,212.7072,102303.71,5.8470288e-08,3.0236228
2022-10-05 12:00:00,15.704437,8.112244,211.45082,102841.14,0.0,2.4964554
2022-10-06 12:00:00,18.019989,8.53183,205.2747,102633.73,0.0,1.2081641
2022-10-07 12:00:00,18.751068,9.705322,204.14041,102421.555,0.0,0.9670049
2022-10-08 12:00:00,20.604462,8.9664,202.32686,102292.9,0.0,1.2666911
2022-10-09 12:00:00,21.48526,10.220367,181.5002,102193.2,6.2196676e-07,1.7259923
2022-10-10 12:00:00,23.636444,15.514923,181.95724,101530.375,9.765848e-07,2.5560477
2022-10-11 12:00:00,21.10614,12.50293,40.24816,101683.266,0.0002915446,4.0691686
2022-10-12 12:00:00,14.956909,9.708282,190.25165,102222.88,3.1478262e-07,2.6095753
2022-10-13 12:00:00,17.58014,9.551453,120.82202,101818.65,3.236676e-07,1.3340309
2022-10-14 12:00:00,19.584137,13.826416,96.740265,101504.47,5.9529725e-06,1.2472167
2022-10-15 12:00:00,20.369385,14.222321,77.854614,101318.89,1.9865385e-05,2.162158
2022-10-16 12:00:00,19.007751,10.688751,184.53726,101685.74,1.6446016e-05,4.05264
2022-10-17 12:00:00,11.557831,5.565155,188.1607,102667.31,0.0,2.7314336
2022-10-18 12:00:00,15.380768,4.085541,158.77023,102401.73,0.0,0.64873445
2022-10-19 12:00:00,14.2291565,6.969055,175.08904,101689.07,1.2615159e-07,3.812041
2022-10-20 12:00:00,8.623688,1.4286804,181.2125,102813.51,0.0,2.960519
2022-10-21 12:00:00,14.166199,1.2938538,174.89119,103274.66,0.0,0.3519512
2022-10-22 12:00:00,14.878693,6.7016296,43.772713,102962.445,5.2090854e-05,0.501067
2022-10-23 12:00:00,21.42163,14.32666,84.58432,101667.2,7.45945e-05,2.3669171
2022-10-24 12:00:00,19.740845,11.541016,163.88387,101340.22,3.9059714e-07,3.1212342
2022-10-25 12:00:00,15.353851,6.210205,158.06044,102223.63,0.0,1.91502
2022-10-26 12:00:00,18.027222,5.40271,157.54207,101781.75,0.0,2.9879565
2022-10-27 12:00:00,15.946747,7.8284607,20.771793,101040.21,0.0001978229,1.9292747
2022-10-28 12:00:00,7.7338257,1.6130371,166.1877,102318.14,6.893251e-06,5.517991
2022-10-29 12:00:00,7.330963,0.5821533,164.37715,103007.97,0.0,3.401574
2022-10-30 12:00:00,8.538239,0.25308228,157.04387,103167.33,4.2360872e-07,2.809734
2022-10-31 12:00:00,8.721252,4.038971,59.751637,102476.625,1.0880284e-06,3.2739112
2022-11-01 12:00:00,12.654694,3.4194336,149.61505,101711.39,3.6972702e-07,2.7096817
2022-11-02 12:00:00,10.371185,4.2596436,150.87817,102346.74,0.0,2.9155273
2022-11-03 12:00:00,11.134674,1.3165588,116.418564,102896.84,0.0,1.5818787
2022-11-04 12:00:00,17.911255,10.990143,24.628086,101895.36,0.0001831557,3.1329865
2022-11-05 12:00:00,19.934692,14.1684265,80.897835,100911.29,7.853876e-05,4.2527666
2022-11-06 12:00:00,14.038574,7.8151245,139.6894,101541.74,0.0,2.8656042
2022-11-07 12:00:00,8.906799,5.095764,75.04059,101752.234,0.0,2.6860435
2022-11-08 12:00:00,8.801178,3.175476,119.98755,101935.89,2.6067934e-07,3.321754
2022-11-09 12:00:00,9.771912,6.222351,40.11352,101366.38,0.00016020218,3.4282846
2022-11-10 12:00:00,9.643341,8.516449,23.164934,101346.09,0.0001670297,5.013383
2022-11-11 12:00:00,10.851227,8.741516,34.653095,101364.336,0.00023977911,5.0616927
2022-11-12 12:00:00,10.407288,4.312317,130.62857,101558.78,0.0,2.6125195
2022-11-13 12:00:00,8.993774,2.803955,133.40024,102157.03,0.0,1.8832266
2022-11-14 12:00:00,9.257141,1.0580444,128.79216,102462.87,1.9387693e-07,1.4654454
2022-11-15 12:00:00,12.666351,2.5560303,120.83969,102406.25,2.4083815e-07,1.7665602
2022-11-16 12:00:00,11.309235,5.981842,44.48137,102232.97,8.3338135e-05,2.6058252
2022-11-17 12:00:00,14.652588,11.393188,59.90933,100926.55,0.00026644793,4.170328
2022-11-18 12:00:00,13.918396,7.5485535,108.80205,101646.336,0.0,0.7778609
2022-11-19 12:00:00,14.693176,7.3471985,64.63471,101466.27,9.916467e-07,0.9543398
2022-11-20 12:00:00,12.69516,7.3962097,102.64582,101615.9,0.0,2.2072215
2022-11-21 12:00:00,11.318146,5.2342224,37.791973,101615.24,1.952625e-05,1.0737857
2022-11-22 12:00:00,15.39502,9.892059,71.21296,100910.586,0.000121367295,2.5439115
2022-11-23 12:00:00,9.749878,2.9707642,79.85715,102101.55,0.0,1.7075092
2022-11-24 12:00:00,19.086487,6.451111,19.334997,100651.766,0.00038410144,2.265727
2022-11-25 12:00:00,16.981232,9.862091,114.42941,101156.6,6.2774175e-06,2.7998943
2022-11-26 12:00:00,13.138275,6.5641785,102.72222,101372.99,0.0,2.5779781
2022-11-27 12:00:00,9.4739685,2.7202454,114.1212,102246.5,0.0,2.392641
2022-11-28 12:00:00,10.748016,4.753296,20.999445,101114.74,0.00010700819,1.0816298
2022-11-29 12:00:00,8.290009,2.2005005,67.689644,101558.28,1.2124471e-05,3.2635891
2022-11-30 12:00:00,4.621582,1.7844543,28.893724,101796.42,0.00023554718,4.279728
2022-12-01 12:00:00,9.767426,2.7562866,63.680447,102148.49,4.9684255e-05,2.941086
2022-12-02 12:00:00,10.708466,6.427582,16.037579,100740.15,0.0004124044,4.984578
2022-12-03 12:00:00,8.159821,3.903778,97.881424,101361.086,7.130106e-05,5.1818943
2022-12-04 12:00:00,8.125885,-0.030303955,107.26305,102028.31,0.0,1.3497379
2022-12-05 12:00:00,13.232513,3.5550537,43.669174,101592.914,1.238961e-06,1.6275519
2022-12-06 12:00:00,14.0138855,6.597748,44.4056,101105.53,2.8626755e-05,0.88886636
2022-12-07 12:00:00,12.847076,4.8972473,105.88041,101414.84,7.1685463e-06,2.660738
2022-12-08 12:00:00,4.9957886,0.29864502,61.918385,102337.8,2.4280523e-06,2.9658127
2022-12-09 12:00:00,5.2955017,-1.5837097,104.19912,102230.49,2.0444359e-08,1.8695773
2022-12-10 12:00:00,6.1073914,-0.21200562,104.80979,101641.54,0.0,2.1978564
2022-12-11 12:00:00,9.243164,1.7947388,45.960644,100382.67,1.4509621e-05,3.304413
2022-12-12 12:00:00,7.4833374,-3.1869202,107.992386,101331.72,1.7460965e-06,7.284116
2022-12-13 12:00:00,0.49612427,-5.001343,48.636566,101951.336,8.204032e-05,1.5969691
2022-12-14 12:00:00,0.63653564,-3.4320374,48.79157,101387.35,0.00011286507,2.8596354
2022-12-15 12:00:00,0.15631104,-6.9284973,100.649704,102089.26,7.0985266e-07,2.1392753
2022-12-16 12:00:00,4.57016,-5.442932,27.03438,102433.87,0.00020637077,2.7747612
2022-12-17 12:00:00,10.176971,4.2455444,20.662447,101156.055,8.787232e-05,2.9089885
2022-12-18 12:00:00,8.002594,0.00048828125,45.970684,101261.01,2.7103815e-05,2.7380257
2022-12-19 12:00:00,6.4402466,-3.786377,102.34598,102526.25,0.0,2.5112789
2022-12-20 12:00:00,10.670166,-3.222046,95.19293,102448.1,0.0,1.8993921
2022-12-21 12:00:00,16.86264,2.9813232,15.749448,100702.48,0.00024183428,1.9822646
2022-12-22 12:00:00,17.41034,0.13842773,93.73628,99704.59,1.0188828e-06,4.9353695
2022-12-23 12:00:00,0.023132324,-4.7241516,104.41181,101622.29,0.0,4.2102404
2022-12-24 12:00:00,0.5414734,-5.434906,103.99599,102756.414,0.0,2.6449435
2022-12-25 12:00:00,1.2117004,-5.7768555,104.796585,102459.875,4.8758264e-09,2.0141835
2022-12-26 12:00:00,3.8166199,-3.9361877,60.47548,101592.93,0.0,2.2086177
2022-12-27 12:00:00,3.9229126,0.043792725,99.94972,101154.555,3.12622e-05,4.0202107
2022-12-28 12:00:00,3.674347,-2.6677246,97.40283,102652.8,1.4062475e-07,3.0963387
2022-12-29 12:00:00,8.026459,-0.98095703,44.19184,102955.195,2.207591e-05,2.8177428
2022-12-30 12:00:00,15.104126,4.5062866,95.27984,101115.41,0.00045348873,2.712194
2022-12-31 12:00:00,4.9865723,0.94000244,103.91403,101965.5,0.0,3.9513257
2023-01-01 12:00:00,3.8807373,-3.3658752,81.75476,102589.55,0.0,2.138541
2023-01-02 12:00:00,9.042633,1.5921936,32.77124,102424.24,1.7992666e-06,1.4312618
2023-01-03 12:00:00,16.669312,8.199493,47.651104,101318.125,9.859395e-05,2.9517305
2023-01-04 12:00:00,14.994293,5.867035,21.704643,101827.73,2.3135726e-06,2.1405482
2023-01-05 12:00:00,5.816803,-0.46347046,91.30044,102956.984,0.0,2.2208233
2023-01-06 12:00:00,15.959595,3.013092,21.262455,101708.52,0.0002665254,1.4102732
2023-01-07 12:00:00,15.180695,1.9134827,102.24886,102116.96,1.7553903e-05,3.02081
2023-01-08 12:00:00,2.236206,-1.2109375,42.031094,102395.38,1.9099833e-05,3.26622
2023-01-09 12:00:00,3.9217834,-3.4838562,111.71922,101902.7,1.5890491e-05,2.512622
2023-01-10 12:00:00,7.1496277,-7.836548,111.36187,102484.6,1.909378e-10,1.0278934
2023-01-11 12:00:00,14.765717,0.16305542,72.99984,102073.836,1.0182723e-05,2.0272427
2023-01-12 12:00:00,13.634247,12.025543,12.307519,100226.4,0.0003630331,0.74823195
2023-01-13 12:00:00,12.002502,-0.007537842,115.9821,101316.72,1.6104468e-05,3.834274
2023-01-14 12:00:00,6.811493,-3.353302,115.68808,101842.984,0.0,2.0743053
2023-01-15 12:00:00,2.863556,-6.1998596,120.42501,102498.734,2.313474e-06,5.235701
2023-01-16 12:00:00,1.5569763,-5.122589,118.39776,103020.99,0.0,2.9717948
2023-01-17 12:00:00,4.7737427,-3.7091064,118.951225,103008.05,0.0,1.9269845
2023-01-18 12:00:00,6.1805115,-2.737793,114.33821,102942.13,0.0,2.810076
2023-01-19 12:00:00,9.5208435,2.230835,98.94104,102565.51,1.0065511e-07,2.8969913
2023-01-20 12:00:00,9.813599,3.0621033,63.724987,102050.84,1.18437165e-05,4.141217
2023-01-21 12:00:00,15.816528,9.854126,15.30796,100109.84,0.0008786174,6.248589
2023-01-22 12:00:00,13.358398,6.766632,117.902954,99730.19,4.32499e-05,3.1638541
2023-01-23 12:00:00,8.669403,2.7722168,76.78589,100745.6,2.349377e-07,2.21831
2023-01-24 12:00:00,4.7567444,-0.70791626,128.24548,101481.15,0.0,3.602913
2023-01-25 12:00:00,2.7666626,-1.3701782,63.56699,101560.11,2.1374023e-10,1.7923757
2023-01-26 12:00:00,2.3246765,-2.361847,129.7996,101800.39,7.1308154e-10,2.4736266
2023-01-27 12:00:00,1.3865356,-2.8199158,133.5498,102079.46,0.0,2.1161306
2023-01-28 12:00:00,6.249481,-1.1415405,99.55967,101418.91,6.186613e-07,3.4522195
2023-01-29 12:00:00,3.5095215,-0.9511719,135.13705,101454.65,1.6552319e-08,3.0724418
2023-01-30 12:00:00,-0.10095215,-2.2176208,142.73637,102487.43,1.2867733e-07,4.2728033
2023-01-31 12:00:00,4.5145874,-3.4450989,125.502594,102857.125,0.0,0.9353122
2023-02-01 12:00:00,9.369476,0.29901123,138.79367,102575.164,0.0,1.8675041
2023-02-02 12:00:00,12.866211,2.9085693,130.89328,102288.875,3.2197852e-07,1.8538443
2023-02-03 12:00:00,11.010254,3.0493774,133.41754,102149.1,0.0,1.3733028
2023-02-04 12:00:00,12.26062,2.4746094,116.00393,102628.79,1.5674536e-06,1.0724955
2023-02-05 12:00:00,14.655212,3.83786,142.27806,102680.555,0.0,2.0197084
2023-02-06 12:00:00,14.949127,8.553314,76.557,102116.01,4.4480958e-06,2.8481238
2023-02-07 12:00:00,14.421814,8.030823,140.18066,101989.086,2.7368623e-07,1.0344671
2023-02-08 12:00:00,11.17218,7.972687,76.4055,102248.55,9.9235285e-06,1.1901261
2023-02-09 12:00:00,16.770355,9.461212,120.27268,101284.555,3.9386618e-05,2.1752262
2023-02-10 12:00:00,11.511749,4.5451355,153.12225,101389.945,6.67253e-08,3.352192
2023-02-11 12:00:00,5.5619507,1.0896606,162.2358,101413.03,4.3150467e-07,3.5428815
2023-02-12 12:00:00,4.7125854,-1.8203125,164.46388,101387.79,0.0,1.668244
2023-02-13 12:00:00,5.408722,-0.4656372,166.29195,101115.65,9.167719e-08,3.3154051
2023-02-14 12:00:00,9.420868,0.45788574,67.42668,100913.3,0.0,2.4378507
2023-02-15 12:00:00,11.974487,7.59317,67.95017,101109.8,2.537921e-05,1.0120326
2023-02-16 12:00:00,11.541412,8.431427,76.571815,101519.93,3.702586e-05,1.6185205
2023-02-17 12:00:00,10.136566,6.959961,57.767536,101914.96,4.3178676e-05,3.4013963
2023-02-18 12:00:00,7.6893005,5.736847,50.708363,101557.71,0.00031032393,6.314411
2023-02-19 12:00:00,11.357117,4.839142,177.19403,101574.336,4.1213127e-07,3.8238895
2023-02-20 12:00:00,11.757935,0.98535156,178.92213,101427.27,0.0,1.473017
2023-02-21 12:00:00,10.804504,2.3782043,167.98712,100463.56,1.6496918e-09,2.0309882
2023-02-22 12:00:00,7.1078186,0.45669556,127.02924,99540.74,1.8487304e-07,4.699929
2023-02-23 12:00:00,0.4069519,-3.5607605,149.16815,99381.51,3.7619392e-07,5.8682704
2023-02-24 12:00:00,2.3335876,-2.4530334,168.5652,99893.06,3.6477988e-07,5.86329
2023-02-25 12:00:00,6.550049,-1.7287598,189.78596,100687.09,0.0,3.1526744
2023-02-26 12:00:00,11.220154,0.16137695,143.9178,100446.55,5.9263602e-06,3.2324214
2023-02-27 12:00:00,-0.03289795,-4.068817,84.07638,102496.86,0.00011185765,4.295049
2023-02-28 12:00:00,4.388153,-2.006012,91.432945,102693.65,0.000111733534,5.1280546
2023-03-01 12:00:00,11.860931,4.4265137,52.18596,102133.86,3.906551e-05,2.8168142
2023-03-02 12:00:00,14.1249695,8.887085,93.922585,100832.08,4.5536253e-05,1.8145489
2023-03-03 12:00:00,11.7361145,0.72628784,211.70413,101447.836,5.560924e-06,3.4261918
2023-03-04 12:00:00,12.457886,-1.456604,91.68146,102280.55,9.1906696e-07,1.4203906
2023-03-05 12:00:00,13.811798,8.797852,88.05238,100754.06,0.00047779936,2.133924
2023-03-06 12:00:00,9.966797,2.8137817,212.09512,101518.8,1.38974645e-08,2.7666178
2023-03-07 12:00:00,9.670349,-0.21499634,141.2375,101624.54,6.399094e-07,1.8150043
2023-03-08 12:00:00,6.962799,0.09957886,219.796,101955.31,1.1970475e-06,1.9904712
2023-03-09 12:00:00,12.783386,0.9779358,98.85106,101052.766,3.6372192e-05,2.908431
2023-03-10 12:00:00,11.243408,5.211334,207.42068,100800.86,3.2065256e-07,3.4839897
2023-03-11 12:00:00,6.74057,-0.14813232,173.98302,101741.836,0.0,0.9949981
2023-03-12 12:00:00,10.104218,1.820404,225.46925,102054.58,0.0,2.2913656
2023-03-13 12:00:00,13.851379,3.2452087,161.03712,101858.766,3.367977e-06,3.0045304
2023-03-14 12:00:00,16.838104,11.877533,96.10946,99404.54,0.00028584927,3.5470679
2023-03-15 12:00:00,14.589355,8.248383,174.16078,98331.414,1.6644592e-06,4.273726
2023-03-16 12:00:00,8.097534,-0.089538574,242.10658,99821.02,1.6651336e-05,4.944046
2023-03-17 12:00:00,2.0544434,-3.6808472,243.79987,102057.52,0.0,1.5459917
2023-03-18 12:00:00,10.397156,-0.79190063,239.00417,102573.055,0.0,1.0459992
2023-03-19 12:00:00,13.808746,4.4642334,224.18681,102107.836,5.8300653e-08,2.2190146
2023-03-20 12:00:00,13.632507,5.059906,231.37334,101423.195,7.3341916e-08,2.5055213
2023-03-21 12:00:00,11.296234,7.0376587,174.87254,101331.55,5.1753876e-05,2.330739
2023-03-22 12:00:00,14.667023,0.8477173,258.5167,100810.875,0.0,2.234056
2023-03-23 12:00:00,19.499176,5.941223,242.64157,100960.71,0.0,1.7148399
2023-03-24 12:00:00,18.819855,14.4192505,109.34275,100483.68,1.6094594e-06,5.3465705
2023-03-25 12:00:00,18.496735,9.337616,219.97232,100949.98,0.00020884945,3.2412257
2023-03-26 12:00:00,9.117645,-0.19223022,260.28082,102702.086,6.819675e-08,2.427196
2023-03-27 12:00:00,6.4974365,4.563202,77.26629,102197.734,0.00038945017,5.0371795
2023-03-28 12:00:00,8.590088,3.9176636,91.49889,102531.37,1.62336e-05,2.9804318
2023-03-29 12:00:00,11.080505,7.9083557,127.098274,102739.445,4.1691692e-05,4.05075
2023-03-30 12:00:00,12.24054,7.01828,141.54434,102791.24,8.600578e-06,3.3362231
2023-03-31 12:00:00,16.617859,10.725372,54.293858,102189.72,0.00013734582,1.5810955
2023-04-01 12:00:00,19.653595,13.834534,119.42226,101532.82,6.426049e-06,1.9885383
2023-04-02 12:00:00,22.626556,15.731079,176.04906,100698.6,6.0479208e-05,2.7379823
2023-04-03 12:00:00,19.737854,13.276123,274.3442,100778.94,1.4004444e-08,3.5296304
2023-04-04 12:00:00,18.051666,8.2847595,251.61583,101001.555,0.0,2.8324296
2023-04-05 12:00:00,15.946655,9.345245,256.8739,101042.26,0.0,1.8147463
2023-04-06 12:00:00,13.033508,9.97641,41.3917,101225.375,0.00018466121,5.6720796
2023-04-07 12:00:00,16.82666,12.371338,176.43584,100259.78,5.323398e-05,2.2376544
2023-04-08 12:00:00,16.852783,12.804565,196.43172,100561.7,0.00012775499,2.0416448
2023-04-09 12:00:00,18.098145,8.7039795,273.52356,100716.74,0.0,1.9311479
2023-04-10 12:00:00,22.364532,10.748596,231.26561,100472.74,2.5803977e-06,2.2656128
2023-04-11 12:00:00,19.68808,11.03186,137.57938,100127.21,3.782787e-05,2.1350276
2023-04-12 12:00:00,16.886353,6.021637,278.1376,100710.15,0.0,3.2984307
2023-04-13 12:00:00,19.84201,6.726074,288.9292,100789.414,0.0,2.5888693
2023-04-14 12:00:00,22.738403,12.971008,248.85324,100314.04,2.3703258e-06,2.642516
2023-04-15 12:00:00,18.226746,9.459656,299.71304,100752.02,0.0,4.3652344
2023-04-16 12:00:00,12.374207,4.190399,308.08417,100605.1,0.0,4.6659646
2023-04-17 12:00:00,14.475159,3.3735352,306.63562,100315.76,0.0,2.7666228
2023-04-18 12:00:00,13.692139,7.1045837,196.26305,100339.96,1.8865863e-06,3.5276275
2023-04-19 12:00:00,11.200836,6.1271973,247.93112,100729.09,0.0,4.3525004
2023-04-20 12:00:00,17.075043,3.6444397,317.80728,100734.85,0.0,2.952525
2023-04-21 12:00:00,18.79425,4.838684,279.66855,100687.58,0.0,0.5522217
2023-04-22 12:00:00,15.13501,9.339996,87.59306,99556.89,0.00012918349,3.3326747
2023-04-23 12:00:00,10.5466,6.558563,305.8134,99501.99,3.5579116e-05,5.112936
2023-04-24 12:00:00,13.78241,2.3217163,321.3209,100216.086,0.0,2.1454616
2023-04-25 12:00:00,14.304565,7.10495,207.61372,100045.4,0.0,3.9235137
2023-04-26 12:00:00,17.63208,5.721924,305.94537,100477.36,0.0,2.253471
2023-04-27 12:00:00,18.652863,5.146454,324.92892,100872.27,0.0,0.3220222
2023-04-28 12:00:00,17.533875,10.043854,106.638466,100105.73,0.00018881627,2.313309
2023-04-29 12:00:00,12.012787,6.587555,279.4988,100103.17,3.2856722e-08,4.7739396
2023-04-30 12:00:00,12.878784,4.765686,274.23618,101284.63,0.0,3.6504333
2023-05-01 12:00:00,11.255859,4.548279,315.76575,101888.914,4.774365e-05,4.0399194
2023-05-02 12:00:00,15.906067,4.0648193,334.3069,102415.44,8.156165e-08,2.9219615
2023-05-03 12:00:00,17.00476,6.260742,277.28937,102253.57,0.0,1.2729487
2023-05-04 12:00:00,14.779785,10.697601,40.51611,101953.555,0.00019292856,5.1082115
2023-05-05 12:00:00,10.795532,8.773712,61.385338,101228.0,0.0005203272,7.6032095
2023-05-06 12:00:00,11.158569,7.7518616,90.48147,101599.28,9.408114e-05,4.021399
2023-05-07 12:00:00,10.798157,9.312622,68.62031,101454.945,7.948247e-05,4.013108
2023-05-08 12:00:00,12.092072,9.7447815,90.57419,101019.69,0.0001594208,4.5418615
2023-05-09 12:00:00,11.344147,8.433258,68.88884,100055.16,0.0001485808,5.3946853
2023-05-10 12:00:00,13.727417,7.971924,197.66814,100159.21,1.3403804e-05,3.379998
2023-05-11 12:00:00,16.263397,8.345673,316.2992,101058.734,8.3309374e-07,3.8157206
2023-05-12 12:00:00,15.027893,7.7478943,108.89579,101039.05,0.00015621995,1.1856388
2023-05-13 12:00:00,18.35611,8.755798,336.38998,100429.82,8.348386e-05,2.7400095
2023-05-14 12:00:00,15.638123,9.651978,298.13348,100543.35,9.1078064e-08,3.1915133
2023-05-15 12:00:00,13.233093,8.032257,257.835,101015.96,1.0947942e-06,3.0703402
2023-05-16 12:00:00,18.747162,6.9393005,346.41766,100983.68,9.479226e-10,2.6547637
2023-05-17 12:00:00,22.776947,9.841614,345.90408,101156.93,0.0,2.9583182
2023-05-18 12:00:00,23.39209,11.98703,252.46902,101416.0,0.0,1.7971101
2023-05-19 12:00:00,20.700836,15.794281,93.69894,101292.28,6.784027e-05,1.5627813
2023-05-20 12:00:00,19.870575,15.997681,112.27067,101386.66,8.676192e-06,2.6798518
2023-05-21 12:00:00,26.609161,19.571014,263.1033,100878.01,0.0001747452,2.8675182
2023-05-22 12:00:00,24.202362,16.316986,333.18066,102087.39,0.0,0.4106069
2023-05-23 12:00:00,24.918365,18.101349,145.70006,102326.805,1.0505168e-05,3.3605828
2023-05-24 12:00:00,25.02536,20.562042,211.65677,102071.97,6.466106e-05,2.2039464
2023-05-25 12:00:00,21.911957,18.53659,105.72112,101850.41,0.0002556088,0.6404471
2023-05-26 12:00:00,20.918152,13.413788,335.98547,102043.22,0.0,1.4655583
2023-05-27 12:00:00,24.742798,12.533173,352.49673,101922.555,0.0,1.7253467
2023-05-28 12:00:00,24.812897,15.042114,346.00662,102130.336,0.0,0.29514113
2023-05-29 12:00:00,26.43045,17.159485,343.5289,102165.55,5.0880044e-07,2.7858639
2023-05-30 12:00:00,24.011932,18.64566,199.4288,101680.14,2.0370253e-06,2.0531833
2023-05-31 12:00:00,30.682922,20.322021,341.7514,100842.14,0.0,3.032045
2023-06-01 12:00:00,27.670563,19.121338,234.0745,100177.07,6.3464744e-05,3.1941311
2023-06-02 12:00:00,21.360962,13.156464,351.64798,101078.63,2.3209451e-07,3.277455
2023-06-03 12:00:00,26.175842,12.929443,357.6229,101318.266,0.0,2.029897
2023-06-04 12:00:00,23.832336,18.987,192.28384,101066.19,5.218826e-06,2.6358643
2023-06-05 12:00:00,25.315704,18.259674,173.36195,100983.52,1.32506175e-05,2.3737087
2023-06-06 12:00:00,28.449738,18.28476,306.45383,101325.79,1.8632768e-08,0.69687593
2023-06-07 12:00:00,29.575592,20.073914,323.57358,101310.46,1.5737823e-08,2.4285223
2023-06-08 12:00:00,29.31253,21.954437,206.43402,101199.75,5.543702e-06,3.2497134
2023-06-09 12:00:00,30.723358,24.016388,284.9869,100927.79,6.1018658e-05,3.1285865
2023-06-10 12:00:00,27.320343,18.919739,315.25714,101143.96,0.00010265279,3.5753877
2023-06-11 12:00:00,24.082489,13.369537,326.83365,101849.516,0.0,0.87915087
2023-06-12 12:00:00,27.059784,18.102844,113.667015,101074.04,0.0001972698,3.6841178
2023-06-13 12:00:00,24.339142,20.169098,274.9216,100686.84,0.00018360124,0.67555577
2023-06-14 12:00:00,23.192108,18.815186,220.44371,101274.17,0.00014443792,0.8398569
2023-06-15 12:00:00,23.404755,19.337006,101.083145,100889.195,0.0003218071,0.8202736
2023-06-16 12:00:00,25.534485,18.03595,296.11346,100562.664,6.56659e-05,2.519063
2023-06-17 12:00:00,20.185425,13.69809,310.38498,100932.3,9.9470746e-08,4.272248
2023-06-18 12:00:00,25.01001,13.977356,361.70935,101538.02,0.0,2.1390822
2023-06-19 12:00:00,24.286438,17.178864,156.45992,101153.29,5.956768e-05,1.4874175
2023-06-20 12:00:00,28.314087,20.720642,208.92609,100302.805,0.00027272874,0.9274083
2023-06-21 12:00:00,26.602478,20.947052,325.18762,100429.31,5.834549e-07,1.6412951
2023-06-22 12:00:00,24.66864,20.596924,145.97702,100455.04,4.1312738e-05,1.2195468
2023-06-23 12:00:00,28.095154,19.899567,348.63446,100781.984,0.0,1.6156347
2023-06-24 12:00:00,27.819153,20.839844,350.7357,100803.38,3.5324272e-05,2.1374063
2023-06-25 12:00:00,30.006195,20.380157,325.74875,101041.07,0.0,2.0964637
2023-06-26 12:00:00,27.040985,20.940826,214.26001,101138.81,0.0,0.9888894
2023-06-27 12:00:00,35.293518,22.1503,343.9352,100844.875,1.6759597e-05,1.9158738
2023-06-28 12:00:00,29.694855,22.344757,276.62723,101418.06,4.497551e-05,0.9264694
2023-06-29 12:00:00,31.329865,21.446686,306.9532,101270.23,0.0,1.7356056
2023-06-30 12:00:00,29.088959,20.524536,269.64032,100918.04,0.0004953901,1.4127102
2023-07-01 12:00:00,28.329346,19.855042,340.45834,101420.42,0.0,0.35197705
2023-07-02 12:00:00,25.353912,21.037903,84.949394,101039.19,2.9761151e-05,2.2192373
2023-07-03 12:00:00,26.86322,18.646393,332.4365,101081.79,1.9622472e-05,1.8311572
2023-07-04 12:00:00,26.507355,18.228333,338.55258,101089.89,5.2505857e-06,1.5007007
2023-07-05 12:00:00,27.122803,18.503601,326.23676,101285.8,4.605446e-06,1.5844283
2023-07-06 12:00:00,26.029053,18.990997,288.1769,101868.63,6.5191225e-06,1.211653
2023-07-07 12:00:00,25.266174,20.032013,212.292,102379.46,1.6584061e-05,2.1396005
2023-07-08 12:00:00,27.440277,19.074036,324.0045,102439.195,3.1354207e-06,1.056991
2023-07-09 12:00:00,28.686707,21.681915,257.42807,102173.61,0.00010555335,2.2788317
2023-07-10 12:00:00,25.470612,20.57077,164.94315,101479.88,0.00014123166,1.4119186
2023-07-11 12:00:00,25.778961,18.747192,224.1324,101167.92,0.0005234675,1.1548647
2023-07-12 12:00:00,28.826904,19.801208,340.3848,101202.39,0.0,1.5031722
2023-07-13 12:00:00,29.691467,20.298065,225.56583,101160.09,0.0,2.8366091
2023-07-14 12:00:00,29.13507,23.125793,289.9058,101046.38,9.981085e-05,2.3797243
2023-07-15 12:00:00,30.307678,21.519836,308.1894,101311.164,8.117024e-05,1.9733917
2023-07-16 12:00:00,29.643494,23.257019,276.61508,101416.68,2.8395645e-05,2.2599335
2023-07-17 12:00:00,27.654266,20.668762,301.37408,101352.12,0.00038143335,1.2669723
2023-07-18 12:00:00,27.430267,20.14087,342.51328,101519.93,0.0,0.9342998
2023-07-19 12:00:00,28.344269,19.453491,331.0723,101242.516,0.0,1.8017366
2023-07-20 12:00:00,28.797302,19.7995,258.06302,100966.65,0.0,0.6148494
2023-07-21 12:00:00,28.46582,21.435272,339.07825,101421.31,0.0,1.0285448
2023-07-22 12:00:00,31.153046,20.947906,308.88876,101421.15,0.0,2.8600876
2023-07-23 12:00:00,31.870575,23.165802,248.13783,100848.58,6.305582e-05,1.097045
2023-07-24 12:00:00,27.28534,22.590637,154.01297,100578.84,0.00013440849,1.1442728
2023-07-25 12:00:00,29.73883,21.127258,321.9687,100690.54,4.6259545e-05,1.1251211
2023-07-26 12:00:00,28.475464,21.761627,205.19191,100970.85,6.1432445e-05,1.2390842
2023-07-27 12:00:00,27.539062,21.09842,304.97638,101345.29,1.50275255e-05,0.5776781
2023-07-28 12:00:00,27.065674,21.47293,240.67422,101465.0,1.0953974e-07,1.541298
2023-07-29 12:00:00,26.849426,20.927765,296.3195,101245.34,2.5663576e-06,1.8460311
2023-07-30 12:00:00,27.904633,20.225555,315.5073,101490.78,6.72101e-08,1.8801148
2023-07-31 12:00:00,28.694305,20.030853,308.9114,101566.48,0.0,1.658183
2023-08-01 12:00:00,30.375519,21.076904,210.6391,101113.555,0.00011547323,3.3893385
2023-08-02 12:00:00,28.044617,21.695679,214.29475,100996.69,0.00018404858,2.5882304
2023-08-03 12:00:00,25.793945,20.69748,169.80367,101093.875,1.7990256e-05,0.96951336
2023-08-04 12:00:00,27.029877,19.828918,280.4817,101147.914,9.555939e-10,1.640209
2023-08-05 12:00:00,28.07425,20.97049,311.62128,101164.66,0.0,2.2861202
2023-08-06 12:00:00,30.92627,19.788391,296.53766,101303.68,0.0,2.2212813
2023-08-07 12:00:00,32.60373,20.475739,318.86664,101355.52,0.0,2.0259995
2023-08-08 12:00:00,31.470093,23.403534,278.77588,101386.83,3.372968e-06,2.3098552
2023-08-09 12:00:00,32.796783,24.139557,261.84998,100974.84,7.4455325e-05,3.4495897
2023-08-10 12:00:00,32.24823,25.05664,297.90726,100859.96,0.0,2.484386
2023-08-11 12:00:00,31.600464,24.852295,271.61673,101408.64,2.1440928e-05,0.8096309
2023-08-12 12:00:00,29.116638,23.2695,221.36258,101462.984,5.2702107e-05,1.9260925
2023-08-13 12:00:00,31.61847,23.467896,221.09651,100932.305,9.974348e-05,1.7229128
2023-08-14 12:00:00,25.528046,21.79892,239.9056,101008.99,0.00014552566,1.658789
2023-08-15 12:00:00,26.766785,20.404572,278.31107,100937.7,0.0,1.2642547
2023-08-16 12:00:00,27.609894,17.68927,307.96368,100762.31,0.0,0.7797428
2023-08-17 12:00:00,27.605621,20.469086,194.71744,100636.2,4.3306693e-05,1.4510363
2023-08-18 12:00:00,25.839966,18.633911,184.81532,100660.56,0.00014021494,0.9646478
2023-08-19 12:00:00,26.511139,20.656372,286.97067,100881.21,1.741524e-08,2.162344
2023-08-20 12:00:00,29.966705,20.100952,279.4999,100815.47,0.0,1.7454157
2023-08-21 12:00:00,27.439758,22.360199,199.24873,101483.984,3.0707408e-06,2.1644554
2023-08-22 12:00:00,26.314484,20.583923,279.85486,102430.664,0.0,2.5222778
2023-08-23 12:00:00,27.698395,18.184021,243.12431,102195.42,2.5429736e-07,2.35357
2023-08-24 12:00:00,30.680176,23.549988,229.38626,101276.9,0.0,3.381463
2023-08-25 12:00:00,29.515991,22.661896,249.86575,101254.414,3.162004e-05,1.1159537
2023-08-26 12:00:00,27.760925,18.928986,231.97697,101687.46,9.132614e-09,2.4338713
2023-08-27 12:00:00,32.170715,21.914368,242.2756,101280.06,0.0,2.9599671
2023-08-28 12:00:00,35.299164,24.641815,251.88438,101095.336,0.00010763021,1.4141086
2023-08-29 12:00:00,27.983063,23.22754,229.18059,101658.08,1.1839218e-05,1.3983408
2023-08-30 12:00:00,32.54178,22.209473,261.7522,101638.39,0.0,2.045753
2023-08-31 12:00:00,36.15976,25.046661,265.28024,101475.2,0.0,1.9707099
2023-09-01 12:00:00,36.66922,23.588654,268.42987,101221.47,0.0,1.8948152
2023-09-02 12:00:00,32.597656,24.883087,251.77043,101211.0,3.7038117e-05,1.1060157
2023-09-03 12:00:00,26.981964,21.80777,71.66552,101653.11,0.00035071195,0.5901406
2023-09-04 12:00:00,27.67337,21.710571,224.72083,101815.73,5.7500745e-07,1.048658
2023-09-05 12:00:00,29.10147,22.044281,235.00575,101681.96,4.819084e-07,1.9738938
2023-09-06 12:00:00,33.14447,22.668396,249.35574,101198.29,2.7883436e-06,1.5141848
2023-09-07 12:00:00,29.814453,21.244263,252.67427,100900.29,1.1376234e-05,1.5707817
2023-09-08 12:00:00,26.161621,19.317383,189.95204,100802.46,9.780403e-05,1.2270877
2023-09-09 12:00:00,27.858643,21.513245,180.79945,100845.68,1.5046542e-06,1.114605
2023-09-10 12:00:00,31.528961,21.534912,228.42671,100995.63,0.00016798766,1.4012344
2023-09-11 12:00:00,21.826202,17.904907,182.3947,101725.19,3.818193e-05,4.236208
2023-09-12 12:00:00,23.038727,14.149811,256.66953,102113.805,0.0,2.271308
2023-09-13 12:00:00,23.90207,16.990356,166.89574,101964.93,8.174638e-07,1.4488875
2023-09-14 12:00:00,22.775879,17.821411,179.84488,102301.43,1.547453e-05,2.6492476
2023-09-15 12:00:00,23.850586,17.360046,239.29391,102474.68,6.3073935e-07,2.930792
2023-09-16 12:00:00,24.937561,16.81009,251.22478,102155.734,0.0,2.2997048
2023-09-17 12:00:00,25.22525,17.831299,177.14084,101602.14,2.2830005e-07,2.1711285
2023-09-18 12:00:00,25.418335,17.117432,151.32669,101547.18,2.7388449e-08,2.0931537
2023-09-19 12:00:00,27.572754,18.856964,184.12183,101533.0,0.0,2.0784338
2023-09-20 12:00:00,29.773193,18.910004,234.77872,101414.73,0.0,3.1892624
2023-09-21 12:00:00,28.882202,19.344818,232.16609,101635.0,1.2910669e-09,3.2280715
2023-09-22 12:00:00,31.73108,18.52182,230.49037,101264.29,0.0,2.4582736
2023-09-23 12:00:00,30.728302,19.871185,218.1429,100795.29,0.0,2.4994242
2023-09-24 12:00:00,29.499908,19.491302,218.86993,101064.75,0.0,1.0021635
2023-09-25 12:00:00,26.443756,20.139893,120.258,101278.64,0.00015178192,2.3072033
2023-09-26 12:00:00,23.58957,16.756744,204.84492,101962.984,0.0,1.8558885
2023-09-27 12:00:00,25.08606,18.67978,148.27269,102076.734,1.2155348e-06,2.4735425
2023-09-28 12:00:00,28.592102,21.462189,189.21643,101933.92,3.4444342e-06,1.3573607
2023-09-29 12:00:00,28.45694,19.721771,213.90652,101952.98,0.0,0.24125138
2023-09-30 12:00:00,29.915894,19.545837,210.34193,101497.766,2.8408735e-08,1.740447
2023-10-01 12:00:00,25.814941,17.848328,43.46311,101145.125,4.7702204e-05,2.8799214
2023-10-02 12:00:00,22.270752,17.820312,24.681873,100553.78,0.00057096395,4.9548006
2023-10-03 12:00:00,22.099731,19.362366,176.48575,100294.0,5.2882428e-05,2.9585397
2023-10-04 12:00:00,20.103271,13.5685425,210.74196,101347.31,0.0,2.384941
2023-10-05 12:00:00,22.445465,13.954102,203.87071,101807.78,0.0,1.6243736
2023-10-06 12:00:00,25.018677,14.39389,202.31062,101530.6,0.0,2.0014415
2023-10-07 12:00:00,24.826569,15.78479,199.3093,101404.4,0.0,0.76524156
2023-10-08 12:00:00,25.753235,15.652161,197.71155,101622.164,2.2947644e-08,1.4057333
2023-10-09 12:00:00,26.701263,16.07965,193.37679,101789.02,0.0,1.8812723
2023-10-10 12:00:00,26.934357,18.159637,190.05092,101565.18,0.0,2.781094
2023-10-11 12:00:00,25.973022,17.68283,173.39996,101693.08,8.7741405e-08,2.1909308
2023-10-12 12:00:00,24.980255,20.901978,92.94643,101479.13,3.7507845e-05,2.5623477
2023-10-13 12:00:00,22.99472,15.772583,188.79607,101301.664,0.00019707483,3.2253964
2023-10-14 12:00:00,17.191864,11.76236,189.84201,101987.93,0.0,2.0442653
2023-10-15 12:00:00,18.71341,9.976593,186.4801,102133.92,0.0,0.81276494
2023-10-16 12:00:00,20.434784,10.9131775,184.61574,101949.03,0.0,1.2957538
2023-10-17 12:00:00,19.81015,11.031647,90.205414,101501.25,2.6314035e-05,2.206536
2023-10-18 12:00:00,19.60785,8.286133,184.40169,101004.02,7.526683e-05,4.2416663
2023-10-19 12:00:00,11.9548645,4.2258606,180.37134,102101.99,0.0,2.2649205
2023-10-20 12:00:00,14.866058,6.578491,142.35661,101389.82,0.0,2.6486413
2023-10-21 12:00:00,12.256073,5.341919,180.78622,101916.24,0.0,5.523908
2023-10-22 12:00:00,11.079437,1.2243347,178.16084,103171.44,0.0,2.2449894
2023-10-23 12:00:00,16.27716,3.2902527,169.94406,103146.086,2.9229316e-08,2.0787733
2023-10-24 12:00:00,19.72464,14.489075,21.403997,101746.766,0.00022413174,3.0336783
2023-10-25 12:00:00,18.84787,11.979034,133.1422,100756.01,1.9566965e-05,2.9484122
2023-10-26 12:00:00,11.843475,6.0358887,167.13,101643.65,7.015813e-07,4.473842
2023-10-27 12:00:00,10.441467,0.960907,153.70541,102216.92,1.686344e-09,1.6408879
2023-10-28 12:00:00,16.611176,7.722412,157.57149,101176.516,0.0,3.2393374
2023-10-29 12:00:00,13.95813,6.68869,157.38417,101596.69,0.0,2.2840035
2023-10-30 12:00:00,17.71756,7.563019,153.48062,101383.67,0.0,2.6146548
2023-10-31 12:00:00,14.337677,9.059143,149.90791,101400.234,0.0,2.734901
2023-11-01 12:00:00,12.66452,7.261017,48.42793,101692.016,6.66023e-06,4.2076783
2023-11-02 12:00:00,14.192993,12.641937,20.096094,100975.28,0.00039673774,5.775084
2023-11-03 12:00:00,14.949951,9.718445,145.48022,101116.07,2.6088415e-10,3.6255558
2023-11-04 12:00:00,11.45929,4.185272,148.40752,102636.74,0.0,2.7222202
2023-11-05 12:00:00,11.689819,3.604126,145.95639,103228.0,0.0,1.482303
2023-11-06 12:00:00,13.375427,5.529297,132.9512,103412.75,3.3471537e-09,1.7872128
2023-11-07 12:00:00,17.423645,10.750916,32.426315,102936.03,8.0693746e-05,1.7610354
2023-11-08 12:00:00,20.679108,16.99762,99.48617,101807.87,0.00015822437,3.4738057
2023-11-09 12:00:00,17.50943,11.059448,134.43927,101957.625,0.0,2.0327082
2023-11-10 12:00:00,17.893036,9.351166,116.484764,101928.31,6.330012e-07,1.3632549
2023-11-11 12:00:00,20.72113,16.828125,26.417929,101382.11,4.6542536e-05,3.7360914
2023-11-12 12:00:00,21.383423,15.591003,88.20721,100608.94,9.1124464e-05,4.236778
2023-11-13 12:00:00,15.40506,8.127319,131.87889,101312.016,0.0,3.546489
2023-11-14 12:00:00,13.220795,6.1679688,130.20634,101596.75,0.0,2.8519495
2023-11-15 12:00:00,9.131897,3.2948914,129.39041,102215.91,0.0,3.0070376
2023-11-16 12:00:00,12.543945,3.8465881,106.58384,102966.82,3.7536728e-07,3.0642803
2023-11-17 12:00:00,17.73465,10.069977,57.747154,102790.01,9.347881e-06,1.9305114
2023-11-18 12:00:00,19.38095,15.419189,100.50469,102124.2,1.4650263e-05,2.5745273
2023-11-19 12:00:00,18.959259,13.703735,42.268875,101563.39,1.1473013e-05,1.7142171
2023-11-20 12:00:00,17.32135,9.137024,60.54481,101276.47,1.1336711e-05,3.5644908
2023-11-21 12:00:00,10.235291,4.6834106,120.926575,102417.086,0.0,2.5073636
2023-11-22 12:00:00,9.49411,2.2606812,115.58995,103518.914,0.0,3.0460868
2023-11-23 12:00:00,13.55191,5.9057617,57.936214,103226.79,1.427626e-05,2.0934248
2023-11-24 12:00:00,14.736084,12.403656,38.33267,102237.75,1.8577282e-05,1.6348251
2023-11-25 12:00:00,13.373535,8.455231,114.34631,101940.08,0.0,2.267344
2023-11-26 12:00:00,13.695984,8.204559,39.38676,101621.52,9.725571e-06,2.9501867
2023-11-27 12:00:00,16.740906,13.335114,90.761566,100059.6,0.0005522444,0.65390944
2023-11-28 12:00:00,13.39389,8.774109,109.96738,100113.375,0.0,5.0686893
2023-11-29 12:00:00,12.274475,6.8134766,109.71632,100785.27,0.0,3.118296
2023-11-30 12:00:00,15.961121,5.4862366,68.19422,101036.49,1.6307182e-05,1.6647922
2023-12-01 12:00:00,18.792236,15.785614,22.242712,99979.59,0.00045946863,4.9294043
2023-12-02 12:00:00,16.121979,6.6597595,93.33633,100248.95,6.2716085e-06,2.8462405
2023-12-03 12:00:00,6.61261,1.6350708,108.8523,101297.92,6.5443703e-07,3.2746491
2023-12-04 12:00:00,8.613617,0.08822632,101.57122,102373.44,1.8063973e-07,1.3185729
2023-12-05 12:00:00,13.61438,4.790283,38.36266,102418.94,1.1956961e-05,1.3986125
2023-12-06 12:00:00,17.432068,10.6822815,24.419186,102207.05,1.5564452e-05,3.8605278
2023-12-07 12:00:00,19.36148,17.074463,15.570086,101608.09,0.000109442284,6.5575576
2023-12-08 12:00:00,17.12091,4.3150635,88.12032,102561.875,3.2321415e-05,2.9378707
2023-12-09 12:00:00,6.149811,1.5864868,60.42074,102315.55,4.0821546e-06,2.6490092
2023-12-10 12:00:00,6.5328064,-0.7247009,98.2229,101847.414,1.0354083e-06,1.921263
2023-12-11 12:00:00,7.1313477,1.2799377,56.390255,101709.625,2.2079697e-05,1.4348688
2023-12-12 12:00:00,5.147827,-0.6755066,105.80901,101683.34,6.695271e-06,4.8045506
2023-12-13 12:00:00,5.006836,-0.6215515,85.86444,102264.04,0.0,3.0898662
2023-12-14 12:00:00,7.120636,3.158966,16.987194,101534.93,8.238638e-05,0.84009975
2023-12-15 12:00:00,7.922333,5.559601,43.515125,100437.08,2.6439495e-05,2.4849253
2023-12-16 12:00:00,7.6327515,3.692627,38.677242,100351.51,0.00015529884,4.3513913
2023-12-17 12:00:00,3.7764587,0.25894165,90.50808,99968.99,1.279009e-05,4.957911
2023-12-18 12:00:00,1.1297913,-2.6123962,68.98219,100657.43,7.9681945e-07,3.8367174
2023-12-19 12:00:00,-0.6713867,-4.296997,84.95853,102086.28,0.0,2.2322624
2023-12-20 12:00:00,2.8217468,-2.3443909,98.52897,101770.87,3.3402128e-07,2.5628407
2023-12-21 12:00:00,11.179779,2.1739197,65.68025,100608.12,1.3932895e-07,4.0054855
2023-12-22 12:00:00,12.797333,1.5546875,97.35328,100747.414,0.0,1.2906998
2023-12-23 12:00:00,11.959381,2.738556,97.06353,100776.47,0.0,0.5671537
2023-12-24 12:00:00,11.90097,6.83197,71.06858,100708.32,5.042573e-07,2.086533
2023-12-25 12:00:00,10.142761,6.033081,39.341713,101489.22,5.4510703e-05,2.678236
2023-12-26 12:00:00,6.5754395,4.141815,48.808334,101749.195,0.0,3.540922
2023-12-27 12:00:00,10.864868,2.1833801,57.573128,101602.71,4.1574465e-05,2.6379015
2023-12-28 12:00:00,13.184723,5.1275024,98.509125,99773.54,0.00026389374,3.7132838
2023-12-29 12:00:00,6.5753784,2.2416077,97.94467,100105.94,7.3528085e-08,5.483375
2023-12-30 12:00:00,3.9518433,0.08224487,105.36006,101598.44,7.726534e-08,4.03226
2023-12-31 12:00:00,7.3448486,0.040405273,30.608389,101666.76,0.00010604901,0.6750885
2024-01-01 12:00:00,6.8847046,3.060791,55.70971,99971.06,7.3437586e-05,2.9608483
2024-01-02 12:00:00,3.000702,-1.4829102,96.5924,100741.375,0.0,4.3024416
2024-01-03 12:00:00,1.9433289,-0.45791626,95.01865,100959.664,5.6601027e-07,4.789467
2024-01-04 12:00:00,-0.43798828,-3.6860046,110.01064,102416.96,2.5341013e-08,5.31237
2024-01-05 12:00:00,-0.91656494,-7.874359,111.29811,103177.49,0.0,1.3251745
2024-01-06 12:00:00,8.759979,-3.245697,7.9440517,100263.02,0.0007334393,2.462793
2024-01-07 12:00:00,2.597931,-0.6225891,57.975834,99711.2,3.206361e-05,7.809783
2024-01-08 12:00:00,0.8561096,-3.3510437,111.42894,100977.56,2.4505468e-07,4.4834075
2024-01-09 12:00:00,1.1258545,-6.993164,109.95044,101522.805,1.8364295e-09,3.3461452
2024-01-10 12:00:00,3.9031067,-5.2837524,78.73783,101536.15,9.728799e-08,3.4816878
2024-01-11 12:00:00,7.725342,1.0997314,101.30431,101224.586,8.0911704e-08,3.3191864
2024-01-12 12:00:00,6.319153,-2.6564026,113.27788,101896.49,0.0,3.1812007
2024-01-13 12:00:00,5.207794,-5.8551025,114.08155,101819.06,0.0,2.3061085
2024-01-14 12:00:00,6.9990845,-5.046692,111.23133,101924.23,6.309554e-09,0.45573786
2024-01-15 12:00:00,10.38681,-0.73846436,76.30197,101743.484,0.0,1.8053125
2024-01-16 12:00:00,10.161774,6.370117,41.461754,100470.19,7.1285117e-06,4.435484
2024-01-17 12:00:00,10.336304,2.6431885,116.45552,100687.69,0.0,3.5232196
2024-01-18 12:00:00,9.036041,-0.6100464,112.734604,101459.125,0.0,1.1467419
2024-01-19 12:00:00,9.320099,0.7736206,81.2171,101585.66,0.0,1.0181108
2024-01-20 12:00:00,5.756653,0.44241333,115.20721,102025.625,7.559942e-08,2.9981642
2024-01-21 12:00:00,7.1445007,-3.0056152,117.79516,102910.46,0.0,1.3130658
2024-01-22 12:00:00,16.425537,4.6258545,21.531332,102047.16,8.73447e-05,3.7024949
2024-01-23 12:00:00,17.220337,13.855255,87.7961,100883.94,7.362458e-05,2.7813385
2024-01-24 12:00:00,13.696014,2.7654114,52.054813,101108.54,6.572126e-05,3.270093
2024-01-25 12:00:00,2.678131,-0.9873047,24.548784,100613.47,0.00028137513,4.9292893
2024-01-26 12:00:00,1.0327454,-3.8148499,135.56313,100028.44,6.0960814e-05,3.7509394
2024-01-27 12:00:00,2.8012085,-11.170349,119.41776,101403.21,4.2224735e-07,3.3344145
2024-01-28 12:00:00,2.4648743,-6.872864,66.01518,101519.25,4.632964e-05,3.4618144
2024-01-29 12:00:00,-5.417755,-13.381683,143.86247,101694.92,3.6363626e-06,3.2370975
2024-01-30 12:00:00,-6.5743103,-12.665955,144.93968,102698.59,7.771661e-07,2.77235
2024-01-31 12:00:00,-6.5472717,-16.219513,117.465195,103419.36,6.5669647e-09,2.5145743
2024-02-01 12:00:00,-5.537628,-13.091827,148.3978,102916.34,1.7787012e-07,3.4259682
2024-02-02 12:00:00,-5.2549744,-15.158295,133.64864,102171.086,2.0248034e-07,3.4155254
2024-02-03 12:00:00,-1.8630676,-13.117004,147.06702,102121.625,0.0,3.601311
2024-02-04 12:00:00,1.6585083,-4.2905884,82.93351,101010.34,0.0,2.0225456
2024-02-05 12:00:00,0.2807312,-9.429932,157.29845,101416.945,0.0,3.032986
2024-02-06 12:00:00,4.116455,-10.301575,148.78932,102156.66,0.0,2.090219
2024-02-07 12:00:00,9.70462,-2.7841187,103.46587,101284.73,1.1236824e-10,3.0976558
2024-02-08 12:00:00,9.037537,0.17056274,30.886112,100521.54,0.00015940942,2.2470489
2024-02-09 12:00:00,0.0753479,-9.931519,120.04401,101906.695,9.160754e-07,5.1001244
2024-02-10 12:00:00,-1.9503479,-10.68866,165.40675,102212.94,8.1995166e-10,3.8216047
2024-02-11 12:00:00,0.8414612,-7.0158386,150.54971,102014.39,0.0,2.4831438
2024-02-12 12:00:00,4.235901,-3.7346802,152.79332,102133.086,8.161235e-09,1.6803025
2024-02-13 12:00:00,9.024628,-0.025817871,132.75668,101993.625,4.754242e-06,1.1630105
2024-02-14 12:00:00,7.1117554,3.6453552,70.1679,101214.41,0.00023887931,3.252134
2024-02-15 12:00:00,5.093231,1.914154,27.13141,100711.33,0.00040494127,5.6433735
2024-02-16 12:00:00,7.5777283,1.3400879,175.1538,100767.83,0.0,3.7293115
2024-02-17 12:00:00,10.522827,0.5532532,170.03496,101184.81,7.2003974e-07,2.432915
2024-02-18 12:00:00,12.425507,-2.1806946,134.27197,101709.81,0.0,1.6277605
2024-02-19 12:00:00,10.000214,1.9073792,179.34012,102233.54,0.0,1.0865043
2024-02-20 12:00:00,14.60556,1.1506042,134.6205,101879.336,0.0,2.4631622
2024-02-21 12:00:00,11.795288,4.5700073,44.277973,102212.945,1.867967e-05,2.1616466
2024-02-22 12:00:00,7.4428406,1.3495483,120.46734,103058.62,1.4428593e-07,4.130836
2024-02-23 12:00:00,8.529266,5.549591,55.587284,102277.664,8.3499845e-06,4.5685825
2024-02-24 12:00:00,7.20401,4.4166565,21.210043,101319.57,0.00045852602,4.857887
2024-02-25 12:00:00,4.914734,2.512024,30.551031,100300.64,0.00036762605,4.998812
2024-02-26 12:00:00,4.6959534,0.7931824,160.12128,100889.16,3.4044e-05,3.7884314
2024-02-27 12:00:00,0.6970215,-3.6341248,75.744675,101836.6,0.00013243752,5.166196
2024-02-28 12:00:00,0.300354,-2.7851257,114.17807,100857.445,0.00043749332,4.847248
2024-02-29 12:00:00,,,,,,
2024-03-01 12:00:00,4.096466,-6.848114,191.224,101551.125,4.4772933e-10,2.588275
2024-03-02 12:00:00,5.5202637,-0.6023865,55.83325,101397.53,0.00019272884,0.8899901
2024-03-03 12:00:00,5.589813,1.3110352,190.55418,101358.17,0.00014918926,5.038873
2024-03-04 12:00:00,9.622742,-6.5620117,203.88033,102513.05,0.0,1.2989776
2024-03-05 12:00:00,14.1779175,6.591736,173.2138,101594.41,0.0,3.4086452
2024-03-06 12:00:00,10.225647,2.3122253,135.07805,101177.8,1.7971731e-06,1.9309263
2024-03-07 12:00:00,4.890106,-3.7870178,203.16055,101625.63,1.01109545e-05,2.943484
2024-03-08 12:00:00,8.756439,3.2876587,157.03564,99739.84,0.00023631638,2.871558
2024-03-09 12:00:00,6.618469,-1.1732483,222.37994,100852.02,0.0,2.5439103
2024-03-10 12:00:00,12.856598,-0.9486389,220.4125,101461.64,0.0,2.6143332
2024-03-11 12:00:00,14.29007,2.310089,209.04756,101756.34,0.0,0.97102284
2024-03-12 12:00:00,14.825653,4.3417664,221.5113,101832.59,0.0,0.15171927
2024-03-13 12:00:00,11.163879,2.0942688,219.37552,101948.62,0.0,1.6707118
2024-03-14 12:00:00,12.094971,6.0111084,41.835304,101768.93,5.0759805e-05,5.264572
2024-03-15 12:00:00,14.053253,7.1959534,230.94041,101091.586,0.00040866784,2.7446456
2024-03-16 12:00:00,8.718323,0.83917236,202.78033,101764.53,2.5998856e-06,1.8243935
2024-03-17 12:00:00,8.335449,0.37182617,168.13687,101960.63,3.524264e-06,2.6992388
2024-03-18 12:00:00,7.5177917,-0.95599365,244.69919,102427.72,2.4643919e-07,2.2904332
2024-03-19 12:00:00,10.660645,-0.10119629,242.83737,102531.266,0.0,0.17401847
2024-03-20 12:00:00,9.377716,3.5180664,134.07101,101495.51,1.489941e-05,3.652403
2024-03-21 12:00:00,11.706848,4.4482117,171.51866,99688.09,0.0002545285,5.4521837
2024-03-22 12:00:00,5.9830933,-1.2146606,249.47218,100285.9,3.901189e-08,6.720439
2024-03-23 12:00:00,11.935791,0.68814087,167.39642,100301.586,8.561736e-06,2.591622
2024-03-24 12:00:00,11.4721985,5.99942,257.31903,100433.06,1.2465793e-05,0.5995265
2024-03-25 12:00:00,15.546265,9.235168,254.74492,99925.67,3.7963724e-07,3.0850818
2024-03-26 12:00:00,12.547424,5.668152,94.14322,99397.125,0.00012098781,0.9197301
2024-03-27 12:00:00,11.522095,4.8026733,214.57841,100115.38,6.3068824e-06,3.87285
2024-03-28 12:00:00,12.060455,7.4429016,186.17088,100830.02,8.818243e-06,1.659651
2024-03-29 12:00:00,13.243042,7.993622,36.916134,101569.96,8.4768944e-05,5.096725
2024-03-30 12:00:00,15.427246,9.899384,269.49747,101384.38,0.00023823761,2.4877212
2024-03-31 12:00:00,14.877533,5.571228,215.94427,102436.87,0.0,1.1454545
2024-04-01 12:00:00,17.756927,11.145752,111.80622,101861.74,1.5281623e-05,2.8994913
2024-04-02 12:00:00,17.285583,14.749878,43.85086,100739.164,0.00035959217,5.468287
2024-04-03 12:00:00,15.79715,10.08313,260.5907,100700.76,1.3144926e-06,2.5452745
2024-04-04 12:00:00,10.42337,4.565735,259.54947,101562.49,9.097072e-07,2.6863806
2024-04-05 12:00:00,6.997467,1.9606323,204.65079,102020.33,6.368666e-07,2.889318
2024-04-06 12:00:00,7.800293,-1.0725403,260.4666,102182.82,0.0,2.084599
2024-04-07 12:00:00,14.077179,6.3005066,214.76486,101278.914,2.6908706e-06,3.3723714
2024-04-08 12:00:00,18.454926,3.1533203,271.64676,101457.37,0.0,1.4309493
2024-04-09 12:00:00,17.05777,10.728851,247.17255,100167.62,0.0,2.6863372
2024-04-10 12:00:00,11.860718,4.4344482,296.36926,100288.41,5.0234753e-08,5.4411626
2024-04-11 12:00:00,10.11322,3.0986328,91.10037,99863.26,2.4093657e-05,1.500716
2024-04-12 12:00:00,13.33136,5.150482,276.63208,99758.13,1.0092125e-06,3.9376729
2024-04-13 12:00:00,13.138397,5.7261353,267.3859,100896.02,0.0,4.224453
2024-04-14 12:00:00,11.79837,3.3019104,297.02036,102203.18,6.12027e-08,3.2076802
2024-04-15 12:00:00,8.678253,2.2585754,71.24115,102703.414,0.0001964528,2.9171185
2024-04-16 12:00:00,10.33606,1.2844849,309.3154,102803.945,3.7339387e-06,2.883093
2024-04-17 12:00:00,11.855988,3.3226318,128.47116,102443.83,4.2244443e-05,2.1844573
2024-04-18 12:00:00,11.783112,9.041565,41.43745,100354.46,0.0007282356,4.595864
2024-04-19 12:00:00,10.022888,4.917694,273.13873,100315.79,1.5347638e-05,4.8881884
2024-04-20 12:00:00,15.044647,3.1651306,318.11163,101473.4,0.0,2.5919843
2024-04-21 12:00:00,15.12027,9.045563,313.34274,101675.5,0.0,1.8496083
2024-04-22 12:00:00,11.566803,5.317169,96.553505,102068.9,8.250056e-05,1.631216
2024-04-23 12:00:00,14.182312,6.3738403,316.98505,101701.85,4.0144292e-05,1.6647269
2024-04-24 12:00:00,16.302795,6.3945923,284.46036,101776.61,0.0,1.7808989
2024-04-25 12:00:00,22.78421,11.761017,219.18047,101673.1,8.4249095e-06,2.213552
2024-04-26 12:00:00,22.769684,17.042664,296.01953,101361.87,1.6119917e-05,2.9250503
2024-04-27 12:00:00,20.087372,11.631683,292.73575,101947.695,5.8401656e-05,2.6176064
2024-04-28 12:00:00,19.438751,11.770477,274.74887,102247.914,3.8359394e-06,1.9153713
2024-04-29 12:00:00,21.16986,11.953247,318.32947,102211.19,1.0215416e-06,1.5593011
2024-04-30 12:00:00,23.50821,12.781982,315.89908,102087.37,0.0,2.0384154
2024-05-01 12:00:00,18.8573,11.238281,317.25903,102371.85,5.8726504e-09,2.1741922
2024-05-02 12:00:00,22.554932,9.390442,310.63797,102025.98,0.0,1.8364315
2024-05-03 12:00:00,25.937927,14.086304,295.8778,101075.875,2.7866237e-05,2.403908
2024-05-04 12:00:00,24.25238,14.68454,212.31924,100392.516,0.000102883605,1.1562661
2024-05-05 12:00:00,17.638733,12.075012,335.58112,100785.81,0.0,3.5012193
2024-05-06 12:00:00,12.737915,6.7727966,212.63322,101369.4,0.0,1.8209083
2024-05-07 12:00:00,15.952454,4.023926,338.89014,100619.52,0.0,1.8951685
2024-05-08 12:00:00,14.639435,5.566162,319.01868,100558.83,9.641724e-10,3.0403452
2024-05-09 12:00:00,13.977081,6.9774475,264.51813,100786.14,0.0,3.5570743
2024-05-10 12:00:00,17.122253,10.412933,264.65384,100259.54,0.0,4.3945026
2024-05-11 12:00:00,16.325531,7.1782227,346.19275,100780.63,0.0,3.1899984
2024-05-12 12:00:00,18.519958,5.8313293,265.5483,101329.46,0.0,1.8312869
2024-05-13 12:00:00,17.967163,6.2291565,326.5354,101893.41,0.0,0.95790875
2024-05-14 12:00:00,19.342285,9.447205,310.6692,101831.516,0.0,1.9032203
2024-05-15 12:00:00,18.049469,10.606262,92.83767,101799.04,0.00011488228,1.8160373
2024-05-16 12:00:00,22.77243,13.879089,316.49597,101374.766,2.2449798e-05,1.4157699
2024-05-17 12:00:00,25.943176,12.673492,164.97221,100608.875,0.00022601498,0.44808576
2024-05-18 12:00:00,15.312775,9.004822,281.43704,101691.39,8.5374595e-06,2.9150345
2024-05-19 12:00:00,17.384735,7.4925537,354.86365,102314.375,0.0,1.0209788
2024-05-20 12:00:00,19.63269,8.584381,337.7435,102329.914,0.0,1.3203567
2024-05-21 12:00:00,24.17276,12.743652,340.13297,102074.945,0.0,0.59682506
2024-05-22 12:00:00,25.318176,13.7274475,288.1521,102136.59,4.3362638e-07,1.2396942
2024-05-23 12:00:00,29.94873,18.621704,337.09515,101478.2,8.9819207e-07,3.8581264
2024-05-24 12:00:00,27.590668,20.014679,153.13948,100949.69,0.00018562173,1.9311508
2024-05-25 12:00:00,20.2919,12.870697,50.428936,101647.695,0.00017012015,3.8731697
2024-05-26 12:00:00,16.636139,12.274811,126.28136,101711.05,4.9277372e-05,3.6625452
2024-05-27 12:00:00,23.084106,13.328217,279.0103,101292.77,1.3141024e-06,1.9569806
2024-05-28 12:00:00,26.240112,18.99237,225.28297,100226.555,5.1841038e-05,2.5092742
2024-05-29 12:00:00,20.60614,12.327576,360.10526,101266.75,0.0,0.99806917
2024-05-30 12:00:00,25.20404,13.003021,353.45978,101387.04,0.0,1.7429733
2024-05-31 12:00:00,28.235748,15.122803,350.15784,101356.67,5.9788725e-09,1.5585356
2024-06-01 12:00:00,27.04477,16.817474,344.62036,101552.92,7.7083484e-08,1.1768705
2024-06-02 12:00:00,28.847412,19.081848,212.94711,101131.21,1.94076e-05,3.211906
2024-06-03 12:00:00,22.37497,16.524292,364.7346,100940.66,7.463501e-05,3.5004938
2024-06-04 12:00:00,23.742584,10.702026,363.2528,101433.61,0.0,1.7030262
2024-06-05 12:00:00,26.920044,13.201141,349.2025,101036.586,0.0,2.8878882
2024-06-06 12:00:00,25.359222,20.098358,90.19625,99940.45,0.00030488908,1.9586813
2024-06-07 12:00:00,20.287048,13.464203,360.8883,101020.55,2.7360044e-05,3.374988
2024-06-08 12:00:00,20.145477,11.716675,365.11804,102013.42,0.0,2.0849507
2024-06-09 12:00:00,22.794922,12.636749,361.90912,102279.03,0.0,1.2917197
2024-06-10 12:00:00,27.309692,13.069061,359.6939,102067.56,0.0,1.2267097
2024-06-11 12:00:00,31.28653,16.594849,356.7706,101723.73,0.0,2.2564201
2024-06-12 12:00:00,32.977173,19.004791,351.8564,101329.414,0.0,1.8701818
2024-06-13 12:00:00,33.872284,19.597656,354.71356,100985.85,0.0,2.0387313
2024-06-14 12:00:00,34.40277,20.380554,353.9546,101084.96,0.0,2.333217
2024-06-15 12:00:00,33.11029,22.383911,272.36084,101023.84,1.06410735e-05,4.0738816
2024-06-16 12:00:00,31.64627,23.68332,328.80316,101312.03,0.00014416449,0.88079
2024-06-17 12:00:00,29.002625,22.04721,266.0857,101309.8,1.4443864e-06,2.5195851
2024-06-18 12:00:00,27.50653,21.520416,111.476006,100822.375,0.00014568686,1.8024243
2024-06-19 12:00:00,25.62622,17.01648,365.70294,101382.99,0.0,2.9303627
2024-06-20 12:00:00,25.667328,15.440582,349.70688,101752.65,0.0,1.1382409
2024-06-21 12:00:00,25.895782,18.474731,283.88672,101597.91,0.0,1.7449158
2024-06-22 12:00:00,29.374115,16.523468,350.832,101377.21,2.459771e-07,1.3447449
2024-06-23 12:00:00,31.975098,19.802734,348.3166,101200.28,5.3124863e-06,1.4890014
2024-06-24 12:00:00,31.733795,20.246857,234.4112,100722.06,3.6315883e-05,1.3376656
2024-06-25 12:00:00,26.330383,18.649261,318.65018,100974.21,3.3299464e-06,2.7811484
2024-06-26 12:00:00,26.754883,16.884491,273.48984,101036.9,8.005807e-07,1.2540281
2024-06-27 12:00:00,29.66156,17.522705,325.57706,100985.23,0.0,2.0276294
2024-06-28 12:00:00,30.626862,19.524384,337.06244,100849.92,0.0,3.35935
2024-06-29 12:00:00,28.518738,21.442749,82.38742,100528.98,0.0003934303,1.2742119
2024-06-30 12:00:00,23.718323,21.757935,84.260635,100753.31,0.00015642004,5.236755
2024-07-01 12:00:00,26.085815,22.070282,272.14398,101274.54,0.00017825731,4.4014378
2024-07-02 12:00:00,26.638306,20.35141,350.6909,101407.54,0.0,1.5059198
2024-07-03 12:00:00,29.782135,18.709595,322.76898,100835.99,2.8232456e-05,2.2679095
2024-07-04 12:00:00,28.216461,20.78244,306.7152,100514.91,0.00014076593,1.5330042
2024-07-05 12:00:00,26.473022,17.453735,353.1126,101005.16,2.5072945e-06,1.7611573
2024-07-06 12:00:00,29.818848,19.3443,321.5643,101118.65,0.0,1.7366349
2024-07-07 12:00:00,27.546906,22.191162,193.42686,100511.86,5.8191283e-05,2.7879667
2024-07-08 12:00:00,26.643372,20.469147,340.8194,100457.87,4.772587e-06,3.137504
2024-07-09 12:00:00,27.232727,17.136536,352.81485,100995.31,0.0,1.7032603
2024-07-10 12:00:00,29.93338,18.175507,347.49554,101118.78,0.0,1.161676
2024-07-11 12:00:00,33.880524,19.71112,342.69284,100804.7,0.0,2.0854807
2024-07-12 12:00:00,38.73111,26.9805,337.79294,100308.69,0.0,2.6718314
2024-07-13 12:00:00,35.881287,23.096771,344.35413,100832.57,2.1973518e-05,1.7627027
2024-07-14 12:00:00,35.479156,23.94458,339.13998,101121.516,0.0,1.3590951
2024-07-15 12:00:00,33.777283,24.825714,331.36594,100912.516,8.579979e-06,3.3586035
2024-07-16 12:00:00,30.463318,20.351318,349.99496,101446.25,0.0,3.0549827
2024-07-17 12:00:00,32.31366,19.440094,344.25732,101398.16,0.0,2.2444298
2024-07-18 12:00:00,36.310974,23.40979,331.41522,100816.87,0.0,3.1910806
2024-07-19 12:00:00,39.467407,30.588135,324.53107,100256.69,2.5789832e-06,3.3934069
2024-07-20 12:00:00,35.69226,25.55191,334.92496,100584.164,0.0,1.0810093
2024-07-21 12:00:00,34.900482,23.915436,297.63657,100731.91,3.7459737e-05,2.5063279
2024-07-22 12:00:00,30.65097,22.759247,317.44733,101016.234,8.020818e-05,2.2022324
2024-07-23 12:00:00,30.061462,24.605194,236.65233,101225.65,2.9501196e-08,1.0301642
2024-07-24 12:00:00,32.543762,19.904785,321.65112,101236.7,0.0,1.2780342
2024-07-25 12:00:00,34.332184,21.381683,300.4034,101183.06,0.0,2.1309474
2024-07-26 12:00:00,33.125122,23.602936,249.81406,100940.43,0.0001543232,2.3443985
2024-07-27 12:00:00,25.172363,19.234741,71.27305,100400.72,0.00030125116,1.3234016
2024-07-28 12:00:00,26.753998,18.600464,327.75546,100831.61,4.4067565e-05,3.4967625
2024-07-29 12:00:00,27.703888,17.774017,333.7961,101546.94,0.0,1.5768782
2024-07-30 12:00:00,28.389954,18.261047,316.69244,101609.4,0.0,2.8554058
2024-07-31 12:00:00,27.649597,20.656982,254.42284,101511.125,3.968246e-07,3.5339649
2024-08-01 12:00:00,25.061096,19.691956,81.190674,101530.44,0.00022354999,0.43414295
2024-08-02 12:00:00,28.96103,19.180786,309.37006,101630.2,8.214969e-06,1.3282934
2024-08-03 12:00:00,28.604828,20.895905,184.28665,101685.34,0.0,1.895788
2024-08-04 12:00:00,29.821625,20.059235,310.38696,101555.49,6.4529795e-06,2.384787
2024-08-05 12:00:00,29.25418,22.951141,199.05396,100979.68,3.2589884e-05,3.5577648
2024-08-06 12:00:00,28.735352,22.957092,255.72876,100616.695,4.5518747e-05,2.6833365
2024-08-07 12:00:00,29.348999,21.455688,244.92838,101153.17,4.4316907e-06,1.0560739
2024-08-08 12:00:00,29.445953,20.048828,278.9962,101187.69,2.117216e-05,1.3476596
2024-08-09 12:00:00,30.052551,20.228119,310.69247,101197.94,2.3290588e-06,1.3348432
2024-08-10 12:00:00,32.93332,21.411285,269.10297,101037.16,3.483821e-07,2.9051898
2024-08-11 12:00:00,32.53409,24.195038,216.19092,100746.44,4.6976373e-05,2.5879905
2024-08-12 12:00:00,28.971222,20.840607,282.8522,100995.76,2.2928283e-05,0.6790399
2024-08-13 12:00:00,28.369598,21.256744,216.93759,101180.81,0.0,1.6149671
2024-08-14 12:00:00,28.973114,20.738312,247.91089,101429.62,0.0,1.3404126
2024-08-15 12:00:00,28.497162,21.032318,232.36194,101597.77,5.5267355e-07,1.4333768
2024-08-16 12:00:00,29.757172,22.294037,246.26843,101227.45,0.0001442326,1.4367629
2024-08-17 12:00:00,31.284668,21.866669,297.2717,100749.18,0.0,1.9764022
2024-08-18 12:00:00,33.32596,22.039337,283.46426,100811.22,1.8958453e-09,1.190386
2024-08-19 12:00:00,37.361633,24.31366,289.6737,100755.27,3.9972468e-07,2.3807669
2024-08-20 12:00:00,33.771515,22.76883,288.89322,101071.09,0.0,3.8094575
2024-08-21 12:00:00,29.301514,18.409393,303.00143,101127.04,0.0,2.883885
2024-08-22 12:00:00,27.764404,17.799774,301.01144,101175.49,0.0,2.3136313
2024-08-23 12:00:00,27.434784,16.87262,277.4821,101382.37,0.0,2.1589808
2024-08-24 12:00:00,26.774506,18.228088,238.26372,101620.19,0.0,2.4416873
2024-08-25 12:00:00,26.481598,18.920654,234.5854,101446.1,0.0,2.0849073
2024-08-26 12:00:00,23.639404,21.654724,37.303905,100696.58,0.00025610896,4.14536
2024-08-27 12:00:00,23.265991,20.701935,164.4036,100301.234,0.00028408814,0.754022
2024-08-28 12:00:00,24.8685,18.160858,226.1389,100859.75,1.0243261e-07,2.9265618
2024-08-29 12:00:00,28.565216,20.466003,278.02576,101355.445,0.0,2.2175896
2024-08-30 12:00:00,32.330322,19.731537,270.93893,101379.11,0.0,2.0344021
2024-08-31 12:00:00,33.31366,22.286682,271.1428,101181.81,0.0,2.3485482
2024-09-01 12:00:00,32.86029,24.116943,215.42511,100773.484,0.0,2.616122
2024-09-02 12:00:00,28.209015,22.807129,190.86378,101165.07,0.0,3.3012314
2024-09-03 12:00:00,30.270111,22.66272,188.03505,101297.75,1.2782117e-06,1.0980779
2024-09-04 12:00:00,34.10553,23.139252,262.8552,101546.63,1.3480208e-07,1.3759882
2024-09-05 12:00:00,36.119812,24.48291,255.13919,101448.48,0.0,2.162184
2024-09-06 12:00:00,33.60025,24.24054,216.81851,100892.08,9.4740484e-05,1.6900508
2024-09-07 12:00:00,24.649933,19.46228,263.6454,101402.38,5.250967e-09,2.3996375
2024-09-08 12:00:00,27.611847,16.990936,263.63742,101454.28,0.0,1.3371341
2024-09-09 12:00:00,27.106781,18.124176,265.27484,101734.46,0.0,1.3206241
2024-09-10 12:00:00,34.3479,20.22229,216.87402,101222.91,0.0,3.0705547
2024-09-11 12:00:00,32.449738,28.317413,251.47702,100604.56,0.0,3.058075
2024-09-12 12:00:00,28.446136,23.000732,194.85333,100989.164,9.389568e-08,1.2111402
2024-09-13 12:00:00,31.970276,21.272064,203.76923,100846.29,3.6123297e-06,0.80366445
2024-09-14 12:00:00,34.37555,20.246033,214.37589,101139.58,3.8124117e-06,1.5285424
2024-09-15 12:00:00,30.838043,23.184723,236.94643,101578.15,0.0,1.544252
2024-09-16 12:00:00,27.71347,21.347412,238.10078,102023.43,0.0,2.2651281
2024-09-17 12:00:00,30.09198,19.628998,236.546,101828.67,0.0,1.8553857
2024-09-18 12:00:00,35.051025,22.104858,229.30751,101326.555,3.580358e-05,1.4298818
2024-09-19 12:00:00,26.448853,22.461823,94.76122,101391.47,1.3976306e-05,1.7027318
2024-09-20 12:00:00,25.812012,21.886597,83.25881,101566.71,8.863654e-05,1.3981829
2024-09-21 12:00:00,21.857056,16.454712,228.15617,101537.125,7.214077e-05,4.4483438
2024-09-22 12:00:00,19.28125,11.259186,243.7654,102209.055,0.0,3.4302948
2024-09-23 12:00:00,21.450806,11.011841,233.7226,102595.1,0.0,1.7555292
2024-09-24 12:00:00,24.160675,11.137573,190.24582,102389.93,0.0,1.6646689
2024-09-25 12:00:00,26.338715,14.227539,196.62656,102094.47,0.0,1.1916707
2024-09-26 12:00:00,26.984406,15.666565,163.06053,101789.234,2.5866992e-08,2.2318413
2024-09-27 12:00:00,29.87851,18.110474,219.76921,101376.1,0.0,3.3448122
2024-09-28 12:00:00,28.073761,17.39798,73.51242,101011.61,1.0891824e-05,3.221628
2024-09-29 12:00:00,19.19339,10.259949,227.59804,102082.51,0.0,2.21666
2024-09-30 12:00:00,20.098816,8.511902,222.48912,102253.18,0.0,1.0176202
2024-10-01 12:00:00,28.022644,12.788849,160.47783,101147.914,1.0822674e-06,3.4786882
2024-10-02 12:00:00,31.5094,25.639801,163.97017,100498.2,3.3570714e-06,3.5858872
2024-10-03 12:00:00,29.49466,20.437561,144.90956,100770.9,7.829293e-06,2.6588566
2024-10-04 12:00:00,29.955872,20.472992,196.6649,101149.75,1.5012479e-05,2.4267776
2024-10-05 12:00:00,32.081573,21.567627,164.28947,101049.36,2.7512626e-05,2.4291282
2024-10-06 12:00:00,21.422058,13.361816,209.4254,101528.984,5.810168e-06,3.4932528
2024-10-07 12:00:00,18.609344,10.683716,207.50232,101560.42,0.0,2.4690683
2024-10-08 12:00:00,18.861237,9.93689,161.43274,101556.44,2.1024707e-07,2.1720746
2024-10-09 12:00:00,16.043365,9.445068,50.756527,101265.65,0.00026022855,4.6287456
2024-10-10 12:00:00,15.893402,8.632294,199.4642,101774.09,0.0,1.8756646
2024-10-11 12:00:00,17.525452,8.454254,194.93942,102044.94,0.0,1.6927329
2024-10-12 12:00:00,17.329834,11.187866,184.4615,102484.17,1.0137681e-08,3.0182593
2024-10-13 12:00:00,15.719238,8.851929,189.8558,102498.766,9.4770144e-08,3.2676778
2024-10-14 12:00:00,15.382629,7.6632385,188.48701,102140.625,0.0,2.801921
2024-10-15 12:00:00,13.852814,10.712189,89.84722,102095.83,0.0,2.4228702
2024-10-16 12:00:00,15.641815,8.620239,178.74936,102482.05,0.0,3.3777351
2024-10-17 12:00:00,16.9133,9.807434,119.097855,102438.06,2.3880427e-06,3.9771829
2024-10-18 12:00:00,16.09314,14.194458,30.710136,101560.46,0.00046166725,6.011394
2024-10-19 12:00:00,16.842316,14.594208,86.9734,101650.31,1.8178125e-05,3.831602
2024-10-20 12:00:00,16.372864,12.256836,103.33099,102241.195,2.6643634e-06,2.501378
2024-10-21 12:00:00,15.138855,13.133881,13.542009,102129.62,0.0002536288,4.2028694
2024-10-22 12:00:00,14.928284,12.978394,38.340363,102031.58,0.0001848178,5.03206
2024-10-23 12:00:00,15.242737,13.901703,25.102081,101581.02,0.00019124105,5.271766
2024-10-24 12:00:00,14.765076,13.407593,45.812763,101653.88,5.2051368e-05,4.015826
2024-10-25 12:00:00,16.637482,11.386414,131.66113,101980.25,5.00756e-07,1.9978985
2024-10-26 12:00:00,18.2818,13.076538,80.93996,101583.63,2.1899761e-05,3.0144408
2024-10-27 12:00:00,21.717072,16.65747,63.95519,99782.11,0.00056924426,4.6723404
2024-10-28 12:00:00,18.818634,11.799774,155.69212,99758.055,1.9219771e-05,5.219768
2024-10-29 12:00:00,14.655823,9.202576,140.90254,100399.75,1.405756e-07,3.237604
2024-10-30 12:00:00,15.421234,8.4935,153.16133,100713.83,9.479226e-10,3.5712013
2024-10-31 12:00:00,19.329407,10.667023,149.71297,101023.16,0.0,2.6145327
2024-11-01 12:00:00,16.269531,9.795288,150.89525,101597.48,3.5110773e-08,3.445124
2024-11-02 12:00:00,14.834198,5.410919,150.14192,102475.28,0.0,1.9815062
2024-11-03 12:00:00,18.677765,10.394714,144.99666,101610.15,0.0,3.9607515
2024-11-04 12:00:00,15.87146,7.501007,146.06073,101395.91,1.0596202e-07,2.6780977
2024-11-05 12:00:00,9.733856,3.130127,105.598564,102125.336,0.0,2.7042105
2024-11-06 12:00:00,14.663727,8.37677,54.933372,102252.055,2.5720703e-05,2.8669472
2024-11-07 12:00:00,17.526367,13.526825,45.814667,101886.28,0.00043063972,5.0311894
2024-11-08 12:00:00,18.682953,13.4279175,106.090385,100315.74,0.00028769724,1.6211367
2024-11-09 12:00:00,16.973907,10.843445,134.39581,101387.91,2.4396222e-05,4.213304
2024-11-10 12:00:00,17.848907,8.100067,128.16823,101330.07,5.6475397e-10,2.466458
2024-11-11 12:00:00,16.694183,10.013031,84.015205,100819.695,0.0,2.5852482
2024-11-12 12:00:00,14.794373,6.816223,129.2149,101600.56,2.6481333e-05,2.2547195
2024-11-13 12:00:00,11.078278,2.3684082,98.31123,102447.47,8.325113e-06,0.83223534
2024-11-14 12:00:00,18.825836,9.569305,19.057709,102050.516,0.00031467056,0.8867476
2024-11-15 12:00:00,17.402344,13.608063,98.603,101910.6,1.4923571e-06,1.2494173
2024-11-16 12:00:00,16.523315,13.035522,67.051636,101925.36,1.3642526e-05,1.0009367
2024-11-17 12:00:00,14.695465,11.975586,41.39109,101600.45,9.534165e-07,1.0175788
2024-11-18 12:00:00,19.707916,13.151398,58.80308,100674.07,2.2258288e-05,3.550267
2024-11-19 12:00:00,12.797302,3.9014282,123.37493,102871.664,0.0,2.5633082
2024-11-20 12:00:00,13.924286,5.544464,26.100893,102317.73,0.00012458331,1.2412905
2024-11-21 12:00:00,11.15863,6.3800354,119.06736,101965.34,0.0,3.4408488
2024-11-22 12:00:00,9.20694,2.2106323,119.229706,102979.62,0.0,2.749875
2024-11-23 12:00:00,11.476898,2.2846985,94.90452,103075.99,6.448385e-07,2.4228685
2024-11-24 12:00:00,17.823853,10.596771,68.491714,101960.31,5.753701e-07,4.7525225
2024-11-25 12:00:00,16.924774,10.5448,107.7889,102229.234,0.0,1.1992195
2024-11-26 12:00:00,19.856354,10.951508,47.31876,101442.28,4.196376e-06,4.104284
2024-11-27 12:00:00,20.366333,18.135956,28.942497,100601.836,7.357538e-06,3.9620283
2024-11-28 12:00:00,19.925507,5.5111694,110.89988,100512.36,6.713188e-05,5.131288
2024-11-29 12:00:00,7.337158,1.3842468,109.153656,101732.41,0.0,2.767587
2024-11-30 12:00:00,9.249817,2.3646545,106.51319,101122.7,1.9775857e-07,2.6017377
2024-12-01 12:00:00,7.32605,1.5112,73.522995,101839.8,0.0,1.749522
2024-12-02 12:00:00,17.854126,5.2929993,6.87439,100243.34,0.00059564185,4.856455
2024-12-03 12:00:00,13.749481,5.4304504,107.68295,100721.125,1.956693e-06,4.4181533
2024-12-04 12:00:00,8.303619,0.87493896,101.64918,102018.734,1.1747251e-09,1.5966144
2024-12-05 12:00:00,12.0642395,3.1509094,31.48988,101595.24,2.6399486e-05,1.8873328
2024-12-06 12:00:00,11.598389,8.659454,49.598648,100625.83,0.00026473566,1.4741195
2024-12-07 12:00:00,8.665863,3.677002,106.16219,101396.875,0.0,3.6053755
2024-12-08 12:00:00,11.508301,0.6457825,95.66581,101903.586,0.0,2.89497
2024-12-09 12:00:00,11.55838,4.1612244,64.86616,101747.836,3.2183534e-10,1.8369057
2024-12-10 12:00:00,17.712677,9.105469,42.907536,101142.34,5.8802703e-05,2.982216
2024-12-11 12:00:00,17.184784,9.172546,31.774248,100694.805,8.415627e-05,1.4270629
2024-12-12 12:00:00,12.867767,5.4549866,17.565292,99616.01,0.0004329066,4.5032425
2024-12-13 12:00:00,5.8061523,2.792511,102.90847,101365.945,1.2544743e-06,5.4079714
2024-12-14 12:00:00,3.6801453,-0.9734497,103.64559,103011.95,0.0,3.0649018
2024-12-15 12:00:00,11.911224,0.5474243,21.051788,102483.31,4.2369553e-05,3.9153798
2024-12-16 12:00:00,15.629913,11.300415,50.916065,99915.76,0.00051987957,3.824049
2024-12-17 12:00:00,11.273132,5.6801147,90.69816,99359.55,1.9583288e-06,3.857583
2024-12-18 12:00:00,6.7832947,2.959198,102.31118,100583.04,1.3731689e-07,5.302857
2024-12-19 12:00:00,6.287506,-0.2796631,100.762794,102153.37,0.0,1.8436713
2024-12-20 12:00:00,14.033142,6.0151978,47.54484,101330.74,0.0004235518,2.5296032
2024-12-21 12:00:00,9.591797,2.501068,102.30001,101963.18,0.0,3.6120963
2024-12-22 12:00:00,11.650299,1.0057983,79.64275,102185.36,8.8072136e-07,1.5838096
2024-12-23 12:00:00,12.611176,3.5029297,49.608128,101235.53,2.2175027e-05,3.0416868
2024-12-24 12:00:00,3.4364624,-0.98883057,103.47274,101465.88,0.0,3.658548
2024-12-25 12:00:00,3.9135132,-2.216095,101.67354,101147.44,0.0,2.2434702
2024-12-26 12:00:00,4.3695374,-1.9259949,65.0849,100404.22,6.250251e-05,1.200847
2024-12-27 12:00:00,8.20639,2.7469177,95.41597,99415.88,0.00052439125,6.4356885
2024-12-28 12:00:00,4.0006104,-1.1196289,87.87798,101884.05,0.0,2.217881
2024-12-29 12:00:00,2.6149597,1.0967712,16.332611,100935.91,0.000692857,6.745772
2024-12-30 12:00:00,6.704651,0.9750366,102.776596,100715.54,0.00015479956,4.8503833
2024-12-31 12:00:00,11.001312,-2.2580261,99.216705,101993.92,0.0,1.5313872
2025-01-01 12:00:00,12.143494,3.4861145,78.06489,101192.65,1.07355696e-07,2.5732214
2025-01-02 12:00:00,7.599823,-1.1373901,106.138016,100663.63,5.112e-08,3.1975744
2025-01-03 12:00:00,0.1612854,-3.7503357,105.15852,100865.95,5.445077e-07,5.9190526
2025-01-04 12:00:00,2.1799927,-6.4558716,102.482864,101852.8,0.0,3.2739954
2025-01-05 12:00:00,3.519989,-6.167206,102.99118,102029.17,0.0,2.277939
2025-01-06 12:00:00,6.373169,-4.1321716,97.9756,102016.03,0.0,1.4503086
2025-01-07 12:00:00,6.035614,1.9577637,24.13936,101526.34,0.00010835209,2.9276397
2025-01-08 12:00:00,5.1106567,-0.8996887,104.547516,101773.984,3.2993936e-05,2.4366996
2025-01-09 12:00:00,5.220001,-2.4472046,64.42646,102551.14,8.614281e-06,2.7074618
2025-01-10 12:00:00,16.578094,5.362091,44.17485,100747.34,0.00036447516,3.5271742
2025-01-11 12:00:00,11.365936,2.8344116,110.700096,100889.34,1.8864534e-09,3.5492842
2025-01-12 12:00:00,5.262146,-0.0146484375,111.29726,101324.63,0.0,4.0895405
2025-01-13 12:00:00,4.203705,-1.2734375,113.54081,101401.16,0.0,3.1020787
2025-01-14 12:00:00,0.9193115,-3.0359497,71.59395,101828.39,9.7153245e-09,2.9260588
2025-01-15 12:00:00,2.580597,-0.5829468,78.72367,101228.3,7.06138e-06,5.686663
2025-01-16 12:00:00,2.8476257,-2.7020264,119.18425,102512.0,0.0,2.6593995
2025-01-17 12:00:00,5.560486,-3.7120972,114.08345,102667.51,0.0,1.4697748
2025-01-18 12:00:00,6.256592,0.7765808,10.510734,101655.42,0.00048009586,2.5569847
2025-01-19 12:00:00,7.5794983,1.6212463,120.79186,101275.84,7.71864e-05,3.5651565
2025-01-20 12:00:00,4.5987854,-1.8455505,118.073746,102319.5,0.0,1.9994787
2025-01-21 12:00:00,3.5359497,0.68969727,42.855175,101994.33,1.3072973e-05,1.6414422
2025-01-22 12:00:00,6.260315,-0.6373291,123.28403,102026.52,0.0,2.8748891
2025-01-23 12:00:00,9.378326,0.15484619,56.67408,101939.56,1.1146577e-06,0.79290426
2025-01-24 12:00:00,11.477631,-0.8196411,116.37386,102305.664,3.7139435e-07,1.3245658
2025-01-25 12:00:00,9.419281,1.5271912,65.72289,102780.3,4.3971227e-06,0.85368526
2025-01-26 12:00:00,12.680115,4.84671,55.038887,102111.164,7.88669e-06,1.12071
2025-01-27 12:00:00,17.43451,10.410431,42.832382,100894.16,0.0001179746,1.8431076
2025-01-28 12:00:00,16.364227,6.7559204,133.02272,101051.945,3.5967485e-06,2.3815422
2025-01-29 12:00:00,8.130646,0.87753296,133.42659,102002.33,0.0,2.9672296
2025-01-30 12:00:00,8.805878,2.624176,136.00214,101267.766,2.4814353e-08,3.9486358
2025-01-31 12:00:00,6.3889465,0.87039185,139.73184,102143.5,0.0,3.7173638
2025-02-01 12:00:00,8.250946,-0.7940674,139.68292,102550.87,0.0,2.0631006
2025-02-02 12:00:00,8.631165,4.8692627,24.343306,101753.59,0.00013482074,0.96279234
2025-02-03 12:00:00,8.196838,3.997223,130.75522,102187.195,2.5031266e-05,3.1376657
2025-02-04 12:00:00,3.8664856,-2.2324524,144.88283,103342.055,1.08585006e-07,3.343813
2025-02-05 12:00:00,5.2760315,-0.459198,42.81251,102419.9,6.7775436e-05,4.617265
2025-02-06 12:00:00,4.214813,1.1749268,37.675865,101412.42,0.00013292082,4.8857136
2025-02-07 12:00:00,1.1705627,-1.9004211,71.21769,100676.945,2.6099756e-06,3.506718
2025-02-08 12:00:00,1.8314514,-5.7269287,143.54987,101017.42,0.0,3.6927512
2025-02-09 12:00:00,6.49411,-4.658722,156.3627,101740.4,0.0,2.5842137
2025-02-10 12:00:00,11.85965,-1.2889099,153.91248,101636.84,0.0,2.7900045
2025-02-11 12:00:00,12.237274,3.9685059,99.29967,101720.664,0.0,2.3233187
2025-02-12 12:00:00,12.512512,4.0906677,79.44473,101875.27,9.6071344e-05,1.1230581
2025-02-13 12:00:00,17.143524,12.246338,148.20901,100760.76,0.0002894633,1.8061762
2025-02-14 12:00:00,14.277496,8.815033,130.11087,101561.18,1.4573066e-06,1.6863692
2025-02-15 12:00:00,13.613831,7.5677185,35.741116,102153.08,8.315936e-06,3.296617
2025-02-16 12:00:00,14.875671,12.0624695,29.075247,101340.56,0.0005919226,0.19347867
2025-02-17 12:00:00,11.998505,8.917175,64.249115,100309.766,0.00034115333,2.756824
2025-02-18 12:00:00,9.927582,1.9158325,168.05739,100421.2,3.2226275e-05,4.820881
2025-02-19 12:00:00,3.2680664,-1.8401794,177.95172,101557.07,5.6687304e-07,2.3870218
2025-02-20 12:00:00,2.815094,-2.5674133,181.16904,101729.87,0.0,2.5818255
2025-02-21 12:00:00,4.2338867,-1.2468567,160.09456,101729.555,0.0,2.279448
2025-02-22 12:00:00,3.3081665,-0.13290405,141.19904,101323.49,5.230275e-05,1.4545386
2025-02-23 12:00:00,4.459137,-4.557495,187.29774,101391.11,1.5905495e-07,2.9871094
2025-02-24 12:00:00,7.736969,-5.2384033,179.5953,100833.05,3.748762e-08,2.1833467
2025-02-25 12:00:00,5.0967407,-2.6921692,193.21327,99893.14,0.0,2.737746
2025-02-26 12:00:00,8.231842,-2.8639526,188.14299,100209.42,2.664404e-07,3.9191377
2025-02-27 12:00:00,11.047699,-1.0845642,151.25517,100474.64,0.0,2.3681684
2025-02-28 12:00:00,6.36438,-2.4806824,184.8171,100555.27,2.1431204e-05,3.9621062
2025-03-01 12:00:00,9.279968,-5.4565735,146.98486,100972.266,6.4464115e-07,1.9757267
2025-03-02 12:00:00,6.0348816,0.27749634,86.380135,98791.125,2.2112787e-05,2.8954515
2025-03-03 12:00:00,0.561676,-4.1430664,115.505226,98439.02,0.00023738263,4.388103
2025-03-04 12:00:00,0.096588135,-5.095978,212.8388,101104.12,8.394046e-08,4.1285615
2025-03-05 12:00:00,1.0410156,-10.7682495,185.87877,102853.71,0.0,2.1468248
2025-03-06 12:00:00,9.626282,-1.7371216,66.258835,102716.83,0.000102056416,3.1100476
2025-03-07 12:00:00,15.183929,9.71582,37.953426,100599.44,0.00034040413,6.3292384
2025-03-08 12:00:00,13.406525,5.466675,198.76724,100201.83,1.9274829e-07,3.8555226
2025-03-09 12:00:00,7.0032043,2.9578247,186.69641,100280.25,5.09929e-07,3.5719185
2025-03-10 12:00:00,8.61618,0.035064697,219.66222,100094.53,0.0,2.3733518
2025-03-11 12:00:00,5.2019653,1.522644,88.65366,100270.375,8.98005e-05,2.2009199
2025-03-12 12:00:00,2.0758057,-4.8067627,232.97072,101507.76,0.0,4.088056
2025-03-13 12:00:00,3.7702942,-6.1792297,237.42738,101517.016,0.0,2.087168
2025-03-14 12:00:00,5.342682,-2.1345825,212.55836,100195.76,8.1972864e-08,4.1090426
2025-03-15 12:00:00,2.6463623,-4.580139,120.26004,100126.22,0.00011580435,2.8805392
2025-03-16 12:00:00,2.1626587,-5.977722,176.9648,98988.984,0.00059761084,5.393431
2025-03-17 12:00:00,-6.0450134,-13.64386,219.21504,100883.64,1.9736701e-06,4.284543
2025-03-18 12:00:00,1.6433411,-11.309662,247.36404,101571.734,2.6304326e-07,3.5370915
2025-03-19 12:00:00,12.715912,-2.0084229,209.33624,101863.74,0.0,2.67126
2025-03-20 12:00:00,13.34552,0.6699219,187.43774,102398.67,4.260978e-08,1.9619868
2025-03-21 12:00:00,16.433167,12.024536,28.557056,101955.94,9.976376e-05,6.071153
2025-03-22 12:00:00,17.823883,14.292114,98.007195,101310.734,0.0002470693,3.6384714
2025-03-23 12:00:00,14.179199,6.308197,155.10791,102687.02,6.789498e-09,3.3009381
2025-03-24 12:00:00,10.075226,4.60553,95.28956,103083.87,1.4164156e-05,4.124576
2025-03-25 12:00:00,13.522583,8.938049,29.143179,102912.93,0.00026321312,7.27471
2025-03-26 12:00:00,16.740326,13.39267,71.820656,102040.766,0.0006223176,6.048308
2025-03-27 12:00:00,15.826691,12.097809,198.97044,101816.69,7.673865e-07,1.7634345
2025-03-28 12:00:00,13.603577,8.633453,261.0284,102235.016,0.0,3.6847982
2025-03-29 12:00:00,10.481873,4.002655,266.527,103073.09,0.0,2.8012087
2025-03-30 12:00:00,10.678925,3.115387,232.80338,103310.375,0.0,2.2245708
2025-03-31 12:00:00,14.999237,5.2497864,211.11462,102667.914,1.0612674e-06,1.4954494
2025-04-01 12:00:00,17.893646,10.599182,180.31007,102276.81,6.5299046e-06,2.89068
2025-04-02 12:00:00,18.252014,13.386078,121.2862,101762.0,3.917859e-06,2.487403
2025-04-03 12:00:00,16.036957,9.419006,253.60336,101870.695,0.0002229807,3.6595194
2025-04-04 12:00:00,11.266327,4.5629272,281.81754,102457.35,0.0,2.655335
2025-04-05 12:00:00,11.936615,3.098236,273.27774,102316.23,0.0,1.0854231
2025-04-06 12:00:00,11.574799,5.336731,169.13458,102439.64,0.0,2.7255335
2025-04-07 12:00:00,9.259094,7.9445496,39.44361,102632.36,9.259263e-05,7.9405246
2025-04-08 12:00:00,14.246216,7.6670837,31.257654,102536.766,0.00051454577,9.128336
2025-04-09 12:00:00,16.997253,14.246307,62.517418,102288.26,0.0003071781,6.384718
2025-04-10 12:00:00,17.318024,15.810669,58.377087,101938.35,0.0004973565,4.609604
2025-04-11 12:00:00,18.415009,14.291443,125.199455,101924.26,1.8352694e-05,1.0161543
2025-04-12 12:00:00,20.967499,12.721954,217.71446,101444.77,4.250727e-06,1.7488071
2025-04-13 12:00:00,19.793884,14.852509,239.09232,100834.06,1.3197709e-05,2.3819282
2025-04-14 12:00:00,17.280548,7.5965576,275.91147,100811.54,6.809622e-06,4.2296414
2025-04-15 12:00:00,13.099457,3.1583557,303.46567,101738.48,0.0,3.279169
2025-04-16 12:00:00,18.792267,6.370819,296.47812,101411.02,0.0,3.4965954
2025-04-17 12:00:00,22.115051,10.995117,294.0195,100801.5,1.0589572e-05,3.3698328
2025-04-18 12:00:00,16.213501,5.9947205,293.23413,101438.734,2.120622e-06,4.3462234
2025-04-19 12:00:00,10.850037,0.76071167,312.35947,102146.78,1.4562365e-08,3.5604098
2025-04-20 12:00:00,16.186676,1.8412476,258.95175,102358.086,0.0,0.4878063
2025-04-21 12:00:00,24.535004,12.813141,284.99203,101748.74,2.9365949e-05,1.7828008
2025-04-22 12:00:00,26.59961,14.475128,282.047,101749.8,1.0683758e-06,2.0448406
2025-04-23 12:00:00,26.445374,14.63147,277.85495,101616.51,0.0,2.7504048
2025-04-24 12:00:00,23.836914,14.705475,289.02808,101246.3,0.0,2.7101176
2025-04-25 12:00:00,21.897125,11.662537,276.2745,100711.35,0.0,0.70944214
2025-04-26 12:00:00,16.791595,13.16449,81.8609,100756.945,7.542201e-05,1.4715556
2025-04-27 12:00:00,19.813019,8.17276,317.46933,101050.38,0.0,2.3577383
2025-04-28 12:00:00,18.370056,11.61673,259.13303,101187.91,6.8124304e-05,0.6250886
2025-04-29 12:00:00,14.84317,11.799194,65.13897,101537.89,0.00010209049,2.0445697
2025-04-30 12:00:00,19.400604,14.044464,161.26492,101438.41,2.2426953e-05,1.2042862
2025-05-01 12:00:00,26.892548,14.523529,268.98068,101479.78,2.5332224e-06,1.7849536
2025-05-02 12:00:00,28.865631,17.29538,297.63187,100823.61,7.132008e-05,1.6991105
2025-05-03 12:00:00,18.534119,12.159851,68.069534,100651.75,4.3346623e-05,3.0667953
2025-05-04 12:00:00,18.53659,15.572601,128.73161,99721.63,0.0002528235,0.9617985
2025-05-05 12:00:00,15.460999,11.995392,182.55147,99944.42,0.0006073133,3.8584397
2025-05-06 12:00:00,12.435211,8.165802,228.16023,101050.76,2.0700338e-05,2.819828
2025-05-07 12:00:00,15.721344,7.2922974,336.0124,101486.26,1.3569388e-06,0.9611184
2025-05-08 12:00:00,17.984497,8.770386,330.43494,101515.13,0.0,1.5905399
2025-05-09 12:00:00,18.334686,9.493683,337.4747,101713.766,0.0,2.4182622
2025-05-10 12:00:00,22.386902,10.194061,331.49448,101384.164,0.0,1.8000034
2025-05-11 12:00:00,19.538788,12.772339,343.54977,101384.27,0.0,2.4626284
2025-05-12 12:00:00,20.538239,8.676086,341.67508,101402.195,0.0,2.3941593
2025-05-13 12:00:00,25.172455,11.235687,338.09863,101286.05,0.0,1.3771535
2025-05-14 12:00:00,28.048676,20.217346,252.91795,101255.92,8.113434e-05,2.2047694
2025-05-15 12:00:00,27.461365,20.062958,287.11517,101371.695,3.3085217e-07,2.860386
2025-05-16 12:00:00,28.105164,21.340332,232.69867,101565.41,0.0,0.77180016
2025-05-17 12:00:00,23.83435,18.116394,224.66673,101860.71,1.5936757e-06,2.5634034
2025-05-18 12:00:00,31.379913,19.157806,302.2049,100893.516,8.929606e-05,1.6246537
2025-05-19 12:00:00,22.768982,15.013092,80.69905,101034.46,0.00019172026,3.2514555
2025-05-20 12:00:00,18.549042,14.058685,142.13487,100917.7,0.00024018875,3.6833386
2025-05-21 12:00:00,21.269562,13.262299,322.3635,101393.586,2.8678203e-06,3.338428
2025-05-22 12:00:00,16.9888,8.503845,360.29468,102128.266,0.0,2.5206583
2025-05-23 12:00:00,20.770569,11.545074,143.52547,101624.984,2.7254876e-07,4.003858
2025-05-24 12:00:00,24.98639,18.309143,305.83472,100279.89,8.973157e-06,3.5704348
2025-05-25 12:00:00,23.440063,12.127594,346.17206,100174.69,2.9572459e-05,4.88369
2025-05-26 12:00:00,19.66681,11.266357,358.13242,101391.945,4.782404e-10,3.4944944
2025-05-27 12:00:00,24.828766,10.299377,353.30176,102121.37,0.0,0.62496257
2025-05-28 12:00:00,24.47049,16.021729,220.31888,102055.016,5.5656365e-06,3.3290496
2025-05-29 12:00:00,25.699371,17.804901,203.15294,101375.89,7.8235804e-05,3.0760596
2025-05-30 12:00:00,23.326385,17.281189,73.78328,100450.414,0.00037858746,1.2299887
2025-05-31 12:00:00,20.611206,12.644745,351.8201,101411.02,0.0,2.595864
2025-06-01 12:00:00,23.053192,11.472778,278.58487,101974.32,0.0,1.299282
2025-06-02 12:00:00,24.129944,16.252441,231.46187,101525.47,2.7352864e-05,3.2618752
2025-06-03 12:00:00,30.812683,21.426147,340.84363,100552.5,0.0,3.624031
2025-06-04 12:00:00,27.11618,19.212036,79.84666,100633.17,4.297106e-05,1.3580401
2025-06-05 12:00:00,20.176086,15.448334,310.555,101933.78,1.6901858e-07,3.517767
2025-06-06 12:00:00,22.401367,13.119415,355.10086,101721.195,0.0,1.8677117
2025-06-07 12:00:00,21.9198,18.153748,84.9194,100098.78,8.885494e-05,1.8818941
2025-06-08 12:00:00,20.244507,14.286163,306.11453,100101.18,1.589156e-05,4.9820023
2025-06-09 12:00:00,23.86258,11.873627,363.42886,101431.62,0.0,2.8096533
2025-06-10 12:00:00,27.46286,15.082672,324.22797,101709.86,0.0,2.4113991
2025-06-11 12:00:00,24.666656,16.711975,334.07877,101407.55,0.0,2.8968568
2025-06-12 12:00:00,25.532257,15.183441,284.51135,100829.414,1.8672084e-05,2.9106472
2025-06-13 12:00:00,23.976654,17.955841,178.16664,100297.8,0.0003961768,2.6557546
2025-06-14 12:00:00,23.55542,16.539856,320.32474,100307.79,0.0,2.6486766
2025-06-15 12:00:00,23.850708,15.996643,350.49078,100635.086,0.0,3.1686237
2025-06-16 12:00:00,24.841614,14.375641,340.78973,101279.01,0.0,0.68062633
2025-06-17 12:00:00,25.12033,18.176147,176.04765,101336.52,1.0196952e-05,2.7282054
2025-06-18 12:00:00,30.781525,21.472961,298.06226,101252.01,3.5678747e-06,3.1334233
2025-06-19 12:00:00,28.80539,22.439789,277.68088,101639.87,1.6031385e-05,2.9968915
2025-06-20 12:00:00,30.778381,22.8302,299.9682,101781.914,0.0,2.6531296
2025-06-21 12:00:00,30.222992,22.81668,320.62595,101871.664,1.552172e-07,3.1633737
2025-06-22 12:00:00,29.541168,21.40274,320.49664,101840.91,4.5932552e-08,3.441189
2025-06-23 12:00:00,28.69928,23.858765,155.92944,101466.445,9.1000186e-07,4.7593513
2025-06-24 12:00:00,27.252197,21.358093,109.43574,101363.8,0.00035268045,3.4789643
2025-06-25 12:00:00,25.359192,19.346008,273.39236,101953.836,0.0,0.9572797
2025-06-26 12:00:00,23.847656,18.548187,142.9264,102236.89,0.0,3.5465658
2025-06-27 12:00:00,25.597046,16.263489,334.25247,102258.93,0.0,2.1378922
2025-06-28 12:00:00,28.612762,17.558167,356.40878,102003.734,0.0,1.4097621
2025-06-29 12:00:00,30.440277,17.810364,356.04794,101862.35,0.0,1.9980617
2025-06-30 12:00:00,33.828278,20.501526,336.64032,101305.01,0.0,2.5832775
2025-07-01 12:00:00,31.754944,26.235199,229.53334,100773.13,0.0,4.160438
2025-07-02 12:00:00,29.02826,19.802368,337.8726,100938.45,2.2652712e-05,1.9734408
2025-07-03 12:00:00,30.429047,18.759064,342.31107,101066.27,0.0,2.3064318
2025-07-04 12:00:00,30.019318,19.487823,354.82236,101346.54,0.0,2.7591608
2025-07-05 12:00:00,31.537994,18.86444,333.01074,101581.03,0.0,0.70521337
2025-07-06 12:00:00,30.812164,21.208069,275.35977,101733.42,2.6234484e-06,1.8262961
2025-07-07 12:00:00,29.116577,20.230774,306.5556,101894.54,8.8317705e-08,2.35214
2025-07-08 12:00:00,30.014954,19.340393,315.68475,101644.79,0.0,1.739501
2025-07-09 12:00:00,33.621033,23.328094,331.0943,101171.414,4.97022e-06,2.5327587
2025-07-10 12:00:00,31.68628,22.460968,150.5191,101094.15,0.000112684254,2.2078347
2025-07-11 12:00:00,27.321716,19.496979,257.10004,101652.1,1.0469078e-05,4.2453785
2025-07-12 12:00:00,28.984772,17.284271,353.4671,101729.14,0.0,2.312273
2025-07-13 12:00:00,32.32254,19.147705,323.68997,101326.63,0.0,2.1533465
2025-07-14 12:00:00,29.99884,22.120972,324.84146,100774.305,3.987411e-06,1.4560423
2025-07-15 12:00:00,29.501007,18.490479,352.7409,101535.09,0.0,1.9983377
2025-07-16 12:00:00,29.8125,17.402588,346.38846,101575.22,0.0,2.411049
2025-07-17 12:00:00,32.072266,22.759491,240.5099,101063.61,7.686811e-05,3.5238452
2025-07-18 12:00:00,28.452576,20.651459,297.13287,100909.65,5.320409e-05,2.0428991
2025-07-19 12:00:00,29.93338,18.897186,345.89584,101399.53,0.0,1.8827971
2025-07-20 12:00:00,31.472107,19.499084,336.26068,101636.92,0.0,2.2929888
2025-07-21 12:00:00,33.475433,20.291687,312.42368,101241.086,0.0,2.6917202
2025-07-22 12:00:00,32.742798,23.677917,261.23953,100953.57,1.4013064e-05,2.245392
2025-07-23 12:00:00,32.769806,20.095154,335.27933,100971.51,8.426113e-06,1.3321954
2025-07-24 12:00:00,33.589417,21.19513,261.3198,100570.49,0.0,3.011009
2025-07-25 12:00:00,36.738342,26.00769,251.23808,100499.305,6.0292734e-07,3.564957
2025-07-26 12:00:00,29.224915,23.304474,124.44555,101043.945,4.492553e-05,1.5269177
2025-07-27 12:00:00,25.359314,22.223969,133.42413,101434.86,0.00012757046,2.0174513
2025-07-28 12:00:00,34.029785,22.883148,272.52017,101295.805,2.6406553e-06,1.9431214
2025-07-29 12:00:00,32.394318,24.789307,264.91095,101112.62,0.0,1.1031734
2025-07-30 12:00:00,24.615265,19.325897,55.004887,101714.79,7.9448386e-05,4.778617
2025-07-31 12:00:00,24.672668,19.154236,198.78761,102063.49,1.2677626e-05,3.6033304
2025-08-01 12:00:00,26.409332,19.218262,250.36896,102072.51,0.0,1.7937511
2025-08-02 12:00:00,27.41159,20.64853,222.71907,101733.22,5.3302647e-06,1.251358
2025-08-03 12:00:00,30.240204,22.41095,257.0634,101251.97,5.308814e-05,1.3590012
2025-08-04 12:00:00,33.125977,22.97699,309.7518,100731.375,3.268836e-06,2.2183242
2025-08-05 12:00:00,31.50647,21.442902,305.5879,100622.25,2.1584687e-05,2.05597
2025-08-06 12:00:00,34.189453,21.584076,317.0469,100826.66,0.0,1.7145226
2025-08-07 12:00:00,39.417053,25.675812,311.97787,100707.484,0.0,2.6056087
2025-08-08 12:00:00,37.210144,29.38684,262.6197,100831.09,3.3426916e-06,2.952978
2025-08-09 12:00:00,34.62213,26.169098,263.1503,100868.9,2.8790782e-05,1.7155477
2025-08-10 12:00:00,30.280762,23.871063,170.65938,101125.0,3.8821545e-06,0.4285866
2025-08-11 12:00:00,32.860657,22.58844,265.9128,101015.5,1.866815e-07,0.7525318
2025-08-12 12:00:00,33.160126,22.944763,223.72864,100998.125,0.0,1.5016642
2025-08-13 12:00:00,34.223816,24.408875,263.5894,100997.26,4.2196163e-05,2.1184628
2025-08-14 12:00:00,33.20288,21.37616,275.1733,101239.97,1.1048312e-05,1.9072179
2025-08-15 12:00:00,32.81653,21.484833,273.96594,101139.95,4.5380915e-05,1.1511117
2025-08-16 12:00:00,34.170685,25.203674,222.08751,100589.305,0.0,1.265411
2025-08-17 12:00:00,30.40387,21.711517,99.652,100908.77,0.00021406359,1.3967036
2025-08-18 12:00:00,27.493713,18.623688,298.74826,100984.05,7.637512e-10,1.6260204
2025-08-19 12:00:00,27.98941,18.84729,281.8336,101163.375,0.0,0.4643928
2025-08-20 12:00:00,24.575958,20.659363,69.75546,100781.84,0.00027873818,1.7979519
2025-08-21 12:00:00,24.617493,20.519348,144.73843,100703.836,4.9530823e-05,2.8453875
2025-08-22 12:00:00,28.101624,18.0979,295.68707,101418.92,2.4426e-08,2.4810216
2025-08-23 12:00:00,29.739044,20.554565,293.06326,101669.44,0.0,1.1898737
2025-08-24 12:00:00,31.103241,20.739746,280.78772,101311.86,0.0,2.9904969
2025-08-25 12:00:00,33.920868,23.062042,279.45132,101051.086,3.051186e-07,2.126609
2025-08-26 12:00:00,31.336517,24.601746,191.03218,101216.27,4.2673473e-06,0.58252925
2025-08-27 12:00:00,34.344116,24.207703,234.47798,101095.97,9.816861e-05,0.6601274
2025-08-28 12:00:00,26.189972,21.533966,67.02484,101373.9,0.00020716377,3.3794858
2025-08-29 12:00:00,22.93982,20.800598,76.986946,102034.78,0.000101984035,4.322375
2025-08-30 12:00:00,24.917267,19.833923,273.0407,102276.64,2.3293217e-06,2.700411
2025-08-31 12:00:00,28.619263,19.431763,270.88516,101755.34,0.0,1.6564168
2025-09-01 12:00:00,30.414612,22.350433,241.55602,101115.2,0.00010378582,1.1364874
2025-09-02 12:00:00,26.16101,22.646667,201.59401,101328.586,2.0241794e-05,3.0059006
2025-09-03 12:00:00,26.417816,22.09488,103.25403,101220.88,0.00022533287,2.6652567
2025-09-04 12:00:00,24.864563,21.535461,120.094604,101151.77,0.00021311542,0.9096186
2025-09-05 12:00:00,25.344177,21.79712,110.486084,101271.32,5.52271e-05,2.6152034
2025-09-06 12:00:00,29.007965,20.997742,224.13762,101154.85,4.808829e-07,1.111591
2025-09-07 12:00:00,26.806366,19.857117,268.38834,101418.49,3.5789806e-05,3.5783367
2025-09-08 12:00:00,22.752472,14.89563,270.03186,102295.33,0.0,3.0563805
2025-09-09 12:00:00,23.936554,14.544586,270.45703,102533.1,0.0,1.1840235
2025-09-10 12:00:00,24.822174,15.543549,249.8727,101973.24,0.0,1.9455676
2025-09-11 12:00:00,25.298706,16.863281,163.91376,100852.48,0.0,1.9640778
2025-09-12 12:00:00,22.643372,14.754822,263.5389,101186.41,4.5832826e-07,4.865812
2025-09-13 12:00:00,21.724976,10.448151,263.61465,101847.99,0.0,2.0993602
2025-09-14 12:00:00,26.649628,13.473358,240.47934,101794.336,0.0,2.149508
2025-09-15 12:00:00,23.655823,19.230194,120.67865,102258.32,1.7375362e-06,2.6031811
2025-09-16 12:00:00,24.435608,15.467438,250.37482,102374.32,0.0,3.3473866
2025-09-17 12:00:00,24.367859,16.326752,185.22903,101783.23,0.0,4.8282294
2025-09-18 12:00:00,28.343231,21.264374,187.51172,100722.25,5.3462585e-09,5.1668262
2025-09-19 12:00:00,28.156036,21.21698,240.8302,100885.03,0.0,3.1764908
2025-09-20 12:00:00,25.41861,18.478851,208.98819,101012.63,0.0,2.8339715
2025-09-21 12:00:00,26.763184,15.701141,224.70865,100930.8,0.0,1.5851557
2025-09-22 12:00:00,23.786377,15.681122,149.04478,101416.99,0.0,2.57559
2025-09-23 12:00:00,22.120514,16.924957,76.31099,101725.2,1.8485193e-06,4.0753527
2025-09-24 12:00:00,24.807953,19.877594,154.63498,101305.29,1.290166e-06,3.3033915
2025-09-25 12:00:00,26.760834,17.422577,222.25137,101006.84,2.2714119e-07,0.98803854
2025-09-26 12:00:00,27.420258,20.009705,166.11221,100459.34,3.591e-05,2.075997
2025-09-27 12:00:00,24.244415,14.250916,188.37729,100754.57,2.3927114e-06,0.5626073
2025-09-28 12:00:00,21.642914,16.403503,124.26101,99985.81,0.00013373219,1.3365052
2025-09-29 12:00:00,19.04663,12.239868,219.16447,100743.39,0.0,2.9267895
2025-09-30 12:00:00,18.192108,8.966034,221.95299,101962.28,3.154777e-09,2.8413558
2025-10-01 12:00:00,19.009766,8.47934,220.82129,102678.85,3.8143913e-08,1.9551073
2025-10-02 12:00:00,22.377075,9.387604,214.31866,102267.32,0.0,3.0608146
2025-10-03 12:00:00,24.196533,13.83905,208.63882,102067.98,0.0,1.3719975
2025-10-04 12:00:00,20.935791,12.296326,214.09874,102789.875,0.0,2.5566359
2025-10-05 12:00:00,22.534576,9.948761,207.24092,102760.9,0.0,0.95050627
2025-10-06 12:00:00,22.782074,12.21402,101.925674,102117.89,2.4448902e-05,0.955818
2025-10-07 12:00:00,18.463531,14.531647,59.09656,101425.22,0.00030923187,2.6193626
2025-10-08 12:00:00,15.566162,11.074219,135.76117,101769.64,7.0157594e-06,3.1709979
2025-10-09 12:00:00,19.485535,12.348785,181.40764,101604.23,1.9566408e-09,1.4151044
2025-10-10 12:00:00,18.385895,13.30368,48.936543,101201.24,1.124847e-05,1.9062028
2025-10-11 12:00:00,15.740082,10.440186,136.73271,101192.33,2.666118e-06,4.694414
2025-10-12 12:00:00,14.269196,10.93277,127.57852,101256.97,7.496354e-07,2.885453
2025-10-13 12:00:00,16.575562,7.651886,169.18007,101359.08,2.3915683e-07,1.766093
2025-10-14 12:00:00,22.249512,13.468536,125.682594,101082.01,0.0,2.791098
2025-10-15 12:00:00,18.975555,10.539215,120.61224,101830.08,0.00032953607,3.3264046
2025-10-16 12:00:00,13.248932,6.3081055,169.96312,102288.24,0.0,1.9714367
2025-10-17 12:00:00,16.729736,10.455719,154.07759,100798.61,8.033196e-08,2.7901912
2025-10-18 12:00:00,17.106445,9.825104,105.89385,98865.32,2.658688e-05,5.626282
2025-10-19 12:00:00,10.699158,8.3993225,95.85831,99987.07,3.7459574e-07,5.392215
2025-10-20 12:00:00,10.383759,5.327484,141.46155,101559.45,1.3665891e-07,4.1187563
2025-10-21 12:00:00,11.320404,4.3526917,177.79813,103005.24,0.0,3.350657
2025-10-22 12:00:00,13.526459,2.840088,173.77948,102917.87,0.0,1.7716918
2025-10-23 12:00:00,13.259796,5.933136,99.957,102578.836,0.0,2.1583042
2025-10-24 12:00:00,14.073456,5.5177,168.42084,102865.53,0.0,2.667961
2025-10-25 12:00:00,14.028961,3.6185913,168.19785,102822.24,0.0,2.3258123
2025-10-26 12:00:00,17.111084,8.6032715,65.99214,102301.94,2.4949534e-06,2.0400705
2025-10-27 12:00:00,17.894989,14.960449,19.300024,101340.52,0.00045060524,4.7922525
2025-10-28 12:00:00,18.743866,11.609314,65.19147,99993.086,0.00010028934,1.808448
2025-10-29 12:00:00,11.489166,6.5854797,154.7908,100355.01,4.3173408e-08,3.7950702
2025-10-30 12:00:00,10.067261,4.4123535,134.79935,100306.69,8.6391714e-07,3.3679085
2025-10-31 12:00:00,11.322662,3.0303955,130.69823,101000.586,5.194624e-06,1.4623622
2025-11-01 12:00:00,17.14325,9.524689,42.08664,100823.24,2.6338857e-05,1.2465338
2025-11-02 12:00:00,16.171356,13.723145,22.501743,100141.15,0.00037982478,0.9140208
2025-11-03 12:00:00,13.543732,6.4629517,146.86496,100489.93,2.2449507e-07,4.818516
2025-11-04 12:00:00,12.638702,6.6776123,145.3237,101775.055,4.067412e-11,3.0031493
2025-11-05 12:00:00,15.641571,6.679535,137.14452,102177.086,0.0,2.5304074
2025-11-06 12:00:00,14.369049,7.19281,99.60834,102277.83,0.0,0.4494591
2025-11-07 12:00:00,18.87085,11.337311,32.59292,101316.06,7.523068e-05,2.6526163
2025-11-08 12:00:00,12.324432,5.641449,140.32639,101736.59,0.0,2.7721794
2025-11-09 12:00:00,15.942383,5.2934265,136.09142,101501.7,0.0,2.882107
2025-11-10 12:00:00,18.64087,8.1633,58.412094,99914.53,0.000214532,3.555106
2025-11-11 12:00:00,8.441254,5.3319397,136.51137,100444.32,3.956759e-07,6.6595674
2025-11-12 12:00:00,6.6683044,2.6502075,137.54166,101142.86,1.6692697e-07,4.6505523
2025-11-13 12:00:00,5.228424,-0.66186523,57.39428,101620.305,0.0,1.9686897
2025-11-14 12:00:00,9.132874,4.905945,37.53884,100128.1,0.0009945795,3.4229245
2025-11-15 12:00:00,8.970764,5.0104065,121.116875,100122.95,5.298002e-06,6.841006
2025-11-16 12:00:00,9.086945,3.6374817,114.11106,101492.26,7.402459e-09,2.1564574
2025-11-17 12:00:00,7.331024,4.6684265,74.09172,101909.75,4.5826764e-06,2.8638654
2025-11-18 12:00:00,6.8996277,4.0169983,52.562477,102230.37,9.940527e-06,3.7504117
2025-11-19 12:00:00,19.763214,6.7709045,15.640348,100585.01,0.00076334557,6.11097
2025-11-20 12:00:00,16.90982,8.798309,105.58338,100738.164,0.000114841954,3.3249276
2025-11-21 12:00:00,8.662506,3.5614014,118.38496,102535.46,0.0,3.0030134
2025-11-22 12:00:00,9.914246,1.7388,115.04132,103169.09,1.777764e-09,1.0682219
2025-11-23 12:00:00,10.505493,7.8702087,14.925232,102506.125,0.0005547091,5.4654675
2025-11-24 12:00:00,11.228607,10.275604,10.401307,102015.45,0.00045289376,6.1577244
2025-11-25 12:00:00,15.774658,10.324738,12.8895,101457.32,0.00025424612,4.665119
2025-11-26 12:00:00,17.49057,10.568695,55.82319,100064.83,9.079446e-05,3.5902941
2025-11-27 12:00:00,12.470123,7.563751,110.38133,100636.14,5.2854405e-09,3.8106492
2025-11-28 12:00:00,10.891937,4.159546,109.737015,101200.19,0.0,2.2426374
2025-11-29 12:00:00,11.761688,3.1530457,47.42842,101203.15,5.766818e-06,1.635
2025-11-30 12:00:00,10.464478,3.8785095,100.64592,100940.63,3.0558726e-06,4.855941
2025-12-01 12:00:00,7.3153687,1.4981995,95.94269,101125.37,1.9037269e-10,3.5826206
2025-12-02 12:00:00,8.737335,2.4684753,109.28524,101128.9,1.2188256e-07,3.3213649
2025-12-03 12:00:00,7.1965027,0.99624634,70.71311,102021.336,7.244619e-07,1.1288279
2025-12-04 12:00:00,12.387329,6.486084,82.66116,102109.2,2.3496483e-05,1.5592631
2025-12-05 12:00:00,8.342438,2.6075745,53.884132,103122.78,7.712658e-11,2.64455
2025-12-06 12:00:00,6.1618347,1.3227539,66.70837,103818.77,2.7022204e-05,3.6943145
2025-12-07 12:00:00,17.951141,6.0985107,17.839054,102340.734,0.00044738984,3.5976727
2025-12-08 12:00:00,17.97409,11.621613,36.15647,101405.7,6.337741e-05,3.3478432
2025-12-09 12:00:00,11.510101,2.1425781,106.21083,101976.93,8.918205e-08,3.9430773
2025-12-10 12:00:00,3.7813416,-0.9809265,89.444336,101744.625,2.5649223e-07,2.8740327
2025-12-11 12:00:00,4.4385376,0.3731079,93.306595,100895.07,1.3604337e-05,3.1909156
2025-12-12 12:00:00,1.9582825,-2.0329895,105.91195,102416.43,1.4647257e-07,4.3714886
2025-12-13 12:00:00,3.2652588,-3.2607422,90.70215,103957.86,0.0,1.3612566
2025-12-14 12:00:00,18.63205,1.1339417,7.448116,102396.52,0.00084959524,4.725035
2025-12-15 12:00:00,18.378937,4.960144,85.73944,100780.2,4.0795196e-05,4.3047214
2025-12-16 12:00:00,7.5623474,1.7474976,98.011024,101309.83,2.8433195e-07,3.1744885
2025-12-17 12:00:00,6.5102844,-0.048309326,100.23625,101861.78,1.5005305e-08,2.099472
2025-12-18 12:00:00,8.399139,1.2789917,99.841225,101418.19,2.3501858e-11,2.896696
2025-12-19 12:00:00,12.471954,0.65856934,99.345795,101942.94,0.0,2.298331
2025-12-20 12:00:00,10.291473,6.5483704,17.52852,101687.695,0.00020759857,1.3228034
2025-12-21 12:00:00,7.200287,2.1645508,87.87252,101952.805,9.110571e-05,4.5169578
2025-12-22 12:00:00,5.510681,-1.5380249,95.707054,103071.805,0.0,2.3784127
2025-12-23 12:00:00,8.947845,0.38845825,96.28626,103742.945,0.0,1.3608403
2025-12-24 12:00:00,16.4133,5.9093933,24.175539,102753.6,0.00016722133,0.8596796
2025-12-25 12:00:00,13.360657,3.3642578,100.47553,102361.84,0.0,3.3225484
2025-12-26 12:00:00,3.227234,-2.3713074,104.42273,102785.05,0.0,2.25497
2025-12-27 12:00:00,4.3037415,-1.769989,100.181274,102606.336,0.0,1.9931872
2025-12-28 12:00:00,4.0230713,-1.536377,98.92429,102053.91,7.0611236e-07,2.3968184
2025-12-29 12:00:00,5.119995,0.3031311,72.98711,101151.98,0.0,2.6620598
2025-12-30 12:00:00,2.7217102,-1.9761047,104.3949,100679.016,0.0,2.7059336
2025-12-31 12:00:00,4.54834,-1.1597595,98.39551,100603.38,1.450156e-07,3.8900144
