time,tasmax,tasmin,rsds,ps,pr,sfcWind
2000-01-01 12:00:00,12.981323,5.7835693,113.84178,101231.49,0.0,1.5731426
2000-01-02 12:00:00,10.41275,5.2229614,80.00802,101185.26,2.7313527e-07,2.7829661
2000-01-03 12:00:00,12.176239,7.533722,120.425606,100797.2,5.022218e-07,0.54067487
2000-01-04 12:00:00,12.098572,4.2247314,127.78621,100959.81,0.0,0.81144726
2000-01-05 12:00:00,11.417236,3.3664856,104.48452,101275.836,1.772605e-07,1.4220469
2000-01-06 12:00:00,8.964478,5.2138977,58.806202,101495.81,5.1677775e-06,2.7358477
2000-01-07 12:00:00,9.966705,7.270508,42.15085,101678.83,4.452901e-05,3.6085346
2000-01-08 12:00:00,12.485687,9.308685,32.76723,101435.7,8.780397e-05,2.2015731
2000-01-09 12:00:00,13.784607,12.065918,31.51091,100973.21,7.383873e-05,4.4587464
2000-01-10 12:00:00,15.318451,13.1788025,41.183136,100979.04,0.0003661042,5.9401317
2000-01-11 12:00:00,14.812561,13.199646,72.33528,101422.92,3.9689236e-05,4.013172
2000-01-12 12:00:00,13.936584,11.133942,55.79443,101276.086,8.892106e-06,1.060845
2000-01-13 12:00:00,12.689209,10.713379,33.878975,100716.055,1.4581493e-05,1.5328279
2000-01-14 12:00:00,13.121094,11.832123,76.39943,100225.336,0.0003459667,3.6631763
2000-01-15 12:00:00,12.245453,10.960236,79.9229,100901.61,3.0846535e-05,3.1620078
2000-01-16 12:00:00,11.576569,9.5772705,58.410618,101499.37,1.268589e-05,2.1906402
2000-01-17 12:00:00,12.092438,9.745422,36.37981,101663.95,0.00018004814,2.86677
2000-01-18 12:00:00,13.946564,11.451538,69.20944,101647.16,7.725514e-05,1.5363331
2000-01-19 12:00:00,13.762482,8.757782,114.83879,101319.61,3.6180475e-07,3.0488412
2000-01-20 12:00:00,13.467041,9.818512,52.81601,101203.04,1.0496896e-07,1.9261693
2000-01-21 12:00:00,13.488861,10.064545,60.25733,101168.766,1.6078701e-08,0.9562325
2000-01-22 12:00:00,13.459839,8.666718,95.18483,101257.52,2.1703902e-06,1.3278509
2000-01-23 12:00:00,13.158813,7.802704,120.24491,101144.805,3.608347e-06,1.4514611
2000-01-24 12:00:00,12.672638,5.6321716,108.09255,100978.89,4.858243e-07,1.831245
2000-01-25 12:00:00,12.043457,10.268738,54.769264,100831.305,0.00012793647,3.47755
2000-01-26 12:00:00,13.465057,10.737762,29.444958,100219.625,0.0006017585,6.6083956
2000-01-27 12:00:00,12.317749,8.184753,99.808945,99951.27,0.00027482476,5.3027167
2000-01-28 12:00:00,11.717987,7.672882,145.80992,100856.88,9.292909e-05,4.3741827
2000-01-29 12:00:00,11.871338,9.83432,47.94727,101633.71,3.561833e-05,6.2197847
2000-01-30 12:00:00,11.845245,8.801544,24.59276,100899.72,0.00036180427,8.660142
2000-01-31 12:00:00,8.717438,6.3324585,85.54287,100682.56,0.00012791988,5.191806
2000-02-01 12:00:00,8.252716,4.9551697,57.052803,101166.94,3.431926e-05,1.6648225
2000-02-02 12:00:00,9.718323,7.483124,61.227165,100205.24,0.00026552103,5.5167146
2000-02-03 12:00:00,9.546722,6.4107666,143.7989,100866.35,3.7471855e-06,5.9075866
2000-02-04 12:00:00,10.069794,4.4565125,166.08244,101426.83,3.8490916e-07,3.6052582
2000-02-05 12:00:00,11.157867,6.252716,128.2526,101645.29,1.3260905e-07,3.4035585
2000-02-06 12:00:00,12.238068,5.9256897,153.22545,101964.89,3.2330001e-07,2.0088644
2000-02-07 12:00:00,12.338348,5.7586365,138.63112,102203.836,1.439767e-06,0.70559394
2000-02-08 12:00:00,12.422028,6.553894,117.57889,101997.445,2.2682657e-06,1.6427708
2000-02-09 12:00:00,12.151337,6.258728,136.89314,101578.04,5.2716575e-07,1.2575107
2000-02-10 12:00:00,13.625793,6.442993,159.07266,101275.56,1.4651762e-10,0.7221891
2000-02-11 12:00:00,13.537537,8.046356,60.436043,101306.016,4.4880504e-05,2.7055893
2000-02-12 12:00:00,11.471313,7.358673,148.90569,101527.984,1.1200071e-07,4.0607023
2000-02-13 12:00:00,11.503632,8.650116,87.31137,101389.3,0.00010916627,2.8862066
2000-02-14 12:00:00,10.880768,5.615265,161.32921,101692.266,0.0,2.9504077
2000-02-15 12:00:00,10.805634,7.2542114,73.35939,101885.9,2.9413066e-05,1.8628662
2000-02-16 12:00:00,11.775421,8.974884,62.818333,102039.12,4.3186512e-05,1.8110983
2000-02-17 12:00:00,11.689545,9.495453,55.684063,101769.5,1.286112e-05,2.8340447
2000-02-18 12:00:00,11.735107,6.8255005,188.04953,101352.68,0.00016159327,4.9322557
2000-02-19 12:00:00,10.801117,3.9294434,188.22006,102159.41,0.0,2.6843212
2000-02-20 12:00:00,12.968475,5.852234,195.15182,102160.11,0.0,1.542274
2000-02-21 12:00:00,13.053925,4.88739,197.41377,101868.62,0.0,2.129221
2000-02-22 12:00:00,12.948029,5.5530396,159.61539,101530.555,3.0409846e-09,1.5039904
2000-02-23 12:00:00,13.319183,5.1436157,200.81479,101465.74,2.3651114e-07,1.785663
2000-02-24 12:00:00,13.21582,5.9736633,172.73352,101284.22,0.0,2.0868232
2000-02-25 12:00:00,12.856964,7.265686,155.1714,101131.766,0.0,3.8448024
2000-02-26 12:00:00,11.459076,7.5568237,205.90189,100670.95,1.2248829e-05,6.2814684
2000-02-27 12:00:00,9.546234,4.1733704,223.48479,100861.125,6.2110814e-08,4.9297814
2000-02-28 12:00:00,11.388031,3.3479614,208.57166,101462.84,9.681027e-10,2.3686368
2000-02-29 12:00:00,,,,,,
2000-03-01 12:00:00,11.863159,7.025543,201.88594,101787.586,8.193203e-07,4.1319604
2000-03-02 12:00:00,11.956146,5.927429,232.45157,101627.07,2.0080064e-07,5.206859
2000-03-03 12:00:00,12.514679,6.3685303,235.13618,101574.375,0.0,6.413791
2000-03-04 12:00:00,12.811493,2.8321838,229.68814,101510.24,0.0,2.8181374
2000-03-05 12:00:00,12.578369,7.966522,104.275894,101367.25,8.331497e-06,4.677621
2000-03-06 12:00:00,10.257568,6.396179,222.1468,101335.16,1.4546178e-05,5.4472446
2000-03-07 12:00:00,11.362396,4.128937,232.73862,101604.94,0.0,3.8791764
2000-03-08 12:00:00,11.276855,5.9520264,121.65103,101406.09,1.4307484e-05,3.309706
2000-03-09 12:00:00,10.448456,6.176483,136.5955,100812.74,4.3714987e-05,5.1594553
2000-03-10 12:00:00,8.46756,3.9049377,220.64757,100963.13,3.0260166e-05,6.15859
2000-03-11 12:00:00,9.451141,5.439026,122.90412,101838.55,4.969193e-05,4.015621
2000-03-12 12:00:00,10.580292,7.976013,75.01991,101979.77,3.8453036e-05,5.143492
2000-03-13 12:00:00,10.577515,8.265045,219.93001,101346.52,0.0001923596,4.6251645
2000-03-14 12:00:00,9.287201,3.3617249,139.24548,101509.266,2.0645474e-07,0.47861135
2000-03-15 12:00:00,11.439026,7.0451965,79.20177,101348.45,7.540308e-05,2.3465667
2000-03-16 12:00:00,12.310822,10.795593,57.443066,101324.52,0.00013452975,3.8821778
2000-03-17 12:00:00,12.449493,9.158112,177.10117,101482.55,4.5355475e-05,2.76755
2000-03-18 12:00:00,13.055847,7.5068054,239.65997,101436.35,2.7597633e-08,2.85676
2000-03-19 12:00:00,15.058105,5.269623,253.14891,101500.195,0.0,0.9561457
2000-03-20 12:00:00,14.9401245,8.825836,202.39505,101273.91,2.4724133e-05,2.8895028
2000-03-21 12:00:00,12.443726,5.5552673,239.63065,101867.52,0.0,4.367367
2000-03-22 12:00:00,15.391083,6.073059,270.41345,101660.27,0.0,3.5785894
2000-03-23 12:00:00,15.7960205,6.2739563,265.88818,101361.16,0.0,1.6534203
2000-03-24 12:00:00,15.987976,6.4260864,269.7314,101443.46,5.793266e-08,1.8752918
2000-03-25 12:00:00,15.880066,7.921875,261.75354,101290.42,0.0,2.138273
2000-03-26 12:00:00,15.015686,7.8735046,227.69305,100824.85,6.5522286e-08,2.989803
2000-03-27 12:00:00,12.869476,6.115082,234.42015,100826.766,0.0,5.2070146
2000-03-28 12:00:00,10.457306,5.923218,200.34755,100645.53,2.488941e-06,3.160343
2000-03-29 12:00:00,10.537598,5.5838013,236.3047,100491.76,1.0499169e-06,3.576101
2000-03-30 12:00:00,11.487976,5.199188,276.45566,100581.164,4.0898864e-05,1.7877412
2000-03-31 12:00:00,11.243469,5.7927856,284.31314,101225.38,0.0,4.091461
2000-04-01 12:00:00,10.775177,7.849121,82.14058,101663.36,0.00010526464,4.853465
2000-04-02 12:00:00,12.838257,10.313446,229.6662,101316.766,0.00019003378,4.470566
2000-04-03 12:00:00,12.581024,9.128723,101.298706,101386.586,2.823077e-05,2.6333382
2000-04-04 12:00:00,13.65506,10.708557,159.39098,101453.14,1.421655e-05,2.8393464
2000-04-05 12:00:00,16.434082,9.318817,278.58432,101523.734,0.0,3.294012
2000-04-06 12:00:00,18.534607,9.203278,294.6105,101135.914,0.0,2.0865004
2000-04-07 12:00:00,20.02768,10.276794,301.94864,100831.62,0.0,1.0884682
2000-04-08 12:00:00,18.783875,9.447235,271.8388,100739.836,2.914514e-06,2.3355358
2000-04-09 12:00:00,15.82193,8.306213,304.37634,100708.875,0.0,4.8230968
2000-04-10 12:00:00,14.24939,7.3647156,306.5341,100766.36,0.0,4.3156743
2000-04-11 12:00:00,12.382019,8.522583,110.18095,100719.64,0.0001586074,4.927506
2000-04-12 12:00:00,11.668274,6.4465637,312.95676,101264.305,3.7391747e-09,4.7719016
2000-04-13 12:00:00,11.520355,6.641144,136.72389,100779.38,2.922704e-05,4.4616103
2000-04-14 12:00:00,13.260132,6.6550293,289.57434,100117.234,4.9856e-07,4.946628
2000-04-15 12:00:00,13.244965,7.556244,318.80005,100617.414,0.0,5.7628675
2000-04-16 12:00:00,12.94519,5.6549683,317.30252,101198.81,0.0,3.1908019
2000-04-17 12:00:00,12.353424,8.535431,207.49776,101229.02,2.4794113e-05,4.384231
2000-04-18 12:00:00,14.721893,5.804474,328.76083,101804.11,0.0,5.842398
2000-04-19 12:00:00,16.965942,6.91098,325.24405,101374.0,0.0,2.7700982
2000-04-20 12:00:00,16.914215,7.396118,321.04623,101169.81,0.0,2.3055682
2000-04-21 12:00:00,16.695862,8.492065,323.75665,101194.08,0.0,3.516053
2000-04-22 12:00:00,19.249146,9.271515,313.40027,101280.12,0.0,2.523238
2000-04-23 12:00:00,22.470917,10.068787,327.11444,101035.61,0.0,3.1845624
2000-04-24 12:00:00,22.847198,9.851196,328.58652,100766.85,7.413185e-07,1.7595612
2000-04-25 12:00:00,21.080017,9.225769,337.35516,100467.67,0.0,2.6719472
2000-04-26 12:00:00,20.4729,9.165619,338.2344,100183.05,0.0,2.173537
2000-04-27 12:00:00,20.240997,8.51535,330.1484,100320.1,0.0,2.444067
2000-04-28 12:00:00,16.542389,9.615906,299.46814,100548.71,3.1764705e-06,2.652447
2000-04-29 12:00:00,16.784302,9.175354,312.64838,100682.016,1.4494357e-07,3.430046
2000-04-30 12:00:00,15.621185,10.078705,313.9885,100707.28,0.0,6.7076864
2000-05-01 12:00:00,19.44226,10.265778,337.09772,100772.836,0.0,5.4519243
2000-05-02 12:00:00,25.836365,16.442352,354.0976,100884.875,0.0,5.7405496
2000-05-03 12:00:00,26.002502,16.520447,349.06406,100911.44,0.0,3.1555483
2000-05-04 12:00:00,23.928192,10.80304,343.8,100713.28,1.0342963e-07,2.4744241
2000-05-05 12:00:00,18.690125,10.602112,306.47836,100338.695,6.701337e-06,2.5598795
2000-05-06 12:00:00,16.75235,11.461792,224.67618,100302.63,7.816786e-06,3.7926958
2000-05-07 12:00:00,17.032257,11.126495,310.46115,100656.234,4.0585132e-06,3.3837266
2000-05-08 12:00:00,17.767975,10.181549,325.36295,100652.28,1.4364994e-06,2.6283343
2000-05-09 12:00:00,17.095947,11.215424,281.43082,100405.63,2.9718235e-06,2.858221
2000-05-10 12:00:00,16.65326,11.718842,315.77316,100135.05,3.8369503e-06,4.1048717
2000-05-11 12:00:00,15.680847,11.104218,204.28569,100046.43,8.549504e-09,3.6455026
2000-05-12 12:00:00,15.58551,12.190521,173.61583,100409.7,2.4738301e-05,2.8725133
2000-05-13 12:00:00,18.46112,10.340729,291.5206,100924.17,2.6897187e-09,2.2361202
2000-05-14 12:00:00,18.264984,11.780884,318.81842,100809.15,4.727757e-11,4.4136286
2000-05-15 12:00:00,21.210907,14.362213,337.71878,100356.93,0.0,6.251117
2000-05-16 12:00:00,23.26059,13.691376,362.19565,100049.85,0.0,5.8882527
2000-05-17 12:00:00,26.776764,17.641754,369.14243,99997.32,0.0,5.725225
2000-05-18 12:00:00,26.68106,13.212952,362.52933,100341.04,0.0,2.7237723
2000-05-19 12:00:00,20.088593,11.1744995,354.2825,100850.18,1.4608066e-06,2.6048205
2000-05-20 12:00:00,20.601868,10.139435,345.14893,100845.836,2.5196023e-06,2.3533497
2000-05-21 12:00:00,21.572418,11.734192,358.0665,100736.07,0.0,2.3216293
2000-05-22 12:00:00,20.888153,13.057587,344.3382,100720.56,1.5834253e-07,3.3626132
2000-05-23 12:00:00,19.660889,11.778595,346.215,100952.99,5.2723568e-09,3.8219748
2000-05-24 12:00:00,19.203857,12.578522,245.13127,100723.48,0.0,3.9130952
2000-05-25 12:00:00,18.511932,13.369293,360.9358,100597.445,0.0,5.162026
2000-05-26 12:00:00,19.9003,12.622528,365.00543,100702.16,0.0,4.0990458
2000-05-27 12:00:00,22.012726,11.749603,364.40027,100638.15,0.0,2.6100569
2000-05-28 12:00:00,24.366516,12.098236,370.3891,100508.94,0.0,2.1888235
2000-05-29 12:00:00,25.345734,12.342072,373.1806,100425.53,0.0,2.1998324
2000-05-30 12:00:00,24.950592,12.341522,368.97476,100619.9,1.2043183e-06,2.393884
2000-05-31 12:00:00,21.193329,12.80423,365.63968,100627.13,1.1658827e-07,3.2025645
2000-06-01 12:00:00,22.822449,14.34967,370.84958,100367.38,0.0,4.3631277
2000-06-02 12:00:00,22.55722,16.573975,369.8285,100405.32,0.0,7.124651
2000-06-03 12:00:00,23.162018,16.099426,370.94492,100165.67,0.0,5.076217
2000-06-04 12:00:00,24.273499,13.884247,370.53214,100163.336,0.0,2.4819562
2000-06-05 12:00:00,23.932434,13.751221,373.05228,100184.07,0.0,2.5851798
2000-06-06 12:00:00,22.198883,13.1779175,359.8064,100260.3,0.0,3.4921172
2000-06-07 12:00:00,21.981567,13.843567,361.62003,100359.85,0.0,2.6768641
2000-06-08 12:00:00,21.56308,12.286011,365.90573,100424.73,0.0,2.7939038
2000-06-09 12:00:00,20.44754,12.077148,265.92316,100423.41,3.8236628e-08,4.0068154
2000-06-10 12:00:00,17.066437,12.823761,278.17935,100917.74,1.4783036e-05,4.7264175
2000-06-11 12:00:00,21.738983,12.204803,381.95325,101247.51,0.0,4.7083454
2000-06-12 12:00:00,21.800262,12.031677,379.92874,100818.0,0.0,3.20193
2000-06-13 12:00:00,21.464844,11.5997925,379.82043,100889.95,0.0,2.795955
2000-06-14 12:00:00,21.252686,11.664001,379.46634,100800.664,0.0,3.0599735
2000-06-15 12:00:00,20.226715,12.091522,361.45126,100558.664,3.318786e-07,3.0682786
2000-06-16 12:00:00,19.321594,13.509277,312.09604,100367.19,7.438304e-06,4.095099
2000-06-17 12:00:00,18.515717,14.472076,280.65683,100243.03,6.67243e-06,4.52007
2000-06-18 12:00:00,21.66217,13.51062,372.01974,100481.46,0.0,3.995622
2000-06-19 12:00:00,20.690002,14.1857605,346.92197,100804.62,1.348206e-07,6.466402
2000-06-20 12:00:00,21.928772,13.016541,364.26575,100807.72,1.8328612e-08,2.9116535
2000-06-21 12:00:00,21.20343,13.987518,375.32443,100706.695,0.0,3.4055052
2000-06-22 12:00:00,21.718048,13.169159,376.1456,100643.805,0.0,3.7613664
2000-06-23 12:00:00,22.019257,12.800507,372.98376,100730.38,0.0,3.1682408
2000-06-24 12:00:00,24.855194,13.986389,370.65128,100670.0,0.0,2.5524802
2000-06-25 12:00:00,25.2518,14.526581,373.60617,100411.76,0.0,2.6009943
2000-06-26 12:00:00,25.160614,14.924164,375.79083,100307.58,0.0,2.558415
2000-06-27 12:00:00,24.351562,13.986633,378.77518,100397.25,0.0,3.2743976
2000-06-28 12:00:00,21.269806,14.22403,374.4567,100408.01,0.0,4.4569044
2000-06-29 12:00:00,18.907898,14.273163,325.59335,100505.09,1.3146919e-06,4.2030277
2000-06-30 12:00:00,22.138977,11.892334,372.66077,100601.45,4.3509516e-09,2.5158093
2000-07-01 12:00:00,21.911682,13.406586,353.89053,100597.4,8.9244855e-07,2.6453478
2000-07-02 12:00:00,21.556946,14.351776,353.93417,100725.16,1.2593221e-06,3.088908
2000-07-03 12:00:00,21.943207,14.665131,361.8454,100734.234,9.796241e-08,3.3313792
2000-07-04 12:00:00,21.444946,14.8350525,369.51138,100766.9,4.1697024e-08,4.089714
2000-07-05 12:00:00,20.98053,14.669556,369.6298,100749.63,0.0,4.571928
2000-07-06 12:00:00,19.846466,14.437683,351.3107,100563.82,1.925431e-07,4.538258
2000-07-07 12:00:00,18.663147,14.5468445,323.13824,100713.31,1.5248113e-06,4.8696427
2000-07-08 12:00:00,19.955505,14.22467,361.8455,101070.516,1.9569379e-07,4.359342
2000-07-09 12:00:00,21.369324,13.317871,334.11697,101029.76,7.027241e-08,3.494406
2000-07-10 12:00:00,21.940643,14.86026,340.09747,100432.52,0.0,2.988108
2000-07-11 12:00:00,21.655548,14.105835,360.07507,100307.39,0.0,3.936715
2000-07-12 12:00:00,20.895111,13.626648,365.3774,100465.33,1.14081814e-07,3.3575118
2000-07-13 12:00:00,20.22873,14.850281,306.81268,100709.74,1.1836761e-06,3.9465683
2000-07-14 12:00:00,21.07132,14.467316,352.729,100695.94,1.3692703e-06,3.5924706
2000-07-15 12:00:00,22.307953,14.865021,335.66144,100517.89,2.057635e-06,3.0522003
2000-07-16 12:00:00,22.794739,14.297424,345.93814,100693.05,1.5683551e-06,2.9037802
2000-07-17 12:00:00,22.697815,14.58252,346.6959,100696.87,4.993394e-07,3.129114
2000-07-18 12:00:00,22.859375,15.404846,366.5243,100398.01,0.0,3.6720574
2000-07-19 12:00:00,22.22647,16.894653,319.64493,100277.09,1.1243768e-06,4.5368195
2000-07-20 12:00:00,20.876678,16.752106,291.34546,100491.09,2.2065944e-06,4.170881
2000-07-21 12:00:00,23.18924,16.056885,360.01047,100468.06,3.3791594e-08,3.2218323
2000-07-22 12:00:00,22.394196,16.494568,335.10455,100446.35,1.3670282e-07,4.1817193
2000-07-23 12:00:00,22.207367,16.500305,356.27716,100711.14,0.0,5.0177546
2000-07-24 12:00:00,22.654602,16.006775,355.12137,101001.83,0.0,4.434465
2000-07-25 12:00:00,24.350494,14.038239,359.29303,100947.83,0.0,2.809503
2000-07-26 12:00:00,25.23053,14.448547,358.91983,100665.13,0.0,2.474452
2000-07-27 12:00:00,26.758575,14.920959,354.6535,100501.25,4.3067714e-09,2.3235753
2000-07-28 12:00:00,28.495422,16.146973,354.33807,100413.39,0.0,2.3568265
2000-07-29 12:00:00,28.131683,17.794373,329.10025,100429.766,0.0,2.7136142
2000-07-30 12:00:00,25.696259,17.104248,348.12915,100490.48,0.0,3.5064235
2000-07-31 12:00:00,23.965454,16.567413,344.46118,100537.05,0.0,3.1432993
2000-08-01 12:00:00,24.253357,16.285553,337.79587,100638.66,1.8223976e-07,3.181829
2000-08-02 12:00:00,24.801788,16.261017,344.72446,100671.875,1.9192676e-08,3.4885206
2000-08-03 12:00:00,25.884888,15.854736,346.27524,100400.78,0.0,2.9105713
2000-08-04 12:00:00,26.622345,17.364685,316.65512,100211.914,0.0,2.9632435
2000-08-05 12:00:00,26.113739,16.401001,332.30444,100461.08,0.0,3.6546748
2000-08-06 12:00:00,23.841492,16.557892,338.7376,100523.22,0.0,4.0771823
2000-08-07 12:00:00,24.39032,15.414886,337.19324,100460.7,0.0,3.1951165
2000-08-08 12:00:00,24.130157,17.272675,295.3597,100389.06,0.0,3.6052713
2000-08-09 12:00:00,24.21872,16.664764,319.66098,100458.02,2.0330046e-07,2.9099822
2000-08-10 12:00:00,24.680084,16.300537,315.65973,100544.13,1.8964088e-06,2.3139257
2000-08-11 12:00:00,25.801514,15.98465,309.94888,100513.49,7.350893e-07,2.461291
2000-08-12 12:00:00,26.839722,17.241425,327.62534,100343.1,6.1270086e-08,2.636903
2000-08-13 12:00:00,26.260437,17.553284,249.68832,100408.984,1.4531654e-06,2.5306103
2000-08-14 12:00:00,29.698517,18.829712,307.02335,100688.22,0.0,1.7121902
2000-08-15 12:00:00,28.992004,18.735748,294.15802,100551.3,4.5298396e-09,2.7154443
2000-08-16 12:00:00,26.530182,17.075806,327.29245,100453.945,0.0,3.1797442
2000-08-17 12:00:00,26.167572,16.377869,328.97714,100457.44,0.0,3.6959932
2000-08-18 12:00:00,25.182068,16.727081,325.54572,100512.81,0.0,3.9915712
2000-08-19 12:00:00,26.060211,16.05777,324.37833,100582.49,0.0,3.1660907
2000-08-20 12:00:00,27.932343,16.144867,322.67737,100661.14,0.0,2.4302194
2000-08-21 12:00:00,27.835236,17.145355,182.43675,100705.08,0.0,2.2709956
2000-08-22 12:00:00,26.088318,18.35318,293.7587,100645.72,1.1715777e-09,2.528292
2000-08-23 12:00:00,25.193848,16.256836,317.61703,100652.37,1.0184602e-07,2.9972446
2000-08-24 12:00:00,23.812225,14.763824,311.52823,100697.76,3.6724437e-08,3.0779626
2000-08-25 12:00:00,22.110657,15.328552,311.23566,100709.56,2.4498823e-07,3.739526
2000-08-26 12:00:00,21.405792,16.17746,313.1809,100697.01,0.0,5.029248
2000-08-27 12:00:00,21.670471,16.002716,308.24402,100960.6,0.0,5.3637476
2000-08-28 12:00:00,24.386627,15.853912,309.3501,100918.87,0.0,4.210215
2000-08-29 12:00:00,23.96222,15.370056,307.67902,100549.41,0.0,4.074421
2000-08-30 12:00:00,22.637512,16.99408,304.13513,100285.06,0.0,6.0935917
2000-08-31 12:00:00,20.644196,14.44986,305.21133,100605.32,3.428608e-09,5.433755
2000-09-01 12:00:00,21.06131,13.691467,275.8579,100823.43,1.189552e-06,3.3240547
2000-09-02 12:00:00,24.70636,12.643311,303.1572,100953.11,0.0,2.8370013
2000-09-03 12:00:00,24.55957,14.156189,268.2271,100617.734,2.663548e-08,2.3293765
2000-09-04 12:00:00,25.139893,14.988464,262.0444,100487.68,1.7346492e-06,2.1731153
2000-09-05 12:00:00,25.042053,14.78241,287.10788,100546.73,0.0,2.5821064
2000-09-06 12:00:00,23.844849,14.537811,289.57605,100409.04,1.5106325e-08,2.5863457
2000-09-07 12:00:00,23.158112,13.837311,264.4831,100222.37,2.2592665e-06,2.3520844
2000-09-08 12:00:00,22.143494,14.975342,247.28314,100422.62,4.361705e-06,2.6240487
2000-09-09 12:00:00,22.52414,13.960571,283.85117,100850.93,0.0,2.3744469
2000-09-10 12:00:00,23.8172,14.107208,265.1491,100839.55,4.1188542e-08,2.1808689
2000-09-11 12:00:00,24.53305,15.161011,259.02744,100563.55,6.835545e-07,2.265458
2000-09-12 12:00:00,24.222992,15.380096,268.90448,100263.914,7.030267e-08,2.500565
2000-09-13 12:00:00,22.761108,16.101746,254.28253,100230.5,1.8561593e-08,3.4557517
2000-09-14 12:00:00,19.833496,15.888184,183.96365,100381.95,4.5214115e-06,4.162486
2000-09-15 12:00:00,19.467041,15.2317505,225.67467,100514.61,3.7846767e-06,3.0977402
2000-09-16 12:00:00,20.511292,13.865906,259.70673,100526.87,4.1017373e-07,2.8204262
2000-09-17 12:00:00,20.521088,13.052765,242.82628,100347.97,7.2321177e-07,2.7569315
2000-09-18 12:00:00,19.55066,14.695374,176.99611,100265.99,7.3871697e-06,3.7463326
2000-09-19 12:00:00,19.517792,14.442841,213.21654,100312.484,5.926804e-06,2.9975173
2000-09-20 12:00:00,21.258514,13.511566,257.276,100451.51,1.8069086e-08,2.7504392
2000-09-21 12:00:00,20.657715,13.698242,233.56544,100323.28,8.8612825e-07,3.3925383
2000-09-22 12:00:00,19.268646,13.67804,215.49368,100499.266,2.302522e-06,3.4604998
2000-09-23 12:00:00,19.832031,13.009949,244.10646,100675.914,2.3962405e-06,2.7566864
2000-09-24 12:00:00,19.026093,12.588074,197.35489,100613.21,1.7431654e-06,2.6016378
2000-09-25 12:00:00,17.64682,13.123138,192.24077,100367.96,5.334001e-06,3.3058517
2000-09-26 12:00:00,18.408325,10.703003,196.19763,100534.49,7.215889e-07,2.8498688
2000-09-27 12:00:00,19.903412,12.541229,198.52719,100851.4,0.0,2.439551
2000-09-28 12:00:00,22.79068,12.030731,240.28728,100974.7,2.3471705e-08,2.0839841
2000-09-29 12:00:00,25.516876,13.415009,206.08017,100657.875,0.0,1.430177
2000-09-30 12:00:00,28.656586,16.325653,218.00871,100505.04,8.5229096e-10,0.6252186
2000-10-01 12:00:00,27.984009,18.764587,111.493614,100497.0,0.0,1.5399572
2000-10-02 12:00:00,19.844116,16.828949,153.26428,100695.39,3.5515334e-06,3.3418534
2000-10-03 12:00:00,19.907013,15.411163,149.92818,100906.086,2.1648566e-05,2.676292
2000-10-04 12:00:00,21.33905,12.967743,198.0612,100948.555,0.0,2.360481
2000-10-05 12:00:00,21.182007,14.572632,152.19476,100824.734,0.0,3.186365
2000-10-06 12:00:00,20.358582,13.299713,222.86064,100699.82,0.0,2.9526157
2000-10-07 12:00:00,20.420074,13.424255,221.39589,100702.12,7.217745e-08,3.2939107
2000-10-08 12:00:00,23.046448,12.613373,218.16924,100605.64,0.0,2.8724182
2000-10-09 12:00:00,22.817993,13.2022705,231.4764,100784.95,0.0,3.938077
2000-10-10 12:00:00,23.522125,13.579987,229.77306,100828.195,0.0,3.53177
2000-10-11 12:00:00,22.823181,9.396393,225.61543,100713.26,0.0,1.9309173
2000-10-12 12:00:00,20.859772,10.19278,215.89645,100580.11,1.1190694e-07,1.7223313
2000-10-13 12:00:00,21.413818,9.291534,218.78372,100894.73,5.5625343e-08,1.7008854
2000-10-14 12:00:00,22.609497,9.473877,214.85335,100917.98,0.0,1.2395847
2000-10-15 12:00:00,24.95874,11.162994,208.50183,100670.49,0.0,0.9840059
2000-10-16 12:00:00,24.268982,10.696625,209.29507,100577.445,0.0,1.6809998
2000-10-17 12:00:00,21.824097,11.15921,176.86006,100645.555,6.1108417e-06,2.1323154
2000-10-18 12:00:00,18.86435,9.623779,205.49208,100687.84,0.0,3.06079
2000-10-19 12:00:00,17.82367,11.900269,143.4812,100746.29,0.0,5.2836
2000-10-20 12:00:00,19.198029,10.0407715,203.12518,101144.95,0.0,5.286557
2000-10-21 12:00:00,20.720276,7.777191,203.38393,101107.68,0.0,2.1086833
2000-10-22 12:00:00,22.879364,10.518188,194.03592,101110.08,0.0,1.2510754
2000-10-23 12:00:00,21.972748,9.792419,173.81442,101082.41,2.1583974e-06,1.9573271
2000-10-24 12:00:00,18.10907,9.798248,138.19366,101006.78,1.862441e-06,2.7085505
2000-10-25 12:00:00,17.49112,12.679108,154.79326,100746.08,4.469275e-06,2.5410774
2000-10-26 12:00:00,16.033539,10.573822,63.49353,100426.7,0.00011639104,3.4659436
2000-10-27 12:00:00,14.01297,9.540619,176.35025,100899.836,3.247279e-07,5.2990446
2000-10-28 12:00:00,13.631897,8.225647,85.35645,101167.24,1.3869448e-05,3.0691872
2000-10-29 12:00:00,13.736389,8.059509,179.57527,101309.79,4.497512e-05,4.4184923
2000-10-30 12:00:00,14.942963,7.1974792,180.63222,101664.48,0.0,3.6922338
2000-10-31 12:00:00,14.722321,8.983337,46.526688,101249.08,1.743792e-05,1.3152558
2000-11-01 12:00:00,14.030273,6.9027405,163.51573,100635.01,6.749009e-06,1.7275555
2000-11-02 12:00:00,14.52301,10.3714905,143.93277,100340.164,7.060243e-07,4.3764462
2000-11-03 12:00:00,14.711365,9.098602,140.87808,100733.01,2.5697169e-08,4.286856
2000-11-04 12:00:00,15.202332,9.984985,160.08025,101088.195,2.2505837e-07,4.1969247
2000-11-05 12:00:00,14.877319,7.133423,161.2358,101115.98,5.7760925e-08,2.4342303
2000-11-06 12:00:00,13.15155,8.899567,164.23872,100826.86,4.6738758e-05,3.8369215
2000-11-07 12:00:00,11.641663,7.63266,164.11926,101219.75,5.394424e-05,3.8110573
2000-11-08 12:00:00,13.087921,5.826294,138.41473,101758.29,1.387097e-08,3.0496314
2000-11-09 12:00:00,13.73288,10.644928,92.9801,102150.95,8.110987e-06,0.80428547
2000-11-10 12:00:00,14.4036255,9.616913,97.77134,101846.08,2.1763747e-06,0.54337955
2000-11-11 12:00:00,13.913086,10.526489,53.715893,101184.8,9.3976625e-05,4.2150145
2000-11-12 12:00:00,13.691925,6.795624,155.64308,101620.195,9.970508e-06,2.7886503
2000-11-13 12:00:00,13.702637,6.1963196,137.82184,101724.72,0.0,0.93326735
2000-11-14 12:00:00,13.740387,6.4843445,113.008125,101572.64,0.0,1.5632763
2000-11-15 12:00:00,16.3638,5.5209656,153.11209,101156.164,7.453612e-08,2.5445542
2000-11-16 12:00:00,15.483185,9.459442,153.70018,100557.875,0.0,6.2035027
2000-11-17 12:00:00,14.007599,6.712921,126.37163,100665.67,0.0,2.3329608
2000-11-18 12:00:00,12.547852,9.60498,44.999443,100743.42,6.0830193e-05,3.2967482
2000-11-19 12:00:00,11.695374,8.822998,37.8096,100040.28,0.00019516463,1.0183622
2000-11-20 12:00:00,11.128418,9.161621,36.323765,99989.49,7.099324e-05,1.0286565
2000-11-21 12:00:00,12.470215,9.374237,130.5021,100362.03,9.5392075e-05,4.815243
2000-11-22 12:00:00,12.325317,7.937805,123.11126,101074.164,9.455514e-11,3.6822534
2000-11-23 12:00:00,12.093048,7.2957764,65.87577,101216.44,1.7021146e-05,0.7364056
2000-11-24 12:00:00,13.300751,8.838684,105.173904,101154.4,0.000114170536,0.73946726
2000-11-25 12:00:00,12.953735,6.888916,92.80328,101403.31,2.8909865e-06,1.387999
2000-11-26 12:00:00,10.990631,8.298645,25.191942,101528.555,9.731525e-05,1.9203607
2000-11-27 12:00:00,10.762421,7.4521484,93.01229,101728.68,1.1654095e-05,2.6322384
2000-11-28 12:00:00,13.729858,9.734131,102.25525,101729.49,3.723849e-05,1.2923187
2000-11-29 12:00:00,13.775604,9.148743,106.18581,101505.82,3.0357654e-07,2.0686002
2000-11-30 12:00:00,13.434967,9.177216,52.2287,101224.72,6.913811e-06,1.1687099
2000-12-01 12:00:00,12.943787,10.843445,57.305706,101148.38,4.5843255e-05,3.2498384
2000-12-02 12:00:00,12.376221,8.28833,46.76985,101237.09,6.2554376e-05,2.8302383
2000-12-03 12:00:00,12.615845,11.258942,42.02697,101120.555,8.447639e-05,1.1991585
2000-12-04 12:00:00,12.861237,10.891937,81.00464,101215.875,4.9543072e-05,1.4498041
2000-12-05 12:00:00,13.705048,7.5150146,127.83953,101813.58,0.0,4.8076143
2000-12-06 12:00:00,16.336304,11.010345,126.57482,101519.48,0.0,4.644047
2000-12-07 12:00:00,16.682465,10.627289,130.55023,101160.04,0.0,3.8353872
2000-12-08 12:00:00,15.40329,4.9822083,130.41306,100918.555,3.4619208e-07,2.5454857
2000-12-09 12:00:00,11.177032,6.393097,129.99585,101029.13,0.0,5.865882
2000-12-10 12:00:00,9.036255,4.456909,113.47301,101521.62,0.0,3.3379846
2000-12-11 12:00:00,11.2795105,3.9039917,128.61015,101685.76,0.0,1.9166961
2000-12-12 12:00:00,10.745605,0.69641113,124.93629,101711.82,1.6932164e-07,2.7946234
2000-12-13 12:00:00,8.603638,3.096161,75.99931,101960.41,1.2847986e-08,2.9121556
2000-12-14 12:00:00,11.457245,3.491333,123.900826,101874.42,0.0,2.758066
2000-12-15 12:00:00,12.610199,4.4645996,87.046234,101246.77,4.4060762e-05,3.2453728
2000-12-16 12:00:00,12.337158,7.4308777,119.29333,101615.77,9.46797e-05,2.9731638
2000-12-17 12:00:00,11.338745,7.441437,23.30328,101427.05,0.00012175295,3.0648375
2000-12-18 12:00:00,11.786896,6.7856445,113.55358,101565.12,2.6263929e-06,5.774785
2000-12-19 12:00:00,11.766052,7.941284,105.98912,101305.13,0.00019199967,4.245081
2000-12-20 12:00:00,10.176514,6.05542,50.482452,101661.23,0.000105127845,4.246707
2000-12-21 12:00:00,10.110931,5.943512,76.95769,101797.9,2.1954547e-06,5.043153
2000-12-22 12:00:00,11.737122,6.864441,19.961601,101782.055,0.0004360804,6.1512456
2000-12-23 12:00:00,12.679169,11.768463,10.4595375,101229.83,0.0008606614,7.8097095
2000-12-24 12:00:00,12.68277,9.881348,94.82474,100929.25,0.00019764602,3.770827
2000-12-25 12:00:00,10.760651,4.9661865,88.79931,101493.4,0.0,1.7543887
2000-12-26 12:00:00,10.662476,4.40683,113.66155,101606.234,2.3936209e-10,1.4305564
2000-12-27 12:00:00,12.04007,7.895233,55.06101,101458.22,8.008898e-06,1.3905642
2000-12-28 12:00:00,11.836182,7.622345,75.196846,100919.02,2.934363e-06,1.8215132
2000-12-29 12:00:00,11.050293,9.224213,118.08654,100735.17,0.00012347996,2.81627
2000-12-30 12:00:00,10.127319,4.3161926,122.12626,101429.03,0.0,3.7721684
2000-12-31 12:00:00,10.642792,4.285675,104.36953,101699.23,7.763505e-08,1.6772853
2001-01-01 12:00:00,11.826416,7.1997986,61.548283,101517.21,1.5065794e-05,1.8126979
2001-01-02 12:00:00,11.70697,5.833069,123.75986,101610.4,3.9086067e-06,2.7388568
2001-01-03 12:00:00,11.060425,3.829773,129.5441,101543.914,0.0,1.5379425
2001-01-04 12:00:00,9.540955,2.442627,119.348274,101862.46,2.8471857e-06,3.8730943
2001-01-05 12:00:00,11.732727,4.782715,125.301,102290.78,0.0,2.7294936
2001-01-06 12:00:00,11.236206,1.8601685,117.90874,102012.29,1.0703648e-06,0.8506955
2001-01-07 12:00:00,10.340729,2.9507751,126.85225,101561.46,4.788204e-07,3.2564783
2001-01-08 12:00:00,11.74646,3.0768433,128.96269,101806.72,1.2944212e-06,3.316614
2001-01-09 12:00:00,11.329346,2.4932556,134.2602,101791.34,2.3743281e-08,1.5138763
2001-01-10 12:00:00,10.430237,2.7086182,131.47072,101519.62,1.4938584e-07,1.9009538
2001-01-11 12:00:00,10.354462,3.069519,133.62155,101434.195,1.2795442e-07,2.0642881
2001-01-12 12:00:00,11.460175,4.2786255,136.98169,101311.78,0.0,3.008912
2001-01-13 12:00:00,11.0434265,1.4523621,132.9905,100783.945,3.7072093e-07,1.3678986
2001-01-14 12:00:00,10.864624,2.2702332,136.56618,100499.85,4.326336e-08,1.5276077
2001-01-15 12:00:00,10.636322,3.0211182,68.24369,100631.96,4.6425534e-06,1.2212937
2001-01-16 12:00:00,8.367615,6.720276,56.373974,100858.19,1.3255941e-05,1.0792655
2001-01-17 12:00:00,6.9763794,1.9992981,90.19656,101120.33,1.6812522e-06,1.9739622
2001-01-18 12:00:00,7.6398926,3.2347107,100.64609,100839.66,2.9161633e-06,0.89868253
2001-01-19 12:00:00,9.202423,0.986969,126.48139,100705.12,9.368241e-07,1.8681014
2001-01-20 12:00:00,9.240265,1.1266174,133.31833,100914.125,1.355449e-06,1.4930626
2001-01-21 12:00:00,9.016907,3.0301208,111.13402,101067.32,1.0653014e-06,2.4210815
2001-01-22 12:00:00,9.81012,2.3411255,129.32266,100803.8,8.712408e-07,1.7307668
2001-01-23 12:00:00,9.465973,5.881958,36.92223,100430.79,9.3937364e-05,2.360363
2001-01-24 12:00:00,11.721039,4.3463745,131.64989,100189.79,1.2475076e-05,3.1600726
2001-01-25 12:00:00,11.770752,6.765869,50.59943,100041.99,2.5811803e-05,2.6167774
2001-01-26 12:00:00,11.0130005,8.085907,74.3434,99875.54,0.00020127828,3.1734405
2001-01-27 12:00:00,11.105255,5.8496094,103.868706,100626.28,6.386218e-06,1.1801734
2001-01-28 12:00:00,11.011841,5.8907166,91.07172,101156.27,2.3673667e-06,1.2006108
2001-01-29 12:00:00,9.761627,5.642517,112.507675,101472.11,5.201502e-06,2.083524
2001-01-30 12:00:00,10.721619,5.147461,120.165955,101255.945,3.5882222e-06,0.9394762
2001-01-31 12:00:00,10.7612915,4.796692,107.87383,101308.63,5.8123846e-06,0.62809527
2001-02-01 12:00:00,11.292847,4.277069,124.18054,101487.42,1.5395665e-06,1.5709672
2001-02-02 12:00:00,11.293274,6.992798,71.3479,101304.93,5.2936093e-06,1.2098515
2001-02-03 12:00:00,11.045258,8.260742,74.06028,101209.5,9.432115e-06,1.5891377
2001-02-04 12:00:00,13.19104,9.169098,78.42259,101247.6,0.00014047115,2.7090333
2001-02-05 12:00:00,13.217957,4.7715454,147.51962,101764.664,3.3475715e-06,1.0495348
2001-02-06 12:00:00,12.740112,4.8142395,162.35,101662.94,4.4632858e-07,0.65881956
2001-02-07 12:00:00,13.065186,5.9346313,115.32155,101140.23,2.8112057e-10,1.1685462
2001-02-08 12:00:00,13.032959,8.223236,100.961784,100609.75,0.0,1.7700267
2001-02-09 12:00:00,12.591217,9.363831,35.151592,100164.21,0.00019722259,5.6498976
2001-02-10 12:00:00,12.251648,8.359924,138.13362,100608.7,6.266072e-05,2.0989332
2001-02-11 12:00:00,11.546326,8.963287,103.30037,100379.13,0.00017787436,4.805586
2001-02-12 12:00:00,11.355438,8.936371,152.6203,100557.41,0.00037766199,4.7881327
2001-02-13 12:00:00,10.680237,7.424469,60.501667,101706.91,2.3187307e-05,1.6570429
2001-02-14 12:00:00,12.537872,8.279419,131.55493,101815.44,3.265478e-06,1.3563095
2001-02-15 12:00:00,12.454437,8.802826,51.23837,100886.12,6.191251e-05,2.921483
2001-02-16 12:00:00,10.9583435,6.775421,186.77402,100740.164,1.919287e-05,6.8635607
2001-02-17 12:00:00,11.144348,5.3382263,189.44608,101555.61,5.2707666e-08,4.562386
2001-02-18 12:00:00,11.386658,6.0760193,134.56427,102144.05,9.306739e-09,3.45793
2001-02-19 12:00:00,11.505127,9.267273,76.35564,102352.76,4.198732e-05,2.5237277
2001-02-20 12:00:00,11.850189,9.079315,97.42435,102221.83,1.4569977e-05,1.7862365
2001-02-21 12:00:00,11.742554,7.640045,107.20483,101678.414,9.030293e-06,2.1129751
2001-02-22 12:00:00,10.58252,6.9884644,202.2578,101670.305,1.9298575e-05,4.6793084
2001-02-23 12:00:00,12.234497,5.639038,200.83644,101824.266,0.0,5.2463236
2001-02-24 12:00:00,12.182068,8.299377,177.25206,101879.695,4.522201e-07,4.428659
2001-02-25 12:00:00,12.0225525,8.371887,94.708145,101814.91,3.9916094e-06,2.108655
2001-02-26 12:00:00,12.381348,8.598785,125.36102,101898.41,3.5524415e-06,1.8345886
2001-02-27 12:00:00,12.357391,7.0124207,214.37746,101761.734,3.4703777e-07,4.816723
2001-02-28 12:00:00,12.641846,6.407715,222.89041,101528.195,0.0,5.9502516
2001-03-01 12:00:00,12.765167,5.038147,201.06154,101633.56,0.0,3.4229288
2001-03-02 12:00:00,15.041901,6.9403687,220.29292,101410.58,0.0,3.9641657
2001-03-03 12:00:00,15.294312,6.3667297,218.73984,101263.15,0.0,1.7483596
2001-03-04 12:00:00,18.11145,8.117767,221.45775,101225.16,0.0,0.6650067
2001-03-05 12:00:00,17.566833,7.7995605,206.09772,101186.69,1.615216e-06,1.8201753
2001-03-06 12:00:00,14.160889,7.600006,184.77312,101011.36,3.963013e-06,2.483145
2001-03-07 12:00:00,11.845734,7.612091,193.72852,100996.37,0.0,4.1262226
2001-03-08 12:00:00,12.398254,5.340271,205.8048,100865.77,0.0,2.19032
2001-03-09 12:00:00,13.868652,6.028961,197.4364,100403.05,0.0,0.5359864
2001-03-10 12:00:00,13.733398,9.418884,174.53865,100046.19,8.343812e-05,2.7352388
2001-03-11 12:00:00,12.371643,6.4552307,196.42021,100066.83,0.0,0.62923187
2001-03-12 12:00:00,12.037323,7.65506,103.96813,100532.65,6.3206144e-06,2.9308646
2001-03-13 12:00:00,10.008026,7.84198,169.24028,100932.77,0.00011266887,4.3636236
2001-03-14 12:00:00,9.557831,6.5356445,172.1817,101301.4,0.0001438284,5.499889
2001-03-15 12:00:00,8.820892,6.539795,91.797356,101650.77,4.1385807e-05,1.9525447
2001-03-16 12:00:00,11.9823,8.604919,123.18342,101761.14,0.00013393622,1.4719155
2001-03-17 12:00:00,12.259979,8.210114,127.644966,102066.02,9.4003e-06,1.5770764
2001-03-18 12:00:00,13.834106,8.6987915,203.43013,101679.98,5.0356393e-06,1.7550073
2001-03-19 12:00:00,16.271759,8.754028,254.43117,101013.84,0.0,1.6906447
2001-03-20 12:00:00,19.352905,10.56781,270.63574,100810.664,0.0,2.626779
2001-03-21 12:00:00,19.845459,9.431702,267.28793,101447.13,0.0,1.62726
2001-03-22 12:00:00,19.23819,9.110016,272.95944,101462.305,0.0,1.3495717
2001-03-23 12:00:00,20.294891,10.746094,277.73132,100770.99,0.0,1.9594767
2001-03-24 12:00:00,19.001831,8.639618,273.61298,100184.555,3.0275046e-07,2.7971327
2001-03-25 12:00:00,16.451385,7.34375,283.19928,100288.13,0.0,7.5042896
2001-03-26 12:00:00,14.394928,7.4482727,287.59146,100727.234,0.0,5.894572
2001-03-27 12:00:00,17.592133,8.305878,286.86923,100980.57,0.0,3.6165483
2001-03-28 12:00:00,17.503174,6.3559265,267.73138,101309.15,8.73543e-07,2.58643
2001-03-29 12:00:00,13.754364,7.2481384,252.98248,101577.3,4.925609e-06,2.339866
2001-03-30 12:00:00,13.428833,4.5875854,249.87035,101574.85,3.1572554e-07,2.1615067
2001-03-31 12:00:00,13.139923,8.965057,91.19345,101273.016,3.9070776e-05,2.019224
2001-04-01 12:00:00,14.746063,11.3732605,132.07689,100950.02,2.7734355e-05,0.96003777
2001-04-02 12:00:00,16.733093,8.948547,258.50037,100541.984,1.4233534e-06,2.0366826
2001-04-03 12:00:00,16.51764,9.121521,266.763,100441.88,1.0319781e-06,2.322679
2001-04-04 12:00:00,15.141296,9.257263,253.82162,100540.55,4.618108e-06,2.6655967
2001-04-05 12:00:00,14.558533,7.3721924,296.8712,100715.01,0.0,3.0159395
2001-04-06 12:00:00,15.075256,6.313019,254.97124,100869.62,1.1053154e-07,2.041096
2001-04-07 12:00:00,14.076813,11.250122,99.58046,100760.93,0.00020008272,4.9012446
2001-04-08 12:00:00,13.014038,10.695496,209.95705,100999.61,2.5897933e-05,5.4486732
2001-04-09 12:00:00,12.617096,9.654266,148.62808,100945.516,3.1422907e-05,3.6993268
2001-04-10 12:00:00,12.394623,9.357513,67.46458,100093.805,0.00023011667,6.1136265
2001-04-11 12:00:00,11.298645,8.367249,262.3129,101200.5,7.978083e-05,5.0571184
2001-04-12 12:00:00,14.55014,5.8554688,269.81857,101954.24,0.0,1.6530669
2001-04-13 12:00:00,15.3003845,6.6599426,301.119,101130.65,0.0,2.3022547
2001-04-14 12:00:00,14.860779,7.8866577,167.88869,100886.16,2.82108e-06,2.444904
2001-04-15 12:00:00,13.437378,11.224182,109.0199,100803.65,9.103469e-06,2.057206
2001-04-16 12:00:00,13.20517,11.487579,82.507706,100402.38,8.24629e-05,1.3406801
2001-04-17 12:00:00,14.223511,10.565735,268.87088,100220.195,3.732984e-05,1.8664931
2001-04-18 12:00:00,15.28772,7.9634705,321.8908,100336.65,0.0,1.9803714
2001-04-19 12:00:00,14.843933,8.199188,282.52994,100578.414,1.1256071e-07,3.5470035
2001-04-20 12:00:00,11.887634,10.170166,116.527504,100577.88,0.0002072414,5.0670314
2001-04-21 12:00:00,13.67868,7.0002747,325.89606,101139.82,0.0,3.3251333
2001-04-22 12:00:00,15.331512,8.602783,326.54874,101088.1,0.0,4.154958
2001-04-23 12:00:00,15.1716,10.967529,316.7669,100866.53,0.0,5.7016754
2001-04-24 12:00:00,15.903564,8.945374,333.5403,100713.57,0.0,5.2626095
2001-04-25 12:00:00,15.745239,9.527374,260.21304,100641.01,0.0,5.579594
2001-04-26 12:00:00,14.077759,7.9596252,321.75323,100872.87,6.38679e-07,5.7726035
2001-04-27 12:00:00,13.951141,8.960754,237.30301,101070.516,3.438214e-06,4.309132
2001-04-28 12:00:00,13.947754,11.373596,112.172386,100861.54,6.351017e-05,2.9084773
2001-04-29 12:00:00,15.193237,8.792328,336.26587,100670.67,0.0,4.6990304
2001-04-30 12:00:00,18.684967,10.144836,333.0372,100516.74,0.0,4.8045473
2001-05-01 12:00:00,23.568665,13.458954,348.04874,100598.51,0.0,4.6287146
2001-05-02 12:00:00,25.103973,16.671906,352.72107,100572.0,0.0,3.8270738
2001-05-03 12:00:00,22.889038,9.890137,334.0119,100834.055,1.12008806e-07,2.8563993
2001-05-04 12:00:00,18.557373,10.471924,316.4407,100721.58,2.7399137e-06,2.5406613
2001-05-05 12:00:00,18.138397,10.477997,306.10788,100492.66,2.0264195e-06,2.682318
2001-05-06 12:00:00,17.89444,11.488007,325.91742,100502.164,3.173726e-07,2.9946468
2001-05-07 12:00:00,19.46582,10.132965,349.81824,100588.38,0.0,3.1447926
2001-05-08 12:00:00,19.41391,9.699768,353.84253,100389.06,0.0,2.8842468
2001-05-09 12:00:00,18.46231,10.819916,349.7145,100346.516,6.671291e-08,3.9209516
2001-05-10 12:00:00,17.338074,11.265045,333.54654,100302.58,0.0,5.3688893
2001-05-11 12:00:00,18.789398,10.311493,351.8619,100212.17,0.0,4.2008934
2001-05-12 12:00:00,18.68399,9.766693,349.9107,100100.02,0.0,2.9356315
2001-05-13 12:00:00,18.42929,9.698029,352.11047,100245.945,0.0,2.843933
2001-05-14 12:00:00,18.216797,10.248383,348.19632,100542.98,0.0,3.1087348
2001-05-15 12:00:00,19.216553,10.657318,356.28293,100678.664,0.0,4.3341823
2001-05-16 12:00:00,19.82431,10.33786,353.05386,100703.414,0.0,3.7549589
2001-05-17 12:00:00,22.049194,11.020782,357.2185,100690.48,0.0,2.1767278
2001-05-18 12:00:00,23.162506,10.951202,357.13025,100773.26,1.3272617e-08,2.0837946
2001-05-19 12:00:00,23.032928,11.331604,357.8873,100666.555,4.4692205e-09,2.6565416
2001-05-20 12:00:00,20.146576,12.546539,359.2201,100585.125,0.0,4.523682
2001-05-21 12:00:00,20.860687,12.247528,367.35898,100715.8,0.0,4.3606524
2001-05-22 12:00:00,21.093384,11.185516,359.8732,100552.19,0.0,2.457157
2001-05-23 12:00:00,19.956207,11.827332,348.66913,100542.46,0.0,3.700637
2001-05-24 12:00:00,20.416046,11.639679,370.6988,100396.04,0.0,4.3466134
2001-05-25 12:00:00,21.941162,12.807739,374.62598,100029.445,0.0,2.9557722
2001-05-26 12:00:00,21.192719,10.269012,370.48505,99884.97,1.523051e-08,2.9925907
2001-05-27 12:00:00,17.321625,12.116608,370.97836,100246.3,0.0,6.078999
2001-05-28 12:00:00,19.939392,9.851227,370.67276,100305.74,0.0,3.264724
2001-05-29 12:00:00,19.66504,11.073639,367.20667,100124.11,0.0,4.5683703
2001-05-30 12:00:00,17.594025,12.9039,364.55594,100489.18,1.2571051e-09,6.529799
2001-05-31 12:00:00,19.203674,11.50946,368.59116,100739.04,0.0,4.986483
2001-06-01 12:00:00,20.641632,11.540131,355.91296,100736.055,0.0,3.7309792
2001-06-02 12:00:00,20.192596,13.633911,331.7188,100897.86,0.0,4.9301386
2001-06-03 12:00:00,18.17743,12.629761,330.86502,100955.06,4.45122e-08,5.2172265
2001-06-04 12:00:00,17.987915,13.23468,284.37546,100870.41,1.0136338e-06,5.3115926
2001-06-05 12:00:00,20.591797,13.092438,368.6179,100872.36,0.0,5.330336
2001-06-06 12:00:00,20.166687,14.2916565,376.2118,100964.5,0.0,6.3168426
2001-06-07 12:00:00,23.123077,13.85968,379.80502,100846.98,0.0,4.619522
2001-06-08 12:00:00,28.195038,14.121674,384.31393,100681.36,0.0,3.8094273
2001-06-09 12:00:00,27.873077,13.4591675,375.9145,100525.875,0.0,2.2050087
2001-06-10 12:00:00,22.74231,13.018372,374.22018,100589.9,0.0,2.9757934
2001-06-11 12:00:00,20.451263,12.575348,378.85736,100791.46,0.0,3.8803387
2001-06-12 12:00:00,21.895325,12.576813,387.0484,101181.805,0.0,4.8827877
2001-06-13 12:00:00,25.666046,13.586029,390.18903,101267.03,0.0,4.040037
2001-06-14 12:00:00,27.140045,16.748413,380.7164,100696.625,0.0,3.2655575
2001-06-15 12:00:00,26.280731,11.360535,341.03363,100468.9,3.2393862e-07,2.3199253
2001-06-16 12:00:00,18.919037,12.924591,335.84448,100675.95,5.2072373e-06,4.0058513
2001-06-17 12:00:00,18.190979,10.865356,344.00238,100723.27,0.0,3.008163
2001-06-18 12:00:00,17.79892,12.5876465,318.46432,100637.445,2.5215372e-06,3.8713574
2001-06-19 12:00:00,17.844513,13.240967,334.72614,100791.164,1.0502202e-06,5.047
2001-06-20 12:00:00,18.555145,13.131165,327.779,100864.23,3.3175018e-06,4.2982183
2001-06-21 12:00:00,19.256805,13.121826,344.25314,100869.85,5.012431e-07,4.7242036
2001-06-22 12:00:00,21.46811,13.061249,374.29193,100949.23,0.0,3.7129495
2001-06-23 12:00:00,21.422607,13.292755,367.56268,100859.42,5.0102425e-08,2.7937014
2001-06-24 12:00:00,21.112427,13.318665,346.23373,100696.65,1.6616596e-06,3.2821715
2001-06-25 12:00:00,19.976715,14.333282,349.90625,100494.3,6.074568e-07,3.689896
2001-06-26 12:00:00,19.59317,14.036621,367.9418,100483.73,2.7228248e-08,3.7789125
2001-06-27 12:00:00,20.233002,13.988647,369.30945,100684.22,0.0,3.9431574
2001-06-28 12:00:00,21.250458,15.580231,370.91074,100805.86,0.0,6.2208724
2001-06-29 12:00:00,19.67041,14.047668,274.20212,100761.09,2.2724944e-07,5.8849864
2001-06-30 12:00:00,22.854004,12.522247,371.34274,100764.516,0.0,3.2427468
2001-07-01 12:00:00,22.894775,14.272675,368.73013,100779.586,0.0,2.784542
2001-07-02 12:00:00,22.626953,14.663116,358.4425,100759.055,4.75529e-07,3.0269325
2001-07-03 12:00:00,21.842224,14.868103,360.51056,100539.52,4.3539455e-08,3.2018254
2001-07-04 12:00:00,21.158966,15.867157,321.63718,100438.52,2.3171324e-06,3.8262453
2001-07-05 12:00:00,20.606659,15.291168,367.0179,100463.22,0.0,3.9807794
2001-07-06 12:00:00,20.215271,15.781403,313.117,100598.59,5.9121458e-06,4.5561295
2001-07-07 12:00:00,20.648865,15.885681,232.68532,100677.57,5.8440246e-06,3.9194252
2001-07-08 12:00:00,22.836853,15.987305,314.1907,100661.04,9.4110163e-07,3.103977
2001-07-09 12:00:00,23.749908,16.263,344.1021,100610.74,1.9913055e-07,3.1753407
2001-07-10 12:00:00,25.205627,17.44983,319.52216,100527.266,1.7368635e-08,2.719927
2001-07-11 12:00:00,24.978546,15.530029,365.2496,100688.01,0.0,3.602332
2001-07-12 12:00:00,23.332306,15.930756,192.49094,100740.83,0.0,3.661946
2001-07-13 12:00:00,22.683685,14.715363,338.5087,100701.31,0.0,3.0254931
2001-07-14 12:00:00,22.211945,14.496857,360.8872,100852.805,3.1948996e-08,4.255307
2001-07-15 12:00:00,21.63678,15.5173645,357.90298,100932.664,0.0,5.003171
2001-07-16 12:00:00,22.19931,14.059174,350.41382,100605.36,7.994602e-09,3.3063147
2001-07-17 12:00:00,21.889801,16.080322,324.20895,100504.82,3.290151e-07,3.6769364
2001-07-18 12:00:00,23.255829,15.349152,333.7033,100705.77,3.0089648e-06,2.83002
2001-07-19 12:00:00,23.207,15.036621,329.51587,100760.88,2.1932567e-06,2.868662
2001-07-20 12:00:00,23.279633,16.305817,341.40616,100592.5,6.1151275e-07,3.3711114
2001-07-21 12:00:00,23.268555,16.903809,361.63388,100443.01,0.0,5.079294
2001-07-22 12:00:00,23.460419,16.71222,356.8675,100399.86,0.0,5.2163525
2001-07-23 12:00:00,23.158112,16.622955,356.10098,100368.11,0.0,5.2360187
2001-07-24 12:00:00,19.911682,15.58432,207.47379,100451.68,7.7476325e-06,4.83917
2001-07-25 12:00:00,19.276794,15.6397705,224.33514,100677.01,7.000444e-06,3.523031
2001-07-26 12:00:00,21.439087,14.391052,337.51797,100886.945,1.2662298e-07,3.7865267
2001-07-27 12:00:00,22.439972,13.906921,349.51773,100861.04,3.601398e-10,3.254594
2001-07-28 12:00:00,22.10025,13.975983,349.94113,100802.46,1.742033e-08,3.6965744
2001-07-29 12:00:00,20.987427,15.697601,305.44733,100782.38,2.937031e-06,4.274107
2001-07-30 12:00:00,21.322052,14.709869,340.4332,100725.734,3.3581173e-07,3.7741618
2001-07-31 12:00:00,21.28534,16.092682,307.89984,100816.61,2.990734e-06,4.648625
2001-08-01 12:00:00,22.750397,15.22345,333.5907,100790.15,1.1643866e-07,3.7731602
2001-08-02 12:00:00,23.479462,15.089661,335.86118,100446.266,4.7013899e-07,2.7533243
2001-08-03 12:00:00,22.936005,15.514435,322.28076,100365.95,7.829192e-07,3.3146582
2001-08-04 12:00:00,22.993652,15.915314,341.97794,100647.85,3.2220267e-08,3.6926458
2001-08-05 12:00:00,22.812958,15.379456,343.219,100655.22,0.0,3.4536998
2001-08-06 12:00:00,22.303131,15.710907,311.0899,100446.22,1.2778034e-07,4.1775856
2001-08-07 12:00:00,20.598938,16.185303,287.24234,100400.08,4.8306224e-06,4.4554467
2001-08-08 12:00:00,21.517303,14.639648,341.388,100606.67,0.0,3.7798407
2001-08-09 12:00:00,21.461853,14.976868,328.78687,100798.91,8.185305e-09,4.2661004
2001-08-10 12:00:00,22.701782,14.971313,322.47733,100940.766,2.8625269e-07,3.71175
2001-08-11 12:00:00,24.308533,14.93985,339.68298,100773.29,1.4415058e-08,2.4670398
2001-08-12 12:00:00,24.154266,14.616241,314.12778,100578.25,1.1182316e-06,2.5324175
2001-08-13 12:00:00,23.70993,14.860657,310.96768,100571.32,2.5814545e-08,2.7484527
2001-08-14 12:00:00,22.583923,16.489197,206.48984,100772.48,3.4794698e-07,2.9265842
2001-08-15 12:00:00,23.655518,16.334473,307.8716,100731.49,0.0,2.660553
2001-08-16 12:00:00,23.06253,16.269958,309.45618,100544.04,5.315436e-07,3.2719483
2001-08-17 12:00:00,21.47873,16.367493,279.60944,100368.21,3.9871306e-06,3.9935327
2001-08-18 12:00:00,20.786682,16.297424,265.95184,100609.97,8.866937e-06,3.953561
2001-08-19 12:00:00,24.122253,14.42807,322.15955,100805.04,7.9777905e-08,2.9825673
2001-08-20 12:00:00,24.076172,15.028412,323.27972,100672.82,0.0,2.7810895
2001-08-21 12:00:00,23.188873,15.308594,310.7878,100424.58,1.8226149e-07,3.4489808
2001-08-22 12:00:00,21.26892,16.306793,281.3924,100470.516,1.1741934e-06,4.5214577
2001-08-23 12:00:00,20.783936,16.413391,252.37448,100511.07,1.8228059e-06,4.1133227
2001-08-24 12:00:00,20.391052,16.343658,246.26515,100765.94,7.440031e-06,3.6006827
2001-08-25 12:00:00,22.242401,14.146301,287.83966,100953.16,1.0811744e-06,2.9044247
2001-08-26 12:00:00,22.462769,14.399567,309.37506,100837.27,1.9597303e-07,3.2664309
2001-08-27 12:00:00,23.052582,14.360687,283.40732,100877.46,1.3731898e-06,3.2416503
2001-08-28 12:00:00,25.361969,13.437042,316.87357,100678.04,1.9242288e-09,2.232492
2001-08-29 12:00:00,25.044006,15.023254,290.07825,100598.06,1.318356e-06,2.5697186
2001-08-30 12:00:00,23.979095,14.80777,288.00113,100523.87,3.9331172e-07,2.782874
2001-08-31 12:00:00,22.874512,16.047668,263.39297,100403.555,1.2545953e-06,4.0154047
2001-09-01 12:00:00,20.604004,16.788025,205.97943,100291.695,4.841239e-06,4.0302763
2001-09-02 12:00:00,21.265167,16.248444,228.18295,100266.664,8.194265e-06,3.1718218
2001-09-03 12:00:00,21.023773,16.002502,246.93237,100329.22,2.1890992e-06,3.514641
2001-09-04 12:00:00,20.615997,16.118073,221.4562,100210.914,2.593407e-06,3.8645563
2001-09-05 12:00:00,20.530884,16.733917,223.43987,100394.61,7.866212e-06,3.6265516
2001-09-06 12:00:00,21.727417,15.752258,271.88437,100554.97,1.0030795e-06,3.7322884
2001-09-07 12:00:00,23.12265,15.3797,278.2145,100623.35,1.2228347e-07,3.0075486
2001-09-08 12:00:00,23.611328,13.899384,287.75418,100637.04,0.0,2.9243574
2001-09-09 12:00:00,23.552704,14.252747,285.20593,100411.59,3.8625927e-08,2.4756432
2001-09-10 12:00:00,23.079132,15.319214,245.3079,100304.28,1.8210121e-06,3.4246604
2001-09-11 12:00:00,20.230072,15.643066,225.92528,100445.74,6.130256e-06,3.4072056
2001-09-12 12:00:00,20.361298,15.504578,217.6773,100483.195,6.15675e-06,3.6873922
2001-09-13 12:00:00,20.506683,15.756897,265.18887,100465.055,1.0212704e-07,4.9896536
2001-09-14 12:00:00,19.601532,15.634155,131.50356,100523.01,2.152366e-06,4.594116
2001-09-15 12:00:00,19.045013,16.054169,173.95984,100573.164,3.7877587e-06,3.9868379
2001-09-16 12:00:00,19.797485,15.667084,179.1476,100736.25,5.02773e-06,3.0099084
2001-09-17 12:00:00,20.600372,14.807526,219.70473,100751.055,1.9357801e-06,3.6553755
2001-09-18 12:00:00,23.25943,14.318939,254.35435,100498.68,5.6294745e-08,3.0124824
2001-09-19 12:00:00,22.766449,15.342529,245.67937,100477.67,4.9721956e-07,2.905531
2001-09-20 12:00:00,23.414978,14.924622,260.69028,100621.07,0.0,2.711325
2001-09-21 12:00:00,22.9021,14.3784485,244.82892,100475.61,3.6361388e-07,2.6990833
2001-09-22 12:00:00,21.692474,14.499298,231.76549,100371.87,2.4463418e-06,2.6541703
2001-09-23 12:00:00,21.858215,13.56366,239.13586,100480.18,8.2843917e-07,2.6419435
2001-09-24 12:00:00,21.631042,13.677643,237.94199,100466.64,1.5058625e-07,2.7303567
2001-09-25 12:00:00,26.874634,13.822754,251.96808,100303.5,0.0,1.7639773
2001-09-26 12:00:00,25.96103,14.02887,245.99078,100379.266,4.4380045e-07,1.9935297
2001-09-27 12:00:00,23.658417,14.180878,238.64778,100567.22,9.19376e-07,2.309126
2001-09-28 12:00:00,22.250732,13.950775,203.12749,100529.05,4.534415e-06,2.2302632
2001-09-29 12:00:00,23.931335,14.608856,238.34435,100330.14,3.414542e-07,2.458988
2001-09-30 12:00:00,23.350616,13.628021,238.0667,100379.586,3.282114e-08,2.3275766
2001-10-01 12:00:00,21.896332,15.726196,155.71169,100651.7,1.5327414e-06,3.112823
2001-10-02 12:00:00,21.724335,13.255707,219.80885,100826.805,3.3489655e-06,2.3537989
2001-10-03 12:00:00,24.567291,13.986298,231.07115,100872.336,0.0,2.1219878
2001-10-04 12:00:00,28.343903,14.297028,234.41016,100837.83,3.8913296e-08,1.6576096
2001-10-05 12:00:00,27.86081,15.029236,204.4687,101003.57,2.1084504e-06,1.484052
2001-10-06 12:00:00,26.350372,14.216339,210.26375,100800.13,5.114377e-09,1.5593354
2001-10-07 12:00:00,26.237305,14.380768,218.29573,100543.12,3.1493855e-06,1.0699307
2001-10-08 12:00:00,24.810028,15.684296,187.24052,100619.734,5.2276546e-06,3.0601294
2001-10-09 12:00:00,23.274506,14.35849,200.16364,100882.06,4.5084894e-06,2.1615233
2001-10-10 12:00:00,25.85492,14.437561,219.39026,100759.59,0.0,2.1531699
2001-10-11 12:00:00,25.635345,14.790588,211.218,100688.07,2.5397557e-07,2.1698132
2001-10-12 12:00:00,24.26062,15.079987,161.0295,100811.67,8.602778e-07,1.940664
2001-10-13 12:00:00,23.9122,15.239685,200.23291,100959.836,5.965607e-06,1.8729976
2001-10-14 12:00:00,23.868774,13.958954,211.8336,100564.68,0.0,3.0141823
2001-10-15 12:00:00,23.190643,12.747986,211.4468,99846.984,0.0,2.7103941
2001-10-16 12:00:00,23.969086,15.795013,211.83421,100142.24,0.0,3.8338869
2001-10-17 12:00:00,22.652496,12.518738,141.06647,100883.9,1.2768563e-08,2.5176575
2001-10-18 12:00:00,20.540924,11.490814,187.22559,101268.96,6.2284866e-09,2.510984
2001-10-19 12:00:00,21.530334,12.105103,195.34436,101224.695,0.0,2.439359
2001-10-20 12:00:00,21.01828,13.658997,110.31441,101141.61,3.3193695e-07,2.80681
2001-10-21 12:00:00,22.08966,10.910889,188.88687,101369.836,0.0,3.4505157
2001-10-22 12:00:00,23.144257,14.499115,181.19395,101419.766,0.0,3.9109569
2001-10-23 12:00:00,22.190369,13.984497,194.99625,101013.69,0.0,4.4969435
2001-10-24 12:00:00,20.609009,14.443207,195.83292,100948.61,0.0,6.341176
2001-10-25 12:00:00,18.883728,13.640045,194.69896,101237.234,0.0,8.295094
2001-10-26 12:00:00,21.80716,14.657593,191.1328,100759.22,0.0,7.019668
2001-10-27 12:00:00,21.725098,9.945343,183.02618,100569.59,0.0,1.4264375
2001-10-28 12:00:00,16.909637,12.692047,121.059845,100918.05,8.50837e-06,4.2646117
2001-10-29 12:00:00,16.549347,10.74585,185.69028,101309.305,1.3433044e-08,6.460793
2001-10-30 12:00:00,18.192627,11.408356,184.25636,101801.78,0.0,5.201452
2001-10-31 12:00:00,18.925598,8.207855,179.94342,101905.26,0.0,2.511789
2001-11-01 12:00:00,19.687988,7.872284,177.81415,101545.59,0.0,1.3832275
2001-11-02 12:00:00,20.43158,8.058563,161.20985,100937.85,0.0,0.9261083
2001-11-03 12:00:00,19.624939,7.293396,151.27151,100584.15,2.1305257e-06,1.173515
2001-11-04 12:00:00,16.311005,10.069489,156.06512,100975.125,2.6451175e-06,2.264129
2001-11-05 12:00:00,16.290405,8.357513,118.43259,101141.79,2.4832057e-06,1.6592956
2001-11-06 12:00:00,17.354736,10.719818,117.13587,100745.14,0.0,1.6147628
2001-11-07 12:00:00,16.70044,7.847809,137.27545,100864.07,2.3591134e-07,2.5578358
2001-11-08 12:00:00,15.220612,9.019806,136.73338,101279.64,0.0,3.659614
2001-11-09 12:00:00,16.332489,7.2463074,156.94894,101220.76,1.422695e-08,1.5297472
2001-11-10 12:00:00,16.161957,7.0603027,147.92375,100864.16,5.1839953e-07,2.1724415
2001-11-11 12:00:00,15.192963,6.876831,142.3451,101034.34,6.9518927e-07,1.945867
2001-11-12 12:00:00,18.119934,7.5032043,141.26956,101216.69,4.5613018e-07,0.6329129
2001-11-13 12:00:00,17.456055,9.736511,99.80162,101239.86,2.6111417e-07,1.715209
2001-11-14 12:00:00,17.17865,10.629822,119.343666,101262.88,2.7267106e-06,1.6534988
2001-11-15 12:00:00,17.507874,9.440613,138.20656,101003.1,6.7685363e-07,1.7597786
2001-11-16 12:00:00,17.16388,10.313782,80.48174,101172.18,2.26033e-06,0.8096215
2001-11-17 12:00:00,20.808289,9.678375,146.7133,101282.67,4.9549986e-09,0.8980781
2001-11-18 12:00:00,18.743073,9.218201,46.597797,101256.33,9.36796e-07,1.800228
2001-11-19 12:00:00,14.505798,11.751373,112.212074,101504.46,7.3892957e-06,1.8225789
2001-11-20 12:00:00,16.141937,7.1567993,129.75282,101604.805,1.191876e-06,1.6014353
2001-11-21 12:00:00,15.658722,10.513733,65.6711,101594.945,6.444124e-06,1.9740378
2001-11-22 12:00:00,14.368256,10.171509,51.038967,101317.91,1.9971465e-06,2.8149452
2001-11-23 12:00:00,13.485291,7.8179016,135.7478,100952.914,1.3865809e-05,5.699508
2001-11-24 12:00:00,14.670227,8.8688965,144.18854,101744.836,0.0,6.196308
2001-11-25 12:00:00,14.351105,5.7952576,141.32521,101902.586,0.0,3.464172
2001-11-26 12:00:00,15.333679,4.650635,134.8359,101795.17,4.4912887e-09,0.72022206
2001-11-27 12:00:00,15.727539,6.0448,118.98356,101812.41,1.0491337e-06,0.42223692
2001-11-28 12:00:00,16.60962,6.6884155,124.81912,101630.77,1.2029735e-06,0.8384445
2001-11-29 12:00:00,15.957184,7.1659546,98.636116,101634.305,8.629234e-07,1.2893833
2001-11-30 12:00:00,16.912476,5.5355225,128.88971,101652.35,6.970869e-07,0.82368666
2001-12-01 12:00:00,17.83191,6.7930603,127.17338,101648.29,1.8933335e-06,0.7572205
2001-12-02 12:00:00,17.165222,7.726166,128.12277,101572.37,0.0,0.9897099
2001-12-03 12:00:00,17.88974,7.5429688,126.03761,101154.516,1.0082458e-06,1.415804
2001-12-04 12:00:00,17.200195,8.710663,132.38544,100704.12,0.0,4.1096864
2001-12-05 12:00:00,15.6961975,6.88501,128.91176,101090.73,0.0,3.097008
2001-12-06 12:00:00,15.837463,6.769043,125.42008,101266.805,0.0,2.0347164
2001-12-07 12:00:00,14.928009,5.904175,129.11774,101287.14,0.0,2.5247786
2001-12-08 12:00:00,16.1008,6.5117188,129.42497,101287.69,0.0,1.8564627
2001-12-09 12:00:00,15.068756,3.5733337,127.55016,101396.8,1.3197644e-06,0.8269183
2001-12-10 12:00:00,15.803162,5.6365967,128.25851,101473.15,0.0,1.3538432
2001-12-11 12:00:00,14.277893,5.662384,68.02815,101214.47,1.7635108e-05,3.3815677
2001-12-12 12:00:00,13.358734,5.260956,126.43827,101292.016,0.0,5.0001845
2001-12-13 12:00:00,12.988403,8.736847,53.03229,101406.695,6.419014e-10,3.4181688
2001-12-14 12:00:00,12.826141,3.7506409,125.26422,101760.516,0.0,1.7872062
2001-12-15 12:00:00,12.06427,4.4309998,49.800358,102028.664,1.646246e-05,0.9311707
2001-12-16 12:00:00,12.204285,7.442108,67.70566,101793.87,1.2963655e-05,0.22530635
2001-12-17 12:00:00,11.960999,8.83194,22.847881,101161.67,0.0001334675,2.9965398
2001-12-18 12:00:00,12.013794,8.837891,41.941654,100787.555,5.3449545e-05,1.4547831
2001-12-19 12:00:00,9.394653,6.210083,80.84834,100637.055,2.397166e-07,3.675961
2001-12-20 12:00:00,9.2258,4.320404,123.77237,100475.63,3.6719646e-07,3.882905
2001-12-21 12:00:00,9.460358,4.8345947,128.21735,101072.19,0.0,7.2931795
2001-12-22 12:00:00,9.1215515,2.2626343,124.20144,101528.195,0.0,2.9377036
2001-12-23 12:00:00,7.1367188,3.044464,27.296103,101705.9,1.5064263e-05,2.5255213
2001-12-24 12:00:00,10.9253845,2.3624573,123.88093,101365.85,4.1392163e-06,3.1926775
2001-12-25 12:00:00,10.539307,1.4974976,115.499,101171.75,5.016313e-07,0.9737445
2001-12-26 12:00:00,10.4747925,2.9043884,121.880455,101130.84,1.15417205e-08,2.9437335
2001-12-27 12:00:00,10.247009,3.4284363,53.425938,100593.82,1.3356739e-05,2.1299071
2001-12-28 12:00:00,9.605316,5.8829956,42.148285,100633.4,7.7396384e-05,0.9264562
2001-12-29 12:00:00,8.32428,5.0330505,121.61276,100772.7,2.998303e-07,4.068859
2001-12-30 12:00:00,8.390503,0.34350586,129.73172,101347.76,9.914513e-07,4.6055527
2001-12-31 12:00:00,8.484619,3.9674072,116.47072,101625.195,0.0,3.1077843
2002-01-01 12:00:00,7.203705,0.52053833,125.82569,102007.16,1.2614483e-07,3.350987
2002-01-02 12:00:00,9.279907,2.2565002,128.85019,102041.89,0.0,2.2793014
2002-01-03 12:00:00,8.833954,1.2227173,100.14919,101260.125,1.9259962e-06,0.8851938
2002-01-04 12:00:00,8.880707,1.6072388,118.85116,100895.375,1.1710868e-06,2.8870363
2002-01-05 12:00:00,8.7066345,1.123352,129.65492,101457.47,0.0,0.9690216
2002-01-06 12:00:00,9.329926,1.6862488,109.68619,101788.805,0.0,1.1429865
2002-01-07 12:00:00,9.386566,5.3077087,36.07181,101281.05,0.00011988023,4.931656
2002-01-08 12:00:00,9.832581,6.4600525,78.65387,100180.16,0.00044737264,5.3012547
2002-01-09 12:00:00,9.195374,7.350769,57.351536,101362.51,9.854554e-06,2.235042
2002-01-10 12:00:00,9.141846,7.481903,48.663105,101525.4,9.751081e-05,2.8250265
2002-01-11 12:00:00,8.661224,2.895172,120.1278,101591.65,2.7943704e-06,2.5963607
2002-01-12 12:00:00,8.512329,5.51062,109.12663,101314.06,3.2620574e-05,1.6638156
2002-01-13 12:00:00,9.488586,3.7213135,133.1008,101814.92,0.0,4.927624
2002-01-14 12:00:00,9.710297,4.928253,138.03636,101693.43,6.3828656e-06,4.2237635
2002-01-15 12:00:00,9.602386,1.3041687,136.57642,101961.664,9.2016214e-11,0.6278302
2002-01-16 12:00:00,9.755615,6.2623596,126.158226,101533.24,0.00015598244,3.4927814
2002-01-17 12:00:00,9.097076,3.948944,139.0834,101704.34,0.0,5.018381
2002-01-18 12:00:00,9.433929,2.4856262,135.4719,101785.76,0.0,1.8521783
2002-01-19 12:00:00,10.924683,4.9618225,139.96805,101744.88,6.372708e-10,1.7079775
2002-01-20 12:00:00,10.836578,4.3952026,118.694374,101918.7,3.1952497e-06,0.8018883
2002-01-21 12:00:00,10.560272,3.9730225,108.113525,101774.484,3.16686e-06,1.1594571
2002-01-22 12:00:00,11.663544,2.8315125,148.97299,101787.41,1.4776106e-07,1.6238453
2002-01-23 12:00:00,11.332062,2.8249817,145.05179,101676.914,2.919533e-06,1.0175539
2002-01-24 12:00:00,11.931152,3.4208374,148.52892,101450.19,2.2605174e-07,1.4238497
2002-01-25 12:00:00,11.7083435,2.8736877,151.44716,101332.8,2.2578314e-08,1.2073569
2002-01-26 12:00:00,12.395935,3.129303,147.73749,101183.4,1.8119776e-07,0.84015816
2002-01-27 12:00:00,12.410614,2.9898376,157.34163,100924.11,0.0,1.4981031
2002-01-28 12:00:00,12.117615,2.9321594,144.17279,100785.53,2.9836606e-06,0.486711
2002-01-29 12:00:00,11.547852,1.5048828,158.14258,100806.8,1.1909439e-06,1.1728255
2002-01-30 12:00:00,11.873535,4.278015,159.95715,101029.46,0.0,1.9814129
2002-01-31 12:00:00,11.773132,2.9100037,133.48279,100926.82,2.863212e-06,1.0805432
2002-02-01 12:00:00,10.738312,2.9355469,121.36972,101253.555,8.498649e-07,2.288892
2002-02-02 12:00:00,9.75528,7.413452,92.02479,101348.24,3.152234e-05,3.530944
2002-02-03 12:00:00,11.335266,3.0221863,169.40765,101554.305,0.0,3.135408
2002-02-04 12:00:00,11.738464,2.4442444,158.83614,101833.3,0.0,0.6816284
2002-02-05 12:00:00,11.755157,3.844818,136.25641,101810.13,1.04337786e-07,0.7538319
2002-02-06 12:00:00,13.185638,4.643921,159.4579,101716.54,1.0902137e-07,1.1719388
2002-02-07 12:00:00,13.037445,7.4048157,131.53378,101536.96,4.3998193e-06,1.5232091
2002-02-08 12:00:00,12.618378,6.866913,136.80107,101457.21,5.51361e-06,1.8235726
2002-02-09 12:00:00,12.348206,6.622345,134.03531,101294.56,4.83606e-06,1.8475784
2002-02-10 12:00:00,11.9664,7.033722,91.02547,101038.57,3.9701532e-05,3.2743618
2002-02-11 12:00:00,11.432648,5.3211975,161.7209,101718.766,3.297631e-08,3.6150115
2002-02-12 12:00:00,12.843597,5.6750183,158.98027,101660.44,0.0,2.5012
2002-02-13 12:00:00,12.831024,7.518799,128.562,101515.12,5.4512566e-06,1.9224617
2002-02-14 12:00:00,12.227631,6.7211304,128.25217,101444.33,4.5094935e-06,1.5651218
2002-02-15 12:00:00,14.78244,6.487976,162.53348,101493.89,2.4826504e-06,0.61815643
2002-02-16 12:00:00,14.679626,6.350891,166.44803,101092.125,5.338714e-06,2.0450284
2002-02-17 12:00:00,13.69046,7.2601013,156.23007,101159.54,3.988794e-06,1.9552078
2002-02-18 12:00:00,16.917664,6.174988,190.74739,101202.71,0.0,0.6265879
2002-02-19 12:00:00,17.545868,9.370239,186.87903,101029.45,0.0,1.2168624
2002-02-20 12:00:00,17.306244,7.510437,161.77098,100781.01,1.9177664e-06,0.8615721
2002-02-21 12:00:00,16.200287,8.941406,98.48588,100265.54,2.4360058e-06,2.079664
2002-02-22 12:00:00,15.263214,9.1545105,164.01663,100248.66,9.534654e-06,1.4533585
2002-02-23 12:00:00,15.010315,7.901947,156.16138,100562.55,2.6382313e-06,2.445728
2002-02-24 12:00:00,12.918884,8.314697,179.19325,101050.53,1.2864378e-07,4.5082626
2002-02-25 12:00:00,14.036743,7.5873413,204.15697,101266.57,2.8079068e-09,4.0188026
2002-02-26 12:00:00,15.291901,5.6505127,213.45758,101291.18,0.0,1.6387796
2002-02-27 12:00:00,16.875824,6.1891785,215.71942,101390.24,0.0,0.6956336
2002-02-28 12:00:00,17.08728,6.310608,206.24995,101568.24,3.0220923e-07,1.2962797
2002-03-01 12:00:00,17.42218,6.586792,214.3163,101395.38,6.419592e-07,1.3684676
2002-03-02 12:00:00,17.178314,7.132263,194.3605,101026.586,8.862738e-07,1.8976073
2002-03-03 12:00:00,15.297089,5.892517,219.30806,100897.445,1.8008615e-07,2.0619607
2002-03-04 12:00:00,14.939758,6.4767456,81.60138,100778.58,1.2491682e-05,2.895013
2002-03-05 12:00:00,12.613892,7.4331055,210.27983,101307.86,1.1122111e-05,3.6916745
2002-03-06 12:00:00,12.969635,6.967743,146.37646,101700.41,0.0,2.3829095
2002-03-07 12:00:00,13.010071,9.490906,104.39376,101571.44,1.846994e-05,2.3470113
2002-03-08 12:00:00,12.595612,10.167145,126.41467,101256.73,3.7134847e-05,3.393893
2002-03-09 12:00:00,12.86554,5.3079834,243.95776,101947.3,0.0,5.3531356
2002-03-10 12:00:00,12.806824,4.4332886,98.79368,101697.51,3.2054737e-05,2.8259015
2002-03-11 12:00:00,13.256836,6.826599,234.09396,101021.19,7.231583e-05,4.1169186
2002-03-12 12:00:00,15.826141,6.353485,250.59532,100849.35,0.0,4.053484
2002-03-13 12:00:00,15.073914,6.277466,242.59534,101165.33,2.9440126e-09,3.0939865
2002-03-14 12:00:00,12.683289,8.835175,218.70581,101622.05,4.638987e-06,3.0099392
2002-03-15 12:00:00,12.608246,6.290619,100.85069,101245.22,8.05126e-06,2.6634068
2002-03-16 12:00:00,10.871277,8.431244,223.36829,100713.01,3.1148476e-05,3.6290958
2002-03-17 12:00:00,11.437256,4.667328,255.31378,100981.4,0.00016288612,2.7114022
2002-03-18 12:00:00,11.405884,5.558014,182.48837,101699.79,1.9603736e-07,3.2430038
2002-03-19 12:00:00,11.456787,8.228668,187.71107,101477.086,2.6867165e-05,2.5600128
2002-03-20 12:00:00,10.928101,7.736267,231.69354,101005.46,5.3478147e-06,7.100023
2002-03-21 12:00:00,14.53302,5.9401855,274.07538,100916.93,0.0,6.1974034
2002-03-22 12:00:00,16.012238,7.153839,273.31732,101157.21,0.0,3.1500003
2002-03-23 12:00:00,15.448303,5.4193115,266.8895,101230.98,6.199866e-08,2.755484
2002-03-24 12:00:00,11.990051,7.1402893,268.80698,100977.88,3.476146e-05,4.3425484
2002-03-25 12:00:00,12.269897,4.5190125,246.59554,100920.22,1.6994107e-06,2.6836104
2002-03-26 12:00:00,13.473022,6.565094,276.36008,100973.67,0.0,5.36494
2002-03-27 12:00:00,16.090057,7.850067,283.2687,101073.56,0.0,5.429864
2002-03-28 12:00:00,15.8012085,7.217804,273.38968,101315.484,1.8928901e-08,4.353598
2002-03-29 12:00:00,11.391846,7.471863,129.9446,101045.89,9.646326e-05,3.6518557
2002-03-30 12:00:00,10.854187,4.2492676,224.51239,101444.74,5.535409e-08,3.1034892
2002-03-31 12:00:00,11.037842,8.428345,129.56563,100752.17,0.00019214698,4.9718513
2002-04-01 12:00:00,12.213623,7.61792,215.3405,100625.43,1.8113264e-05,3.4760554
2002-04-02 12:00:00,13.046936,7.4005737,285.3645,101139.336,7.668018e-10,4.951556
2002-04-03 12:00:00,13.696716,5.6279297,296.1326,101236.98,0.0,3.1140597
2002-04-04 12:00:00,13.611542,5.9211426,291.3529,101232.05,2.788728e-09,3.2655923
2002-04-05 12:00:00,11.966705,6.949707,292.3187,101325.66,7.894044e-06,5.490977
2002-04-06 12:00:00,12.247986,7.2967834,197.84161,101141.38,3.1163545e-06,4.257355
2002-04-07 12:00:00,14.686401,6.6713257,271.40717,101050.69,9.9789396e-08,2.5791316
2002-04-08 12:00:00,14.144623,9.77536,264.83926,101114.04,7.540216e-07,4.6992173
2002-04-09 12:00:00,16.79892,6.086426,310.0745,100894.63,0.0,4.6242642
2002-04-10 12:00:00,21.072998,13.461487,314.1822,100631.17,0.0,4.6828403
2002-04-11 12:00:00,21.3284,8.205811,312.20792,100885.8,0.0,1.7295773
2002-04-12 12:00:00,21.042267,9.237396,312.4386,100999.41,0.0,2.201899
2002-04-13 12:00:00,18.797089,6.95874,301.90384,100953.64,1.7702425e-06,2.2647266
2002-04-14 12:00:00,16.254791,7.632782,287.16672,100921.37,3.9066376e-06,2.49762
2002-04-15 12:00:00,15.28067,10.61615,266.2344,101232.83,3.994366e-06,3.5211911
2002-04-16 12:00:00,16.159332,10.261871,314.47726,101058.77,0.0,4.04951
2002-04-17 12:00:00,15.727203,7.3668213,321.64328,100941.69,0.0,3.8125684
2002-04-18 12:00:00,15.286743,10.638184,283.92764,100982.29,8.7527565e-07,5.836036
2002-04-19 12:00:00,15.311554,9.907715,327.18317,100287.73,0.0,6.61734
2002-04-20 12:00:00,15.084686,9.799744,332.16672,100189.87,0.0,7.339429
2002-04-21 12:00:00,16.089996,7.8392334,334.58832,100693.47,0.0,5.1408696
2002-04-22 12:00:00,17.640137,6.569031,331.52856,101173.88,0.0,3.0099916
2002-04-23 12:00:00,17.010406,7.921753,325.60083,101386.77,0.0,4.5793915
2002-04-24 12:00:00,17.855621,8.285736,333.0465,101089.7,0.0,4.4036136
2002-04-25 12:00:00,20.687775,12.135254,344.94717,100619.06,0.0,5.3649607
2002-04-26 12:00:00,22.76065,11.139801,343.32397,100610.086,0.0,3.2019167
2002-04-27 12:00:00,23.333649,13.320343,341.97314,100666.86,0.0,3.4383898
2002-04-28 12:00:00,22.758179,9.255768,338.36407,100418.875,0.0,2.3508494
2002-04-29 12:00:00,19.0,9.878296,305.99225,100254.73,0.0,3.4289005
2002-04-30 12:00:00,18.481018,10.895386,324.33093,100245.586,0.0,5.0846252
2002-05-01 12:00:00,20.776764,10.948669,346.983,100471.586,0.0,4.6059127
2002-05-02 12:00:00,24.739746,13.99527,354.7386,100390.43,0.0,3.879662
2002-05-03 12:00:00,24.62619,9.439789,351.92563,100497.71,3.7083563e-08,1.3549557
2002-05-04 12:00:00,17.95642,8.668945,335.5271,100686.31,1.713834e-06,2.872264
2002-05-05 12:00:00,17.142853,8.953705,274.1431,100539.07,3.451655e-06,2.6022303
2002-05-06 12:00:00,16.061737,9.014252,304.71036,100542.61,7.282295e-06,2.959023
2002-05-07 12:00:00,17.354218,9.050049,301.10083,100629.586,5.6850723e-08,2.6369982
2002-05-08 12:00:00,16.80072,10.905975,198.10173,100853.76,9.618292e-08,3.0552115
2002-05-09 12:00:00,17.62082,9.847504,339.38797,100936.125,0.0,3.408252
2002-05-10 12:00:00,17.477783,10.430756,350.36917,100907.34,0.0,4.625336
2002-05-11 12:00:00,16.915009,12.254059,272.21112,100878.3,0.0,4.953232
2002-05-12 12:00:00,16.452515,13.355621,186.20349,100699.945,1.4279871e-05,3.5500474
2002-05-13 12:00:00,15.725128,11.988312,211.29622,100567.016,3.8779075e-05,3.1320958
2002-05-14 12:00:00,14.762573,11.836273,110.38093,100654.49,3.4281573e-05,4.3261595
2002-05-15 12:00:00,17.240143,12.035706,258.15958,100514.016,4.774598e-06,2.444512
2002-05-16 12:00:00,17.489899,10.621429,347.3288,100341.4,4.945203e-09,2.7916057
2002-05-17 12:00:00,17.009857,11.315521,335.45935,100214.555,0.0,4.046344
2002-05-18 12:00:00,16.048767,11.792816,289.77338,100206.91,6.7057626e-06,3.65458
2002-05-19 12:00:00,16.088562,11.918243,298.96606,100240.24,1.6762928e-06,4.1151104
2002-05-20 12:00:00,15.823853,12.234863,273.68314,100221.12,1.0783921e-05,4.6054506
2002-05-21 12:00:00,15.543518,11.297577,275.06995,100543.88,4.862476e-06,3.9819255
2002-05-22 12:00:00,17.476288,11.871124,347.70752,100600.86,2.7969918e-07,3.5437424
2002-05-23 12:00:00,17.77127,11.655853,348.31607,100638.5,2.9141452e-07,3.5117533
2002-05-24 12:00:00,18.117493,12.058716,322.81775,100679.27,3.5100543e-06,3.440636
2002-05-25 12:00:00,18.626007,10.9964905,337.13406,100783.51,5.432848e-07,3.2144375
2002-05-26 12:00:00,18.031128,12.240326,315.95697,100785.375,2.8632512e-06,4.120999
2002-05-27 12:00:00,17.286865,12.4496765,304.657,100715.086,5.301966e-06,4.1991134
2002-05-28 12:00:00,18.477722,11.586212,364.62332,100661.62,0.0,3.9180431
2002-05-29 12:00:00,20.549133,11.350647,364.60355,100799.234,0.0,3.5530393
2002-05-30 12:00:00,20.236267,12.244995,368.53708,100940.086,0.0,4.648977
2002-05-31 12:00:00,23.331116,12.545441,369.3485,100958.21,0.0,3.5740423
2002-06-01 12:00:00,23.053314,13.024384,369.5307,100797.75,0.0,3.7733483
2002-06-02 12:00:00,18.864655,13.718323,353.06964,100790.305,9.3121784e-08,5.5013704
2002-06-03 12:00:00,18.740967,13.769592,271.75302,101127.64,6.364889e-06,4.2454047
2002-06-04 12:00:00,21.927582,12.157196,378.94745,101066.984,0.0,3.8335764
2002-06-05 12:00:00,21.869171,12.308319,373.18472,100807.07,0.0,2.876765
2002-06-06 12:00:00,21.269379,11.5711975,374.0293,100860.68,0.0,3.2425675
2002-06-07 12:00:00,22.99353,12.332642,374.6012,100690.195,0.0,2.6039512
2002-06-08 12:00:00,23.014618,12.962921,369.3605,100269.79,2.2332323e-08,3.0012374
2002-06-09 12:00:00,20.75055,13.519592,357.6037,100092.0,7.592116e-07,3.6318433
2002-06-10 12:00:00,20.300476,13.813812,356.54636,100274.63,4.2474028e-08,3.9962175
2002-06-11 12:00:00,19.960327,12.826294,347.61255,100600.76,6.148336e-07,3.483318
2002-06-12 12:00:00,20.28238,13.254303,340.67703,100796.78,4.243964e-06,2.9594884
2002-06-13 12:00:00,20.303864,13.268066,335.1098,100807.51,2.2946826e-06,3.032856
2002-06-14 12:00:00,20.432556,13.060944,367.8125,100802.16,1.302271e-06,3.4006162
2002-06-15 12:00:00,19.940765,13.494507,347.8387,100756.64,5.3791327e-06,4.4795628
2002-06-16 12:00:00,20.462708,15.050995,370.05298,100592.86,0.0,7.0460186
2002-06-17 12:00:00,24.124603,14.174683,381.9812,100410.086,0.0,5.0494943
2002-06-18 12:00:00,28.261475,16.21045,385.71255,100221.43,0.0,4.1607437
2002-06-19 12:00:00,28.6156,14.518646,382.18677,100130.875,0.0,1.7972052
2002-06-20 12:00:00,26.943207,14.031952,357.52087,100464.086,1.7525044e-06,3.01985
2002-06-21 12:00:00,21.018524,14.113251,260.7583,100692.21,7.3017704e-06,3.1818795
2002-06-22 12:00:00,22.045197,14.324921,359.66113,100651.59,0.0,4.770429
2002-06-23 12:00:00,24.485382,13.485626,376.46182,100578.414,0.0,3.4665995
2002-06-24 12:00:00,23.54065,13.8524475,374.10446,100536.25,0.0,3.5427191
2002-06-25 12:00:00,22.176422,15.492462,373.2735,100684.34,5.532712e-09,6.180661
2002-06-26 12:00:00,21.486755,15.189972,368.5205,100593.63,0.0,5.128591
2002-06-27 12:00:00,20.21582,15.0182495,324.78592,100706.695,5.632814e-07,4.717573
2002-06-28 12:00:00,21.206787,14.7547,340.6389,100752.8,1.3387943e-06,3.4374638
2002-06-29 12:00:00,22.04248,14.941864,335.63345,100687.64,2.5814222e-06,3.4536145
2002-06-30 12:00:00,21.072784,16.236572,338.464,100763.28,2.7452568e-06,4.7937827
2002-07-01 12:00:00,20.563538,16.343658,304.23828,100683.29,3.2474932e-06,4.5747685
2002-07-02 12:00:00,21.024414,16.305573,315.05072,100496.61,4.0452856e-06,4.8659353
2002-07-03 12:00:00,20.646942,16.222015,276.3396,100589.96,0.0,4.5707493
2002-07-04 12:00:00,21.314697,16.861206,313.03696,100610.46,1.7127363e-06,4.382129
2002-07-05 12:00:00,21.302124,16.548096,323.65903,100642.6,1.5309737e-06,3.8142085
2002-07-06 12:00:00,20.95514,16.310364,324.4981,100567.66,2.4807512e-06,4.2185984
2002-07-07 12:00:00,20.818481,15.931122,358.7159,100602.97,4.7124892e-08,4.6278806
2002-07-08 12:00:00,21.011017,15.552185,337.71875,100880.43,9.84898e-07,4.229343
2002-07-09 12:00:00,23.106354,15.376556,365.8601,101176.82,0.0,4.077582
2002-07-10 12:00:00,26.028656,16.019684,364.59512,101043.68,0.0,2.9864123
2002-07-11 12:00:00,25.585175,16.07431,363.31674,100718.67,0.0,3.1612763
2002-07-12 12:00:00,24.35382,17.020111,360.04932,100395.18,7.8726484e-11,3.637932
2002-07-13 12:00:00,23.345673,16.94104,366.75766,100524.016,0.0,5.7700253
2002-07-14 12:00:00,21.179993,15.945679,358.4276,100854.6,3.491276e-07,6.6111293
2002-07-15 12:00:00,20.697083,15.986481,326.8145,100744.68,7.9649664e-07,5.7140265
2002-07-16 12:00:00,22.685913,14.358765,359.88156,100835.21,0.0,3.817647
2002-07-17 12:00:00,23.825073,15.212067,346.0045,101157.836,0.0,3.498067
2002-07-18 12:00:00,24.15509,14.774994,357.38565,101205.76,0.0,3.6125689
2002-07-19 12:00:00,23.55661,16.184662,360.91873,101066.48,0.0,4.793268
2002-07-20 12:00:00,22.2417,16.466858,351.52557,100823.45,0.0,5.386638
2002-07-21 12:00:00,22.389832,16.236237,325.12836,100756.42,7.573844e-07,4.323363
2002-07-22 12:00:00,22.737762,16.58902,345.2211,100753.52,0.0,4.952224
2002-07-23 12:00:00,23.38559,16.618256,350.26306,100788.27,0.0,5.1199613
2002-07-24 12:00:00,23.213745,15.101807,354.94983,100540.44,0.0,3.3968914
2002-07-25 12:00:00,23.54184,14.766968,358.48724,100535.01,0.0,3.2076142
2002-07-26 12:00:00,23.19693,14.855957,353.66245,100773.03,3.2682934e-09,3.2635698
2002-07-27 12:00:00,23.154419,15.743011,328.83063,100800.72,1.283529e-06,3.0880563
2002-07-28 12:00:00,23.095947,16.368378,326.7103,100625.16,1.7801236e-06,3.4325032
2002-07-29 12:00:00,23.987976,15.920013,349.50775,100380.2,0.0,3.4070163
2002-07-30 12:00:00,23.736298,16.135925,331.79755,100357.78,5.260989e-07,3.530287
2002-07-31 12:00:00,23.733551,16.23639,343.85544,100408.44,1.6566837e-07,3.4832928
2002-08-01 12:00:00,25.475677,16.524567,348.69827,100410.11,1.4008694e-08,3.1159284
2002-08-02 12:00:00,24.383667,16.767242,318.41238,100433.48,1.47891e-06,3.38073
2002-08-03 12:00:00,23.319244,17.610443,263.6459,100553.805,1.4534318e-08,4.7801995
2002-08-04 12:00:00,23.8302,17.131866,279.68777,100583.66,4.006267e-07,3.9973865
2002-08-05 12:00:00,23.614563,16.359192,293.03125,100604.945,1.904808e-06,3.34727
2002-08-06 12:00:00,22.216675,17.078735,291.25113,100770.61,4.9316136e-06,3.8828561
2002-08-07 12:00:00,21.81369,16.472626,286.07697,100874.33,4.9292503e-06,3.5934186
2002-08-08 12:00:00,21.225067,16.747498,279.74042,100902.91,7.022865e-06,3.7295332
2002-08-09 12:00:00,22.940643,15.926178,333.08658,100951.984,7.0715436e-07,4.2605166
2002-08-10 12:00:00,23.298004,16.842102,339.99142,100995.2,0.0,5.8458557
2002-08-11 12:00:00,23.434387,16.719086,338.34897,100948.836,0.0,5.975586
2002-08-12 12:00:00,24.61444,16.290344,333.0672,100697.586,0.0,4.171594
2002-08-13 12:00:00,24.159576,16.278473,283.93137,100579.14,0.0,4.393458
2002-08-14 12:00:00,23.104675,17.695312,301.5082,100816.5,0.0,5.4572797
2002-08-15 12:00:00,23.4758,15.960571,335.7964,100880.12,0.0,4.45031
2002-08-16 12:00:00,23.224823,14.677429,326.77454,100581.336,8.320965e-08,3.1272929
2002-08-17 12:00:00,22.552338,15.6449585,316.001,100533.26,1.2389714e-07,4.144351
2002-08-18 12:00:00,22.036438,16.64914,247.77274,100660.32,3.914861e-06,4.3891115
2002-08-19 12:00:00,21.577911,15.020233,283.0025,100754.64,2.490949e-07,3.4030647
2002-08-20 12:00:00,23.437775,15.0971985,314.51782,100552.19,1.2145183e-07,2.9324594
2002-08-21 12:00:00,22.507782,16.646912,273.0549,100700.58,1.6958775e-06,3.7704906
2002-08-22 12:00:00,22.813904,16.387146,281.47305,100807.2,2.1235796e-06,3.1155753
2002-08-23 12:00:00,22.318207,16.232391,286.50024,100621.914,3.1168734e-06,3.4712458
2002-08-24 12:00:00,21.43399,16.860199,243.28798,100574.34,6.1401543e-06,4.054318
2002-08-25 12:00:00,21.237305,17.022705,246.4435,100754.74,3.0932626e-06,3.9947152
2002-08-26 12:00:00,21.40216,16.788147,255.9583,100953.12,5.8088617e-06,3.3280008
2002-08-27 12:00:00,24.248993,16.584229,302.86282,100620.06,0.0,3.5103958
2002-08-28 12:00:00,23.770996,17.067688,305.33972,100338.62,0.0,4.317873
2002-08-29 12:00:00,22.523773,17.645142,274.72333,100363.445,2.0717609e-07,4.750402
2002-08-30 12:00:00,23.02237,16.832886,301.48447,100520.414,0.0,4.7674603
2002-08-31 12:00:00,22.902771,17.148407,297.25873,100604.65,0.0,4.9756784
2002-09-01 12:00:00,22.183807,16.51352,296.81088,100585.3,0.0,4.8809857
2002-09-02 12:00:00,21.417175,16.91388,245.23793,100801.55,4.720846e-06,4.0107455
2002-09-03 12:00:00,25.111877,14.967712,298.12424,100987.86,0.0,3.0943139
2002-09-04 12:00:00,26.096924,15.367035,296.4128,100756.055,0.0,2.4530802
2002-09-05 12:00:00,25.685303,15.423859,294.39636,100418.01,1.1715777e-09,2.4747078
2002-09-06 12:00:00,24.741455,15.84256,285.62653,100409.42,4.2051553e-08,2.8464768
2002-09-07 12:00:00,23.208801,16.298035,254.28212,100581.31,3.2304586e-06,2.8645043
2002-09-08 12:00:00,23.853851,14.362854,251.10332,100422.54,4.6418924e-07,2.3649268
2002-09-09 12:00:00,23.224396,15.880829,254.85913,100298.195,1.5278775e-06,3.3922162
2002-09-10 12:00:00,23.680267,16.25055,269.33246,100316.32,5.6918463e-08,3.0234177
2002-09-11 12:00:00,23.33728,16.174286,263.0592,100491.58,0.0,3.4058187
2002-09-12 12:00:00,22.381348,16.324677,251.05063,100799.84,4.6789958e-07,3.0415053
2002-09-13 12:00:00,23.979218,16.028992,268.6354,100443.555,6.1541726e-07,2.9071262
2002-09-14 12:00:00,23.733826,16.303131,226.65086,100225.805,3.90568e-07,4.134848
2002-09-15 12:00:00,22.808716,16.940155,207.8246,100498.27,0.0,3.7600515
2002-09-16 12:00:00,22.731628,14.710449,257.80624,100703.99,0.0,3.8443778
2002-09-17 12:00:00,24.1904,13.885437,264.2801,100865.055,0.0,2.1477342
2002-09-18 12:00:00,26.022797,14.14267,264.5956,100815.49,7.0294663e-09,2.0007021
2002-09-19 12:00:00,27.899323,14.81604,261.5252,100747.875,3.046102e-08,1.8622361
2002-09-20 12:00:00,27.40268,15.608826,255.07053,100662.164,1.1497475e-07,2.1322508
2002-09-21 12:00:00,24.458618,15.395294,249.15067,100602.086,4.1358743e-07,2.6666028
2002-09-22 12:00:00,23.287811,15.175446,240.24228,100767.37,8.40856e-07,2.7017539
2002-09-23 12:00:00,23.019196,15.733765,226.85947,100810.53,1.1126868e-06,2.6520207
2002-09-24 12:00:00,22.523987,16.0896,211.82524,100600.4,1.1657027e-06,3.1867564
2002-09-25 12:00:00,20.99173,16.171051,243.31046,100348.46,0.0,3.9656878
2002-09-26 12:00:00,20.57608,13.956207,235.2552,100488.234,0.0,3.8092136
2002-09-27 12:00:00,22.96759,12.759186,237.75067,100583.62,0.0,2.5391827
2002-09-28 12:00:00,24.259125,14.599823,239.28697,100493.734,0.0,2.7852821
2002-09-29 12:00:00,27.203339,13.778046,241.45378,100432.25,0.0,1.1086652
2002-09-30 12:00:00,27.305725,14.763397,238.70049,100465.26,0.0,1.9236093
2002-10-01 12:00:00,25.839813,14.295898,165.25417,100634.164,1.3736397e-06,3.0130222
2002-10-02 12:00:00,20.21164,14.739868,120.76519,101110.73,4.356107e-07,2.4891331
2002-10-03 12:00:00,22.542145,11.449188,234.388,100872.87,0.0,2.063181
2002-10-04 12:00:00,22.083466,11.690735,232.7334,100730.89,0.0,2.4644186
2002-10-05 12:00:00,21.543823,15.944366,211.59006,100821.64,5.8669062e-08,3.9470682
2002-10-06 12:00:00,21.4534,13.014252,219.90454,101016.08,0.0,4.1980553
2002-10-07 12:00:00,22.539795,11.647217,220.32242,101115.08,0.0,2.2671523
2002-10-08 12:00:00,24.905151,12.566254,220.82227,101001.16,0.0,1.5168364
2002-10-09 12:00:00,24.101105,13.262207,199.86165,100869.4,2.7378262e-06,2.1012652
2002-10-10 12:00:00,21.926056,12.203491,218.57375,100774.38,0.0,2.4151127
2002-10-11 12:00:00,22.594421,11.443726,218.09166,100690.74,1.523051e-08,1.9738371
2002-10-12 12:00:00,21.940735,12.226501,188.14821,100657.336,1.6633114e-06,2.5880222
2002-10-13 12:00:00,20.670563,13.386017,201.50053,100851.53,6.517083e-07,3.6721485
2002-10-14 12:00:00,21.530243,13.953461,191.68288,100833.72,1.1261972e-06,2.2803981
2002-10-15 12:00:00,26.378052,12.483704,208.91125,100836.984,0.0,0.80367494
2002-10-16 12:00:00,28.345673,15.1501465,206.00238,100951.625,0.0,0.6553992
2002-10-17 12:00:00,27.719177,14.086029,168.29523,100748.12,0.0,0.96391785
2002-10-18 12:00:00,28.149658,13.914154,199.58882,100549.28,0.0,2.2840939
2002-10-19 12:00:00,26.888428,12.72702,200.7328,100780.82,2.7555012e-07,2.6463554
2002-10-20 12:00:00,22.153656,12.779175,190.65996,100970.18,7.937643e-08,2.2755415
2002-10-21 12:00:00,23.058044,13.068695,191.78697,100961.164,0.0,2.1019452
2002-10-22 12:00:00,22.469421,11.826508,192.87883,100699.77,0.0,2.250631
2002-10-23 12:00:00,22.236176,9.959656,191.24556,100665.59,0.0,1.2044401
2002-10-24 12:00:00,21.995209,10.500153,172.00812,100735.164,2.5442537e-07,0.9432305
2002-10-25 12:00:00,18.09378,10.367096,157.97606,100980.35,1.1259057e-08,2.002889
2002-10-26 12:00:00,19.61319,9.388275,184.36357,100884.07,5.236974e-09,2.005542
2002-10-27 12:00:00,19.0784,11.168579,151.8221,100815.4,1.9486326e-06,2.126007
2002-10-28 12:00:00,21.926422,10.445984,168.164,100769.48,1.9988493e-06,0.8018047
2002-10-29 12:00:00,21.594452,10.822418,120.715225,100675.336,4.109024e-06,2.4716322
2002-10-30 12:00:00,16.670715,12.92041,131.16972,100754.19,6.5254158e-06,2.990281
2002-10-31 12:00:00,16.44873,13.3454895,132.49513,100879.734,1.7623695e-05,3.4234865
2002-11-01 12:00:00,16.675415,10.43634,170.69498,100924.625,0.0,3.7677257
2002-11-02 12:00:00,17.142273,7.843384,175.61334,101038.8,0.0,3.2114127
2002-11-03 12:00:00,16.754517,6.5285034,175.35915,101217.3,0.0,4.0229254
2002-11-04 12:00:00,17.523743,8.422272,174.34044,101388.95,0.0,4.709159
2002-11-05 12:00:00,17.244202,6.421997,173.41202,101432.664,0.0,1.8199159
2002-11-06 12:00:00,17.871521,5.6657715,148.3711,101101.61,0.0,1.5277853
2002-11-07 12:00:00,17.080078,11.243042,44.18645,100686.99,2.9903227e-05,1.3156928
2002-11-08 12:00:00,15.374176,11.221008,47.59156,100457.664,0.00010883016,2.7856739
2002-11-09 12:00:00,15.142517,12.299072,65.90532,100272.29,0.00014830386,4.3288245
2002-11-10 12:00:00,14.460785,12.328278,82.56416,100139.49,0.00029213887,4.994234
2002-11-11 12:00:00,15.555115,11.670715,152.28761,100560.516,3.1171836e-05,0.6493293
2002-11-12 12:00:00,14.999268,10.750885,77.56962,101059.336,4.2271595e-06,1.8946382
2002-11-13 12:00:00,13.13916,10.027069,46.649925,101085.23,3.6064687e-06,1.458274
2002-11-14 12:00:00,12.710541,11.23642,33.910767,100414.49,9.74506e-05,3.3143818
2002-11-15 12:00:00,13.279022,9.217285,86.83443,100146.79,8.22676e-05,1.9933828
2002-11-16 12:00:00,12.794708,10.593933,39.464085,100322.27,0.00031684313,2.0468595
2002-11-17 12:00:00,12.123871,8.574493,67.12458,100701.62,2.0830855e-06,1.2740927
2002-11-18 12:00:00,12.124329,9.93396,64.87469,100034.24,0.00019462702,3.0212739
2002-11-19 12:00:00,13.01297,9.463348,141.36984,100655.836,9.1298496e-08,5.0811977
2002-11-20 12:00:00,12.377411,9.182587,28.766647,100846.12,0.00026098522,4.699122
2002-11-21 12:00:00,12.345642,9.542297,48.27189,100484.04,0.00013681586,3.3394535
2002-11-22 12:00:00,12.679504,11.16687,58.438347,99436.48,0.00032934043,5.2367864
2002-11-23 12:00:00,13.222168,10.854187,31.614233,100594.836,4.813721e-05,3.3548307
2002-11-24 12:00:00,15.360016,10.135773,131.31952,101427.82,2.6775224e-06,2.7109616
2002-11-25 12:00:00,14.832275,9.789917,36.315453,101018.65,4.615225e-06,2.2188964
2002-11-26 12:00:00,12.887939,9.461456,48.411137,100652.336,0.00010555923,2.6343417
2002-11-27 12:00:00,14.012695,11.245605,98.61464,100561.59,0.00012427542,2.7090635
2002-11-28 12:00:00,14.385681,10.243835,92.089264,101276.11,4.443898e-07,1.4700061
2002-11-29 12:00:00,14.680817,9.827637,108.84445,101438.29,2.1977643e-10,2.7393403
2002-11-30 12:00:00,14.473846,11.436737,37.728523,101008.44,9.2834016e-05,1.2301203
2002-12-01 12:00:00,12.496368,9.163361,83.575806,100945.164,2.2307735e-07,1.7280269
2002-12-02 12:00:00,12.883636,9.426697,48.836807,100270.65,0.00016700232,2.1455414
2002-12-03 12:00:00,12.249908,9.026428,110.31344,100723.586,2.0621539e-05,7.007366
2002-12-04 12:00:00,12.151489,6.987976,129.5718,101362.2,0.0,4.115817
2002-12-05 12:00:00,12.927643,6.5281982,117.68593,101376.11,0.0,4.19595
2002-12-06 12:00:00,12.35437,8.090393,45.27623,100927.195,7.6613476e-05,1.0442102
2002-12-07 12:00:00,10.294373,4.185425,117.837265,101166.27,6.288637e-07,1.5191787
2002-12-08 12:00:00,10.450165,4.53183,90.76707,101746.99,3.9692253e-07,1.9167954
2002-12-09 12:00:00,8.05307,1.8909302,110.89017,101987.88,8.999934e-07,2.743481
2002-12-10 12:00:00,7.079712,1.793396,124.89005,101754.26,2.2821814e-07,2.8835475
2002-12-11 12:00:00,7.90683,1.7303772,124.96893,101703.805,2.966528e-07,2.9149492
2002-12-12 12:00:00,8.225983,1.3788452,124.85109,101596.04,2.9149106e-07,2.416618
2002-12-13 12:00:00,8.116364,1.515564,88.2195,101348.86,1.1686902e-06,2.475724
2002-12-14 12:00:00,12.160278,7.0761414,121.528885,101357.57,6.6972257e-06,3.7138147
2002-12-15 12:00:00,12.904541,5.98407,119.84496,101477.31,0.0,2.3734548
2002-12-16 12:00:00,12.387299,5.518463,101.04692,101649.664,3.0672073e-11,1.0440854
2002-12-17 12:00:00,12.94455,8.776337,35.55281,101585.46,5.994698e-05,2.447768
2002-12-18 12:00:00,12.426086,6.170929,119.2151,101596.96,1.3815449e-07,2.9034512
2002-12-19 12:00:00,11.429047,6.502075,54.00827,100979.4,4.850259e-06,1.1900606
2002-12-20 12:00:00,9.953308,7.0048523,53.673267,101003.45,5.6278124e-05,2.3441486
2002-12-21 12:00:00,10.834442,6.002716,110.367455,101117.28,4.2371234e-06,1.2278118
2002-12-22 12:00:00,10.585205,7.1372986,121.05025,101056.91,3.8582803e-05,2.3252711
2002-12-23 12:00:00,10.489532,7.4786377,104.783516,100861.54,9.49404e-05,1.9926323
2002-12-24 12:00:00,11.084686,5.3884583,118.91786,101359.81,0.0,4.3888493
2002-12-25 12:00:00,10.741425,6.4415283,47.942772,101423.695,4.929543e-05,1.6522903
2002-12-26 12:00:00,9.03363,4.82428,103.387985,101581.93,4.7174476e-06,2.824694
2002-12-27 12:00:00,10.80658,5.0871887,40.33181,100043.92,0.00016539279,3.222118
2002-12-28 12:00:00,10.464294,6.950012,106.0861,99780.836,7.718245e-05,0.54564583
2002-12-29 12:00:00,10.332062,5.6956177,102.5752,100537.11,1.2731846e-06,3.1628425
2002-12-30 12:00:00,10.301178,6.499542,124.84807,100855.86,0.0,6.2989607
2002-12-31 12:00:00,10.383148,7.0206604,125.15075,100800.49,0.0,5.9509444
2003-01-01 12:00:00,10.916748,5.953766,130.16737,100970.92,0.0,6.204767
2003-01-02 12:00:00,12.12146,6.5930176,129.33344,101381.625,0.0,4.5951552
2003-01-03 12:00:00,11.315308,1.2192078,123.94019,101694.83,4.0666657e-07,1.6893051
2003-01-04 12:00:00,9.1206665,1.9205933,120.56466,101640.26,6.9795567e-07,1.5201801
2003-01-05 12:00:00,9.917023,4.511841,97.82323,101566.61,3.271961e-06,1.0147234
2003-01-06 12:00:00,11.556702,4.144226,117.70284,101570.53,1.1442189e-07,1.8738463
2003-01-07 12:00:00,11.2161255,5.0480957,103.92419,101111.58,1.9014182e-07,1.7671365
2003-01-08 12:00:00,12.495331,9.773834,118.45084,100662.13,0.00010025568,5.748769
2003-01-09 12:00:00,10.971649,7.0123596,129.55295,101370.74,5.6654144e-06,4.2039685
2003-01-10 12:00:00,10.788055,4.8312073,77.980835,101699.18,0.0,1.4985691
2003-01-11 12:00:00,11.644409,4.299103,71.62843,101739.34,5.5096925e-06,2.0063899
2003-01-12 12:00:00,11.120819,6.7281494,89.05915,101796.8,5.932011e-05,2.1036007
2003-01-13 12:00:00,10.887451,6.576874,90.02938,101496.984,4.174263e-08,3.1557767
2003-01-14 12:00:00,11.76828,6.0190735,52.52599,101359.74,1.5297222e-05,1.6386334
2003-01-15 12:00:00,11.66748,8.159607,56.200363,101217.28,9.16955e-05,2.1950762
2003-01-16 12:00:00,11.209656,6.4598694,137.26508,100997.555,5.597463e-08,5.4955034
2003-01-17 12:00:00,11.137054,6.858795,93.926636,101229.59,1.3501804e-06,5.051546
2003-01-18 12:00:00,10.5546875,8.163483,38.23986,101624.59,2.1415539e-05,2.4280665
2003-01-19 12:00:00,9.249084,6.058136,97.14073,101811.49,8.248278e-06,1.7188522
2003-01-20 12:00:00,10.550873,7.733795,58.676853,101730.65,1.0134416e-05,1.0870532
2003-01-21 12:00:00,11.211334,7.849182,73.172714,101657.11,5.1805837e-06,1.4619663
2003-01-22 12:00:00,10.862976,4.6665955,128.60918,101447.3,1.1288657e-06,1.2552454
2003-01-23 12:00:00,12.4565735,4.95874,142.82672,101246.445,5.644248e-08,0.8496497
2003-01-24 12:00:00,12.405426,1.6984253,127.9111,101497.57,1.3100954e-06,2.626765
2003-01-25 12:00:00,9.335785,5.3815002,52.5516,101619.74,2.4069907e-08,2.5754063
2003-01-26 12:00:00,12.594269,4.655548,152.05185,101292.74,4.1891076e-07,3.209019
2003-01-27 12:00:00,12.5312805,6.734253,158.52292,101269.06,0.0,4.886475
2003-01-28 12:00:00,11.988068,3.0231628,119.39627,101337.195,5.999159e-07,1.7593697
2003-01-29 12:00:00,10.994904,2.357544,156.46307,101453.46,1.0001247e-07,1.9635097
2003-01-30 12:00:00,11.472473,2.7545166,165.05165,101482.734,0.0,1.3412757
2003-01-31 12:00:00,11.17276,2.6652527,160.49742,101370.945,8.144642e-07,0.51645136
2003-02-01 12:00:00,11.6197815,2.7660522,166.54848,101529.8,0.0,2.011277
2003-02-02 12:00:00,12.003693,3.396515,162.9562,101556.69,2.572511e-08,1.6921146
2003-02-03 12:00:00,11.814178,5.0664673,112.21257,101418.46,3.9132347e-06,1.2051994
2003-02-04 12:00:00,12.030212,2.327118,165.74547,101248.06,1.855857e-07,1.1353092
2003-02-05 12:00:00,11.997314,3.2286377,150.11494,101162.71,1.1709827e-06,0.8607925
2003-02-06 12:00:00,11.891571,4.9768066,88.60073,100965.29,0.0,0.43465093
2003-02-07 12:00:00,13.625519,5.7679443,159.14993,100702.04,1.2671494e-07,0.53398544
2003-02-08 12:00:00,13.569519,4.77063,37.543232,99770.74,0.00013135179,3.6864672
2003-02-09 12:00:00,11.889008,9.264374,92.264206,99706.27,0.00035422712,3.128681
2003-02-10 12:00:00,12.356934,6.589264,139.95453,100769.78,1.4239483e-06,1.3044965
2003-02-11 12:00:00,13.426331,6.4246826,151.22574,101220.42,9.763299e-07,0.8359526
2003-02-12 12:00:00,14.074768,6.7904663,151.77469,101165.99,0.0,0.97694004
2003-02-13 12:00:00,13.786865,7.874054,99.98273,101066.14,2.5454772e-06,1.3513603
2003-02-14 12:00:00,13.45108,7.9547424,127.54424,101173.95,0.0,0.6613968
2003-02-15 12:00:00,14.426147,9.334076,96.86504,100823.6,0.0,1.1211679
2003-02-16 12:00:00,14.362183,7.6975403,129.57324,100741.52,8.112371e-06,2.3394392
2003-02-17 12:00:00,13.193756,10.023071,90.35189,101102.12,2.382908e-05,1.2690641
2003-02-18 12:00:00,15.029083,10.731293,114.72419,101246.016,5.718753e-06,1.4966565
2003-02-19 12:00:00,15.200684,11.215363,66.76048,101156.734,4.944249e-05,1.7263271
2003-02-20 12:00:00,12.984192,11.473785,68.97918,101233.72,0.00026459107,2.1147866
2003-02-21 12:00:00,12.72168,9.383667,189.36452,101215.66,6.5995835e-08,3.0488694
2003-02-22 12:00:00,11.9600525,8.192139,200.60796,101066.84,9.952468e-07,5.5876427
2003-02-23 12:00:00,11.958008,7.6157837,201.9913,100885.44,1.686507e-08,4.796211
2003-02-24 12:00:00,12.359222,5.5432434,211.78685,100715.62,0.0,3.1871958
2003-02-25 12:00:00,12.271118,4.763153,160.92169,100801.414,2.2016915e-08,0.8641857
2003-02-26 12:00:00,12.83667,7.223297,199.28853,100905.49,4.883919e-06,1.3383762
2003-02-27 12:00:00,14.885864,5.7260437,220.60457,101138.31,5.4349776e-08,2.8205998
2003-02-28 12:00:00,14.6519165,5.5528564,195.97627,101236.43,8.272094e-08,2.375436
2003-03-01 12:00:00,13.218201,5.929779,175.53687,101141.84,4.4012125e-08,1.5729609
2003-03-02 12:00:00,13.522064,7.3378296,162.71104,101123.91,3.5216894e-07,1.6311058
2003-03-03 12:00:00,14.659241,6.0428467,210.13321,100970.78,4.2723923e-07,1.6189631
2003-03-04 12:00:00,16.296112,5.953827,223.80818,100870.72,0.0,0.66296875
2003-03-05 12:00:00,16.003265,7.9993896,164.56558,100744.97,1.4541369e-06,2.0378907
2003-03-06 12:00:00,14.645477,7.523224,198.94714,100691.96,5.6918172e-09,2.4092946
2003-03-07 12:00:00,15.327881,6.9413757,210.5078,100999.19,9.120642e-07,1.7718279
2003-03-08 12:00:00,17.42395,7.3141785,229.16852,101169.055,6.048302e-07,0.9440838
2003-03-09 12:00:00,17.357605,6.515045,225.17278,101266.21,2.6837574e-06,1.3400025
2003-03-10 12:00:00,16.12613,7.6542053,199.6012,101119.05,5.151484e-06,2.01097
2003-03-11 12:00:00,13.185608,8.513123,176.54605,101032.6,7.1784843e-06,2.7439044
2003-03-12 12:00:00,13.368713,9.140961,184.66174,101018.195,4.5967095e-06,3.0766516
2003-03-13 12:00:00,13.032532,8.742065,128.67998,101200.47,7.2882476e-06,3.1641042
2003-03-14 12:00:00,12.2308655,9.3654175,46.225216,100505.68,0.00017320627,1.7414268
2003-03-15 12:00:00,12.287415,8.736237,105.386856,100532.6,1.2880615e-05,3.0650074
2003-03-16 12:00:00,12.322998,8.802399,144.01057,101014.2,5.102426e-06,2.0315928
2003-03-17 12:00:00,12.474426,9.654419,161.0998,101252.53,7.745313e-06,2.0194197
2003-03-18 12:00:00,12.3284,8.353058,139.14496,101097.516,4.2230454e-06,2.265894
2003-03-19 12:00:00,12.659302,9.445465,193.955,100848.27,3.839442e-06,2.9035416
2003-03-20 12:00:00,12.350098,7.6138306,194.39511,100772.47,1.0940152e-05,5.155182
2003-03-21 12:00:00,12.272308,4.744934,270.2989,100916.67,1.1228222e-09,4.3156133
2003-03-22 12:00:00,12.183289,6.750885,250.67621,100746.17,1.3102442e-07,4.6766224
2003-03-23 12:00:00,12.246429,7.489105,262.64697,100859.914,7.0724104e-07,4.3114667
2003-03-24 12:00:00,12.420349,5.196045,251.58707,100918.13,0.0,2.4100215
2003-03-25 12:00:00,13.415192,5.8700256,271.3794,100603.9,0.0,3.1297178
2003-03-26 12:00:00,14.30481,6.7622986,275.44797,100513.88,0.0,3.9463582
2003-03-27 12:00:00,13.697876,7.99527,280.0845,100706.23,0.0,5.7040772
2003-03-28 12:00:00,13.284637,7.4941406,280.66617,100762.5,0.0,6.3830314
2003-03-29 12:00:00,14.796051,8.165344,285.8401,100854.12,1.06801e-09,5.4123416
2003-03-30 12:00:00,14.813477,8.455353,264.04764,101100.69,0.0,5.265201
2003-03-31 12:00:00,14.8489685,9.376099,248.986,101447.375,1.553429e-07,3.9196393
2003-04-01 12:00:00,14.622253,9.326721,235.89717,101650.66,2.7803696e-06,2.670614
2003-04-02 12:00:00,15.138306,9.153778,207.83307,101568.97,4.6218443e-06,1.7117693
2003-04-03 12:00:00,15.472412,8.696808,199.82932,101127.39,4.37512e-06,2.549044
2003-04-04 12:00:00,16.318237,7.6148376,245.33522,100839.52,0.0,2.098174
2003-04-05 12:00:00,16.097809,7.6538086,294.45184,100631.99,0.0,3.1751254
2003-04-06 12:00:00,13.82724,8.745331,282.53464,101007.66,1.835441e-06,4.505264
2003-04-07 12:00:00,12.894348,9.964783,220.7734,101015.18,6.177317e-05,3.8062632
2003-04-08 12:00:00,12.988831,8.603363,258.06046,100974.71,1.2171751e-05,4.5756955
2003-04-09 12:00:00,12.721863,8.578186,174.25786,100956.46,6.104847e-05,3.5346417
2003-04-10 12:00:00,10.566101,6.8340454,248.7983,100416.42,8.2517516e-05,4.6486034
2003-04-11 12:00:00,10.857788,7.127075,169.5948,100486.27,0.00010514498,4.100161
2003-04-12 12:00:00,10.90506,8.553711,153.30005,99841.016,0.0003799653,6.7462616
2003-04-13 12:00:00,11.162872,8.057526,221.57309,99846.234,0.00019962524,5.1610804
2003-04-14 12:00:00,12.773224,6.2734985,305.7299,100431.07,1.1958412e-05,2.354913
2003-04-15 12:00:00,12.63797,8.374115,257.58405,100806.88,3.98588e-07,4.1149063
2003-04-16 12:00:00,14.595551,8.104736,259.22726,100871.72,7.819825e-08,0.36086673
2003-04-17 12:00:00,15.384155,7.459503,313.53802,101141.33,3.3170392e-07,2.434481
2003-04-18 12:00:00,15.106659,8.009125,299.40146,101296.45,1.5840076e-08,3.049707
2003-04-19 12:00:00,13.500549,8.712372,219.65929,101093.39,2.5464428e-06,3.049402
2003-04-20 12:00:00,13.265961,8.9436035,309.9848,101137.96,1.597369e-05,4.2328777
2003-04-21 12:00:00,14.286438,7.295807,310.4548,101153.984,0.0,4.277144
2003-04-22 12:00:00,15.470337,7.5297546,290.2282,100958.86,0.0,3.5559592
2003-04-23 12:00:00,15.4505005,9.053589,296.44528,101310.02,0.0,4.065484
2003-04-24 12:00:00,16.960999,9.304749,292.48465,101452.14,0.0,3.688116
2003-04-25 12:00:00,17.672821,8.801361,333.02542,101393.16,0.0,3.5056717
2003-04-26 12:00:00,18.441833,8.350037,338.7203,100959.24,0.0,2.2086723
2003-04-27 12:00:00,18.046082,9.077454,321.91998,100438.56,2.5435114e-07,3.354534
2003-04-28 12:00:00,14.142426,10.182556,299.44733,100654.086,0.0,5.105106
2003-04-29 12:00:00,18.077484,7.6380005,335.06125,100656.46,0.0,2.244269
2003-04-30 12:00:00,17.869934,10.750061,304.71576,100329.74,1.2343356e-06,3.9168086
2003-05-01 12:00:00,14.910797,11.424347,232.75597,100832.42,9.936965e-06,4.583792
2003-05-02 12:00:00,18.750244,10.951447,342.4304,100946.84,1.688998e-08,4.4796844
2003-05-03 12:00:00,18.686829,10.765564,336.67535,100673.67,0.0,3.7176993
2003-05-04 12:00:00,18.302979,10.945862,339.915,100343.86,0.0,4.430202
2003-05-05 12:00:00,19.388794,10.504578,337.15387,100313.01,0.0,3.031549
2003-05-06 12:00:00,22.441254,10.921265,342.38675,100494.31,0.0,1.6314027
2003-05-07 12:00:00,23.049683,11.183716,349.07535,100443.13,0.0,1.781468
2003-05-08 12:00:00,17.879608,10.59433,273.47507,100432.72,3.7983293e-06,3.437545
2003-05-09 12:00:00,15.288849,11.814697,206.6047,100779.086,3.505878e-06,4.98295
2003-05-10 12:00:00,16.89682,11.481201,311.31,100968.27,5.3714266e-06,2.990189
2003-05-11 12:00:00,16.561035,9.434998,334.57883,100754.87,9.057687e-08,4.112578
2003-05-12 12:00:00,14.726501,10.205597,339.27597,100831.07,4.6131323e-08,4.431288
2003-05-13 12:00:00,16.763641,8.605835,340.33328,101202.914,0.0,3.0191908
2003-05-14 12:00:00,16.692505,10.7986145,262.5805,101226.125,4.507061e-06,2.7812004
2003-05-15 12:00:00,16.263306,10.258575,346.7637,100996.29,5.2518244e-06,4.983502
2003-05-16 12:00:00,17.899536,10.600555,358.2669,100744.33,0.0,4.7721615
2003-05-17 12:00:00,17.368042,12.25354,281.64023,100898.57,3.136315e-06,4.687252
2003-05-18 12:00:00,19.794617,9.798279,360.04272,100895.0,0.0,3.3814933
2003-05-19 12:00:00,20.206879,10.485718,359.87967,100820.1,0.0,2.6055553
2003-05-20 12:00:00,20.224152,10.414917,362.79193,100699.305,0.0,2.9939177
2003-05-21 12:00:00,19.482635,10.363251,343.6891,100587.086,8.59815e-08,3.5030546
2003-05-22 12:00:00,17.589142,10.200348,350.77475,100461.336,0.0,4.4079843
2003-05-23 12:00:00,16.98471,11.726624,268.5024,100343.58,2.6927264e-06,4.5196385
2003-05-24 12:00:00,16.649933,12.035736,265.37692,100263.664,6.3712787e-06,4.651702
2003-05-25 12:00:00,18.89975,12.372528,355.45587,100182.61,0.0,4.1469593
2003-05-26 12:00:00,18.94812,12.157043,358.33594,100528.21,9.085579e-08,2.7020657
2003-05-27 12:00:00,20.144836,12.156067,362.20288,100796.49,4.686311e-09,2.5676334
2003-05-28 12:00:00,20.222076,11.59256,364.3214,100688.79,4.5076916e-08,2.728
2003-05-29 12:00:00,21.454437,11.995758,370.87177,100326.48,1.12931735e-08,2.5139196
2003-05-30 12:00:00,26.117157,11.485291,379.5466,100113.336,5.966037e-09,1.4421579
2003-05-31 12:00:00,26.031372,12.094055,377.0393,100184.1,5.837846e-07,2.0516543
2003-06-01 12:00:00,23.262482,11.904449,355.66357,100515.31,1.9773577e-06,2.205589
2003-06-02 12:00:00,25.214264,11.723419,372.2117,100505.96,7.516966e-08,2.130956
2003-06-03 12:00:00,24.740662,11.666748,371.42505,100557.64,6.4068234e-07,2.4021137
2003-06-04 12:00:00,22.110535,11.311981,355.2524,100562.66,1.0749126e-06,2.391864
2003-06-05 12:00:00,21.889038,12.45871,340.59534,100395.45,0.0,3.3699212
2003-06-06 12:00:00,19.181702,14.426727,320.19235,100603.2,5.941449e-07,4.294194
2003-06-07 12:00:00,18.737183,12.823395,319.62027,100718.73,2.928414e-08,3.9950824
2003-06-08 12:00:00,17.882782,13.03772,369.55215,100669.94,0.0,5.5592704
2003-06-09 12:00:00,17.986267,12.936829,356.60687,100765.11,0.0,4.990449
2003-06-10 12:00:00,17.3367,12.154694,322.07764,100852.164,2.1357284e-06,5.3658504
2003-06-11 12:00:00,17.265198,11.596466,374.42505,100976.37,0.0,4.856919
2003-06-12 12:00:00,17.146393,11.957153,350.22647,100762.86,0.0,4.777232
2003-06-13 12:00:00,17.575348,12.299347,315.12973,101068.5,1.2302487e-06,4.106592
2003-06-14 12:00:00,18.464447,12.349945,292.64676,101337.98,0.0,3.6658714
2003-06-15 12:00:00,18.052704,13.907318,252.18533,101167.984,3.5812984e-05,3.3007934
2003-06-16 12:00:00,19.661896,13.118378,374.25128,101029.22,1.510544e-08,5.141214
2003-06-17 12:00:00,20.772125,13.418182,377.41415,100797.79,0.0,4.7497525
2003-06-18 12:00:00,22.527039,12.254395,374.5467,100506.36,0.0,2.8101244
2003-06-19 12:00:00,22.48645,14.560608,362.2638,100341.95,0.0,3.1861603
2003-06-20 12:00:00,20.178345,13.660675,326.4983,100597.62,1.898107e-06,2.8562295
2003-06-21 12:00:00,19.902588,14.219452,334.53543,100855.76,4.3405475e-06,3.9052536
2003-06-22 12:00:00,20.473145,13.012451,375.83817,101064.74,3.9110617e-09,4.085791
2003-06-23 12:00:00,23.707153,12.166138,378.85895,100785.836,0.0,2.6463337
2003-06-24 12:00:00,23.03012,14.914124,359.8194,100363.24,5.5334027e-07,3.1855981
2003-06-25 12:00:00,21.40979,14.111603,342.00455,100306.25,1.461588e-06,3.157518
2003-06-26 12:00:00,21.798798,14.329254,345.33472,100353.74,2.210832e-06,2.9884732
2003-06-27 12:00:00,21.796967,14.753662,344.1415,100400.305,2.9994048e-06,2.8940372
2003-06-28 12:00:00,22.559906,15.233337,338.5644,100416.87,2.0498326e-06,2.818221
2003-06-29 12:00:00,22.015076,16.079773,325.59515,100578.65,2.5075733e-06,3.3110833
2003-06-30 12:00:00,21.687775,16.751312,243.53976,100426.836,3.2126777e-06,3.678606
2003-07-01 12:00:00,20.65921,17.89035,141.66867,100315.81,2.0088119e-07,4.6194816
2003-07-02 12:00:00,21.691833,17.30719,299.01846,100517.86,3.5695266e-06,4.3893905
2003-07-03 12:00:00,23.109833,15.145813,369.51727,100745.2,0.0,3.3906465
2003-07-04 12:00:00,24.3497,15.051636,372.70422,100690.0,1.02062705e-08,2.8107388
2003-07-05 12:00:00,23.845734,16.466156,359.9644,100562.39,0.0,3.7514806
2003-07-06 12:00:00,22.476349,16.433624,361.17993,100491.33,0.0,3.90912
2003-07-07 12:00:00,21.592712,16.912384,307.34668,100509.65,2.6665539e-06,4.126918
2003-07-08 12:00:00,21.575043,16.421783,357.40247,100487.99,1.453493e-06,3.9660318
2003-07-09 12:00:00,23.339844,15.223602,355.2768,100488.22,8.7157616e-07,3.1344497
2003-07-10 12:00:00,24.73471,15.853668,345.9898,100427.22,8.0388344e-07,2.7429538
2003-07-11 12:00:00,24.873352,16.161407,350.68842,100300.805,8.802216e-07,2.8156633
2003-07-12 12:00:00,24.331757,18.099304,336.11545,100144.61,1.7254877e-06,3.9348533
2003-07-13 12:00:00,23.807983,18.048706,345.58105,100364.484,8.7027666e-07,4.480804
2003-07-14 12:00:00,24.049103,16.860016,344.56927,100520.055,1.6029252e-06,3.2977276
2003-07-15 12:00:00,24.226501,17.495605,365.90558,100677.87,9.512462e-09,3.5221763
2003-07-16 12:00:00,24.645966,16.327301,301.94724,100542.38,0.0,2.4751744
2003-07-17 12:00:00,24.03189,19.579742,114.3892,100387.984,2.3702911e-07,3.6189115
2003-07-18 12:00:00,21.785645,18.483765,193.32912,100536.44,7.0256024e-06,3.4564803
2003-07-19 12:00:00,22.549744,17.969543,333.77304,100686.984,2.2874105e-05,3.4729946
2003-07-20 12:00:00,22.57965,17.365662,356.63623,100831.25,0.0,4.9543123
2003-07-21 12:00:00,23.519012,17.013428,359.38358,100688.836,0.0,4.609493
2003-07-22 12:00:00,25.273743,17.581451,356.96127,100808.97,0.0,4.92199
2003-07-23 12:00:00,24.938812,17.943665,336.83585,100901.305,0.0,5.141558
2003-07-24 12:00:00,23.180786,17.7854,339.39926,100657.85,0.0,5.2359443
2003-07-25 12:00:00,22.330536,17.35376,305.46237,100529.18,3.8073878e-07,6.400411
2003-07-26 12:00:00,23.685364,16.833954,345.83817,100540.04,0.0,4.2703137
2003-07-27 12:00:00,24.036865,16.799133,346.4418,100604.88,0.0,3.133007
2003-07-28 12:00:00,24.012726,17.601135,345.24042,100660.42,7.6547035e-09,3.3866482
2003-07-29 12:00:00,23.275574,17.769196,335.79623,100684.7,3.9221862e-07,3.8158715
2003-07-30 12:00:00,24.258728,17.169373,329.4732,100609.15,9.155849e-07,2.884709
2003-07-31 12:00:00,24.292297,17.237335,314.45837,100541.01,7.901671e-07,2.995172
2003-08-01 12:00:00,25.752228,15.908905,344.0489,100572.12,0.0,2.73475
2003-08-02 12:00:00,25.545807,16.33725,344.9983,100723.516,0.0,2.9415479
2003-08-03 12:00:00,25.888947,16.1521,346.71167,100855.14,0.0,3.0899587
2003-08-04 12:00:00,25.642273,16.60611,345.21173,100580.414,0.0,3.039743
2003-08-05 12:00:00,24.356201,18.319122,342.7864,100418.2,0.0,4.1006455
2003-08-06 12:00:00,23.989655,17.112366,339.39905,100486.234,6.8600684e-08,3.684771
2003-08-07 12:00:00,24.340088,17.157196,338.92435,100577.516,0.0,3.497961
2003-08-08 12:00:00,23.888367,17.904968,304.08725,100700.68,0.0,4.954127
2003-08-09 12:00:00,25.448486,16.937897,312.7818,100415.96,0.0,3.3568053
2003-08-10 12:00:00,25.16977,16.507507,334.0518,100244.38,0.0,3.4567711
2003-08-11 12:00:00,23.15564,17.502075,324.1797,100330.76,8.137614e-09,4.169209
2003-08-12 12:00:00,23.60733,18.345917,293.52234,100631.914,1.0220274e-06,3.2488065
2003-08-13 12:00:00,24.470398,17.34903,323.88507,100709.12,3.2785855e-10,3.0998256
2003-08-14 12:00:00,24.910095,16.505402,323.0946,100750.73,7.67898e-09,3.001396
2003-08-15 12:00:00,24.41336,17.97879,320.9986,100719.28,0.0,3.7481656
2003-08-16 12:00:00,23.635132,16.700043,328.21463,100605.28,0.0,4.2117586
2003-08-17 12:00:00,25.195953,17.31723,316.47162,100474.64,2.0435941e-07,3.0648947
2003-08-18 12:00:00,25.273193,16.93335,296.36295,100451.07,0.0,2.7657137
2003-08-19 12:00:00,26.19934,16.908264,322.52054,100475.65,0.0,2.7363088
2003-08-20 12:00:00,26.857239,16.234558,308.64374,100521.58,0.0,2.4984953
2003-08-21 12:00:00,26.639587,16.302307,311.00284,100467.234,0.0,2.7130425
2003-08-22 12:00:00,25.9487,16.893188,318.8764,100553.47,1.1715777e-09,3.116045
2003-08-23 12:00:00,25.63916,15.66571,301.37042,100481.15,3.4715018e-07,2.431159
2003-08-24 12:00:00,24.405548,17.804749,242.8802,100604.086,5.516144e-06,3.197186
2003-08-25 12:00:00,24.418945,16.746796,282.49716,100625.49,1.7616622e-06,3.2557633
2003-08-26 12:00:00,24.333221,16.18509,298.1808,100474.25,0.0,3.1988113
2003-08-27 12:00:00,22.703064,17.890747,277.26236,100573.04,1.1057612e-06,3.8022525
2003-08-28 12:00:00,22.520172,15.569458,296.3576,100719.92,9.353254e-07,3.2783542
2003-08-29 12:00:00,22.108063,17.148193,281.27518,100756.46,1.9600443e-06,3.7985756
2003-08-30 12:00:00,21.801239,17.131348,264.19177,100726.13,1.6877487e-06,3.8097532
2003-08-31 12:00:00,21.29129,16.838898,263.1453,100560.305,4.0134173e-06,3.6917639
2003-09-01 12:00:00,20.739594,17.017609,185.20705,100580.05,8.893988e-06,3.759564
2003-09-02 12:00:00,22.063782,16.307678,260.5629,100818.984,4.4743515e-06,3.098013
2003-09-03 12:00:00,24.056915,14.874817,297.76215,100868.836,0.0,3.2941952
2003-09-04 12:00:00,23.585876,14.52652,294.52365,100818.43,0.0,3.2328088
2003-09-05 12:00:00,22.492401,16.334167,224.56038,100820.54,5.597191e-07,3.9391766
2003-09-06 12:00:00,22.544922,15.708282,284.73895,100769.07,9.464268e-08,4.0036187
2003-09-07 12:00:00,23.250763,16.29248,286.2097,100514.27,0.0,4.431752
2003-09-08 12:00:00,24.437775,14.8263855,283.04166,100409.195,0.0,2.2790272
2003-09-09 12:00:00,23.72116,15.626251,268.1084,100552.75,1.6528593e-07,3.1036577
2003-09-10 12:00:00,22.443848,16.390442,253.47563,100890.39,2.5170443e-06,3.2247684
2003-09-11 12:00:00,22.116333,15.992889,243.85663,101060.36,3.4646189e-06,2.9379616
2003-09-12 12:00:00,21.40506,16.495178,254.98735,101054.52,4.5618225e-07,3.6568024
2003-09-13 12:00:00,21.6875,15.909027,270.81644,100870.195,2.3253288e-07,3.9487376
2003-09-14 12:00:00,22.177948,16.278015,260.52856,100789.34,0.0,3.8100104
2003-09-15 12:00:00,24.995972,15.406891,252.87544,100729.38,1.7082694e-08,2.2592952
2003-09-16 12:00:00,26.93988,16.531708,258.42548,100567.695,0.0,2.1215012
2003-09-17 12:00:00,25.800049,16.332275,261.02365,100494.164,2.6608358e-08,2.916299
2003-09-18 12:00:00,23.571838,15.422028,264.80835,100427.88,0.0,3.2659805
2003-09-19 12:00:00,22.506409,14.732971,256.2972,100565.336,1.6498859e-07,3.1588464
2003-09-20 12:00:00,21.487244,16.41455,183.29855,100628.05,2.7579076e-06,3.7158618
2003-09-21 12:00:00,22.196991,17.007782,211.37321,100598.24,3.5570115e-06,3.9461992
2003-09-22 12:00:00,24.01001,16.073334,257.81653,100522.805,0.0,5.204543
2003-09-23 12:00:00,23.637177,15.238678,264.0256,100385.39,0.0,4.7367835
2003-09-24 12:00:00,23.745636,14.623535,264.1039,100304.36,0.0,4.491617
2003-09-25 12:00:00,25.140656,15.4782715,255.45287,100527.23,0.0,3.4072807
2003-09-26 12:00:00,25.022125,12.576813,247.77773,100568.65,7.97162e-07,1.0814786
2003-09-27 12:00:00,22.912384,12.502136,235.27075,100522.49,3.3320498e-06,2.6381135
2003-09-28 12:00:00,20.568787,11.85434,239.63504,100905.63,5.6018002e-06,1.9848238
2003-09-29 12:00:00,23.282898,11.219238,243.97719,100822.2,3.165788e-08,1.830361
2003-09-30 12:00:00,24.267303,12.027283,237.57024,100470.45,1.3951751e-06,1.670671
2003-10-01 12:00:00,23.403961,12.391235,212.19624,100123.9,5.3904987e-06,2.6652257
2003-10-02 12:00:00,20.778656,15.000732,235.21135,99995.89,0.0,5.393746
2003-10-03 12:00:00,20.712982,13.662476,225.51044,99583.984,0.0,4.913943
2003-10-04 12:00:00,21.141571,11.237732,229.1061,99535.836,0.0,0.762442
2003-10-05 12:00:00,19.149414,11.913208,197.71541,100148.3,1.4943757e-06,3.2261345
2003-10-06 12:00:00,20.875977,12.637909,227.76732,100492.77,4.8267924e-07,2.578559
2003-10-07 12:00:00,19.54956,11.759674,226.8676,100581.29,0.0,2.6721334
2003-10-08 12:00:00,19.00644,11.978485,65.49737,100208.27,9.386104e-05,3.8492997
2003-10-09 12:00:00,16.193665,11.736542,216.75803,99990.016,0.0,7.2215147
2003-10-10 12:00:00,15.387299,10.235199,60.028152,99463.3,0.0002837044,3.6747153
2003-10-11 12:00:00,14.245056,10.41983,117.81719,98716.86,0.0002691729,2.3717399
2003-10-12 12:00:00,14.644989,9.923584,201.59183,100212.47,2.2764878e-05,3.8826303
2003-10-13 12:00:00,14.785919,10.975098,94.37852,101327.0,8.522446e-05,2.8789682
2003-10-14 12:00:00,15.458557,9.12973,205.76025,101594.44,3.0849037e-06,0.95855594
2003-10-15 12:00:00,16.597137,10.164612,201.67789,101189.33,0.0,1.8450543
2003-10-16 12:00:00,16.25296,12.502991,133.55069,101055.55,8.24582e-06,1.8840226
2003-10-17 12:00:00,17.483887,10.680511,186.62123,101034.4,5.3190024e-07,1.6737461
2003-10-18 12:00:00,17.165222,10.703766,177.01328,100811.12,5.584478e-07,1.6313237
2003-10-19 12:00:00,16.930115,10.67923,180.48157,100407.75,8.7900065e-07,1.6849983
2003-10-20 12:00:00,17.890717,10.577423,181.49506,100505.445,2.9316887e-08,1.1226426
2003-10-21 12:00:00,18.43216,11.698822,171.27289,100818.43,2.1476533e-06,0.82634956
2003-10-22 12:00:00,21.869202,11.946716,191.69424,100933.41,1.3636655e-08,0.8819437
2003-10-23 12:00:00,21.86322,14.143219,173.39505,100699.945,7.431644e-10,0.89279234
2003-10-24 12:00:00,19.198822,12.925415,140.98253,100694.83,2.768659e-06,2.346853
2003-10-25 12:00:00,15.575287,12.242798,104.89428,100690.914,9.049883e-06,2.5984454
2003-10-26 12:00:00,14.867859,11.101105,121.685646,100822.516,8.347068e-06,2.8883958
2003-10-27 12:00:00,17.635376,8.056122,188.97424,101077.62,7.185931e-08,1.9142635
2003-10-28 12:00:00,17.459198,7.0514526,162.87024,101096.77,0.0,2.1226544
2003-10-29 12:00:00,17.252777,6.3440857,173.19191,100943.91,0.0,1.3850757
2003-10-30 12:00:00,16.847748,8.548248,137.07098,100485.62,4.0405607e-07,2.433813
2003-10-31 12:00:00,14.985962,12.515961,46.77638,100098.63,0.00031018522,6.6199055
2003-11-01 12:00:00,14.28772,12.090363,98.59017,100079.24,6.459442e-05,2.008085
2003-11-02 12:00:00,14.316406,10.446136,101.78933,100179.21,2.3538903e-06,2.7988186
2003-11-03 12:00:00,14.208099,8.753815,155.28531,100635.89,0.0,7.499663
2003-11-04 12:00:00,12.614105,7.8535767,169.82004,100985.05,9.516527e-08,5.601706
2003-11-05 12:00:00,12.409454,4.8349915,157.4411,101603.19,0.0,2.9098454
2003-11-06 12:00:00,11.889008,8.765747,50.262386,101767.12,8.22001e-05,1.7731498
2003-11-07 12:00:00,12.860443,6.170349,158.97104,102017.53,2.2810791e-07,1.1105179
2003-11-08 12:00:00,15.030029,9.076111,161.09364,101401.03,0.0,0.5882417
2003-11-09 12:00:00,14.72052,8.3428955,70.751755,100953.08,8.538405e-06,1.753945
2003-11-10 12:00:00,15.925995,7.089264,151.33087,101320.05,3.5066637e-06,1.3613726
2003-11-11 12:00:00,15.088562,5.8990173,163.51498,101634.125,0.0,2.302456
2003-11-12 12:00:00,14.112366,5.3499756,160.97049,101329.71,0.0,1.0946575
2003-11-13 12:00:00,13.88623,8.986542,112.51415,101103.484,6.5624804e-06,2.1022146
2003-11-14 12:00:00,15.386658,7.781433,138.13219,101044.82,5.808133e-08,1.2385064
2003-11-15 12:00:00,15.020599,9.57428,110.2568,101288.625,7.640198e-07,2.0006275
2003-11-16 12:00:00,15.172516,8.127563,145.22482,101581.88,2.696993e-06,0.77126557
2003-11-17 12:00:00,14.618469,8.226349,108.978455,101391.98,7.325881e-11,2.903468
2003-11-18 12:00:00,14.33783,8.874603,106.89742,101164.59,0.0,0.683195
2003-11-19 12:00:00,13.9470825,8.333893,86.30533,100993.94,8.905541e-07,0.810523
2003-11-20 12:00:00,13.88443,8.130005,73.56843,101127.55,3.8897622e-07,0.7632676
2003-11-21 12:00:00,13.484161,10.100006,70.072876,101073.484,0.00010855704,3.633472
2003-11-22 12:00:00,12.831268,11.376099,68.003624,101367.375,8.451682e-05,2.88163
2003-11-23 12:00:00,13.379639,9.733582,46.04053,101246.24,0.0,1.8545828
2003-11-24 12:00:00,14.350494,12.336731,17.043411,100925.445,0.0004202617,7.273203
2003-11-25 12:00:00,14.025513,11.52002,27.269857,101065.62,4.714411e-05,1.4038798
2003-11-26 12:00:00,13.735199,10.314728,130.72113,101251.03,0.000116460506,4.6759324
2003-11-27 12:00:00,13.624817,7.2264404,134.75743,102053.48,0.0,2.6078362
2003-11-28 12:00:00,13.166168,6.7960205,132.63068,101789.805,7.325881e-11,3.4350846
2003-11-29 12:00:00,12.178467,6.988373,66.96046,101413.89,0.0,2.0832486
2003-11-30 12:00:00,12.219666,6.3838196,110.89548,101058.52,1.964958e-07,0.4047371
2003-12-01 12:00:00,11.964783,6.3875732,65.800606,100975.125,1.3653943e-07,0.27346003
2003-12-02 12:00:00,11.648926,9.437683,21.223644,100684.516,0.00027771405,3.316278
2003-12-03 12:00:00,14.177734,9.395813,127.41289,100991.6,0.0002608427,5.9444513
2003-12-04 12:00:00,11.85257,4.6798706,126.94898,102246.69,1.5687057e-07,2.1018834
2003-12-05 12:00:00,11.45993,4.8481445,102.56639,102233.47,1.8076022e-07,1.1842822
2003-12-06 12:00:00,11.353394,6.5072327,84.148605,101953.516,3.5579953e-06,0.91961193
2003-12-07 12:00:00,12.467712,7.9248962,45.686817,101708.68,7.3957394e-06,1.53451
2003-12-08 12:00:00,12.990997,10.555328,55.987213,101522.63,3.070644e-05,0.937463
2003-12-09 12:00:00,12.567963,7.3054504,83.906075,101426.76,4.916185e-06,1.8187394
2003-12-10 12:00:00,11.824005,5.8527527,104.070435,101383.016,5.399418e-07,1.3083886
2003-12-11 12:00:00,11.522919,7.5556946,73.226074,101306.414,5.4459088e-06,1.3228579
2003-12-12 12:00:00,11.870911,8.616547,85.13725,101177.78,7.329708e-05,2.6077337
2003-12-13 12:00:00,12.350922,6.2673645,124.78703,101694.13,0.0,4.5722876
2003-12-14 12:00:00,11.8654785,5.461548,121.9798,101612.09,0.0,3.1209283
2003-12-15 12:00:00,10.559509,5.191681,119.633804,101407.59,3.2780978e-09,3.1080627
2003-12-16 12:00:00,10.783966,5.033386,117.91777,101061.33,4.8072387e-08,2.3615887
2003-12-17 12:00:00,10.371735,4.5653076,73.80785,100999.7,6.815517e-07,3.1267924
2003-12-18 12:00:00,10.284149,6.991852,20.095764,101142.8,0.00014002237,3.108701
2003-12-19 12:00:00,12.00528,7.570709,19.853004,101337.03,0.00011833016,2.747183
2003-12-20 12:00:00,13.801422,8.330688,32.529945,100711.78,0.000245459,2.196288
2003-12-21 12:00:00,13.541687,8.673309,50.62163,99503.2,0.0003543883,6.1996117
2003-12-22 12:00:00,10.341522,7.710205,45.975777,100391.39,0.00012621834,4.6243157
2003-12-23 12:00:00,12.394043,9.024872,30.548302,99899.164,0.0005971407,6.089129
2003-12-24 12:00:00,10.8941345,7.0091248,31.839678,99479.71,0.00022001463,7.5317154
2003-12-25 12:00:00,9.030762,6.8267517,51.753338,100187.88,0.0002531635,5.0706105
2003-12-26 12:00:00,8.090271,5.361023,76.117035,100571.29,0.00018571554,4.029649
2003-12-27 12:00:00,8.12796,3.5002747,79.790794,101342.08,9.798082e-06,0.6493673
2003-12-28 12:00:00,11.551086,6.3428955,31.140139,101051.16,0.00017510101,7.551476
2003-12-29 12:00:00,11.347992,4.9985046,54.53694,100115.68,0.0,3.7480328
2003-12-30 12:00:00,11.513031,8.691528,41.61026,99179.805,5.03603e-05,6.2350907
2003-12-31 12:00:00,10.287598,7.6633606,98.98491,100028.3,0.00012114784,1.6701462
2004-01-01 12:00:00,8.690674,6.571289,61.70506,100566.62,1.8509277e-06,1.6855582
2004-01-02 12:00:00,8.553558,5.795044,61.85221,100111.68,1.7727383e-05,4.868479
2004-01-03 12:00:00,10.560944,6.8586426,76.043625,99815.336,7.946749e-05,3.4372914
2004-01-04 12:00:00,10.304901,8.244812,73.98921,100745.984,9.207692e-05,1.4139796
2004-01-05 12:00:00,9.73233,6.139038,91.563286,101459.75,3.3884376e-06,1.1589046
2004-01-06 12:00:00,8.269379,4.0417175,106.693794,101513.484,1.6763307e-06,3.6946487
2004-01-07 12:00:00,6.821686,3.0979614,70.415146,100900.016,5.21729e-07,4.0404058
2004-01-08 12:00:00,10.885529,4.4149475,127.71169,100680.67,2.3638785e-10,1.9433628
2004-01-09 12:00:00,10.67569,2.8048706,132.44174,101008.055,1.16357796e-07,1.718611
2004-01-10 12:00:00,9.684082,3.99115,95.729546,101554.89,3.2574757e-08,2.774419
2004-01-11 12:00:00,11.559387,4.591034,115.57846,101704.164,0.0,1.4468948
2004-01-12 12:00:00,12.316589,7.667877,81.88256,101923.34,5.0236537e-07,1.2064989
2004-01-13 12:00:00,12.418121,6.7175903,127.02443,101741.57,5.8152307e-07,1.2488153
2004-01-14 12:00:00,11.58252,4.900543,131.2602,101615.78,1.3140306e-06,3.7874177
2004-01-15 12:00:00,12.436768,7.409088,94.92864,102024.24,0.0,2.8067966
2004-01-16 12:00:00,12.135529,6.1099854,122.03726,101881.35,7.325881e-10,2.5284588
2004-01-17 12:00:00,11.448212,5.8490906,67.893684,101430.32,2.2509343e-07,2.8920333
2004-01-18 12:00:00,10.426147,6.997986,34.485462,100907.97,6.36602e-05,2.459823
2004-01-19 12:00:00,11.92981,8.565399,83.36171,100400.48,0.00018157074,3.4572952
2004-01-20 12:00:00,9.323181,5.911743,141.14134,101012.71,2.5935316e-07,4.178698
2004-01-21 12:00:00,9.789886,2.4030457,138.67369,101042.09,8.192483e-07,1.7054982
2004-01-22 12:00:00,9.635712,2.8644714,139.93971,100988.96,6.3003006e-07,1.6695576
2004-01-23 12:00:00,8.912628,2.2955322,46.614136,100878.23,4.9797032e-05,3.2373574
2004-01-24 12:00:00,10.958984,5.483551,21.447119,100584.22,0.00024198943,7.2378306
2004-01-25 12:00:00,11.907745,10.101715,37.981873,100197.33,0.0003520694,4.1109967
2004-01-26 12:00:00,11.453918,8.5672,115.32727,100614.77,0.000102289436,3.4702075
2004-01-27 12:00:00,11.926422,8.324951,103.42808,101790.87,1.383354e-05,1.3731402
2004-01-28 12:00:00,12.41333,6.1651,138.67375,102008.45,9.775632e-07,1.2566473
2004-01-29 12:00:00,12.302704,5.7520447,143.63411,101734.68,1.2643038e-06,3.0286915
2004-01-30 12:00:00,12.980072,8.687744,142.17903,101694.57,0.0,3.5643792
2004-01-31 12:00:00,13.087158,9.049316,122.58031,101481.56,0.0,3.3859522
2004-02-01 12:00:00,12.8420105,9.854919,92.81945,101083.1,0.0,3.6453898
2004-02-02 12:00:00,12.693512,9.880554,76.82727,101015.03,4.2304782e-05,0.43265617
2004-02-03 12:00:00,12.245026,9.3437195,88.92375,101067.17,4.125837e-06,1.9716144
2004-02-04 12:00:00,11.793671,8.408966,67.86236,100960.24,8.071772e-06,2.3290138
2004-02-05 12:00:00,10.48056,7.2296753,94.7116,101412.82,6.6654866e-06,0.48581246
2004-02-06 12:00:00,11.984558,8.145477,85.20133,101696.64,1.4377887e-06,0.9068315
2004-02-07 12:00:00,14.809235,9.096802,135.60066,101112.16,9.246603e-09,2.7164943
2004-02-08 12:00:00,14.876007,7.9575806,164.65988,100863.09,0.0,0.6038015
2004-02-09 12:00:00,14.063782,8.288452,137.23656,101053.56,6.5097015e-07,1.4883786
2004-02-10 12:00:00,13.05304,8.162018,53.91459,100998.79,1.536374e-05,0.96184355
2004-02-11 12:00:00,12.162994,10.891052,69.97208,101021.74,0.00012307438,3.233923
2004-02-12 12:00:00,12.577301,8.990997,120.69098,101505.15,2.6771038e-06,2.1624856
2004-02-13 12:00:00,12.723297,8.97345,72.73495,101331.08,0.0,0.6090762
2004-02-14 12:00:00,12.41571,9.239716,64.26338,101272.47,4.0390023e-05,2.623504
2004-02-15 12:00:00,12.751251,7.685608,188.3452,101132.47,1.2936381e-09,5.6575093
2004-02-16 12:00:00,12.704407,5.619873,195.52852,100928.51,0.0,4.281998
2004-02-17 12:00:00,12.279968,6.2223206,198.61157,100893.53,0.0,5.490352
2004-02-18 12:00:00,12.5095215,3.764038,197.00883,100973.47,2.2490397e-08,0.84521556
2004-02-19 12:00:00,12.386139,5.33197,165.02266,101036.72,3.0288084e-06,2.2395232
2004-02-20 12:00:00,11.785645,6.6092224,130.03696,101338.15,6.2561035e-06,2.1655655
2004-02-21 12:00:00,11.352386,7.151123,144.60585,101540.72,1.6826064e-06,2.6563334
2004-02-22 12:00:00,11.119904,8.21286,93.23727,101256.28,4.3045966e-06,1.0558624
2004-02-23 12:00:00,14.850281,6.5988464,203.49557,100981.61,2.586196e-07,2.1563115
2004-02-24 12:00:00,15.463745,7.0317993,205.46661,100772.234,0.0,1.8590164
2004-02-25 12:00:00,15.987854,7.3036804,210.3656,101167.445,0.0,2.7328422
2004-02-26 12:00:00,17.41153,8.152313,211.02791,101490.414,0.0,0.4958557
2004-02-27 12:00:00,17.360992,7.5533447,203.79048,101777.42,1.6777527e-07,0.6887592
2004-02-28 12:00:00,16.45459,7.4475403,184.74979,102003.22,2.0113905e-06,1.7173446
2004-02-29 12:00:00,,,,,,
2004-03-01 12:00:00,18.40329,8.154175,220.5974,101660.72,0.0,0.942256
2004-03-02 12:00:00,18.01886,7.671356,210.04916,101121.336,1.4263684e-06,1.9194036
2004-03-03 12:00:00,14.147095,8.222046,216.35358,100442.016,2.2065215e-07,2.9619746
2004-03-04 12:00:00,13.787262,4.9145813,233.98172,100162.24,0.0,2.7095637
2004-03-05 12:00:00,11.515808,6.1045227,233.21219,100348.3,3.697184e-10,5.793464
2004-03-06 12:00:00,9.725342,3.064087,238.4221,100786.93,0.0,4.2598324
2004-03-07 12:00:00,11.369324,2.4942322,238.52483,101123.98,0.0,2.9309247
2004-03-08 12:00:00,11.4852295,5.104004,237.89142,101329.79,0.0,4.605992
2004-03-09 12:00:00,11.934265,6.002075,237.97687,101586.97,0.0,4.290815
2004-03-10 12:00:00,11.932068,4.257019,234.64027,101526.82,6.3152916e-10,3.080754
2004-03-11 12:00:00,11.593964,4.7654724,120.58518,101349.48,1.6672986e-09,2.3213165
2004-03-12 12:00:00,12.644043,7.6134033,141.57394,101047.25,2.7864244e-05,1.6750127
2004-03-13 12:00:00,12.90094,9.780579,51.063713,100776.055,8.1533035e-05,2.0430062
2004-03-14 12:00:00,13.139954,11.638397,99.38654,100072.13,0.00031379762,6.1117816
2004-03-15 12:00:00,12.032349,9.997284,134.32097,100678.83,3.053211e-05,4.103702
2004-03-16 12:00:00,12.741547,8.36441,167.30128,100730.086,1.19149945e-05,4.172169
2004-03-17 12:00:00,11.872833,9.116516,219.83095,99781.61,0.00030964336,4.2508936
2004-03-18 12:00:00,10.8307495,7.7142944,182.4842,100616.73,4.3955015e-06,3.950537
2004-03-19 12:00:00,10.149017,5.680481,255.24503,101579.91,7.373581e-05,5.1775684
2004-03-20 12:00:00,12.128174,6.5910645,261.76395,102041.516,8.150684e-08,4.425875
2004-03-21 12:00:00,13.587189,6.2780457,264.10593,102120.625,0.0,3.9231544
2004-03-22 12:00:00,14.200714,7.1612854,266.14166,101747.81,0.0,2.8439276
2004-03-23 12:00:00,13.9374695,7.2874146,157.6756,101697.18,1.212564e-06,2.901783
2004-03-24 12:00:00,13.534668,9.05658,209.45377,101774.945,3.5448113e-06,2.9630768
2004-03-25 12:00:00,14.4062195,6.1578674,276.08316,101364.11,0.0,3.1436534
2004-03-26 12:00:00,13.92746,5.3447266,278.0271,100841.96,3.7667927e-08,2.4616272
2004-03-27 12:00:00,13.659485,6.104248,264.60526,100768.63,0.0,2.570741
2004-03-28 12:00:00,13.7034,7.471527,199.58832,100748.19,0.0,3.1343927
2004-03-29 12:00:00,13.202911,9.139191,53.972725,100267.18,0.00019047849,4.6555915
2004-03-30 12:00:00,13.065521,9.570892,214.28766,100300.36,4.2595326e-05,1.480555
2004-03-31 12:00:00,12.84137,8.352814,224.48378,100919.586,2.5485656e-07,4.4813557
2004-04-01 12:00:00,12.23349,8.103607,133.00229,101497.23,6.760084e-06,3.0065143
2004-04-02 12:00:00,12.262238,7.089264,242.24886,101597.016,5.0384597e-06,3.3071492
2004-04-03 12:00:00,14.456024,7.08609,278.92505,101465.41,0.0,3.0735095
2004-04-04 12:00:00,14.367645,8.961914,115.822014,101284.83,2.2620605e-05,2.0344856
2004-04-05 12:00:00,12.530365,8.467377,235.99408,101055.81,9.090138e-05,4.549319
2004-04-06 12:00:00,12.795502,7.1961365,300.04095,101112.445,5.039104e-07,6.3683515
2004-04-07 12:00:00,12.999054,7.0575867,302.6574,101580.1,2.622275e-08,5.245488
2004-04-08 12:00:00,13.83963,7.739624,297.78854,101629.05,6.146084e-10,4.1210423
2004-04-09 12:00:00,14.014557,7.136017,295.6996,101625.6,0.0,3.7133496
2004-04-10 12:00:00,13.272858,10.798645,109.911385,101443.7,5.025203e-05,3.641181
2004-04-11 12:00:00,13.816406,11.548279,166.59923,101228.39,1.9422041e-05,2.2837117
2004-04-12 12:00:00,14.826202,10.178589,238.6008,101017.88,4.684501e-06,2.4807143
2004-04-13 12:00:00,14.619141,9.326202,252.54535,100740.39,4.711315e-06,2.6357617
2004-04-14 12:00:00,13.527588,10.618805,206.80115,100640.14,2.0093916e-05,3.0085824
2004-04-15 12:00:00,12.554443,8.757782,289.8631,100718.04,2.1527803e-06,4.3263226
2004-04-16 12:00:00,12.576996,8.505859,134.35474,100716.695,0.00013209258,3.7120411
2004-04-17 12:00:00,13.766693,8.028351,316.73407,101124.93,3.8721897e-08,4.488563
2004-04-18 12:00:00,13.924133,7.4377136,311.36197,101339.04,1.6823042e-09,3.32382
2004-04-19 12:00:00,14.593811,7.308716,256.1789,101274.34,0.0,3.5630906
2004-04-20 12:00:00,14.561096,8.3307495,302.74896,101121.836,8.063137e-09,3.1583712
2004-04-21 12:00:00,15.035339,10.752838,219.63292,101270.98,5.058264e-06,3.098856
2004-04-22 12:00:00,17.12677,8.452209,287.6905,101092.914,0.0,2.3225
2004-04-23 12:00:00,16.474487,11.405121,165.29874,100955.13,1.49505395e-05,3.4351435
2004-04-24 12:00:00,15.784576,9.48465,309.20734,101050.25,0.0,4.338563
2004-04-25 12:00:00,15.269226,10.02182,192.6895,100816.84,1.0011492e-05,4.206341
2004-04-26 12:00:00,12.854095,8.874481,170.93582,100815.08,5.238501e-05,5.715669
2004-04-27 12:00:00,14.283569,8.076447,247.67795,100791.61,3.1819876e-05,6.228669
2004-04-28 12:00:00,17.528656,7.9013977,338.19333,100655.945,3.060925e-07,4.415019
2004-04-29 12:00:00,17.638397,8.138824,335.92856,100607.6,0.0,3.0583735
2004-04-30 12:00:00,17.368225,9.210632,306.69824,100651.44,0.0,3.3161445
2004-05-01 12:00:00,17.597168,10.715149,337.05777,100594.23,0.0,5.2367063
2004-05-02 12:00:00,21.352814,10.626526,346.07568,100246.84,0.0,3.3973427
2004-05-03 12:00:00,21.179993,9.945801,306.9012,100537.59,0.0,2.051369
2004-05-04 12:00:00,18.072693,10.362244,309.86548,100761.78,1.766883e-06,2.5525944
2004-05-05 12:00:00,20.230408,9.627045,341.30148,100717.68,5.8578886e-10,2.055638
2004-05-06 12:00:00,19.735687,10.410034,321.76776,100799.5,2.5981806e-06,2.1511471
2004-05-07 12:00:00,18.769257,10.460754,339.98138,100682.23,4.6061157e-07,2.8832188
2004-05-08 12:00:00,18.578094,9.507996,357.60388,100452.37,3.6628872e-08,2.5708861
2004-05-09 12:00:00,17.550964,10.004303,265.65927,100440.97,0.0,3.360353
2004-05-10 12:00:00,18.391052,11.848297,332.1154,100613.43,0.0,5.832344
2004-05-11 12:00:00,20.002014,11.595184,348.28574,100810.14,0.0,4.4561353
2004-05-12 12:00:00,21.36905,11.2230835,350.67725,100673.64,0.0,2.3465457
2004-05-13 12:00:00,21.084167,11.17215,355.22507,100594.78,0.0,2.437278
2004-05-14 12:00:00,19.970947,11.533051,325.56155,100609.05,2.2003395e-07,2.6309354
2004-05-15 12:00:00,19.645142,11.804901,307.56345,100575.77,0.0,3.8716254
2004-05-16 12:00:00,17.84784,10.177673,364.35342,100796.87,0.0,4.335008
2004-05-17 12:00:00,18.776672,9.708252,366.52448,100876.66,0.0,3.6475983
2004-05-18 12:00:00,21.082092,10.512299,360.7798,100986.92,0.0,3.421007
2004-05-19 12:00:00,21.414886,11.704437,350.0786,100793.38,0.0,2.3178096
2004-05-20 12:00:00,20.736542,12.360565,332.89148,100489.63,3.9211704e-07,2.521991
2004-05-21 12:00:00,20.249298,12.695801,337.98755,100317.734,0.0,3.522434
2004-05-22 12:00:00,19.588013,13.18631,365.58215,100696.305,0.0,5.2327223
2004-05-23 12:00:00,21.519287,11.937714,364.67535,100608.01,0.0,2.500108
2004-05-24 12:00:00,19.849792,13.511383,349.65744,100748.66,8.1843416e-07,5.51482
2004-05-25 12:00:00,16.646912,11.967682,267.03473,100825.86,5.6409663e-06,3.9480166
2004-05-26 12:00:00,18.071747,11.569763,328.08783,100720.086,2.7280128e-05,2.6043622
2004-05-27 12:00:00,17.660034,12.42746,325.30252,100785.42,5.801393e-06,2.8912282
2004-05-28 12:00:00,16.847809,11.278687,288.25964,100918.69,1.8515391e-06,3.7101834
2004-05-29 12:00:00,15.550354,11.5963745,281.273,101152.7,4.553509e-06,3.8219526
2004-05-30 12:00:00,19.367432,10.184662,350.08844,101188.54,0.0,3.2534313
2004-05-31 12:00:00,18.888641,13.128357,342.9458,100607.06,0.0,4.040064
2004-06-01 12:00:00,19.80481,12.897064,360.79987,100681.92,0.0,3.794267
2004-06-02 12:00:00,20.324036,12.063263,364.27084,100722.805,0.0,2.9702373
2004-06-03 12:00:00,21.159515,11.470001,368.14697,100646.88,0.0,2.7540421
2004-06-04 12:00:00,22.838531,12.421631,371.3914,100726.984,0.0,2.3986077
2004-06-05 12:00:00,23.226654,12.910126,369.8586,100527.78,0.0,2.4052918
2004-06-06 12:00:00,23.185852,13.204742,369.85565,100186.195,8.028968e-09,2.6228917
2004-06-07 12:00:00,22.507324,13.494843,370.87473,99910.445,0.0,2.724387
2004-06-08 12:00:00,21.345215,14.2890625,372.67688,100195.195,0.0,5.115231
2004-06-09 12:00:00,22.073547,11.886963,374.49213,100639.28,0.0,3.0052454
2004-06-10 12:00:00,22.391235,12.9201355,368.12488,100762.59,5.060639e-07,2.7526531
2004-06-11 12:00:00,21.689575,12.86969,339.67456,100623.03,3.533323e-06,2.595464
2004-06-12 12:00:00,19.727509,14.52066,295.9946,100617.086,8.971528e-06,4.2067165
2004-06-13 12:00:00,18.498444,13.765015,331.4522,100955.71,5.8479606e-07,4.2909155
2004-06-14 12:00:00,23.04654,11.858246,368.63776,101445.27,3.497893e-08,3.0235465
2004-06-15 12:00:00,24.562317,12.598419,379.54218,101299.74,0.0,3.0892239
2004-06-16 12:00:00,24.141937,14.144226,377.37527,100740.21,0.0,3.8974662
2004-06-17 12:00:00,23.492126,14.086884,368.71466,100258.85,0.0,2.973918
2004-06-18 12:00:00,23.324158,14.29126,337.8434,100209.234,0.0,3.0286398
2004-06-19 12:00:00,21.87973,14.865509,368.09573,100494.95,0.0,4.5825276
2004-06-20 12:00:00,20.403442,13.567627,366.0583,100671.01,7.0992584e-08,3.714366
2004-06-21 12:00:00,20.144318,12.909241,348.67657,100681.27,3.1833721e-07,3.421695
2004-06-22 12:00:00,19.14206,14.536224,297.38757,100769.414,6.242493e-06,4.2710395
2004-06-23 12:00:00,19.057709,13.379517,331.499,100904.09,1.1447408e-06,3.6364539
2004-06-24 12:00:00,20.354706,13.752869,358.5925,100980.79,4.5238192e-08,3.8813238
2004-06-25 12:00:00,20.497803,15.539917,293.43286,100935.11,2.8055726e-07,3.618243
2004-06-26 12:00:00,20.357635,16.222351,254.23062,100835.164,4.2601714e-06,4.092592
2004-06-27 12:00:00,20.117218,15.861542,300.98587,100760.91,1.15705e-06,3.776097
2004-06-28 12:00:00,20.536652,16.243713,292.09665,100855.6,4.449971e-06,3.7472754
2004-06-29 12:00:00,20.930817,16.03064,312.138,100811.016,4.788142e-07,4.150585
2004-06-30 12:00:00,20.383087,16.291382,309.88956,100761.25,1.8754059e-06,4.3913064
2004-07-01 12:00:00,19.770386,15.919464,311.0529,100787.02,4.97818e-06,4.0925617
2004-07-02 12:00:00,21.677917,15.895325,332.2956,100767.96,3.4060222e-06,3.8898022
2004-07-03 12:00:00,21.458954,15.334351,366.86102,100736.44,0.0,4.424605
2004-07-04 12:00:00,21.190155,15.623901,333.9125,100709.2,1.5412494e-06,3.9646354
2004-07-05 12:00:00,22.507385,15.930664,366.63928,100879.35,4.3263892e-08,4.272314
2004-07-06 12:00:00,22.196442,15.789673,371.94424,101079.25,0.0,5.466881
2004-07-07 12:00:00,22.957,16.160095,370.2091,101060.36,0.0,5.3997326
2004-07-08 12:00:00,23.549683,14.603088,367.12604,100818.13,0.0,2.9840786
2004-07-09 12:00:00,23.180084,15.117493,363.04556,100788.14,2.3788784e-08,3.0309947
2004-07-10 12:00:00,23.98819,16.066132,359.77792,100800.26,5.387021e-08,3.0333035
2004-07-11 12:00:00,23.676086,15.881165,365.15863,100634.37,1.20796315e-08,3.2757058
2004-07-12 12:00:00,24.616028,14.462524,366.82498,100450.68,2.1068336e-08,2.545153
2004-07-13 12:00:00,23.601257,17.227325,347.47116,100595.305,3.634356e-07,3.9825993
2004-07-14 12:00:00,22.717407,16.19992,345.36288,100843.64,3.9241886e-06,2.9559715
2004-07-15 12:00:00,23.531036,14.886322,331.5859,100964.04,3.2542011e-06,2.8207598
2004-07-16 12:00:00,23.781128,15.961487,352.1968,100833.42,2.5574894e-07,2.9962506
2004-07-17 12:00:00,23.899292,16.633331,328.078,100625.086,3.3660643e-07,2.9470694
2004-07-18 12:00:00,23.67929,16.534515,317.3438,100522.98,1.1162086e-06,2.7088063
2004-07-19 12:00:00,23.55075,17.416718,324.94336,100669.42,2.3885166e-06,2.9960501
2004-07-20 12:00:00,23.400787,16.82138,333.70807,100759.61,3.4769073e-06,2.84163
2004-07-21 12:00:00,23.283813,16.529175,317.66483,100827.3,3.5285987e-06,2.7734902
2004-07-22 12:00:00,24.987335,16.026947,349.69998,100713.89,0.0,2.9456825
2004-07-23 12:00:00,24.312286,16.253601,347.84927,100619.77,4.5973902e-08,3.6244528
2004-07-24 12:00:00,23.97873,16.56308,356.46436,100485.305,0.0,4.1580606
2004-07-25 12:00:00,23.742462,15.80188,358.1968,100451.8,0.0,3.7931323
2004-07-26 12:00:00,23.88095,15.697815,354.47174,100533.4,1.70167e-08,3.6714566
2004-07-27 12:00:00,24.330078,15.680267,345.46515,100615.95,0.0,3.1098924
2004-07-28 12:00:00,24.795319,17.236969,330.86597,100699.32,0.0,2.7018058
2004-07-29 12:00:00,25.622742,17.501526,334.51437,100451.1,0.0,2.4612648
2004-07-30 12:00:00,25.038025,16.754639,347.2724,100344.97,0.0,3.007154
2004-07-31 12:00:00,24.099884,16.787506,326.99335,100526.7,7.8383245e-08,3.085146
2004-08-01 12:00:00,23.347687,17.841461,326.9374,100815.94,2.6961587e-08,4.1654053
2004-08-02 12:00:00,24.33908,17.484436,347.1683,100969.77,0.0,4.233915
2004-08-03 12:00:00,24.813202,15.496704,350.46973,100821.37,0.0,3.232036
2004-08-04 12:00:00,24.300323,15.888214,345.4782,100647.586,1.200626e-07,3.4268603
2004-08-05 12:00:00,22.075134,17.40628,285.62036,100914.98,5.693054e-06,4.5003347
2004-08-06 12:00:00,22.346222,16.942963,317.6454,100968.79,4.0333512e-07,4.566098
2004-08-07 12:00:00,24.136047,16.487305,301.52045,100790.664,0.0,3.7956598
2004-08-08 12:00:00,23.944153,17.41101,266.64197,100613.31,1.0934656e-06,4.1096506
2004-08-09 12:00:00,21.995605,17.672852,262.6798,100874.77,5.8448127e-06,3.6858885
2004-08-10 12:00:00,22.821472,16.680908,293.98798,100875.61,2.2808601e-06,3.5001128
2004-08-11 12:00:00,22.847656,18.138184,310.93094,100771.9,3.8565645e-07,3.8479958
2004-08-12 12:00:00,24.060211,16.52649,314.89594,100721.94,1.03276e-06,3.1482956
2004-08-13 12:00:00,23.579712,17.131653,326.90222,100515.16,0.0,4.1754503
2004-08-14 12:00:00,23.251099,16.431915,329.32733,100781.36,9.468249e-09,3.6862338
2004-08-15 12:00:00,22.919159,15.864441,280.14087,100990.97,3.8098603e-06,3.284843
2004-08-16 12:00:00,24.390442,15.586212,328.91467,100988.055,7.6555395e-08,3.442662
2004-08-17 12:00:00,24.284088,15.608002,312.0914,100804.805,4.5643807e-07,2.9160552
2004-08-18 12:00:00,23.376984,16.80838,276.93958,100642.0,5.9219237e-06,3.042433
2004-08-19 12:00:00,23.969666,17.23468,298.98666,100745.695,2.976821e-06,3.6487794
2004-08-20 12:00:00,24.51065,16.726837,310.0746,100799.234,2.1795916e-08,3.724126
2004-08-21 12:00:00,24.049957,17.469849,220.3082,100865.37,0.0,3.7065995
2004-08-22 12:00:00,24.458893,16.854065,289.47095,100966.195,0.0,3.562653
2004-08-23 12:00:00,25.027832,15.440277,313.03418,100925.086,0.0,3.1095638
2004-08-24 12:00:00,24.606384,16.342133,312.5192,100818.94,0.0,3.8128626
2004-08-25 12:00:00,25.02655,16.12091,306.073,100722.625,0.0,2.9978714
2004-08-26 12:00:00,24.7883,17.449799,293.6581,100744.086,5.647177e-08,3.0447803
2004-08-27 12:00:00,24.22882,18.502197,280.82803,100642.984,3.3178327e-07,4.1373787
2004-08-28 12:00:00,23.211761,18.730194,242.95023,100514.82,4.2967386e-06,3.863528
2004-08-29 12:00:00,22.618042,18.259216,249.33984,100461.41,3.3738143e-06,3.463177
2004-08-30 12:00:00,21.934662,18.129822,236.33775,100553.89,7.995504e-06,3.89643
2004-08-31 12:00:00,22.134277,18.075378,215.70724,100698.3,7.235804e-06,3.6011136
2004-09-01 12:00:00,21.527771,17.55127,248.12305,100802.77,7.672402e-06,3.6507504
2004-09-02 12:00:00,20.903778,17.006195,207.74464,100775.12,5.724889e-06,3.4493032
2004-09-03 12:00:00,20.15561,16.834717,196.98659,100656.55,9.8018e-06,3.0944715
2004-09-04 12:00:00,21.185059,15.084595,242.97087,100672.21,4.4532394e-06,2.8206522
2004-09-05 12:00:00,21.209045,14.733643,254.39807,100598.195,5.421004e-07,3.552452
2004-09-06 12:00:00,21.161133,16.212738,263.9673,100667.48,1.368904e-06,3.8487904
2004-09-07 12:00:00,20.825287,15.681244,250.95552,100870.1,5.1241346e-07,3.5575645
2004-09-08 12:00:00,20.615875,16.389038,243.94609,101106.99,7.665721e-06,3.6662145
2004-09-09 12:00:00,24.242004,14.718292,273.16547,100931.09,0.0,3.5829716
2004-09-10 12:00:00,23.910095,15.669586,288.7168,100426.375,0.0,4.797624
2004-09-11 12:00:00,22.306458,15.903503,284.80524,100484.29,0.0,6.122719
2004-09-12 12:00:00,22.764984,12.868256,280.49673,100661.1,0.0,2.9072225
2004-09-13 12:00:00,22.074097,12.698547,254.04828,100426.74,0.0,3.2234771
2004-09-14 12:00:00,21.015259,16.262512,191.0525,100591.35,5.553907e-06,2.7455149
2004-09-15 12:00:00,23.494019,13.6883545,260.3787,100861.72,8.2931386e-08,2.270038
2004-09-16 12:00:00,21.602112,15.775757,81.508125,100588.53,0.00021652276,1.7167703
2004-09-17 12:00:00,17.824188,15.151825,166.83025,100829.72,1.0875705e-05,3.280123
2004-09-18 12:00:00,22.122986,12.424713,269.84714,101003.6,0.0,2.8281996
2004-09-19 12:00:00,22.604156,12.817169,266.08246,100779.516,0.0,1.6483004
2004-09-20 12:00:00,21.899658,13.5243225,158.68106,100755.93,4.2135614e-08,2.0702693
2004-09-21 12:00:00,19.334686,14.200989,159.94142,101049.46,2.6166022e-06,3.1382005
2004-09-22 12:00:00,20.591064,11.732697,256.42084,100877.24,0.0,2.4935899
2004-09-23 12:00:00,19.844208,13.947632,199.45535,100475.44,2.3650225e-06,3.1654413
2004-09-24 12:00:00,18.629883,15.177948,184.25427,100694.234,7.570946e-06,3.9058404
2004-09-25 12:00:00,19.167206,13.434601,232.45924,101080.67,1.1734097e-06,3.3195062
2004-09-26 12:00:00,20.193176,14.194031,245.76064,101072.2,0.0,4.1553345
2004-09-27 12:00:00,22.694153,12.083557,247.66432,100858.63,0.0,1.5491291
2004-09-28 12:00:00,25.50943,13.890198,259.17227,100880.36,0.0,1.8562688
2004-09-29 12:00:00,25.787903,11.7969055,255.49228,101027.28,0.0,1.0346746
2004-09-30 12:00:00,26.84018,12.426147,255.28839,100944.26,0.0,1.6849419
2004-10-01 12:00:00,26.06015,11.276703,222.6586,100590.23,5.0741714e-06,1.7554374
2004-10-02 12:00:00,21.586151,12.196869,211.65271,100289.06,3.4282625e-06,2.3265533
2004-10-03 12:00:00,19.501404,13.176605,214.53703,100335.77,4.5618667e-06,3.05088
2004-10-04 12:00:00,19.593597,11.595551,222.62566,100565.445,1.6246296e-06,2.587733
2004-10-05 12:00:00,19.932556,11.604523,218.65913,100526.41,5.693114e-07,2.1911547
2004-10-06 12:00:00,20.002777,12.066101,204.69812,100354.75,6.5528087e-07,2.2148533
2004-10-07 12:00:00,19.292145,12.306976,167.65968,100304.12,2.7382312e-06,2.6021738
2004-10-08 12:00:00,19.149048,12.801117,199.34293,100574.336,5.705001e-06,2.3931684
2004-10-09 12:00:00,20.290588,10.883728,216.12198,100694.555,1.3571467e-06,2.2067664
2004-10-10 12:00:00,19.815155,11.729034,203.60344,100390.69,0.0,2.5474343
2004-10-11 12:00:00,19.996307,11.351715,217.56456,100146.445,9.676114e-08,2.440014
2004-10-12 12:00:00,18.904694,12.649506,163.78728,100471.88,3.5125609e-06,3.198674
2004-10-13 12:00:00,17.686157,12.291626,189.42249,100900.734,3.444591e-06,3.2278144
2004-10-14 12:00:00,17.22232,11.717224,152.65132,100942.01,8.529593e-07,3.4368498
2004-10-15 12:00:00,18.652527,12.17569,185.54597,100827.625,5.017221e-07,3.3187163
2004-10-16 12:00:00,17.971497,11.161499,125.907845,100717.94,1.6742499e-06,2.7723958
2004-10-17 12:00:00,17.184723,14.758179,48.98317,100513.98,0.00017245853,3.9227397
2004-10-18 12:00:00,16.888489,12.6770935,73.92324,99658.195,0.000417897,6.4427285
2004-10-19 12:00:00,15.653076,11.089294,190.98618,99833.03,0.000100196514,4.186965
2004-10-20 12:00:00,15.827728,9.9552,196.6448,100857.28,0.0,2.7856526
2004-10-21 12:00:00,17.099915,10.447174,185.76735,100993.51,0.0,0.7268747
2004-10-22 12:00:00,20.01059,11.265778,163.691,100835.05,0.0,1.3393517
2004-10-23 12:00:00,20.089905,15.954712,39.596092,100627.53,4.7557006e-07,1.9667691
2004-10-24 12:00:00,19.154236,14.676544,144.5268,100502.46,8.167044e-05,4.024019
2004-10-25 12:00:00,18.387665,13.579376,183.12839,100930.64,1.4572609e-06,1.4206433
2004-10-26 12:00:00,20.798523,15.257507,145.95186,100467.7,4.6185783e-06,0.9797503
2004-10-27 12:00:00,21.056244,14.446289,169.93947,100212.08,1.1243554e-06,0.58535707
2004-10-28 12:00:00,20.78476,13.378632,155.53252,99953.61,2.800286e-07,2.3911307
2004-10-29 12:00:00,17.072418,14.432312,53.829853,100367.02,0.00015582118,4.508325
2004-10-30 12:00:00,16.643402,14.167725,55.590984,101015.766,2.8060278e-05,3.556413
2004-10-31 12:00:00,16.478516,15.136444,28.4781,101119.55,0.00018835299,5.7062926
2004-11-01 12:00:00,15.449493,12.452515,71.28329,101384.766,0.0,4.2554436
2004-11-02 12:00:00,14.810913,9.184387,171.86049,101315.69,0.0,3.5267544
2004-11-03 12:00:00,14.823669,9.841003,75.695946,101306.75,6.6089274e-06,2.7905464
2004-11-04 12:00:00,16.273773,13.419556,158.58727,101369.016,8.912166e-05,2.1408896
2004-11-05 12:00:00,17.17389,10.203247,163.67044,101292.27,1.2015815e-07,0.7401281
2004-11-06 12:00:00,16.969727,11.056946,102.30289,100770.38,3.0297088e-08,1.6491351
2004-11-07 12:00:00,16.085846,11.163666,162.39392,100894.89,1.1233585e-06,5.5962257
2004-11-08 12:00:00,14.976837,8.841095,163.77042,101235.73,0.0,5.1416063
2004-11-09 12:00:00,14.7453,7.235321,145.90746,101086.375,0.0,2.5269556
2004-11-10 12:00:00,16.72879,9.417786,159.65031,101296.82,0.0,3.2416213
2004-11-11 12:00:00,16.424225,7.6037903,137.2186,101493.805,4.641422e-08,2.9686348
2004-11-12 12:00:00,15.356201,8.499939,156.27208,101394.62,0.0,5.684873
2004-11-13 12:00:00,17.025818,11.0720825,152.92506,101285.59,0.0,5.404243
2004-11-14 12:00:00,16.387756,7.47937,147.2319,101192.1,0.0,1.3763024
2004-11-15 12:00:00,15.268524,9.819641,153.80481,100920.03,0.0,5.3235598
2004-11-16 12:00:00,14.746216,7.4269714,117.96802,101156.15,4.0971468e-08,3.0142994
2004-11-17 12:00:00,13.2725525,9.423645,144.13997,101474.2,0.000116129224,3.277223
2004-11-18 12:00:00,13.765289,6.770874,139.20578,101961.71,0.0,1.5067573
2004-11-19 12:00:00,14.468079,7.522217,128.55016,102174.3,0.0,1.2738174
2004-11-20 12:00:00,15.282684,9.074402,124.14701,102087.48,3.4080065e-07,1.2592158
2004-11-21 12:00:00,16.57544,9.859955,118.587265,101926.53,6.9462584e-07,2.19929
2004-11-22 12:00:00,16.402283,8.93042,135.60823,101572.305,0.0,5.257831
2004-11-23 12:00:00,14.666199,6.6996155,142.90063,100649.06,0.0,4.9976196
2004-11-24 12:00:00,11.8845825,4.734741,143.26147,100930.16,0.0,4.315846
2004-11-25 12:00:00,12.172302,4.4413757,136.72745,101343.99,2.2255724e-09,2.818739
2004-11-26 12:00:00,12.483551,4.7052917,125.89853,101413.22,1.4455437e-06,2.3307095
2004-11-27 12:00:00,13.926514,7.867279,134.1305,101662.64,0.0,2.5611296
2004-11-28 12:00:00,14.967804,4.7884216,133.82407,101721.22,1.3195614e-07,1.7632259
2004-11-29 12:00:00,14.469727,8.816193,131.82079,101590.484,1.551826e-08,5.000898
2004-11-30 12:00:00,16.492737,8.351746,133.98347,101566.08,0.0,5.4339123
2004-12-01 12:00:00,16.044006,7.0826416,130.58195,102021.86,0.0,2.1326628
2004-12-02 12:00:00,14.433777,4.7381287,130.18355,101694.305,0.0,1.4404083
2004-12-03 12:00:00,13.14502,8.079285,123.12773,101188.56,1.7556711e-05,4.8952975
2004-12-04 12:00:00,11.989716,8.141022,114.85716,101381.805,0.0,6.5315394
2004-12-05 12:00:00,12.7482605,9.369568,61.072865,101251.8,4.713926e-05,4.006036
2004-12-06 12:00:00,12.3497925,11.011017,49.07401,101304.53,3.1889937e-05,3.5866597
2004-12-07 12:00:00,12.224365,9.244812,27.576172,100883.734,0.00025341127,4.1652207
2004-12-08 12:00:00,12.390167,7.5830994,114.1271,100866.01,3.354867e-05,2.604419
2004-12-09 12:00:00,11.8349,3.9283447,127.4005,101396.97,0.0,1.7727947
2004-12-10 12:00:00,10.041473,3.5014954,111.85923,101662.45,1.2833123e-08,1.4062622
2004-12-11 12:00:00,10.591339,5.010956,127.06531,101196.73,2.2657399e-07,5.318826
2004-12-12 12:00:00,14.100586,8.735992,128.56544,100872.02,0.0,5.7842627
2004-12-13 12:00:00,12.857056,1.5956421,122.18955,101383.47,2.3663128e-07,1.9335475
2004-12-14 12:00:00,9.161255,1.2235413,114.12484,101840.48,1.1467195e-06,2.192812
2004-12-15 12:00:00,12.357391,4.51709,121.122375,101652.516,1.9989425e-07,0.58526826
2004-12-16 12:00:00,11.309296,2.119934,96.144394,101661.54,5.2512905e-07,2.7388334
2004-12-17 12:00:00,9.5460205,1.8710632,123.93578,101642.98,4.6218773e-08,2.334292
2004-12-18 12:00:00,10.890503,2.6467896,114.27518,101459.1,4.0274443e-07,1.886459
2004-12-19 12:00:00,10.377838,5.766327,63.197857,101174.87,2.447166e-06,1.0515022
2004-12-20 12:00:00,10.771149,4.213623,115.154686,100695.14,8.15149e-09,2.5184186
2004-12-21 12:00:00,12.76828,5.447998,33.900604,100291.41,0.00025558186,3.5639246
2004-12-22 12:00:00,13.059784,9.025787,90.87246,100083.3,0.0003008274,3.2899187
2004-12-23 12:00:00,11.18808,7.3631287,109.48155,100076.72,0.0001467137,2.4568622
2004-12-24 12:00:00,10.357941,5.225067,121.809746,100738.36,3.4508776e-06,2.6680598
2004-12-25 12:00:00,12.471588,4.376007,123.82119,101071.15,0.0,0.6340921
2004-12-26 12:00:00,11.885193,2.1478882,113.17158,101356.055,3.479114e-07,1.0187312
2004-12-27 12:00:00,10.884491,2.4039001,109.88583,101475.32,1.6112729e-06,0.796503
2004-12-28 12:00:00,11.087769,4.9353027,121.66125,101523.41,0.0,1.8762873
2004-12-29 12:00:00,9.152283,2.2711487,116.34957,101925.32,1.130353e-06,3.087166
2004-12-30 12:00:00,10.879608,4.599884,94.250084,101889.836,6.582675e-09,1.936389
2004-12-31 12:00:00,10.806915,4.3572693,91.11306,101667.18,1.1718191e-06,1.4961601
2005-01-01 12:00:00,10.484436,3.7981873,118.99555,101573.836,3.6922293e-07,2.103253
2005-01-02 12:00:00,10.382507,3.7745972,123.3017,101343.625,4.1309517e-07,2.6142824
2005-01-03 12:00:00,11.319305,3.6947327,123.514,101124.28,4.3738592e-07,2.5642292
2005-01-04 12:00:00,10.913696,2.7693176,72.5457,101062.56,1.5385605e-06,2.7657046
2005-01-05 12:00:00,10.966797,6.013092,90.94314,100994.91,3.3177117e-09,2.7618475
2005-01-06 12:00:00,12.883362,6.9057007,104.38643,100547.73,0.0,2.3135705
2005-01-07 12:00:00,12.43045,5.412903,46.61467,100623.11,4.5181255e-06,2.3185766
2005-01-08 12:00:00,10.544861,3.8641968,100.23039,101309.67,1.1114455e-06,1.4518771
2005-01-09 12:00:00,9.104858,4.6929626,109.33686,101780.81,1.8921335e-07,2.749321
2005-01-10 12:00:00,8.998962,3.6177368,77.97337,101713.5,9.984157e-07,3.462745
2005-01-11 12:00:00,10.587982,4.871582,98.981224,101364.78,3.5548487e-07,2.904492
2005-01-12 12:00:00,12.898834,6.2074585,99.87785,101118.8,0.0,2.0747302
2005-01-13 12:00:00,12.858826,5.319153,127.92696,100901.484,6.068991e-07,0.552891
2005-01-14 12:00:00,12.896851,4.5694885,135.63179,100962.0,1.7462247e-07,1.5119398
2005-01-15 12:00:00,12.559143,5.961212,76.27844,100917.31,8.168322e-06,1.6452948
2005-01-16 12:00:00,10.292694,6.0925903,95.90328,101052.91,1.364053e-06,3.433363
2005-01-17 12:00:00,9.569183,3.0713806,129.76373,101216.414,4.564095e-07,2.0303822
2005-01-18 12:00:00,10.961121,3.8604126,29.823908,100581.68,0.00014106062,3.7153118
2005-01-19 12:00:00,12.232666,8.988373,21.576675,99707.875,0.0005584755,4.301087
2005-01-20 12:00:00,12.423187,11.062042,37.40662,99480.56,0.00013478425,6.6318393
2005-01-21 12:00:00,12.323517,10.435974,51.48972,99997.64,0.00019407396,5.3747616
2005-01-22 12:00:00,12.860382,10.7282715,113.33611,100412.27,0.00013151279,4.031226
2005-01-23 12:00:00,12.112701,9.36203,101.293594,101063.445,0.00015102579,2.7394261
2005-01-24 12:00:00,11.6371155,6.733185,111.81026,101273.54,9.43538e-06,0.7539196
2005-01-25 12:00:00,12.845764,8.663696,80.02075,100865.33,0.00023914428,3.7228124
2005-01-26 12:00:00,12.756622,10.597412,83.31825,101599.87,2.2013015e-05,2.2643661
2005-01-27 12:00:00,14.503143,10.216675,116.07484,101796.086,3.5606624e-06,0.7881516
2005-01-28 12:00:00,14.7717285,11.122101,93.246666,101524.6,0.0,0.22191402
2005-01-29 12:00:00,14.810455,11.718964,53.933647,101037.805,4.0957228e-05,1.6965767
2005-01-30 12:00:00,13.831268,11.3029175,107.39215,101026.28,0.000102162456,3.0508246
2005-01-31 12:00:00,12.350739,6.9108276,79.66573,100858.41,1.9710325e-07,1.1219323
2005-02-01 12:00:00,12.131714,9.904053,70.444305,100079.28,0.00018987326,2.440659
2005-02-02 12:00:00,11.781677,8.630493,85.063835,100416.086,0.00023477827,1.7485592
2005-02-03 12:00:00,11.515259,7.307556,55.37327,100753.414,1.0184821e-05,1.5646069
2005-02-04 12:00:00,11.978088,9.640442,110.69107,100799.91,0.000109374385,2.2130866
2005-02-05 12:00:00,13.218658,5.692169,170.8337,101099.66,0.0,1.770914
2005-02-06 12:00:00,13.059357,6.3745728,168.67822,100887.75,0.0,1.4833884
2005-02-07 12:00:00,11.795044,7.7041016,35.43004,100801.51,0.00020503836,2.983822
2005-02-08 12:00:00,9.297058,5.8067627,128.13092,101215.73,8.893507e-06,1.8631849
2005-02-09 12:00:00,10.814728,3.9806519,170.69023,101181.95,1.1358836e-06,1.5209953
2005-02-10 12:00:00,10.61618,3.9303894,82.5617,100933.24,1.6658329e-06,1.7168947
2005-02-11 12:00:00,12.672882,7.3373413,79.887695,100532.945,0.00019720804,3.4943464
2005-02-12 12:00:00,12.645721,10.074402,40.495792,100390.234,0.00011400148,5.6798916
2005-02-13 12:00:00,13.611084,11.057495,27.962826,100077.51,0.00037856153,8.001695
2005-02-14 12:00:00,12.182709,9.404083,64.636086,99771.23,0.0010389042,1.4133326
2005-02-15 12:00:00,12.637756,9.536835,63.154102,99011.1,0.00031352043,4.775979
2005-02-16 12:00:00,12.258453,8.972748,16.32393,99837.48,0.00067145645,7.888172
2005-02-17 12:00:00,13.387207,11.759796,90.999954,99817.18,0.0005848013,7.706359
2005-02-18 12:00:00,12.962524,11.403137,37.091267,100038.28,0.00027572,4.6013074
2005-02-19 12:00:00,12.694458,8.921448,96.01299,99803.72,0.00018657987,6.65183
2005-02-20 12:00:00,12.621429,8.252777,151.5985,101270.66,2.383736e-06,2.0652823
2005-02-21 12:00:00,14.312866,8.566956,156.16258,101629.57,0.0,1.5636392
2005-02-22 12:00:00,14.094086,11.034454,37.90299,101295.22,0.00025902042,4.2129283
2005-02-23 12:00:00,12.786591,8.15332,148.57767,101473.45,7.954941e-06,1.9676824
2005-02-24 12:00:00,12.69635,6.6517334,115.662964,101418.77,3.0409846e-09,1.2073492
2005-02-25 12:00:00,12.61853,9.202393,161.16411,101333.64,0.0,2.1309364
2005-02-26 12:00:00,13.41626,6.4948425,185.59822,101238.71,0.0,0.763299
2005-02-27 12:00:00,14.956665,10.472229,64.92157,100654.34,2.87871e-05,3.066614
2005-02-28 12:00:00,14.412231,11.204102,158.18385,100681.18,0.0001934494,3.4575849
2005-03-01 12:00:00,14.311096,10.914642,35.23961,100546.21,0.0004127717,6.5847073
2005-03-02 12:00:00,13.594147,10.982117,122.7459,99937.21,0.00027392842,5.7983923
2005-03-03 12:00:00,12.639679,7.9984436,106.51762,99910.29,0.0003022687,6.496808
2005-03-04 12:00:00,10.553619,7.505249,87.97516,100894.555,3.9353894e-05,2.2394202
2005-03-05 12:00:00,12.2265625,9.022339,136.83203,100640.03,0.00023328328,3.9184494
2005-03-06 12:00:00,12.232422,7.8240356,224.21997,101182.61,1.3369633e-05,3.9630113
2005-03-07 12:00:00,12.03772,6.900879,180.97612,101390.305,0.0,3.815521
2005-03-08 12:00:00,11.059753,7.65152,203.95285,101222.49,9.973069e-05,4.21877
2005-03-09 12:00:00,13.114716,5.9596252,239.5617,101442.89,2.6002664e-10,3.620397
2005-03-10 12:00:00,12.734314,5.528778,208.75073,101991.195,0.0,2.0326579
2005-03-11 12:00:00,14.269012,5.6765747,237.79346,102184.34,6.711564e-08,1.3159046
2005-03-12 12:00:00,15.851471,7.367401,244.04413,101853.086,1.1715777e-09,1.44435
2005-03-13 12:00:00,15.9383545,8.2152405,233.45634,101001.38,0.0,1.4469633
2005-03-14 12:00:00,15.03006,7.3703613,253.11378,100522.33,0.0,6.286534
2005-03-15 12:00:00,12.674866,7.0177917,193.12427,100663.516,1.6375214e-06,5.436285
2005-03-16 12:00:00,11.89093,9.897736,135.7227,101024.85,1.4091078e-05,4.618988
2005-03-17 12:00:00,12.750519,10.304779,141.87653,101360.52,1.7526374e-05,3.0576065
2005-03-18 12:00:00,14.501434,8.868652,230.30542,101253.52,7.445654e-07,2.4126253
2005-03-19 12:00:00,14.380402,8.172058,203.12971,100926.52,1.2347192e-06,2.2576716
2005-03-20 12:00:00,12.794159,8.818512,144.97331,101183.125,4.579943e-05,3.8849351
2005-03-21 12:00:00,12.98822,6.4324036,269.6628,101815.53,1.7012454e-08,4.5070877
2005-03-22 12:00:00,12.937988,6.91922,273.00992,101416.74,0.0,5.0886803
2005-03-23 12:00:00,12.781433,4.508301,258.54202,101292.445,0.0,2.77302
2005-03-24 12:00:00,13.225281,5.1131897,274.1707,100736.54,2.9764879e-08,3.0353844
2005-03-25 12:00:00,12.684998,9.0737,99.19453,99852.81,0.00025774766,6.721986
2005-03-26 12:00:00,9.759277,7.240692,92.23907,100246.33,0.00024854115,4.369784
2005-03-27 12:00:00,12.86969,7.403778,243.43121,101128.0,3.6294616e-05,1.8660135
2005-03-28 12:00:00,13.210022,6.655304,273.50348,101317.67,0.0,2.8820763
2005-03-29 12:00:00,15.123108,6.852051,281.99814,101493.74,0.0,2.413765
2005-03-30 12:00:00,15.265839,6.975403,289.1225,101286.125,0.0,2.1549594
2005-03-31 12:00:00,13.885773,6.960205,228.65428,100833.58,0.0,2.2847478
2005-04-01 12:00:00,15.500946,6.991577,267.58777,100478.68,0.0,1.8608917
2005-04-02 12:00:00,16.342712,8.274658,286.6276,100401.234,0.0,1.9234008
2005-04-03 12:00:00,15.73056,9.250275,280.01678,100160.75,2.7187258e-07,3.3966992
2005-04-04 12:00:00,14.28775,8.626495,249.29413,100757.26,2.3809419e-06,2.4141264
2005-04-05 12:00:00,13.404419,8.372894,143.40733,101073.016,2.2085787e-06,2.9232273
2005-04-06 12:00:00,13.631317,10.306427,225.88805,100784.11,6.1377123e-06,2.6696055
2005-04-07 12:00:00,12.991364,9.523254,141.81403,100840.81,4.9500654e-06,3.1236634
2005-04-08 12:00:00,14.941925,9.257507,202.78046,100698.586,1.4817177e-06,2.926383
2005-04-09 12:00:00,14.546143,8.943207,296.27454,100595.48,0.0,5.2957892
2005-04-10 12:00:00,14.9140625,7.5830383,302.40744,100860.36,0.0,2.7481465
2005-04-11 12:00:00,14.38559,8.808777,126.21297,101084.055,1.559371e-06,2.550115
2005-04-12 12:00:00,12.992981,9.473755,149.31685,100820.695,0.00012404352,3.019029
2005-04-13 12:00:00,15.660645,9.533691,296.91602,100347.87,8.058675e-06,2.6579401
2005-04-14 12:00:00,15.437805,9.379028,267.8859,100587.984,0.0,3.5172002
2005-04-15 12:00:00,16.632141,8.503876,312.32404,100839.22,0.0,2.4149537
2005-04-16 12:00:00,17.032043,8.973724,314.7141,100844.99,0.0,2.2799737
2005-04-17 12:00:00,19.046936,9.194,317.71573,100721.055,7.581083e-09,1.976427
2005-04-18 12:00:00,18.713379,10.473907,302.26547,100973.81,6.158318e-07,2.431507
2005-04-19 12:00:00,16.417511,9.037109,320.0218,101295.46,0.0,4.1979275
2005-04-20 12:00:00,15.719513,9.060333,327.14865,101582.62,0.0,6.0942917
2005-04-21 12:00:00,17.118195,8.100555,334.93506,101338.07,0.0,4.413704
2005-04-22 12:00:00,16.90857,10.9729,325.91006,101101.22,0.0,5.626004
2005-04-23 12:00:00,18.644928,10.292297,325.00656,100944.67,0.0,3.793802
2005-04-24 12:00:00,18.324982,9.7925415,328.86642,100636.445,0.0,2.7198071
2005-04-25 12:00:00,17.4534,8.282867,310.27087,100528.47,5.6650526e-07,2.7896535
2005-04-26 12:00:00,16.330994,10.32605,256.3895,100667.21,8.895646e-06,3.4972463
2005-04-27 12:00:00,13.729919,10.436188,203.82976,100494.42,8.145037e-05,4.0675306
2005-04-28 12:00:00,13.457306,9.568237,194.39925,100829.24,3.7290614e-05,6.2501383
2005-04-29 12:00:00,13.568207,10.102997,137.57976,101150.95,2.356116e-05,3.3323925
2005-04-30 12:00:00,12.679321,7.858032,302.98828,101036.22,9.13241e-06,4.4836283
2005-05-01 12:00:00,14.52655,8.210144,282.74255,101245.98,0.0,3.7333245
2005-05-02 12:00:00,14.620911,9.148529,213.46126,101073.336,3.7872007e-06,3.2513816
2005-05-03 12:00:00,14.892242,9.313995,321.45215,101014.57,2.7657192e-05,4.3959603
2005-05-04 12:00:00,15.218506,9.912872,278.8032,101195.26,0.0,4.766871
2005-05-05 12:00:00,18.011292,8.658813,348.1675,101301.29,1.2797928e-08,3.9692519
2005-05-06 12:00:00,22.40213,10.464996,348.99893,100855.28,0.0,3.1033893
2005-05-07 12:00:00,22.074615,10.424774,351.70303,100313.48,0.0,2.4124043
2005-05-08 12:00:00,21.13324,9.978546,348.7458,100227.37,0.0,2.5733638
2005-05-09 12:00:00,17.207367,11.03006,319.48703,100476.36,2.1509063e-06,3.2899122
2005-05-10 12:00:00,18.386719,10.688782,347.81064,100466.08,1.8745244e-08,2.8434
2005-05-11 12:00:00,19.327301,10.68222,351.2468,100533.07,0.0,2.7676506
2005-05-12 12:00:00,21.058167,11.017914,342.32727,100602.74,0.0,2.2093499
2005-05-13 12:00:00,20.780975,11.679932,296.13947,100558.48,0.0,2.4646409
2005-05-14 12:00:00,19.353577,10.545746,255.46674,100370.01,0.0,2.9008617
2005-05-15 12:00:00,16.575684,11.274231,345.9267,100437.16,0.0,4.466832
2005-05-16 12:00:00,17.051971,10.604584,361.5709,100612.87,0.0,4.7545385
2005-05-17 12:00:00,19.449036,9.95343,360.51407,100463.71,0.0,1.4038191
2005-05-18 12:00:00,21.23413,12.921112,368.47424,100345.84,0.0,3.2468212
2005-05-19 12:00:00,20.845215,10.549561,359.62546,100000.07,4.686311e-09,2.9265919
2005-05-20 12:00:00,17.401947,11.270386,325.21887,100182.336,4.848292e-07,3.9450662
2005-05-21 12:00:00,16.28415,11.952881,137.55096,100583.21,6.404101e-05,4.892656
2005-05-22 12:00:00,15.484161,9.329895,345.8208,100980.04,1.937509e-06,5.657024
2005-05-23 12:00:00,17.43695,10.32016,362.9466,100872.305,0.0,5.7444544
2005-05-24 12:00:00,19.602875,11.137421,372.5461,100848.516,0.0,4.2872005
2005-05-25 12:00:00,22.058472,11.179901,377.02927,100741.87,0.0,2.750184
2005-05-26 12:00:00,23.276703,10.470795,372.39032,100829.84,0.0,1.7136799
2005-05-27 12:00:00,22.997437,10.509491,366.4536,100800.48,8.392226e-07,2.0392208
2005-05-28 12:00:00,22.105835,10.543854,347.5486,100544.55,3.7283908e-06,2.3152225
2005-05-29 12:00:00,19.222473,12.438873,373.0505,100690.26,0.0,5.57846
2005-05-30 12:00:00,20.481812,12.314667,375.18628,100751.36,0.0,5.121019
2005-05-31 12:00:00,20.877258,11.678436,357.86176,100699.6,0.0,3.392601
2005-06-01 12:00:00,20.437866,11.171936,365.62045,100600.164,0.0,3.1450593
2005-06-02 12:00:00,19.771332,11.327942,372.24002,100578.51,6.571233e-08,3.287732
2005-06-03 12:00:00,20.857086,11.423248,359.35855,100905.27,1.4170814e-07,2.6298938
2005-06-04 12:00:00,21.538055,12.113892,370.0784,100713.55,1.929719e-07,2.4641385
2005-06-05 12:00:00,20.656647,11.626007,355.89764,100535.0,1.8799918e-06,2.6091833
2005-06-06 12:00:00,19.161316,12.310852,341.39987,100396.16,4.4077756e-06,3.1312444
2005-06-07 12:00:00,17.951233,13.036835,348.5794,100546.97,3.3393349e-07,4.841599
2005-06-08 12:00:00,19.052826,13.452209,369.47925,100580.92,0.0,4.788582
2005-06-09 12:00:00,18.111115,13.315063,375.56042,100795.75,0.0,5.795226
2005-06-10 12:00:00,20.626373,12.603699,374.75766,101034.625,0.0,4.6641445
2005-06-11 12:00:00,21.532227,12.210846,373.77737,100911.56,0.0,3.8022158
2005-06-12 12:00:00,20.909454,13.651611,374.13315,100753.375,0.0,5.1146603
2005-06-13 12:00:00,22.111969,13.280609,371.17438,100685.21,0.0,4.1168785
2005-06-14 12:00:00,21.86676,13.554047,373.31058,100538.02,0.0,5.092502
2005-06-15 12:00:00,21.579102,14.36795,377.21957,100608.55,0.0,5.2038617
2005-06-16 12:00:00,21.523071,12.732483,378.68033,100587.59,0.0,3.9257722
2005-06-17 12:00:00,21.376343,12.835663,372.68442,100876.67,0.0,4.0116773
2005-06-18 12:00:00,22.737732,11.739044,380.04498,100898.31,0.0,2.9161136
2005-06-19 12:00:00,23.668182,12.922516,377.12183,100767.94,0.0,3.4131732
2005-06-20 12:00:00,24.473602,14.726318,371.16034,100946.73,0.0,4.0857434
2005-06-21 12:00:00,23.052795,14.514282,378.69696,100925.29,0.0,5.7800307
2005-06-22 12:00:00,21.549072,15.03656,375.00485,100566.234,0.0,6.727738
2005-06-23 12:00:00,18.941132,14.957184,266.24384,100764.41,5.8046544e-06,4.1633234
2005-06-24 12:00:00,20.194366,13.500458,348.58716,101029.125,8.616165e-07,3.6455772
2005-06-25 12:00:00,21.331696,13.412079,367.21542,101123.95,0.0,4.107908
2005-06-26 12:00:00,24.263702,13.344574,372.4232,100757.625,0.0,2.8845835
2005-06-27 12:00:00,24.131042,14.793396,373.14948,100214.47,0.0,2.806651
2005-06-28 12:00:00,22.518738,14.721191,373.8807,100228.56,0.0,3.5961127
2005-06-29 12:00:00,23.91986,14.846039,371.847,100484.37,1.2163436e-10,2.8772917
2005-06-30 12:00:00,23.841614,14.919006,370.06476,100606.53,0.0,3.5519137
2005-07-01 12:00:00,24.10086,14.22113,370.0268,100599.766,0.0,2.8274176
2005-07-02 12:00:00,24.79773,15.163574,370.85684,100400.11,0.0,2.9980876
2005-07-03 12:00:00,24.369934,16.936676,369.67188,100377.41,0.0,5.487365
2005-07-04 12:00:00,21.622894,15.427124,357.55435,100550.07,1.063863e-07,3.5799642
2005-07-05 12:00:00,21.860382,14.211975,346.20892,100693.375,6.8699916e-07,3.0527115
2005-07-06 12:00:00,21.558167,15.67453,341.89407,100795.2,2.1118917e-06,3.7021973
2005-07-07 12:00:00,20.818298,15.953339,305.54575,100823.16,6.339342e-06,3.710299
2005-07-08 12:00:00,20.042542,14.865326,304.42447,100744.94,3.678787e-06,3.7715063
2005-07-09 12:00:00,20.911133,15.093536,349.69766,100714.195,1.6075614e-06,3.5439365
2005-07-10 12:00:00,22.365448,14.961365,328.3741,100734.88,2.4281306e-07,3.501512
2005-07-11 12:00:00,22.705597,14.902557,356.8933,100708.63,1.42567504e-08,3.366653
2005-07-12 12:00:00,22.183075,16.838745,320.09363,100685.5,2.2046129e-07,4.294082
2005-07-13 12:00:00,20.753296,16.3255,304.20602,100666.86,6.2340627e-07,5.2369733
2005-07-14 12:00:00,23.663147,14.782318,360.50092,100644.12,0.0,3.4976509
2005-07-15 12:00:00,23.332184,15.375885,362.1669,100636.125,0.0,3.338968
2005-07-16 12:00:00,22.622711,15.371826,352.48138,100735.39,2.0698809e-07,3.394619
2005-07-17 12:00:00,22.170746,16.28357,306.21762,100711.875,3.2730345e-06,3.5168684
2005-07-18 12:00:00,23.26117,15.75296,323.44156,100725.23,1.3127449e-07,3.0931013
2005-07-19 12:00:00,24.739502,16.072144,328.31216,100763.02,0.0,2.68032
2005-07-20 12:00:00,26.45047,15.235809,353.24832,100620.62,0.0,2.462816
2005-07-21 12:00:00,26.12439,15.127533,359.06638,100659.55,9.140909e-09,3.3189313
2005-07-22 12:00:00,23.704376,15.303223,359.3932,100643.336,4.8393705e-08,3.1612628
2005-07-23 12:00:00,23.005432,17.328033,336.80594,100627.19,3.0441463e-08,3.8379614
2005-07-24 12:00:00,24.931885,16.164642,351.6999,100642.15,1.26388775e-08,2.8196213
2005-07-25 12:00:00,25.112976,16.9693,354.67383,100343.85,2.3078064e-08,3.1202567
2005-07-26 12:00:00,24.486725,18.454926,333.7579,100302.1,4.3017621e-07,4.23827
2005-07-27 12:00:00,24.082397,17.642273,305.93338,100727.2,6.206957e-07,3.7861443
2005-07-28 12:00:00,24.141174,16.22815,330.91776,100913.97,3.911833e-07,2.9267628
2005-07-29 12:00:00,23.957489,16.102478,321.92096,100685.16,9.033399e-07,2.9931889
2005-07-30 12:00:00,23.343384,16.987946,300.86578,100566.695,4.4638823e-06,3.4669814
2005-07-31 12:00:00,25.036926,15.553558,346.09845,100738.3,0.0,2.833747
2005-08-01 12:00:00,26.400085,16.661743,341.33792,100792.25,0.0,3.3879025
2005-08-02 12:00:00,28.072021,18.198914,338.74603,100550.055,0.0,2.9018981
2005-08-03 12:00:00,30.062927,18.302307,343.98465,100430.36,0.0,2.5058913
2005-08-04 12:00:00,30.031677,19.290344,331.07135,100425.65,0.0,2.5059063
2005-08-05 12:00:00,29.13913,19.991272,300.83463,100641.625,0.0,2.7461696
2005-08-06 12:00:00,27.542206,18.900238,324.36475,100585.49,0.0,2.4364114
2005-08-07 12:00:00,27.103516,18.241821,332.24686,100444.01,0.0,2.9005992
2005-08-08 12:00:00,26.227448,18.711212,240.41144,100447.05,0.0,3.4136322
2005-08-09 12:00:00,23.767242,19.341309,175.6976,100607.7,0.0,4.0830245
2005-08-10 12:00:00,27.88623,17.725159,292.91772,100568.664,0.0,2.1744993
2005-08-11 12:00:00,29.640656,20.199768,313.40823,100613.36,0.0,2.3474686
2005-08-12 12:00:00,28.84497,20.169617,229.40479,100762.78,0.0,3.281471
2005-08-13 12:00:00,27.253937,20.318024,282.7228,100694.79,0.0,3.2743807
2005-08-14 12:00:00,26.996796,18.67627,310.28656,100484.664,0.0,2.5336833
2005-08-15 12:00:00,26.54129,18.438446,316.5321,100345.16,3.1154582e-07,2.8784676
2005-08-16 12:00:00,24.690674,18.266388,321.6293,100344.99,0.0,4.364408
2005-08-17 12:00:00,23.618195,18.161346,319.07864,100398.82,0.0,5.396916
2005-08-18 12:00:00,22.873444,17.796814,174.59573,100476.266,3.2498602e-07,3.8515062
2005-08-19 12:00:00,23.956818,16.535889,279.05237,100672.59,5.0506967e-09,2.3784046
2005-08-20 12:00:00,23.351196,17.217743,259.53015,100952.57,1.8184485e-06,3.1675317
2005-08-21 12:00:00,26.966644,18.37558,270.27515,101001.19,7.616273e-07,1.4050437
2005-08-22 12:00:00,24.859833,17.425629,261.7047,100902.51,2.9441821e-06,3.6348014
2005-08-23 12:00:00,23.047424,16.994781,246.69284,100911.55,4.3432947e-06,3.8532393
2005-08-24 12:00:00,23.017487,15.210297,293.8781,100601.09,0.0,3.292764
2005-08-25 12:00:00,23.430878,16.792267,298.30014,100596.43,0.0,5.3559756
2005-08-26 12:00:00,23.931671,17.27298,288.1427,100645.79,0.0,5.622832
2005-08-27 12:00:00,25.650543,15.031342,306.62967,100549.54,0.0,2.5609865
2005-08-28 12:00:00,26.674164,14.704468,311.5116,100494.26,1.523051e-08,2.0795937
2005-08-29 12:00:00,26.444519,15.204773,303.67404,100489.04,0.0,2.381094
2005-08-30 12:00:00,23.039673,15.961578,282.0744,100691.45,3.861925e-06,2.6592548
2005-08-31 12:00:00,22.4122,15.470062,245.41101,100749.12,5.4881957e-06,2.507393
2005-09-01 12:00:00,22.966461,15.15332,274.67255,100566.36,1.0926037e-06,2.9013991
2005-09-02 12:00:00,22.997986,14.2211,270.51974,100240.445,2.452677e-06,2.3033774
2005-09-03 12:00:00,22.363647,15.665619,226.62459,100085.234,5.9541776e-06,2.9616685
2005-09-04 12:00:00,20.693237,16.651245,149.94064,100021.21,1.3786354e-07,3.6490777
2005-09-05 12:00:00,21.226227,17.000214,238.55247,100063.71,3.1499355e-06,3.4851868
2005-09-06 12:00:00,21.96518,16.270142,277.61908,100280.68,9.959272e-09,3.1883938
2005-09-07 12:00:00,22.422516,16.139282,266.5825,100353.03,1.9710865e-06,3.1272557
2005-09-08 12:00:00,23.861053,15.5859375,282.86578,100368.32,7.2979787e-09,2.6546204
2005-09-09 12:00:00,26.186707,15.247833,268.24734,100487.02,7.0025106e-07,2.1779978
2005-09-10 12:00:00,25.845001,15.148621,268.42694,100546.87,3.1288894e-07,2.2338564
2005-09-11 12:00:00,25.28897,15.801788,276.7481,100502.85,3.007766e-08,2.862665
2005-09-12 12:00:00,22.488129,17.694794,245.16711,100537.12,2.803732e-06,4.4522862
2005-09-13 12:00:00,21.88742,16.804108,258.58392,100402.836,6.08161e-07,4.5490656
2005-09-14 12:00:00,21.53955,15.4730835,280.3154,100312.17,0.0,4.618611
2005-09-15 12:00:00,22.291168,13.739655,277.638,100330.54,0.0,3.4715126
2005-09-16 12:00:00,22.041565,14.228302,277.52374,100513.57,0.0,4.315685
2005-09-17 12:00:00,22.378967,13.12793,273.08142,100675.016,1.1988127e-08,2.5124383
2005-09-18 12:00:00,23.543243,12.708954,267.91907,100500.56,2.7662326e-08,2.1746593
2005-09-19 12:00:00,24.69516,13.708832,261.32193,100334.76,9.489149e-08,2.2255552
2005-09-20 12:00:00,22.349579,16.54068,132.68288,100601.62,5.2268374e-06,4.7042603
2005-09-21 12:00:00,19.94522,14.502014,196.64894,100762.67,7.940786e-07,3.5186944
2005-09-22 12:00:00,20.37033,14.337769,183.47797,100549.42,7.1304447e-07,2.751468
2005-09-23 12:00:00,19.450348,16.652771,153.3884,100573.8,2.2583652e-06,4.4876738
2005-09-24 12:00:00,21.470581,13.2213745,236.62923,100642.3,4.1549373e-07,2.6528285
2005-09-25 12:00:00,21.877106,15.980133,216.77446,100465.945,1.096343e-06,3.4137986
2005-09-26 12:00:00,24.763641,14.492462,251.58424,100413.01,0.0,3.04529
2005-09-27 12:00:00,24.46579,11.967987,224.75609,100636.59,1.8541781e-08,1.617688
2005-09-28 12:00:00,23.123901,11.613922,212.25714,100617.51,0.0,2.0145383
2005-09-29 12:00:00,21.90976,14.902283,216.3756,100445.93,0.0,2.6069996
2005-09-30 12:00:00,21.760803,12.800354,245.02478,100515.4,0.0,4.423445
2005-10-01 12:00:00,21.086487,13.339447,230.22856,100791.195,0.0,6.1138406
2005-10-02 12:00:00,19.22992,12.660156,238.95815,100860.33,0.0,6.1140575
2005-10-03 12:00:00,19.963684,12.4557495,240.563,101141.9,0.0,4.5405993
2005-10-04 12:00:00,22.013763,9.375366,239.58972,101172.81,0.0,2.8934746
2005-10-05 12:00:00,23.11914,9.947937,237.7118,101063.39,0.0,0.51300853
2005-10-06 12:00:00,24.847382,11.373596,238.05717,100893.086,0.0,1.3307247
2005-10-07 12:00:00,24.565216,13.111633,183.68431,100814.664,0.0,1.2493588
2005-10-08 12:00:00,20.09726,11.37027,201.5928,101033.9,3.1508707e-06,2.2655988
2005-10-09 12:00:00,18.918152,11.530029,191.37073,101249.39,6.038991e-06,2.2381096
2005-10-10 12:00:00,21.363129,12.531067,213.61967,101191.28,0.0,2.1866992
2005-10-11 12:00:00,20.960846,11.55014,212.01955,101021.7,8.454274e-08,3.2992146
2005-10-12 12:00:00,17.489899,12.688904,91.00376,100787.516,3.0905321e-06,3.7244523
2005-10-13 12:00:00,17.966888,11.612793,192.41759,100800.64,1.0851221e-07,2.8766632
2005-10-14 12:00:00,20.454712,10.962555,208.39316,100835.59,0.0,2.6541457
2005-10-15 12:00:00,18.664917,12.573303,198.10692,101131.0,1.5311273e-06,4.264127
2005-10-16 12:00:00,20.142761,12.680267,174.92854,101297.555,8.080362e-07,2.431289
2005-10-17 12:00:00,21.452576,14.188293,172.3131,101176.15,6.0986775e-07,2.3816545
2005-10-18 12:00:00,23.189575,13.089935,193.52206,100923.77,3.2273505e-08,1.6924521
2005-10-19 12:00:00,22.181946,12.703949,143.71696,100492.28,2.4291418e-07,1.5907309
2005-10-20 12:00:00,18.739014,13.730469,96.2113,100265.92,5.7265097e-06,2.906702
2005-10-21 12:00:00,19.131989,12.515839,189.89934,100475.18,0.0,5.1568236
2005-10-22 12:00:00,19.978851,10.134338,186.10979,100883.625,0.0,3.4300027
2005-10-23 12:00:00,18.288574,14.428558,66.84675,100935.88,2.350425e-05,2.8177133
2005-10-24 12:00:00,17.365326,13.085144,186.29079,100870.875,1.9143514e-05,4.2192287
2005-10-25 12:00:00,18.999756,9.633301,185.95502,101114.47,0.0,2.8021867
2005-10-26 12:00:00,19.445465,10.426483,183.34471,101218.72,0.0,2.0331933
2005-10-27 12:00:00,18.517273,11.697815,127.97657,101539.01,2.9480825e-06,2.555355
2005-10-28 12:00:00,18.212128,9.519989,146.8811,101324.125,0.0,2.9967995
2005-10-29 12:00:00,17.864868,9.380493,151.29573,100622.69,4.727757e-10,5.1293535
2005-10-30 12:00:00,15.739502,9.52124,175.4773,100186.84,2.4367175e-06,5.880429
2005-10-31 12:00:00,15.673187,6.676178,178.56293,100958.53,0.0,3.3614209
2005-11-01 12:00:00,16.205627,7.408264,149.74576,101440.6,0.0,3.906393
2005-11-02 12:00:00,16.847076,9.532471,165.89055,101609.484,1.5124501e-06,1.8679572
2005-11-03 12:00:00,17.960663,10.300812,163.22098,101621.45,1.183767e-07,1.895996
2005-11-04 12:00:00,17.926727,10.762543,134.68646,100905.89,4.715858e-06,2.3385599
2005-11-05 12:00:00,17.137756,11.491058,173.72028,100571.78,1.0988822e-10,9.414072
2005-11-06 12:00:00,15.301147,10.624634,172.80067,101036.89,0.0,7.836371
2005-11-07 12:00:00,17.036987,10.738953,168.00427,101665.26,0.0,5.2748423
2005-11-08 12:00:00,16.755219,8.2690735,157.8551,102108.22,7.6989824e-07,1.5661888
2005-11-09 12:00:00,17.450134,7.0299683,161.42294,101897.54,1.6483231e-09,1.2957065
2005-11-10 12:00:00,17.46701,7.462433,153.64098,101697.53,8.3042806e-07,0.8583208
2005-11-11 12:00:00,17.010468,8.927643,109.17908,101436.27,3.687616e-07,1.9391218
2005-11-12 12:00:00,14.439178,8.929108,125.1057,101248.47,4.380365e-06,2.2952628
2005-11-13 12:00:00,17.07547,8.061432,148.0819,100896.81,1.907412e-06,0.7527671
2005-11-14 12:00:00,17.660706,8.111603,158.84953,100811.37,0.0,2.7421815
2005-11-15 12:00:00,16.856873,5.752411,147.0486,100805.33,0.0,2.087012
2005-11-16 12:00:00,15.937927,6.406128,117.557594,100732.195,0.0,0.8386448
2005-11-17 12:00:00,14.385773,11.28714,35.133545,100571.734,2.3624407e-05,4.000834
2005-11-18 12:00:00,13.141998,10.68692,63.228275,100319.836,0.00015629744,2.5379865
2005-11-19 12:00:00,12.316315,7.723999,141.08025,100589.92,4.562433e-05,1.4934155
2005-11-20 12:00:00,11.991882,9.302399,46.918224,100310.15,3.370614e-05,4.9060583
2005-11-21 12:00:00,13.18631,8.091553,100.07213,99514.55,0.0004263591,3.476504
2005-11-22 12:00:00,9.944916,6.3372498,72.06123,99131.21,0.0003173973,5.375843
2005-11-23 12:00:00,8.744446,5.8070984,20.992844,99542.195,0.0002878271,2.2511594
2005-11-24 12:00:00,10.242523,4.6676025,139.42365,99738.71,6.4695036e-05,2.4189453
2005-11-25 12:00:00,10.219788,3.2037048,129.20888,101001.6,1.04879234e-07,2.006222
2005-11-26 12:00:00,11.073639,5.625458,49.321396,101162.46,1.1683389e-05,2.601851
2005-11-27 12:00:00,11.974213,9.139648,56.286736,100262.31,0.00012990797,5.025032
2005-11-28 12:00:00,10.501404,6.427063,79.95764,100129.305,0.00017918019,3.6655395
2005-11-29 12:00:00,10.228851,4.504242,85.61992,101254.87,6.627535e-07,1.5599413
2005-11-30 12:00:00,9.920288,5.419739,37.50576,101365.766,9.508213e-05,3.1137066
2005-12-01 12:00:00,12.974823,9.803284,74.14902,101434.21,0.0001348753,3.5812268
2005-12-02 12:00:00,12.509674,5.745178,83.44292,101959.89,1.508397e-06,1.2757096
2005-12-03 12:00:00,10.122437,5.4808655,101.91642,102030.89,4.0435805e-07,1.9713938
2005-12-04 12:00:00,9.938385,6.484619,78.09217,102174.21,5.311228e-06,1.026336
2005-12-05 12:00:00,10.261261,7.04422,83.91412,101775.76,3.7256284e-06,1.3665016
2005-12-06 12:00:00,9.5390625,3.4420776,101.06357,101687.586,2.252101e-06,3.5625448
2005-12-07 12:00:00,9.637268,2.807312,113.9037,101614.56,2.179228e-06,3.2262886
2005-12-08 12:00:00,9.033661,3.5390625,70.13706,101331.19,1.4112063e-06,2.3858619
2005-12-09 12:00:00,12.4133,5.8046265,115.460724,100788.164,0.0,2.773265
2005-12-10 12:00:00,11.91748,8.420441,32.431,100048.555,0.00013092849,5.0249915
2005-12-11 12:00:00,11.450012,9.276276,30.060589,100288.86,0.00015930379,7.5247235
2005-12-12 12:00:00,11.482513,9.436768,64.30873,100635.29,0.00015877926,3.5996385
2005-12-13 12:00:00,12.420532,7.7269287,123.9038,100943.195,2.707957e-08,5.568144
2005-12-14 12:00:00,11.902679,4.7662354,69.08479,101477.2,1.5948809e-06,1.9719056
2005-12-15 12:00:00,10.193237,7.508972,57.202908,101542.69,9.339903e-05,1.9529474
2005-12-16 12:00:00,10.706055,5.287567,101.74616,101611.59,1.0078558e-06,0.43522486
2005-12-17 12:00:00,9.952362,4.7496643,101.73147,101646.37,1.9742622e-06,1.7726849
2005-12-18 12:00:00,9.465515,5.274597,106.88296,102010.34,2.7986212e-07,2.464811
2005-12-19 12:00:00,10.1197815,5.641327,116.5425,102079.14,6.504247e-09,2.7148104
2005-12-20 12:00:00,9.636108,5.3731995,83.87929,102119.97,5.9940277e-07,3.358069
2005-12-21 12:00:00,10.754791,6.7360535,74.96949,101885.53,7.967785e-08,2.5191221
2005-12-22 12:00:00,12.219299,7.0466003,95.46968,101475.14,0.0,3.1682796
2005-12-23 12:00:00,11.552856,6.9196777,49.15557,100998.32,5.795282e-07,2.9348187
2005-12-24 12:00:00,13.332489,6.892273,111.655396,101067.66,0.0,2.34449
2005-12-25 12:00:00,12.8524475,8.259247,55.002316,101280.06,3.0607503e-06,1.7220562
2005-12-26 12:00:00,13.054871,10.8281555,26.990057,101403.33,0.00019724158,2.792129
2005-12-27 12:00:00,13.37912,12.499878,29.317284,101392.586,0.00011377173,4.4939256
2005-12-28 12:00:00,13.27063,12.020447,27.15406,101057.26,2.8678323e-05,3.1833024
2005-12-29 12:00:00,13.732697,10.695618,120.188866,100406.414,0.00016798683,4.317899
2005-12-30 12:00:00,13.215851,8.170013,33.623127,100784.195,9.272336e-06,2.1938665
2005-12-31 12:00:00,10.89032,7.84787,122.8381,100646.23,3.5953373e-05,2.952593
2006-01-01 12:00:00,10.194122,6.670349,128.53123,101186.16,3.0811187e-09,6.282822
2006-01-02 12:00:00,11.657196,5.2182617,101.61736,101646.34,0.0,3.6924524
2006-01-03 12:00:00,11.200592,3.8537598,85.9869,101724.27,0.0,1.294912
2006-01-04 12:00:00,9.520905,5.6777954,104.778824,101522.125,3.823994e-05,1.5031664
2006-01-05 12:00:00,11.056213,5.7200623,129.43443,101519.05,4.4015405e-09,5.046552
2006-01-06 12:00:00,10.651001,4.639374,133.14299,101356.21,0.0,4.285591
2006-01-07 12:00:00,8.748322,1.2866821,115.58175,101526.94,5.811537e-07,2.80256
2006-01-08 12:00:00,9.814545,4.7431335,99.22208,101548.86,1.1895055e-06,3.0679438
2006-01-09 12:00:00,9.788727,4.469635,123.02926,101198.19,7.5512034e-08,2.794545
2006-01-10 12:00:00,9.197144,6.17276,32.766426,100321.36,0.00016763493,4.741695
2006-01-11 12:00:00,11.491852,4.224579,133.13878,100870.586,6.693607e-07,1.6294814
2006-01-12 12:00:00,11.223206,2.7492065,138.72592,101235.45,1.3146103e-08,2.2565358
2006-01-13 12:00:00,9.270416,1.3719482,135.10391,101347.93,2.864826e-07,1.4834397
2006-01-14 12:00:00,7.4934387,2.3008423,102.79417,101442.24,2.6329585e-07,2.7157667
2006-01-15 12:00:00,7.5276794,5.051605,28.296465,100960.2,3.4900975e-05,2.7248313
2006-01-16 12:00:00,11.302582,4.365509,132.837,100717.49,0.0,1.4553165
2006-01-17 12:00:00,10.869141,7.4799194,79.730644,100831.414,2.405872e-06,2.3164308
2006-01-18 12:00:00,10.040985,6.164398,108.289024,101053.15,4.8726038e-06,2.2671301
2006-01-19 12:00:00,10.824768,6.3385315,84.15097,100835.72,0.0,2.324393
2006-01-20 12:00:00,12.294037,6.449066,120.12861,100789.3,3.3389807e-07,1.534252
2006-01-21 12:00:00,12.474823,5.684845,136.27303,100567.86,4.771868e-07,0.97344816
2006-01-22 12:00:00,12.154114,6.2078857,57.939503,100655.05,6.2298195e-06,0.8158103
2006-01-23 12:00:00,10.617645,7.695923,83.146225,101147.945,3.8216465e-05,1.266704
2006-01-24 12:00:00,10.572937,7.7275696,55.85088,101480.086,6.696663e-05,1.7942563
2006-01-25 12:00:00,12.296295,8.1467285,59.38292,101748.72,4.151488e-05,1.8278184
2006-01-26 12:00:00,12.014313,9.059662,134.26738,101799.82,3.3238444e-05,1.1810324
2006-01-27 12:00:00,13.026611,6.9473267,134.63979,101502.17,2.0357636e-08,0.9833001
2006-01-28 12:00:00,12.638763,7.3242188,115.06505,100960.84,7.2846866e-08,2.7495415
2006-01-29 12:00:00,11.969543,9.0755005,37.48137,100346.86,0.00014060333,2.7375453
2006-01-30 12:00:00,10.647888,8.475739,103.490555,100414.83,3.366828e-05,0.50286627
2006-01-31 12:00:00,10.993378,5.9654236,95.139534,101053.08,2.6753044e-06,1.550669
2006-02-01 12:00:00,10.869354,7.6375732,67.42159,100971.49,3.945602e-06,1.4096992
2006-02-02 12:00:00,11.543823,8.815338,29.581274,100148.74,0.00025751535,4.70612
2006-02-03 12:00:00,11.941864,9.138367,59.900997,99551.5,0.000102704864,3.578101
2006-02-04 12:00:00,11.864807,8.817413,40.910458,99144.44,0.00016685866,3.8070493
2006-02-05 12:00:00,11.122986,8.606445,160.03378,100293.625,8.554572e-06,4.4041977
2006-02-06 12:00:00,12.152344,5.242798,167.14005,101361.15,0.0,1.7390103
2006-02-07 12:00:00,11.916565,10.082794,50.171127,101120.98,9.849323e-05,8.229536
2006-02-08 12:00:00,12.371765,10.782227,104.313545,100563.13,0.00027102287,5.366161
2006-02-09 12:00:00,12.131775,6.614807,171.76343,101317.28,8.282528e-08,1.8616617
2006-02-10 12:00:00,14.396881,6.192871,158.07199,101068.47,1.2560904e-08,3.1238177
2006-02-11 12:00:00,14.125549,9.931244,32.285545,100432.05,0.00028976187,4.7650084
2006-02-12 12:00:00,12.0047,7.925232,161.55035,100408.41,0.00010301507,1.8204894
2006-02-13 12:00:00,11.693115,8.94281,80.07407,101153.27,1.825736e-05,1.6081268
2006-02-14 12:00:00,12.743988,6.359009,180.28348,101327.18,1.0421442e-07,2.296739
2006-02-15 12:00:00,13.481689,6.5305176,184.89433,101345.42,0.0,1.7453114
2006-02-16 12:00:00,13.573486,6.230835,154.94872,101043.39,2.8347773e-07,0.7996422
2006-02-17 12:00:00,13.255524,9.4453125,50.055515,100943.99,0.00010854893,2.5940998
2006-02-18 12:00:00,12.2430725,7.448822,181.14873,101285.984,8.243687e-06,2.1499488
2006-02-19 12:00:00,12.027435,7.228424,73.678474,100996.48,6.445764e-05,2.5868735
2006-02-20 12:00:00,13.898193,8.0271,198.30971,100986.08,7.085153e-07,5.0835752
2006-02-21 12:00:00,14.789612,7.13501,205.46342,100976.664,0.0,2.6940148
2006-02-22 12:00:00,14.647095,6.819458,189.93695,101340.66,3.2837437e-07,0.9173198
2006-02-23 12:00:00,15.302582,7.064575,176.64166,101435.17,0.0,1.4607131
2006-02-24 12:00:00,16.38623,8.253815,201.2517,100943.72,0.0,1.2955184
2006-02-25 12:00:00,16.468353,8.504364,206.54367,100324.96,0.0,1.0020391
2006-02-26 12:00:00,15.917053,7.300354,165.53249,100196.77,0.0,1.9421296
2006-02-27 12:00:00,14.496796,8.434723,88.62399,100601.38,4.0616493e-07,2.5293314
2006-02-28 12:00:00,12.179749,8.774567,57.605087,100386.2,0.00014052795,2.7613027
2006-03-01 12:00:00,12.451202,9.747223,159.9722,100629.664,3.0457697e-05,2.2085533
2006-03-02 12:00:00,14.027008,8.47583,97.198975,100750.34,0.0,1.3868845
2006-03-03 12:00:00,13.984802,10.476746,201.60542,100741.37,0.00029944332,2.9453475
2006-03-04 12:00:00,14.62677,6.923126,217.35503,100926.42,0.0,1.7915357
2006-03-05 12:00:00,14.121521,7.384247,144.39233,100820.695,2.4663043e-06,2.2483985
2006-03-06 12:00:00,13.71994,9.187683,128.56783,100998.45,6.0464595e-06,1.1612316
2006-03-07 12:00:00,13.326752,10.859375,220.42757,100881.81,0.00010559152,2.678987
2006-03-08 12:00:00,13.643158,8.485809,236.81995,100976.09,0.0,5.295764
2006-03-09 12:00:00,13.702972,8.003845,236.63434,100866.59,3.7822057e-10,3.7025495
2006-03-10 12:00:00,12.973022,6.8968506,149.1105,100935.61,0.0,1.5525086
2006-03-11 12:00:00,12.08783,9.307434,67.40824,100296.01,0.00013013055,2.7502055
2006-03-12 12:00:00,12.446014,9.071899,220.62157,100386.06,0.00011021117,4.7380896
2006-03-13 12:00:00,12.721832,9.401123,66.61972,101249.445,7.2876515e-05,2.5231073
2006-03-14 12:00:00,13.417389,9.540863,230.22104,101443.29,9.564397e-05,3.6370163
2006-03-15 12:00:00,13.88092,6.785553,138.96555,101186.06,0.0,0.5735115
2006-03-16 12:00:00,13.813507,8.359711,74.63033,100602.85,9.234864e-05,2.883419
2006-03-17 12:00:00,12.894684,7.5440063,224.20976,101148.695,2.326972e-05,3.1223395
2006-03-18 12:00:00,12.905518,8.002167,99.13657,101190.586,1.591794e-05,0.72238976
2006-03-19 12:00:00,12.614166,9.967377,66.66702,100912.89,0.00021659002,1.7033868
2006-03-20 12:00:00,13.131012,9.715546,239.44147,101110.78,1.5059362e-05,4.0516677
2006-03-21 12:00:00,15.088623,8.494873,266.3029,101395.375,0.0,5.6886864
2006-03-22 12:00:00,16.297852,9.341156,270.95383,101119.81,0.0,5.2926807
2006-03-23 12:00:00,17.547272,9.159912,276.09814,101137.75,0.0,4.091349
2006-03-24 12:00:00,17.504883,8.65683,273.22754,101133.8,0.0,2.7097008
2006-03-25 12:00:00,16.4292,8.682068,224.96774,100973.305,0.0,2.1737976
2006-03-26 12:00:00,16.202759,8.066101,278.61105,100232.49,9.270891e-09,1.3879904
2006-03-27 12:00:00,19.23108,9.004791,274.34778,99856.64,0.0,2.4013875
2006-03-28 12:00:00,18.943665,8.531616,273.65494,99899.336,6.617673e-08,2.5439155
2006-03-29 12:00:00,15.919983,9.850006,161.67883,100110.47,3.961641e-06,4.4479947
2006-03-30 12:00:00,12.35672,9.117706,163.61728,99937.75,0.00016589789,3.2294357
2006-03-31 12:00:00,15.073395,6.725006,251.73132,99758.29,2.0827913e-05,1.1727685
2006-04-01 12:00:00,17.172882,10.070587,293.04776,99786.445,0.0,4.7138405
2006-04-02 12:00:00,17.058868,7.9300537,294.77786,100349.75,0.0,4.09447
2006-04-03 12:00:00,14.627869,10.286194,277.25473,100696.62,0.0,4.907149
2006-04-04 12:00:00,14.960602,9.614197,282.0877,100784.48,0.0,4.9863777
2006-04-05 12:00:00,14.509247,9.340607,283.7186,100729.016,0.0,5.7246513
2006-04-06 12:00:00,13.576477,8.939697,230.47636,100423.76,0.0,4.6980877
2006-04-07 12:00:00,13.460022,8.969879,221.33908,100219.18,0.0,5.56595
2006-04-08 12:00:00,13.3862,8.338013,215.64894,100727.08,0.0,6.064565
2006-04-09 12:00:00,12.873749,6.600769,234.13326,100955.95,4.501333e-07,2.5977538
2006-04-10 12:00:00,14.275055,9.390167,144.48303,100534.086,4.947726e-06,3.9413142
2006-04-11 12:00:00,13.783783,10.75119,100.30012,99629.64,0.00017951106,5.9879336
2006-04-12 12:00:00,12.348145,8.322327,122.62133,99954.89,0.00016309485,5.5775614
2006-04-13 12:00:00,15.376617,10.692596,162.76799,100723.695,8.992627e-05,5.93663
2006-04-14 12:00:00,15.554443,12.585632,111.71869,100283.97,5.6354515e-05,5.2331195
2006-04-15 12:00:00,13.731689,10.666351,113.33979,99810.01,0.00031638038,4.0574203
2006-04-16 12:00:00,12.978149,10.225861,83.682945,99671.67,0.00042003393,3.6075923
2006-04-17 12:00:00,13.652954,10.091949,198.73123,100476.65,6.3254e-05,1.905241
2006-04-18 12:00:00,13.556641,9.986298,125.529495,100540.7,7.682156e-05,4.7574325
2006-04-19 12:00:00,11.835693,8.572876,150.29951,99904.43,0.00022018146,4.26781
2006-04-20 12:00:00,14.903046,9.182404,308.3428,100204.79,0.0,3.8581483
2006-04-21 12:00:00,14.267609,9.492889,285.05438,100561.32,1.993331e-07,3.2640994
2006-04-22 12:00:00,13.4774475,9.751617,211.52994,100830.69,6.6981233e-06,2.8514109
2006-04-23 12:00:00,13.409149,10.109528,100.21701,100284.72,0.00011938696,3.8941534
2006-04-24 12:00:00,14.3914795,10.664459,274.7441,100602.72,9.287085e-06,2.9241714
2006-04-25 12:00:00,14.502197,8.798859,278.1768,100643.49,0.0,2.9841182
2006-04-26 12:00:00,14.198456,9.793915,137.63719,100485.766,2.4489416e-06,2.2049985
2006-04-27 12:00:00,15.533844,10.77124,271.4351,100487.21,2.4954295e-06,3.8551853
2006-04-28 12:00:00,17.66687,10.581207,337.01138,100259.83,0.0,5.50775
2006-04-29 12:00:00,17.649902,10.033783,161.81033,100298.64,3.5203127e-06,3.6242733
2006-04-30 12:00:00,14.773865,10.736389,176.53494,100140.31,0.00013814827,2.9410193
2006-05-01 12:00:00,14.483673,10.629486,319.14124,100400.44,1.2306533e-06,5.1214223
2006-05-02 12:00:00,13.749664,9.881775,296.66995,100282.766,4.316076e-08,5.3285065
2006-05-03 12:00:00,14.590149,8.486053,323.80786,100103.44,3.8149306e-09,3.5686255
2006-05-04 12:00:00,16.740265,9.56955,337.74597,100385.93,1.0442468e-08,3.4566753
2006-05-05 12:00:00,16.67862,8.494873,329.34616,100901.11,0.0,2.57027
2006-05-06 12:00:00,16.404938,9.884491,251.04904,100701.58,0.0,2.2666886
2006-05-07 12:00:00,15.425018,9.830017,160.21432,100148.31,1.9510298e-05,3.0803716
2006-05-08 12:00:00,14.767517,10.947052,247.08824,99998.234,0.00014865086,2.388593
2006-05-09 12:00:00,14.444855,11.461243,115.79885,99875.73,0.00013791295,4.089669
2006-05-10 12:00:00,16.063782,10.910736,261.80313,100118.336,0.00019820564,2.6534092
2006-05-11 12:00:00,16.022034,10.759277,294.82092,100645.39,0.0,4.176052
2006-05-12 12:00:00,15.174164,10.690521,305.9723,100867.33,9.596074e-07,3.904242
2006-05-13 12:00:00,15.756897,9.839111,358.92978,100628.44,0.0,3.7680779
2006-05-14 12:00:00,15.21286,10.680359,268.23895,100761.24,1.7840844e-06,4.2804375
2006-05-15 12:00:00,15.873566,11.61795,243.17642,100863.28,4.7384683e-06,2.97138
2006-05-16 12:00:00,16.599915,11.220154,318.2169,100985.07,8.873465e-07,3.6261094
2006-05-17 12:00:00,17.780365,10.594849,362.87784,101077.74,0.0,3.9570556
2006-05-18 12:00:00,18.16101,10.240753,356.12955,100868.875,0.0,3.268312
2006-05-19 12:00:00,17.59674,13.1427,213.9461,100909.78,3.961767e-06,2.8437426
2006-05-20 12:00:00,17.126617,13.16684,286.1205,100959.87,6.0110274e-06,3.144081
2006-05-21 12:00:00,19.38681,11.551086,332.50525,100839.73,0.0,3.4591444
2006-05-22 12:00:00,19.166382,13.226654,265.95804,100496.11,0.0,3.7839818
2006-05-23 12:00:00,17.260864,12.722778,331.6717,100533.63,0.0,5.0856285
2006-05-24 12:00:00,16.641815,12.297821,290.8243,100381.58,0.0,5.6415825
2006-05-25 12:00:00,16.661865,12.087616,322.32538,100437.805,0.0,5.8841815
2006-05-26 12:00:00,16.151611,11.325073,306.27097,100569.53,0.0,4.679925
2006-05-27 12:00:00,16.441956,11.260193,298.182,100380.34,2.9509565e-06,3.6811051
2006-05-28 12:00:00,15.768921,12.749725,153.16609,100503.63,2.3881938e-05,5.292822
2006-05-29 12:00:00,17.69928,12.658112,239.88487,100848.66,7.374532e-06,4.168889
2006-05-30 12:00:00,17.809875,10.802887,346.2043,101043.375,0.0,3.6527016
2006-05-31 12:00:00,19.062805,13.189209,343.5913,100974.59,1.1688591e-07,4.453737
2006-06-01 12:00:00,22.02362,12.570221,365.5736,100896.84,0.0,3.211182
2006-06-02 12:00:00,24.118622,13.119141,366.01062,100659.664,0.0,2.173023
2006-06-03 12:00:00,23.974548,13.93988,368.1753,100530.97,0.0,2.3564496
2006-06-04 12:00:00,23.790344,12.677063,369.35425,100285.43,0.0,2.034884
2006-06-05 12:00:00,22.813202,13.147339,329.8713,100140.78,7.7011515e-07,3.921055
2006-06-06 12:00:00,20.066956,13.438171,329.8683,100368.19,3.8142807e-07,3.5966654
2006-06-07 12:00:00,22.223663,13.024384,366.69574,100422.99,0.0,3.0771432
2006-06-08 12:00:00,23.596588,13.569519,367.92755,100266.11,0.0,2.9177344
2006-06-09 12:00:00,23.45517,13.871429,368.6406,100254.4,0.0,2.4650137
2006-06-10 12:00:00,20.986969,13.638977,336.81216,100632.65,1.0258071e-06,2.7950897
2006-06-11 12:00:00,20.74057,13.573547,332.3143,100759.305,3.3467104e-06,2.454125
2006-06-12 12:00:00,21.884857,14.398376,352.44577,100516.445,2.8572504e-06,2.5900538
2006-06-13 12:00:00,21.430664,14.247955,337.78598,100457.81,3.0479025e-06,3.0438864
2006-06-14 12:00:00,20.596405,13.78714,322.7295,100690.25,0.0,4.359836
2006-06-15 12:00:00,20.203735,14.777008,325.49097,100818.45,0.0,4.864682
2006-06-16 12:00:00,20.945312,15.49057,349.49576,100735.39,0.0,4.932754
2006-06-17 12:00:00,20.595428,13.515442,207.16515,100639.9,0.0,3.2961853
2006-06-18 12:00:00,19.828491,14.725555,289.71133,100570.5,1.365222e-06,3.0813205
2006-06-19 12:00:00,19.767609,14.8489685,324.20358,100485.2,2.3597756e-06,3.1453178
2006-06-20 12:00:00,19.760193,13.874115,351.64072,100730.914,2.0144832e-06,3.4030743
2006-06-21 12:00:00,19.93927,13.40332,340.50635,100966.22,1.2884566e-06,3.8106654
2006-06-22 12:00:00,21.36618,14.621033,356.58047,101108.984,3.9224156e-07,4.1915708
2006-06-23 12:00:00,21.82724,14.129395,328.9469,100740.16,1.5221358e-06,3.451786
2006-06-24 12:00:00,21.20224,15.861298,295.90872,100535.34,3.937866e-06,5.297964
2006-06-25 12:00:00,19.635315,15.444366,346.21188,100699.26,2.0186947e-06,4.96904
2006-06-26 12:00:00,19.16211,14.797424,292.45468,100716.5,1.883129e-06,4.0605764
2006-06-27 12:00:00,20.181,13.562012,351.75833,100730.27,4.831644e-07,3.5948396
2006-06-28 12:00:00,20.018585,14.820892,288.8775,100727.234,1.0283089e-05,3.164132
2006-06-29 12:00:00,20.779205,15.528412,353.61807,100953.23,4.459887e-06,3.134151
2006-06-30 12:00:00,23.50113,14.723877,369.50558,101038.25,0.0,3.19044
2006-07-01 12:00:00,25.746613,14.536072,372.1792,100821.516,0.0,2.5497684
2006-07-02 12:00:00,25.614136,15.946106,374.01468,100486.4,0.0,2.7056499
2006-07-03 12:00:00,23.899872,15.211121,371.97488,100464.555,0.0,3.5842881
2006-07-04 12:00:00,25.145844,17.043488,364.25052,100470.77,0.0,5.143479
2006-07-05 12:00:00,24.269623,15.170654,372.87424,100320.25,0.0,3.4972649
2006-07-06 12:00:00,24.039948,15.600403,369.57217,100285.78,0.0,3.1528842
2006-07-07 12:00:00,22.411804,15.300568,351.17422,100560.78,4.3483416e-07,3.039738
2006-07-08 12:00:00,22.885712,14.899139,336.31516,100685.086,4.5476704e-06,2.4403996
2006-07-09 12:00:00,24.042053,16.30658,343.62405,100361.95,8.3732374e-07,2.841818
2006-07-10 12:00:00,22.94278,16.301361,310.90912,100258.0,3.5847836e-06,4.1445417
2006-07-11 12:00:00,23.748718,17.12616,356.57733,100353.35,2.8714587e-07,3.7401943
2006-07-12 12:00:00,23.50647,16.615692,363.49432,100440.67,4.904105e-09,3.354318
2006-07-13 12:00:00,23.913605,16.13208,369.51224,100486.99,0.0,3.5760348
2006-07-14 12:00:00,23.569183,15.295349,369.30038,100519.984,1.6815953e-08,3.370022
2006-07-15 12:00:00,21.781586,16.444122,343.56012,100747.84,8.264911e-07,4.0026655
2006-07-16 12:00:00,21.266418,16.03775,302.8828,100849.15,1.8923298e-06,3.7806542
2006-07-17 12:00:00,21.006836,16.449005,315.70926,100798.97,2.8044572e-06,4.921027
2006-07-18 12:00:00,22.865845,16.180267,358.9343,100608.945,0.0,4.256826
2006-07-19 12:00:00,24.595612,16.673431,362.7081,100552.484,0.0,5.1760316
2006-07-20 12:00:00,25.753754,15.662201,358.92334,100558.71,0.0,2.7067869
2006-07-21 12:00:00,25.511993,15.3567505,359.55698,100603.1,1.5197555e-08,3.8165188
2006-07-22 12:00:00,20.59375,16.310028,270.4423,100871.016,5.0123685e-06,3.9820185
2006-07-23 12:00:00,23.417053,16.352966,333.33963,100930.62,5.1486786e-06,2.979465
2006-07-24 12:00:00,24.897064,15.5672,355.51306,100598.84,0.0,2.60915
2006-07-25 12:00:00,24.501923,15.78418,339.8114,100372.305,9.3612175e-07,2.8953555
2006-07-26 12:00:00,23.255585,16.395172,331.22733,100403.16,2.156158e-06,3.0801632
2006-07-27 12:00:00,23.515076,16.710632,322.5401,100562.125,1.9153774e-06,3.0136929
2006-07-28 12:00:00,23.606598,17.724976,303.55878,100556.32,9.206394e-08,2.9989233
2006-07-29 12:00:00,22.916382,18.371002,291.65228,100650.72,8.867544e-07,4.478906
2006-07-30 12:00:00,21.313293,18.262848,93.63308,100930.27,6.587347e-05,5.0317016
2006-07-31 12:00:00,19.712952,17.562317,125.4254,101000.34,0.00015155142,1.139927
2006-08-01 12:00:00,20.962433,17.368347,143.09772,101050.09,2.7873199e-05,1.3709998
2006-08-02 12:00:00,22.741058,16.921051,327.07883,100912.2,2.2200943e-08,2.567222
2006-08-03 12:00:00,22.267761,17.304596,331.92374,100629.58,7.789293e-09,3.6981819
2006-08-04 12:00:00,21.7883,17.645905,337.06003,100801.54,0.0,5.450172
2006-08-05 12:00:00,22.655212,17.473938,317.4112,100980.016,2.1011004e-07,5.2316127
2006-08-06 12:00:00,23.27121,17.399323,339.72366,100913.49,0.0,4.716776
2006-08-07 12:00:00,24.422546,16.584564,336.83893,100855.16,0.0,3.523673
2006-08-08 12:00:00,24.885956,16.004333,335.4925,100808.45,0.0,2.5888977
2006-08-09 12:00:00,24.748383,17.492676,310.922,100629.39,1.213824e-06,2.7546737
2006-08-10 12:00:00,24.803925,15.995514,338.7769,100485.98,0.0,2.7846608
2006-08-11 12:00:00,24.52179,16.477509,332.68777,100459.84,6.085831e-08,3.905442
2006-08-12 12:00:00,23.967346,17.766266,300.81458,100575.98,1.7202773e-06,3.1929042
2006-08-13 12:00:00,24.657227,16.402618,305.50974,100657.57,1.0917985e-06,2.4424698
2006-08-14 12:00:00,26.3125,16.33255,314.47238,100685.09,8.081911e-07,2.1824389
2006-08-15 12:00:00,25.960144,17.072662,311.08115,100631.19,1.4869719e-06,2.311151
2006-08-16 12:00:00,24.774048,18.1651,289.68774,100568.52,3.867073e-06,2.741099
2006-08-17 12:00:00,24.557129,18.058746,296.5885,100454.305,1.9646284e-06,2.9597208
2006-08-18 12:00:00,25.598907,16.747314,329.77744,100319.89,0.0,3.0463562
2006-08-19 12:00:00,25.346436,16.169708,330.02408,100333.65,0.0,3.2805066
2006-08-20 12:00:00,27.603058,16.447418,328.19037,100262.91,0.0,2.267895
2006-08-21 12:00:00,26.602844,16.874023,304.80502,100250.305,6.392015e-07,2.9704988
2006-08-22 12:00:00,24.22342,17.160248,316.3779,100384.086,5.821557e-07,3.674544
2006-08-23 12:00:00,26.621399,16.801666,313.9801,100467.21,1.1456745e-08,3.1246307
2006-08-24 12:00:00,26.329773,16.058258,311.6838,100331.7,0.0,3.9827201
2006-08-25 12:00:00,23.599884,16.224243,267.1253,100263.88,2.2685288e-08,3.3804193
2006-08-26 12:00:00,22.715302,18.293854,248.94482,100638.56,4.052052e-07,3.4773068
2006-08-27 12:00:00,23.096588,16.278992,272.83542,100839.5,2.5041818e-06,2.6759658
2006-08-28 12:00:00,23.341003,15.840118,296.37442,100662.56,3.6862008e-07,2.667385
2006-08-29 12:00:00,22.245636,17.874542,264.64902,100594.664,2.9198757e-06,3.848681
2006-08-30 12:00:00,21.437256,17.658539,226.31256,100884.65,7.983409e-06,3.4101968
2006-08-31 12:00:00,22.607178,17.399506,285.3634,100962.61,1.6492346e-06,3.9364235
2006-09-01 12:00:00,23.610352,15.563812,286.0196,100786.75,0.0,3.8129983
2006-09-02 12:00:00,23.749756,15.621246,232.82486,100656.57,0.0,3.5474594
2006-09-03 12:00:00,23.224396,16.432922,273.54327,100877.95,7.581661e-08,5.081238
2006-09-04 12:00:00,24.308044,15.865936,294.41763,100828.68,0.0,4.524359
2006-09-05 12:00:00,24.04126,18.233154,286.88107,100464.5,0.0,5.575628
2006-09-06 12:00:00,23.302917,16.056763,278.4114,100336.15,0.0,3.3074322
2006-09-07 12:00:00,24.724335,16.826935,263.1307,100408.65,5.5099997e-07,2.5729585
2006-09-08 12:00:00,25.740417,17.180298,265.56256,100613.695,1.665053e-06,2.4304001
2006-09-09 12:00:00,27.471039,16.338104,280.95642,100538.805,5.121296e-08,2.434728
2006-09-10 12:00:00,24.363373,17.890808,227.00206,100510.0,2.4895917e-06,3.9397695
2006-09-11 12:00:00,22.518982,17.722412,272.28372,100686.49,8.059117e-07,4.354362
2006-09-12 12:00:00,22.632446,14.971161,259.8828,100898.22,0.0,3.229884
2006-09-13 12:00:00,23.193512,14.094666,274.3395,100946.62,0.0,3.1636524
2006-09-14 12:00:00,22.60672,16.1568,271.43173,100670.5,0.0,4.434497
2006-09-15 12:00:00,21.323395,16.625183,221.4404,100457.63,1.6835791e-06,3.630358
2006-09-16 12:00:00,23.38684,14.9552,230.97075,100535.766,4.0483677e-08,2.4677064
2006-09-17 12:00:00,24.233795,14.905273,264.70282,100674.03,1.0963316e-09,2.4055338
2006-09-18 12:00:00,23.939728,14.1545105,269.69348,100663.17,0.0,2.912933
2006-09-19 12:00:00,23.890747,14.251465,265.67444,100408.11,2.3431554e-09,2.4623833
2006-09-20 12:00:00,23.25592,17.21109,262.64438,100284.695,0.0,5.961364
2006-09-21 12:00:00,21.8526,15.930908,262.71042,100657.3,0.0,6.45106
2006-09-22 12:00:00,21.468079,14.8594055,244.26903,100909.14,0.0,5.808663
2006-09-23 12:00:00,24.68692,13.891327,262.53403,100447.74,0.0,3.426264
2006-09-24 12:00:00,24.337128,12.064789,258.76205,100705.08,2.3431554e-09,1.9949448
2006-09-25 12:00:00,22.934113,12.607727,185.93515,100890.34,0.0,1.708123
2006-09-26 12:00:00,22.84555,11.66687,246.62306,100738.7,3.1189074e-07,1.8532696
2006-09-27 12:00:00,23.32248,14.341492,243.17157,100738.8,1.2755342e-07,1.9887959
2006-09-28 12:00:00,23.489288,12.766998,242.11592,100776.12,2.8223113e-07,2.1562347
2006-09-29 12:00:00,25.686401,13.319916,241.53822,100538.99,0.0,1.5690025
2006-09-30 12:00:00,28.464905,12.945007,238.17622,100215.305,6.375847e-07,0.27741778
2006-10-01 12:00:00,27.007782,12.686279,234.66235,100401.19,3.73463e-06,1.6675869
2006-10-02 12:00:00,20.01587,13.452332,201.28029,100746.72,9.011853e-06,2.2402728
2006-10-03 12:00:00,20.999542,12.276855,219.73788,100881.09,2.6240357e-06,2.2086012
2006-10-04 12:00:00,23.020294,11.873718,225.96458,100706.34,1.6189203e-07,1.9795115
2006-10-05 12:00:00,25.116364,12.083588,231.49962,100501.43,1.2993871e-07,1.7043567
2006-10-06 12:00:00,24.876953,12.148804,227.89621,100568.414,8.794722e-08,1.9083453
2006-10-07 12:00:00,22.188385,12.317352,210.09357,100702.17,2.022482e-06,1.9481117
2006-10-08 12:00:00,22.574005,12.055511,221.49536,100688.79,1.16336274e-07,2.1239016
2006-10-09 12:00:00,22.214111,13.410736,155.45166,100863.72,0.0,2.1143305
2006-10-10 12:00:00,21.607391,13.303619,197.18176,101157.22,4.461467e-07,2.180092
2006-10-11 12:00:00,21.19226,16.378876,171.37689,101130.16,5.497953e-06,2.3013835
2006-10-12 12:00:00,20.12796,15.282379,100.68468,100880.07,1.2707535e-05,2.3372223
2006-10-13 12:00:00,17.561127,14.870209,105.47746,100433.6,6.5743516e-05,2.795121
2006-10-14 12:00:00,16.022339,14.058319,133.8817,100010.734,0.00026814808,5.9044003
2006-10-15 12:00:00,19.11441,11.749176,205.23958,100965.04,0.0,3.6961274
2006-10-16 12:00:00,22.504791,12.550537,208.34299,101254.086,0.0,2.209917
2006-10-17 12:00:00,22.888031,13.838043,206.25235,101270.27,6.8183277e-09,1.9393455
2006-10-18 12:00:00,22.36621,13.647522,201.60258,101184.914,0.0,1.0907911
2006-10-19 12:00:00,21.015808,12.739746,185.59816,100829.04,5.8518885e-06,1.8753172
2006-10-20 12:00:00,20.421753,12.098938,194.48186,100539.13,0.0,2.3076918
2006-10-21 12:00:00,18.869781,14.312134,152.61055,100618.89,1.5381391e-07,4.1022706
2006-10-22 12:00:00,17.851318,11.925446,192.6288,101235.79,1.0140945e-05,3.7224927
2006-10-23 12:00:00,18.131287,9.369965,188.27281,101208.27,0.0,2.2271671
2006-10-24 12:00:00,17.447998,12.542297,192.17581,100947.2,0.0,4.685024
2006-10-25 12:00:00,17.582825,10.350159,187.02309,100878.36,0.0,4.4109807
2006-10-26 12:00:00,17.227661,12.319458,187.32811,100805.77,5.832584e-06,5.375266
2006-10-27 12:00:00,15.9262085,10.832611,148.4538,101119.04,6.0558985e-05,2.576251
2006-10-28 12:00:00,17.154205,8.884247,183.383,101559.875,0.0,1.795953
2006-10-29 12:00:00,16.881287,10.514832,124.116,101438.91,2.9932014e-06,2.65338
2006-10-30 12:00:00,18.779083,9.22348,180.15128,101477.58,1.2538624e-06,3.7356427
2006-10-31 12:00:00,18.657806,8.263428,180.38568,101466.266,0.0,1.9434053
2006-11-01 12:00:00,18.461426,8.174164,171.13159,101512.055,6.081969e-09,1.9573328
2006-11-02 12:00:00,18.18869,10.68454,143.93712,101494.11,1.9256745e-06,1.2563847
2006-11-03 12:00:00,17.763885,11.098877,110.32425,101236.25,4.0682253e-06,2.016978
2006-11-04 12:00:00,16.642761,11.642731,76.365135,101180.234,4.5667452e-06,2.3372538
2006-11-05 12:00:00,15.526154,12.621216,98.8622,101240.625,4.0090013e-06,4.055138
2006-11-06 12:00:00,18.922363,8.600525,167.00876,101053.6,0.0,2.7366436
2006-11-07 12:00:00,18.669556,8.659668,159.72273,100668.11,0.0,1.2159564
2006-11-08 12:00:00,17.906494,9.285858,152.11601,101052.734,5.200256e-07,1.7692944
2006-11-09 12:00:00,15.901001,8.366608,119.18156,101180.97,7.376638e-07,1.8936937
2006-11-10 12:00:00,14.98111,10.5784,73.1511,101089.24,2.1418531e-05,2.8080397
2006-11-11 12:00:00,15.0512085,10.422119,134.01553,101018.83,4.5148023e-05,0.48779804
2006-11-12 12:00:00,15.340912,8.975494,91.397766,101089.31,1.9262445e-06,3.269555
2006-11-13 12:00:00,16.233398,10.763458,122.1382,101191.516,2.119649e-06,3.3416176
2006-11-14 12:00:00,15.825195,14.005707,64.91041,101306.21,2.210298e-05,1.8904175
2006-11-15 12:00:00,15.696655,12.6206665,70.2614,101110.734,9.45378e-06,2.1793303
2006-11-16 12:00:00,15.47583,13.379395,63.192333,100896.57,2.095378e-05,2.3382182
2006-11-17 12:00:00,15.647095,9.170868,102.89176,101150.5,1.556541e-06,1.6865383
2006-11-18 12:00:00,17.460114,9.076508,143.8478,101157.86,0.0,1.7022743
2006-11-19 12:00:00,17.4198,9.986847,143.26167,101129.9,0.0,1.282229
2006-11-20 12:00:00,17.14502,10.772583,114.12855,100946.18,0.0,0.82718635
2006-11-21 12:00:00,16.305511,11.339874,130.13472,100330.38,0.0,4.905604
2006-11-22 12:00:00,15.997772,9.177612,144.71954,100245.51,3.0672073e-11,4.8693247
2006-11-23 12:00:00,16.171387,8.872467,132.5148,100533.64,0.0,3.4637992
2006-11-24 12:00:00,16.018066,8.491608,109.4843,100887.8,1.6904842e-06,1.0232557
2006-11-25 12:00:00,16.97586,7.307312,133.74666,101057.695,2.7410064e-07,1.8051689
2006-11-26 12:00:00,16.643585,6.930084,138.98619,101114.59,0.0,0.9591023
2006-11-27 12:00:00,16.262817,6.8158264,132.4509,101383.61,0.0,1.1415651
2006-11-28 12:00:00,16.500977,7.078705,127.49333,101322.22,9.270891e-08,1.0415531
2006-11-29 12:00:00,15.859924,8.894165,88.29476,101073.81,2.6059795e-06,2.5149608
2006-11-30 12:00:00,14.343597,9.006775,136.12576,101519.7,0.0,8.257202
2006-12-01 12:00:00,15.341095,7.811676,131.84729,102041.05,0.0,5.5837774
2006-12-02 12:00:00,14.891174,5.2079163,129.6194,101971.625,9.122953e-09,3.7969217
2006-12-03 12:00:00,12.6762085,9.807465,57.284508,101601.21,3.3515793e-05,5.44577
2006-12-04 12:00:00,10.508392,7.3179626,57.55222,101189.45,4.2415413e-05,5.5665727
2006-12-05 12:00:00,9.574036,5.338928,133.55797,101429.08,0.0,6.872113
2006-12-06 12:00:00,9.191681,4.043457,116.80008,101989.82,0.0,4.6637735
2006-12-07 12:00:00,9.778931,4.34494,78.17185,102181.15,0.0,2.346944
2006-12-08 12:00:00,12.475403,4.0426025,107.80095,101784.6,0.0,1.4361731
2006-12-09 12:00:00,12.63028,8.525665,65.50002,101478.54,7.480057e-07,1.1037285
2006-12-10 12:00:00,14.667572,9.183655,94.955505,101190.1,2.7227271e-08,1.9555199
2006-12-11 12:00:00,14.773163,8.6935425,106.01924,100975.07,1.7023767e-06,1.345036
2006-12-12 12:00:00,14.131226,9.357788,47.54561,101002.266,9.300675e-06,2.0448816
2006-12-13 12:00:00,13.528046,9.037781,111.37077,101140.586,1.8411774e-06,1.5172906
2006-12-14 12:00:00,15.518829,6.646515,121.74223,101362.93,5.3152462e-08,1.5816513
2006-12-15 12:00:00,14.977875,6.8956604,123.4847,101276.32,0.0,2.5868936
2006-12-16 12:00:00,15.322601,6.3502197,123.23966,100917.91,0.0,1.2731463
2006-12-17 12:00:00,14.432251,8.658813,110.38741,100964.74,2.879096e-09,3.8247373
2006-12-18 12:00:00,15.039703,10.517212,126.66562,101568.51,0.0,8.638521
2006-12-19 12:00:00,16.165375,11.352203,127.59484,101894.305,0.0,8.624191
2006-12-20 12:00:00,15.520233,6.2525635,125.71466,101748.914,0.0,4.5421147
2006-12-21 12:00:00,12.65213,4.4368286,126.340324,101849.69,0.0,2.5064402
2006-12-22 12:00:00,11.989105,4.4021606,123.76938,101828.914,0.0,3.3799658
2006-12-23 12:00:00,12.458862,4.1878357,112.66308,101796.31,0.0,2.4593549
2006-12-24 12:00:00,13.605408,3.87854,102.95415,101998.17,0.0,0.86436176
2006-12-25 12:00:00,14.866455,6.1422424,115.089966,102038.22,9.61693e-10,1.5844096
2006-12-26 12:00:00,14.667969,8.285217,96.54449,101731.38,0.0,1.1748307
2006-12-27 12:00:00,14.151367,9.904968,93.99853,101731.36,1.5123713e-05,1.6000996
2006-12-28 12:00:00,13.989655,6.084381,84.141525,101846.05,2.2269248e-07,1.4559146
2006-12-29 12:00:00,13.667847,5.361267,83.56244,101833.9,0.0,1.5083216
2006-12-30 12:00:00,15.343384,5.8449097,109.08383,101638.16,0.0,1.4137692
2006-12-31 12:00:00,14.946045,7.037964,94.71888,101286.375,2.1117764e-08,0.58338094
2007-01-01 12:00:00,15.583252,5.7781677,118.4533,101417.0,5.673343e-07,0.7992525
2007-01-02 12:00:00,15.188934,7.433655,40.843033,101159.31,2.1874203e-06,0.8994086
2007-01-03 12:00:00,11.937561,8.896484,75.98535,101570.586,1.2620481e-05,0.42169163
2007-01-04 12:00:00,11.643097,5.0076294,78.62799,101397.73,6.8878157e-09,1.3873595
2007-01-05 12:00:00,14.011017,4.8993835,126.142,101189.43,0.0,1.7000114
2007-01-06 12:00:00,13.486237,5.6761475,89.764854,100984.52,1.6697766e-06,1.9187081
2007-01-07 12:00:00,13.950195,8.46344,106.11382,100905.14,4.5513698e-05,4.5924993
2007-01-08 12:00:00,13.922302,6.8699036,125.99437,100990.05,0.0,5.7416997
2007-01-09 12:00:00,12.298004,7.09198,116.41344,100923.09,1.0427904e-06,6.1768017
2007-01-10 12:00:00,13.608276,6.7470703,134.44473,101009.49,0.0,5.2596087
2007-01-11 12:00:00,14.289886,9.488281,136.83861,101155.73,0.0,5.2091165
2007-01-12 12:00:00,13.758331,4.8680115,42.675213,101039.01,7.839212e-05,2.8175087
2007-01-13 12:00:00,12.368347,4.0543213,132.77985,100769.5,2.2987731e-05,3.9212217
2007-01-14 12:00:00,11.747284,3.953125,73.22615,101197.664,1.1619622e-06,1.723649
2007-01-15 12:00:00,12.215118,8.8203125,45.020664,101308.12,9.620142e-05,2.997808
2007-01-16 12:00:00,11.946808,5.9092712,132.7454,101622.01,1.30973e-06,3.6542344
2007-01-17 12:00:00,13.902191,6.9308777,143.47041,101999.766,0.0,5.333536
2007-01-18 12:00:00,13.350494,4.001831,141.77853,102288.76,0.0,3.7600112
2007-01-19 12:00:00,10.27301,3.5151672,104.633766,102493.04,5.811381e-08,2.906597
2007-01-20 12:00:00,11.638916,4.3577576,96.0967,102439.35,0.0,2.6244195
2007-01-21 12:00:00,12.908508,5.8899536,109.86707,102028.695,0.0,1.6434251
2007-01-22 12:00:00,12.963409,7.354187,57.909325,101757.98,1.6914106e-05,0.7542512
2007-01-23 12:00:00,12.344849,8.31778,142.33907,101908.21,1.6785487e-05,3.8425357
2007-01-24 12:00:00,11.6102295,4.212616,151.77763,101691.34,0.0,3.6185546
2007-01-25 12:00:00,11.96991,7.1285706,155.54652,101179.97,0.0,6.2095895
2007-01-26 12:00:00,13.847839,6.38562,156.68965,101254.88,0.0,5.85097
2007-01-27 12:00:00,13.671814,5.079254,159.70038,101361.5,0.0,4.6592727
2007-01-28 12:00:00,11.709991,1.7701721,140.47096,101890.516,0.0,2.1071393
2007-01-29 12:00:00,13.308594,3.6190796,154.35387,101970.04,0.0,1.4314765
2007-01-30 12:00:00,12.555054,7.2613525,34.93537,101639.76,0.00012177196,3.6065485
2007-01-31 12:00:00,10.45343,6.230591,156.85594,101533.33,7.9440855e-05,2.9146726
2007-02-01 12:00:00,10.991547,4.9635315,166.94711,101704.164,0.0,5.2403364
2007-02-02 12:00:00,11.04245,2.5578003,115.6718,101420.0,0.0,1.4227113
2007-02-03 12:00:00,10.915405,8.375702,137.30055,101201.36,0.00010004588,2.5015385
2007-02-04 12:00:00,10.762756,7.3773804,165.50177,100696.195,3.7359678e-05,4.7823815
2007-02-05 12:00:00,11.56488,4.071045,170.89555,100808.016,0.0,4.586594
2007-02-06 12:00:00,14.3420105,5.927368,176.00327,100996.96,0.0,3.71601
2007-02-07 12:00:00,14.2335205,2.4236755,176.1409,101475.54,3.2398095e-09,2.4345443
2007-02-08 12:00:00,12.710388,4.320648,177.89581,101688.945,0.0,1.0222825
2007-02-09 12:00:00,12.114868,5.220215,123.36758,101259.82,7.1676704e-06,1.606489
2007-02-10 12:00:00,12.626099,3.751892,148.34096,101165.234,7.769408e-07,0.40037772
2007-02-11 12:00:00,12.450043,6.398285,129.11288,101699.98,8.091322e-06,0.68114054
2007-02-12 12:00:00,14.478943,5.029785,177.3571,101786.46,4.8511805e-07,1.3232204
2007-02-13 12:00:00,15.336548,5.6541443,171.7841,101768.516,2.0037407e-06,0.6206663
2007-02-14 12:00:00,15.3463745,6.0440674,135.25623,101635.92,1.7955733e-06,0.9877679
2007-02-15 12:00:00,12.485748,7.413147,88.36305,101263.04,7.400389e-05,2.6740055
2007-02-16 12:00:00,11.7323,8.237549,155.04744,100870.92,0.00010308902,0.95331067
2007-02-17 12:00:00,11.658966,7.776367,79.54387,100659.18,1.0888452e-06,1.9454606
2007-02-18 12:00:00,11.078064,8.848785,128.03659,100764.555,0.00011845059,3.7106154
2007-02-19 12:00:00,10.679443,5.752655,68.41219,101326.39,9.0431495e-06,2.4393973
2007-02-20 12:00:00,12.73941,8.196808,43.131718,100069.07,0.00025832094,4.0855584
2007-02-21 12:00:00,12.53363,10.270325,42.31507,99620.67,0.0002393966,9.014216
2007-02-22 12:00:00,13.079132,10.299316,111.5325,99826.42,0.00023265237,3.8491678
2007-02-23 12:00:00,12.8845825,9.182373,114.66106,101175.875,4.3760274e-06,3.229308
2007-02-24 12:00:00,11.914093,6.5474854,115.79481,101672.31,7.097364e-08,0.55027527
2007-02-25 12:00:00,14.785004,7.540161,200.17117,101775.46,0.0,1.416279
2007-02-26 12:00:00,14.717804,7.4188232,199.76863,101559.805,0.0,1.6540316
2007-02-27 12:00:00,15.704132,7.867584,211.09644,101229.33,1.7573665e-08,1.2949301
2007-02-28 12:00:00,17.676697,7.839447,197.25586,101222.62,1.723133e-06,0.74043906
2007-03-01 12:00:00,17.717102,8.654938,201.89413,101253.72,7.3778403e-07,1.399637
2007-03-02 12:00:00,14.055634,9.180267,157.45624,101091.86,6.9331254e-06,2.3142064
2007-03-03 12:00:00,13.565704,8.56488,136.01869,100648.26,3.037893e-06,2.3107467
2007-03-04 12:00:00,13.821655,6.7622375,219.26851,100752.23,0.0,2.2248938
2007-03-05 12:00:00,14.939331,7.4269714,220.73758,101054.92,0.0,2.8118134
2007-03-06 12:00:00,14.624786,7.86084,207.84479,101085.05,6.027049e-07,2.2799194
2007-03-07 12:00:00,14.782959,7.394684,225.03622,100804.88,1.9914086e-07,1.969143
2007-03-08 12:00:00,14.059448,8.575897,90.43157,100798.56,4.7174044e-06,2.202638
2007-03-09 12:00:00,12.49527,10.446716,105.043205,101046.92,0.0001207223,1.7841496
2007-03-10 12:00:00,12.25766,7.186249,134.91135,101012.95,1.9699244e-05,2.5207672
2007-03-11 12:00:00,12.35556,9.912689,56.309837,100360.14,0.00018724243,5.18496
2007-03-12 12:00:00,13.386871,8.562347,206.94688,99799.95,0.0002699252,6.8170104
2007-03-13 12:00:00,11.745789,7.809387,118.21208,99972.12,0.00027449772,4.700714
2007-03-14 12:00:00,11.711212,8.0289,208.08282,100734.96,1.9662506e-05,5.820414
2007-03-15 12:00:00,13.177795,5.965637,254.9615,101558.336,4.3380632e-09,3.5754683
2007-03-16 12:00:00,12.851013,8.074493,71.700676,101412.586,8.313897e-05,3.5186148
2007-03-17 12:00:00,12.7274475,6.7980957,239.29985,101794.625,5.473593e-06,2.4613826
2007-03-18 12:00:00,15.347687,6.931183,256.41226,102036.96,0.0,2.2910094
2007-03-19 12:00:00,15.306519,7.5377197,232.42802,102034.95,0.0,1.7590945
2007-03-20 12:00:00,16.581696,7.6517944,260.3137,101898.17,0.0,1.0136596
2007-03-21 12:00:00,16.131592,9.419617,193.91515,101557.8,4.3033183e-06,2.0782158
2007-03-22 12:00:00,14.551025,9.94516,93.66469,101046.16,1.195004e-05,3.1910422
2007-03-23 12:00:00,12.633789,8.168488,203.07896,101280.04,2.510332e-05,3.2251866
2007-03-24 12:00:00,12.1840515,9.553711,195.66492,100625.23,0.00025587634,5.933578
2007-03-25 12:00:00,12.226929,8.517487,250.67003,100919.63,3.1846335e-05,6.258492
2007-03-26 12:00:00,12.002075,9.028412,61.387444,101195.875,0.00023796153,4.170279
2007-03-27 12:00:00,11.266663,7.285492,240.45413,101018.83,8.757382e-05,4.7601585
2007-03-28 12:00:00,12.282349,7.964447,260.5013,101507.11,6.0886177e-06,4.616433
2007-03-29 12:00:00,14.88324,6.54953,280.7837,101745.03,1.8911028e-10,3.4972599
2007-03-30 12:00:00,15.654175,6.7797546,285.6536,101409.18,0.0,2.107425
2007-03-31 12:00:00,15.350739,8.181061,248.10062,101407.7,1.5067748e-06,1.8209972
2007-04-01 12:00:00,16.269531,8.054718,284.33633,101307.47,2.3431554e-09,1.82675
2007-04-02 12:00:00,15.9939575,8.037598,238.16708,101083.3,1.5940141e-06,1.8004615
2007-04-03 12:00:00,18.099976,8.580841,266.3123,100824.82,3.0409846e-09,1.6000819
2007-04-04 12:00:00,18.31366,9.026306,288.8768,100489.52,1.4633808e-07,1.8150506
2007-04-05 12:00:00,18.17337,8.675903,291.38312,100342.08,2.3134659e-08,2.431027
2007-04-06 12:00:00,16.470673,8.615997,299.1719,100347.484,0.0,2.5642881
2007-04-07 12:00:00,16.047485,9.247101,259.05478,100568.47,3.4325049e-06,2.822197
2007-04-08 12:00:00,15.844086,9.621857,270.95935,100850.82,0.0,3.9084003
2007-04-09 12:00:00,16.238373,9.7074585,287.7815,100992.35,0.0,5.0557475
2007-04-10 12:00:00,19.415283,10.250427,296.99014,101305.695,0.0,3.8361
2007-04-11 12:00:00,19.656616,10.218811,276.536,101194.68,0.0,1.9973702
2007-04-12 12:00:00,18.598633,9.027954,304.9952,101215.81,0.0,2.7055774
2007-04-13 12:00:00,16.567688,9.995514,275.5161,101192.266,1.1328854e-06,3.7108343
2007-04-14 12:00:00,17.825531,10.183441,305.76093,101222.195,0.0,4.071089
2007-04-15 12:00:00,19.529053,8.822632,315.8626,100975.125,0.0,2.2412503
2007-04-16 12:00:00,19.042755,8.98761,308.20993,100741.33,1.9456674e-07,2.6299837
2007-04-17 12:00:00,17.495148,11.660126,327.02768,100551.484,0.0,6.145987
2007-04-18 12:00:00,17.615784,9.730255,324.66458,100391.66,0.0,4.113238
2007-04-19 12:00:00,18.731445,8.664368,324.73956,100473.75,0.0,2.2283032
2007-04-20 12:00:00,17.67273,9.736328,290.32578,100758.23,2.4151057e-06,2.6874382
2007-04-21 12:00:00,16.563965,8.347351,327.18994,100836.03,0.0,3.93308
2007-04-22 12:00:00,18.876404,8.931763,328.50598,100925.24,0.0,3.520497
2007-04-23 12:00:00,20.667847,9.585602,329.72134,101043.76,0.0,2.1354969
2007-04-24 12:00:00,23.968842,9.913666,330.4109,100938.45,0.0,1.6928623
2007-04-25 12:00:00,23.864685,13.47522,320.4173,100728.19,0.0,4.670518
2007-04-26 12:00:00,18.696045,12.150513,317.46,100495.88,0.0,5.5715895
2007-04-27 12:00:00,18.833923,7.564636,345.9118,100682.07,0.0,2.6654959
2007-04-28 12:00:00,20.367249,8.199554,343.5033,100684.46,0.0,1.3795395
2007-04-29 12:00:00,20.015198,8.747131,335.14304,100571.5,8.73864e-07,2.3087926
2007-04-30 12:00:00,17.106201,10.094696,316.98773,100478.25,2.9642765e-06,3.554667
2007-05-01 12:00:00,14.984985,9.546295,297.36597,100787.2,3.052702e-07,4.364443
2007-05-02 12:00:00,16.372223,10.183258,215.70026,101039.24,4.703625e-06,2.7240584
2007-05-03 12:00:00,15.96347,9.449371,302.15686,101075.63,4.8859437e-08,3.613237
2007-05-04 12:00:00,16.246521,9.564728,339.93665,100964.414,0.0,3.8330317
2007-05-05 12:00:00,16.675598,12.367004,244.51181,101077.27,1.0032917e-05,3.1357532
2007-05-06 12:00:00,16.244263,12.406738,331.9737,101368.69,7.509106e-06,4.2569675
2007-05-07 12:00:00,20.94043,10.009338,359.12833,101390.875,0.0,5.43142
2007-05-08 12:00:00,21.058716,10.982422,356.5178,100637.89,0.0,3.4769573
2007-05-09 12:00:00,19.452454,9.748993,354.22723,100480.54,0.0,2.9975822
2007-05-10 12:00:00,16.85028,11.874115,321.49216,100870.56,7.67908e-07,4.9792066
2007-05-11 12:00:00,16.06305,9.708832,349.95773,101213.37,0.0,3.5320349
2007-05-12 12:00:00,15.167908,9.817108,288.27786,101225.91,3.7562913e-06,3.5129733
2007-05-13 12:00:00,15.198395,10.809479,276.00055,101171.836,4.1629637e-06,3.7841887
2007-05-14 12:00:00,15.734558,11.608612,270.59628,100757.67,1.7709095e-06,4.140174
2007-05-15 12:00:00,16.285583,12.379669,264.77933,100553.15,6.9873954e-06,3.4867718
2007-05-16 12:00:00,16.654663,12.434692,304.71643,100638.555,4.1718054e-06,3.4599109
2007-05-17 12:00:00,16.471283,12.167908,284.5645,100566.22,3.0501647e-06,4.1625624
2007-05-18 12:00:00,17.034454,10.955963,338.2987,100729.38,5.277573e-07,3.6588132
2007-05-19 12:00:00,17.416016,12.207275,327.36908,100690.27,1.8508604e-06,3.789522
2007-05-20 12:00:00,18.267303,11.043762,362.49844,100581.086,9.2753725e-09,3.4199073
2007-05-21 12:00:00,17.449554,11.573395,341.68512,100617.07,9.040177e-08,4.0228167
2007-05-22 12:00:00,16.09851,11.784607,272.03387,100901.17,3.4975476e-06,3.6986027
2007-05-23 12:00:00,17.890106,12.563873,289.96664,100865.13,1.4227181e-06,3.7010279
2007-05-24 12:00:00,20.746216,12.589996,364.24008,100522.15,0.0,2.7423675
2007-05-25 12:00:00,20.364227,12.269012,366.27853,100404.63,0.0,3.1282911
2007-05-26 12:00:00,19.114716,12.266327,243.59785,100507.35,7.849785e-08,3.201479
2007-05-27 12:00:00,18.362244,13.337891,254.8989,100535.36,3.9774307e-07,3.941252
2007-05-28 12:00:00,17.161865,12.183838,275.0559,100807.09,4.5518473e-06,3.9583168
2007-05-29 12:00:00,18.099854,13.180908,341.12555,100987.28,1.615922e-06,4.9508233
2007-05-30 12:00:00,19.528656,13.503479,367.61487,100931.06,0.0,5.7945313
2007-05-31 12:00:00,22.50055,12.314728,368.84586,100534.734,0.0,3.369396
2007-06-01 12:00:00,22.922272,13.356232,370.1124,100169.88,0.0,2.6305926
2007-06-02 12:00:00,22.671295,13.328644,366.7361,100109.36,1.9995717e-08,3.1410973
2007-06-03 12:00:00,18.785095,14.4965515,257.9718,100446.336,6.534477e-06,5.2886405
2007-06-04 12:00:00,17.35913,13.677856,206.73015,100839.125,2.8311622e-06,3.563325
2007-06-05 12:00:00,18.662079,12.907471,343.87195,101150.164,3.273828e-05,4.1277514
2007-06-06 12:00:00,22.766022,12.8688965,370.29373,101119.55,0.0,3.6608353
2007-06-07 12:00:00,22.382324,13.641663,368.5299,100700.625,0.0,2.734275
2007-06-08 12:00:00,23.115173,13.605377,366.69583,100474.484,0.0,3.1646976
2007-06-09 12:00:00,23.04132,14.624451,377.43625,100218.0,0.0,4.9735026
2007-06-10 12:00:00,21.538666,13.569183,376.57617,100218.734,0.0,3.6524417
2007-06-11 12:00:00,21.48291,13.403778,376.1328,100486.74,0.0,4.568879
2007-06-12 12:00:00,21.988617,15.376923,343.90106,100618.85,0.0,5.6682725
2007-06-13 12:00:00,21.687012,15.993256,374.20044,100561.08,0.0,6.5995917
2007-06-14 12:00:00,21.127014,14.650482,375.28656,100451.836,0.0,6.1472573
2007-06-15 12:00:00,20.537537,14.130951,362.9057,100741.64,0.0,5.4305277
2007-06-16 12:00:00,20.186127,12.937897,377.08957,101412.66,0.0,6.241548
2007-06-17 12:00:00,22.402466,13.584625,385.10962,101303.8,0.0,4.6666336
2007-06-18 12:00:00,22.362946,12.86554,378.95383,100798.79,0.0,3.7989354
2007-06-19 12:00:00,21.232178,13.506622,378.2224,100705.5,0.0,5.4366784
2007-06-20 12:00:00,20.691895,13.456818,376.72473,100989.51,0.0,4.954245
2007-06-21 12:00:00,21.715027,13.0000305,367.52753,100855.09,0.0,3.2048485
2007-06-22 12:00:00,22.937134,13.286713,355.6081,100711.09,0.0,3.3245807
2007-06-23 12:00:00,22.306427,15.613037,370.65332,100828.336,0.0,6.762954
2007-06-24 12:00:00,22.347717,15.153351,377.46973,100729.42,0.0,5.781622
2007-06-25 12:00:00,22.070526,14.880768,378.9318,100766.414,0.0,5.057423
2007-06-26 12:00:00,22.722168,12.859924,378.3044,100640.56,0.0,3.3677912
2007-06-27 12:00:00,22.321075,12.898041,375.61765,100640.2,0.0,3.3816533
2007-06-28 12:00:00,20.22528,14.148224,375.60834,100737.62,0.0,4.838558
2007-06-29 12:00:00,21.29477,13.23407,374.1734,100716.51,5.7237173e-08,2.8968136
2007-06-30 12:00:00,21.276306,14.197968,342.00955,100820.59,2.1720205e-06,3.164436
2007-07-01 12:00:00,21.0271,14.349518,329.5197,100622.61,1.2768547e-06,3.920111
2007-07-02 12:00:00,20.966827,15.301422,357.12637,100354.305,5.873324e-07,3.7434337
2007-07-03 12:00:00,21.205872,14.589142,371.33878,100440.98,4.2137955e-08,3.4752686
2007-07-04 12:00:00,21.98175,14.444031,340.96466,100548.38,7.989637e-07,3.156546
2007-07-05 12:00:00,22.290985,15.080048,334.4873,100486.14,3.8196063e-06,2.8882701
2007-07-06 12:00:00,23.533844,14.101379,357.54587,100429.27,1.9844428e-07,2.4415905
2007-07-07 12:00:00,23.507141,15.1319275,333.5993,100552.73,2.2511658e-06,2.6224344
2007-07-08 12:00:00,24.66275,14.768036,361.56586,100631.55,1.6936681e-07,2.5968595
2007-07-09 12:00:00,24.5979,14.909241,372.49234,100570.52,0.0,3.5105221
2007-07-10 12:00:00,23.407837,16.254608,369.26352,100580.016,0.0,5.4461775
2007-07-11 12:00:00,25.762146,14.971771,369.29825,100392.77,0.0,3.4809537
2007-07-12 12:00:00,25.107605,14.684723,368.70355,100206.234,0.0,2.8259494
2007-07-13 12:00:00,22.585266,14.979095,368.28412,100352.55,1.4892581e-08,3.5689726
2007-07-14 12:00:00,22.260162,15.35022,341.3879,100728.04,1.1301333e-06,3.6149983
2007-07-15 12:00:00,23.32486,14.157898,362.3405,100854.2,2.6033302e-07,3.13063
2007-07-16 12:00:00,24.357727,15.00882,360.8882,100590.5,2.0762482e-07,2.9718678
2007-07-17 12:00:00,25.063416,15.389343,367.2631,100357.5,0.0,2.8029356
2007-07-18 12:00:00,24.638245,15.4028015,362.00882,100589.96,0.0,3.913211
2007-07-19 12:00:00,24.639954,14.468658,366.70294,100837.45,0.0,3.5882008
2007-07-20 12:00:00,24.649231,14.256897,367.1815,100529.02,0.0,2.711847
2007-07-21 12:00:00,24.272797,15.034302,360.5294,100353.4,0.0,3.2330582
2007-07-22 12:00:00,23.685364,15.661011,342.60553,100466.836,4.1535102e-07,2.9481611
2007-07-23 12:00:00,25.039886,15.798187,339.4898,100566.44,1.766409e-07,2.799251
2007-07-24 12:00:00,24.8862,16.57605,337.96823,100535.05,0.0,3.0931692
2007-07-25 12:00:00,23.903503,17.433807,252.63805,100547.48,2.9139633e-07,3.374624
2007-07-26 12:00:00,24.852295,16.99472,311.20972,100736.85,1.2768502e-06,2.4193687
2007-07-27 12:00:00,27.981201,16.768585,339.2646,100812.34,2.7502062e-07,2.0047982
2007-07-28 12:00:00,26.765137,17.977356,335.4783,100494.16,1.1715777e-09,2.8850615
2007-07-29 12:00:00,25.873047,17.996674,323.3691,100602.32,1.8326234e-06,2.7284937
2007-07-30 12:00:00,26.351685,17.451965,326.92093,100496.98,8.597547e-07,2.6612256
2007-07-31 12:00:00,26.192749,17.47287,337.13535,100460.836,9.1418976e-08,3.1598866
2007-08-01 12:00:00,25.5083,17.075531,342.83603,100580.15,0.0,3.5110528
2007-08-02 12:00:00,24.121216,16.428345,344.9691,100456.836,0.0,3.5430338
2007-08-03 12:00:00,24.440125,16.672913,329.62186,100159.11,1.5571377e-08,3.270636
2007-08-04 12:00:00,23.998322,17.922974,288.40625,100203.42,7.3379954e-07,4.0295343
2007-08-05 12:00:00,22.86377,18.377472,134.44771,100566.03,0.0,2.788722
2007-08-06 12:00:00,26.660004,17.775482,306.5023,100678.27,5.498535e-07,2.5320823
2007-08-07 12:00:00,26.54242,17.695892,328.67322,100771.93,0.0,2.9372811
2007-08-08 12:00:00,23.654236,17.421814,270.75647,101095.0,5.2890905e-06,3.690883
2007-08-09 12:00:00,25.788788,15.85083,337.7918,100967.61,0.0,3.625679
2007-08-10 12:00:00,25.252716,16.189117,328.77386,100728.89,0.0,3.3815498
2007-08-11 12:00:00,24.678314,16.79486,337.79584,100736.164,0.0,4.4249473
2007-08-12 12:00:00,26.313568,15.447784,338.2292,100713.4,0.0,3.192454
2007-08-13 12:00:00,28.301483,15.763824,338.2249,100576.91,0.0,2.7684767
2007-08-14 12:00:00,28.233032,16.613861,331.81653,100478.73,0.0,2.9509673
2007-08-15 12:00:00,27.552307,17.200897,292.65784,100518.39,0.0,3.337172
2007-08-16 12:00:00,24.248444,17.354218,291.37137,100595.11,2.3222645e-07,3.1051786
2007-08-17 12:00:00,22.45166,18.057648,287.5813,100510.76,1.6097346e-06,3.70065
2007-08-18 12:00:00,23.299896,17.10794,303.28986,100511.805,4.678626e-07,3.609814
2007-08-19 12:00:00,24.015045,15.850739,300.2201,100642.03,1.5278902e-06,2.8899097
2007-08-20 12:00:00,23.051239,16.323242,293.02344,100774.11,4.456049e-06,2.9452322
2007-08-21 12:00:00,24.910706,14.532715,324.6243,100699.01,0.0,2.6244726
2007-08-22 12:00:00,24.668121,15.141876,306.9174,100527.2,0.0,2.8607407
2007-08-23 12:00:00,24.102417,18.000305,202.23193,100454.35,0.0,3.5555837
2007-08-24 12:00:00,21.648651,17.87561,190.49306,100533.26,4.8565503e-09,3.5538669
2007-08-25 12:00:00,21.197815,16.57312,254.68544,100719.94,2.7288165e-06,4.523734
2007-08-26 12:00:00,22.424591,15.671143,311.17355,100623.055,0.0,4.7094736
2007-08-27 12:00:00,21.979218,15.651581,312.32816,100567.805,0.0,6.2344446
2007-08-28 12:00:00,23.042114,14.67923,309.75702,100586.44,0.0,4.0053496
2007-08-29 12:00:00,22.814453,14.030273,307.79874,100582.41,0.0,3.2671318
2007-08-30 12:00:00,22.549194,15.999115,302.68185,100532.04,0.0,5.0326123
2007-08-31 12:00:00,22.91101,15.922241,288.81714,100474.27,6.068063e-08,4.008523
2007-09-01 12:00:00,23.648865,15.254761,279.3268,100563.87,3.8084676e-07,2.5881245
2007-09-02 12:00:00,23.20993,14.602203,294.9899,100465.086,0.0,2.8782349
2007-09-03 12:00:00,23.090515,16.280487,294.87497,100448.58,0.0,3.7961533
2007-09-04 12:00:00,23.285797,14.566162,294.1663,100464.836,0.0,2.6529722
2007-09-05 12:00:00,22.802399,14.7352295,295.82037,100439.63,0.0,4.0756264
2007-09-06 12:00:00,21.774689,15.0156555,295.13992,100438.44,0.0,4.8569336
2007-09-07 12:00:00,20.967316,13.235474,286.7204,100404.09,1.3326023e-08,3.236975
2007-09-08 12:00:00,20.151459,14.898132,246.84558,100551.7,1.2649734e-06,4.2826443
2007-09-09 12:00:00,20.825958,15.179718,286.41458,100751.78,0.0,5.492926
2007-09-10 12:00:00,22.628235,12.818115,284.0776,100650.484,0.0,3.2204278
2007-09-11 12:00:00,22.015167,14.130646,274.0622,100364.85,3.9079424e-08,3.5405571
2007-09-12 12:00:00,19.916962,15.53775,230.19058,100346.29,1.1318149e-06,4.1335335
2007-09-13 12:00:00,19.890076,14.890991,263.8309,100506.53,1.2864612e-06,3.5909789
2007-09-14 12:00:00,20.654907,13.549774,255.23167,100416.125,2.2552479e-06,2.6252458
2007-09-15 12:00:00,20.0372,13.9487,218.70776,100405.19,4.3266573e-06,3.523502
2007-09-16 12:00:00,18.472137,14.957672,209.80318,100698.85,4.7598433e-06,4.347952
2007-09-17 12:00:00,19.92984,13.811218,261.09338,100973.336,7.496742e-07,3.2709699
2007-09-18 12:00:00,19.636444,14.623962,193.20013,100741.56,4.2048587e-06,3.2232816
2007-09-19 12:00:00,18.397705,15.22583,143.79,100413.4,8.504764e-06,4.706989
2007-09-20 12:00:00,19.429108,14.443817,252.24036,100666.21,3.3504602e-06,4.5691085
2007-09-21 12:00:00,19.802856,14.31488,218.90384,100916.27,0.0,4.370808
2007-09-22 12:00:00,20.157013,14.225494,258.48596,100937.92,0.0,5.292881
2007-09-23 12:00:00,21.272888,11.771851,255.7526,101002.92,0.0,2.868855
2007-09-24 12:00:00,20.257416,14.942871,141.61044,100952.96,1.887891e-05,3.439402
2007-09-25 12:00:00,19.362274,15.88504,184.39113,100939.54,1.3754408e-05,2.7341192
2007-09-26 12:00:00,18.75,15.791107,140.85619,100958.19,1.3371401e-05,3.0207732
2007-09-27 12:00:00,19.972809,14.846741,215.80037,100737.31,4.6808877e-06,4.24114
2007-09-28 12:00:00,21.449524,12.762543,242.84279,100848.28,0.0,3.390363
2007-09-29 12:00:00,22.701477,12.423431,241.84724,100833.09,0.0,2.3256042
2007-09-30 12:00:00,23.724274,13.638428,239.32793,100761.14,0.0,1.9654909
2007-10-01 12:00:00,28.320526,13.877167,240.32353,100508.71,0.0,0.6503624
2007-10-02 12:00:00,30.545715,13.880646,238.98265,100476.44,0.0,0.3803066
2007-10-03 12:00:00,29.290619,12.978088,230.77994,100482.6,2.5080344e-06,2.1981153
2007-10-04 12:00:00,20.656433,13.043396,187.53671,100494.516,8.037099e-06,2.452267
2007-10-05 12:00:00,18.760437,13.163208,174.31169,100640.484,5.9419294e-06,2.7813106
2007-10-06 12:00:00,19.083405,12.606628,196.75433,100818.234,1.4303843e-06,3.022219
2007-10-07 12:00:00,20.823853,11.452148,219.54773,100932.5,1.0347313e-07,2.576487
2007-10-08 12:00:00,23.050598,12.048065,219.67932,100718.48,5.8169686e-08,1.9742379
2007-10-09 12:00:00,24.725769,12.747253,220.9619,100456.625,5.1549417e-08,1.8614713
2007-10-10 12:00:00,24.11441,13.215546,195.57578,100327.68,1.8563868e-06,2.3461678
2007-10-11 12:00:00,19.243164,13.947113,141.56671,100649.81,1.0969571e-05,2.6493185
2007-10-12 12:00:00,19.47699,14.053986,137.95427,100887.875,1.1864779e-06,2.4309638
2007-10-13 12:00:00,19.73291,14.443207,167.93582,100904.336,3.682418e-07,2.2849128
2007-10-14 12:00:00,19.923248,13.31427,176.26189,100970.51,2.1659241e-06,3.0072937
2007-10-15 12:00:00,20.9404,11.552582,188.07024,100967.96,6.958225e-07,2.0611305
2007-10-16 12:00:00,20.770264,14.087097,91.87358,100931.016,8.524341e-09,2.9025846
2007-10-17 12:00:00,20.00241,14.861206,110.9474,100932.76,2.9391992e-06,2.7811606
2007-10-18 12:00:00,20.85785,15.49411,197.35391,100742.82,4.1557454e-05,3.4344094
2007-10-19 12:00:00,21.124054,11.8168335,196.58975,100988.26,0.0,2.8736796
2007-10-20 12:00:00,20.961761,12.674835,193.30048,101264.96,0.0,2.4225054
2007-10-21 12:00:00,20.462402,14.164337,180.08942,101115.57,4.3792338e-07,4.429858
2007-10-22 12:00:00,16.53299,12.132782,116.86725,100404.08,1.4884236e-07,4.6183167
2007-10-23 12:00:00,16.035522,8.320709,123.78968,100558.22,0.0,0.68453383
2007-10-24 12:00:00,15.770691,10.847504,182.00891,100541.83,2.1932594e-07,4.5289507
2007-10-25 12:00:00,15.189209,8.532257,189.91953,101033.69,5.9895577e-09,3.8121614
2007-10-26 12:00:00,15.115143,7.7113037,152.3985,101524.78,0.0,3.22577
2007-10-27 12:00:00,14.943146,10.527557,39.06535,101343.15,8.059007e-05,3.487375
2007-10-28 12:00:00,17.072876,12.966309,153.02396,101223.92,9.45639e-06,3.3152282
2007-10-29 12:00:00,17.621094,11.6536255,128.1949,101107.78,2.0936689e-06,4.218379
2007-10-30 12:00:00,18.692139,11.456207,180.98662,101208.89,2.8366542e-10,3.9944618
2007-10-31 12:00:00,18.378876,8.936584,139.52965,101231.18,0.0,0.56767637
2007-11-01 12:00:00,17.106323,8.992737,109.40952,100857.52,6.009276e-07,3.2604585
2007-11-02 12:00:00,15.531799,8.399872,176.88774,100889.64,1.2229483e-06,4.084621
2007-11-03 12:00:00,15.368286,7.6236267,177.28557,100924.586,0.0,6.0213227
2007-11-04 12:00:00,16.131042,8.222565,167.10884,101119.25,0.0,2.7783585
2007-11-05 12:00:00,16.8685,7.3377686,164.30609,100950.34,0.0,1.3994169
2007-11-06 12:00:00,16.147003,8.493408,119.62394,100682.3,3.4810323e-06,1.8104813
2007-11-07 12:00:00,13.641785,10.533142,51.514183,99999.56,0.000114739385,4.527701
2007-11-08 12:00:00,14.012329,8.055695,160.69292,100320.45,5.215614e-06,3.6649988
2007-11-09 12:00:00,14.954407,9.339233,150.93974,101556.7,2.8635725e-07,3.1067986
2007-11-10 12:00:00,17.09311,7.447052,159.32307,101679.81,0.0,1.5768423
2007-11-11 12:00:00,17.642303,7.7427063,159.04735,101572.86,0.0,3.5896263
2007-11-12 12:00:00,16.983002,9.811676,82.62764,101114.12,0.0,3.47558
2007-11-13 12:00:00,15.732727,12.15332,98.98725,101111.04,2.6268337e-05,3.1471903
2007-11-14 12:00:00,14.946991,10.546478,81.77541,101785.766,6.4907567e-06,2.08498
2007-11-15 12:00:00,16.942993,8.277771,141.26553,101665.97,0.0,0.9742567
2007-11-16 12:00:00,16.910522,8.563568,136.56712,101312.73,8.593107e-07,1.285718
2007-11-17 12:00:00,16.4859,8.856079,129.30876,101168.66,4.605302e-07,1.3253459
2007-11-18 12:00:00,16.268127,8.064209,111.96841,100978.18,2.1470038e-08,1.7000275
2007-11-19 12:00:00,15.291077,7.6332397,114.408356,101059.15,2.736494e-07,1.7860352
2007-11-20 12:00:00,15.5078125,10.430542,91.87603,101319.12,4.1240414e-06,1.0631125
2007-11-21 12:00:00,15.444031,10.948212,67.13305,101151.66,8.757583e-09,1.4223552
2007-11-22 12:00:00,14.998535,10.757233,98.54835,101534.375,5.7222387e-06,2.2478049
2007-11-23 12:00:00,15.803162,8.489014,103.09479,101427.79,1.1288536e-06,1.0505741
2007-11-24 12:00:00,18.279297,9.271393,137.6183,101305.12,7.325881e-11,0.98141736
2007-11-25 12:00:00,17.63681,8.867615,137.57285,101266.695,0.0,2.298393
2007-11-26 12:00:00,16.825195,8.653381,116.06696,101269.445,2.9357298e-06,1.2779269
2007-11-27 12:00:00,17.6698,7.575592,137.98141,101272.67,0.0,1.4934456
2007-11-28 12:00:00,17.168762,7.0766296,132.2204,101298.695,0.0,1.2563316
2007-11-29 12:00:00,17.985687,8.123505,131.66347,101212.914,0.0,0.73849595
2007-11-30 12:00:00,17.65799,9.62677,130.72646,101339.89,0.0,1.8024224
2007-12-01 12:00:00,17.372223,7.1875916,125.78923,101450.016,0.0,0.880104
2007-12-02 12:00:00,16.72171,8.26944,126.13898,101404.945,6.3082126e-08,2.6995337
2007-12-03 12:00:00,16.381042,6.3453064,121.601036,101401.266,0.0,1.4791503
2007-12-04 12:00:00,18.746368,9.028351,123.42978,101306.914,0.0,2.4162135
2007-12-05 12:00:00,19.312439,10.519196,125.20646,101214.63,0.0,2.4231536
2007-12-06 12:00:00,18.511963,9.722656,121.40604,101302.52,0.0,1.5023626
2007-12-07 12:00:00,19.814087,9.256226,127.51491,101128.82,0.0,2.2523599
2007-12-08 12:00:00,19.714294,12.175354,127.71421,101392.71,0.0,4.483903
2007-12-09 12:00:00,17.514801,8.592438,127.72341,101595.74,0.0,2.2732415
2007-12-10 12:00:00,17.39679,10.218353,124.461235,101150.15,0.0,2.0590043
2007-12-11 12:00:00,17.226257,10.298096,129.92377,101117.2,0.0,4.2638025
2007-12-12 12:00:00,15.889618,8.289276,125.50524,101469.95,0.0,3.748029
2007-12-13 12:00:00,16.347473,9.316345,116.10657,101903.24,0.0,3.0980458
2007-12-14 12:00:00,16.889313,8.13504,126.316696,101882.69,0.0,1.7249517
2007-12-15 12:00:00,15.365692,5.2433167,120.91034,101601.516,4.593513e-06,0.34192866
2007-12-16 12:00:00,14.06012,4.912567,63.304375,101527.5,1.1576266e-07,1.4461067
2007-12-17 12:00:00,16.277496,5.886627,117.52142,101345.67,2.3987866e-07,0.7903901
2007-12-18 12:00:00,15.631683,5.0865173,123.24938,101527.19,0.0,2.3896575
2007-12-19 12:00:00,14.6683655,5.4964294,126.11085,101800.625,0.0,2.3693633
2007-12-20 12:00:00,14.370178,3.1828308,122.25665,101709.17,0.0,1.6043513
2007-12-21 12:00:00,14.720551,6.720703,97.018524,101732.555,0.0,1.9987216
2007-12-22 12:00:00,15.639984,5.684723,120.3593,101589.734,0.0,1.1747015
2007-12-23 12:00:00,14.832184,4.3977356,104.54738,101422.28,1.7846287e-06,1.2403373
2007-12-24 12:00:00,13.464386,8.311066,79.06848,101481.5,3.999505e-06,1.5292537
2007-12-25 12:00:00,13.118164,7.485718,59.26677,101651.93,4.0366676e-06,1.8128777
2007-12-26 12:00:00,13.79715,10.9921875,70.012886,101726.65,1.5799258e-05,1.7231321
2007-12-27 12:00:00,13.003082,8.14798,122.84641,102024.555,0.0,6.0410905
2007-12-28 12:00:00,11.937775,3.884735,112.9771,101675.88,0.0,2.9780707
2007-12-29 12:00:00,14.068848,5.813263,65.80784,100935.336,6.1729865e-05,4.526846
2007-12-30 12:00:00,13.266846,10.842041,14.45749,100326.836,0.00074000907,10.227792
2007-12-31 12:00:00,13.5242,10.440186,60.73542,99995.56,0.00051107514,10.6063595
2008-01-01 12:00:00,11.467987,8.647675,25.342499,100833.18,0.00026765087,5.4191833
2008-01-02 12:00:00,11.428253,7.2394104,67.151794,100963.28,2.005316e-06,0.7001358
2008-01-03 12:00:00,12.61972,9.593384,67.9762,100611.94,0.00012097563,4.336939
2008-01-04 12:00:00,10.015015,6.26532,82.57238,101561.89,8.370245e-06,2.5425928
2008-01-05 12:00:00,9.241028,4.913513,70.67307,101005.79,0.0,1.5393913
2008-01-06 12:00:00,10.028595,3.4779053,127.635124,100231.84,4.075326e-07,3.1666334
2008-01-07 12:00:00,9.52597,6.492096,121.67871,100323.055,2.8149427e-07,7.0437455
2008-01-08 12:00:00,8.570068,4.337738,67.76381,100626.836,3.6881443e-07,2.870375
2008-01-09 12:00:00,8.222412,5.499054,44.861553,101105.91,3.4615932e-05,2.7691326
2008-01-10 12:00:00,11.332123,6.5336304,48.27011,100969.75,0.00027958362,3.679141
2008-01-11 12:00:00,9.275635,5.2850647,112.99068,101647.66,2.1142935e-07,3.536747
2008-01-12 12:00:00,9.018707,6.073242,61.038498,101781.61,1.8463366e-05,2.0854237
2008-01-13 12:00:00,9.663361,4.9849243,113.52194,101628.6,1.0598947e-08,2.9790578
2008-01-14 12:00:00,11.523865,6.212433,61.639717,101116.72,0.000104004364,1.2847962
2008-01-15 12:00:00,11.026703,7.8329773,78.21204,101309.125,1.1024495e-05,0.84200263
2008-01-16 12:00:00,12.394684,8.966949,24.11612,100841.39,0.00022560735,4.5340657
2008-01-17 12:00:00,11.565063,7.0953674,135.17874,101087.52,8.6234664e-05,4.598087
2008-01-18 12:00:00,11.583282,4.550415,139.06647,101765.484,0.0,3.355821
2008-01-19 12:00:00,11.571747,4.7063904,138.91438,102229.766,0.0,1.6938831
2008-01-20 12:00:00,12.006897,4.4749146,132.93578,102033.234,4.64109e-09,1.3014609
2008-01-21 12:00:00,11.830353,6.429596,108.88166,101272.63,6.408873e-07,1.8443663
2008-01-22 12:00:00,12.457428,6.8902893,144.23184,100750.89,0.0,1.1919205
2008-01-23 12:00:00,12.473785,5.9237366,141.52606,101346.86,3.2455114e-07,2.276236
2008-01-24 12:00:00,13.381317,6.6810303,146.09596,102252.445,0.0,2.1706538
2008-01-25 12:00:00,13.231903,7.917145,149.53635,102343.18,0.0,2.8360124
2008-01-26 12:00:00,12.651062,7.187958,143.10832,102146.94,3.6629404e-11,2.4041383
2008-01-27 12:00:00,13.044464,6.380493,141.48877,101911.04,0.0,2.155367
2008-01-28 12:00:00,12.847992,8.139008,85.95003,101648.89,0.0,2.0142474
2008-01-29 12:00:00,12.750061,8.0737,77.45157,101734.305,0.0,1.3890013
2008-01-30 12:00:00,13.926514,6.119873,156.44379,101825.69,0.0,0.80235195
2008-01-31 12:00:00,13.866791,6.3552246,157.44496,101420.13,7.261757e-08,0.37703565
2008-02-01 12:00:00,13.536407,5.667816,81.77304,101017.96,5.8440605e-06,1.5872589
2008-02-02 12:00:00,10.733215,8.171082,145.67358,101067.91,6.376964e-05,3.9239278
2008-02-03 12:00:00,10.9123535,5.21167,100.383705,101671.945,2.5282412e-05,2.58555
2008-02-04 12:00:00,11.80481,9.85025,35.533356,101803.57,8.933595e-05,3.5234976
2008-02-05 12:00:00,12.927399,7.332123,102.65811,101302.4,2.5856434e-06,2.1751177
2008-02-06 12:00:00,12.729767,9.511169,146.4029,100948.16,0.00020566308,3.4542286
2008-02-07 12:00:00,10.993469,4.809387,160.20766,101386.016,8.678006e-08,2.2283661
2008-02-08 12:00:00,10.420685,7.484497,69.528275,101061.29,1.86482e-05,1.4223212
2008-02-09 12:00:00,12.596588,7.107361,64.02648,100259.42,1.7731487e-05,3.8450503
2008-02-10 12:00:00,11.950897,9.547668,74.70795,99856.445,0.00025686336,7.8988943
2008-02-11 12:00:00,10.202698,9.10321,63.435314,99818.53,0.0003517228,6.414148
2008-02-12 12:00:00,10.585907,8.967712,94.74241,100591.45,2.8653789e-05,5.2756805
2008-02-13 12:00:00,13.599701,7.7821655,180.60072,101028.086,4.2566695e-05,3.6890836
2008-02-14 12:00:00,15.500732,6.2209167,189.48691,101414.195,0.0,2.4203517
2008-02-15 12:00:00,15.402435,6.9465637,189.99092,101563.63,3.6629404e-11,0.99930483
2008-02-16 12:00:00,14.230164,5.759674,173.87135,101456.47,3.23513e-06,0.5934013
2008-02-17 12:00:00,14.163788,6.0909424,186.69171,101285.32,7.2053354e-07,0.98969185
2008-02-18 12:00:00,14.106354,7.3092346,186.72516,101111.04,1.9393033e-08,2.2856724
2008-02-19 12:00:00,13.998199,6.651825,188.40553,101172.83,0.0,3.551657
2008-02-20 12:00:00,14.325562,7.237915,195.61012,101263.85,7.3315145e-09,2.368405
2008-02-21 12:00:00,14.499908,7.501587,198.3894,100888.59,0.0,1.0903993
2008-02-22 12:00:00,13.151978,7.8132935,190.44168,100826.36,1.7459684e-05,5.5936275
2008-02-23 12:00:00,11.303284,4.9556885,210.55894,101546.61,0.0,6.0241795
2008-02-24 12:00:00,14.470428,5.046631,210.595,101476.91,0.0,2.452055
2008-02-25 12:00:00,14.116486,5.725281,208.82033,101266.125,5.305243e-08,4.21448
2008-02-26 12:00:00,11.579498,4.830353,213.99565,101338.81,0.0,4.1944714
2008-02-27 12:00:00,13.622192,6.2662354,197.92935,101419.17,0.0,3.8064277
2008-02-28 12:00:00,13.183624,8.911926,118.66931,101447.52,2.445947e-06,3.9840693
2008-02-29 12:00:00,,,,,,
2008-03-01 12:00:00,11.041504,8.764282,203.57808,101255.33,4.6176116e-05,4.878783
2008-03-02 12:00:00,9.976868,3.9217224,98.971565,101738.336,1.654261e-05,2.526676
2008-03-03 12:00:00,10.128387,7.074066,153.71426,101072.42,0.00022906103,4.5482006
2008-03-04 12:00:00,8.972565,4.0925903,203.44292,101619.27,8.5695086e-07,4.6577296
2008-03-05 12:00:00,11.214386,7.18161,58.40776,101485.95,0.00015250393,4.154907
2008-03-06 12:00:00,11.298035,9.904266,76.57451,101536.164,5.886062e-05,4.147357
2008-03-07 12:00:00,11.373108,4.81073,232.70418,101555.164,7.7725787e-07,4.3252516
2008-03-08 12:00:00,10.661499,4.580261,217.57053,101630.79,1.9103692e-07,6.0907893
2008-03-09 12:00:00,9.165283,3.3734436,238.52011,102016.4,1.4976619e-09,5.5701876
2008-03-10 12:00:00,10.367279,5.9287415,159.07617,101894.01,2.2349435e-05,0.38362128
2008-03-11 12:00:00,13.186951,4.904022,236.42192,102185.2,1.4407852e-08,1.268048
2008-03-12 12:00:00,16.198303,6.9141846,244.81407,101907.68,0.0,1.2185802
2008-03-13 12:00:00,18.524902,8.2308655,252.53525,101066.805,0.0,1.5870433
2008-03-14 12:00:00,18.23993,6.582306,118.67028,100477.664,3.9693157e-05,1.773091
2008-03-15 12:00:00,12.300049,8.135437,120.76235,100589.06,2.6576428e-05,2.4436324
2008-03-16 12:00:00,13.003418,8.733063,69.74947,100814.56,0.00015727144,3.2857878
2008-03-17 12:00:00,12.017151,8.283905,69.41397,100034.586,0.00028341927,2.1326213
2008-03-18 12:00:00,11.960175,7.161133,196.55524,100667.86,1.5168881e-05,0.91160595
2008-03-19 12:00:00,11.510986,8.6345825,78.4177,101142.04,3.0333316e-05,3.1361954
2008-03-20 12:00:00,11.873932,7.6898193,235.74922,100758.68,0.00013777404,3.3075275
2008-03-21 12:00:00,11.777405,6.381317,228.40001,100734.664,0.0,5.11875
2008-03-22 12:00:00,13.710449,8.496735,183.52065,101245.42,1.6321777e-05,2.40257
2008-03-23 12:00:00,16.116455,7.560089,265.21597,101562.05,0.0,2.897576
2008-03-24 12:00:00,18.87619,9.322418,270.07703,101507.586,0.0,0.43654728
2008-03-25 12:00:00,18.957153,10.768372,265.48355,101354.4,0.0,0.88252366
2008-03-26 12:00:00,17.053497,9.154816,218.50792,101112.3,1.7045819e-09,1.6526779
2008-03-27 12:00:00,15.262482,9.601959,270.48984,101091.2,1.2285064e-07,3.461963
2008-03-28 12:00:00,15.653778,6.962799,272.0803,101553.89,0.0,3.224982
2008-03-29 12:00:00,17.225647,8.468048,276.08514,101325.27,0.0,2.1847415
2008-03-30 12:00:00,16.986206,9.241608,276.59955,101110.68,6.1402856e-09,3.4024014
2008-03-31 12:00:00,14.853149,8.818146,239.20804,100840.54,1.0046826e-06,5.9746447
2008-04-01 12:00:00,10.652893,6.870758,161.1271,100425.63,1.23409845e-05,5.5491824
2008-04-02 12:00:00,11.704285,6.513733,280.94766,100931.53,1.544783e-06,5.7688203
2008-04-03 12:00:00,11.867218,8.326447,105.132866,101573.79,7.9794954e-05,0.94465345
2008-04-04 12:00:00,16.7818,9.676544,275.54214,101461.2,1.2908632e-06,3.4735954
2008-04-05 12:00:00,17.819916,10.893311,281.18204,101102.96,0.0,3.2440257
2008-04-06 12:00:00,19.356964,10.049408,290.9397,101080.766,0.0,1.7974845
2008-04-07 12:00:00,19.09372,9.252472,256.25754,100647.266,7.026999e-07,1.7324976
2008-04-08 12:00:00,16.48993,10.805237,196.95972,100606.836,1.0546492e-05,4.7853894
2008-04-09 12:00:00,12.775726,10.021759,105.424736,101124.625,3.8065475e-05,3.2644463
2008-04-10 12:00:00,11.044189,7.3683777,236.34912,101027.26,7.8798425e-05,5.4276814
2008-04-11 12:00:00,13.122192,6.6131287,310.8037,101894.875,0.0,5.4211135
2008-04-12 12:00:00,13.315674,8.672577,234.19044,102064.93,4.778414e-07,4.53968
2008-04-13 12:00:00,12.48996,10.343689,115.078186,101443.43,5.881476e-05,4.2123265
2008-04-14 12:00:00,11.248047,5.986786,299.27332,101472.54,1.2699753e-06,6.4382677
2008-04-15 12:00:00,15.794586,6.5140076,321.1641,101713.016,0.0,3.9460373
2008-04-16 12:00:00,18.014557,6.2879333,322.02844,101724.77,0.0,2.152114
2008-04-17 12:00:00,17.900848,7.606262,320.59583,101440.016,0.0,2.2875056
2008-04-18 12:00:00,17.953827,9.92041,322.65643,101122.39,0.0,3.5094762
2008-04-19 12:00:00,17.584717,7.667633,326.2817,100810.984,0.0,2.3809707
2008-04-20 12:00:00,15.962128,10.180054,262.95605,100724.5,5.2917005e-07,5.7742653
2008-04-21 12:00:00,16.595306,7.8392334,328.3092,100893.78,0.0,4.4325256
2008-04-22 12:00:00,17.595673,8.693634,322.7686,101006.42,0.0,2.1423757
2008-04-23 12:00:00,17.38507,9.368927,303.14725,101142.63,1.051518e-06,2.356099
2008-04-24 12:00:00,17.271881,8.091034,309.1374,101011.53,7.425543e-08,2.7510624
2008-04-25 12:00:00,16.81018,8.280853,283.14865,100769.19,0.0,3.639935
2008-04-26 12:00:00,15.024506,7.5509033,325.3853,100571.26,0.0,4.6240773
2008-04-27 12:00:00,13.21994,8.242218,285.6108,100812.0,1.2307782e-08,6.899717
2008-04-28 12:00:00,15.390564,8.969025,262.29245,101356.82,2.2243696e-06,3.9390273
2008-04-29 12:00:00,18.940155,8.819885,340.3192,101166.99,0.0,3.5173285
2008-04-30 12:00:00,24.409058,8.784027,344.32828,100911.88,0.0,1.420479
2008-05-01 12:00:00,24.333649,9.521576,343.71597,100582.73,1.3272617e-08,1.6346798
2008-05-02 12:00:00,22.469238,9.762512,340.35315,100612.33,3.7839465e-07,1.923522
2008-05-03 12:00:00,21.869476,9.790558,345.67117,100563.375,0.0,2.1581166
2008-05-04 12:00:00,20.870789,11.1763,320.5762,100465.4,1.0231608e-06,3.6821554
2008-05-05 12:00:00,15.394165,10.411407,326.02173,100728.84,2.0634286e-06,4.444639
2008-05-06 12:00:00,15.343079,8.08728,327.4412,100616.26,0.0,3.4456863
2008-05-07 12:00:00,14.781158,10.130341,320.67566,100881.86,7.44858e-05,4.5592804
2008-05-08 12:00:00,16.130371,8.593292,337.23288,101259.88,9.126742e-08,2.8949413
2008-05-09 12:00:00,16.803009,12.345795,287.5435,101092.016,2.856255e-06,3.0813377
2008-05-10 12:00:00,16.46048,11.2387085,311.6669,100941.46,5.7624794e-07,3.9054096
2008-05-11 12:00:00,15.899811,11.796112,282.50882,100848.18,1.4436611e-06,4.3841777
2008-05-12 12:00:00,14.454681,9.2256775,291.6788,100878.95,2.6380476e-05,6.4224777
2008-05-13 12:00:00,14.918243,8.806519,348.7433,101302.72,2.8280963e-08,5.065267
2008-05-14 12:00:00,15.463379,8.952301,246.78406,101188.375,1.3332734e-08,3.6021154
2008-05-15 12:00:00,17.338501,11.005463,276.59512,100795.26,2.0529785e-06,2.5072336
2008-05-16 12:00:00,16.994568,11.710571,285.05212,100695.91,1.5399411e-07,3.273728
2008-05-17 12:00:00,15.516357,10.472565,318.7044,100870.58,1.003931e-06,3.7473567
2008-05-18 12:00:00,16.741821,12.038239,357.20032,100490.75,2.0448053e-06,4.77675
2008-05-19 12:00:00,16.535553,10.148682,370.2901,100581.34,0.0,6.137201
2008-05-20 12:00:00,14.966003,9.914886,284.2221,100986.55,2.4025358e-06,5.6353297
2008-05-21 12:00:00,17.814423,10.957672,334.91183,101325.9,3.9280166e-09,3.9162805
2008-05-22 12:00:00,17.721497,10.035309,363.8127,101146.164,0.0,4.045578
2008-05-23 12:00:00,17.929962,9.250977,362.7918,100584.2,5.6525415e-08,2.7308803
2008-05-24 12:00:00,18.117584,10.385193,363.25824,100701.625,0.0,3.0635598
2008-05-25 12:00:00,20.419922,10.905273,346.70334,101079.234,0.0,3.7972734
2008-05-26 12:00:00,23.758514,13.355164,362.3602,101098.35,0.0,3.4850216
2008-05-27 12:00:00,27.416138,13.0312805,365.47583,100835.23,0.0,1.8273196
2008-05-28 12:00:00,27.043213,12.855591,365.58408,100763.9,8.432201e-08,2.5266483
2008-05-29 12:00:00,22.500214,12.2022705,373.92886,100660.055,0.0,4.0954995
2008-05-30 12:00:00,19.16452,11.952698,373.79797,100466.35,0.0,3.9120517
2008-05-31 12:00:00,17.941437,12.485352,360.6196,100831.12,0.0,4.7459803
2008-06-01 12:00:00,18.792297,11.844086,371.52292,101195.56,0.0,4.5884714
2008-06-02 12:00:00,18.348328,10.196991,365.54312,101096.62,0.0,4.0649867
2008-06-03 12:00:00,17.627686,11.601837,365.83478,100899.23,0.0,5.022195
2008-06-04 12:00:00,20.130493,11.580261,380.10037,101074.29,0.0,4.997751
2008-06-05 12:00:00,20.045471,10.596619,376.9175,100816.69,0.0,3.5750294
2008-06-06 12:00:00,17.853485,11.930756,376.5774,100932.18,0.0,4.8642306
2008-06-07 12:00:00,18.681763,11.31662,375.81522,101085.14,0.0,4.5246534
2008-06-08 12:00:00,19.314423,12.619904,369.6286,101139.18,0.0,5.082553
2008-06-09 12:00:00,20.746796,13.603302,370.86325,100867.47,0.0,4.3103056
2008-06-10 12:00:00,20.147827,11.964569,370.48206,100592.08,2.5164125e-08,3.0809982
2008-06-11 12:00:00,20.042572,12.445282,369.839,100552.29,2.0777394e-08,3.2395775
2008-06-12 12:00:00,19.829376,13.325043,368.0803,100781.27,1.0468891e-07,5.666924
2008-06-13 12:00:00,18.50882,11.952148,371.4672,100930.81,0.0,4.137866
2008-06-14 12:00:00,19.258942,11.087067,365.17615,101082.836,0.0,3.4664795
2008-06-15 12:00:00,19.67868,10.773102,379.0756,101225.44,0.0,3.7181506
2008-06-16 12:00:00,20.023804,12.837524,377.37665,101033.234,0.0,5.4186616
2008-06-17 12:00:00,20.88324,14.314056,377.8955,100847.52,0.0,6.581943
2008-06-18 12:00:00,21.053741,15.493134,362.4497,100513.44,0.0,6.3309364
2008-06-19 12:00:00,21.776031,14.255005,377.93076,100517.516,0.0,5.250205
2008-06-20 12:00:00,21.167206,12.54718,376.57016,100417.57,0.0,4.4748044
2008-06-21 12:00:00,17.92871,13.489258,365.30658,100687.72,5.873315e-08,5.316733
2008-06-22 12:00:00,17.562683,13.295959,341.7362,101121.93,1.1418101e-06,4.708289
2008-06-23 12:00:00,19.657562,13.253296,376.77344,101121.93,2.2274207e-08,5.2377157
2008-06-24 12:00:00,22.011475,12.688446,368.6628,101009.16,0.0,3.6167448
2008-06-25 12:00:00,21.4906,14.311951,340.17444,100839.21,0.0,5.288519
2008-06-26 12:00:00,19.58374,12.5998535,374.0387,100992.54,0.0,5.384222
2008-06-27 12:00:00,20.033173,13.207947,378.09348,101005.305,0.0,4.588047
2008-06-28 12:00:00,19.802002,12.7769165,370.68246,100874.71,0.0,4.7849236
2008-06-29 12:00:00,19.474579,14.252197,368.00482,100725.97,0.0,5.739324
2008-06-30 12:00:00,18.40274,13.564392,281.9844,100733.73,3.0596684e-06,5.4960175
2008-07-01 12:00:00,17.970734,12.7569275,343.6949,100854.4,2.0805194e-07,4.121557
2008-07-02 12:00:00,18.9971,12.235382,342.22882,101066.62,1.847637e-06,3.285105
2008-07-03 12:00:00,20.6875,14.537415,344.12497,101292.23,2.8471125e-06,3.2763739
2008-07-04 12:00:00,21.766693,13.019897,366.6694,101134.48,0.0,3.5426917
2008-07-05 12:00:00,23.261963,13.481262,351.7371,100818.6,0.0,3.1488945
2008-07-06 12:00:00,26.462524,14.159821,363.67245,100563.34,0.0,2.3593006
2008-07-07 12:00:00,26.084808,16.935059,318.2052,100317.15,0.0,2.296988
2008-07-08 12:00:00,25.200043,14.667206,350.11932,100631.52,0.0,3.8222992
2008-07-09 12:00:00,22.759003,15.68692,344.62753,100924.91,0.0,3.8552096
2008-07-10 12:00:00,23.846619,13.99054,363.67276,100670.01,0.0,3.068287
2008-07-11 12:00:00,23.629608,16.191803,368.44135,100449.21,0.0,5.010118
2008-07-12 12:00:00,23.897186,16.52951,370.43958,100449.84,0.0,6.9624367
2008-07-13 12:00:00,24.599426,16.780182,366.28848,100708.766,0.0,4.7162676
2008-07-14 12:00:00,24.939758,15.042847,365.65237,100621.87,0.0,3.9207513
2008-07-15 12:00:00,24.388367,16.203705,365.75656,100708.88,0.0,5.13484
2008-07-16 12:00:00,23.958527,14.995728,367.4507,100773.35,0.0,4.219199
2008-07-17 12:00:00,25.154053,13.978882,369.8058,100807.12,0.0,2.9772866
2008-07-18 12:00:00,24.966736,14.163757,368.821,100739.33,0.0,3.146025
2008-07-19 12:00:00,24.4823,14.504395,294.06952,100491.56,0.0,2.556115
2008-07-20 12:00:00,22.760956,15.716827,217.83635,100518.27,3.6307014e-08,2.7402413
2008-07-21 12:00:00,21.957733,15.862305,316.45517,100878.28,2.8999823e-06,3.2367358
2008-07-22 12:00:00,23.309296,14.501038,337.56918,100954.79,1.0481535e-06,2.8819015
2008-07-23 12:00:00,22.900665,14.457611,336.9192,100701.43,1.4681341e-06,2.8130088
2008-07-24 12:00:00,22.01416,16.27118,319.0887,100538.26,1.5507604e-06,3.8509822
2008-07-25 12:00:00,22.984009,15.789612,348.1548,100668.55,9.843351e-08,4.263421
2008-07-26 12:00:00,23.212921,15.10556,334.5419,100834.69,2.968212e-07,3.5038002
2008-07-27 12:00:00,24.241516,15.081512,323.68314,100795.01,7.5728934e-08,2.854918
2008-07-28 12:00:00,23.572723,16.393951,343.00684,100672.97,3.307448e-07,3.5415869
2008-07-29 12:00:00,22.893677,15.247345,344.45938,100641.81,1.1423455e-07,3.9181888
2008-07-30 12:00:00,23.00644,15.179382,352.77216,100543.66,0.0,4.2753544
2008-07-31 12:00:00,22.63321,15.64386,350.40826,100498.305,0.0,4.4636865
2008-08-01 12:00:00,21.582764,15.412598,333.2866,100645.11,1.7645537e-07,4.346133
2008-08-02 12:00:00,22.755157,15.29303,337.7267,100572.97,4.7891257e-07,3.5099807
2008-08-03 12:00:00,24.437195,14.683807,324.439,100310.98,1.2989842e-06,2.5954964
2008-08-04 12:00:00,24.054962,16.215454,315.1305,100355.14,1.7495516e-06,3.3950393
2008-08-05 12:00:00,22.763031,17.2182,257.22052,100833.56,3.7083419e-06,3.6708753
2008-08-06 12:00:00,22.981293,16.457184,268.75168,101016.33,1.3234393e-06,3.3306553
2008-08-07 12:00:00,23.551025,16.390045,324.37085,100912.766,2.1997995e-08,3.3649473
2008-08-08 12:00:00,24.232117,16.914307,331.51395,100705.33,3.4810816e-09,3.8049717
2008-08-09 12:00:00,23.894867,17.284485,332.45248,100440.08,0.0,5.0511475
2008-08-10 12:00:00,22.103638,17.09018,298.22507,100225.836,1.7078225e-06,4.07829
2008-08-11 12:00:00,22.259644,17.147278,324.66827,100177.61,5.0152113e-07,3.7046123
2008-08-12 12:00:00,21.687317,17.210571,279.27573,100335.56,4.0798777e-06,4.273102
2008-08-13 12:00:00,21.564148,16.66632,278.33795,100544.44,7.020627e-06,3.98764
2008-08-14 12:00:00,23.006775,16.669067,309.6885,100645.51,7.24836e-08,3.772836
2008-08-15 12:00:00,22.655792,15.806,215.45915,100921.586,1.002308e-07,3.5699105
2008-08-16 12:00:00,27.575195,17.788574,297.96295,100885.3,0.0,2.2190142
2008-08-17 12:00:00,27.351074,16.895813,315.3795,100588.58,0.0,2.5665512
2008-08-18 12:00:00,23.336945,17.864502,280.9927,100506.195,2.2271777e-07,2.7644148
2008-08-19 12:00:00,23.868927,17.026276,306.74832,100563.9,2.428137e-06,2.99696
2008-08-20 12:00:00,23.626373,16.792175,268.23575,100677.43,2.1073188e-06,2.7719486
2008-08-21 12:00:00,22.827606,16.867706,282.05164,100766.96,4.3175255e-06,3.569837
2008-08-22 12:00:00,22.264038,16.070526,323.5697,100797.36,0.0,4.9990497
2008-08-23 12:00:00,24.772247,16.675995,320.71368,100718.555,0.0,4.765812
2008-08-24 12:00:00,24.506073,15.79068,315.75137,100487.375,1.8745244e-08,2.9251776
2008-08-25 12:00:00,22.985626,17.365631,288.3145,100404.984,4.0154458e-07,4.8500113
2008-08-26 12:00:00,21.272003,16.687286,263.88986,100549.7,2.0711816e-06,4.2936997
2008-08-27 12:00:00,21.360107,16.285828,264.39264,100690.23,3.1605966e-06,3.4043367
2008-08-28 12:00:00,22.196136,15.402618,298.8878,100725.61,0.0,4.0933013
2008-08-29 12:00:00,22.164764,15.869415,280.24847,100865.766,0.0,4.1680894
2008-08-30 12:00:00,22.33963,15.12616,286.4461,100970.055,8.041055e-07,3.4565816
2008-08-31 12:00:00,22.528473,15.1953125,285.16153,100790.34,7.3889254e-07,3.1321893
2008-09-01 12:00:00,22.562073,15.816528,294.14188,100770.836,1.030546e-06,3.2962315
2008-09-02 12:00:00,21.820557,15.58667,283.7272,100727.68,1.6776855e-06,3.7172542
2008-09-03 12:00:00,20.814392,16.303406,277.68555,100772.18,3.8483026e-07,4.3219337
2008-09-04 12:00:00,20.029083,15.904816,178.14569,100722.29,9.211059e-06,3.1498816
2008-09-05 12:00:00,20.589447,16.066895,241.60686,100553.625,6.236607e-06,3.1593852
2008-09-06 12:00:00,20.983337,15.1111145,276.40662,100469.28,4.908466e-07,3.5609882
2008-09-07 12:00:00,20.06659,16.154205,220.985,100674.086,1.6060145e-06,3.995879
2008-09-08 12:00:00,21.488708,15.45224,263.3088,100966.59,2.4446229e-06,3.0409544
2008-09-09 12:00:00,23.272827,15.378998,283.20187,101091.484,0.0,3.7464867
2008-09-10 12:00:00,23.102936,15.440887,285.08817,100924.35,1.4826713e-08,3.9366176
2008-09-11 12:00:00,22.725067,15.606781,281.19434,100623.31,0.0,4.450932
2008-09-12 12:00:00,22.819092,16.591919,276.7754,100818.68,0.0,5.18835
2008-09-13 12:00:00,22.164673,16.787537,280.28717,100821.87,0.0,5.5443077
2008-09-14 12:00:00,20.832031,15.698975,274.76,100656.07,0.0,5.9931717
2008-09-15 12:00:00,19.28415,14.908478,187.77238,100742.7,2.4523881e-06,4.4818735
2008-09-16 12:00:00,19.346436,15.6762085,184.0201,100757.16,5.3188833e-06,3.5879362
2008-09-17 12:00:00,21.157623,15.908356,264.72275,100541.9,0.0,3.3507848
2008-09-18 12:00:00,20.425385,14.780609,226.23083,100539.055,1.4839984e-06,3.5362284
2008-09-19 12:00:00,20.03949,14.461395,238.92313,100857.65,1.4355479e-06,3.7207441
2008-09-20 12:00:00,21.013977,14.324829,261.58014,100872.27,0.0,4.2605968
2008-09-21 12:00:00,21.409088,13.817474,235.81177,100623.52,1.7288932e-07,3.6857622
2008-09-22 12:00:00,20.386902,14.639221,195.0066,100354.02,8.026827e-06,3.1540496
2008-09-23 12:00:00,19.335907,15.741852,163.54395,100551.11,1.1279359e-05,3.3436043
2008-09-24 12:00:00,21.826569,13.796936,243.56677,100651.0,6.732794e-08,3.008494
2008-09-25 12:00:00,23.484222,13.299896,253.93535,100579.73,0.0,2.7970076
2008-09-26 12:00:00,23.410309,13.968323,249.70819,100489.555,1.05493605e-08,2.5283961
2008-09-27 12:00:00,23.495758,13.7647705,248.46251,100516.99,2.6971568e-08,2.5411487
2008-09-28 12:00:00,24.479126,13.701721,240.6738,100596.516,6.1667606e-07,2.0231364
2008-09-29 12:00:00,23.666504,13.709015,193.08737,100409.52,5.702906e-07,2.5772216
2008-09-30 12:00:00,21.104553,16.118591,158.9425,100071.2,2.5334177e-06,3.9707408
2008-10-01 12:00:00,19.195618,15.833618,237.69664,100019.18,1.9421961e-06,5.5315366
2008-10-02 12:00:00,17.451233,12.053131,232.08444,100933.91,0.0,7.482861
2008-10-03 12:00:00,18.284637,11.281616,238.52617,101107.29,2.5108656e-08,5.378811
2008-10-04 12:00:00,18.86969,10.485291,216.34277,101343.72,0.0,3.1466067
2008-10-05 12:00:00,19.659973,10.832184,228.9404,101264.516,0.0,2.813577
2008-10-06 12:00:00,22.318481,10.039917,233.9693,101050.59,0.0,1.2714906
2008-10-07 12:00:00,21.974121,9.383087,201.04034,100776.625,1.8541781e-08,2.462125
2008-10-08 12:00:00,19.449554,9.568481,219.55826,100598.945,2.4642662e-07,2.0409687
2008-10-09 12:00:00,19.163696,9.312408,225.746,100501.625,2.9705266e-08,2.4391782
2008-10-10 12:00:00,17.89212,10.827057,222.94102,100459.87,0.0,3.8168485
2008-10-11 12:00:00,19.749817,8.933105,219.35152,101090.19,0.0,1.5101446
2008-10-12 12:00:00,19.673645,9.1315,215.42972,100872.54,1.4661691e-08,3.1286144
2008-10-13 12:00:00,16.615631,11.687134,112.36714,100800.22,1.460182e-05,2.8689754
2008-10-14 12:00:00,16.34436,10.494965,167.3477,100782.375,1.4212686e-05,3.2591338
2008-10-15 12:00:00,16.064362,10.966827,160.8136,100931.39,1.2135926e-06,3.407606
2008-10-16 12:00:00,17.093445,11.064056,151.77321,101328.65,1.6041427e-06,2.3563356
2008-10-17 12:00:00,17.221405,14.485046,128.3817,101600.01,1.271881e-05,2.4416099
2008-10-18 12:00:00,18.765839,9.91391,190.87819,101497.33,1.3795785e-07,2.4343865
2008-10-19 12:00:00,18.059296,11.864685,107.138374,101274.21,6.5751833e-06,2.9359324
2008-10-20 12:00:00,17.912537,11.629608,178.74934,101111.98,3.0883784e-06,3.7789187
2008-10-21 12:00:00,19.459198,12.094635,182.17137,101265.61,0.0,3.5892355
2008-10-22 12:00:00,22.22171,12.868652,184.63264,101218.64,5.4765565e-07,1.8847116
2008-10-23 12:00:00,22.466919,12.233704,144.23846,100724.57,0.0,1.4614918
2008-10-24 12:00:00,23.095367,11.426483,170.17981,100525.336,1.535374e-08,1.1731918
2008-10-25 12:00:00,22.39627,12.767059,170.92752,100561.42,2.6193862e-07,2.0664997
2008-10-26 12:00:00,17.370453,12.735352,101.72129,100794.4,1.7005382e-06,3.075787
2008-10-27 12:00:00,16.809052,11.003784,177.19395,100844.336,0.0,3.9588234
2008-10-28 12:00:00,16.530853,9.630829,110.47079,101075.78,4.0268924e-06,2.8678908
2008-10-29 12:00:00,16.86502,14.668884,73.21538,100943.266,4.207934e-05,4.4966187
2008-10-30 12:00:00,16.524872,11.966003,165.23538,100986.9,9.821717e-06,3.3791897
2008-10-31 12:00:00,17.197449,10.906403,178.76457,101082.15,0.0,5.206314
2008-11-01 12:00:00,18.632935,7.8265686,179.43596,101298.8,0.0,3.8142476
2008-11-02 12:00:00,18.739746,9.308777,153.84608,101127.83,0.0,2.533436
2008-11-03 12:00:00,20.668884,11.403992,162.01727,100950.14,0.0,2.8150399
2008-11-04 12:00:00,19.962097,12.013031,77.60471,100752.03,2.7558426e-07,2.7620003
2008-11-05 12:00:00,16.16684,13.848877,56.006187,100855.38,2.6342737e-05,3.566516
2008-11-06 12:00:00,16.461914,12.863953,133.32242,101238.6,7.58176e-05,1.8882697
2008-11-07 12:00:00,17.504791,12.414337,143.98776,101593.8,0.0,1.7677149
2008-11-08 12:00:00,16.671722,14.373962,67.80412,101521.3,9.64196e-06,1.4694953
2008-11-09 12:00:00,16.584534,10.518463,125.834045,101219.375,1.7368635e-08,2.3600523
2008-11-10 12:00:00,17.302765,8.422607,160.25555,101048.42,0.0,1.1442014
2008-11-11 12:00:00,16.883759,7.201355,153.21425,101108.54,0.0,1.6903894
2008-11-12 12:00:00,17.674744,7.253357,150.72018,100932.81,3.7083563e-08,1.4387206
2008-11-13 12:00:00,17.327576,8.089294,150.27524,100571.766,2.2611577e-07,1.6950325
2008-11-14 12:00:00,15.683746,9.970978,48.725586,100424.03,7.906957e-06,2.7336688
2008-11-15 12:00:00,13.892761,11.692902,53.783688,100427.664,9.561754e-05,3.71149
2008-11-16 12:00:00,13.19989,9.582611,84.43224,100649.484,0.00015350958,4.214038
2008-11-17 12:00:00,14.137848,10.496704,136.96442,101326.65,2.3716624e-05,2.8951123
2008-11-18 12:00:00,14.655487,10.975616,77.28459,101452.836,3.260787e-06,1.650092
2008-11-19 12:00:00,14.35556,11.619507,67.2148,101078.79,6.5073036e-06,1.8734237
2008-11-20 12:00:00,14.259705,12.731506,69.355774,100897.945,8.346587e-06,2.0173182
2008-11-21 12:00:00,14.526825,7.1831055,137.81407,101294.94,1.430349e-07,0.5670296
2008-11-22 12:00:00,14.424011,8.524872,124.25504,101357.6,6.0854455e-07,2.1308196
2008-11-23 12:00:00,13.961853,10.788116,29.263508,101225.984,6.462216e-05,2.168258
2008-11-24 12:00:00,14.190735,11.516052,66.613625,101140.984,3.441882e-05,0.40268636
2008-11-25 12:00:00,13.831726,11.489349,82.159256,100691.46,1.2970657e-05,3.3756676
2008-11-26 12:00:00,14.786499,10.932983,36.860497,99992.91,0.00045431737,4.890576
2008-11-27 12:00:00,14.4935,10.838593,85.3306,100420.38,2.5319466e-06,2.5397558
2008-11-28 12:00:00,13.541229,9.720428,41.693886,100897.61,3.7238446e-05,3.7892826
2008-11-29 12:00:00,12.913391,8.692383,130.18867,101029.875,0.00024272727,4.720497
2008-11-30 12:00:00,10.54422,5.360962,121.202095,101282.35,7.206499e-07,1.8818521
2008-12-01 12:00:00,11.5581665,7.897461,52.30156,100702.45,0.0005068882,6.690984
2008-12-02 12:00:00,13.36441,8.752716,27.119781,101035.07,0.00021602464,3.8714836
2008-12-03 12:00:00,14.114746,12.632843,17.416368,100428.63,0.00061861105,8.261468
2008-12-04 12:00:00,12.71402,8.511139,90.95299,101156.66,5.100798e-06,3.199391
2008-12-05 12:00:00,10.401459,7.3866577,119.551445,101613.98,5.539317e-05,2.3986006
2008-12-06 12:00:00,9.846161,4.8538513,87.651344,101696.875,0.0,2.0608668
2008-12-07 12:00:00,10.237122,6.186737,62.847855,101272.53,0.0,2.8840818
2008-12-08 12:00:00,11.6536255,7.5525513,71.48052,100926.41,7.9855e-06,2.7285635
2008-12-09 12:00:00,12.334534,9.3038025,91.487465,100971.125,9.312351e-06,1.9195623
2008-12-10 12:00:00,12.930267,10.300232,22.819818,101329.17,7.658656e-05,2.3627
2008-12-11 12:00:00,13.859375,12.719055,37.67781,101501.17,5.110972e-05,2.9633107
2008-12-12 12:00:00,13.512878,12.010468,86.242874,101639.03,6.330913e-05,2.5569692
2008-12-13 12:00:00,12.365326,6.418457,115.22403,101774.71,0.0,2.2044528
2008-12-14 12:00:00,12.253052,6.65625,93.78593,101571.766,0.0,2.363578
2008-12-15 12:00:00,14.318115,7.9623413,119.32935,101577.984,0.0,1.7451516
2008-12-16 12:00:00,13.716095,7.167755,99.826416,101268.625,1.0988822e-10,1.6124724
2008-12-17 12:00:00,12.902039,8.477783,53.879192,100882.016,1.877725e-07,0.84406435
2008-12-18 12:00:00,12.061798,9.862518,56.60979,100717.16,5.4548887e-06,1.572685
2008-12-19 12:00:00,11.470856,7.934082,103.257805,100593.516,3.3363615e-06,2.597915
2008-12-20 12:00:00,9.934326,4.59906,120.78898,100871.73,3.210841e-06,3.937695
2008-12-21 12:00:00,8.137573,3.9561462,60.15479,101061.47,9.910534e-07,3.729022
2008-12-22 12:00:00,7.7063904,5.711273,20.575077,100904.96,0.00018281722,4.264407
2008-12-23 12:00:00,14.6284485,7.540558,17.638947,100141.74,0.000729968,6.2829094
2008-12-24 12:00:00,14.000305,11.875488,37.724625,100320.12,0.00014257939,4.9119716
2008-12-25 12:00:00,12.905609,10.394257,82.29638,100625.35,0.00014330298,3.943443
2008-12-26 12:00:00,12.036377,8.612732,28.808958,101173.21,0.00026217801,2.7746222
2008-12-27 12:00:00,11.149139,9.044312,69.76141,101171.94,3.273998e-05,2.1834726
2008-12-28 12:00:00,12.673309,9.137207,20.1692,101014.28,0.00019361197,2.7181706
2008-12-29 12:00:00,13.41861,12.4782715,23.747463,100904.03,0.00047628276,4.46111
2008-12-30 12:00:00,13.851837,12.069611,14.366541,100812.77,0.00073877035,4.7456865
2008-12-31 12:00:00,13.711578,11.939514,50.337337,100890.914,0.00022805431,1.9160424
2009-01-01 12:00:00,12.528259,9.704041,91.180374,101283.51,7.245283e-06,1.7188163
2009-01-02 12:00:00,13.037323,7.448456,101.15918,101603.15,0.0,1.2743742
2009-01-03 12:00:00,13.197174,9.730774,56.889355,101452.8,0.0,2.2832716
2009-01-04 12:00:00,13.187744,10.383575,48.032104,101132.91,7.776084e-06,1.6161869
2009-01-05 12:00:00,13.031769,9.844757,66.13564,101037.58,6.3564557e-06,1.5835294
2009-01-06 12:00:00,11.688599,9.32901,48.42465,100811.82,4.370751e-06,1.2235473
2009-01-07 12:00:00,11.848022,10.18454,43.260517,100731.99,1.4781935e-05,1.837499
2009-01-08 12:00:00,13.065094,10.214935,59.412525,100624.14,9.02577e-06,2.2986312
2009-01-09 12:00:00,13.1206665,10.939575,25.446074,100380.83,0.00038644747,5.7066965
2009-01-10 12:00:00,12.537415,8.9021,101.79003,100667.62,1.8794613e-05,1.4246186
2009-01-11 12:00:00,13.394653,10.906982,17.721828,100696.99,0.0003356183,5.1191187
2009-01-12 12:00:00,13.445557,10.879517,54.4252,100817.414,0.0001038905,2.597634
2009-01-13 12:00:00,11.043243,8.672424,51.914463,101165.6,5.7336434e-05,1.4898094
2009-01-14 12:00:00,10.801727,8.095093,66.98482,101264.83,2.9854436e-05,3.1019135
2009-01-15 12:00:00,12.821106,9.0616455,51.903584,101366.625,3.173664e-05,1.7499127
2009-01-16 12:00:00,12.477234,5.989197,126.77276,101609.44,2.3842824e-07,1.9684131
2009-01-17 12:00:00,12.269165,6.466736,134.832,101131.305,2.576818e-07,0.82887757
2009-01-18 12:00:00,12.397247,5.6838684,137.46977,100891.94,8.7377494e-08,1.4375381
2009-01-19 12:00:00,12.3594055,5.777527,104.91273,100860.125,5.808157e-07,0.55021477
2009-01-20 12:00:00,11.806061,8.480774,30.79549,100897.836,4.4061853e-05,2.2477968
2009-01-21 12:00:00,13.61261,11.434814,48.98336,100983.58,0.00010253509,3.966105
2009-01-22 12:00:00,13.812592,12.282623,74.627144,101371.44,4.6258505e-05,3.4343805
2009-01-23 12:00:00,13.469879,12.156769,66.28331,101195.03,1.7515758e-05,1.8858302
2009-01-24 12:00:00,12.362335,8.155548,147.99242,100780.48,7.3852745e-05,4.9632573
2009-01-25 12:00:00,11.063324,4.647278,151.06995,101454.69,0.0,3.6610916
2009-01-26 12:00:00,10.98233,4.3480835,121.23313,101558.77,0.0,1.9738982
2009-01-27 12:00:00,12.757477,6.2474365,137.12509,101722.984,0.0,2.5476413
2009-01-28 12:00:00,13.029907,7.1870728,140.66998,101641.586,0.0,0.899727
2009-01-29 12:00:00,13.583954,6.129669,156.04079,101089.98,1.7299731e-08,0.89542526
2009-01-30 12:00:00,13.313721,6.5951843,100.331764,100556.086,5.0861113e-06,2.1819258
2009-01-31 12:00:00,11.248383,4.5513306,104.74383,100492.47,0.0,1.9023169
2009-02-01 12:00:00,10.793884,6.312744,91.02502,101035.97,1.3587413e-08,1.933191
2009-02-02 12:00:00,12.722351,8.0390625,54.710968,100849.234,1.8684447e-06,2.859248
2009-02-03 12:00:00,13.3637085,12.083466,40.835,100063.336,0.0005011087,7.8347077
2009-02-04 12:00:00,13.92215,12.629272,31.764427,99064.12,0.0006704588,5.958983
2009-02-05 12:00:00,12.809814,9.895905,63.511673,99800.625,0.0002268042,6.7775536
2009-02-06 12:00:00,11.840668,8.608337,77.96705,100895.31,1.3219515e-05,2.8096402
2009-02-07 12:00:00,14.308624,10.080627,66.55182,100656.805,0.00034476444,5.4588795
2009-02-08 12:00:00,14.01535,12.88205,42.713596,100616.85,0.00026022815,6.102853
2009-02-09 12:00:00,13.263855,8.711609,113.4007,101014.37,2.8373272e-05,1.1103151
2009-02-10 12:00:00,13.894745,6.9870605,167.3637,100902.96,5.402084e-07,1.3807703
2009-02-11 12:00:00,14.084808,6.580841,178.74324,101017.9,0.0,1.2960212
2009-02-12 12:00:00,13.767792,7.294647,141.81914,101080.02,7.90332e-07,1.5805229
2009-02-13 12:00:00,12.440613,10.4021,35.23823,100881.7,0.00016314135,2.4887516
2009-02-14 12:00:00,13.166901,10.720612,100.43139,100838.24,0.00017941202,2.7919683
2009-02-15 12:00:00,11.662384,9.287323,82.495346,100785.48,3.9620365e-05,2.9806557
2009-02-16 12:00:00,11.3506775,8.428345,111.04448,100751.11,0.000115836556,2.9794488
2009-02-17 12:00:00,10.8750305,7.9573975,52.02084,100984.65,0.00013151788,2.325473
2009-02-18 12:00:00,13.002808,10.434631,67.77027,100888.66,0.00014728756,3.4881594
2009-02-19 12:00:00,12.863586,11.622131,107.751396,100894.91,0.0002893818,5.051155
2009-02-20 12:00:00,12.216919,8.178925,145.43289,101341.92,2.1498898e-09,0.9378109
2009-02-21 12:00:00,12.393799,9.516693,87.03591,100889.23,0.00012215128,2.2100582
2009-02-22 12:00:00,12.007965,6.754944,198.56859,101112.18,6.2429945e-07,3.923005
2009-02-23 12:00:00,10.822418,7.5796814,88.93208,101163.945,2.7346182e-06,1.354749
2009-02-24 12:00:00,12.7099,9.129974,59.68689,101206.45,6.8198744e-05,1.8013837
2009-02-25 12:00:00,13.48465,9.93692,149.04642,101201.61,6.0576153e-06,0.35242525
2009-02-26 12:00:00,14.266998,8.289917,191.07956,101164.6,5.9354375e-07,1.2620353
2009-02-27 12:00:00,14.7664795,8.2699585,192.56332,101064.35,3.9115972e-07,1.0357479
2009-02-28 12:00:00,14.298004,9.524811,75.79132,101083.78,3.756665e-05,1.6860768
2009-03-01 12:00:00,12.4844055,6.891144,209.83582,100994.875,8.7951605e-08,2.9978213
2009-03-02 12:00:00,13.94635,8.425934,196.70668,101326.05,2.4538465e-08,2.8979652
2009-03-03 12:00:00,17.602325,8.549866,211.28229,101615.98,8.053259e-08,1.100736
2009-03-04 12:00:00,17.59198,11.885376,200.0072,101070.46,0.0,0.929755
2009-03-05 12:00:00,15.679932,10.701752,116.28139,101163.65,1.13692795e-05,2.6943634
2009-03-06 12:00:00,13.293549,8.582031,180.65749,100723.73,7.7960067e-07,4.0465612
2009-03-07 12:00:00,13.83493,6.9458313,227.993,100271.43,9.5581115e-08,1.2907032
2009-03-08 12:00:00,13.639343,5.3731384,213.73027,100491.94,0.0,3.8377008
2009-03-09 12:00:00,10.048584,6.4892273,132.80052,100582.375,0.0,3.4891493
2009-03-10 12:00:00,10.912903,6.111847,117.84534,100190.42,1.4168756e-08,0.6637343
2009-03-11 12:00:00,11.054626,7.2454834,98.923485,99831.41,9.850124e-05,1.2047188
2009-03-12 12:00:00,10.869598,6.812439,236.08109,100077.53,1.7332364e-06,4.59597
2009-03-13 12:00:00,12.949493,7.060272,90.22511,100283.68,7.817139e-05,2.3497975
2009-03-14 12:00:00,13.837555,9.697266,129.33365,100950.86,1.142301e-05,2.578349
2009-03-15 12:00:00,15.247681,8.552612,120.626816,101179.38,2.8049303e-06,1.3149517
2009-03-16 12:00:00,15.353058,10.575867,77.88238,100531.68,0.00010828883,4.0280266
2009-03-17 12:00:00,14.219238,12.907501,40.361946,100095.25,0.0004963579,5.1617785
2009-03-18 12:00:00,13.604492,10.596497,123.47111,100418.695,0.00018985689,4.620137
2009-03-19 12:00:00,12.4418335,9.788208,74.134796,101289.3,9.173519e-05,3.2602673
2009-03-20 12:00:00,15.00293,12.381256,141.37177,101306.13,0.00014114167,2.7435746
2009-03-21 12:00:00,16.279877,10.679535,206.17621,101570.93,2.948065e-06,1.4997201
2009-03-22 12:00:00,16.44696,11.09964,189.6817,101576.3,4.667632e-06,1.3607868
2009-03-23 12:00:00,16.330933,11.3367,151.99731,101416.305,1.4830752e-06,1.8967355
2009-03-24 12:00:00,15.33609,11.704468,200.51949,101079.195,1.3432003e-06,1.5581391
2009-03-25 12:00:00,14.017914,10.681702,154.64853,100961.01,1.3306627e-05,2.5374932
2009-03-26 12:00:00,14.595459,10.880646,194.39522,100873.83,4.832146e-06,2.4783788
2009-03-27 12:00:00,14.471649,9.749878,108.12096,100679.875,1.6248814e-06,3.3438096
2009-03-28 12:00:00,12.319611,9.727661,134.1439,100525.75,5.9840004e-05,1.5026847
2009-03-29 12:00:00,13.368561,9.192169,263.0159,100721.414,8.505522e-07,1.8635079
2009-03-30 12:00:00,13.227478,7.796509,184.11534,100835.22,4.587644e-07,2.4301844
2009-03-31 12:00:00,12.943481,9.62854,123.540306,100868.484,2.2001836e-05,3.105023
2009-04-01 12:00:00,13.524567,9.845032,179.92044,101251.85,2.6856758e-05,1.8579078
2009-04-02 12:00:00,15.218262,8.337982,286.90457,101321.234,2.521456e-08,1.9584366
2009-04-03 12:00:00,14.884949,9.071411,248.88557,100996.69,0.0,1.6411226
2009-04-04 12:00:00,14.0642395,10.31308,189.64935,100758.93,2.3709848e-05,2.2772439
2009-04-05 12:00:00,13.226196,10.311035,92.77798,100765.71,1.4652727e-05,4.0892973
2009-04-06 12:00:00,13.997986,11.647949,157.06091,101340.75,2.9743387e-05,2.65083
2009-04-07 12:00:00,14.130341,10.21991,178.69347,101291.9,3.71269e-05,3.1978977
2009-04-08 12:00:00,13.728638,10.501648,266.76004,101332.55,9.22515e-05,3.666948
2009-04-09 12:00:00,13.478119,9.8637085,186.18382,101433.07,5.4734182e-06,3.8143127
2009-04-10 12:00:00,12.709015,8.97995,243.38437,101217.375,0.00010046692,4.580938
2009-04-11 12:00:00,13.629913,7.802002,245.11214,101558.125,3.0222898e-06,4.2554145
2009-04-12 12:00:00,15.0755005,7.916809,308.56006,101571.22,0.0,3.3253717
2009-04-13 12:00:00,15.290497,9.308807,310.58878,101171.55,0.0,4.568648
2009-04-14 12:00:00,15.209808,9.738617,311.4318,100929.13,0.0,4.91884
2009-04-15 12:00:00,14.145966,9.971497,227.12155,100918.875,1.0746423e-05,3.0949798
2009-04-16 12:00:00,13.731689,9.664734,259.4601,100800.08,4.367683e-06,5.10249
2009-04-17 12:00:00,13.893005,9.003082,304.35117,100510.87,3.7159423e-06,4.7866015
2009-04-18 12:00:00,16.592163,9.216919,326.621,100368.38,2.8113535e-08,5.870926
2009-04-19 12:00:00,20.792847,12.407715,334.67545,100356.445,0.0,5.421659
2009-04-20 12:00:00,22.586487,13.396545,326.2522,100293.07,0.0,3.5890408
2009-04-21 12:00:00,21.96814,10.412506,316.06702,100436.164,1.2261934e-07,2.4117913
2009-04-22 12:00:00,17.48285,10.966766,269.14673,100456.555,3.7181449e-06,2.8531358
2009-04-23 12:00:00,16.932373,10.92627,289.5166,100495.36,2.743333e-06,3.5482223
2009-04-24 12:00:00,17.07956,9.1744995,331.38187,100761.07,0.0,3.6348484
2009-04-25 12:00:00,17.03769,10.964966,318.88092,100806.88,2.3926657e-07,4.7299004
2009-04-26 12:00:00,16.379456,10.57135,307.6498,100640.516,8.158289e-07,4.341065
2009-04-27 12:00:00,14.724548,9.361969,194.20647,100691.79,2.6770142e-05,3.528754
2009-04-28 12:00:00,14.944824,8.21286,260.86682,100691.16,3.1471523e-06,2.4525366
2009-04-29 12:00:00,14.035156,10.279755,286.28595,100706.48,5.8185098e-05,4.9310765
2009-04-30 12:00:00,15.826447,8.528931,337.60928,101381.05,1.2794024e-08,4.2145424
2009-05-01 12:00:00,16.359436,8.678345,342.26953,100985.56,0.0,3.2173886
2009-05-02 12:00:00,16.174133,8.564941,346.55008,100699.54,0.0,3.5205767
2009-05-03 12:00:00,18.311493,8.698608,340.97992,100276.54,0.0,2.6968725
2009-05-04 12:00:00,17.779907,10.198334,292.27585,100261.28,1.1715777e-08,2.6797266
2009-05-05 12:00:00,16.428528,11.528015,320.90952,100303.69,4.6194472e-08,4.127353
2009-05-06 12:00:00,16.80307,12.092834,345.47226,100224.445,4.347101e-06,4.524287
2009-05-07 12:00:00,19.486664,9.944611,344.84634,100005.34,1.7848302e-08,2.1705515
2009-05-08 12:00:00,18.684998,11.26059,343.3547,100145.16,0.0,4.367714
2009-05-09 12:00:00,15.471619,10.753906,308.64862,100138.25,4.5596353e-06,5.8205748
2009-05-10 12:00:00,19.39151,10.830139,336.52402,99693.9,6.0054816e-07,3.6859517
2009-05-11 12:00:00,18.62732,10.998566,342.985,99941.42,0.0,3.4832513
2009-05-12 12:00:00,18.387848,10.876282,349.25583,100236.73,0.0,3.3303592
2009-05-13 12:00:00,17.810211,11.327423,344.23392,100568.734,0.0,3.6935954
2009-05-14 12:00:00,17.485535,11.54068,324.23178,100776.3,7.673353e-07,4.009066
2009-05-15 12:00:00,16.803558,12.571869,200.03757,100788.21,1.3588777e-05,3.527399
2009-05-16 12:00:00,17.537811,12.273193,323.26224,100772.836,0.0,3.46688
2009-05-17 12:00:00,17.652649,10.626526,308.65488,100921.98,0.0,3.2967687
2009-05-18 12:00:00,18.52417,9.830444,340.8718,101020.016,1.2912427e-07,2.798177
2009-05-19 12:00:00,18.21872,11.17453,310.77298,100651.71,6.717577e-08,3.097292
2009-05-20 12:00:00,17.198364,12.68631,235.10709,100531.32,4.1978556e-06,4.114962
2009-05-21 12:00:00,17.52829,12.109894,281.81046,100982.164,1.3083442e-05,3.7663581
2009-05-22 12:00:00,19.97992,12.063934,363.25848,100869.305,0.0,4.537212
2009-05-23 12:00:00,19.312927,11.554504,337.36874,100626.67,0.0,3.7990527
2009-05-24 12:00:00,21.251648,12.205139,363.67273,100551.6,0.0,3.671467
2009-05-25 12:00:00,21.0719,12.487518,338.542,100446.6,0.0,2.7550478
2009-05-26 12:00:00,20.84375,12.988007,359.47604,100370.18,5.1031352e-09,2.9228067
2009-05-27 12:00:00,20.153198,13.899445,337.09845,100650.05,1.0774577e-06,3.2712305
2009-05-28 12:00:00,21.238464,13.466858,339.73157,100998.086,1.1127885e-06,3.3823729
2009-05-29 12:00:00,25.498169,13.496796,357.82596,100907.15,0.0,2.722523
2009-05-30 12:00:00,26.16211,15.441742,364.22708,100555.69,0.0,2.1919062
2009-05-31 12:00:00,25.79419,14.003937,325.7567,100290.51,0.0,2.14714
2009-06-01 12:00:00,24.152405,14.646973,357.29593,100268.31,0.0,2.7355826
2009-06-02 12:00:00,22.21399,15.449646,318.95493,100425.375,4.8319157e-07,3.4056025
2009-06-03 12:00:00,22.311829,14.526245,356.63028,100511.66,3.952629e-09,3.2430804
2009-06-04 12:00:00,21.877533,14.794342,361.45486,100413.11,0.0,4.0232058
2009-06-05 12:00:00,20.574738,14.982727,364.15,100264.414,0.0,4.4856744
2009-06-06 12:00:00,21.385986,14.886841,365.9035,100378.71,0.0,3.9092712
2009-06-07 12:00:00,21.849518,14.05484,366.57468,100597.94,9.928745e-09,3.382687
2009-06-08 12:00:00,21.540314,14.220154,368.95068,100972.43,0.0,4.365099
2009-06-09 12:00:00,23.1745,15.764252,375.2232,101007.34,0.0,5.8105555
2009-06-10 12:00:00,23.086243,15.866516,369.2779,100547.39,0.0,3.802756
2009-06-11 12:00:00,22.295715,14.824219,372.6169,100646.64,4.1697753e-08,4.369217
2009-06-12 12:00:00,21.12268,13.756378,246.23807,100918.195,0.0,3.5407763
2009-06-13 12:00:00,21.943329,13.536926,286.09088,100498.945,0.0,2.4680142
2009-06-14 12:00:00,22.539307,13.9869995,363.3174,100371.85,1.6459307e-08,2.5706146
2009-06-15 12:00:00,22.194519,14.232666,352.23248,100384.35,2.5158308e-06,2.5451374
2009-06-16 12:00:00,21.51941,15.9340515,333.6858,100449.68,4.5256033e-06,3.074679
2009-06-17 12:00:00,22.009918,15.744171,336.16068,100346.83,2.1627327e-06,3.2716038
2009-06-18 12:00:00,21.490784,16.448242,339.97043,100234.31,1.2493498e-06,3.9137526
2009-06-19 12:00:00,21.798553,15.988403,348.15466,100241.1,0.0,3.8946054
2009-06-20 12:00:00,22.125824,15.060638,337.6248,100317.77,7.945908e-09,3.4614253
2009-06-21 12:00:00,21.266266,16.198029,327.62134,100458.67,1.2909352e-06,4.4637523
2009-06-22 12:00:00,20.57129,15.599731,331.86896,100551.586,4.484423e-06,5.316182
2009-06-23 12:00:00,22.670807,15.461182,363.0444,100373.96,0.0,4.586799
2009-06-24 12:00:00,22.474396,15.286041,361.36615,100365.945,1.2727629e-09,4.154612
2009-06-25 12:00:00,22.63385,15.329834,324.14093,100525.18,0.0,3.627111
2009-06-26 12:00:00,24.687103,15.168854,352.73175,100643.97,0.0,3.525843
2009-06-27 12:00:00,27.670837,15.563324,367.8531,100611.04,0.0,2.5398004
2009-06-28 12:00:00,27.590576,17.157745,361.6266,100535.38,0.0,4.105482
2009-06-29 12:00:00,23.072144,16.018494,369.02728,100653.94,0.0,5.774783
2009-06-30 12:00:00,24.233185,15.539093,374.58588,100533.13,0.0,4.769848
2009-07-01 12:00:00,25.11792,14.398499,373.5624,100555.29,0.0,2.705332
2009-07-02 12:00:00,25.161377,15.014862,370.08917,100497.73,0.0,2.3892808
2009-07-03 12:00:00,25.127167,15.445709,369.2753,100228.984,0.0,2.9718938
2009-07-04 12:00:00,23.238647,15.750885,351.32306,100368.09,1.7689656e-08,4.174068
2009-07-05 12:00:00,21.835907,15.72879,364.4402,100623.305,7.0849545e-08,3.3744173
2009-07-06 12:00:00,23.14566,15.60498,361.70816,100548.18,0.0,3.0755594
2009-07-07 12:00:00,23.024323,15.714722,365.80225,100436.91,0.0,3.145201
2009-07-08 12:00:00,22.702484,16.234589,363.29462,100580.945,0.0,4.051112
2009-07-09 12:00:00,22.538055,15.059357,339.26846,100778.35,0.0,3.583418
2009-07-10 12:00:00,22.101776,15.800812,334.86383,100977.68,4.7354766e-07,4.215005
2009-07-11 12:00:00,21.41745,16.275665,328.8057,101088.01,3.0406088e-06,4.6932106
2009-07-12 12:00:00,22.240906,15.716888,357.623,100829.15,7.949554e-08,4.1731257
2009-07-13 12:00:00,22.430664,16.393097,340.63397,100540.664,7.05577e-07,3.7406101
2009-07-14 12:00:00,23.89392,15.910156,359.55637,100548.07,3.1766444e-07,3.0467434
2009-07-15 12:00:00,24.845367,15.487122,362.2096,100639.83,2.093273e-09,2.5372028
2009-07-16 12:00:00,24.352661,16.811401,294.17966,100674.086,2.0710413e-06,2.770203
2009-07-17 12:00:00,23.247559,17.638336,327.9648,100674.64,2.8165394e-07,3.986405
2009-07-18 12:00:00,23.00119,17.745941,339.60413,100867.414,3.98321e-06,3.7527454
2009-07-19 12:00:00,22.638214,17.40039,325.63388,100944.45,5.578896e-06,3.32722
2009-07-20 12:00:00,22.930664,17.177307,349.39923,100693.11,2.7137032e-06,3.9001176
2009-07-21 12:00:00,22.508606,17.167145,357.03152,100431.13,0.0,3.8684099
2009-07-22 12:00:00,22.228638,15.60968,355.33075,100371.26,0.0,3.4324355
2009-07-23 12:00:00,22.68283,17.287018,356.93695,100671.305,0.0,5.675946
2009-07-24 12:00:00,22.455627,15.63092,353.10953,100725.85,0.0,3.7003
2009-07-25 12:00:00,21.448944,16.870697,305.26715,100644.875,2.0105688e-06,4.994174
2009-07-26 12:00:00,22.088959,16.365112,351.87698,100663.94,0.0,5.497277
2009-07-27 12:00:00,23.28415,15.674408,350.845,100611.14,0.0,4.1655264
2009-07-28 12:00:00,24.285522,15.049438,351.06238,100575.74,0.0,3.3408036
2009-07-29 12:00:00,24.016113,16.15915,341.3116,100614.125,1.7718794e-08,3.6769922
2009-07-30 12:00:00,22.309174,16.456512,294.0,100700.09,3.8628314e-06,3.1518116
2009-07-31 12:00:00,22.438843,16.817566,300.08368,100657.734,5.982419e-06,3.2318292
2009-08-01 12:00:00,22.471893,16.915985,285.58618,100785.945,3.978963e-06,3.449219
2009-08-02 12:00:00,23.15741,16.486877,305.92398,100914.266,3.1729119e-06,2.7893198
2009-08-03 12:00:00,22.94629,16.842224,306.38666,100688.5,2.1582487e-06,3.842499
2009-08-04 12:00:00,22.44339,17.3284,342.4758,100556.37,0.0,4.706264
2009-08-05 12:00:00,21.931702,17.10962,282.68018,100759.43,1.7258714e-06,4.3026123
2009-08-06 12:00:00,23.407562,14.897644,267.3538,100932.14,0.0,3.038267
2009-08-07 12:00:00,26.068695,14.798462,316.62457,100901.086,5.7823e-08,2.4784389
2009-08-08 12:00:00,25.885468,16.371155,331.69034,100767.16,0.0,2.5229561
2009-08-09 12:00:00,26.184662,17.24002,330.28027,100809.61,0.0,2.7176852
2009-08-10 12:00:00,25.951355,18.651245,287.5235,100529.6,6.4896234e-08,2.7789483
2009-08-11 12:00:00,25.603027,19.149384,265.9608,100335.16,0.0,2.698159
2009-08-12 12:00:00,27.07721,19.479828,189.76015,100354.336,0.0,2.2756624
2009-08-13 12:00:00,25.331635,18.643463,303.89188,100403.77,2.0231066e-07,3.1490166
2009-08-14 12:00:00,25.53717,18.283264,321.20944,100350.44,0.0,3.0596714
2009-08-15 12:00:00,26.29602,17.855194,294.7335,100467.07,8.730611e-08,2.7874804
2009-08-16 12:00:00,28.723022,19.563385,295.5561,100554.336,0.0,2.4853191
2009-08-17 12:00:00,26.644806,20.312408,253.5244,100517.92,3.0561225e-09,2.8942428
2009-08-18 12:00:00,26.748596,20.230011,303.58008,100406.65,0.0,2.7661016
2009-08-19 12:00:00,25.76477,18.97815,236.42288,100349.836,1.6022072e-07,2.9320858
2009-08-20 12:00:00,25.742188,19.208313,249.58774,100549.74,0.0,2.6174483
2009-08-21 12:00:00,25.521881,18.037933,287.15063,100704.6,0.0,3.3068478
2009-08-22 12:00:00,24.60022,17.928589,260.70392,100636.52,3.236682e-07,3.739702
2009-08-23 12:00:00,25.179901,17.810547,273.20984,100621.58,4.675736e-07,2.7277386
2009-08-24 12:00:00,24.94757,19.315857,117.18544,100854.27,1.402526e-05,0.50765604
2009-08-25 12:00:00,26.782593,19.245972,283.6786,101077.19,6.0850502e-06,0.8680992
2009-08-26 12:00:00,25.430023,18.21988,251.46716,101027.336,4.9425553e-06,2.7379606
2009-08-27 12:00:00,23.686829,17.392944,302.68808,100747.96,0.0,2.9541466
2009-08-28 12:00:00,22.71106,17.794922,244.62231,100656.195,5.532671e-06,3.4980586
2009-08-29 12:00:00,23.697632,15.55011,283.40646,100725.81,1.498406e-06,2.3916948
2009-08-30 12:00:00,23.280518,17.087158,255.2091,100687.46,3.6043007e-06,2.756983
2009-08-31 12:00:00,22.481049,15.667053,261.74802,100630.195,1.575662e-06,3.0997484
2009-09-01 12:00:00,22.484283,16.437225,255.39386,100686.88,1.6730222e-06,3.0446088
2009-09-02 12:00:00,23.700226,15.228058,287.28375,100740.99,9.240849e-07,2.7085302
2009-09-03 12:00:00,23.051483,15.9661255,258.04034,100659.81,3.977065e-06,3.1688414
2009-09-04 12:00:00,22.126984,16.599915,282.48773,100511.08,4.362192e-07,4.2495937
2009-09-05 12:00:00,22.810272,15.919952,275.8416,100471.58,5.2524473e-07,3.5002317
2009-09-06 12:00:00,23.957397,16.08377,268.6268,100698.195,1.5597207e-07,3.0291998
2009-09-07 12:00:00,24.78836,17.465088,241.4935,100865.65,2.1516285e-06,2.3275898
2009-09-08 12:00:00,26.91513,16.233032,274.2074,100570.445,1.8608555e-08,2.054502
2009-09-09 12:00:00,26.732605,16.645355,282.36523,100270.85,0.0,2.9156632
2009-09-10 12:00:00,24.792877,15.890717,284.28992,100441.06,0.0,3.3934033
2009-09-11 12:00:00,23.600586,14.828613,280.74744,100721.055,2.7051934e-08,2.7118058
2009-09-12 12:00:00,24.983337,14.835083,264.20215,100680.06,3.0862878e-07,2.276024
2009-09-13 12:00:00,24.711761,15.680939,242.70227,100511.516,1.4058933e-08,2.3357692
2009-09-14 12:00:00,23.159271,16.907532,183.92445,100650.56,1.0945713e-07,2.774968
2009-09-15 12:00:00,21.862152,16.423462,232.03575,100896.04,8.073477e-06,2.694386
2009-09-16 12:00:00,22.7706,13.761169,260.69995,101107.945,0.0,3.0943274
2009-09-17 12:00:00,22.38263,14.549652,236.15083,100782.24,7.695844e-07,3.439207
2009-09-18 12:00:00,22.621094,15.4435425,265.36176,100564.734,0.0,4.3190107
2009-09-19 12:00:00,24.94217,14.327118,261.1672,100638.84,4.8050456e-08,2.164612
2009-09-20 12:00:00,26.196564,15.11203,259.53198,100559.73,1.6402089e-08,1.770358
2009-09-21 12:00:00,30.379395,16.004547,263.3147,100413.445,0.0,0.45102826
2009-09-22 12:00:00,27.994598,15.817352,246.74182,100721.8,5.9022827e-06,2.439955
2009-09-23 12:00:00,26.222137,14.718323,243.59038,100850.66,5.9273316e-07,1.9159733
2009-09-24 12:00:00,25.4346,15.185455,243.16739,100583.53,1.1050665e-07,2.2899208
2009-09-25 12:00:00,27.877777,14.863464,231.47545,100391.34,2.2456442e-08,1.0535191
2009-09-26 12:00:00,26.152618,16.579193,182.0769,100552.05,4.011482e-06,3.9361622
2009-09-27 12:00:00,21.612366,16.367676,187.80316,100736.64,2.6454995e-07,2.8608646
2009-09-28 12:00:00,20.891937,15.193573,155.68365,100717.94,2.8020823e-08,2.7685483
2009-09-29 12:00:00,22.326263,15.475586,185.23776,100821.62,7.912237e-07,2.1743388
2009-09-30 12:00:00,22.23645,15.146973,149.36948,100803.48,0.0,2.6624222
2009-10-01 12:00:00,21.914185,16.513702,170.89667,100652.59,6.7033966e-07,3.527206
2009-10-02 12:00:00,21.642975,16.205994,212.66678,100738.02,1.3866572e-06,3.2036755
2009-10-03 12:00:00,23.376312,15.401825,217.79419,100831.586,1.9337998e-07,2.4064326
2009-10-04 12:00:00,25.624146,15.355255,230.08748,100619.69,1.0962493e-08,2.0037415
2009-10-05 12:00:00,25.120117,14.536163,228.658,100438.23,6.0177896e-08,2.0969286
2009-10-06 12:00:00,24.229797,17.604645,177.02884,100565.96,5.2532605e-06,4.5225277
2009-10-07 12:00:00,20.497467,14.078033,207.75284,100691.16,1.3397658e-07,3.4667118
2009-10-08 12:00:00,22.82663,13.904663,201.09128,100822.51,0.0,3.9871647
2009-10-09 12:00:00,24.270538,13.861023,213.45,100802.35,0.0,3.7321377
2009-10-10 12:00:00,27.187836,15.862396,216.42148,100632.23,0.0,2.7778726
2009-10-11 12:00:00,27.759186,15.578125,213.58417,100794.76,0.0,0.6425084
2009-10-12 12:00:00,27.01355,14.5372925,198.59525,100908.336,8.630782e-08,1.8200876
2009-10-13 12:00:00,24.028809,14.806488,152.58311,100833.54,2.375124e-06,1.9693574
2009-10-14 12:00:00,24.87973,15.57373,169.19316,100687.336,6.081969e-09,1.3740479
2009-10-15 12:00:00,23.8302,16.171204,201.11742,101167.47,0.0,3.3101373
2009-10-16 12:00:00,26.065582,14.130157,203.12178,101553.07,0.0,1.270619
2009-10-17 12:00:00,28.019104,15.037689,204.12112,101263.54,0.0,1.5177875
2009-10-18 12:00:00,27.658997,13.782288,201.65993,101217.945,1.04872846e-07,1.6861343
2009-10-19 12:00:00,25.90863,13.422363,196.09074,101064.67,4.2916602e-07,1.7237015
2009-10-20 12:00:00,23.466278,12.409912,196.84526,100966.89,2.7919698e-09,2.1410255
2009-10-21 12:00:00,22.602386,12.319092,197.34914,100949.88,0.0,2.459675
2009-10-22 12:00:00,22.301422,11.738861,184.53554,100918.82,3.9501728e-07,1.8942144
2009-10-23 12:00:00,21.76056,12.591705,173.69485,100953.46,1.1695117e-06,2.0595345
2009-10-24 12:00:00,23.69754,12.8142395,179.26315,100943.75,0.0,1.8796266
2009-10-25 12:00:00,23.042969,13.603668,182.21669,100811.89,7.0294663e-09,2.2329195
2009-10-26 12:00:00,20.65686,12.784058,125.95913,101157.266,1.6119743e-07,2.0690467
2009-10-27 12:00:00,22.168396,12.617859,170.07045,101176.836,0.0,1.9130955
2009-10-28 12:00:00,21.489685,12.96759,114.118645,101078.84,5.515375e-06,2.0867474
2009-10-29 12:00:00,21.53714,11.419159,152.59837,101026.586,5.3664877e-08,1.9362255
2009-10-30 12:00:00,20.869354,14.245972,172.61543,101145.59,3.2975496e-08,3.9902213
2009-10-31 12:00:00,19.948883,9.874115,171.36397,100687.04,1.4267275e-07,2.096303
2009-11-01 12:00:00,19.971771,10.911774,172.4477,100625.85,1.2287228e-08,1.9332702
2009-11-02 12:00:00,19.11081,13.032623,72.4985,100799.41,1.0793281e-06,3.1000607
2009-11-03 12:00:00,18.966187,12.322144,167.50424,100451.96,1.4000692e-06,5.0982285
2009-11-04 12:00:00,22.30835,11.058838,171.17442,100326.72,0.0,3.9898992
2009-11-05 12:00:00,22.445374,12.072968,166.18146,100559.75,0.0,2.3273368
2009-11-06 12:00:00,21.661133,10.639587,156.8061,100941.18,1.472766e-06,1.0751451
2009-11-07 12:00:00,19.282959,11.522156,123.06638,101010.69,5.621862e-06,1.9419788
2009-11-08 12:00:00,19.02121,10.732269,92.69406,100867.38,0.0,2.0635128
2009-11-09 12:00:00,18.518433,7.8117676,163.7255,100765.125,0.0,1.3390557
2009-11-10 12:00:00,18.108215,5.9781494,163.55527,100885.52,0.0,2.3821084
2009-11-11 12:00:00,17.368866,6.0,157.86536,100935.555,1.09213246e-07,2.1141706
2009-11-12 12:00:00,15.797546,9.917664,155.95058,100982.26,0.0,5.236168
2009-11-13 12:00:00,14.768768,9.759827,147.34482,100745.15,8.513939e-06,6.305675
2009-11-14 12:00:00,17.345917,11.179962,156.47678,100691.125,0.0,6.6520658
2009-11-15 12:00:00,16.902435,10.869598,138.71268,100578.81,1.3895033e-07,4.84963
2009-11-16 12:00:00,17.146332,10.598236,153.81754,100717.02,2.1203446e-08,5.588664
2009-11-17 12:00:00,17.08609,7.7143555,145.97682,101034.66,0.0,1.8187996
2009-11-18 12:00:00,16.3237,7.6025696,130.59117,101486.76,4.829949e-07,1.8806461
2009-11-19 12:00:00,15.746246,9.789886,123.51101,101711.71,2.3528877e-07,2.3503966
2009-11-20 12:00:00,15.628906,8.881592,106.71721,101424.75,2.3240505e-06,2.0991433
2009-11-21 12:00:00,16.196198,9.311279,109.83951,101155.77,3.5617518e-06,1.7101688
2009-11-22 12:00:00,17.448975,8.478485,125.60301,100928.36,1.523444e-06,1.2164458
2009-11-23 12:00:00,16.845642,10.181488,89.318306,100879.41,3.405488e-06,1.919688
2009-11-24 12:00:00,15.585785,12.619476,60.425133,100876.555,2.9293649e-06,1.2933264
2009-11-25 12:00:00,15.710693,12.990326,23.322336,100609.17,0.00023400277,4.2178054
2009-11-26 12:00:00,15.867493,14.003662,81.67356,100602.32,0.00010531809,2.9908698
2009-11-27 12:00:00,14.558594,11.0466,111.794464,100960.2,2.695992e-06,3.9638903
2009-11-28 12:00:00,13.914764,9.8776245,124.868385,101109.09,2.9918421e-05,4.6674457
2009-11-29 12:00:00,14.177673,10.929962,30.337923,100562.33,0.00032226005,2.6878555
2009-11-30 12:00:00,12.186615,7.3277283,92.18883,99481.62,0.00010308642,6.9660583
2009-12-01 12:00:00,11.015533,6.026825,124.3485,99058.39,0.0001048104,3.9569063
2009-12-02 12:00:00,10.770477,5.275757,77.16122,99747.21,4.17907e-06,2.9512408
2009-12-03 12:00:00,11.949097,8.487854,66.58481,99945.14,0.00010296541,2.446187
2009-12-04 12:00:00,11.553589,6.929352,124.57367,100606.984,9.5126275e-08,2.3200793
2009-12-05 12:00:00,10.448608,5.925171,62.820137,101361.836,1.2583172e-06,2.0848203
2009-12-06 12:00:00,12.751923,9.267853,125.09193,101231.15,5.3991953e-05,3.8482323
2009-12-07 12:00:00,11.471954,6.590332,129.32616,101169.75,3.9394664e-08,5.472675
2009-12-08 12:00:00,10.930908,6.5641174,131.2845,101699.37,0.0,5.4782987
2009-12-09 12:00:00,9.808929,4.259369,126.97379,101835.63,7.325881e-11,2.782057
2009-12-10 12:00:00,8.103424,3.1794739,75.43367,101336.19,1.3615217e-07,2.294401
2009-12-11 12:00:00,11.707367,4.216034,109.2323,101040.75,0.0,1.8631256
2009-12-12 12:00:00,11.523773,7.0321045,67.35887,101404.35,4.3937312e-08,2.2995548
2009-12-13 12:00:00,12.507477,8.658203,31.605818,101293.34,7.61578e-05,1.3815386
2009-12-14 12:00:00,12.364868,7.1278687,125.49412,101338.22,3.075477e-07,5.25701
2009-12-15 12:00:00,11.46698,6.657776,128.3931,101809.19,0.0,8.423774
2009-12-16 12:00:00,11.274658,4.772461,91.22742,102032.414,0.0,4.3036466
2009-12-17 12:00:00,9.395752,3.843872,109.39009,102326.305,1.9248436e-08,3.3166661
2009-12-18 12:00:00,10.087952,3.7614136,123.27583,102060.59,0.0,2.566048
2009-12-19 12:00:00,11.812927,3.885498,107.70058,101867.96,0.0,2.5383177
2009-12-20 12:00:00,12.907501,5.149872,119.28286,101538.61,0.0,1.2319021
2009-12-21 12:00:00,12.389893,5.6635437,123.8352,101517.63,2.7403619e-08,3.2784815
2009-12-22 12:00:00,11.817993,4.052368,118.13321,101614.516,4.4356875e-07,3.434996
2009-12-23 12:00:00,12.830505,6.176178,122.17372,101337.84,7.325881e-11,3.2761972
2009-12-24 12:00:00,12.002258,5.5430603,82.52965,101048.69,9.887226e-09,2.6768942
2009-12-25 12:00:00,12.539978,6.9573975,65.58221,100834.62,0.0,0.45008
2009-12-26 12:00:00,12.553711,6.329376,90.26122,101087.98,2.7392816e-06,1.6193606
2009-12-27 12:00:00,12.029236,5.945923,62.716156,101437.26,8.257396e-07,1.0034901
2009-12-28 12:00:00,9.050446,5.0393677,122.86586,101303.36,2.4670356e-08,3.8780966
2009-12-29 12:00:00,9.423004,3.885254,110.011826,100942.945,2.082132e-08,4.4200883
2009-12-30 12:00:00,12.822144,4.5668335,125.20688,100573.06,0.0,2.5853558
2009-12-31 12:00:00,12.502319,5.163269,96.34826,100608.71,1.6276831e-06,1.4779117
2010-01-01 12:00:00,12.026123,5.93573,111.77456,100490.97,5.988069e-07,1.114876
2010-01-02 12:00:00,13.30545,8.27005,24.695292,99751.75,0.000378875,3.7365372
2010-01-03 12:00:00,12.600891,10.156982,67.84664,99465.984,0.00014988545,4.059702
2010-01-04 12:00:00,11.684296,9.68808,39.246754,98935.016,0.00034870146,5.6346025
2010-01-05 12:00:00,11.553528,10.073547,85.03247,99353.59,0.00019874214,6.715793
2010-01-06 12:00:00,11.615662,7.00589,99.09662,100501.375,1.2770481e-06,1.4810784
2010-01-07 12:00:00,11.236359,7.594696,51.3803,100494.695,4.3354685e-05,2.8717601
2010-01-08 12:00:00,12.242981,9.414032,69.84779,100087.445,0.00021003316,5.5107064
2010-01-09 12:00:00,11.673096,9.872467,31.531158,100834.375,0.00020983467,4.582872
2010-01-10 12:00:00,13.718201,11.016022,29.321917,100282.984,0.00028333717,3.9411058
2010-01-11 12:00:00,13.902924,9.491394,53.182438,99593.68,0.0006418789,8.488319
2010-01-12 12:00:00,12.342133,10.169403,59.739277,100249.484,0.00014190377,7.3010077
2010-01-13 12:00:00,12.323517,6.667938,112.012505,101477.69,5.9842953e-10,0.3902287
2010-01-14 12:00:00,12.824097,7.703003,54.74506,101149.72,0.000114795126,2.22169
2010-01-15 12:00:00,12.724091,6.815338,103.03462,101484.445,2.738874e-07,1.4151242
2010-01-16 12:00:00,12.3905945,9.953491,29.653612,101159.766,9.940539e-05,3.530485
2010-01-17 12:00:00,12.375427,9.156036,122.784325,101443.16,8.221045e-06,1.9988105
2010-01-18 12:00:00,12.513458,8.456482,41.976692,101305.38,6.4778425e-05,2.447121
2010-01-19 12:00:00,12.688171,6.426361,132.03616,101501.95,5.5704736e-06,1.8135437
2010-01-20 12:00:00,12.938629,7.4926147,128.69096,101272.65,0.0,0.97282016
2010-01-21 12:00:00,12.704041,6.411255,95.3152,101372.07,2.8112057e-10,1.0375549
2010-01-22 12:00:00,12.753876,7.468628,106.74904,101383.55,0.0,1.0126851
2010-01-23 12:00:00,12.547577,8.008728,65.88753,100873.44,8.514745e-06,1.4382274
2010-01-24 12:00:00,11.589661,9.564453,67.724724,100196.61,0.00011242025,2.524214
2010-01-25 12:00:00,11.492065,5.9072876,142.65698,99949.39,7.4381586e-07,1.3730417
2010-01-26 12:00:00,11.051361,7.1940002,40.50786,99517.766,5.6434605e-05,3.283719
2010-01-27 12:00:00,11.951324,6.7392883,150.03815,99460.45,2.25392e-05,2.388212
2010-01-28 12:00:00,12.213898,7.964569,75.81964,100858.516,1.0257368e-05,3.3822732
2010-01-29 12:00:00,12.390778,8.9823,110.51191,101490.266,2.2181535e-05,1.7883879
2010-01-30 12:00:00,12.672241,6.0827637,146.16217,101659.586,3.8142878e-07,0.8496106
2010-01-31 12:00:00,12.8532715,6.1793823,155.82211,101614.38,1.3245526e-08,0.8225016
2010-02-01 12:00:00,13.43277,6.452881,156.74951,101582.086,2.1940263e-08,1.7503924
2010-02-02 12:00:00,13.346741,7.2150574,105.71023,101549.02,5.0233652e-06,0.8576444
2010-02-03 12:00:00,12.259277,6.7946167,118.88425,101275.766,3.4015468e-06,0.77714676
2010-02-04 12:00:00,13.475586,9.064331,46.41655,100848.27,3.261637e-05,2.943103
2010-02-05 12:00:00,12.799683,11.394348,41.86439,100431.195,0.000119476776,4.4260573
2010-02-06 12:00:00,14.1026,10.52594,77.1422,100052.516,0.00017905155,4.0689096
2010-02-07 12:00:00,13.624115,10.491791,93.10529,99901.9,5.6300403e-05,2.408167
2010-02-08 12:00:00,13.287231,11.287201,101.248276,99408.03,0.0004620965,3.1347795
2010-02-09 12:00:00,12.428192,9.500793,164.89647,100111.195,4.4049557e-05,5.345753
2010-02-10 12:00:00,12.477203,7.204956,99.74502,100696.99,6.464409e-06,2.0249913
2010-02-11 12:00:00,12.2369995,8.9158325,88.26989,99927.39,0.00033048255,4.700857
2010-02-12 12:00:00,12.159088,8.475952,174.52,100824.97,6.7158066e-06,4.791335
2010-02-13 12:00:00,12.331757,4.75531,183.04088,101416.836,8.6123215e-08,1.3032451
2010-02-14 12:00:00,12.220337,6.4830627,56.324127,101709.24,5.508732e-06,0.9929878
2010-02-15 12:00:00,13.922058,8.001099,172.84996,101994.2,2.2235676e-05,2.0144198
2010-02-16 12:00:00,14.812836,7.3786316,189.11604,101553.625,1.01846025e-08,1.3178782
2010-02-17 12:00:00,14.507141,7.382904,167.36026,100872.77,4.7777185e-06,0.8836815
2010-02-18 12:00:00,14.159607,6.381653,179.12404,100484.84,4.4486157e-07,0.6911969
2010-02-19 12:00:00,13.719757,5.912445,196.55368,100368.88,3.4709437e-06,0.6448225
2010-02-20 12:00:00,13.873352,5.9335938,205.39034,100984.62,0.0,2.0923505
2010-02-21 12:00:00,13.29718,6.4097595,153.53242,101353.125,1.2405711e-06,1.7173963
2010-02-22 12:00:00,14.011414,5.9265747,194.856,101431.14,8.625107e-07,0.6087606
2010-02-23 12:00:00,15.33078,6.5732727,208.08682,101599.19,1.993585e-08,1.0932448
2010-02-24 12:00:00,16.633026,9.235687,197.77245,101690.016,0.0,2.37597
2010-02-25 12:00:00,17.123474,9.315491,205.91882,101288.33,0.0,1.1778706
2010-02-26 12:00:00,16.834045,8.135132,175.87724,100620.13,0.0,0.7438144
2010-02-27 12:00:00,15.3125,10.032196,195.0199,100925.195,0.0,2.0723665
2010-02-28 12:00:00,14.875763,8.810577,206.28511,101383.61,8.896076e-06,0.8432091
2010-03-01 12:00:00,14.545105,8.989624,83.48492,100918.83,4.360014e-06,1.2109202
2010-03-02 12:00:00,14.04007,10.659515,79.03042,100426.914,1.9679976e-05,1.5605092
2010-03-03 12:00:00,14.118011,11.7916565,97.0637,100070.195,0.00021128925,1.3556824
2010-03-04 12:00:00,12.570679,8.778198,71.76574,100307.41,9.401958e-05,1.9147887
2010-03-05 12:00:00,13.874664,11.260071,163.21921,100247.7,0.00019052984,3.9949663
2010-03-06 12:00:00,13.813812,9.290344,89.16238,100382.18,9.3442075e-05,2.0113115
2010-03-07 12:00:00,13.344208,11.545685,150.90314,100317.14,8.9647736e-05,4.267095
2010-03-08 12:00:00,13.19696,10.358551,42.628227,100560.96,0.00036362337,5.1292973
2010-03-09 12:00:00,13.707367,12.01181,37.16578,100514.445,0.00035721678,2.9885852
2010-03-10 12:00:00,13.93866,12.451294,123.588585,100490.93,3.095502e-05,4.0520563
2010-03-11 12:00:00,13.721313,8.872314,154.47887,100462.93,0.00019286766,3.81448
2010-03-12 12:00:00,13.574371,8.960144,240.93477,101191.516,6.695326e-08,4.6083403
2010-03-13 12:00:00,14.235382,7.8496094,235.71445,101477.62,0.0,1.3465229
2010-03-14 12:00:00,14.110016,9.581604,90.14496,100551.38,0.0002553977,5.3208294
2010-03-15 12:00:00,11.675781,8.12085,115.975105,100330.82,0.0001724015,1.247081
2010-03-16 12:00:00,15.064392,9.147034,247.58606,100699.05,3.7321213e-09,3.4149039
2010-03-17 12:00:00,15.868591,8.2565,254.72995,101175.445,0.0,2.1157348
2010-03-18 12:00:00,15.948303,8.234741,242.68184,101520.0,2.6534934e-07,1.9748299
2010-03-19 12:00:00,17.44928,9.592865,254.57904,101469.75,0.0,1.4441115
2010-03-20 12:00:00,17.289581,9.791718,227.26913,101202.234,1.9822771e-06,1.6169355
2010-03-21 12:00:00,15.1102295,10.442902,222.46994,100992.914,1.363412e-05,3.731119
2010-03-22 12:00:00,14.028992,8.609497,268.93326,100898.29,0.0,5.291823
2010-03-23 12:00:00,15.048828,8.4956665,261.68567,100639.484,0.0,5.508016
2010-03-24 12:00:00,15.644287,8.918793,271.0276,100784.98,0.0,3.9193466
2010-03-25 12:00:00,17.703918,7.6069336,277.05875,101075.02,0.0,1.5483931
2010-03-26 12:00:00,17.862335,8.122986,276.2834,101231.28,0.0,1.8698492
2010-03-27 12:00:00,17.389221,8.213348,252.87816,101180.625,0.0,3.5301137
2010-03-28 12:00:00,16.177094,9.768646,280.02225,100734.375,0.0,5.081064
2010-03-29 12:00:00,16.100677,8.973419,292.46304,100289.36,0.0,5.6236224
2010-03-30 12:00:00,15.98584,8.771576,291.66867,100388.15,0.0,4.849094
2010-03-31 12:00:00,15.745575,6.220459,290.4667,100700.5,0.0,2.6821198
2010-04-01 12:00:00,15.781433,6.1532593,290.28897,100791.92,0.0,2.3024359
2010-04-02 12:00:00,15.550476,7.838196,286.54858,100482.39,9.3119155e-08,2.5038533
2010-04-03 12:00:00,14.903839,7.924103,296.85718,100590.586,0.0,3.2721698
2010-04-04 12:00:00,16.10559,7.146057,300.78934,100937.586,1.3790858e-09,2.4702656
2010-04-05 12:00:00,17.34497,6.570801,300.02,101224.82,2.4265203e-08,2.0768309
2010-04-06 12:00:00,18.812561,7.441925,301.71365,101232.414,0.0,1.9759382
2010-04-07 12:00:00,18.725616,10.428467,152.39197,101006.27,0.0,1.2888548
2010-04-08 12:00:00,16.306946,10.798523,151.95078,100882.29,2.1406366e-07,1.0526874
2010-04-09 12:00:00,16.924225,11.701324,194.46797,100905.87,7.425265e-06,2.2620218
2010-04-10 12:00:00,19.433716,10.064087,287.58087,100627.836,7.343232e-08,2.0986683
2010-04-11 12:00:00,19.32901,10.378662,278.67282,100614.08,1.289896e-06,2.6071305
2010-04-12 12:00:00,17.278961,9.971924,313.3892,100701.65,0.0,3.4124298
2010-04-13 12:00:00,18.860077,9.207397,297.86142,100706.21,0.0,3.3853037
2010-04-14 12:00:00,18.453949,10.027557,245.5796,100546.16,0.0,3.621619
2010-04-15 12:00:00,19.134369,9.344025,315.72803,100392.234,0.0,2.478446
2010-04-16 12:00:00,21.5737,9.881836,317.76074,100447.49,0.0,1.4536043
2010-04-17 12:00:00,22.663086,10.698761,326.52353,100521.23,0.0,1.7384534
2010-04-18 12:00:00,23.968842,10.761322,325.71216,100678.15,0.0,1.1111473
2010-04-19 12:00:00,23.206573,10.0156555,313.58063,100438.695,8.6800924e-07,2.2354376
2010-04-20 12:00:00,20.02066,10.373779,323.87363,99895.15,0.0,2.6384382
2010-04-21 12:00:00,20.86734,11.701019,338.4294,99975.2,0.0,3.5747526
2010-04-22 12:00:00,21.302032,10.685303,336.98688,99984.57,0.0,2.0257943
2010-04-23 12:00:00,20.073578,9.840118,291.53943,100410.56,8.33665e-07,3.4228642
2010-04-24 12:00:00,16.084534,10.432617,253.0035,100424.71,3.3571673e-06,3.0338054
2010-04-25 12:00:00,15.695465,10.197968,332.84644,100258.15,3.4091638e-09,5.5759287
2010-04-26 12:00:00,15.675629,9.36322,329.29037,100542.34,0.0,7.841371
2010-04-27 12:00:00,16.453064,8.797668,339.75015,100845.03,0.0,5.0873027
2010-04-28 12:00:00,19.018463,10.829803,343.1653,100658.91,0.0,4.3060465
2010-04-29 12:00:00,18.326843,8.52829,340.0059,100690.85,0.0,3.0670245
2010-04-30 12:00:00,16.841095,10.083862,189.41658,100681.78,0.0,3.7154782
2010-05-01 12:00:00,13.465057,11.006134,121.19892,100401.35,6.95613e-05,4.2576246
2010-05-02 12:00:00,12.175659,8.796326,149.2442,100246.13,0.00011150995,4.4081664
2010-05-03 12:00:00,14.873901,9.791473,324.51236,100700.52,0.0,5.615772
2010-05-04 12:00:00,14.953247,9.834686,330.19696,101131.555,0.0,4.132222
2010-05-05 12:00:00,15.5668335,11.464081,267.8065,101179.08,3.311841e-07,3.1302195
2010-05-06 12:00:00,15.593109,10.616058,164.92683,101118.01,3.9289034e-06,2.5924916
2010-05-07 12:00:00,16.549347,11.127808,326.7776,100925.09,1.828778e-05,4.2815604
2010-05-08 12:00:00,21.435974,11.822723,349.56833,100674.305,0.0,4.6687036
2010-05-09 12:00:00,24.57251,13.16507,354.68002,100469.65,0.0,3.5993965
2010-05-10 12:00:00,24.54184,15.962067,362.43903,100725.1,0.0,5.17097
2010-05-11 12:00:00,22.2229,13.649658,352.93088,100735.875,0.0,4.5271845
2010-05-12 12:00:00,26.222107,12.234222,349.90665,100524.15,0.0,2.6462526
2010-05-13 12:00:00,27.49237,16.654633,351.95508,100332.52,0.0,3.128653
2010-05-14 12:00:00,27.441895,14.196136,357.66025,100282.65,0.0,1.5267823
2010-05-15 12:00:00,25.787262,12.263184,348.58234,100367.71,3.0297934e-07,1.9719584
2010-05-16 12:00:00,23.107697,11.15744,354.9603,100713.83,1.5939803e-06,1.9679558
2010-05-17 12:00:00,21.48285,10.836487,336.83618,100792.51,3.1055945e-06,2.1340754
2010-05-18 12:00:00,23.061646,12.51593,275.01743,100509.984,0.0,2.1093085
2010-05-19 12:00:00,20.748444,14.369019,161.38246,100639.984,1.4932554e-06,4.8560076
2010-05-20 12:00:00,19.496155,13.610809,202.61171,100977.555,2.6573629e-08,1.1798483
2010-05-21 12:00:00,19.260193,13.978027,232.49527,101022.23,2.6035841e-05,1.9244733
2010-05-22 12:00:00,19.1568,12.017059,321.51492,100945.086,4.106543e-07,2.7206907
2010-05-23 12:00:00,18.43341,12.76828,353.60098,100966.86,0.0,4.1621327
2010-05-24 12:00:00,18.796112,12.250305,365.08105,101025.86,0.0,4.724348
2010-05-25 12:00:00,18.640656,12.553406,355.68933,100753.59,0.0,4.5016966
2010-05-26 12:00:00,18.053864,13.562408,268.60092,100426.23,1.2836632e-06,4.759261
2010-05-27 12:00:00,17.158081,13.966553,140.77428,100401.42,1.13871565e-05,3.8228095
2010-05-28 12:00:00,17.31253,14.32663,199.4599,100051.09,2.6345015e-05,2.552973
2010-05-29 12:00:00,17.804535,14.059753,210.50606,100021.375,2.8572208e-06,2.833957
2010-05-30 12:00:00,17.759705,14.657135,219.70554,100572.52,6.3893413e-06,2.7741172
2010-05-31 12:00:00,17.697388,13.489929,247.54247,100858.86,2.8641707e-06,3.7165308
2010-06-01 12:00:00,21.013794,13.483246,331.79193,100919.766,0.0,4.4023795
2010-06-02 12:00:00,21.761139,13.787079,362.88528,100922.13,0.0,3.4582143
2010-06-03 12:00:00,21.552399,13.933807,297.56918,100636.37,8.706251e-08,2.6771595
2010-06-04 12:00:00,20.813812,13.704559,296.11954,100230.83,2.1250578e-06,2.9867032
2010-06-05 12:00:00,19.502228,14.472046,287.5894,100083.664,7.380749e-07,3.7035992
2010-06-06 12:00:00,21.171356,14.26181,361.45782,100348.88,9.19635e-09,3.2389216
2010-06-07 12:00:00,23.384857,15.419647,344.94702,100454.73,1.725705e-06,2.790363
2010-06-08 12:00:00,23.108887,15.638153,310.41437,100033.62,1.6953704e-08,3.362322
2010-06-09 12:00:00,21.70459,15.310028,371.62125,100027.625,0.0,4.136524
2010-06-10 12:00:00,21.775757,15.033325,372.4966,100463.46,0.0,4.8915153
2010-06-11 12:00:00,21.281128,14.890472,381.45538,100832.31,0.0,5.527506
2010-06-12 12:00:00,22.950623,14.606232,373.85526,100489.07,0.0,4.479349
2010-06-13 12:00:00,22.729797,14.7717285,371.63174,100382.875,0.0,3.9901154
2010-06-14 12:00:00,22.513794,13.823303,371.4601,100676.625,0.0,2.9962971
2010-06-15 12:00:00,22.496857,12.825867,358.99487,100664.23,0.0,2.625965
2010-06-16 12:00:00,21.68338,13.48761,342.9453,100752.555,4.775308e-07,3.238696
2010-06-17 12:00:00,20.0737,14.893005,330.98083,100901.37,5.22443e-06,3.787419
2010-06-18 12:00:00,20.120026,13.959015,258.086,100918.836,6.1482797e-07,3.06104
2010-06-19 12:00:00,20.017822,14.7352295,340.16147,100879.27,3.843009e-06,3.5993686
2010-06-20 12:00:00,20.372375,14.334961,323.60095,100770.97,1.7525488e-06,3.3522706
2010-06-21 12:00:00,20.75296,14.352753,322.63037,100572.39,1.1111919e-06,3.3848796
2010-06-22 12:00:00,19.895752,15.157379,326.60397,100597.99,3.167198e-06,4.000953
2010-06-23 12:00:00,20.029327,14.236328,345.22403,100809.336,1.2571377e-06,3.72419
2010-06-24 12:00:00,21.400513,15.61615,271.2464,100681.19,3.1649773e-08,3.9425538
2010-06-25 12:00:00,22.795074,14.616272,371.42728,100619.805,2.9668328e-08,3.7819052
2010-06-26 12:00:00,22.711578,14.774719,373.33704,100493.07,0.0,3.5750139
2010-06-27 12:00:00,22.210022,17.124847,335.11957,100393.07,5.322228e-07,4.2151756
2010-06-28 12:00:00,22.06372,16.48938,359.87338,100651.19,7.201118e-07,3.8783104
2010-06-29 12:00:00,22.860107,17.093567,354.6502,100714.16,5.8967584e-07,3.5256245
2010-06-30 12:00:00,23.354492,17.731293,340.41238,100464.57,1.1120892e-06,3.471025
2010-07-01 12:00:00,23.341919,17.68814,343.96085,100357.76,3.027814e-06,3.636101
2010-07-02 12:00:00,23.754059,17.158966,364.34894,100466.4,0.0,3.7460272
2010-07-03 12:00:00,23.420471,18.472229,342.9606,100709.586,2.3241687e-06,4.2456136
2010-07-04 12:00:00,23.87387,17.946106,345.53064,100665.414,6.5800333e-07,3.8004858
2010-07-05 12:00:00,22.949097,17.019012,349.5999,100461.33,4.8393527e-08,4.457114
2010-07-06 12:00:00,21.704742,17.133972,322.4048,100543.72,2.0462679e-08,4.5898824
2010-07-07 12:00:00,22.079926,16.564514,354.55786,100678.81,6.60655e-09,4.10245
2010-07-08 12:00:00,22.455902,16.756683,347.44736,100871.34,1.8028571e-07,4.346147
2010-07-09 12:00:00,23.717804,16.60147,311.6981,100922.27,0.0,3.3834703
2010-07-10 12:00:00,24.175446,16.167328,360.29126,100749.67,4.326719e-09,3.304772
2010-07-11 12:00:00,24.447327,15.637604,366.84882,100542.65,0.0,3.01023
2010-07-12 12:00:00,24.148346,16.249756,366.8211,100455.79,2.3431554e-09,3.426674
2010-07-13 12:00:00,24.08664,16.095306,354.02557,100646.02,7.876394e-08,3.0127416
2010-07-14 12:00:00,23.959015,16.032928,356.05225,100876.41,2.6473492e-08,3.1345026
2010-07-15 12:00:00,23.881836,16.814545,357.20374,100833.266,0.0,4.136851
2010-07-16 12:00:00,23.676086,17.715881,358.39075,100680.74,0.0,4.8726187
2010-07-17 12:00:00,23.904724,17.36972,359.30627,100689.45,0.0,4.816788
2010-07-18 12:00:00,23.481354,16.343231,357.43027,100656.36,0.0,3.6978056
2010-07-19 12:00:00,23.486023,15.627502,343.0937,100759.1,2.1115171e-07,3.367849
2010-07-20 12:00:00,22.777618,16.755768,199.49028,100687.21,6.027631e-07,2.9045022
2010-07-21 12:00:00,24.255798,16.842255,332.91464,100574.35,2.1130942e-08,2.6700642
2010-07-22 12:00:00,24.306885,17.563904,328.83652,100501.52,8.3165367e-07,2.9874876
2010-07-23 12:00:00,24.21457,17.708862,325.37387,100509.195,1.3070501e-06,3.100111
2010-07-24 12:00:00,23.168976,17.554169,318.144,100780.35,5.8294168e-06,3.4654694
2010-07-25 12:00:00,25.640717,15.699768,346.0634,100805.71,0.0,2.569894
2010-07-26 12:00:00,25.496246,17.515778,330.41528,100712.805,6.510137e-07,2.9655669
2010-07-27 12:00:00,25.58374,16.389862,343.84818,100746.195,6.731595e-07,3.1823518
2010-07-28 12:00:00,25.460297,17.852997,347.4886,100586.0,0.0,3.8927429
2010-07-29 12:00:00,24.985718,18.392914,330.8356,100474.13,0.0,4.3048344
2010-07-30 12:00:00,24.712006,18.323944,309.28973,100542.016,0.0,4.652016
2010-07-31 12:00:00,26.17099,17.413452,342.945,100602.95,0.0,4.1007814
2010-08-01 12:00:00,26.470184,16.144775,349.1275,100657.73,0.0,2.7188067
2010-08-02 12:00:00,27.518402,18.247162,327.92566,100644.75,0.0,2.3463337
2010-08-03 12:00:00,27.29889,19.033722,322.81534,100729.23,5.7425075e-07,2.5302434
2010-08-04 12:00:00,27.730469,18.91687,293.19125,100543.57,2.1881561e-08,2.5269096
2010-08-05 12:00:00,26.243286,19.433838,305.30313,100259.48,3.3788504e-07,2.8853807
2010-08-06 12:00:00,26.148499,19.681091,281.2508,100266.23,2.1148473e-06,2.8983893
2010-08-07 12:00:00,26.59668,18.730377,322.25067,100463.836,2.75998e-09,2.508372
2010-08-08 12:00:00,25.890839,18.795105,330.35648,100556.016,1.1341156e-07,4.3569074
2010-08-09 12:00:00,26.496399,18.055054,338.61917,100702.77,0.0,4.401405
2010-08-10 12:00:00,27.866302,15.998657,336.41803,100440.625,0.0,2.2800386
2010-08-11 12:00:00,27.537018,16.493652,332.5192,100168.98,1.0149237e-07,3.0484273
2010-08-12 12:00:00,24.05008,16.973083,333.84528,100388.88,6.5328143e-09,4.1482625
2010-08-13 12:00:00,23.668121,16.663818,334.4834,100565.43,0.0,4.428005
2010-08-14 12:00:00,24.456177,16.340637,331.87756,100574.09,0.0,3.8274057
2010-08-15 12:00:00,23.990875,17.09137,331.26526,100554.2,0.0,5.2418437
2010-08-16 12:00:00,23.692078,17.150024,329.11932,100522.0,0.0,5.8714676
2010-08-17 12:00:00,21.865173,16.909454,322.73874,100662.51,1.6252198e-08,6.663303
2010-08-18 12:00:00,23.424103,16.006317,326.86182,100986.13,0.0,4.699829
2010-08-19 12:00:00,26.761871,14.789154,323.08615,100668.04,0.0,2.577008
2010-08-20 12:00:00,28.626892,15.781616,321.70108,100389.27,0.0,2.1268914
2010-08-21 12:00:00,28.214813,16.53717,298.34164,100430.46,1.5593145e-06,2.8320963
2010-08-22 12:00:00,22.604156,17.200104,265.09045,100581.35,5.7309917e-06,3.1188352
2010-08-23 12:00:00,22.263092,15.842773,284.22458,100551.97,2.3653915e-06,3.1822746
2010-08-24 12:00:00,21.684296,16.128021,228.31766,100562.4,6.966846e-06,3.044417
2010-08-25 12:00:00,23.881287,16.537811,291.57236,100727.02,1.0574132e-06,2.9674714
2010-08-26 12:00:00,25.122375,15.337311,313.2562,100702.14,0.0,2.9528909
2010-08-27 12:00:00,24.791382,14.630859,268.5771,100577.945,0.0,2.8532577
2010-08-28 12:00:00,23.686432,16.906677,283.55054,100672.89,0.0,4.90322
2010-08-29 12:00:00,21.968414,16.186005,286.06766,100682.125,4.4534145e-09,4.789895
2010-08-30 12:00:00,21.698914,16.230621,194.45699,100480.9,9.876979e-08,3.5276015
2010-08-31 12:00:00,19.93576,15.904083,203.35132,100722.06,5.559718e-07,3.5866761
2010-09-01 12:00:00,20.290588,15.518433,262.83643,100828.39,2.8702852e-06,3.416566
2010-09-02 12:00:00,19.89978,15.660126,215.5891,100884.734,5.876474e-06,3.405133
2010-09-03 12:00:00,20.776062,15.729523,248.84007,100962.516,1.8729203e-06,4.368766
2010-09-04 12:00:00,20.983002,15.187347,290.15085,100938.96,0.0,4.5562835
2010-09-05 12:00:00,20.57486,15.348846,248.70985,100886.734,4.4053215e-07,3.760912
2010-09-06 12:00:00,24.048462,14.489502,289.9023,100774.016,0.0,3.190332
2010-09-07 12:00:00,23.98883,15.394897,271.76434,100395.96,0.0,2.5988307
2010-09-08 12:00:00,22.78955,15.146942,285.07834,100211.734,0.0,4.133049
2010-09-09 12:00:00,21.16278,15.511169,278.18042,100271.87,0.0,4.289376
2010-09-10 12:00:00,20.562347,15.1223755,197.74278,100416.66,3.1570705e-06,3.241794
2010-09-11 12:00:00,22.049988,13.539642,259.25143,100627.19,9.683673e-07,2.629829
2010-09-12 12:00:00,23.553406,15.017914,253.50731,100609.02,1.69618e-06,2.6280355
2010-09-13 12:00:00,23.036163,15.873322,222.63524,100297.01,1.8821329e-06,2.9885023
2010-09-14 12:00:00,22.23407,16.891266,253.9021,100216.81,3.3582666e-07,3.8120384
2010-09-15 12:00:00,22.744263,14.149384,261.30908,100374.99,2.712675e-07,2.3778343
2010-09-16 12:00:00,22.085693,13.872986,263.491,100416.09,1.1878824e-07,2.9605756
2010-09-17 12:00:00,21.086182,16.70166,208.52243,100641.88,3.434817e-06,4.169618
2010-09-18 12:00:00,21.964813,14.106171,258.63943,100717.3,0.0,2.8970397
2010-09-19 12:00:00,21.16092,16.277985,221.21039,100675.44,2.6842636e-06,3.6328967
2010-09-20 12:00:00,21.302246,15.686707,247.79749,100783.3,2.3583345e-06,3.6736963
2010-09-21 12:00:00,20.539246,16.527283,209.7169,100616.51,2.7624167e-06,4.4072533
2010-09-22 12:00:00,22.287506,17.305695,248.51573,100038.25,0.0,5.3974333
2010-09-23 12:00:00,21.377747,16.041351,236.48624,100176.35,0.0,6.313523
2010-09-24 12:00:00,18.958954,15.124054,60.79251,100696.5,0.00010144228,3.4742532
2010-09-25 12:00:00,20.293274,15.861877,241.38557,100902.41,4.5359055e-05,3.1894445
2010-09-26 12:00:00,22.32602,13.275085,248.92473,100961.92,0.0,2.75335
2010-09-27 12:00:00,22.907562,13.409851,241.32724,100864.99,0.0,2.8274326
2010-09-28 12:00:00,24.937042,14.55426,245.29492,100733.24,0.0,2.0832798
2010-09-29 12:00:00,24.721375,14.549438,243.58003,100486.09,0.0,2.3461347
2010-09-30 12:00:00,23.67334,16.08432,244.46794,100383.65,0.0,4.94995
2010-10-01 12:00:00,24.142517,13.739166,230.4621,100213.52,0.0,3.0114222
2010-10-02 12:00:00,23.161438,12.712311,232.67209,100343.75,0.0,2.5002189
2010-10-03 12:00:00,21.403137,12.809509,234.96727,100771.53,0.0,4.331499
2010-10-04 12:00:00,20.748901,14.917328,218.80273,100879.55,0.0,4.186881
2010-10-05 12:00:00,23.585419,14.579285,211.6685,100707.234,4.0147194e-07,1.8625567
2010-10-06 12:00:00,24.980377,14.3958435,217.43193,100411.31,4.5087017e-08,1.7272276
2010-10-07 12:00:00,24.447632,13.414764,222.03766,100132.04,7.289969e-08,2.0618808
2010-10-08 12:00:00,20.914276,14.531647,216.82298,100209.26,2.2710136e-08,3.8381343
2010-10-09 12:00:00,20.082336,13.635468,222.3274,100226.88,0.0,7.154409
2010-10-10 12:00:00,17.618073,11.916351,221.0532,100190.07,1.4473861e-09,5.402251
2010-10-11 12:00:00,17.587036,11.240723,222.05797,100886.945,2.6002833e-09,4.483377
2010-10-12 12:00:00,18.91333,8.568268,215.56885,101183.55,0.0,2.868583
2010-10-13 12:00:00,19.671997,8.654846,213.19716,100967.734,0.0,3.2789023
2010-10-14 12:00:00,19.280243,13.805481,80.16581,100801.65,8.3783525e-06,3.520113
2010-10-15 12:00:00,16.91504,12.798279,154.07416,100677.26,0.00026710963,4.3014946
2010-10-16 12:00:00,14.668823,10.177765,140.85762,101408.6,0.0,2.3706079
2010-10-17 12:00:00,15.917297,13.086456,81.48685,101027.484,0.00015627139,3.655632
2010-10-18 12:00:00,16.080933,10.936676,191.39955,101018.81,2.8249856e-06,0.47433266
2010-10-19 12:00:00,15.970825,11.354706,199.03848,101186.586,7.885076e-09,4.6107564
2010-10-20 12:00:00,17.132477,8.854584,191.96794,101417.445,0.0,2.0284967
2010-10-21 12:00:00,16.646973,9.347107,154.98192,101201.25,3.628821e-07,2.869562
2010-10-22 12:00:00,16.441925,10.932007,186.51874,101165.72,1.7123752e-05,1.7496127
2010-10-23 12:00:00,18.779327,11.699097,183.34166,101176.33,0.0,2.8761444
2010-10-24 12:00:00,18.898773,12.840546,162.62338,100950.87,2.7540852e-06,1.496992
2010-10-25 12:00:00,18.29596,12.391174,147.50652,100808.06,4.4418275e-06,2.4171872
2010-10-26 12:00:00,16.90863,9.623688,166.56741,100953.99,3.857841e-07,2.9098551
2010-10-27 12:00:00,16.509155,9.897186,184.29698,100762.28,0.0,2.2665129
2010-10-28 12:00:00,16.063446,12.382294,48.39595,100843.18,0.000103875645,2.94785
2010-10-29 12:00:00,17.605682,11.799103,179.70697,101378.484,1.8943445e-05,2.9191477
2010-10-30 12:00:00,20.422913,10.621277,178.2519,101393.945,0.0,2.150975
2010-10-31 12:00:00,19.871704,11.107788,133.851,101271.04,0.0,0.7552358
2010-11-01 12:00:00,17.895264,10.747864,161.87259,100728.625,1.5787998e-07,1.999481
2010-11-02 12:00:00,17.229187,10.296295,143.12386,100447.43,1.4007227e-06,1.8980721
2010-11-03 12:00:00,16.074158,11.4939575,126.31962,100801.39,1.7573159e-06,2.9086833
2010-11-04 12:00:00,15.428284,13.216644,29.956596,101072.99,0.00023421481,2.5722444
2010-11-05 12:00:00,16.49649,14.745483,24.196436,100794.31,0.00035296736,4.490263
2010-11-06 12:00:00,16.934814,16.26355,33.55687,100868.32,0.0001889205,5.658344
2010-11-07 12:00:00,16.492432,13.313049,160.06482,101173.195,3.8180828e-05,3.562275
2010-11-08 12:00:00,15.009308,10.858032,158.67352,101195.8,6.5007686e-07,4.415482
2010-11-09 12:00:00,13.380035,10.404877,95.01187,100560.01,0.00013434506,3.4473362
2010-11-10 12:00:00,16.140015,8.742462,158.93507,100394.63,9.2470345e-06,4.9330673
2010-11-11 12:00:00,17.888885,12.304535,160.42764,100558.54,0.0,5.0066366
2010-11-12 12:00:00,17.199493,7.500519,138.70584,100857.32,2.1041596e-07,0.5160812
2010-11-13 12:00:00,15.434509,8.699097,126.878044,101441.67,7.4225096e-07,0.30497965
2010-11-14 12:00:00,15.25882,10.229065,149.14267,101632.805,0.0,1.6367397
2010-11-15 12:00:00,16.419952,10.130463,149.02603,101300.87,0.0,0.93162215
2010-11-16 12:00:00,15.519012,9.466919,80.35388,100759.266,3.0273602e-06,2.0473795
2010-11-17 12:00:00,14.086853,8.524872,133.87491,100688.664,0.0,2.426276
2010-11-18 12:00:00,15.770081,9.44046,148.75923,100852.945,0.0,3.9438543
2010-11-19 12:00:00,15.0780945,6.7406006,148.27225,101099.984,0.0,3.1006317
2010-11-20 12:00:00,14.270813,6.549286,143.02043,101084.016,0.0,1.3751799
2010-11-21 12:00:00,12.078522,6.649231,115.31786,100648.73,1.11892605e-05,2.1592538
2010-11-22 12:00:00,13.882202,7.647522,101.91554,100425.98,0.0,0.74318147
2010-11-23 12:00:00,13.564575,5.808075,125.18464,100234.766,1.4510703e-06,1.3022035
2010-11-24 12:00:00,12.867401,5.772003,138.04303,100790.6,0.0,1.6511743
2010-11-25 12:00:00,14.038727,6.4968567,138.80565,100955.64,0.0,2.3638954
2010-11-26 12:00:00,13.518219,4.6783447,121.640945,101151.664,1.3240945e-06,0.880316
2010-11-27 12:00:00,12.099823,4.694275,119.631424,101345.0,7.947515e-07,0.77324307
2010-11-28 12:00:00,13.88797,5.0592957,135.28316,101340.92,0.0,1.9470559
2010-11-29 12:00:00,13.39444,5.225128,125.925606,101516.17,1.744764e-07,0.8158929
2010-11-30 12:00:00,12.45929,6.082611,104.921455,101562.77,1.0302542e-07,2.1058652
2010-12-01 12:00:00,13.829224,5.716034,130.55869,101160.97,0.0,1.3624487
2010-12-02 12:00:00,13.068756,4.753418,132.57796,100906.09,3.0356635e-09,0.95842654
2010-12-03 12:00:00,12.836304,4.6409607,116.11827,101222.73,0.0,1.8685021
2010-12-04 12:00:00,13.782959,4.5637207,128.27835,101521.734,1.7965155e-08,1.5496782
2010-12-05 12:00:00,13.045105,5.8022156,130.03648,101374.99,0.0,1.5292577
2010-12-06 12:00:00,12.203827,4.426361,94.04612,100730.3,3.0305955e-07,0.5041116
2010-12-07 12:00:00,11.836548,7.8278503,127.97666,100750.13,0.0,7.8488393
2010-12-08 12:00:00,10.914459,5.3410645,130.27074,101131.66,0.0,5.235792
2010-12-09 12:00:00,10.424774,3.0827026,110.9152,101579.555,0.0,0.613149
2010-12-10 12:00:00,9.768341,3.2638855,88.85623,101727.74,0.0,2.6941137
2010-12-11 12:00:00,12.117981,5.187866,99.609055,101707.48,7.822917e-09,1.7791177
2010-12-12 12:00:00,12.545197,5.4562073,98.94972,101664.44,0.0,0.25267357
2010-12-13 12:00:00,12.456268,9.987976,102.77851,101469.61,6.681419e-05,2.1760888
2010-12-14 12:00:00,11.713043,6.401062,96.93647,101436.04,6.5117993e-06,2.6442945
2010-12-15 12:00:00,10.4930725,3.036377,70.363914,100622.69,1.0430479e-06,1.7200575
2010-12-16 12:00:00,8.519653,3.5429382,125.11096,99757.42,3.5002796e-07,2.5427194
2010-12-17 12:00:00,9.414856,4.760498,125.95703,99746.99,0.0,4.7160597
2010-12-18 12:00:00,8.999237,1.4144592,95.35339,100873.07,2.0745725e-09,2.171573
2010-12-19 12:00:00,9.74353,4.4621277,116.98353,101599.73,3.209507e-10,2.6753464
2010-12-20 12:00:00,10.126526,2.4964905,123.60874,101544.22,1.03496234e-07,2.1004186
2010-12-21 12:00:00,10.227936,4.3781433,42.21687,101446.125,2.5108853e-05,0.939372
2010-12-22 12:00:00,10.298859,3.8062134,121.12925,101407.54,3.789524e-05,2.2831326
2010-12-23 12:00:00,10.089539,3.928833,124.12375,101762.47,0.0,3.0157743
2010-12-24 12:00:00,11.0677185,2.169281,102.79974,102228.414,9.236771e-08,0.91986996
2010-12-25 12:00:00,11.297577,7.166565,73.80525,102165.44,6.7510086e-06,1.3361007
2010-12-26 12:00:00,12.395264,7.542755,60.668835,101690.56,6.516646e-06,0.8290089
2010-12-27 12:00:00,12.090149,7.8550415,47.803463,100934.27,2.1573887e-05,1.1365632
2010-12-28 12:00:00,10.810791,6.1688843,125.243546,100957.16,2.7802851e-05,5.177371
2010-12-29 12:00:00,11.9835205,4.3428345,121.30716,101500.695,0.0,4.0327334
2010-12-30 12:00:00,11.799927,4.44162,75.38008,101635.38,9.405207e-07,2.5970285
2010-12-31 12:00:00,11.854889,4.578766,125.501175,101784.03,1.8656883e-05,4.0246277
2011-01-01 12:00:00,12.971008,7.5889587,131.3192,101963.13,0.0,6.134619
2011-01-02 12:00:00,12.524872,2.4513245,129.56133,102355.55,3.188296e-08,3.2653437
2011-01-03 12:00:00,9.233948,2.2447815,116.02725,102475.32,1.7573665e-08,2.9646337
2011-01-04 12:00:00,9.926422,2.7852478,131.83649,101871.93,0.0,2.6932316
2011-01-05 12:00:00,10.229095,3.4085083,132.40498,101412.99,0.0,1.5804443
2011-01-06 12:00:00,9.7934265,1.7604065,131.21048,101294.87,0.0,2.95975
2011-01-07 12:00:00,9.711517,4.381073,68.55285,101167.79,0.0,2.0318143
2011-01-08 12:00:00,12.604431,3.4160156,129.47316,101115.336,0.0,1.7786909
2011-01-09 12:00:00,12.199738,4.3239746,81.86849,101254.73,1.2374816e-06,1.4519584
2011-01-10 12:00:00,10.521393,5.6730347,95.541214,101577.78,6.6882685e-06,0.9238065
2011-01-11 12:00:00,11.499359,5.0877075,58.893078,101774.484,5.9105346e-06,1.6872159
2011-01-12 12:00:00,12.224609,9.687683,26.036383,101206.35,0.00019877883,5.254203
2011-01-13 12:00:00,12.253418,9.43454,81.86474,100877.82,5.302879e-05,5.5481367
2011-01-14 12:00:00,11.653229,5.984436,116.87739,101573.17,4.0462692e-07,1.6617094
2011-01-15 12:00:00,11.731598,6.294525,132.26688,101868.5,2.853202e-07,2.4392457
2011-01-16 12:00:00,12.543823,6.7221375,115.8171,101440.7,0.0,2.777043
2011-01-17 12:00:00,12.376984,4.312195,94.43069,101214.55,1.7253636e-06,0.59362644
2011-01-18 12:00:00,11.846802,4.8356934,111.26043,101251.125,3.6430017e-06,0.6223572
2011-01-19 12:00:00,11.694336,5.044403,52.030293,101199.8,8.666297e-06,1.4546195
2011-01-20 12:00:00,12.375732,7.9112854,139.75793,101056.445,9.117905e-05,0.46051943
2011-01-21 12:00:00,12.344452,5.9146423,77.06788,100663.92,8.9806804e-08,1.7914957
2011-01-22 12:00:00,10.834625,7.199951,144.7101,100614.555,8.112095e-05,2.2642744
2011-01-23 12:00:00,10.408508,7.7086487,111.484985,100916.32,0.00010624727,3.9278512
2011-01-24 12:00:00,10.834351,6.877075,120.47121,100916.34,8.287149e-05,4.230992
2011-01-25 12:00:00,10.255493,4.2899475,103.118484,101207.83,8.1597403e-07,0.49614853
2011-01-26 12:00:00,10.733185,7.913788,86.407616,101198.875,4.137336e-05,2.0387177
2011-01-27 12:00:00,11.254456,5.2956543,125.14455,100996.555,1.1931824e-06,2.292248
2011-01-28 12:00:00,11.446594,7.6642456,102.499825,100892.75,8.250865e-05,2.107898
2011-01-29 12:00:00,12.906647,6.6012573,140.5831,101008.55,1.4296933e-07,0.6700069
2011-01-30 12:00:00,12.727325,8.704224,34.787746,101137.89,7.601488e-05,3.4641826
2011-01-31 12:00:00,11.5373535,4.859558,146.6805,101506.72,4.9180073e-07,1.8460498
2011-02-01 12:00:00,12.355713,6.892517,123.944016,101332.48,0.0,0.9876188
2011-02-02 12:00:00,12.517731,6.310913,109.18389,100932.47,2.7021033e-06,2.3525817
2011-02-03 12:00:00,11.840393,8.286499,102.2074,101191.77,0.00012646134,1.7692139
2011-02-04 12:00:00,11.849213,7.025055,98.6296,100953.08,0.0,0.5566547
2011-02-05 12:00:00,11.87146,7.8103943,161.76859,100640.41,2.8394055e-05,0.8273595
2011-02-06 12:00:00,11.749603,7.431671,50.077133,99898.93,6.54775e-05,3.310988
2011-02-07 12:00:00,10.965515,8.128876,96.85884,99226.0,0.00027548158,4.5585423
2011-02-08 12:00:00,11.77124,5.8502502,166.5514,100462.98,2.1063095e-06,1.6641546
2011-02-09 12:00:00,12.2656555,5.626709,164.01828,101254.83,8.231037e-08,1.0008351
2011-02-10 12:00:00,12.084259,8.418488,102.188255,101282.805,4.357054e-06,2.0299
2011-02-11 12:00:00,12.568176,8.800415,69.47436,100918.59,1.7156197e-05,2.110568
2011-02-12 12:00:00,13.13504,11.729706,123.68148,100678.33,0.00019308677,3.1321225
2011-02-13 12:00:00,12.830292,5.4914856,178.9627,101435.0,3.4521895e-07,1.4264498
2011-02-14 12:00:00,13.781158,5.897949,168.51097,101670.9,2.528024e-08,0.83328557
2011-02-15 12:00:00,13.750305,8.045197,114.25619,101356.51,0.0,0.98510677
2011-02-16 12:00:00,13.640686,9.892822,139.03197,101335.95,5.6479166e-05,1.946847
2011-02-17 12:00:00,13.782349,8.051575,148.97505,100923.36,0.0,1.575421
2011-02-18 12:00:00,13.944244,8.047577,187.11925,100807.92,1.0589462e-08,2.2574747
2011-02-19 12:00:00,13.700226,8.423523,182.27975,101241.02,0.0,3.7974443
2011-02-20 12:00:00,13.549133,7.3093567,178.65546,101367.766,3.2593755e-07,2.0761034
2011-02-21 12:00:00,14.712341,7.543915,190.64677,101190.76,2.808524e-08,1.4077013
2011-02-22 12:00:00,14.909424,9.641632,130.42197,100883.38,0.0,0.8118953
2011-02-23 12:00:00,14.416962,7.9184875,122.75709,100851.92,1.7557495e-06,2.2536526
2011-02-24 12:00:00,13.672211,9.770355,86.273224,100437.91,5.0437905e-07,0.88158554
2011-02-25 12:00:00,13.567535,10.599213,46.731644,99701.664,0.0001767675,3.879864
2011-02-26 12:00:00,12.470856,10.014709,67.43005,98965.49,0.000101547725,3.4851289
2011-02-27 12:00:00,13.239502,9.591858,162.06606,98917.46,1.5357042e-05,1.3539877
2011-02-28 12:00:00,12.176666,9.67038,101.22766,99650.41,1.0023063e-05,3.9548721
2011-03-01 12:00:00,11.667755,8.854401,101.27621,100105.805,4.493587e-05,2.5036032
2011-03-02 12:00:00,12.239258,7.3724976,171.02974,100285.14,9.003042e-06,1.7361017
2011-03-03 12:00:00,13.450165,8.422333,222.7663,100695.65,7.5644113e-10,4.3020115
2011-03-04 12:00:00,12.821106,7.831024,186.69063,101549.74,6.446699e-07,3.2970889
2011-03-05 12:00:00,15.444763,7.361023,214.9236,101425.27,5.1441933e-08,0.53548306
2011-03-06 12:00:00,15.485291,9.2204895,142.17679,100710.14,0.0,0.7631919
2011-03-07 12:00:00,15.183105,9.542206,156.32901,100421.04,7.413801e-06,1.3182067
2011-03-08 12:00:00,12.793213,9.655914,40.690155,100472.46,0.0003066179,6.4564953
2011-03-09 12:00:00,11.750153,8.495789,158.3266,100691.79,0.000113282265,3.9612882
2011-03-10 12:00:00,11.405182,8.736603,173.2244,100378.11,0.00050082355,6.416562
2011-03-11 12:00:00,11.604797,7.3083496,183.88985,100870.86,0.00012685644,2.6937823
2011-03-12 12:00:00,11.859283,7.598816,162.8898,101444.51,5.925377e-07,2.4298859
2011-03-13 12:00:00,13.627167,10.143433,229.12004,101438.54,0.0002347246,2.8652718
2011-03-14 12:00:00,14.579498,8.02002,245.52216,101571.1,2.479155e-10,2.882377
2011-03-15 12:00:00,15.123779,8.803375,246.17526,101150.125,0.0,1.998761
2011-03-16 12:00:00,15.067261,8.204437,221.41122,100933.016,8.075461e-07,1.8759183
2011-03-17 12:00:00,14.683807,8.595001,175.99576,101224.61,3.2492994e-06,2.1018164
2011-03-18 12:00:00,14.781555,7.8154297,242.81296,101158.51,4.9686126e-09,1.7997588
2011-03-19 12:00:00,14.7535095,8.059296,259.1956,100645.84,6.426528e-09,2.0586772
2011-03-20 12:00:00,13.887512,9.618439,78.8546,100503.41,5.2030053e-05,4.1891184
2011-03-21 12:00:00,13.288025,7.5001526,259.43005,100566.77,1.5539784e-07,5.722697
2011-03-22 12:00:00,15.01532,7.270691,274.02335,100501.766,0.0,4.315078
2011-03-23 12:00:00,14.973633,8.192596,249.38885,100748.484,0.0,3.484069
2011-03-24 12:00:00,16.086426,9.9133,267.79095,100758.586,0.0,4.497873
2011-03-25 12:00:00,16.483765,8.67572,269.84598,100851.016,0.0,1.7530111
2011-03-26 12:00:00,19.248932,9.475708,269.51056,100878.266,0.0,1.6547186
2011-03-27 12:00:00,21.222809,9.068512,267.97177,100685.63,2.5471165e-06,1.1258136
2011-03-28 12:00:00,20.894073,9.648163,257.93018,100684.0,2.7893245e-06,2.0145926
2011-03-29 12:00:00,16.038086,8.703491,247.1827,100731.87,5.7579255e-06,2.2494888
2011-03-30 12:00:00,14.753601,10.284943,247.4352,100440.836,8.033347e-06,3.8129761
2011-03-31 12:00:00,14.464447,9.252289,292.37384,99951.1,0.0,3.92263
2011-04-01 12:00:00,15.716888,7.568512,286.31,99895.22,1.9342995e-08,0.98742837
2011-04-02 12:00:00,16.767548,7.7864685,292.80222,100213.38,0.0,2.5074315
2011-04-03 12:00:00,15.818024,8.4776,247.33534,100536.164,0.0,2.422245
2011-04-04 12:00:00,16.713043,8.148254,289.72662,100591.56,0.0,2.353543
2011-04-05 12:00:00,16.455048,8.557983,233.01212,100275.66,0.0,3.6501622
2011-04-06 12:00:00,18.794922,9.156189,295.70587,100736.0,0.0,3.3236618
2011-04-07 12:00:00,19.342926,10.341522,297.51834,101045.41,0.0,2.9088264
2011-04-08 12:00:00,18.88852,9.603546,300.27087,101179.19,0.0,4.421994
2011-04-09 12:00:00,16.432648,9.20816,312.24295,101267.35,0.0,5.6613097
2011-04-10 12:00:00,17.766571,9.606262,307.99887,100863.52,0.0,3.9500303
2011-04-11 12:00:00,18.203125,8.790924,303.76517,100674.31,0.0,2.2188287
2011-04-12 12:00:00,17.71167,8.414703,293.79315,100436.81,1.2908563e-07,3.169005
2011-04-13 12:00:00,15.543549,9.962219,259.9944,100427.04,0.0,6.7314925
2011-04-14 12:00:00,13.694702,7.601654,279.40424,100383.52,7.0016725e-08,6.7947884
2011-04-15 12:00:00,18.662476,11.055939,320.80597,100703.86,0.0,6.820214
2011-04-16 12:00:00,22.404114,14.54422,333.3156,101062.87,0.0,7.122519
2011-04-17 12:00:00,22.522552,14.533478,323.81253,100384.91,0.0,2.8116124
2011-04-18 12:00:00,18.23941,8.501953,321.2248,100426.28,1.1651605e-09,3.0907288
2011-04-19 12:00:00,15.626038,10.4201355,198.89638,100225.7,3.20082e-06,3.386403
2011-04-20 12:00:00,15.042786,9.863922,264.37134,99902.35,3.7943057e-06,5.293648
2011-04-21 12:00:00,14.914093,9.363586,327.2544,100172.65,0.0,5.120392
2011-04-22 12:00:00,14.859314,7.3995056,285.39923,100507.04,0.0,2.9305348
2011-04-23 12:00:00,15.3072815,7.9023438,306.07144,100794.555,0.0,3.007636
2011-04-24 12:00:00,16.24411,8.787476,330.6988,100829.25,0.0,3.780876
2011-04-25 12:00:00,15.990021,9.982239,321.9871,101150.23,1.4105096e-07,4.086649
2011-04-26 12:00:00,18.639801,10.865601,333.88647,101080.41,0.0,3.578123
2011-04-27 12:00:00,20.60904,9.248169,338.5439,100842.805,0.0,2.3409164
2011-04-28 12:00:00,18.896759,9.419617,325.47375,100909.47,0.0,3.106765
2011-04-29 12:00:00,17.863495,11.085999,324.5536,101343.28,0.0,5.9958444
2011-04-30 12:00:00,15.297546,9.831818,322.04825,101249.94,0.0,5.8459506
2011-05-01 12:00:00,16.001678,9.23761,343.18634,100863.16,0.0,5.393
2011-05-02 12:00:00,15.822235,9.991028,302.7461,100746.42,2.8447262e-06,5.325924
2011-05-03 12:00:00,13.496796,10.605591,64.26626,100624.03,0.00014608899,3.7776332
2011-05-04 12:00:00,15.917908,10.345459,295.26437,100352.16,3.1892643e-05,4.378336
2011-05-05 12:00:00,19.492004,11.373108,347.11746,100338.15,0.0,4.123324
2011-05-06 12:00:00,19.152527,9.628662,346.9304,100456.74,0.0,2.2046692
2011-05-07 12:00:00,19.288177,9.785126,348.12482,100756.37,0.0,2.450358
2011-05-08 12:00:00,18.881622,10.356873,345.85168,100858.23,2.8789408e-08,2.6229303
2011-05-09 12:00:00,17.160187,11.373077,313.2752,100968.37,2.7264357e-06,3.1838672
2011-05-10 12:00:00,16.916534,11.354553,309.20755,100994.52,0.0,4.2873354
2011-05-11 12:00:00,18.05069,10.023743,306.98492,100635.84,2.3431554e-09,2.4441242
2011-05-12 12:00:00,17.697723,11.483124,321.97064,100350.13,1.9275167e-06,2.9400408
2011-05-13 12:00:00,17.221252,10.995239,324.3166,100617.16,3.7657136e-07,3.7178142
2011-05-14 12:00:00,16.632202,11.277161,307.7439,100845.8,1.8988267e-06,3.4454672
2011-05-15 12:00:00,18.24939,10.151337,358.25446,100799.16,1.0223933e-08,2.9293907
2011-05-16 12:00:00,17.48468,10.238159,318.56982,100719.65,6.6604974e-07,2.8955586
2011-05-17 12:00:00,17.490967,10.66037,348.67136,100678.195,1.3026923e-07,3.728993
2011-05-18 12:00:00,19.861908,10.985382,363.2892,100695.25,0.0,3.9712481
2011-05-19 12:00:00,19.642212,10.769714,361.94733,100374.195,0.0,2.872668
2011-05-20 12:00:00,18.45337,12.03653,330.87238,100333.01,4.8627976e-07,3.9402695
2011-05-21 12:00:00,15.981171,12.482727,221.17287,100505.25,1.1442814e-05,4.540446
2011-05-22 12:00:00,16.212738,12.0894165,318.66843,100567.98,4.0862136e-07,6.2968335
2011-05-23 12:00:00,17.821014,12.28006,365.42136,100212.94,0.0,5.22371
2011-05-24 12:00:00,17.975342,10.200531,326.42465,99985.586,0.0,3.0253952
2011-05-25 12:00:00,17.013336,10.983551,240.22708,100522.914,1.1532705e-06,3.441952
2011-05-26 12:00:00,16.30243,12.006012,314.15564,100781.17,2.791383e-06,2.8818114
2011-05-27 12:00:00,15.717651,11.117645,250.0467,100702.555,2.7628755e-06,3.7262306
2011-05-28 12:00:00,15.447662,12.121765,213.98186,100553.19,1.1310414e-05,3.8995168
2011-05-29 12:00:00,16.211334,12.493347,239.30629,100629.44,1.1751566e-05,3.4125059
2011-05-30 12:00:00,16.200562,12.592743,255.00308,100867.38,8.23423e-06,3.3043985
2011-05-31 12:00:00,15.983429,11.190094,372.55307,100808.51,6.110711e-08,4.4360704
2011-06-01 12:00:00,15.544861,10.567139,333.0655,100725.39,6.07298e-07,4.7952776
2011-06-02 12:00:00,17.61966,11.156311,370.99692,100804.66,0.0,4.4694805
2011-06-03 12:00:00,20.033722,10.830841,364.9987,100721.25,0.0,2.9571278
2011-06-04 12:00:00,20.898834,12.740814,365.4462,100575.71,4.686311e-09,2.7510304
2011-06-05 12:00:00,20.422028,13.051727,317.37732,100595.7,1.085253e-06,2.6542466
2011-06-06 12:00:00,19.2948,12.98111,292.58398,100679.57,1.6819791e-06,2.8517826
2011-06-07 12:00:00,18.57431,12.233582,251.23735,100526.5,3.1308264e-06,3.459675
2011-06-08 12:00:00,17.061523,13.882965,204.5501,100402.29,7.883336e-06,4.6225758
2011-06-09 12:00:00,17.104614,13.780945,217.62204,100801.88,1.2980086e-05,4.0737767
2011-06-10 12:00:00,19.773804,13.6185,341.21387,101101.63,0.0,4.48401
2011-06-11 12:00:00,19.86621,14.618347,367.24075,100976.25,0.0,4.7864137
2011-06-12 12:00:00,19.06842,14.434937,351.47183,100975.55,0.0,5.720948
2011-06-13 12:00:00,20.96762,12.416199,369.60986,100989.34,0.0,3.3470652
2011-06-14 12:00:00,20.770569,13.582825,359.72662,100655.836,0.0,3.6947222
2011-06-15 12:00:00,20.560791,14.315765,375.0282,100868.51,0.0,5.4651546
2011-06-16 12:00:00,20.398804,14.284302,338.99023,100723.14,0.0,5.266357
2011-06-17 12:00:00,20.088348,15.462433,365.27402,100605.4,0.0,5.455548
2011-06-18 12:00:00,20.538025,15.524994,336.16162,100605.96,2.8044767e-06,4.1813426
2011-06-19 12:00:00,19.79425,15.608704,137.2359,100559.77,2.6485945e-05,3.674344
2011-06-20 12:00:00,21.560516,13.758728,357.80176,100750.12,5.3469114e-07,3.953369
2011-06-21 12:00:00,21.862244,15.18396,376.3807,100558.47,0.0,5.5644016
2011-06-22 12:00:00,22.163208,15.484222,372.0059,100182.54,0.0,6.6498938
2011-06-23 12:00:00,22.42981,15.358093,366.82382,100088.79,1.3834466e-06,3.4104733
2011-06-24 12:00:00,23.675903,14.459198,367.11893,100258.25,0.0,2.4812694
2011-06-25 12:00:00,23.466766,15.269165,355.96628,100623.19,4.8751474e-07,3.6847026
2011-06-26 12:00:00,25.07492,13.685242,371.28928,100762.83,7.4462907e-09,2.153015
2011-06-27 12:00:00,24.925781,14.188812,373.83023,100643.61,8.315043e-08,2.516476
2011-06-28 12:00:00,23.04837,14.864166,370.04666,100497.164,4.7742286e-09,3.437092
2011-06-29 12:00:00,23.147278,14.644012,372.16824,100499.5,3.3271103e-08,3.3910875
2011-06-30 12:00:00,23.058075,15.019104,374.92203,100789.055,0.0,4.151374
2011-07-01 12:00:00,23.703033,14.628967,343.8024,100922.76,0.0,2.9872727
2011-07-02 12:00:00,24.948578,16.350372,333.12326,100694.69,0.0,2.4155757
2011-07-03 12:00:00,24.741913,16.017944,333.21033,100340.07,2.2035654e-07,3.6426017
2011-07-04 12:00:00,20.298126,16.36206,267.97482,100312.92,4.9627483e-06,4.551233
2011-07-05 12:00:00,20.594574,15.980438,294.87912,100612.375,6.73963e-06,4.951428
2011-07-06 12:00:00,22.85144,15.281311,373.0958,100967.61,0.0,5.0058107
2011-07-07 12:00:00,23.643036,13.625671,374.69992,100857.69,0.0,2.965563
2011-07-08 12:00:00,23.158203,15.911652,332.8265,100867.77,1.3277245e-06,4.287077
2011-07-09 12:00:00,20.200317,15.781586,299.04565,101172.02,4.2009115e-06,3.6262374
2011-07-10 12:00:00,20.872192,14.387817,371.5916,101190.95,0.0,4.2803197
2011-07-11 12:00:00,20.483124,14.792236,369.78497,101337.23,0.0,4.9028482
2011-07-12 12:00:00,22.311523,15.400299,366.55716,101286.805,0.0,5.2756405
2011-07-13 12:00:00,25.352142,16.854187,363.8605,101000.47,0.0,4.711417
2011-07-14 12:00:00,24.951324,16.563599,360.31863,100724.28,0.0,3.8150074
2011-07-15 12:00:00,21.837952,18.004883,274.89597,100698.17,1.1818519e-06,4.52932
2011-07-16 12:00:00,22.805542,17.198975,322.88354,100953.16,4.975455e-07,3.5008075
2011-07-17 12:00:00,24.473907,16.186432,347.5082,100977.984,0.0,3.0460594
2011-07-18 12:00:00,24.30664,16.142365,356.94528,100768.67,0.0,3.7931635
2011-07-19 12:00:00,24.030426,16.626526,352.8357,100692.06,0.0,3.8380744
2011-07-20 12:00:00,27.440125,16.403046,357.35406,100741.15,0.0,2.4016218
2011-07-21 12:00:00,27.66043,16.97113,361.49292,100628.87,0.0,2.4294424
2011-07-22 12:00:00,27.650482,16.556152,350.19565,100381.266,0.0,4.2291093
2011-07-23 12:00:00,23.909943,18.375763,356.62592,100330.66,0.0,5.432836
2011-07-24 12:00:00,23.26175,16.753479,352.61954,100392.52,0.0,3.7714083
2011-07-25 12:00:00,22.633575,16.508057,322.13428,100559.15,7.3216853e-07,3.4322093
2011-07-26 12:00:00,22.17163,17.625092,296.27036,100626.336,3.7330599e-06,4.0056176
2011-07-27 12:00:00,22.426056,17.523712,310.01834,100753.33,7.27834e-06,3.6871545
2011-07-28 12:00:00,23.020905,16.773132,345.86807,100708.36,9.59835e-08,3.4495225
2011-07-29 12:00:00,22.646027,17.646118,302.75067,100615.625,4.170317e-06,4.021179
2011-07-30 12:00:00,22.610413,17.794006,332.722,100637.1,2.203084e-08,5.6341524
2011-07-31 12:00:00,22.014221,16.853333,342.6284,100851.14,0.0,4.966039
2011-08-01 12:00:00,22.864227,16.355743,344.5427,100888.42,0.0,5.041389
2011-08-02 12:00:00,22.314087,17.45279,344.25305,100770.484,0.0,5.8250823
2011-08-03 12:00:00,23.665833,16.663483,345.29404,100733.72,0.0,5.7948384
2011-08-04 12:00:00,24.358582,16.387573,343.01645,100423.11,0.0,3.8747292
2011-08-05 12:00:00,23.778473,16.033203,322.72324,100563.93,1.922087e-07,3.669988
2011-08-06 12:00:00,22.894165,17.388336,298.23404,100904.05,3.7728332e-06,3.6196852
2011-08-07 12:00:00,22.958557,16.839844,332.2427,101057.48,1.5066611e-06,3.7807271
2011-08-08 12:00:00,23.111023,16.902527,317.36038,101069.24,3.3561514e-06,3.6064558
2011-08-09 12:00:00,25.081024,15.49527,340.90814,100921.94,1.4553575e-07,3.1145606
2011-08-10 12:00:00,25.702148,15.613251,331.4673,100614.664,3.577251e-07,2.7817814
2011-08-11 12:00:00,25.533783,16.163208,330.32788,100465.984,0.0,2.9882352
2011-08-12 12:00:00,24.631866,17.340881,322.62476,100529.48,0.0,3.322657
2011-08-13 12:00:00,23.845886,18.967377,324.88635,100551.3,0.0,4.554476
2011-08-14 12:00:00,23.851593,18.798798,305.1298,100590.56,1.017745e-06,4.214791
2011-08-15 12:00:00,23.127136,18.710327,305.6935,100727.29,1.5442598e-06,4.4805565
2011-08-16 12:00:00,23.82959,18.366486,283.6093,100862.54,2.8518064e-06,4.055897
2011-08-17 12:00:00,25.155945,15.544312,328.99713,100846.26,0.0,3.2654123
2011-08-18 12:00:00,24.633026,16.310059,322.86246,100701.4,1.1134455e-07,3.380798
2011-08-19 12:00:00,25.479004,15.702545,324.49734,100686.93,0.0,3.0350394
2011-08-20 12:00:00,25.419159,17.102844,290.60516,100720.164,0.0,3.499632
2011-08-21 12:00:00,25.127167,16.783691,314.7353,100626.234,0.0,3.0915484
2011-08-22 12:00:00,24.552124,17.163116,313.68484,100507.69,6.954385e-09,4.0521107
2011-08-23 12:00:00,23.612549,17.214264,297.40338,100515.5,0.0,4.727125
2011-08-24 12:00:00,22.213562,17.167908,244.77841,100694.016,5.53182e-07,4.9192023
2011-08-25 12:00:00,24.717438,15.912628,300.2169,100806.13,2.6393923e-08,3.0065975
2011-08-26 12:00:00,26.210205,16.537994,309.19177,100813.58,0.0,2.4084113
2011-08-27 12:00:00,25.687195,16.394043,299.47452,100797.914,2.8295145e-07,2.6874595
2011-08-28 12:00:00,24.265015,16.620728,272.42056,100816.02,1.7341995e-06,2.8483098
2011-08-29 12:00:00,25.925964,16.567078,212.55167,100846.414,1.1070688e-06,2.013916
2011-08-30 12:00:00,29.365784,17.729858,287.22684,100540.18,2.560648e-08,2.0194683
2011-08-31 12:00:00,29.153137,17.847443,296.22812,100175.72,0.0,2.523787
2011-09-01 12:00:00,24.38916,18.49118,268.3327,100417.19,1.3627065e-06,3.6940172
2011-09-02 12:00:00,23.424225,17.473022,273.3505,100673.7,2.5308348e-06,3.228484
2011-09-03 12:00:00,23.657684,16.379059,292.4271,100672.12,6.926978e-07,3.3765414
2011-09-04 12:00:00,24.552887,15.951813,290.2499,100741.77,0.0,3.0585752
2011-09-05 12:00:00,25.644379,16.20697,268.02005,100793.95,8.2934184e-07,2.5018842
2011-09-06 12:00:00,24.827576,17.646027,261.52103,100703.32,1.3603033e-06,2.7887733
2011-09-07 12:00:00,22.892822,17.164093,258.4807,100632.04,9.817562e-07,3.429667
2011-09-08 12:00:00,22.212494,16.581177,241.51714,100898.98,7.118475e-06,3.141195
2011-09-09 12:00:00,24.77179,14.860077,252.92491,100728.66,4.541879e-08,2.6035168
2011-09-10 12:00:00,24.566528,16.222168,273.373,100638.33,0.0,4.078695
2011-09-11 12:00:00,22.39441,16.476257,269.10324,100429.625,4.397059e-08,3.7549443
2011-09-12 12:00:00,21.644623,16.81195,243.92195,100097.65,5.6872204e-07,3.9911113
2011-09-13 12:00:00,20.788452,17.812439,203.8741,100315.27,9.487669e-06,3.9444273
2011-09-14 12:00:00,21.45279,14.549683,254.61974,100517.6,3.618465e-08,3.2073793
2011-09-15 12:00:00,20.53653,16.448181,214.94624,100504.89,3.1516635e-07,4.3079424
2011-09-16 12:00:00,20.359314,15.168091,175.25975,100675.21,2.0702484e-05,3.3949926
2011-09-17 12:00:00,19.857788,14.58783,78.42631,100684.38,0.00017127185,4.1997237
2011-09-18 12:00:00,20.60559,13.5035095,262.35522,101098.76,2.7661235e-07,2.6062882
2011-09-19 12:00:00,22.580872,15.514313,263.51416,100647.766,4.727757e-11,4.1837783
2011-09-20 12:00:00,24.005768,14.869659,258.03067,100502.83,0.0,3.3178499
2011-09-21 12:00:00,22.671051,14.357941,259.08185,100889.19,4.4375714e-08,4.8976026
2011-09-22 12:00:00,20.497559,15.49353,254.96924,100892.41,0.0,5.2228265
2011-09-23 12:00:00,20.059662,14.338043,256.97522,100871.53,0.0,5.1996646
2011-09-24 12:00:00,19.292542,14.740509,76.04729,100660.26,0.00010507356,2.3578105
2011-09-25 12:00:00,20.477905,13.295227,241.76038,100956.55,5.293081e-07,3.450841
2011-09-26 12:00:00,23.2529,14.983734,243.6038,101325.67,0.0,3.2575412
2011-09-27 12:00:00,24.138275,15.29715,243.83194,101270.234,0.0,2.01127
2011-09-28 12:00:00,26.161957,14.7323,240.0631,101106.84,0.0,1.1182778
2011-09-29 12:00:00,29.603607,16.993225,241.76945,100654.625,0.0,1.5584034
2011-09-30 12:00:00,29.46994,17.498413,239.82043,100330.44,0.0,1.0591577
2011-10-01 12:00:00,27.934662,14.982971,239.33406,100363.266,1.6438662e-07,1.8071604
2011-10-02 12:00:00,21.821594,13.841888,220.81418,100438.78,6.2131435e-06,2.0372517
2011-10-03 12:00:00,21.154541,13.405426,216.54794,100682.65,5.189285e-06,2.2750144
2011-10-04 12:00:00,20.41278,14.179413,184.85399,101057.6,7.7912e-06,2.5927966
2011-10-05 12:00:00,21.526794,13.509003,194.18484,101020.516,9.765655e-07,2.6018362
2011-10-06 12:00:00,21.009705,14.992615,175.9372,100832.71,0.0,3.2719524
2011-10-07 12:00:00,23.059052,12.776215,224.05374,100792.17,0.0,1.8714724
2011-10-08 12:00:00,23.867188,13.742126,221.40005,100606.17,0.0,1.9140434
2011-10-09 12:00:00,23.806152,13.2508545,218.68607,100602.35,4.1905317e-08,1.7636836
2011-10-10 12:00:00,23.168976,12.506775,213.42247,100626.336,4.4645142e-07,1.9274685
2011-10-11 12:00:00,24.279541,11.887695,220.02202,100662.2,5.7132052e-08,1.6256186
2011-10-12 12:00:00,23.871735,12.727081,196.08167,100527.15,2.3367227e-06,1.8244315
2011-10-13 12:00:00,24.960114,12.138092,217.46815,100283.78,0.0,2.0262682
2011-10-14 12:00:00,24.915955,19.113861,219.51128,100788.93,0.0,8.13027
2011-10-15 12:00:00,25.2695,17.03772,215.22673,100939.33,0.0,4.281234
2011-10-16 12:00:00,24.48172,13.468018,207.67805,101373.59,0.0,2.6380131
2011-10-17 12:00:00,19.91922,13.596954,164.28517,101498.67,9.491251e-06,2.4199429
2011-10-18 12:00:00,19.48996,10.757751,163.97478,101331.555,0.0,2.4909842
2011-10-19 12:00:00,19.787323,12.2291565,171.20386,101201.8,5.807401e-06,2.1614516
2011-10-20 12:00:00,19.45993,11.774841,107.84372,101531.66,2.7862939e-06,1.8755064
2011-10-21 12:00:00,22.387634,13.264191,177.55536,101644.78,8.411972e-08,1.6795255
2011-10-22 12:00:00,21.485748,14.415131,113.95461,101365.92,6.478556e-07,1.806287
2011-10-23 12:00:00,18.490448,14.605988,139.1669,101353.66,2.3873086e-05,2.992136
2011-10-24 12:00:00,18.086182,9.645172,154.94861,101376.76,0.0,3.3395913
2011-10-25 12:00:00,17.59549,10.458405,170.57632,100933.1,0.0,2.6229389
2011-10-26 12:00:00,16.740295,14.173553,145.24164,100672.97,0.00013126567,4.6023493
2011-10-27 12:00:00,15.70694,11.570892,171.08932,101054.32,3.4042987e-05,4.8247423
2011-10-28 12:00:00,16.925293,10.394562,149.45694,101457.54,1.7256465e-08,2.944349
2011-10-29 12:00:00,18.437866,13.223511,144.91617,101662.65,1.97014e-06,0.95222205
2011-10-30 12:00:00,18.750275,14.177795,134.35966,101500.875,4.795458e-06,2.6032841
2011-10-31 12:00:00,19.324432,11.250641,168.94533,101284.78,9.715359e-08,1.9859855
2011-11-01 12:00:00,20.425812,11.959473,152.03622,101112.164,0.0,1.2858458
2011-11-02 12:00:00,20.633942,12.051025,165.04434,101035.14,1.3238964e-07,1.6779218
2011-11-03 12:00:00,20.612823,11.103851,155.12755,100852.555,4.5907288e-07,1.7570974
2011-11-04 12:00:00,19.733948,12.740692,87.235725,100529.95,8.149661e-07,2.2133157
2011-11-05 12:00:00,18.150665,11.308105,155.59125,100681.57,7.45183e-06,4.20073
2011-11-06 12:00:00,18.70697,10.375885,153.9803,100756.35,0.0,2.33267
2011-11-07 12:00:00,17.659729,11.03717,92.8707,100791.89,2.6246265e-05,3.0598373
2011-11-08 12:00:00,18.466064,11.26001,162.17215,101246.22,0.0,5.6782985
2011-11-09 12:00:00,18.027771,9.580078,124.119965,101431.414,0.0,3.2256603
2011-11-10 12:00:00,17.169281,12.344574,153.10812,101601.195,6.2038964e-07,4.2461576
2011-11-11 12:00:00,18.103943,9.533081,152.90843,101596.67,0.0,2.5341113
2011-11-12 12:00:00,18.953766,11.588196,131.27971,101589.36,2.5719882e-07,1.6704785
2011-11-13 12:00:00,18.652924,12.148743,63.30999,100975.53,4.35781e-05,4.0150332
2011-11-14 12:00:00,14.970367,10.434998,151.76727,100862.24,1.0831563e-05,7.095893
2011-11-15 12:00:00,15.663239,7.62619,144.52295,101206.39,0.0,4.231745
2011-11-16 12:00:00,17.256073,9.081665,143.47638,101306.766,3.0409846e-09,2.2518005
2011-11-17 12:00:00,17.861542,9.574127,144.5224,101331.86,2.6363065e-07,0.5168369
2011-11-18 12:00:00,17.300018,10.945435,152.5779,101560.3,0.0,5.764182
2011-11-19 12:00:00,16.857056,13.209198,153.1439,101754.57,0.0,8.98471
2011-11-20 12:00:00,16.056396,11.571075,149.24532,101833.46,0.0,8.532754
2011-11-21 12:00:00,15.406128,7.4383545,145.93103,102094.0,0.0,3.767885
2011-11-22 12:00:00,14.908813,6.552368,138.16322,102200.945,2.1236187e-07,0.892297
2011-11-23 12:00:00,14.960754,4.657257,132.17734,101544.055,2.8148088e-07,1.393679
2011-11-24 12:00:00,16.079407,6.8634644,121.74765,101258.61,0.0,1.5539366
2011-11-25 12:00:00,17.282532,7.2000732,141.0164,101374.7,0.0,2.7048323
2011-11-26 12:00:00,17.710724,7.5560913,138.28091,101210.016,0.0,1.6514333
2011-11-27 12:00:00,16.259033,7.9845276,107.61115,101106.49,1.4831852e-05,1.9120355
2011-11-28 12:00:00,17.975891,12.4071045,140.96289,101535.05,1.4473861e-09,9.974205
2011-11-29 12:00:00,17.433533,9.836151,137.78253,101957.29,0.0,5.8272176
2011-11-30 12:00:00,15.902954,5.0401306,133.33589,102061.3,4.4912887e-09,0.80708027
2011-12-01 12:00:00,15.068512,4.183197,119.72725,101673.73,9.439463e-07,1.42175
2011-12-02 12:00:00,15.983276,6.850281,132.02649,101020.37,0.0,0.78155905
2011-12-03 12:00:00,15.341614,6.791046,108.434425,100979.53,0.0,2.0807157
2011-12-04 12:00:00,14.607758,7.227661,80.6475,101305.59,1.0796344e-07,1.3497057
2011-12-05 12:00:00,13.408417,8.557495,55.573116,101679.555,5.3898175e-06,1.9794354
2011-12-06 12:00:00,14.152435,7.1777954,86.08649,101446.58,2.323972e-06,0.7685177
2011-12-07 12:00:00,14.021088,7.664398,69.04639,101224.89,1.3108747e-05,1.1481947
2011-12-08 12:00:00,13.768921,5.1279907,105.8479,101637.41,3.3655573e-07,1.7278297
2011-12-09 12:00:00,13.542267,5.6166077,107.472176,101320.02,0.0,2.0384357
2011-12-10 12:00:00,14.414886,6.7189636,117.57779,101068.68,0.0,1.9014318
2011-12-11 12:00:00,14.448181,6.280548,99.70309,101272.625,4.563731e-08,1.6260315
2011-12-12 12:00:00,14.08667,6.4164124,101.548836,101090.75,3.6793433e-06,0.5379176
2011-12-13 12:00:00,13.419342,6.66687,82.96305,101238.59,4.3550112e-06,1.0681874
2011-12-14 12:00:00,13.836761,7.067322,81.62535,101107.95,8.796523e-07,1.4924914
2011-12-15 12:00:00,14.768555,8.472412,96.36891,101111.836,3.5747473e-06,0.72235864
2011-12-16 12:00:00,16.338715,8.273834,110.50994,101456.38,0.0,2.081131
2011-12-17 12:00:00,15.419617,9.678101,55.04532,101686.336,4.640462e-07,1.7269374
2011-12-18 12:00:00,14.412598,10.235931,77.534515,101665.06,4.228323e-06,0.93837774
2011-12-19 12:00:00,14.247681,10.793549,53.714367,101499.805,7.879523e-06,1.8402876
2011-12-20 12:00:00,14.289398,11.396057,49.290874,101225.09,1.914355e-05,4.0554404
2011-12-21 12:00:00,14.0252075,12.7994995,73.10799,101307.33,0.00012311558,3.62823
2011-12-22 12:00:00,13.19104,8.722443,35.861103,101466.96,1.6596858e-05,0.70079666
2011-12-23 12:00:00,13.936951,11.62561,64.249725,101360.85,0.00022985421,3.2616343
2011-12-24 12:00:00,13.425964,6.903137,90.00091,101380.016,0.0,1.2793101
2011-12-25 12:00:00,11.619019,8.175934,30.17013,101084.28,3.4777608e-05,2.2416184
2011-12-26 12:00:00,12.222687,8.646332,121.365166,101284.445,1.7317129e-06,3.7539551
2011-12-27 12:00:00,12.1188965,6.9961853,116.13645,101651.99,0.0,1.8475375
2011-12-28 12:00:00,12.160614,6.98114,83.79026,101640.73,1.3666629e-08,1.7182176
2011-12-29 12:00:00,12.922638,9.741669,120.448875,101482.555,5.7619545e-05,3.3484638
2011-12-30 12:00:00,12.073853,6.848816,125.47175,102017.34,3.0813635e-06,4.591501
2011-12-31 12:00:00,11.652374,4.4922485,87.06491,101911.09,0.0,3.4279947
2012-01-01 12:00:00,8.859497,5.923126,40.854866,101882.734,6.140044e-07,2.659372
2012-01-02 12:00:00,13.247406,4.466522,126.49344,101450.445,3.7339692e-06,2.0860393
2012-01-03 12:00:00,12.889221,5.0855713,116.57135,101454.195,7.325881e-11,2.9315248
2012-01-04 12:00:00,11.112457,5.9813843,65.077675,101901.24,0.0,2.4202886
2012-01-05 12:00:00,12.407532,8.839569,67.10471,101635.445,3.1655027e-06,1.7318685
2012-01-06 12:00:00,13.192047,8.520813,94.52785,101315.16,2.6846337e-06,2.2454827
2012-01-07 12:00:00,13.318848,7.3522034,85.30206,101241.06,7.424768e-07,2.1915042
2012-01-08 12:00:00,13.186127,9.195862,30.391241,101077.164,0.00012024833,1.3730409
2012-01-09 12:00:00,11.94928,7.930481,79.59487,100942.77,3.9437662e-05,0.36059082
2012-01-10 12:00:00,11.436157,7.4324646,74.10232,100728.125,8.40447e-06,1.3119711
2012-01-11 12:00:00,12.12558,7.3972473,78.01499,100587.414,0.0,1.9973255
2012-01-12 12:00:00,11.93515,7.209015,54.81917,100505.1,1.0664618e-05,2.2958376
2012-01-13 12:00:00,12.79892,8.722321,21.91051,100314.79,0.00019318087,4.4874635
2012-01-14 12:00:00,13.062927,10.322296,65.44263,100438.6,0.00050121814,4.8881545
2012-01-15 12:00:00,13.456848,10.26593,49.297234,101034.08,0.00010131785,4.0071263
2012-01-16 12:00:00,13.215424,11.297577,71.45237,100516.9,0.00015942354,4.5631127
2012-01-17 12:00:00,12.815155,10.317657,24.532248,100201.8,0.00040357147,5.4018397
2012-01-18 12:00:00,14.222412,11.953369,10.818766,99745.05,0.001301771,10.395613
2012-01-19 12:00:00,15.082336,14.231964,16.897577,100460.67,0.00059887336,10.182289
2012-01-20 12:00:00,14.882019,11.600891,31.187109,100841.6,0.00053583836,6.9661827
2012-01-21 12:00:00,13.193115,7.763977,143.09474,101740.51,1.0050193e-05,2.2210212
2012-01-22 12:00:00,13.197327,6.5288086,33.04694,101360.44,4.680793e-06,3.8399167
2012-01-23 12:00:00,13.58902,10.05661,127.13189,101306.01,0.00037395916,3.9639463
2012-01-24 12:00:00,13.37262,6.78421,143.33891,101945.69,0.0,1.3423554
2012-01-25 12:00:00,13.2534485,5.8894653,149.56166,101899.21,0.0,1.1137202
2012-01-26 12:00:00,13.054047,7.7084045,57.94253,101507.97,6.6433886e-06,1.8899765
2012-01-27 12:00:00,12.050995,7.4720764,150.24463,101378.21,2.9850835e-05,3.314292
2012-01-28 12:00:00,11.922516,4.6152344,121.7914,101303.05,0.0,1.9342585
2012-01-29 12:00:00,11.384674,5.556183,92.81724,101311.68,0.0,2.1227245
2012-01-30 12:00:00,13.523071,6.03302,142.69327,101311.97,1.4346255e-09,2.301768
2012-01-31 12:00:00,13.4279175,6.715973,80.83891,101236.38,9.793455e-08,1.3403409
2012-02-01 12:00:00,13.205444,10.297485,75.17793,101422.89,0.00016214006,2.1782484
2012-02-02 12:00:00,13.058472,8.672516,37.189373,101132.06,6.4961765e-05,2.3555925
2012-02-03 12:00:00,12.148193,7.5319214,81.702225,100801.74,0.00032496115,5.0341463
2012-02-04 12:00:00,10.3194275,5.0906677,166.82631,101907.36,0.0,4.755837
2012-02-05 12:00:00,10.240875,5.898926,74.63057,101952.805,9.2112905e-06,2.18412
2012-02-06 12:00:00,11.048279,7.0283813,172.1887,101621.66,2.550396e-07,3.9205804
2012-02-07 12:00:00,11.234009,3.8285522,136.59291,101649.414,0.0,1.797288
2012-02-08 12:00:00,10.992981,8.036316,65.93645,101517.76,2.9835877e-05,2.0463772
2012-02-09 12:00:00,11.939514,8.409943,34.35954,101258.23,0.00023859706,2.5251448
2012-02-10 12:00:00,12.779449,11.253387,51.292763,101374.21,0.00050454604,3.222338
2012-02-11 12:00:00,12.447723,8.960999,145.27936,101713.555,9.129144e-05,2.2827709
2012-02-12 12:00:00,12.228149,5.5279236,183.5577,101541.055,4.621833e-08,2.924916
2012-02-13 12:00:00,13.623474,7.078888,165.92847,101026.734,0.0,2.936664
2012-02-14 12:00:00,15.797485,9.325958,157.79996,100695.24,0.0,2.8280408
2012-02-15 12:00:00,15.792114,8.897491,173.63469,100572.37,0.0,1.602079
2012-02-16 12:00:00,15.829987,11.747467,83.86519,100443.26,9.889786e-05,3.3228903
2012-02-17 12:00:00,12.240814,9.563782,116.51887,100530.96,0.000115050796,3.0314865
2012-02-18 12:00:00,10.178497,6.4906006,81.23795,101185.06,2.6386122e-05,2.405507
2012-02-19 12:00:00,12.333008,9.728363,115.40086,101225.16,0.00021997468,3.6058757
2012-02-20 12:00:00,13.401459,8.054626,163.51315,101794.62,1.0740555e-06,1.5277174
2012-02-21 12:00:00,13.353027,9.007446,115.148964,101889.28,3.3353808e-06,1.9347136
2012-02-22 12:00:00,13.580963,7.966858,149.22902,101598.6,4.8295906e-06,1.4193176
2012-02-23 12:00:00,13.511566,7.719391,150.92355,101427.61,5.113609e-06,1.8649915
2012-02-24 12:00:00,13.688293,9.949554,117.412994,101463.91,1.0772978e-05,2.0934613
2012-02-25 12:00:00,13.896423,8.656982,163.34229,101277.88,2.3006705e-06,1.594431
2012-02-26 12:00:00,13.73584,8.799286,99.56774,100681.164,1.4225301e-05,2.78033
2012-02-27 12:00:00,12.048279,6.8409424,210.30573,101001.875,4.5618504e-05,3.92512
2012-02-28 12:00:00,12.862549,5.941559,211.42116,101375.664,0.0,2.2979116
2012-02-29 12:00:00,,,,,,
2012-03-01 12:00:00,13.026428,7.2680054,199.60182,101420.24,0.0,1.8149855
2012-03-02 12:00:00,12.63559,8.342773,137.94377,101528.125,2.006262e-06,1.8747641
2012-03-03 12:00:00,14.715332,10.902222,161.58188,101220.7,4.667649e-06,1.5655951
2012-03-04 12:00:00,13.936188,11.372864,126.07427,100757.54,0.00018224267,4.3428197
2012-03-05 12:00:00,13.034332,8.773468,79.1045,100811.84,0.00012194193,3.6159666
2012-03-06 12:00:00,11.891235,9.009735,164.24858,101441.23,1.3989697e-05,4.1711273
2012-03-07 12:00:00,12.302063,8.081451,209.28378,101674.26,1.4159413e-05,3.9856834
2012-03-08 12:00:00,15.091248,7.1878967,242.357,101312.01,0.0,4.0944266
2012-03-09 12:00:00,15.021057,7.882477,246.74089,100949.18,0.0,3.935902
2012-03-10 12:00:00,14.4045105,5.9952087,231.21477,100783.56,0.0,1.1274506
2012-03-11 12:00:00,14.555786,8.472809,161.05295,100376.6,4.3525415e-05,1.8478591
2012-03-12 12:00:00,14.453217,9.176117,90.40325,99296.266,6.3099214e-06,3.972342
2012-03-13 12:00:00,12.874481,7.4477844,227.45938,99454.71,4.4309276e-05,1.2000242
2012-03-14 12:00:00,13.605347,6.4248657,249.29152,100201.14,0.0,0.52066505
2012-03-15 12:00:00,13.28891,9.718536,58.919865,100522.586,0.00019684734,4.431756
2012-03-16 12:00:00,11.51001,7.951233,128.78621,100797.61,8.55488e-05,2.3367946
2012-03-17 12:00:00,11.428528,7.659851,183.59944,101139.56,6.638142e-05,2.6133735
2012-03-18 12:00:00,12.147095,9.675079,66.249374,100973.85,0.000469599,4.924425
2012-03-19 12:00:00,13.658142,12.055634,66.35877,101400.016,0.0001935357,4.4247513
2012-03-20 12:00:00,13.873352,12.187744,110.55289,101346.44,2.2529453e-05,1.9376389
2012-03-21 12:00:00,13.838135,10.367554,82.53548,100541.98,2.5703259e-05,3.4951038
2012-03-22 12:00:00,13.538635,10.6953125,72.666725,100138.51,0.00041066465,6.5231714
2012-03-23 12:00:00,11.864502,9.692566,219.66232,99668.266,0.00027040002,4.9866924
2012-03-24 12:00:00,12.246277,7.532593,212.66962,100950.53,4.5349545e-05,5.17028
2012-03-25 12:00:00,11.922607,10.069824,39.95033,101045.08,0.00044486538,7.8056374
2012-03-26 12:00:00,12.296204,7.9579773,202.86667,100971.81,0.00020936651,5.4164066
2012-03-27 12:00:00,12.268188,6.77063,250.03789,101904.65,1.6304478e-08,4.166337
2012-03-28 12:00:00,13.1406555,8.022186,228.97658,102327.86,3.6184652e-10,2.736489
2012-03-29 12:00:00,14.753662,8.610992,231.09035,102158.26,3.044947e-06,1.731398
2012-03-30 12:00:00,18.403442,9.35321,279.81793,101545.695,0.0,1.233845
2012-03-31 12:00:00,17.905548,10.30658,213.08936,101239.99,0.0,1.4427336
2012-04-01 12:00:00,18.3042,11.075806,200.34152,101219.016,0.0,1.5873339
2012-04-02 12:00:00,18.099548,11.519012,208.35191,101450.11,1.6632455e-06,2.1943772
2012-04-03 12:00:00,16.677917,11.538757,206.85751,101437.49,3.5921526e-06,1.9916615
2012-04-04 12:00:00,15.807587,10.714142,218.45567,100897.16,6.6482403e-06,2.4487512
2012-04-05 12:00:00,13.836731,10.810486,290.11627,100990.18,1.852899e-05,4.325663
2012-04-06 12:00:00,16.394379,8.675079,303.7633,101119.98,0.0,4.644637
2012-04-07 12:00:00,18.550293,8.934418,303.17477,100944.91,0.0,1.9089938
2012-04-08 12:00:00,18.365784,9.706879,303.43744,100700.62,0.0,2.0854197
2012-04-09 12:00:00,17.537903,10.797699,308.44022,100772.93,0.0,5.79754
2012-04-10 12:00:00,17.001404,7.838745,315.6033,101371.445,0.0,5.046678
2012-04-11 12:00:00,17.619507,7.6067505,315.75296,101076.21,0.0,2.282734
2012-04-12 12:00:00,16.579803,7.9556885,311.82828,101111.39,2.9616074e-09,3.621778
2012-04-13 12:00:00,13.878754,8.639832,286.0055,101290.586,1.0583497e-08,4.5223007
2012-04-14 12:00:00,13.486694,10.397736,165.38695,101249.53,2.0137926e-05,2.2675388
2012-04-15 12:00:00,15.193176,9.862854,218.01639,101190.836,1.6509495e-06,3.1109934
2012-04-16 12:00:00,16.712555,8.88266,314.27383,100986.55,2.8366542e-10,3.051861
2012-04-17 12:00:00,17.243866,9.1770935,315.3779,100886.08,2.3431554e-09,2.3139822
2012-04-18 12:00:00,16.967194,8.8932495,297.70544,100931.62,1.1236114e-07,3.6165965
2012-04-19 12:00:00,18.048279,8.942993,321.1005,100875.375,0.0,4.594658
2012-04-20 12:00:00,18.002594,10.436523,334.98102,100505.53,0.0,5.9905186
2012-04-21 12:00:00,15.090759,7.3898926,295.8757,100544.086,4.540361e-11,6.7076426
2012-04-22 12:00:00,13.260437,8.120453,306.62045,100531.31,5.7105644e-06,5.459472
2012-04-23 12:00:00,13.313629,7.4804077,307.32803,101052.21,6.9373345e-07,4.0838165
2012-04-24 12:00:00,12.448547,9.041046,105.32028,100918.79,0.00011819568,3.006586
2012-04-25 12:00:00,14.906097,8.037079,329.27213,100649.62,3.1739518e-08,3.9017673
2012-04-26 12:00:00,14.5937195,8.746002,192.77486,100847.125,3.0209046e-07,3.9213457
2012-04-27 12:00:00,12.955017,8.275787,300.42657,101012.6,3.8079936e-05,3.741473
2012-04-28 12:00:00,14.554901,9.198669,298.78702,101057.77,7.9737003e-07,5.117341
2012-04-29 12:00:00,17.140045,10.582825,333.32462,101015.945,0.0,5.0915947
2012-04-30 12:00:00,18.749573,9.051727,337.64346,101081.81,0.0,2.684122
2012-05-01 12:00:00,18.373993,9.834045,302.40884,101020.914,0.0,3.5498042
2012-05-02 12:00:00,16.02591,9.739166,338.9265,100995.53,0.0,6.4433165
2012-05-03 12:00:00,14.345795,8.523407,345.44125,101410.96,6.730148e-11,6.304352
2012-05-04 12:00:00,18.274536,8.430542,355.27917,101233.7,0.0,4.8164344
2012-05-05 12:00:00,18.59253,7.625,343.23062,100871.18,0.0,2.176384
2012-05-06 12:00:00,19.649963,8.017731,347.05698,101043.914,0.0,2.5826674
2012-05-07 12:00:00,19.358673,13.768311,340.2985,101097.68,0.0,5.065851
2012-05-08 12:00:00,19.09665,14.014313,341.93475,101032.03,0.0,5.8595877
2012-05-09 12:00:00,23.050385,14.023468,347.4743,100691.586,0.0,5.1979804
2012-05-10 12:00:00,23.056854,11.696106,353.93085,100592.24,0.0,2.2890012
2012-05-11 12:00:00,23.571594,12.515228,352.3908,100536.7,0.0,2.7598133
2012-05-12 12:00:00,22.688873,14.056641,360.12393,100517.59,0.0,5.988636
2012-05-13 12:00:00,21.053558,12.768829,364.1946,100439.766,0.0,5.339466
2012-05-14 12:00:00,19.74057,12.210968,360.14328,100595.664,0.0,6.425483
2012-05-15 12:00:00,17.312134,11.243134,363.3342,100962.336,0.0,6.5511436
2012-05-16 12:00:00,16.432312,11.227631,357.23587,101142.95,0.0,6.179085
2012-05-17 12:00:00,15.125732,11.371704,325.58212,101354.086,7.597628e-06,5.753044
2012-05-18 12:00:00,19.128845,9.186005,370.54266,101524.88,0.0,4.657178
2012-05-19 12:00:00,22.935272,10.965912,371.91934,100910.83,0.0,3.8233573
2012-05-20 12:00:00,25.505981,15.893677,376.76617,100481.234,0.0,3.999404
2012-05-21 12:00:00,25.451813,10.993195,370.51404,100578.58,0.0,1.6001962
2012-05-22 12:00:00,26.29309,11.761383,371.90628,100618.984,0.0,1.9138137
2012-05-23 12:00:00,25.73227,11.717682,281.66565,100392.234,3.137804e-08,2.099634
2012-05-24 12:00:00,22.658539,12.922333,328.0725,100111.54,1.159611e-06,2.827531
2012-05-25 12:00:00,18.688904,12.417267,333.3266,100146.86,1.1984686e-06,3.781065
2012-05-26 12:00:00,18.197266,13.241669,330.5745,100309.73,2.4722306e-06,4.124784
2012-05-27 12:00:00,18.866425,12.268219,337.85217,100454.164,3.128614e-06,2.9785159
2012-05-28 12:00:00,17.730164,12.435394,319.2529,100681.78,3.0477115e-06,3.9531984
2012-05-29 12:00:00,17.70987,12.9965515,284.77182,100949.0,8.895452e-06,3.718125
2012-05-30 12:00:00,19.033844,12.587738,326.86533,100908.164,1.8967507e-06,3.8017497
2012-05-31 12:00:00,19.40628,11.728973,369.94574,100680.72,0.0,4.6767325
2012-06-01 12:00:00,20.899445,13.428162,372.1206,100712.56,0.0,5.377263
2012-06-02 12:00:00,20.52185,11.176971,375.28207,100694.39,0.0,3.0654557
2012-06-03 12:00:00,20.50409,10.967804,373.26324,100572.914,0.0,3.1366165
2012-06-04 12:00:00,19.18515,11.713013,359.2651,100661.46,4.1706454e-07,3.2874238
2012-06-05 12:00:00,18.189484,13.09845,326.15488,100682.836,3.5461183e-06,3.875791
2012-06-06 12:00:00,18.10794,13.312195,305.21298,100711.4,2.6256819e-06,4.1266484
2012-06-07 12:00:00,19.263763,13.467957,284.81186,100662.164,2.4774797e-06,3.5941756
2012-06-08 12:00:00,21.429535,13.958313,293.30948,100469.24,0.0,3.0788584
2012-06-09 12:00:00,21.16037,14.138855,368.5037,100383.78,0.0,4.0135818
2012-06-10 12:00:00,21.336395,12.516907,371.14603,100487.664,0.0,3.08575
2012-06-11 12:00:00,23.296814,13.144714,369.39914,100529.086,0.0,2.5757165
2012-06-12 12:00:00,23.355865,14.1640625,371.05515,100315.68,0.0,2.6822798
2012-06-13 12:00:00,21.686218,13.620056,370.27264,100450.51,2.864639e-08,3.5821052
2012-06-14 12:00:00,19.289612,14.120148,346.11905,100700.18,1.6988998e-06,3.8175094
2012-06-15 12:00:00,19.79779,14.199066,325.78384,100769.75,2.0038938e-06,4.4252625
2012-06-16 12:00:00,19.713531,14.075958,381.03052,100911.58,0.0,5.6793914
2012-06-17 12:00:00,21.69812,13.31662,382.1334,101079.49,0.0,5.3407006
2012-06-18 12:00:00,21.513153,12.5902405,376.57574,100825.28,0.0,4.435531
2012-06-19 12:00:00,20.094696,13.463623,374.32306,101043.266,0.0,4.3689446
2012-06-20 12:00:00,19.613586,13.865814,316.89502,101247.84,0.0,4.6721787
2012-06-21 12:00:00,20.072357,14.514374,376.46564,101306.96,0.0,6.1665874
2012-06-22 12:00:00,22.095612,14.299316,376.81735,101082.97,0.0,5.0014496
2012-06-23 12:00:00,21.976166,14.925507,373.47012,101028.55,0.0,4.751178
2012-06-24 12:00:00,21.710876,13.437592,371.69946,101148.66,0.0,2.974066
2012-06-25 12:00:00,21.213226,13.617676,331.387,101005.055,0.0,3.0080917
2012-06-26 12:00:00,21.50708,13.520813,348.0328,100784.41,0.0,3.5776217
2012-06-27 12:00:00,22.644775,13.671814,371.34348,100700.62,0.0,2.8707435
2012-06-28 12:00:00,22.575653,14.300568,374.4155,100777.516,0.0,2.8517945
2012-06-29 12:00:00,22.548431,14.462555,360.41733,100916.08,7.1975035e-07,3.220787
2012-06-30 12:00:00,23.442474,14.408386,359.04388,100829.39,2.2488025e-07,2.8025324
2012-07-01 12:00:00,23.18039,15.700317,361.19022,100653.64,6.691024e-09,3.4002616
2012-07-02 12:00:00,21.911774,16.211182,345.59125,100699.47,5.8166376e-07,4.0113387
2012-07-03 12:00:00,23.59433,15.490387,363.08612,100557.336,0.0,2.9182322
2012-07-04 12:00:00,23.197845,15.528656,350.7673,100421.58,4.745302e-07,3.4330497
2012-07-05 12:00:00,21.93628,16.358398,339.49533,100458.13,2.312942e-06,3.6988401
2012-07-06 12:00:00,24.659851,16.066223,195.17006,100720.39,0.0,1.7308341
2012-07-07 12:00:00,26.339447,16.481506,322.80078,100770.45,1.535374e-08,2.232734
2012-07-08 12:00:00,25.146027,18.30954,271.01306,100813.414,7.258487e-07,3.6411014
2012-07-09 12:00:00,25.482147,17.136597,334.63684,100684.12,0.0,2.6628706
2012-07-10 12:00:00,25.690308,16.951202,309.01898,100679.05,5.9439717e-06,2.0561168
2012-07-11 12:00:00,29.77301,17.534485,361.86133,100598.586,0.0,2.057853
2012-07-12 12:00:00,29.624847,17.314056,358.0107,100437.95,0.0,2.3765714
2012-07-13 12:00:00,24.58899,17.191711,347.42807,100451.9,1.5383202e-07,3.874808
2012-07-14 12:00:00,22.227997,17.120514,348.5344,100569.37,1.09001185e-07,4.098934
2012-07-15 12:00:00,23.30606,16.750397,356.67764,100388.64,1.7584389e-08,3.3436325
2012-07-16 12:00:00,22.622803,17.340363,358.67502,100190.74,4.613366e-08,4.0799813
2012-07-17 12:00:00,21.880585,16.619751,338.39996,100343.625,3.396679e-07,4.3667455
2012-07-18 12:00:00,23.682068,15.872253,352.5892,100701.71,5.6309716e-08,3.4324443
2012-07-19 12:00:00,25.940887,14.859589,298.7047,100793.08,7.217625e-07,2.1628857
2012-07-20 12:00:00,27.230682,17.077606,338.61874,100599.57,1.4058933e-08,2.1576066
2012-07-21 12:00:00,26.561432,17.791534,335.1024,100429.72,4.9791023e-08,2.5303261
2012-07-22 12:00:00,27.399628,16.21994,354.9587,100352.43,1.8745244e-08,2.3839335
2012-07-23 12:00:00,26.93628,17.871033,347.66663,100522.51,2.3431554e-09,3.0852628
2012-07-24 12:00:00,23.951294,17.531311,347.61975,100662.85,8.27994e-09,3.398999
2012-07-25 12:00:00,24.295563,17.507446,320.75958,100311.44,6.952039e-09,3.373399
2012-07-26 12:00:00,23.630554,17.22702,336.38126,100210.73,0.0,4.496987
2012-07-27 12:00:00,21.518677,16.648926,303.45813,100629.914,2.049155e-07,5.2809124
2012-07-28 12:00:00,21.925964,16.358551,346.01718,100751.055,0.0,5.029167
2012-07-29 12:00:00,21.48227,16.000336,317.27158,100565.32,2.3327011e-07,4.590043
2012-07-30 12:00:00,21.409088,15.885956,320.08948,100337.38,7.484618e-08,4.0126195
2012-07-31 12:00:00,21.44629,16.242523,298.25626,100416.27,2.2113059e-06,4.39317
2012-08-01 12:00:00,21.863464,16.515045,314.84055,100648.73,2.008104e-06,4.224161
2012-08-02 12:00:00,22.261505,16.559143,314.78934,100746.484,2.360131e-06,3.7737927
2012-08-03 12:00:00,22.784576,15.0802,332.86084,100429.01,6.407696e-07,3.1962805
2012-08-04 12:00:00,21.734161,16.861145,287.10303,100407.02,6.6879325e-06,4.3930283
2012-08-05 12:00:00,22.578094,15.773163,340.16098,100601.445,1.4305167e-08,3.3835485
2012-08-06 12:00:00,22.875214,16.233032,327.23227,100785.734,2.409001e-07,3.7284863
2012-08-07 12:00:00,24.739166,16.281982,330.9702,100781.77,2.104105e-07,2.9048955
2012-08-08 12:00:00,25.134308,16.243622,340.77335,100610.8,0.0,2.7242768
2012-08-09 12:00:00,24.842651,15.920502,319.3627,100577.7,1.4118016e-06,2.6844275
2012-08-10 12:00:00,24.80069,16.981293,297.54782,100637.47,1.1737003e-06,2.6927822
2012-08-11 12:00:00,24.109528,18.134827,295.33926,100626.336,2.4698784e-06,3.53159
2012-08-12 12:00:00,24.129791,18.157715,280.83017,100450.75,4.0690866e-06,3.3071568
2012-08-13 12:00:00,24.40512,18.556946,287.56738,100284.81,2.3902032e-06,3.5219092
2012-08-14 12:00:00,25.724731,17.816986,319.38895,100449.86,2.661187e-08,2.6981435
2012-08-15 12:00:00,25.98233,17.164185,321.40015,100656.1,1.1715777e-09,2.5399854
2012-08-16 12:00:00,25.455963,17.106659,310.87067,100635.914,6.436985e-07,3.1240857
2012-08-17 12:00:00,24.762695,16.370605,322.71414,100252.734,6.0903915e-08,3.1590738
2012-08-18 12:00:00,24.136353,17.787598,302.4259,100245.58,2.7036754e-07,4.5682344
2012-08-19 12:00:00,21.666412,16.022339,296.30728,100578.69,3.3356392e-07,3.783104
2012-08-20 12:00:00,22.729126,16.941193,311.222,100770.91,3.5639317e-07,4.167585
2012-08-21 12:00:00,24.037079,16.463013,321.37228,100903.88,0.0,4.798556
2012-08-22 12:00:00,24.711884,14.596649,323.81207,100717.33,0.0,3.1105654
2012-08-23 12:00:00,24.293793,14.781433,309.08545,100500.766,1.6402089e-08,2.9422014
2012-08-24 12:00:00,23.342285,17.233734,289.93304,100552.234,5.4079464e-07,4.1011677
2012-08-25 12:00:00,21.609528,15.059845,307.6769,100855.414,9.675238e-08,3.7717528
2012-08-26 12:00:00,22.738678,15.608826,316.83658,100885.72,0.0,4.7834873
2012-08-27 12:00:00,23.100616,13.655762,293.49838,100713.984,0.0,2.7261026
2012-08-28 12:00:00,22.265106,15.168243,248.86804,100734.99,2.4497583e-06,4.082442
2012-08-29 12:00:00,19.781525,15.532227,243.05931,100911.914,6.861667e-06,3.3969615
2012-08-30 12:00:00,19.461884,15.503967,216.67128,100832.64,7.6853e-06,3.5928354
2012-08-31 12:00:00,21.78003,15.066528,302.176,101031.15,6.461425e-08,4.2013526
2012-09-01 12:00:00,23.208435,14.319,303.90637,100987.87,0.0,4.3261824
2012-09-02 12:00:00,22.656097,15.787628,301.92355,100870.805,0.0,5.084759
2012-09-03 12:00:00,21.61615,14.224457,294.39993,100709.734,2.3921038e-09,3.322678
2012-09-04 12:00:00,21.283691,15.383301,265.1448,100549.44,1.1955696e-07,4.4607015
2012-09-05 12:00:00,24.106293,16.774414,291.549,100667.12,0.0,5.868829
2012-09-06 12:00:00,23.994934,14.7118225,282.98456,100755.58,0.0,3.4773939
2012-09-07 12:00:00,23.167267,15.504211,283.37662,100695.08,0.0,3.8045871
2012-09-08 12:00:00,22.50238,14.662781,269.23962,100714.195,2.5652173e-07,2.8878758
2012-09-09 12:00:00,23.15982,13.804993,283.06238,100743.72,0.0,2.8361704
2012-09-10 12:00:00,23.90738,15.792755,241.34236,100901.68,0.0,3.447216
2012-09-11 12:00:00,23.84549,14.901733,278.68607,100842.33,0.0,2.6823208
2012-09-12 12:00:00,23.467682,14.313507,274.41888,100747.44,2.5887175e-08,2.5592108
2012-09-13 12:00:00,22.90335,15.150604,261.0534,100561.98,5.3868246e-07,2.8329875
2012-09-14 12:00:00,22.33664,15.497467,226.6629,100362.8,3.2659553e-09,2.7279594
2012-09-15 12:00:00,21.235718,17.40033,113.61986,100486.37,0.0,2.3809736
2012-09-16 12:00:00,21.086945,16.478241,240.86519,100535.17,2.2223423e-06,3.7423916
2012-09-17 12:00:00,22.644897,15.077026,248.19794,100626.8,2.413195e-06,2.7801774
2012-09-18 12:00:00,24.630188,15.986786,258.5039,100583.445,2.1789437e-07,2.4971752
2012-09-19 12:00:00,23.95877,16.505371,251.30995,100456.47,4.1762718e-07,2.8620343
2012-09-20 12:00:00,22.754303,17.073822,235.47731,100462.625,1.8773198e-06,3.2109013
2012-09-21 12:00:00,23.277405,15.847076,228.39404,100600.83,1.0636055e-06,2.6677914
2012-09-22 12:00:00,23.776703,15.316467,246.34369,100663.62,5.5004616e-08,2.3460145
2012-09-23 12:00:00,25.797943,15.037689,246.47989,100660.55,2.7209748e-07,2.1490502
2012-09-24 12:00:00,25.619568,14.855988,254.09254,100699.37,3.813202e-09,2.6126826
2012-09-25 12:00:00,23.04242,14.166687,234.32756,100695.664,8.408671e-07,2.7707875
2012-09-26 12:00:00,22.739044,13.746094,245.0307,100741.01,1.4940157e-07,2.7514875
2012-09-27 12:00:00,21.306396,14.874695,160.15569,100959.92,5.8718825e-07,4.0168653
2012-09-28 12:00:00,21.786865,15.888733,237.60333,100778.58,0.0,6.353263
2012-09-29 12:00:00,24.85913,14.694702,243.253,100647.53,0.0,4.4220204
2012-09-30 12:00:00,25.424255,14.459808,241.20096,100526.13,0.0,2.4502888
2012-10-01 12:00:00,25.513031,14.907745,236.63722,100484.73,0.0,2.0057347
2012-10-02 12:00:00,27.795502,14.191589,246.41835,100488.125,0.0,1.8020988
2012-10-03 12:00:00,27.907532,17.045471,243.71593,100585.05,0.0,3.0671153
2012-10-04 12:00:00,26.295166,13.170502,227.66696,100838.266,2.9953276e-06,1.4489374
2012-10-05 12:00:00,24.382965,13.429626,224.32516,100841.61,9.662463e-07,1.8309767
2012-10-06 12:00:00,23.768768,12.957062,221.73627,100853.3,1.0714682e-06,1.9628648
2012-10-07 12:00:00,21.514557,13.709869,199.63693,101010.125,6.268391e-06,2.1549556
2012-10-08 12:00:00,20.353271,11.654877,197.61014,100852.19,2.3292243e-06,2.1218765
2012-10-09 12:00:00,19.465912,14.630585,194.02649,100536.76,6.7991864e-06,3.7401958
2012-10-10 12:00:00,24.711548,12.002991,217.54498,100424.555,0.0,1.6281282
2012-10-11 12:00:00,26.20462,13.889557,214.72829,100429.48,0.0,1.9840094
2012-10-12 12:00:00,25.160217,14.651703,213.8138,100378.9,3.228611e-08,2.774619
2012-10-13 12:00:00,23.284973,13.654297,160.28896,100462.98,9.119973e-09,3.326889
2012-10-14 12:00:00,20.7641,13.71933,189.1519,100633.29,0.0,4.1056705
2012-10-15 12:00:00,21.090027,13.346954,177.39526,100503.17,0.0,3.0995739
2012-10-16 12:00:00,20.428741,14.858887,165.43768,100626.2,0.0,4.5414176
2012-10-17 12:00:00,21.050446,14.377228,205.82329,100880.7,0.0,3.526692
2012-10-18 12:00:00,22.266357,10.407166,205.25792,100818.23,0.0,1.908133
2012-10-19 12:00:00,22.698486,11.016235,203.50581,100501.89,0.0,1.313281
2012-10-20 12:00:00,22.144958,11.363068,197.45052,100398.72,6.2677294e-08,2.826563
2012-10-21 12:00:00,18.028656,10.848663,175.70758,100512.46,9.504346e-08,3.0879338
2012-10-22 12:00:00,16.632263,11.354706,63.758804,100752.89,2.8266853e-05,3.7198212
2012-10-23 12:00:00,17.380402,9.003601,178.38441,101204.75,4.0978838e-07,3.8018112
2012-10-24 12:00:00,20.020233,9.640289,183.22665,101074.836,0.0,3.9154134
2012-10-25 12:00:00,20.007446,13.69693,176.61107,101171.02,2.9982774e-09,4.167921
2012-10-26 12:00:00,19.41858,12.878082,140.67647,101046.04,1.8386011e-06,2.9088073
2012-10-27 12:00:00,18.243103,11.336609,123.122444,100664.62,4.353019e-06,2.563875
2012-10-28 12:00:00,16.768005,10.734863,51.29916,100084.68,0.00013569469,3.5752673
2012-10-29 12:00:00,14.22052,10.502655,157.22516,100777.336,0.0,5.008873
2012-10-30 12:00:00,15.660126,7.5771484,179.72496,101271.49,0.0,1.6179618
2012-10-31 12:00:00,16.305298,9.155334,175.01562,101382.53,0.0,3.2506251
2012-11-01 12:00:00,16.155457,10.983398,172.7912,101170.97,1.5541043e-06,3.211665
2012-11-02 12:00:00,15.361664,9.943054,68.216774,100583.71,4.6870784e-05,2.6240857
2012-11-03 12:00:00,13.638214,10.169586,113.90516,100528.2,6.8147114e-05,4.798143
2012-11-04 12:00:00,14.31955,8.113464,161.91609,101540.59,7.212884e-07,1.3516879
2012-11-05 12:00:00,15.21991,8.398926,132.40605,101808.54,4.3177513e-07,2.634284
2012-11-06 12:00:00,15.00293,9.952637,107.17476,101538.95,8.227375e-07,2.3197937
2012-11-07 12:00:00,14.952209,11.549835,164.97978,101372.36,2.2111419e-07,4.39494
2012-11-08 12:00:00,16.215668,7.7304688,165.96155,101544.91,0.0,4.8832626
2012-11-09 12:00:00,16.149231,6.448181,165.28334,101434.17,0.0,1.4625179
2012-11-10 12:00:00,16.299927,6.1939697,157.42879,101404.77,2.1977643e-10,1.1956406
2012-11-11 12:00:00,16.765656,8.133667,131.2581,101410.03,1.2580011e-07,1.2038857
2012-11-12 12:00:00,17.612854,8.527893,150.5748,101112.77,2.649628e-07,1.297198
2012-11-13 12:00:00,17.263947,9.91864,94.97318,100327.05,0.0,1.9492073
2012-11-14 12:00:00,13.6405945,8.713287,144.61868,99980.43,5.042072e-05,6.685566
2012-11-15 12:00:00,13.640411,8.138367,155.59595,101035.34,0.0,5.6894574
2012-11-16 12:00:00,13.227814,5.5169067,149.6656,101375.13,1.4651762e-10,3.361312
2012-11-17 12:00:00,14.409973,6.6638794,92.3438,101289.07,7.1114414e-07,2.4099746
2012-11-18 12:00:00,13.442535,9.3723755,84.97981,101335.19,1.2492407e-05,0.456286
2012-11-19 12:00:00,14.122833,7.7861633,117.78843,101510.98,9.223672e-09,2.4689124
2012-11-20 12:00:00,14.9374695,7.6145935,125.79159,101607.08,1.3411282e-06,2.2083192
2012-11-21 12:00:00,14.287262,10.384247,32.430965,101442.26,9.1688526e-05,2.024712
2012-11-22 12:00:00,13.812561,11.932098,85.14965,101406.23,4.504367e-05,2.2299836
2012-11-23 12:00:00,14.033142,11.524292,43.208233,101155.836,6.2178835e-05,3.9796672
2012-11-24 12:00:00,14.3359375,12.163971,23.081415,100710.85,0.0002867069,5.258508
2012-11-25 12:00:00,12.161499,7.984741,138.85654,101676.77,9.455514e-11,6.25861
2012-11-26 12:00:00,14.088226,8.302673,132.56439,102379.16,0.0,5.324466
2012-11-27 12:00:00,15.406921,8.340851,137.6054,102044.94,0.0,4.584564
2012-11-28 12:00:00,14.626099,9.431824,135.26865,101947.7,0.0,4.9066525
2012-11-29 12:00:00,13.449921,5.742157,131.84084,102320.05,2.1977643e-10,1.6956
2012-11-30 12:00:00,13.101379,5.6785583,126.94014,101675.94,2.2508144e-07,1.2260976
2012-12-01 12:00:00,12.466553,5.352661,87.7931,101219.21,2.7319275e-06,1.9450921
2012-12-02 12:00:00,10.784088,7.0521545,60.25465,101372.23,7.069725e-06,2.1335268
2012-12-03 12:00:00,12.809418,7.73172,76.082016,101570.2,5.3418385e-06,2.2234619
2012-12-04 12:00:00,13.046967,9.447266,65.34204,101334.836,7.360747e-05,3.221635
2012-12-05 12:00:00,11.579071,6.912262,127.59723,101494.34,1.29056025e-05,5.449903
2012-12-06 12:00:00,10.966003,6.4430847,127.58427,102288.2,4.3421586e-09,4.1858563
2012-12-07 12:00:00,10.448914,4.6112976,126.11188,102552.61,3.4246472e-10,1.7682467
2012-12-08 12:00:00,9.989746,2.2896729,87.729805,102172.07,1.6371226e-08,1.5504358
2012-12-09 12:00:00,10.827087,5.3365173,117.42649,101543.58,3.8385704e-05,0.6556819
2012-12-10 12:00:00,10.600616,5.129242,56.44622,101170.86,6.2949315e-05,4.1942883
2012-12-11 12:00:00,7.332947,4.264923,115.64438,100948.234,1.4374865e-05,2.8163226
2012-12-12 12:00:00,8.427948,3.7384338,127.44701,101505.805,0.0,2.6904573
2012-12-13 12:00:00,7.9665833,1.6131592,123.62218,101758.24,8.260124e-09,2.1085453
2012-12-14 12:00:00,7.5872803,1.6412048,85.539024,101481.21,1.1021282e-07,2.0921633
2012-12-15 12:00:00,7.9687805,1.3011475,123.16316,100840.09,3.8306715e-07,1.4091468
2012-12-16 12:00:00,8.093964,1.785553,127.24047,101017.53,0.0,3.2395034
2012-12-17 12:00:00,8.152863,1.3934937,124.08434,101243.47,0.0,1.3628129
2012-12-18 12:00:00,7.2676086,1.8598938,75.48119,101417.77,0.0,1.7807606
2012-12-19 12:00:00,9.180023,2.670044,121.13459,101575.88,0.0,1.6510406
2012-12-20 12:00:00,8.474274,1.2948914,124.52569,101806.914,1.2776861e-08,2.0604424
2012-12-21 12:00:00,9.613159,3.3995972,123.36622,101583.76,0.0,2.377785
2012-12-22 12:00:00,9.670624,3.0103455,109.68727,100921.56,0.0,2.7121937
2012-12-23 12:00:00,9.777893,6.6150208,32.996815,100382.0,8.065919e-05,2.842353
2012-12-24 12:00:00,9.8272705,6.8190613,37.088673,99982.69,5.614013e-05,1.274901
2012-12-25 12:00:00,9.726196,5.2478027,118.56383,100363.23,8.22789e-06,3.0139484
2012-12-26 12:00:00,9.445648,4.395752,33.579926,101108.875,1.682054e-05,2.0963213
2012-12-27 12:00:00,12.363525,8.314148,16.831886,100896.445,0.0005598356,6.0811357
2012-12-28 12:00:00,12.7031555,12.148956,18.23921,101104.52,0.0005799284,4.315765
2012-12-29 12:00:00,12.393646,10.959015,69.63393,101781.68,3.9075756e-05,0.92874795
2012-12-30 12:00:00,11.9133,8.254059,95.8937,101689.05,8.611635e-06,2.9284186
2012-12-31 12:00:00,11.355804,7.73938,51.583405,100995.88,9.3597384e-07,3.2472355
2013-01-01 12:00:00,12.289368,6.346588,58.891975,100523.49,1.2826766e-06,2.0358117
2013-01-02 12:00:00,12.460175,9.980286,58.304977,100502.5,0.00024738107,4.9756417
2013-01-03 12:00:00,11.33786,8.167633,60.605625,101470.11,1.21999365e-05,2.7900877
2013-01-04 12:00:00,12.487335,10.754089,23.240196,101376.68,0.00021521232,5.0088916
2013-01-05 12:00:00,12.46521,11.102509,105.73906,101249.41,0.00022307088,5.1853695
2013-01-06 12:00:00,12.931152,5.8740234,130.50497,102158.59,1.714304e-09,3.572705
2013-01-07 12:00:00,12.267273,5.8840637,93.469734,102404.55,0.0,4.4625683
2013-01-08 12:00:00,9.611053,3.1328125,112.09062,102345.75,7.566664e-08,2.1043265
2013-01-09 12:00:00,13.091064,6.241791,137.0771,101669.84,0.0,5.4170327
2013-01-10 12:00:00,12.3914795,3.6551514,134.30283,101755.44,7.555196e-09,4.3314834
2013-01-11 12:00:00,9.436615,3.6175537,114.35931,102432.96,2.4631314e-07,2.2302563
2013-01-12 12:00:00,10.165283,4.5868835,76.64218,102095.6,0.0,2.0246243
2013-01-13 12:00:00,10.039337,7.289398,67.57089,101379.52,7.566082e-05,1.3763084
2013-01-14 12:00:00,9.745361,4.6551514,53.90211,101066.39,3.0801232e-06,1.3089439
2013-01-15 12:00:00,10.840088,8.432037,78.46413,100270.36,0.00031412256,5.887064
2013-01-16 12:00:00,9.404449,6.804077,129.1337,100848.69,1.6007907e-05,4.644141
2013-01-17 12:00:00,9.0937805,3.657074,69.052635,101476.07,3.6006215e-06,2.3109162
2013-01-18 12:00:00,9.003906,5.553467,118.446,100788.07,0.00022107968,6.2331443
2013-01-19 12:00:00,8.941772,3.0994873,142.69006,101576.85,0.0,3.8399012
2013-01-20 12:00:00,8.947235,1.1374817,136.20103,102070.23,2.9695158e-08,0.84974617
2013-01-21 12:00:00,8.96759,3.6501465,138.70926,101734.67,5.25563e-07,1.8752614
2013-01-22 12:00:00,8.977814,4.227051,111.14594,101404.98,1.3372497e-06,1.0029377
2013-01-23 12:00:00,9.60199,6.434204,51.157135,101541.69,9.406098e-06,3.1533394
2013-01-24 12:00:00,10.949585,8.398071,33.57174,101001.56,8.378587e-05,5.526665
2013-01-25 12:00:00,10.971405,6.0084534,147.10225,101090.96,0.00013641264,4.5591345
2013-01-26 12:00:00,10.396271,4.364044,147.90927,101677.805,3.603367e-10,2.8995922
2013-01-27 12:00:00,10.244232,4.675659,105.748474,101053.9,4.9383516e-07,0.77514553
2013-01-28 12:00:00,12.420898,5.9501343,114.03019,100401.945,0.0,2.2868228
2013-01-29 12:00:00,12.136475,7.670746,78.74498,100940.14,3.0417614e-06,4.025472
2013-01-30 12:00:00,9.227783,5.6473083,154.38683,101479.01,2.6279367e-05,5.9267254
2013-01-31 12:00:00,8.628387,3.5440063,158.19772,102004.12,1.41249075e-08,4.8569674
2013-02-01 12:00:00,10.043793,4.0658875,136.086,102253.79,0.0,2.7891448
2013-02-02 12:00:00,10.803192,4.7903748,129.30399,102586.27,1.4001531e-06,0.8312647
2013-02-03 12:00:00,11.256134,4.5541687,146.10439,102132.26,1.14972e-06,0.8572498
2013-02-04 12:00:00,11.174561,6.9453125,97.350716,101915.336,8.984547e-06,0.50923634
2013-02-05 12:00:00,9.774139,5.8033752,87.215935,101728.37,4.244654e-06,1.5655682
2013-02-06 12:00:00,11.497314,4.3411255,155.46178,101532.555,1.4398333e-06,1.2494637
2013-02-07 12:00:00,11.6502075,8.041595,92.72438,101494.28,0.0,3.494788
2013-02-08 12:00:00,12.286499,8.637695,52.49695,101393.63,4.9660958e-08,2.207182
2013-02-09 12:00:00,12.66629,8.636444,128.91206,101515.8,1.18737e-06,0.9351073
2013-02-10 12:00:00,14.017822,6.5023193,160.09584,101396.15,1.1984405e-06,0.9093824
2013-02-11 12:00:00,13.898132,6.716614,151.71591,101536.445,2.0457483e-06,0.93872124
2013-02-12 12:00:00,15.544952,7.006378,173.04945,101483.21,1.0916369e-06,0.41618228
2013-02-13 12:00:00,15.075592,8.503021,95.84571,101070.13,4.5482466e-07,0.916995
2013-02-14 12:00:00,12.839111,8.695984,84.32702,100928.836,0.000106484404,3.2720175
2013-02-15 12:00:00,11.241272,6.369049,148.55365,101224.31,1.1055823e-06,1.7131323
2013-02-16 12:00:00,12.190674,5.417053,164.12956,101446.88,1.204442e-06,0.7617303
2013-02-17 12:00:00,12.163635,8.815643,62.228073,101094.336,4.0802694e-05,2.1410768
2013-02-18 12:00:00,12.762726,10.49588,43.3285,100869.375,0.00024274847,4.97116
2013-02-19 12:00:00,12.7308655,11.40979,40.857235,101302.586,0.00021665702,4.477675
2013-02-20 12:00:00,12.8046875,10.648499,90.109344,101607.336,2.7655744e-05,3.2926605
2013-02-21 12:00:00,12.482391,6.984619,157.9597,101842.64,5.9636295e-06,1.6909482
2013-02-22 12:00:00,12.501038,6.0817566,158.53648,101449.734,3.0409846e-09,1.7847562
2013-02-23 12:00:00,13.0807495,5.6211853,178.83037,101344.22,6.4920937e-07,1.1350669
2013-02-24 12:00:00,14.236237,6.6737976,150.86986,101249.9,0.0,0.96628964
2013-02-25 12:00:00,14.073212,7.321869,102.91513,101054.03,5.112634e-06,2.269687
2013-02-26 12:00:00,10.772736,8.919189,174.63332,100961.82,4.5577923e-05,4.2383976
2013-02-27 12:00:00,11.183838,7.0607605,42.125237,101091.836,0.00014874259,3.6537156
2013-02-28 12:00:00,11.244904,10.478973,38.615532,100967.95,9.959992e-05,3.9713833
2013-03-01 12:00:00,11.770325,6.1543884,215.36186,101418.11,2.419665e-08,4.9560204
2013-03-02 12:00:00,11.517334,5.7081604,125.267265,101538.57,0.0,3.6896713
2013-03-03 12:00:00,10.863098,6.418213,219.5916,101157.14,3.513894e-05,4.678475
2013-03-04 12:00:00,10.520447,5.0244446,230.68106,100860.65,0.0,5.6654058
2013-03-05 12:00:00,10.341553,6.6309204,94.34223,100680.23,5.9378544e-05,1.6228172
2013-03-06 12:00:00,12.473389,4.885315,222.56453,100729.41,7.814342e-06,1.3406714
2013-03-07 12:00:00,12.23642,7.4993896,226.68193,100969.91,0.0,4.8318777
2013-03-08 12:00:00,12.385651,6.611969,235.08873,101154.22,0.0,5.3278427
2013-03-09 12:00:00,14.548248,6.2640686,235.2153,101458.9,0.0,2.873566
2013-03-10 12:00:00,14.703796,6.4016113,237.81073,101785.35,0.0,1.6063292
2013-03-11 12:00:00,14.524475,6.2114563,232.969,101422.164,8.8032016e-07,1.8840829
2013-03-12 12:00:00,12.568512,7.377136,74.47837,100790.74,9.1228554e-05,3.896168
2013-03-13 12:00:00,8.34137,4.5466003,106.92454,100534.78,0.00013868905,3.1919348
2013-03-14 12:00:00,9.466888,5.401642,168.47728,101062.76,2.1068732e-05,4.4336925
2013-03-15 12:00:00,9.415894,4.009033,165.02919,101509.6,0.0,2.3695126
2013-03-16 12:00:00,9.061798,7.15036,80.898895,101043.195,0.0001345518,2.9905941
2013-03-17 12:00:00,8.897003,5.351715,172.65671,100189.7,0.00024821897,5.6057854
2013-03-18 12:00:00,7.9315186,4.373535,139.96187,100229.27,0.00015413303,1.5312487
2013-03-19 12:00:00,7.4809875,4.4093323,56.863724,100640.66,0.0002163152,1.4379231
2013-03-20 12:00:00,12.046326,3.9632874,220.71358,100845.53,1.7165343e-05,2.8408132
2013-03-21 12:00:00,11.104858,6.4841003,229.15823,101179.516,1.8977255e-07,4.4092693
2013-03-22 12:00:00,10.140442,5.26593,218.54355,101301.31,3.099268e-06,5.6697865
2013-03-23 12:00:00,9.058105,4.5290833,260.0829,100550.71,3.921761e-05,6.395892
2013-03-24 12:00:00,9.163513,4.978821,194.371,100663.69,6.120272e-06,5.637944
2013-03-25 12:00:00,10.283813,3.4346313,245.5972,100875.65,2.2888962e-06,2.3816342
2013-03-26 12:00:00,11.681885,4.240326,275.44714,101391.21,0.0,1.2184261
2013-03-27 12:00:00,11.323151,4.538574,231.22983,101315.82,3.804722e-07,3.2516134
2013-03-28 12:00:00,9.144745,7.468506,80.17101,100544.05,0.00016399968,5.695606
2013-03-29 12:00:00,8.91037,5.9999695,164.17043,100325.66,9.0210844e-05,5.443688
2013-03-30 12:00:00,11.642059,3.5097046,287.6486,100778.336,1.7343501e-07,3.693795
2013-03-31 12:00:00,11.545319,5.8326416,247.86086,101368.586,0.0,4.9865828
2013-04-01 12:00:00,11.507263,6.5153503,265.7449,101498.38,0.0,4.02801
2013-04-02 12:00:00,11.1276245,7.0839844,119.2935,101341.1,2.2792823e-05,3.379822
2013-04-03 12:00:00,10.48764,9.0867,244.98943,101242.35,5.8804275e-05,3.5627484
2013-04-04 12:00:00,11.345459,7.206238,250.45134,101417.766,3.3775417e-05,3.6192493
2013-04-05 12:00:00,12.488861,5.6516113,299.14398,101506.91,0.0,4.1094174
2013-04-06 12:00:00,13.592804,5.993042,297.35037,101366.3,0.0,3.3071966
2013-04-07 12:00:00,13.30365,8.241821,190.94121,100940.3,7.86586e-06,2.9584382
2013-04-08 12:00:00,11.836578,7.9144897,135.45251,100497.086,4.9641683e-05,3.4233158
2013-04-09 12:00:00,9.546478,5.6019897,125.22789,100742.55,0.00020936267,3.4114923
2013-04-10 12:00:00,11.469482,4.9756165,278.5203,101760.85,2.0269206e-07,2.5375028
2013-04-11 12:00:00,10.980438,7.3449707,250.56715,102133.27,1.7069548e-06,2.8038113
2013-04-12 12:00:00,12.931641,5.530426,298.41855,101687.555,7.019032e-09,2.9347472
2013-04-13 12:00:00,15.883148,6.7059326,292.48138,101259.41,0.0,1.6913924
2013-04-14 12:00:00,15.794922,6.7112427,308.34503,100975.72,1.0855396e-08,2.0866797
2013-04-15 12:00:00,15.516388,7.128357,313.64792,100715.086,0.0,2.1171806
2013-04-16 12:00:00,14.699127,7.3658752,294.33273,100397.42,0.0,3.6637273
2013-04-17 12:00:00,12.288513,8.759125,235.47328,100719.8,1.2654286e-06,3.4030533
2013-04-18 12:00:00,12.4823,7.8150024,147.11319,100341.55,0.00010433492,5.5651474
2013-04-19 12:00:00,11.14566,7.8338013,140.89851,100931.055,7.933143e-05,6.0118823
2013-04-20 12:00:00,10.088257,6.2951355,257.2705,101579.54,6.5684144e-05,2.410387
2013-04-21 12:00:00,10.304596,6.6488953,151.26888,101039.45,8.401433e-05,1.827423
2013-04-22 12:00:00,10.395416,6.994751,172.94498,101437.9,5.4658267e-06,3.0729587
2013-04-23 12:00:00,13.090332,7.316498,297.50916,101223.04,0.0,1.9121138
2013-04-24 12:00:00,14.863556,7.764282,244.02379,100750.3,0.0,0.57978374
2013-04-25 12:00:00,14.623993,8.263733,319.33084,100703.7,5.205786e-08,2.752884
2013-04-26 12:00:00,14.201324,9.6206665,253.05278,100678.28,5.6336385e-06,3.2634737
2013-04-27 12:00:00,16.552887,8.361511,328.3475,100881.81,0.0,2.283885
2013-04-28 12:00:00,16.27124,8.999329,312.7456,100923.6,1.8514127e-07,2.7885528
2013-04-29 12:00:00,17.150482,8.944275,337.01422,100873.35,0.0,3.16682
2013-04-30 12:00:00,19.19806,8.722656,335.28592,100709.04,0.0,2.0403183
2013-05-01 12:00:00,20.177246,9.892029,335.65262,100802.945,0.0,1.8493655
2013-05-02 12:00:00,23.829376,9.91571,340.50754,100794.53,0.0,1.0339086
2013-05-03 12:00:00,22.57788,11.168915,315.80103,100617.06,2.4438784e-06,3.8256276
2013-05-04 12:00:00,15.32251,11.319977,248.99689,100772.57,1.0333807e-05,4.2457156
2013-05-05 12:00:00,18.877808,8.625366,341.54602,100872.99,0.0,2.5323942
2013-05-06 12:00:00,20.845215,10.361847,342.97687,100651.85,0.0,2.1431837
2013-05-07 12:00:00,20.613098,11.574585,340.63864,100458.52,0.0,2.258154
2013-05-08 12:00:00,18.04132,12.272034,320.5849,100519.92,1.4120598e-06,3.83199
2013-05-09 12:00:00,16.820251,12.193329,315.55142,100331.516,2.1940505e-06,4.2401404
2013-05-10 12:00:00,15.329926,11.919861,164.04222,100140.2,8.55364e-06,4.536352
2013-05-11 12:00:00,14.564972,10.954437,338.74057,100161.04,7.0530723e-09,5.1292524
2013-05-12 12:00:00,13.969116,11.224457,131.6438,100539.32,4.8295237e-06,4.7707653
2013-05-13 12:00:00,13.277222,9.905762,181.15004,100845.83,6.763047e-05,1.9705412
2013-05-14 12:00:00,14.794373,8.357788,317.52646,101177.59,3.437229e-08,2.974591
2013-05-15 12:00:00,15.450806,10.646698,327.37045,101321.1,0.0,4.2577333
2013-05-16 12:00:00,17.295776,9.3776245,352.88922,101193.27,0.0,2.9874191
2013-05-17 12:00:00,17.105927,10.100403,325.20007,100930.195,4.1183412e-08,2.9956598
2013-05-18 12:00:00,17.516968,10.921539,319.68408,100727.05,2.3013042e-06,3.023353
2013-05-19 12:00:00,17.902832,10.924957,350.42593,100678.03,0.0,3.8608527
2013-05-20 12:00:00,19.043304,10.759155,349.72046,100780.734,0.0,2.8137283
2013-05-21 12:00:00,18.395111,11.542084,348.32172,100841.86,1.2856964e-07,3.357047
2013-05-22 12:00:00,17.656372,12.622559,336.7051,100676.08,3.3836664e-06,3.8478181
2013-05-23 12:00:00,18.763275,12.642548,335.03592,100577.27,2.8383554e-06,3.3942645
2013-05-24 12:00:00,18.916718,13.071259,363.27988,100385.31,0.0,4.8498063
2013-05-25 12:00:00,17.802917,12.57431,364.20975,100216.02,0.0,6.1723423
2013-05-26 12:00:00,15.6927185,11.590149,241.93263,100264.93,4.8547495e-06,4.993195
2013-05-27 12:00:00,16.592896,9.994354,338.8563,100702.836,7.067601e-07,2.896134
2013-05-28 12:00:00,18.952484,11.104279,356.59738,101062.9,5.218306e-07,2.857919
2013-05-29 12:00:00,21.17337,11.766937,362.93225,101015.82,0.0,2.5035377
2013-05-30 12:00:00,20.950531,13.075439,336.39963,100614.5,1.0904172e-06,3.05303
2013-05-31 12:00:00,19.796692,13.631287,359.28824,100302.66,3.2152016e-07,3.5847018
2013-06-01 12:00:00,19.009796,12.319061,351.8258,100365.04,5.2996118e-08,3.3930318
2013-06-02 12:00:00,19.167633,13.646027,327.92078,100432.805,2.5952581e-06,3.7005892
2013-06-03 12:00:00,18.615906,13.571686,331.5818,100531.89,4.2217234e-06,3.635551
2013-06-04 12:00:00,19.33435,13.887268,325.06506,100505.484,1.3113381e-06,3.9952216
2013-06-05 12:00:00,18.928467,13.500488,359.35873,100325.75,6.3817026e-08,3.936392
2013-06-06 12:00:00,18.499512,14.043579,314.57468,100270.195,1.5571364e-06,4.1775293
2013-06-07 12:00:00,21.207275,13.786713,370.03836,100370.37,0.0,3.80159
2013-06-08 12:00:00,21.175018,15.216339,368.40466,100405.54,6.1344145e-11,6.401019
2013-06-09 12:00:00,20.92276,13.774963,366.93372,100421.79,0.0,3.4600956
2013-06-10 12:00:00,20.996552,13.896759,365.3501,100332.76,0.0,3.084522
2013-06-11 12:00:00,20.866272,13.904022,367.0164,100378.38,0.0,3.1492212
2013-06-12 12:00:00,20.17929,14.425903,368.39005,100483.86,6.4193566e-09,3.8427494
2013-06-13 12:00:00,19.18164,14.470367,318.93674,100434.055,1.0939655e-07,5.6902523
2013-06-14 12:00:00,19.649872,14.5329895,217.95483,100443.94,1.0334473e-05,3.3701122
2013-06-15 12:00:00,20.245605,14.180176,353.9166,100504.97,0.0,3.1116982
2013-06-16 12:00:00,20.683716,14.108948,363.6982,100400.54,0.0,3.1046486
2013-06-17 12:00:00,19.91452,15.201447,336.85504,100527.99,6.3837734e-07,4.0436363
2013-06-18 12:00:00,19.089691,14.736755,336.6745,100860.484,2.8668853e-06,4.088651
2013-06-19 12:00:00,19.436096,14.753906,304.04282,100930.98,3.1717507e-06,3.8913455
2013-06-20 12:00:00,20.304321,13.807678,342.5343,100866.71,2.8086757e-07,3.4312515
2013-06-21 12:00:00,21.746979,13.699921,349.08887,100933.11,5.101353e-07,2.8596506
2013-06-22 12:00:00,22.842804,13.970001,366.17056,100910.33,3.6753931e-07,2.5588777
2013-06-23 12:00:00,24.630157,14.9340515,366.19284,100782.375,3.660244e-08,2.3633678
2013-06-24 12:00:00,24.258484,15.810455,345.64502,100669.48,9.097123e-07,2.9802744
2013-06-25 12:00:00,23.432556,15.581116,348.90097,100683.516,4.3421586e-09,2.486419
2013-06-26 12:00:00,22.511932,16.133698,338.15155,100748.75,9.295098e-07,3.7149858
2013-06-27 12:00:00,22.041443,15.318176,361.73752,100931.125,3.3934774e-07,3.3824205
2013-06-28 12:00:00,21.499084,14.285492,339.78903,100691.195,4.3719665e-06,3.079048
2013-06-29 12:00:00,20.339447,15.828461,302.0363,100336.48,1.2297076e-06,5.0896344
2013-06-30 12:00:00,20.51065,15.466858,329.95175,100560.2,1.9343613e-06,4.501744
2013-07-01 12:00:00,21.219025,14.922852,349.60327,100824.375,2.136739e-06,3.1210043
2013-07-02 12:00:00,20.481659,14.354523,354.08,101016.78,1.0065041e-06,3.4919202
2013-07-03 12:00:00,20.753601,14.4383545,355.15274,101349.34,1.1760983e-06,3.5804837
2013-07-04 12:00:00,22.44571,13.248688,364.0217,101202.445,1.4683089e-07,3.3812847
2013-07-05 12:00:00,22.40332,14.6805725,356.70682,100766.84,1.0308492e-07,3.4929976
2013-07-06 12:00:00,21.926819,16.019775,335.83835,100576.28,2.4614324e-06,3.8943403
2013-07-07 12:00:00,21.164581,15.467407,340.6999,100482.54,6.8283373e-07,4.023264
2013-07-08 12:00:00,20.472748,15.944244,332.7288,100419.1,3.1587608e-06,4.918609
2013-07-09 12:00:00,20.192474,15.7647705,355.60123,100680.0,4.7219945e-07,5.6082644
2013-07-10 12:00:00,20.287354,14.784241,367.9086,100993.75,0.0,4.966797
2013-07-11 12:00:00,21.016327,14.928375,367.37903,101017.26,0.0,5.6756353
2013-07-12 12:00:00,23.726349,15.68692,367.00272,100916.56,0.0,4.559126
2013-07-13 12:00:00,23.369415,16.303253,365.40427,100825.586,0.0,4.636856
2013-07-14 12:00:00,23.734833,14.613098,363.68176,100677.92,0.0,3.1903145
2013-07-15 12:00:00,23.49179,15.287781,362.7774,100566.73,0.0,3.1010807
2013-07-16 12:00:00,23.242737,15.906403,363.47577,100518.375,0.0,4.476091
2013-07-17 12:00:00,23.833344,17.892365,359.75623,100514.93,0.0,5.6204944
2013-07-18 12:00:00,22.774567,16.63501,359.33298,100539.65,0.0,5.2745137
2013-07-19 12:00:00,21.380798,15.930511,337.64093,100689.85,0.0,4.0803814
2013-07-20 12:00:00,23.131622,14.830475,358.2114,100799.86,8.165113e-10,2.6919968
2013-07-21 12:00:00,24.35495,14.331543,340.22427,100804.01,1.1765262e-06,2.281212
2013-07-22 12:00:00,24.837524,14.863464,339.61264,100818.805,1.9329914e-06,2.3844655
2013-07-23 12:00:00,24.694916,16.431305,333.0947,100658.19,2.5262232e-06,2.5395784
2013-07-24 12:00:00,24.428497,16.646881,339.6252,100541.25,7.204922e-08,2.71406
2013-07-25 12:00:00,24.156982,17.01001,331.5016,100332.6,1.5213202e-07,3.2283604
2013-07-26 12:00:00,23.556396,17.284668,284.5753,100349.15,0.0,3.586114
2013-07-27 12:00:00,23.974762,17.882935,227.90028,100480.49,0.0,3.23649
2013-07-28 12:00:00,24.097015,16.441193,323.7815,100490.05,6.6287987e-07,2.4522674
2013-07-29 12:00:00,23.619598,16.840607,334.7915,100393.29,3.979872e-07,3.3268352
2013-07-30 12:00:00,23.081116,15.8159485,351.61252,100307.49,0.0,3.7896922
2013-07-31 12:00:00,22.411652,15.9965515,349.07297,100403.49,3.5743632e-09,3.8849711
2013-08-01 12:00:00,21.856781,16.692078,330.38007,100732.2,6.057649e-08,4.576152
2013-08-02 12:00:00,22.73706,15.90921,333.48434,100841.164,2.5851702e-07,3.266935
2013-08-03 12:00:00,22.56424,15.15155,343.94003,100849.55,3.251865e-08,3.5698526
2013-08-04 12:00:00,22.00531,16.487122,314.25497,100897.01,6.586486e-07,4.176619
2013-08-05 12:00:00,23.353607,15.305786,343.9581,100799.79,5.7017795e-09,3.8425574
2013-08-06 12:00:00,23.355164,14.444305,344.51056,100684.73,0.0,3.2470112
2013-08-07 12:00:00,22.891937,15.869049,314.06802,100672.74,6.1810783e-07,3.2651348
2013-08-08 12:00:00,22.004913,16.078857,339.03967,100656.88,4.8568376e-07,4.003903
2013-08-09 12:00:00,21.112518,16.776825,308.5794,100559.09,6.376496e-06,4.3097687
2013-08-10 12:00:00,22.639038,15.184723,312.1565,100759.39,6.492407e-07,3.7400146
2013-08-11 12:00:00,25.057251,14.256836,337.93835,100880.93,0.0,2.525105
2013-08-12 12:00:00,24.723114,15.594971,252.87209,100581.414,9.476903e-08,2.768528
2013-08-13 12:00:00,22.367249,16.976318,301.29727,100445.55,1.5969107e-06,3.5118904
2013-08-14 12:00:00,22.351105,16.51056,228.73701,100589.99,1.6279915e-06,3.4448688
2013-08-15 12:00:00,22.2742,15.960571,291.50864,100743.984,1.1922194e-06,3.5951712
2013-08-16 12:00:00,22.970642,16.044983,322.71146,100880.29,9.385859e-08,4.5582414
2013-08-17 12:00:00,24.885681,13.691528,320.06396,100773.516,5.841407e-07,2.4782546
2013-08-18 12:00:00,24.72998,14.670105,313.84976,100465.76,4.4373536e-07,2.442917
2013-08-19 12:00:00,23.820923,17.112549,288.0699,100562.25,5.4084603e-06,3.6809502
2013-08-20 12:00:00,23.912292,15.432678,296.39658,100671.96,1.7427592e-06,2.8530018
2013-08-21 12:00:00,25.398438,15.433563,321.7732,100635.46,0.0,4.1111717
2013-08-22 12:00:00,24.683624,17.173553,320.95758,100499.24,0.0,6.517549
2013-08-23 12:00:00,24.507568,17.028717,317.94046,100525.91,0.0,6.092841
2013-08-24 12:00:00,24.27063,15.389191,261.36404,100593.3,0.0,3.110506
2013-08-25 12:00:00,22.214142,15.048401,305.92548,100805.6,0.0,4.091691
2013-08-26 12:00:00,23.72763,13.897614,312.84537,100715.95,0.0,2.6942768
2013-08-27 12:00:00,24.449707,14.989868,311.99753,100585.555,2.2299609e-09,2.4601173
2013-08-28 12:00:00,24.244476,15.173584,289.4756,100593.58,1.1513537e-06,2.5655713
2013-08-29 12:00:00,22.67392,16.619354,253.90323,100766.51,6.568577e-06,3.267039
2013-08-30 12:00:00,21.668762,15.762512,303.9185,100551.766,0.0,3.730107
2013-08-31 12:00:00,21.549225,15.488159,301.432,100256.96,0.0,3.8775556
2013-09-01 12:00:00,21.43341,16.451294,242.672,100230.945,5.705756e-06,3.8120718
2013-09-02 12:00:00,20.697144,16.396515,246.84065,100387.04,5.4083184e-06,3.8319416
2013-09-03 12:00:00,20.80545,14.795197,244.69446,100600.484,1.9083852e-06,3.2663908
2013-09-04 12:00:00,20.516937,15.723755,227.95988,100648.484,3.3504027e-06,2.9833307
2013-09-05 12:00:00,22.432037,13.854767,285.8855,100651.87,2.4296028e-07,3.0155318
2013-09-06 12:00:00,22.44339,14.231842,293.32388,100709.44,0.0,3.1050642
2013-09-07 12:00:00,22.414032,13.896637,291.08536,100769.484,0.0,3.6517248
2013-09-08 12:00:00,22.493317,15.76236,244.37132,100686.125,0.0,4.43809
2013-09-09 12:00:00,21.955017,16.22232,286.01947,100504.73,0.0,5.853074
2013-09-10 12:00:00,20.556183,15.498199,256.93185,100594.65,9.4930397e-07,4.4066925
2013-09-11 12:00:00,20.64206,14.67511,255.32173,100780.52,4.0252393e-09,4.36201
2013-09-12 12:00:00,21.63321,14.406769,275.90167,100817.75,0.0,3.467885
2013-09-13 12:00:00,21.573822,15.107147,275.47113,100370.21,0.0,3.3979077
2013-09-14 12:00:00,21.063446,14.694305,269.9615,100357.65,0.0,3.839962
2013-09-15 12:00:00,22.732513,15.496674,239.43935,100621.164,1.916426e-06,3.0144548
2013-09-16 12:00:00,26.635193,15.04187,270.6485,100601.66,0.0,2.2684388
2013-09-17 12:00:00,28.774902,14.666138,271.07907,100207.5,0.0,1.3548518
2013-09-18 12:00:00,22.48349,15.731171,226.7852,100561.74,8.896174e-08,3.1750672
2013-09-19 12:00:00,20.972015,16.108063,157.06876,100630.02,8.516452e-06,1.6861883
2013-09-20 12:00:00,20.920624,16.13684,182.6662,100793.055,2.9016512e-06,3.0490923
2013-09-21 12:00:00,23.347656,14.343872,220.41553,100623.836,0.0,2.5546145
2013-09-22 12:00:00,24.538635,15.359985,255.17929,100141.1,0.0,2.2740366
2013-09-23 12:00:00,23.715088,14.954926,249.33594,100011.4,4.5960965e-07,2.5596905
2013-09-24 12:00:00,22.344757,13.7447815,252.91322,100130.02,8.919203e-08,2.7003136
2013-09-25 12:00:00,22.205292,13.9157715,226.89232,100387.65,1.690662e-06,2.4263155
2013-09-26 12:00:00,21.589233,13.38324,244.49052,100467.695,1.4076021e-06,2.569069
2013-09-27 12:00:00,21.944702,13.365326,249.45427,100291.35,0.0,2.875735
2013-09-28 12:00:00,22.132324,12.7039795,237.24902,100416.88,1.76336e-07,2.5698056
2013-09-29 12:00:00,22.192535,13.437103,213.1126,100461.86,1.2499648e-06,2.4896858
2013-09-30 12:00:00,22.422394,14.760254,239.39088,100438.44,0.0,2.753363
2013-10-01 12:00:00,25.322784,14.032532,239.15268,100432.14,0.0,2.1435764
2013-10-02 12:00:00,27.722595,13.7916565,239.20695,100385.14,1.1044389e-07,1.9105862
2013-10-03 12:00:00,27.29419,15.202362,229.26865,100182.63,0.0,3.6349516
2013-10-04 12:00:00,21.443726,16.104645,232.484,100190.26,0.0,5.7083797
2013-10-05 12:00:00,22.721222,11.779358,229.73822,100283.09,0.0,0.9305173
2013-10-06 12:00:00,22.34906,12.558533,226.27573,100595.68,2.9913153e-08,2.3013353
2013-10-07 12:00:00,21.201965,11.625122,228.8175,100480.94,0.0,2.441331
2013-10-08 12:00:00,21.475464,10.086975,234.58835,100285.18,0.0,1.9663899
2013-10-09 12:00:00,21.636536,13.990845,231.3763,100507.06,0.0,4.8271585
2013-10-10 12:00:00,23.745148,9.899536,229.82156,100881.38,0.0,1.7184043
2013-10-11 12:00:00,24.211487,10.341309,223.35397,100699.12,0.0,0.81801546
2013-10-12 12:00:00,23.448486,10.8437195,198.2878,100376.26,3.8092678e-06,1.7391132
2013-10-13 12:00:00,20.232086,9.83783,213.11383,100438.37,7.8911306e-08,2.2532527
2013-10-14 12:00:00,18.607391,9.360291,211.6516,100575.78,1.4950898e-07,2.6514623
2013-10-15 12:00:00,17.724762,10.854126,161.11322,100769.13,2.9638481e-06,2.9232855
2013-10-16 12:00:00,17.065582,11.380707,178.15392,100705.336,9.0038554e-08,4.598776
2013-10-17 12:00:00,17.950378,8.505981,179.73863,100704.91,1.6048392e-09,2.8889637
2013-10-18 12:00:00,18.043121,8.431793,201.1743,100564.75,0.0,3.309478
2013-10-19 12:00:00,18.44162,9.583374,197.42908,100744.164,0.0,3.3782454
2013-10-20 12:00:00,22.289246,11.993713,195.10037,100740.37,0.0,3.4275136
2013-10-21 12:00:00,23.427399,11.289856,200.11807,100760.71,0.0,2.2777991
2013-10-22 12:00:00,23.22232,9.533386,188.62076,101119.23,1.177493e-06,1.0574782
2013-10-23 12:00:00,22.39508,9.906372,189.28316,101051.25,1.7555909e-06,1.0190938
2013-10-24 12:00:00,21.687317,9.795898,167.8219,101113.64,5.684621e-06,2.1143386
2013-10-25 12:00:00,18.71289,11.457764,164.3186,101419.39,1.0514833e-06,3.1559117
2013-10-26 12:00:00,22.264618,10.670746,188.17557,101329.96,0.0,0.9598686
2013-10-27 12:00:00,21.738129,9.045319,146.83392,101412.0,6.233099e-08,2.2399716
2013-10-28 12:00:00,21.224243,10.064301,183.63132,101369.484,0.0,1.5370588
2013-10-29 12:00:00,22.030243,9.962494,178.00043,100969.805,2.6545234e-08,0.9475748
2013-10-30 12:00:00,24.165253,11.974304,176.72656,100741.24,0.0,1.0277793
2013-10-31 12:00:00,24.96936,11.907196,177.7135,100854.38,0.0,0.50423944
2013-11-01 12:00:00,24.13263,9.894775,171.9985,100678.8,5.5625343e-08,1.1155953
2013-11-02 12:00:00,22.808899,9.5503845,173.69621,100455.64,6.5185714e-07,1.0294602
2013-11-03 12:00:00,20.95816,9.428467,165.04047,100486.21,1.0017732e-06,1.5130994
2013-11-04 12:00:00,19.265656,10.527435,146.72746,100577.305,9.653866e-07,1.9911392
2013-11-05 12:00:00,17.233185,11.442596,118.11768,100757.77,4.765577e-06,2.3918638
2013-11-06 12:00:00,19.342346,9.7005005,157.57764,100968.81,0.0,2.5586364
2013-11-07 12:00:00,18.330109,11.8714905,92.08494,101024.01,2.8714624e-06,3.0574512
2013-11-08 12:00:00,15.670044,11.687286,126.77942,100913.38,2.2863882e-05,5.6465673
2013-11-09 12:00:00,18.866669,11.759827,162.09738,100640.97,0.0,6.1290755
2013-11-10 12:00:00,18.648834,8.777496,157.02386,100853.8,0.0,3.0513823
2013-11-11 12:00:00,15.608246,8.709259,113.17747,101216.99,2.3634524e-07,2.3502455
2013-11-12 12:00:00,14.137817,11.246826,24.33312,100929.625,0.00018371468,5.0742984
2013-11-13 12:00:00,13.573517,9.698273,114.93284,101434.89,6.398751e-06,1.6219653
2013-11-14 12:00:00,14.786499,9.409821,92.31321,101184.83,5.669486e-06,1.2137609
2013-11-15 12:00:00,15.122803,9.702393,147.45613,101407.164,2.9887666e-05,0.6957986
2013-11-16 12:00:00,14.879639,9.895599,148.652,101279.55,2.3638785e-10,5.9260254
2013-11-17 12:00:00,13.233612,9.586334,61.643166,101351.77,1.1461551e-05,1.3250089
2013-11-18 12:00:00,15.26297,10.502686,110.19302,101502.52,9.840971e-06,1.1243308
2013-11-19 12:00:00,15.798248,8.477753,146.2162,101612.89,0.0,4.4883704
2013-11-20 12:00:00,15.41748,6.7542725,117.73052,101900.875,0.0,1.1698967
2013-11-21 12:00:00,14.621155,9.520355,115.514305,101751.25,6.2482395e-06,2.1458104
2013-11-22 12:00:00,17.198425,7.771515,137.91069,101233.27,8.000901e-08,1.3041306
2013-11-23 12:00:00,17.598969,10.375488,139.6264,101564.05,0.0,3.1818962
2013-11-24 12:00:00,17.417633,8.999756,137.80151,101979.29,0.0,0.8098922
2013-11-25 12:00:00,16.76947,9.439026,91.62907,101858.75,0.0,1.7753679
2013-11-26 12:00:00,16.560883,7.566437,135.77385,101778.53,0.0,1.6480383
2013-11-27 12:00:00,15.571716,6.2963867,122.567215,101782.805,3.0276954e-06,2.0271022
2013-11-28 12:00:00,16.216766,7.260071,123.28604,101589.95,1.0057331e-06,1.0822634
2013-11-29 12:00:00,15.365448,8.740234,52.3527,100736.02,0.0,2.0761642
2013-11-30 12:00:00,13.193359,10.848022,17.54499,100399.516,0.00018793493,6.0329437
2013-12-01 12:00:00,11.817963,8.842072,84.32603,100508.95,7.3774885e-05,0.8711103
2013-12-02 12:00:00,11.699738,8.826019,49.884808,100615.29,6.477615e-05,2.0892391
2013-12-03 12:00:00,11.985779,9.964111,101.897064,100731.0,0.00024204122,2.9373333
2013-12-04 12:00:00,11.552551,5.395447,121.08495,101264.89,4.0470738e-07,2.3070748
2013-12-05 12:00:00,12.379272,7.9509583,90.497505,101330.53,0.0,1.6988765
2013-12-06 12:00:00,12.490082,10.387329,26.489458,101391.54,8.11045e-05,1.7511861
2013-12-07 12:00:00,11.571594,6.737854,70.966125,101486.88,4.264404e-06,1.4370074
2013-12-08 12:00:00,10.794556,6.7588806,77.56047,101251.11,1.5362134e-06,0.9642821
2013-12-09 12:00:00,10.879578,8.048889,106.16725,100973.88,1.6916886e-06,3.428173
2013-12-10 12:00:00,11.008789,4.62027,122.49326,101413.375,6.958388e-09,2.4660413
2013-12-11 12:00:00,10.588684,4.59787,102.08672,101353.9,1.0943743e-08,1.8807024
2013-12-12 12:00:00,9.976898,6.785675,32.600235,101017.41,0.000107991225,2.157329
2013-12-13 12:00:00,9.844879,6.855896,46.75871,100493.01,0.00011542371,0.91000134
2013-12-14 12:00:00,8.852051,3.7272034,85.89879,100255.5,3.1982613e-06,0.7428645
2013-12-15 12:00:00,9.461761,7.1644287,97.57059,100892.555,1.2824359e-05,0.2859203
2013-12-16 12:00:00,8.879547,3.0616455,116.49024,101616.195,1.1481328e-06,2.869622
2013-12-17 12:00:00,9.302826,2.814087,119.76241,101289.77,2.1852199e-07,1.2717121
2013-12-18 12:00:00,9.340363,5.878937,121.942795,100958.195,8.824287e-10,6.976142
2013-12-19 12:00:00,11.490631,6.296234,125.71308,102180.72,0.0,7.0776615
2013-12-20 12:00:00,11.769348,6.5119934,106.68545,102309.805,0.0,4.4918294
2013-12-21 12:00:00,11.055756,9.82254,27.94721,101850.64,0.0001329923,6.1049566
2013-12-22 12:00:00,12.830627,10.848694,18.285118,101160.9,0.00071097206,6.1856694
2013-12-23 12:00:00,13.052887,10.377319,55.730553,101659.8,1.2598418e-05,1.678967
2013-12-24 12:00:00,12.870697,11.102936,50.266483,101682.49,3.736812e-05,2.3510563
2013-12-25 12:00:00,12.169922,4.881775,116.92409,101708.164,9.670251e-07,2.7115695
2013-12-26 12:00:00,10.958588,4.2036133,127.114365,101169.02,0.0,2.6451356
2013-12-27 12:00:00,10.067902,1.9557495,119.67827,101128.28,0.0,4.049044
2013-12-28 12:00:00,9.122528,1.6583862,113.95895,101161.39,8.663449e-08,4.050552
2013-12-29 12:00:00,9.767456,1.5218811,125.009384,101380.86,0.0,1.6622703
2013-12-30 12:00:00,9.760925,4.089569,72.86014,101452.93,1.2526719e-07,2.0003474
2013-12-31 12:00:00,9.725586,4.836731,126.08381,101494.29,8.486399e-06,3.3543293
2014-01-01 12:00:00,10.32019,4.0247498,128.89883,101390.625,0.0,4.5753155
2014-01-02 12:00:00,9.614441,1.7895508,129.48074,101729.875,7.325881e-11,2.6431596
2014-01-03 12:00:00,9.264893,2.2270813,127.42985,102278.516,0.0,2.0965896
2014-01-04 12:00:00,9.247498,2.471283,128.14532,102009.234,2.2243367e-09,2.0675051
2014-01-05 12:00:00,10.825623,3.3435974,126.91088,101462.35,9.988086e-10,1.630385
2014-01-06 12:00:00,10.566864,4.381897,74.49262,100789.305,3.138012e-06,1.1183527
2014-01-07 12:00:00,10.231293,2.9802856,104.0554,101070.02,1.237803e-06,1.2785454
2014-01-08 12:00:00,10.689117,6.765381,42.788677,101140.84,9.0556205e-06,2.6569333
2014-01-09 12:00:00,10.194885,5.3542175,130.78873,101040.234,0.0,5.195922
2014-01-10 12:00:00,10.03653,3.9333801,120.60413,101235.5,0.0,4.5296593
2014-01-11 12:00:00,10.409485,6.1681824,42.64275,100704.75,0.00034565316,3.7561371
2014-01-12 12:00:00,7.535187,4.7279053,100.34142,100871.06,3.9104966e-06,5.4899116
2014-01-13 12:00:00,8.237305,5.208679,75.02221,101284.695,1.1880665e-05,2.345242
2014-01-14 12:00:00,9.933746,7.2393494,15.721674,100663.31,0.0006402325,10.860997
2014-01-15 12:00:00,9.065247,6.975952,37.73318,100390.06,0.00021411647,4.76661
2014-01-16 12:00:00,8.602844,5.024231,137.89682,101219.06,7.1755227e-07,4.4517736
2014-01-17 12:00:00,8.679657,1.395874,139.4521,102088.94,0.0,1.5600551
2014-01-18 12:00:00,8.2725525,1.4411316,136.56001,102139.65,3.3191017e-07,2.6671584
2014-01-19 12:00:00,9.496948,3.9243774,142.44525,101552.51,0.0,3.210528
2014-01-20 12:00:00,9.954376,4.0081787,63.0215,101031.19,2.041806e-05,1.9547595
2014-01-21 12:00:00,9.82547,6.649414,74.86944,100830.54,4.1080395e-05,2.4340136
2014-01-22 12:00:00,10.506958,6.684265,136.60097,100973.0,3.675632e-05,1.4862791
2014-01-23 12:00:00,10.350555,6.033722,36.910633,101099.83,2.7505444e-05,3.1935508
2014-01-24 12:00:00,11.931793,7.4744873,39.079185,100890.1,9.931019e-05,4.094445
2014-01-25 12:00:00,12.760101,10.027039,70.69342,100864.88,5.7948015e-05,2.5274317
2014-01-26 12:00:00,12.187408,10.697571,62.51232,100107.35,0.00043044816,6.4660006
2014-01-27 12:00:00,11.427185,6.3308716,135.21936,99828.5,9.116843e-05,5.9663515
2014-01-28 12:00:00,7.966156,0.67077637,150.75887,100548.766,9.762188e-07,1.554241
2014-01-29 12:00:00,9.898926,2.864563,160.98747,101135.71,0.0,0.6127251
2014-01-30 12:00:00,10.731384,3.2271423,155.80717,101482.37,3.143902e-08,0.46093738
2014-01-31 12:00:00,12.751617,4.7259827,152.2509,101849.08,2.5746732e-07,0.47144526
2014-02-01 12:00:00,13.32251,5.2506714,157.18346,101985.16,0.0,1.1499798
2014-02-02 12:00:00,14.504578,7.889679,159.70998,101593.055,0.0,1.5163931
2014-02-03 12:00:00,14.443939,6.636963,162.93063,101395.09,0.0,1.1644554
2014-02-04 12:00:00,13.463654,7.465515,159.47029,101053.89,4.542674e-06,3.252448
2014-02-05 12:00:00,11.256744,4.6060486,135.25371,100713.555,8.5056107e-10,1.7986106
2014-02-06 12:00:00,8.588196,2.7701416,38.245716,100466.13,9.650759e-05,1.8373479
2014-02-07 12:00:00,8.742859,2.5336304,99.90097,100292.1,0.00018302126,3.5100777
2014-02-08 12:00:00,9.662781,1.9652405,161.16379,100757.76,2.3202989e-05,1.7702304
2014-02-09 12:00:00,9.813507,3.4880981,113.89032,101341.64,6.244816e-06,4.7050843
2014-02-10 12:00:00,9.145294,3.9046936,158.83543,101718.29,0.0,4.542383
2014-02-11 12:00:00,9.712982,2.0181274,155.70712,101393.77,6.155992e-07,1.3308438
2014-02-12 12:00:00,10.528137,4.766968,116.13594,100563.19,3.0642486e-08,2.989684
2014-02-13 12:00:00,12.692322,4.307678,181.41833,100479.21,1.3776484e-07,1.6186186
2014-02-14 12:00:00,12.497986,4.0288086,174.30402,101112.45,2.7925026e-07,0.8161456
2014-02-15 12:00:00,11.822113,4.66687,116.66825,101537.766,0.0,1.8925569
2014-02-16 12:00:00,12.521057,6.823761,153.06729,101103.16,0.0,0.9040417
2014-02-17 12:00:00,11.962616,3.9996948,184.9942,101040.22,5.461278e-08,2.9191754
2014-02-18 12:00:00,11.178253,2.8368225,196.37009,100664.06,1.1527266e-06,3.2294514
2014-02-19 12:00:00,13.197327,4.2005615,180.84087,101047.586,2.1236187e-07,1.3031286
2014-02-20 12:00:00,12.677612,5.2839966,153.74097,101158.17,3.3614795e-06,1.2902099
2014-02-21 12:00:00,12.618195,4.49115,180.3593,101143.64,1.1733539e-06,0.7609508
2014-02-22 12:00:00,12.655457,5.207306,167.5465,101373.52,1.8388972e-06,1.7955182
2014-02-23 12:00:00,13.914886,5.116577,199.07225,101479.06,5.108439e-07,1.4631675
2014-02-24 12:00:00,13.761688,5.555847,170.64906,101281.81,2.366906e-06,0.9859716
2014-02-25 12:00:00,13.344879,6.782257,151.55682,101070.42,5.410004e-09,1.7480614
2014-02-26 12:00:00,13.22821,8.478851,147.98825,101055.53,6.5868267e-07,1.239788
2014-02-27 12:00:00,12.99585,9.080231,70.57092,100787.59,2.1511783e-05,0.6128123
2014-02-28 12:00:00,12.313049,9.393341,88.12064,100418.76,0.00010858091,0.81709725
2014-03-01 12:00:00,10.270111,8.203613,84.9369,100829.19,1.842612e-05,2.6835465
2014-03-02 12:00:00,11.829559,7.418213,106.45436,100835.02,3.8320386e-06,0.57680774
2014-03-03 12:00:00,13.711243,7.476776,204.60526,100261.234,1.9645256e-06,1.640414
2014-03-04 12:00:00,13.180634,6.515564,226.03606,100025.914,0.0,2.119662
2014-03-05 12:00:00,14.779694,6.5289307,226.87733,100847.81,0.0,1.6627107
2014-03-06 12:00:00,16.518524,6.9289246,219.14734,101119.484,0.0,0.53286076
2014-03-07 12:00:00,16.333984,7.5058594,184.76636,100940.586,4.072058e-06,1.3025991
2014-03-08 12:00:00,13.861053,8.370483,150.53247,100730.58,8.241137e-06,3.228899
2014-03-09 12:00:00,13.032379,8.6631775,78.11553,100491.36,8.2099585e-05,5.521879
2014-03-10 12:00:00,12.290009,9.261169,186.99826,100708.25,0.00016371702,5.2695026
2014-03-11 12:00:00,13.076782,6.7416687,235.8936,101074.43,0.0,0.60558903
2014-03-12 12:00:00,12.893433,8.406189,60.261726,100277.734,0.00017464106,2.889346
2014-03-13 12:00:00,12.299469,9.384277,112.20122,100145.016,8.040698e-05,7.564851
2014-03-14 12:00:00,11.889801,9.944611,123.66332,100475.41,7.175589e-05,4.3660817
2014-03-15 12:00:00,11.702545,7.88031,153.94969,100608.14,4.4587605e-06,2.4732447
2014-03-16 12:00:00,11.657928,6.973297,136.5765,100552.4,1.0184865e-06,3.2429392
2014-03-17 12:00:00,13.130096,7.9875183,206.30348,100807.23,5.3836657e-06,0.95542026
2014-03-18 12:00:00,12.907043,8.135101,60.97271,100907.086,9.478383e-05,3.7455258
2014-03-19 12:00:00,10.977386,6.1564636,226.44373,101024.3,1.4051898e-05,4.3879814
2014-03-20 12:00:00,13.832428,6.6157227,259.14587,101193.11,0.0,4.7031565
2014-03-21 12:00:00,13.88858,7.2788696,258.1203,101467.84,3.3352656e-08,2.233918
2014-03-22 12:00:00,13.342102,8.777557,96.46405,101610.89,3.908402e-05,2.7640283
2014-03-23 12:00:00,10.60202,5.8344727,180.83113,101059.08,4.0449224e-05,5.3719664
2014-03-24 12:00:00,12.613434,5.0302734,270.30383,100999.78,2.6187115e-09,5.6232104
2014-03-25 12:00:00,13.145569,7.1093445,268.95026,101406.85,0.0,3.8772938
2014-03-26 12:00:00,13.416412,8.059998,245.88638,101823.78,2.1334131e-07,4.122527
2014-03-27 12:00:00,14.443909,5.4253235,278.8491,101650.984,3.0409846e-09,2.2941246
2014-03-28 12:00:00,14.1545105,5.4735413,282.2098,101111.0,0.0,3.1231527
2014-03-29 12:00:00,12.101929,6.093445,286.25137,100772.83,3.5038283e-06,6.7090864
2014-03-30 12:00:00,9.938995,4.6967773,215.50948,101273.67,5.000868e-06,3.3877678
2014-03-31 12:00:00,10.289185,7.526703,58.234566,100695.164,0.00020033229,7.5402875
2014-04-01 12:00:00,10.370361,7.451416,139.35808,100292.76,0.000186363,4.7712035
2014-04-02 12:00:00,10.228485,5.4093323,287.7818,101007.07,1.2998639e-06,5.40254
2014-04-03 12:00:00,9.370819,6.745697,72.99845,101347.85,6.5594264e-05,4.43957
2014-04-04 12:00:00,9.74707,4.8511047,260.5965,100626.66,5.3175354e-05,4.485592
2014-04-05 12:00:00,13.094421,4.926361,275.5817,100541.875,1.2838135e-05,4.4344683
2014-04-06 12:00:00,13.233948,5.195648,302.55978,100875.21,0.0,3.739053
2014-04-07 12:00:00,12.086945,8.08374,109.73739,101051.64,2.401318e-05,5.3161635
2014-04-08 12:00:00,9.371979,2.7791748,134.88187,100571.305,8.209142e-05,3.7943115
2014-04-09 12:00:00,8.710419,3.359375,276.73624,100705.0,0.000118100565,6.41353
2014-04-10 12:00:00,9.734589,4.9756165,230.97382,101826.9,7.081212e-07,2.031268
2014-04-11 12:00:00,11.879364,4.579956,217.86858,101444.695,0.0,1.2857071
2014-04-12 12:00:00,12.833435,9.240631,142.28868,100773.26,1.2560632e-05,5.2271457
2014-04-13 12:00:00,12.717072,9.560791,238.94122,101006.81,0.00014273332,2.9766335
2014-04-14 12:00:00,12.565704,6.148041,313.00824,101498.695,5.569422e-09,2.021678
2014-04-15 12:00:00,13.551361,6.959717,275.23203,101577.71,1.3557178e-06,2.3328006
2014-04-16 12:00:00,12.986328,10.582428,159.34074,101572.54,2.1213787e-05,2.2974703
2014-04-17 12:00:00,13.422791,6.780945,298.35248,101393.53,0.0,2.604455
2014-04-18 12:00:00,13.213562,8.563873,115.08305,101233.73,2.9299514e-05,2.565713
2014-04-19 12:00:00,12.658966,11.228882,139.14386,101149.97,4.9489976e-05,2.4283912
2014-04-20 12:00:00,12.586914,9.615509,215.10796,100813.195,7.075215e-05,3.2872314
2014-04-21 12:00:00,13.244171,7.1033325,329.79108,101331.13,1.723755e-05,3.824548
2014-04-22 12:00:00,13.315369,8.077667,304.6472,101012.43,0.0,5.007539
2014-04-23 12:00:00,14.484222,8.75531,314.8005,100575.23,0.0,4.663173
2014-04-24 12:00:00,15.440063,7.571594,327.17114,100408.06,0.0,2.5704582
2014-04-25 12:00:00,16.281342,9.1203,312.75305,100626.79,1.8105595e-07,2.7147305
2014-04-26 12:00:00,16.109589,9.134552,305.63528,100744.48,1.4463417e-06,2.5201414
2014-04-27 12:00:00,14.83725,9.725983,121.80575,100751.99,7.98174e-06,1.7261537
2014-04-28 12:00:00,15.431122,8.970703,314.51477,100684.81,0.0,2.5749915
2014-04-29 12:00:00,14.685883,9.557434,323.14835,100611.71,3.9399588e-08,3.9997113
2014-04-30 12:00:00,17.0719,8.154938,331.23795,100613.45,0.0,2.98346
2014-05-01 12:00:00,18.442078,9.691071,336.8537,100626.77,0.0,2.2138765
2014-05-02 12:00:00,18.151337,10.451599,320.4903,100534.37,8.871461e-07,3.1445236
2014-05-03 12:00:00,15.233948,10.675934,324.38263,100523.625,6.307558e-06,6.247103
2014-05-04 12:00:00,16.537354,9.2708435,350.06107,100505.75,0.0,5.9980364
2014-05-05 12:00:00,19.86261,10.75708,352.86325,100425.99,0.0,4.0302525
2014-05-06 12:00:00,18.888336,9.478729,338.66962,100970.73,0.0,3.595386
2014-05-07 12:00:00,19.030365,9.285522,349.23846,101213.305,0.0,3.4255686
2014-05-08 12:00:00,22.813843,9.290497,353.51962,100783.586,0.0,1.1859502
2014-05-09 12:00:00,22.881683,10.857697,352.69324,100338.38,0.0,0.7941814
2014-05-10 12:00:00,19.97229,9.271301,315.4063,100606.984,2.6140672e-06,2.5489728
2014-05-11 12:00:00,17.358185,10.560089,306.81094,100895.9,2.0544537e-06,2.441384
2014-05-12 12:00:00,17.523132,8.854523,350.3102,100962.07,8.979468e-08,2.804163
2014-05-13 12:00:00,17.143036,9.739197,346.51416,100790.766,0.0,4.7031064
2014-05-14 12:00:00,16.886017,11.453949,354.9256,100693.625,0.0,6.739688
2014-05-15 12:00:00,15.057556,9.835632,276.10162,100612.86,8.711048e-06,6.9431806
2014-05-16 12:00:00,15.8116455,9.354065,356.2044,100565.39,1.9477712e-07,4.6126833
2014-05-17 12:00:00,18.982483,8.259125,358.8112,100654.54,0.0,2.6368566
2014-05-18 12:00:00,18.606781,10.076721,357.02826,100897.06,0.0,3.1092787
2014-05-19 12:00:00,16.616608,10.278595,331.45312,101201.0,4.153917e-06,2.7690227
2014-05-20 12:00:00,18.782043,9.351776,343.34146,101233.4,2.045679e-06,2.221626
2014-05-21 12:00:00,18.141449,10.160126,206.85083,101041.67,4.405937e-06,2.3570948
2014-05-22 12:00:00,16.172363,11.596283,303.6553,100755.36,6.1845194e-06,4.057799
2014-05-23 12:00:00,15.819672,11.615967,301.64395,100954.07,8.090811e-06,4.3439107
2014-05-24 12:00:00,16.4758,11.546539,306.09906,101247.28,4.718542e-06,3.091235
2014-05-25 12:00:00,18.108002,9.578857,362.91092,101158.89,1.5448235e-07,3.1546528
2014-05-26 12:00:00,18.146301,12.158966,315.0498,100822.7,0.0,4.1202683
2014-05-27 12:00:00,20.205017,10.924896,360.68246,100781.58,0.0,2.7761385
2014-05-28 12:00:00,20.218903,12.822052,359.61554,100656.5,0.0,2.9653776
2014-05-29 12:00:00,20.13913,12.949402,362.50607,100427.86,1.02062705e-08,3.276241
2014-05-30 12:00:00,19.318573,13.105682,320.65823,100392.98,1.6626201e-06,3.801663
2014-05-31 12:00:00,17.673157,12.405426,348.05685,100621.72,3.0498818e-06,3.7039735
2014-06-01 12:00:00,19.135895,12.349731,341.92984,100628.41,8.2371633e-07,3.3029327
2014-06-02 12:00:00,20.972351,12.647156,365.88766,100377.14,0.0,3.842651
2014-06-03 12:00:00,21.484222,13.523743,363.48938,99968.016,0.0,2.4379132
2014-06-04 12:00:00,20.890594,14.12439,370.40887,99855.22,0.0,4.1182885
2014-06-05 12:00:00,20.78366,13.396484,376.5741,100458.64,0.0,6.174738
2014-06-06 12:00:00,20.776428,13.427643,374.60806,100571.38,0.0,4.6895046
2014-06-07 12:00:00,20.01712,12.62439,373.8559,100486.445,0.0,4.7681117
2014-06-08 12:00:00,17.898468,12.8559265,358.7137,100506.15,0.0,4.7041674
2014-06-09 12:00:00,17.138489,12.632202,291.65652,100692.22,4.7533863e-06,4.1173005
2014-06-10 12:00:00,18.073273,11.9609375,327.78625,101020.87,5.1905677e-06,2.9958072
2014-06-11 12:00:00,18.520447,11.405914,375.24393,100885.38,0.0,4.2365513
2014-06-12 12:00:00,17.986603,12.82431,376.5379,100977.57,0.0,5.4684157
2014-06-13 12:00:00,20.454712,12.108826,375.6098,100961.73,0.0,4.120169
2014-06-14 12:00:00,19.827576,12.829926,355.1752,100689.164,9.4679635e-08,4.013276
2014-06-15 12:00:00,19.884705,13.893341,356.72443,100552.66,1.5475767e-07,3.4346623
2014-06-16 12:00:00,21.194061,13.952881,364.76205,100460.15,4.041344e-09,2.978329
2014-06-17 12:00:00,21.460754,14.354248,366.02606,100132.54,2.3431554e-09,3.0802488
2014-06-18 12:00:00,20.097382,14.408203,353.35333,100280.87,1.9725621e-07,3.877942
2014-06-19 12:00:00,20.91748,13.719269,361.8696,100564.016,5.521754e-07,3.854517
2014-06-20 12:00:00,20.49591,13.414795,374.97052,100673.09,0.0,3.7999082
2014-06-21 12:00:00,19.565369,13.906921,324.77457,100714.49,7.247054e-07,4.4809914
2014-06-22 12:00:00,19.538574,14.53006,336.89868,100621.39,6.8074637e-06,3.5721607
2014-06-23 12:00:00,19.619171,14.067383,353.60318,100432.48,1.5608888e-05,3.5971174
2014-06-24 12:00:00,19.045929,14.843414,338.17963,100384.29,6.0703735e-07,4.666703
2014-06-25 12:00:00,18.761475,14.396606,359.85428,100565.914,2.4331326e-08,4.3553376
2014-06-26 12:00:00,19.251373,14.467041,324.73816,100856.1,1.2003866e-06,4.0113773
2014-06-27 12:00:00,21.778503,14.31723,365.38498,100997.8,0.0,3.448768
2014-06-28 12:00:00,22.625122,16.050537,370.25342,100831.64,0.0,5.204804
2014-06-29 12:00:00,22.760956,14.284943,370.48602,100715.51,0.0,3.560521
2014-06-30 12:00:00,22.108826,15.1128845,357.75894,100543.164,0.0,3.51167
2014-07-01 12:00:00,21.018036,15.121185,345.15466,100789.42,0.0,4.6773763
2014-07-02 12:00:00,22.045746,14.441742,353.05914,100888.695,7.903759e-07,3.140043
2014-07-03 12:00:00,22.034637,14.912628,367.79868,100596.016,0.0,3.1323783
2014-07-04 12:00:00,22.031647,15.527222,338.77295,100350.28,3.1923634e-07,3.290296
2014-07-05 12:00:00,20.980896,15.387909,309.46432,100337.96,2.2838215e-06,3.7300322
2014-07-06 12:00:00,20.077972,15.650635,306.7197,100464.98,6.428731e-06,3.7745972
2014-07-07 12:00:00,20.717316,14.786926,326.2135,100586.48,3.5046796e-06,3.2863197
2014-07-08 12:00:00,20.892242,14.874542,325.2277,100654.266,2.16467e-06,3.8699467
2014-07-09 12:00:00,21.57425,14.694153,370.53674,100734.5,3.5545177e-08,4.1444206
2014-07-10 12:00:00,23.284668,13.800201,373.32364,100635.305,0.0,3.466664
2014-07-11 12:00:00,24.31131,14.619293,373.1063,100560.29,0.0,2.9463582
2014-07-12 12:00:00,24.56668,14.568878,372.7956,100672.336,0.0,2.821508
2014-07-13 12:00:00,24.552856,15.537628,370.0439,100563.29,0.0,2.8167753
2014-07-14 12:00:00,23.945862,15.502899,316.77383,100505.53,2.9496152e-07,3.3852398
2014-07-15 12:00:00,21.958801,16.598572,295.39462,100613.055,1.7125085e-06,3.4127812
2014-07-16 12:00:00,21.83377,17.136139,222.20483,100521.43,1.7870451e-07,2.8979807
2014-07-17 12:00:00,21.7005,16.989868,287.83942,100502.18,2.947216e-06,3.0521696
2014-07-18 12:00:00,21.87143,16.893951,340.91876,100514.94,3.2832763e-06,3.6506028
2014-07-19 12:00:00,21.28772,16.802887,323.6184,100549.3,2.8575348e-06,4.1939874
2014-07-20 12:00:00,21.194275,17.22293,314.8973,100648.46,4.6551263e-06,4.720173
2014-07-21 12:00:00,22.467896,16.003479,358.68704,100748.41,9.872408e-08,3.988468
2014-07-22 12:00:00,22.206299,15.359192,349.62323,100772.34,3.1958544e-07,3.569831
2014-07-23 12:00:00,22.679626,15.679199,345.88458,100872.81,3.5992727e-08,3.5151005
2014-07-24 12:00:00,24.317749,15.314148,347.7192,100917.67,2.4519173e-07,2.8398159
2014-07-25 12:00:00,24.443878,15.169739,352.11655,100850.8,1.2099387e-07,2.7746813
2014-07-26 12:00:00,24.679718,15.796265,355.42178,100550.36,0.0,2.729211
2014-07-27 12:00:00,24.491455,15.8003235,354.97202,100460.7,0.0,3.0435517
2014-07-28 12:00:00,27.451843,15.371094,350.38763,100649.74,0.0,2.4478312
2014-07-29 12:00:00,28.941162,16.735077,347.55685,100525.055,0.0,2.3550036
2014-07-30 12:00:00,28.682922,17.89087,345.08792,100307.914,0.0,2.7979703
2014-07-31 12:00:00,26.091217,17.280579,340.76425,100190.66,0.0,3.4850965
2014-08-01 12:00:00,22.472565,16.4646,259.7483,100456.984,0.0,3.706686
2014-08-02 12:00:00,24.791504,16.607208,151.39578,100630.17,0.0,2.119818
2014-08-03 12:00:00,27.763947,17.289093,330.1211,100582.586,0.0,2.0406897
2014-08-04 12:00:00,28.003479,17.369446,286.33676,100408.01,1.4058933e-08,2.0442
2014-08-05 12:00:00,28.317932,18.942383,326.71698,100140.055,9.455514e-11,2.5176132
2014-08-06 12:00:00,26.08606,18.616882,272.66937,100242.11,2.2689203e-06,1.72179
2014-08-07 12:00:00,26.402771,17.449768,319.53015,100533.83,0.0,2.2063444
2014-08-08 12:00:00,26.07904,18.735046,219.66943,100693.4,9.953463e-08,2.375884
2014-08-09 12:00:00,27.687408,18.000916,317.46704,100586.19,2.3431554e-09,2.3678792
2014-08-10 12:00:00,27.776245,18.293518,325.1148,100381.46,0.0,2.4894166
2014-08-11 12:00:00,26.724457,17.271576,313.50308,100324.53,3.3796584e-07,3.3770583
2014-08-12 12:00:00,23.896912,16.455566,329.6658,100139.72,0.0,3.301955
2014-08-13 12:00:00,24.362885,14.898987,335.3867,100312.23,0.0,3.2765512
2014-08-14 12:00:00,25.086243,15.055603,330.77408,100532.6,0.0,2.6099746
2014-08-15 12:00:00,26.046814,16.02713,314.4972,100588.18,1.5652496e-08,2.4062867
2014-08-16 12:00:00,25.81012,17.602448,310.35587,100457.29,5.51996e-09,2.8552916
2014-08-17 12:00:00,25.226013,17.790619,296.00705,100352.94,0.0,3.807675
2014-08-18 12:00:00,23.813599,17.583923,322.3146,100432.17,0.0,3.9385247
2014-08-19 12:00:00,24.258179,16.659119,321.1916,100535.57,0.0,3.3353255
2014-08-20 12:00:00,23.99234,15.863953,321.041,100495.75,0.0,3.5168579
2014-08-21 12:00:00,22.34491,15.841095,305.30655,100450.13,1.8672874e-07,4.3897324
2014-08-22 12:00:00,20.497406,14.809235,285.68567,100620.1,3.79951e-06,3.800168
2014-08-23 12:00:00,20.537476,15.5208435,261.0684,100887.86,4.1055923e-06,3.9704752
2014-08-24 12:00:00,22.645966,15.676971,296.062,101038.42,1.3266394e-06,3.852723
2014-08-25 12:00:00,23.997314,14.077789,311.28116,100786.4,3.2581514e-08,2.552262
2014-08-26 12:00:00,23.16211,16.395386,290.94107,100507.33,7.130615e-07,4.101162
2014-08-27 12:00:00,20.49765,16.34082,199.15811,100613.87,2.704476e-06,4.3927627
2014-08-28 12:00:00,23.09607,15.100616,300.57,100629.94,3.198726e-07,2.9331641
2014-08-29 12:00:00,22.984589,15.172089,303.56378,100535.24,9.486489e-10,2.9585354
2014-08-30 12:00:00,22.312286,15.204193,303.67416,100623.55,2.8077173e-07,3.1786003
2014-08-31 12:00:00,22.878387,14.600555,276.82983,100763.68,3.0303395e-06,2.5379007
2014-09-01 12:00:00,23.187134,13.545319,295.23346,100790.03,4.4585502e-07,2.383302
2014-09-02 12:00:00,22.37497,14.741241,270.32175,100668.91,5.9207223e-06,2.4734197
2014-09-03 12:00:00,22.878052,14.994537,264.55624,100507.305,3.4774612e-06,2.6988838
2014-09-04 12:00:00,22.418,15.548218,288.18692,100461.95,2.6196805e-08,3.6833024
2014-09-05 12:00:00,21.970398,15.907349,263.3632,100434.12,1.1925991e-06,3.6562998
2014-09-06 12:00:00,23.220337,15.033752,182.00035,100140.984,4.0469423e-08,2.350647
2014-09-07 12:00:00,22.677032,17.603607,254.42647,100460.35,6.325123e-06,4.391345
2014-09-08 12:00:00,21.41397,16.138947,197.27928,100780.64,1.6975488e-05,3.2239747
2014-09-09 12:00:00,23.413177,15.220642,281.06757,100670.11,2.4531209e-08,2.8612516
2014-09-10 12:00:00,22.530457,16.598938,275.9621,100654.22,2.6273879e-08,4.11708
2014-09-11 12:00:00,22.49643,16.89206,232.52135,100546.164,2.6346795e-06,3.2893255
2014-09-12 12:00:00,22.7565,16.070099,268.9591,100402.984,3.4040823e-07,3.1448185
2014-09-13 12:00:00,22.691345,17.157898,259.20813,100392.09,4.454432e-07,3.8094816
2014-09-14 12:00:00,22.270447,16.462952,245.53189,100414.75,6.227465e-07,3.6186318
2014-09-15 12:00:00,22.795074,15.631409,253.23819,100619.97,3.044511e-07,3.1061258
2014-09-16 12:00:00,23.453247,15.111267,267.68707,100838.5,2.0293529e-08,2.7295663
2014-09-17 12:00:00,24.30365,14.87738,267.74872,100696.25,0.0,2.492036
2014-09-18 12:00:00,26.7818,15.814331,263.01013,100367.14,8.872492e-08,2.023355
2014-09-19 12:00:00,30.083435,16.622314,271.23734,100432.58,0.0,2.6926816
2014-09-20 12:00:00,29.94162,17.67331,268.53876,100504.555,0.0,1.3287327
2014-09-21 12:00:00,26.937714,15.168945,262.68387,100789.91,0.0,1.0450377
2014-09-22 12:00:00,25.491394,13.13501,254.18903,100651.67,1.8992681e-06,1.7826945
2014-09-23 12:00:00,24.3526,12.776428,248.70314,100615.6,1.2037743e-06,1.9167581
2014-09-24 12:00:00,26.262909,12.684082,245.743,100745.51,3.6036712e-07,1.8637259
2014-09-25 12:00:00,27.42923,14.28421,234.9203,100962.72,8.767024e-08,1.8122447
2014-09-26 12:00:00,27.109406,14.447784,244.28195,100600.22,9.188027e-07,2.0084445
2014-09-27 12:00:00,24.287964,15.101929,160.5018,100263.95,3.913126e-06,2.4283495
2014-09-28 12:00:00,19.767456,15.8706665,139.57553,100042.02,0.0,3.7185683
2014-09-29 12:00:00,19.827087,14.575653,236.84355,100182.99,0.0,3.8156962
2014-09-30 12:00:00,20.26059,12.305206,239.7227,100248.9,1.0544199e-08,2.8593
2014-10-01 12:00:00,19.118103,13.501709,198.93349,100130.9,0.0,4.3587313
2014-10-02 12:00:00,18.188263,13.889801,237.14796,100321.99,5.3101047e-07,4.800981
2014-10-03 12:00:00,17.394287,12.535065,207.09189,100624.836,0.0,4.7036343
2014-10-04 12:00:00,17.629944,13.266022,137.29747,101017.41,1.4886311e-05,3.2231264
2014-10-05 12:00:00,19.295227,12.225525,221.98845,101147.6,9.110599e-07,3.5137823
2014-10-06 12:00:00,21.78479,10.823395,227.0681,101159.9,2.1088399e-08,1.8913
2014-10-07 12:00:00,24.904755,11.302155,224.86736,100957.78,0.0,1.202413
2014-10-08 12:00:00,26.905914,13.815552,199.62259,100931.49,0.0,1.302713
2014-10-09 12:00:00,26.492615,13.811188,210.27428,100804.56,5.502031e-07,1.9549263
2014-10-10 12:00:00,20.129608,12.81366,184.97836,100814.58,3.867488e-06,2.3379989
2014-10-11 12:00:00,20.140594,11.154327,206.4954,100683.24,9.274682e-07,2.235773
2014-10-12 12:00:00,20.993225,12.731445,183.90967,100775.93,3.935032e-06,2.215527
2014-10-13 12:00:00,20.784058,11.943665,148.6478,100742.625,1.5446402e-06,1.8565599
2014-10-14 12:00:00,19.352722,14.003876,105.695496,100590.58,3.17656e-06,3.1933117
2014-10-15 12:00:00,18.07196,13.887817,160.49829,100769.85,0.0,3.943839
2014-10-16 12:00:00,19.361786,11.965668,201.45117,100917.76,0.0,4.2002463
2014-10-17 12:00:00,18.037323,11.315765,159.14604,100993.125,4.559703e-08,3.2592885
2014-10-18 12:00:00,18.477966,13.162476,136.06152,101104.21,6.7495665e-07,2.870394
2014-10-19 12:00:00,19.740906,8.93808,199.48242,101125.914,3.4718306e-09,2.3399081
2014-10-20 12:00:00,19.659393,9.752045,187.78975,100855.48,1.3272617e-08,2.0359318
2014-10-21 12:00:00,19.021606,11.180908,149.22704,100762.67,7.9199486e-07,3.063442
2014-10-22 12:00:00,18.500336,14.805695,173.09953,100554.1,2.1936754e-05,3.3044841
2014-10-23 12:00:00,23.276764,11.348053,196.36757,100463.43,0.0,4.116838
2014-10-24 12:00:00,23.600006,11.680176,194.73969,100607.81,0.0,2.6750357
2014-10-25 12:00:00,23.207153,10.243561,184.91902,100762.34,7.610099e-07,1.0372902
2014-10-26 12:00:00,18.534332,10.556946,129.70952,100886.05,8.564749e-06,2.1055138
2014-10-27 12:00:00,15.993317,12.53479,130.98315,101028.0,5.377874e-06,2.7659607
2014-10-28 12:00:00,18.980865,10.408844,162.3976,101118.28,1.4983151e-06,1.502714
2014-10-29 12:00:00,18.756195,11.780121,140.77165,100931.445,2.8679276e-06,2.2413893
2014-10-30 12:00:00,20.042175,14.978119,173.77519,100777.766,1.5923268e-05,4.842358
2014-10-31 12:00:00,20.40039,14.924164,181.9549,100854.625,0.0,7.4549313
2014-11-01 12:00:00,25.376312,18.426788,175.8602,100661.39,0.0,6.176151
2014-11-02 12:00:00,24.828827,16.251038,172.1537,100557.49,1.7045819e-09,1.6622665
2014-11-03 12:00:00,21.137695,12.908966,147.1006,100677.91,0.0,2.1603372
2014-11-04 12:00:00,18.69104,12.742645,98.88819,100573.6,8.249565e-06,3.7675529
2014-11-05 12:00:00,15.555084,10.34671,137.44344,101265.26,4.0744203e-06,2.3462856
2014-11-06 12:00:00,18.507294,10.632172,155.54776,101330.49,2.0133828e-07,1.6504431
2014-11-07 12:00:00,19.109924,10.825806,148.21126,101115.18,1.5575246e-06,1.7351049
2014-11-08 12:00:00,18.291656,11.26413,135.64456,101160.39,2.3171217e-06,2.4246075
2014-11-09 12:00:00,16.937225,9.524567,150.48529,101352.78,0.0,3.345934
2014-11-10 12:00:00,16.664337,7.701599,133.4721,100780.305,0.0,2.223583
2014-11-11 12:00:00,13.452332,11.240906,73.6044,100229.82,0.00012430044,5.5262585
2014-11-12 12:00:00,12.815155,8.443939,124.698555,100855.78,1.8911028e-10,5.5185423
2014-11-13 12:00:00,15.077637,9.581848,88.099144,101008.81,7.64838e-05,4.213493
2014-11-14 12:00:00,14.274078,8.241913,148.34659,100966.86,4.7789978e-08,2.2182322
2014-11-15 12:00:00,11.993256,9.340851,62.94582,100205.74,0.0001600667,6.5646973
2014-11-16 12:00:00,11.663696,7.687958,150.33337,101202.74,3.569424e-07,6.2298584
2014-11-17 12:00:00,11.390991,7.3287964,70.241745,101370.5,1.5137604e-05,2.295199
2014-11-18 12:00:00,11.9427185,8.694885,104.557175,100412.34,0.0004178201,4.872797
2014-11-19 12:00:00,11.565277,6.590637,130.29662,101492.54,0.0,2.8585117
2014-11-20 12:00:00,12.554199,8.030731,99.46264,101641.35,2.3797977e-06,1.5732316
2014-11-21 12:00:00,13.706116,10.69928,49.05297,101402.88,5.021643e-05,3.4196513
2014-11-22 12:00:00,13.49295,7.4542236,103.920586,101363.12,8.179512e-07,1.984881
2014-11-23 12:00:00,12.615143,8.515137,39.575405,101321.39,4.475086e-05,1.102236
2014-11-24 12:00:00,14.471954,11.035248,48.667084,101287.266,0.00022972962,2.744536
2014-11-25 12:00:00,13.9953,8.407715,104.6216,101587.9,8.992049e-08,2.0451124
2014-11-26 12:00:00,13.604614,7.283386,129.60854,101747.4,3.6629404e-11,1.1525795
2014-11-27 12:00:00,12.462463,8.211212,64.286804,101647.945,0.0,2.4297214
2014-11-28 12:00:00,12.317749,8.574005,94.38519,101188.664,6.1450267e-10,1.1532816
2014-11-29 12:00:00,13.89389,6.4226074,115.95538,101019.62,0.0,1.0753529
2014-11-30 12:00:00,12.978729,6.0612793,121.32258,101243.55,1.3581763e-06,0.8329368
2014-12-01 12:00:00,11.442383,6.803131,54.438362,101073.805,7.6322586e-08,3.2888293
2014-12-02 12:00:00,12.2435,5.6929016,80.48136,100532.445,4.832162e-07,1.8657378
2014-12-03 12:00:00,12.202301,8.963745,91.07512,100219.66,8.873179e-07,4.280906
2014-12-04 12:00:00,11.366119,6.7182617,128.30948,100647.25,7.187715e-08,3.5600224
2014-12-05 12:00:00,11.370514,8.980957,107.26739,100936.664,7.6818505e-05,2.3835
2014-12-06 12:00:00,11.03363,6.2631226,76.592804,101271.695,2.991082e-08,0.3372379
2014-12-07 12:00:00,12.587219,9.612061,69.78051,100517.875,0.00037430372,5.1903186
2014-12-08 12:00:00,11.293854,8.670227,25.995825,100798.29,0.00016985023,3.2594993
2014-12-09 12:00:00,13.760284,11.0347595,113.64842,100714.45,0.00028007728,4.03112
2014-12-10 12:00:00,12.817291,9.069275,23.740162,100983.9,0.00016508733,4.6099405
2014-12-11 12:00:00,11.351288,7.7395325,103.21857,101032.04,6.005613e-05,4.1304135
2014-12-12 12:00:00,10.163666,5.9417725,33.89902,101587.625,7.4413592e-06,1.292655
2014-12-13 12:00:00,12.209564,9.137726,31.748161,101413.64,0.00012836796,3.389787
2014-12-14 12:00:00,13.298248,11.27005,28.650064,101151.87,0.00017704966,4.1104608
2014-12-15 12:00:00,13.192444,8.327362,83.90776,101073.38,0.00012832879,4.405276
2014-12-16 12:00:00,10.428619,6.5435486,124.74575,101240.7,1.3771256e-08,5.8568153
2014-12-17 12:00:00,10.955994,6.2368164,124.52718,101566.53,0.0,5.696283
2014-12-18 12:00:00,10.572784,4.0744934,112.13526,101794.46,0.0,3.1043265
2014-12-19 12:00:00,8.119263,2.2806702,100.67178,101908.016,2.3890746e-07,2.5417304
2014-12-20 12:00:00,8.937744,4.8088684,76.2526,101779.4,7.325881e-11,3.0199935
2014-12-21 12:00:00,12.058624,5.0807495,115.2681,101822.03,0.0,2.7770283
2014-12-22 12:00:00,12.128082,4.8659363,105.13698,101707.14,4.7071588e-08,1.5861033
2014-12-23 12:00:00,13.435211,8.454681,117.820145,101560.7,3.0460778e-05,0.255573
2014-12-24 12:00:00,12.927216,5.078644,103.263176,101321.92,0.0,1.1833117
2014-12-25 12:00:00,10.367859,6.507477,43.39544,100780.21,9.693795e-06,2.4849768
2014-12-26 12:00:00,10.730896,8.185211,91.73744,100830.81,5.670857e-05,1.1545086
2014-12-27 12:00:00,10.454895,6.977051,24.036016,101019.13,4.847931e-05,1.8683106
2014-12-28 12:00:00,12.778259,9.836304,16.862827,100404.7,0.00030626537,7.0725994
2014-12-29 12:00:00,12.978058,6.9615784,66.06589,100211.88,0.0002998908,4.396127
2014-12-30 12:00:00,10.443573,6.2714844,62.53832,101251.08,1.4004928e-06,1.3117572
2014-12-31 12:00:00,13.583191,9.738953,12.357589,100662.86,0.0012207867,9.841172
2015-01-01 12:00:00,13.578552,11.471985,83.50743,100795.98,0.0001493133,2.7282882
2015-01-02 12:00:00,12.649078,8.697815,64.715324,101227.25,3.2687676e-05,1.8024908
2015-01-03 12:00:00,13.77475,11.782257,61.372383,101231.15,1.8106213e-05,3.5843294
2015-01-04 12:00:00,13.450043,10.700653,37.986404,101283.484,8.621429e-06,2.2462075
2015-01-05 12:00:00,13.149628,10.624664,55.4632,100855.945,2.9480825e-06,1.8825979
2015-01-06 12:00:00,12.406494,11.019989,90.698494,100804.55,7.185423e-05,3.289013
2015-01-07 12:00:00,12.195038,7.3002625,126.96308,101235.86,2.3608975e-07,3.6246967
2015-01-08 12:00:00,12.332794,8.418823,87.148605,101402.445,2.0503453e-06,2.3796933
2015-01-09 12:00:00,12.404877,8.803314,109.25762,101632.766,5.5308146e-06,1.3904308
2015-01-10 12:00:00,12.600739,7.2323,109.06568,101817.41,3.66983e-07,0.69166726
2015-01-11 12:00:00,12.644531,6.491516,88.03534,101770.11,2.2212609e-07,1.3935719
2015-01-12 12:00:00,14.654419,9.254211,94.263596,101575.91,9.909664e-06,1.3808464
2015-01-13 12:00:00,14.544281,10.456665,55.414932,101037.75,2.2910424e-06,1.3440657
2015-01-14 12:00:00,13.174866,10.699158,22.50846,100716.16,0.0001374994,5.840459
2015-01-15 12:00:00,13.52533,11.929047,28.062641,100918.96,0.00012814245,4.713801
2015-01-16 12:00:00,14.2656555,12.87796,16.791351,100034.164,0.00094863976,7.985332
2015-01-17 12:00:00,13.302612,8.304626,76.74581,100366.56,0.00014896915,6.9448757
2015-01-18 12:00:00,10.452332,7.6628113,131.73026,101394.055,1.7210517e-05,6.5765862
2015-01-19 12:00:00,11.353455,7.593994,137.4185,101860.97,5.5608903e-06,3.8391373
2015-01-20 12:00:00,11.427124,5.9634705,111.371506,101910.75,1.8403243e-10,1.1777134
2015-01-21 12:00:00,11.413483,8.682922,52.536808,101688.766,0.00016239073,4.947691
2015-01-22 12:00:00,10.894806,6.4783936,136.7339,101936.88,6.229885e-08,3.2705107
2015-01-23 12:00:00,10.626617,4.3734436,142.29803,101789.45,0.0,3.0453405
2015-01-24 12:00:00,10.482727,5.2402344,73.1531,101678.44,6.66172e-10,0.7775638
2015-01-25 12:00:00,11.824493,7.2165833,79.851135,101418.555,2.992642e-09,1.849535
2015-01-26 12:00:00,12.11438,5.8153687,146.01735,101124.766,1.3241994e-07,1.621153
2015-01-27 12:00:00,12.054504,7.06369,42.291656,100620.305,0.00016089102,4.005785
2015-01-28 12:00:00,13.176514,11.871979,100.01315,100596.695,0.00021852933,5.358099
2015-01-29 12:00:00,12.957001,9.61322,79.53495,101004.12,4.1841618e-06,3.5825288
2015-01-30 12:00:00,12.48114,9.541351,58.049942,100606.33,0.00014774868,5.348218
2015-01-31 12:00:00,11.254242,7.1894226,153.26364,101602.66,3.5778903e-05,2.9972854
2015-02-01 12:00:00,12.20459,7.7835083,134.69571,102032.77,2.6274795e-06,1.5053276
2015-02-02 12:00:00,12.329926,7.4842834,130.30681,102166.47,6.0584966e-07,2.432308
2015-02-03 12:00:00,12.293152,5.039032,155.6376,102274.1,1.2347085e-07,2.0166771
2015-02-04 12:00:00,12.511505,5.620453,123.89905,102044.125,2.1974556e-06,1.2263585
2015-02-05 12:00:00,13.498077,7.0307007,169.02138,101202.555,2.6825344e-07,2.9620066
2015-02-06 12:00:00,13.543243,7.663269,100.8605,100350.28,7.325881e-11,2.4403424
2015-02-07 12:00:00,12.434906,9.571747,58.872246,100511.8,3.1293213e-05,2.9661064
2015-02-08 12:00:00,10.919403,8.022247,161.50679,101216.39,9.8875325e-06,5.1872334
2015-02-09 12:00:00,10.731079,6.178253,36.3744,101111.31,0.00018446421,3.1955407
2015-02-10 12:00:00,10.888947,7.4718018,117.54646,100130.016,0.00023687459,4.3161817
2015-02-11 12:00:00,11.514191,7.0571594,124.11327,100240.49,7.935645e-05,3.1380734
2015-02-12 12:00:00,11.481812,7.0284424,89.1147,100664.33,1.7478635e-06,3.1917639
2015-02-13 12:00:00,10.163727,8.129639,69.43066,100693.945,1.9204794e-05,2.5345144
2015-02-14 12:00:00,11.308746,6.392395,165.4079,100985.03,3.0134124e-06,1.0528812
2015-02-15 12:00:00,11.751282,6.9600525,182.2278,101292.21,2.6505912e-08,1.7921746
2015-02-16 12:00:00,12.346436,7.336853,150.82745,101202.086,0.0,1.5938654
2015-02-17 12:00:00,12.334839,5.468872,186.02647,100969.28,2.0928613e-07,1.7379464
2015-02-18 12:00:00,12.262726,5.9018555,87.65941,100721.64,4.8484653e-05,1.6778497
2015-02-19 12:00:00,11.146698,7.955139,92.257515,100315.3,0.00023644656,3.586776
2015-02-20 12:00:00,11.576996,6.2583923,133.78786,100731.79,2.9247797e-06,2.8237224
2015-02-21 12:00:00,11.46463,6.1801453,95.22356,101364.26,2.0063246e-06,2.6105514
2015-02-22 12:00:00,11.804077,8.562134,72.0521,101381.586,2.5464678e-05,3.8987179
2015-02-23 12:00:00,12.032532,10.262756,101.56957,101367.87,0.00026286597,4.0692534
2015-02-24 12:00:00,13.21283,5.8848267,163.72466,101969.92,0.0,1.1621785
2015-02-25 12:00:00,14.41568,8.437744,142.36238,102027.86,0.0,0.9884992
2015-02-26 12:00:00,16.129913,9.694275,123.315414,101901.445,0.0,1.1935159
2015-02-27 12:00:00,17.153656,9.360626,209.88336,101590.266,0.0,1.6246196
2015-02-28 12:00:00,16.650787,7.278534,189.77824,101318.38,1.6325944e-06,0.828325
2015-03-01 12:00:00,16.447845,8.1536255,214.35388,101059.67,0.0,1.1845707
2015-03-02 12:00:00,17.522858,9.614746,223.36462,100963.32,0.0,1.5955694
2015-03-03 12:00:00,17.553131,10.1883545,220.09286,100782.836,0.0,0.8785575
2015-03-04 12:00:00,17.018097,9.343384,193.29942,100656.02,2.7873828e-06,2.5742984
2015-03-05 12:00:00,14.730347,7.6045227,224.20418,100850.695,0.0,1.456258
2015-03-06 12:00:00,14.817627,7.8464966,227.89972,101144.46,1.1715777e-09,1.7742139
2015-03-07 12:00:00,14.66275,8.030823,202.29411,101195.945,2.338326e-06,1.5573726
2015-03-08 12:00:00,14.471954,7.0747986,188.9171,100931.766,4.4406165e-06,2.6605268
2015-03-09 12:00:00,13.81012,6.8312073,240.8531,101157.15,0.0,5.312364
2015-03-10 12:00:00,14.054932,6.4897156,237.0928,101589.57,0.0,3.8650084
2015-03-11 12:00:00,15.175476,6.923523,235.0447,101923.36,0.0,2.3383768
2015-03-12 12:00:00,17.899567,8.159332,218.14172,101577.55,0.0,0.5424783
2015-03-13 12:00:00,17.778717,7.9566956,206.57452,101196.305,5.39422e-07,1.6983167
2015-03-14 12:00:00,14.709625,8.208466,231.73344,101040.24,9.989099e-07,2.518515
2015-03-15 12:00:00,14.840088,8.085571,214.1553,100713.38,1.6954539e-06,2.3980846
2015-03-16 12:00:00,14.451355,9.321503,230.90701,100487.51,0.0,5.8376966
2015-03-17 12:00:00,13.273193,7.0810547,140.96829,100123.39,2.5242603e-05,3.7735777
2015-03-18 12:00:00,14.0086975,6.60376,247.81311,100474.93,1.06691374e-07,1.7490015
2015-03-19 12:00:00,13.879913,7.4351196,144.43797,101066.836,2.664193e-06,2.9293928
2015-03-20 12:00:00,13.503082,6.8264465,217.55917,101044.84,0.0,3.1728833
2015-03-21 12:00:00,13.296783,7.9515686,125.30012,101101.87,8.19423e-06,2.18764
2015-03-22 12:00:00,12.610535,10.986694,55.62862,101146.516,0.00013942953,3.011165
2015-03-23 12:00:00,12.53598,8.480682,101.38573,100970.734,0.00026965892,4.34186
2015-03-24 12:00:00,9.864136,5.1987915,234.79836,101443.47,3.1560223e-05,6.6772094
2015-03-25 12:00:00,11.962982,4.731018,277.58255,101867.125,0.0,4.9883204
2015-03-26 12:00:00,11.88559,6.995453,225.95348,101911.914,5.538758e-07,3.6431472
2015-03-27 12:00:00,11.242249,8.675171,166.31187,100989.125,0.0003185405,5.902472
2015-03-28 12:00:00,10.506165,5.7328796,218.86134,101105.57,1.2340891e-05,5.651463
2015-03-29 12:00:00,13.321442,5.656433,289.5828,101775.234,0.0,5.0844145
2015-03-30 12:00:00,13.378571,4.823761,283.34003,102006.72,0.0,2.796954
2015-03-31 12:00:00,14.335449,8.0277405,233.90897,101949.305,0.0,3.5682392
2015-04-01 12:00:00,14.597717,7.042633,255.78094,101762.95,0.0,2.2705648
2015-04-02 12:00:00,17.88852,6.9499817,292.35858,101782.35,0.0,0.976263
2015-04-03 12:00:00,18.54538,8.535614,273.05463,101796.16,0.0,1.9275602
2015-04-04 12:00:00,18.92746,8.455017,275.88416,101654.77,0.0,1.7066708
2015-04-05 12:00:00,18.845306,8.012695,266.9968,101194.6,0.0,1.8447154
2015-04-06 12:00:00,23.884735,9.250183,303.92996,100891.41,0.0,0.7441362
2015-04-07 12:00:00,23.741608,10.074127,286.585,100835.48,1.0335017e-06,1.9522023
2015-04-08 12:00:00,16.977295,9.114319,258.80496,100842.94,5.1375127e-06,2.3656626
2015-04-09 12:00:00,14.252716,10.28363,214.00464,100920.28,5.7424095e-06,4.013589
2015-04-10 12:00:00,15.184296,8.682495,304.89435,100941.86,3.8598326e-08,3.50171
2015-04-11 12:00:00,15.786011,7.9379883,310.31393,100704.055,0.0,3.941852
2015-04-12 12:00:00,14.2638855,9.903503,126.5271,100418.016,6.633511e-05,4.019804
2015-04-13 12:00:00,11.441376,6.570923,120.06369,100211.51,0.00028900304,4.3036413
2015-04-14 12:00:00,11.377594,7.10376,228.30104,100639.94,5.9895665e-05,2.3743784
2015-04-15 12:00:00,11.542023,7.6513367,104.21058,99832.055,0.0002418893,3.8495622
2015-04-16 12:00:00,11.942291,7.925873,270.16516,100563.19,4.4896424e-07,3.062405
2015-04-17 12:00:00,11.748383,8.267212,148.07048,100488.31,3.064145e-05,1.6242256
2015-04-18 12:00:00,13.868835,9.330444,152.07162,99901.45,4.2170017e-05,2.7458582
2015-04-19 12:00:00,12.826904,10.329346,86.73163,99398.86,0.00016553132,3.2867904
2015-04-20 12:00:00,14.050842,8.825745,285.649,99863.555,0.00016583453,0.74115634
2015-04-21 12:00:00,14.464294,9.179047,324.9947,100428.91,8.3458245e-09,3.9379
2015-04-22 12:00:00,14.914886,10.549255,307.7798,100754.21,0.0,5.47797
2015-04-23 12:00:00,15.6249695,7.966217,329.6595,100793.78,0.0,1.7316914
2015-04-24 12:00:00,15.178467,7.802704,335.2172,100876.65,0.0,2.3989263
2015-04-25 12:00:00,15.903229,7.485962,335.63074,100918.57,0.0,2.3445802
2015-04-26 12:00:00,17.879639,9.334625,330.31784,100860.27,4.686311e-09,2.178845
2015-04-27 12:00:00,17.358124,10.581329,296.22296,101095.555,1.3333294e-06,2.5438557
2015-04-28 12:00:00,18.814545,12.136139,313.70566,101293.055,0.0,3.0133348
2015-04-29 12:00:00,19.555573,11.075745,329.34006,100901.82,0.0,2.4418244
2015-04-30 12:00:00,19.330902,11.163971,329.7971,100653.234,0.0,3.7542272
2015-05-01 12:00:00,17.694244,10.776825,345.68195,100863.47,0.0,5.8531537
2015-05-02 12:00:00,19.216858,9.588989,344.1179,100909.8,0.0,3.981339
2015-05-03 12:00:00,19.768005,9.718262,341.91257,100803.4,0.0,2.1543837
2015-05-04 12:00:00,19.119293,10.306824,346.91748,100786.39,3.7054935e-08,3.9571981
2015-05-05 12:00:00,20.417511,11.496124,351.70334,100713.164,0.0,4.5614963
2015-05-06 12:00:00,22.356293,10.077881,351.12,100537.02,0.0,2.7917998
2015-05-07 12:00:00,21.306183,10.339264,336.46362,100680.43,2.5239092e-07,2.7525902
2015-05-08 12:00:00,20.209778,11.1015625,351.1999,100792.57,0.0,3.235479
2015-05-09 12:00:00,21.199493,11.526001,275.23114,100662.82,0.0,2.0631752
2015-05-10 12:00:00,24.689331,10.589966,343.5046,100414.82,1.1079782e-08,1.6642402
2015-05-11 12:00:00,24.201569,10.587158,353.5724,100288.21,1.4433462e-07,2.1084795
2015-05-12 12:00:00,19.338287,11.302795,322.5191,100473.71,5.0434364e-06,2.6767483
2015-05-13 12:00:00,18.772491,10.290802,357.30734,100383.04,0.0,4.2567334
2015-05-14 12:00:00,16.12973,10.274963,359.2454,100507.375,0.0,6.099069
2015-05-15 12:00:00,19.003326,10.565369,355.8286,100713.87,2.411182e-08,4.6691074
2015-05-16 12:00:00,21.159027,10.322174,361.12067,100453.01,0.0,2.3464458
2015-05-17 12:00:00,23.177399,10.551849,360.9387,100514.95,0.0,2.1294987
2015-05-18 12:00:00,22.77713,10.622925,354.74066,100696.016,1.2935113e-06,1.8833613
2015-05-19 12:00:00,22.537628,10.371155,354.90576,100581.15,2.0107723e-06,1.7910216
2015-05-20 12:00:00,22.090912,10.72287,341.2789,100303.586,3.467203e-06,2.0433674
2015-05-21 12:00:00,19.402802,12.277191,333.12277,100441.58,6.1015717e-06,2.5270314
2015-05-22 12:00:00,19.271301,11.775055,335.66687,100548.49,5.67447e-06,2.4989257
2015-05-23 12:00:00,19.284485,11.440704,345.54144,100528.78,6.5798135e-06,2.508095
2015-05-24 12:00:00,19.264954,11.077942,337.0886,100413.1,3.3727058e-06,2.5104885
2015-05-25 12:00:00,20.277954,11.1622925,355.69754,100189.07,5.1975417e-07,2.4173672
2015-05-26 12:00:00,20.217743,11.884644,363.55005,100115.63,7.4462907e-09,2.6901412
2015-05-27 12:00:00,19.939056,12.6936035,363.58185,100517.21,5.397998e-09,3.4823241
2015-05-28 12:00:00,20.667358,12.647675,359.96356,100767.14,1.208116e-07,2.8854227
2015-05-29 12:00:00,20.902252,13.005463,333.49265,100511.7,4.653448e-09,2.6648285
2015-05-30 12:00:00,20.34671,13.558136,357.48712,100338.07,6.102531e-08,3.7774572
2015-05-31 12:00:00,19.085236,13.391754,375.01724,100689.914,0.0,5.7017264
2015-06-01 12:00:00,19.244568,13.888428,374.37625,100644.38,0.0,5.8146105
2015-06-02 12:00:00,19.563538,13.430023,369.41257,100849.17,0.0,6.1643777
2015-06-03 12:00:00,22.015167,13.8124695,374.7063,100749.766,0.0,5.2759213
2015-06-04 12:00:00,23.891571,13.013123,373.704,100311.27,0.0,2.3525267
2015-06-05 12:00:00,23.571716,12.319061,367.4413,100346.76,5.778449e-07,2.3165843
2015-06-06 12:00:00,22.10733,13.511047,343.5672,100660.24,3.8609132e-06,2.4966962
2015-06-07 12:00:00,21.941437,13.178131,324.38477,100663.1,6.855283e-06,2.5740368
2015-06-08 12:00:00,23.931396,12.934784,376.22635,100340.96,0.0,2.2869494
2015-06-09 12:00:00,23.703094,13.430878,331.5883,100266.38,0.0,3.1734037
2015-06-10 12:00:00,20.170044,13.056793,342.93695,100646.05,0.0,3.3388834
2015-06-11 12:00:00,21.388245,12.069122,357.1483,100680.52,8.964542e-07,2.7461357
2015-06-12 12:00:00,24.585602,12.517822,358.67188,100473.24,0.0,2.24535
2015-06-13 12:00:00,24.442322,14.306427,365.89996,100504.33,1.731558e-07,2.7193668
2015-06-14 12:00:00,21.918213,15.067657,279.95615,100751.43,1.9571398e-07,2.673345
2015-06-15 12:00:00,21.509766,16.20456,287.13104,100666.43,1.2004633e-06,3.204952
2015-06-16 12:00:00,20.393402,15.616608,311.03503,100824.086,3.540396e-06,3.785368
2015-06-17 12:00:00,19.588501,14.711334,240.68001,100830.336,1.1404809e-05,4.361771
2015-06-18 12:00:00,23.384552,12.281921,371.96518,100728.0,1.0061476e-07,2.6230628
2015-06-19 12:00:00,23.214752,14.468903,372.27795,100412.516,8.165113e-10,2.7479386
2015-06-20 12:00:00,22.627258,14.025818,372.16403,100697.03,0.0,2.8879688
2015-06-21 12:00:00,23.56842,14.301544,372.80075,100677.61,8.488352e-09,2.61533
2015-06-22 12:00:00,22.885712,15.5876465,346.7551,100559.29,2.2553002e-06,3.6426916
2015-06-23 12:00:00,20.051392,15.647705,304.84366,100616.555,9.247351e-06,4.277673
2015-06-24 12:00:00,23.33722,16.247253,372.67053,100635.97,0.0,4.9009676
2015-06-25 12:00:00,22.514069,15.538666,371.85645,100379.85,0.0,5.6824923
2015-06-26 12:00:00,22.640442,14.06369,370.6653,100263.65,0.0,2.821269
2015-06-27 12:00:00,22.26352,15.540039,369.6039,100587.84,0.0,3.9836426
2015-06-28 12:00:00,21.598663,14.995697,366.414,100877.125,1.3829901e-08,3.6729653
2015-06-29 12:00:00,21.241669,15.198181,349.3273,100852.305,1.312033e-06,3.480444
2015-06-30 12:00:00,21.148956,15.835846,349.64447,100736.38,1.3664041e-06,3.8656878
2015-07-01 12:00:00,20.835052,15.765259,343.1274,100882.07,2.5501886e-06,4.0545626
2015-07-02 12:00:00,21.934143,14.855103,364.4368,100964.91,6.222714e-08,3.4754531
2015-07-03 12:00:00,23.544159,14.675446,365.79718,100873.18,7.0594086e-07,2.8381855
2015-07-04 12:00:00,24.709564,14.614014,372.28958,100743.15,9.383174e-09,2.413659
2015-07-05 12:00:00,24.26239,15.513306,362.17975,100731.055,2.5321754e-07,2.9136784
2015-07-06 12:00:00,21.944397,16.689148,351.65805,100812.39,9.582701e-07,4.298579
2015-07-07 12:00:00,21.571747,15.661865,345.88602,100882.44,2.3287298e-06,3.901063
2015-07-08 12:00:00,21.136566,15.659363,254.84282,100875.9,2.5454651e-06,3.3619444
2015-07-09 12:00:00,21.869476,15.226532,339.91507,100845.23,7.7123053e-07,3.5331433
2015-07-10 12:00:00,23.10318,15.196014,368.54868,100879.99,0.0,3.924281
2015-07-11 12:00:00,22.603668,16.084473,364.6363,100742.51,0.0,4.556151
2015-07-12 12:00:00,21.886536,16.404602,366.3029,100801.67,0.0,5.2237625
2015-07-13 12:00:00,21.775757,15.533539,358.68552,101015.44,7.792078e-09,5.0636244
2015-07-14 12:00:00,22.543427,14.694977,367.10947,101011.07,0.0,4.0469704
2015-07-15 12:00:00,23.789581,16.352142,362.76202,101087.87,0.0,4.768971
2015-07-16 12:00:00,23.133179,16.993927,362.84766,101066.02,0.0,5.739899
2015-07-17 12:00:00,22.649078,16.824615,359.86316,101046.55,0.0,6.189692
2015-07-18 12:00:00,23.215637,16.179443,354.063,100910.48,0.0,3.8627129
2015-07-19 12:00:00,25.170044,15.209717,359.261,100688.7,0.0,2.5523336
2015-07-20 12:00:00,25.019806,16.265564,236.05794,100480.02,0.0,3.0098927
2015-07-21 12:00:00,26.429688,18.394867,325.97736,101034.38,8.54291e-08,3.8596816
2015-07-22 12:00:00,29.409851,17.11203,353.84903,100757.69,0.0,2.0682924
2015-07-23 12:00:00,29.144165,18.223724,354.3387,100552.234,0.0,2.6635268
2015-07-24 12:00:00,26.810547,16.00827,359.82257,100585.375,0.0,2.7008395
2015-07-25 12:00:00,26.795807,16.71463,349.2397,100541.94,3.3562165e-07,2.6277802
2015-07-26 12:00:00,26.795532,16.534546,358.1799,100385.984,0.0,2.5960329
2015-07-27 12:00:00,26.040253,17.009308,326.21213,100255.57,9.0870543e-07,3.1544585
2015-07-28 12:00:00,23.578857,17.936646,335.5863,100266.32,2.1015806e-07,3.8358948
2015-07-29 12:00:00,23.249329,18.058502,318.01575,100364.445,1.339369e-06,3.8895514
2015-07-30 12:00:00,24.271301,16.98767,341.5033,100442.555,0.0,3.3596966
2015-07-31 12:00:00,23.79721,18.135254,325.30344,100389.305,5.3899345e-07,3.8135102
2015-08-01 12:00:00,23.381042,18.784912,321.6651,100274.48,1.4668761e-07,4.8337984
2015-08-02 12:00:00,23.124695,18.442047,276.54858,100295.61,0.0,4.509194
2015-08-03 12:00:00,24.225372,16.358551,338.01874,100456.125,0.0,3.3306794
2015-08-04 12:00:00,24.272217,16.246857,344.6694,100520.43,4.282998e-09,3.2995644
2015-08-05 12:00:00,24.49347,16.022797,343.66357,100515.35,0.0,3.4578493
2015-08-06 12:00:00,25.036682,15.635468,343.19025,100475.14,0.0,3.166281
2015-08-07 12:00:00,24.604797,16.532959,341.52588,100485.39,0.0,3.6841211
2015-08-08 12:00:00,24.143036,16.111237,340.5323,100426.44,0.0,3.254519
2015-08-09 12:00:00,24.95755,16.072723,338.5276,100615.72,0.0,3.096013
2015-08-10 12:00:00,26.19223,15.650818,336.70056,100801.28,0.0,2.549227
2015-08-11 12:00:00,26.774536,17.022308,328.90485,100721.67,0.0,2.5297081
2015-08-12 12:00:00,26.512878,17.323425,326.62482,100372.62,0.0,3.0485375
2015-08-13 12:00:00,24.245483,17.564453,286.8203,100214.805,7.159437e-08,3.2934139
2015-08-14 12:00:00,24.397827,18.021332,315.38132,100384.41,0.0,3.458426
2015-08-15 12:00:00,25.059235,17.318024,321.9489,100396.44,0.0,2.8255615
2015-08-16 12:00:00,24.449219,16.503204,322.9154,100337.555,0.0,2.9409316
2015-08-17 12:00:00,23.176086,16.922333,320.5385,100321.29,1.4119566e-08,3.643898
2015-08-18 12:00:00,22.911743,16.83612,304.71024,100391.34,1.518325e-07,3.8434315
2015-08-19 12:00:00,22.793182,16.35138,324.95114,100423.56,0.0,4.0055537
2015-08-20 12:00:00,22.195679,16.92215,288.69962,100404.27,6.2175906e-07,3.9600933
2015-08-21 12:00:00,23.88742,16.647827,314.87177,100521.98,2.2325144e-08,3.3509123
2015-08-22 12:00:00,27.106873,16.034119,319.07355,100543.74,0.0,2.4681866
2015-08-23 12:00:00,26.623444,17.356445,285.2401,100503.93,1.0136423e-06,3.1147583
2015-08-24 12:00:00,23.954987,17.13974,205.45853,100551.086,0.0,3.242544
2015-08-25 12:00:00,24.33197,16.144287,303.1203,100612.41,0.0,3.5502002
2015-08-26 12:00:00,23.749298,15.687714,313.57208,100568.35,0.0,4.4809017
2015-08-27 12:00:00,22.010345,16.255127,222.57784,100499.79,6.633102e-07,5.1411433
2015-08-28 12:00:00,21.364899,14.474823,312.15643,101090.15,3.218005e-08,4.7696824
2015-08-29 12:00:00,24.727509,11.756287,315.48932,101209.0,0.0,2.5714257
2015-08-30 12:00:00,24.442749,13.6753235,306.81253,101098.01,3.5147332e-09,2.470081
2015-08-31 12:00:00,23.247345,13.571045,302.32413,101086.44,1.2078659e-08,2.566882
2015-09-01 12:00:00,24.319702,13.994598,279.42456,100844.016,7.4443517e-07,2.403979
2015-09-02 12:00:00,25.403564,14.585999,277.42703,100587.484,1.9366157e-06,2.1666658
2015-09-03 12:00:00,24.721039,16.348145,266.26865,100528.74,2.5071124e-06,2.5519896
2015-09-04 12:00:00,22.90747,14.737579,244.25505,100623.055,4.221561e-06,2.2462747
2015-09-05 12:00:00,24.433563,14.868347,282.8425,100515.42,0.0,2.1927912
2015-09-06 12:00:00,24.816986,15.443481,276.07306,100303.48,2.9264234e-07,2.150967
2015-09-07 12:00:00,24.305206,16.170807,166.0735,100415.95,7.2414485e-07,2.3636687
2015-09-08 12:00:00,22.673737,15.845215,252.32443,100618.74,4.9562406e-08,2.4164202
2015-09-09 12:00:00,22.182495,16.287476,249.8575,100672.97,2.6747355e-07,3.055187
2015-09-10 12:00:00,23.707275,13.959503,278.7136,100600.13,7.342732e-08,2.6097403
2015-09-11 12:00:00,23.364594,15.219269,266.17407,100459.4,4.5009575e-08,2.5321622
2015-09-12 12:00:00,22.779877,14.905243,219.28423,100560.67,0.0,3.8187642
2015-09-13 12:00:00,21.55133,15.934296,278.24084,100750.58,0.0,5.845578
2015-09-14 12:00:00,23.49759,13.620728,278.78766,101015.08,0.0,3.9160047
2015-09-15 12:00:00,25.324738,12.939117,277.09076,101025.555,0.0,1.9214226
2015-09-16 12:00:00,29.015472,13.876343,277.68164,100746.664,0.0,0.6751987
2015-09-17 12:00:00,31.161133,16.593262,270.6312,100532.44,0.0,1.5678265
2015-09-18 12:00:00,30.729614,16.927643,230.58232,100532.87,0.0,1.989247
2015-09-19 12:00:00,23.70456,17.152435,189.30916,100751.97,7.5681237e-07,3.4958797
2015-09-20 12:00:00,21.157349,16.87738,140.61455,100652.414,1.7354303e-06,3.185455
2015-09-21 12:00:00,22.861633,15.974243,252.26068,100511.84,0.0,3.1415205
2015-09-22 12:00:00,23.030548,15.214386,255.58096,100534.26,0.0,3.4339964
2015-09-23 12:00:00,22.00357,13.667145,247.74551,100624.21,0.0,3.109271
2015-09-24 12:00:00,23.313995,12.100403,257.48703,100618.35,0.0,2.1984146
2015-09-25 12:00:00,23.685822,13.3428955,241.05229,100796.69,5.2582925e-07,2.1781273
2015-09-26 12:00:00,23.973541,15.987335,215.48268,100752.516,4.0514934e-07,2.4061732
2015-09-27 12:00:00,23.86789,15.941315,245.52261,100512.766,0.0,4.6413236
2015-09-28 12:00:00,26.960785,14.638367,247.57852,100251.516,0.0,3.42029
2015-09-29 12:00:00,27.641083,15.421051,245.31175,100561.58,0.0,1.3985416
2015-09-30 12:00:00,26.499146,13.907745,228.97829,100979.875,2.7197154e-06,2.2080119
2015-10-01 12:00:00,22.192078,14.630371,218.679,100628.984,6.2883255e-06,2.565443
2015-10-02 12:00:00,25.620575,13.058838,238.20135,100325.3,0.0,1.3403796
2015-10-03 12:00:00,25.948364,13.244385,233.08931,100502.94,5.929997e-07,1.6329718
2015-10-04 12:00:00,25.580566,13.651672,166.98299,100556.24,3.7574614e-07,1.8096268
2015-10-05 12:00:00,19.933746,15.19986,195.28723,100465.445,7.3527967e-06,3.853565
2015-10-06 12:00:00,19.565521,15.03833,208.41733,100441.68,9.342203e-08,5.362864
2015-10-07 12:00:00,20.99121,13.835602,230.7683,100359.79,0.0,6.3341527
2015-10-08 12:00:00,23.745605,15.859589,229.0625,100442.18,0.0,5.469472
2015-10-09 12:00:00,23.720398,11.985077,224.04384,100675.7,0.0,2.1295712
2015-10-10 12:00:00,20.982025,11.315674,216.56789,100702.69,3.349449e-07,2.0528634
2015-10-11 12:00:00,19.854645,13.140808,221.11848,100776.69,0.0,6.9483085
2015-10-12 12:00:00,19.716827,13.522034,220.58751,101146.02,0.0,6.0176086
2015-10-13 12:00:00,20.4487,10.872406,197.35867,101020.234,0.0,2.9098947
2015-10-14 12:00:00,21.789398,11.400696,205.4376,100756.75,1.7573665e-08,1.9906483
2015-10-15 12:00:00,21.130188,12.6719055,203.29874,100471.45,0.0,2.0403266
2015-10-16 12:00:00,21.12201,11.33429,202.74777,100752.79,0.0,1.8088788
2015-10-17 12:00:00,19.477753,11.600616,186.52412,100945.48,5.3495473e-06,1.9648119
2015-10-18 12:00:00,19.251007,10.142914,200.11406,100685.82,4.3421586e-09,2.1929166
2015-10-19 12:00:00,18.129944,10.246918,182.98291,100645.41,9.276699e-07,2.460593
2015-10-20 12:00:00,18.686249,9.500916,190.47261,100753.88,3.121372e-08,1.9339707
2015-10-21 12:00:00,19.322449,8.944946,178.11575,100962.21,1.0566498e-08,2.2828486
2015-10-22 12:00:00,18.335358,13.088196,151.41003,100900.77,4.9994087e-06,2.5243406
2015-10-23 12:00:00,19.151398,13.76889,197.43901,100913.41,0.0,5.6832356
2015-10-24 12:00:00,18.605286,11.265564,194.8433,101472.84,0.0,6.115328
2015-10-25 12:00:00,20.986633,14.70932,193.15538,101243.734,0.0,7.885453
2015-10-26 12:00:00,20.784973,11.719788,190.51263,101186.234,0.0,3.6771283
2015-10-27 12:00:00,19.732239,8.888947,178.76718,101302.016,1.6310739e-06,1.2467585
2015-10-28 12:00:00,17.940002,7.8971252,177.22278,101177.91,7.8930054e-07,1.9670007
2015-10-29 12:00:00,18.546844,8.835999,169.34628,101206.016,0.0,2.3944771
2015-10-30 12:00:00,18.094208,13.09198,150.88422,101003.805,4.2330585e-06,2.6606648
2015-10-31 12:00:00,16.689423,10.432587,144.37074,100471.516,0.0,2.6953528
2015-11-01 12:00:00,16.293152,10.126251,179.83374,100747.26,2.954496e-05,5.0902796
2015-11-02 12:00:00,16.528778,7.1844788,172.0114,101672.07,0.0,3.1181793
2015-11-03 12:00:00,17.245636,7.66687,151.67921,101585.32,0.0,0.7457698
2015-11-04 12:00:00,16.555756,7.1812744,160.12677,101373.4,0.0,2.5101337
2015-11-05 12:00:00,15.915283,11.17511,103.113556,101258.45,1.4163402e-06,1.0191349
2015-11-06 12:00:00,14.859467,11.723511,102.2671,101077.65,7.0231317e-06,3.0645845
2015-11-07 12:00:00,18.460632,9.216492,154.71544,101082.336,2.5559648e-06,2.4121337
2015-11-08 12:00:00,18.101898,8.576233,129.72014,101071.266,2.574704e-06,1.6397531
2015-11-09 12:00:00,16.05661,9.389984,119.427795,100876.016,1.9040689e-06,2.581215
2015-11-10 12:00:00,16.206116,8.149994,150.65611,100779.58,5.571288e-07,1.336378
2015-11-11 12:00:00,15.692535,9.489899,42.49351,100868.78,1.4651221e-05,2.33896
2015-11-12 12:00:00,15.318481,9.345032,156.06395,101228.14,1.4183271e-09,5.881821
2015-11-13 12:00:00,15.455414,9.523407,161.09901,101347.96,0.0,6.198717
2015-11-14 12:00:00,15.079712,6.694153,101.99496,101090.14,0.0,2.464354
2015-11-15 12:00:00,17.286163,8.509216,146.38118,100531.11,0.0,3.002729
2015-11-16 12:00:00,17.01831,8.176636,150.57275,100122.37,0.0,0.96203035
2015-11-17 12:00:00,16.33139,7.2758484,90.77559,99981.12,1.5211557e-05,2.882395
2015-11-18 12:00:00,12.95639,10.543671,64.98798,100284.08,0.00030926964,2.7009518
2015-11-19 12:00:00,13.190796,10.845428,28.262384,101560.945,7.590279e-05,3.6053526
2015-11-20 12:00:00,13.178375,9.63327,71.682945,101707.914,7.5411817e-06,2.2749245
2015-11-21 12:00:00,13.437592,10.302429,61.921566,101268.984,2.0986706e-06,0.9604568
2015-11-22 12:00:00,13.966461,11.172516,52.792637,101153.8,1.6755557e-05,1.2919829
2015-11-23 12:00:00,15.2899475,9.958466,126.83462,101192.73,4.0016193e-06,1.6638837
2015-11-24 12:00:00,15.343323,7.897339,133.20886,101246.71,1.2341638e-07,1.232239
2015-11-25 12:00:00,14.599518,7.88031,129.7229,101136.79,4.240469e-07,0.86256474
2015-11-26 12:00:00,14.517548,8.9609375,118.36427,101017.81,0.0,1.2537405
2015-11-27 12:00:00,14.715668,9.718903,106.30888,101097.734,0.0,1.0252603
2015-11-28 12:00:00,14.186523,8.685211,54.58749,101072.945,3.5118023e-06,1.4895334
2015-11-29 12:00:00,14.013092,10.511475,39.91895,100752.695,8.824967e-05,3.0662837
2015-11-30 12:00:00,13.328003,10.292175,53.016987,100926.45,8.135721e-06,2.3509057
2015-12-01 12:00:00,13.09964,10.222107,32.3397,100829.914,0.00016762361,2.531087
2015-12-02 12:00:00,14.246704,12.467834,38.71375,100579.734,0.00027581363,3.1545842
2015-12-03 12:00:00,13.841736,9.583313,127.510414,100721.945,9.311124e-06,5.80476
2015-12-04 12:00:00,12.757019,8.152924,92.944824,100773.7,1.32176465e-05,6.579284
2015-12-05 12:00:00,11.460205,6.941681,129.65968,100991.06,5.6754715e-08,6.3596225
2015-12-06 12:00:00,10.950623,5.0556335,129.01236,101865.66,0.0,2.5283964
2015-12-07 12:00:00,10.001068,6.9037476,42.1687,101884.64,3.9989074e-05,1.0940808
2015-12-08 12:00:00,10.517792,6.3838196,109.01086,101528.33,6.1258584e-06,2.3352282
2015-12-09 12:00:00,11.042419,9.183899,35.865017,100905.13,0.000114599134,3.0400705
2015-12-10 12:00:00,11.423218,7.485779,113.8369,100658.06,3.7377456e-05,4.5975575
2015-12-11 12:00:00,12.097626,6.0512695,110.740005,100942.195,1.4058933e-08,2.87829
2015-12-12 12:00:00,11.746826,9.352936,66.83569,100723.945,0.00013878247,4.4903755
2015-12-13 12:00:00,12.35379,6.514099,126.677795,101327.47,2.515426e-07,3.9851484
2015-12-14 12:00:00,11.680054,3.9779968,122.53393,101592.43,0.0,1.8623707
2015-12-15 12:00:00,10.279572,3.0256042,114.26282,101997.195,5.428986e-07,1.6061825
2015-12-16 12:00:00,12.559723,5.0496826,115.67763,101925.88,1.0071935e-06,1.0504926
2015-12-17 12:00:00,12.115875,3.5329285,105.488914,101656.3,1.2738182e-06,2.4413037
2015-12-18 12:00:00,9.847137,4.683502,97.81485,101606.01,1.201383e-06,3.195243
2015-12-19 12:00:00,12.508606,5.609253,107.70055,101365.34,9.249385e-09,2.466576
2015-12-20 12:00:00,12.103973,8.782379,33.31105,101180.445,0.00010079316,3.2225423
2015-12-21 12:00:00,11.175903,4.82016,112.29279,101587.33,3.615577e-07,1.3519629
2015-12-22 12:00:00,11.952301,7.869446,56.798203,101310.91,4.6341043e-05,2.1840386
2015-12-23 12:00:00,12.46817,7.137085,122.037315,101899.99,2.660834e-06,4.7294903
2015-12-24 12:00:00,12.571808,4.517853,122.377464,101992.31,0.0,1.8920028
2015-12-25 12:00:00,11.873718,4.528351,103.28964,102006.586,6.716465e-07,0.9186228
2015-12-26 12:00:00,10.543274,4.676483,85.72422,101806.77,2.5069905e-06,0.8483371
2015-12-27 12:00:00,10.416351,3.4773254,117.88413,101278.016,1.4959317e-06,1.7170532
2015-12-28 12:00:00,10.798431,2.376068,118.1874,101859.47,8.844623e-07,3.1466584
2015-12-29 12:00:00,12.368561,5.8609314,123.57311,102350.97,0.0,1.5543088
2015-12-30 12:00:00,11.872284,3.1504517,84.86398,102296.83,1.4219926e-06,1.1130208
2015-12-31 12:00:00,9.326721,5.707367,58.90232,101908.27,8.651981e-06,1.3097179
2016-01-01 12:00:00,11.949127,6.974243,51.429974,101584.53,6.3578205e-05,1.9471964
2016-01-02 12:00:00,11.963318,6.714966,128.11925,101547.64,2.8017143e-06,4.881084
2016-01-03 12:00:00,11.368835,8.328857,132.02805,100982.46,0.0,7.382105
2016-01-04 12:00:00,11.441254,5.2176514,128.98813,100692.805,0.0,5.108903
2016-01-05 12:00:00,11.067963,2.8170776,128.52065,101272.86,0.0,0.6712353
2016-01-06 12:00:00,10.1536255,1.9269104,124.94895,101279.78,6.3630896e-09,1.5920844
2016-01-07 12:00:00,10.324493,2.2045898,122.26494,101184.08,1.6423237e-06,1.1222928
2016-01-08 12:00:00,10.62027,2.7099,126.62211,101523.984,4.893174e-07,1.9899597
2016-01-09 12:00:00,11.2135315,2.9854736,130.23311,101634.76,1.9656576e-07,2.0779753
2016-01-10 12:00:00,10.952148,2.7659302,127.07213,101202.98,2.895987e-07,1.5256429
2016-01-11 12:00:00,10.116699,3.7928162,103.753746,100826.43,3.1905254e-06,1.4333787
2016-01-12 12:00:00,9.430939,4.2328186,63.157997,100647.26,5.142965e-08,1.9584757
2016-01-13 12:00:00,9.192688,5.961426,41.944405,100273.65,0.00010583723,3.266501
2016-01-14 12:00:00,9.358032,6.6300354,69.105484,99993.02,0.000108376764,2.962465
2016-01-15 12:00:00,10.980194,7.1367188,35.73339,100088.96,7.421131e-05,2.6013546
2016-01-16 12:00:00,11.662109,9.100922,37.689,99254.84,0.00056385936,8.877854
2016-01-17 12:00:00,12.1961975,8.8029175,20.218958,100102.92,0.00028252846,4.582134
2016-01-18 12:00:00,11.780426,8.525452,118.863014,100744.78,8.174228e-05,4.6454973
2016-01-19 12:00:00,11.220459,7.1263123,37.847267,101286.27,0.000101951424,3.1239302
2016-01-20 12:00:00,12.404999,9.42865,42.195793,101131.914,0.00023745545,4.177468
2016-01-21 12:00:00,11.969177,9.781525,63.90398,100800.84,8.124583e-05,3.9687827
2016-01-22 12:00:00,12.752899,10.424408,54.53864,100096.33,0.00015874676,4.1515765
2016-01-23 12:00:00,12.95697,11.132019,21.631563,100091.01,0.00032916907,4.281945
2016-01-24 12:00:00,12.740723,8.75824,73.673485,99780.65,0.00041387856,7.437389
2016-01-25 12:00:00,9.918182,6.799408,125.477,100459.59,1.3843995e-06,4.4970183
2016-01-26 12:00:00,10.934235,7.1374207,145.12073,100405.01,9.278207e-05,4.6654177
2016-01-27 12:00:00,10.450684,4.152466,48.257946,100712.055,7.927118e-05,0.5976639
2016-01-28 12:00:00,10.981079,7.0310974,66.48416,100255.85,0.00019816862,4.7930512
2016-01-29 12:00:00,11.353668,6.8349,155.1963,100627.84,2.815581e-07,5.2523246
2016-01-30 12:00:00,11.244965,6.162567,71.97757,101027.06,1.0868671e-05,2.5638936
2016-01-31 12:00:00,10.395264,5.578949,121.41747,101309.484,5.943653e-06,0.97537
2016-02-01 12:00:00,10.645203,5.8929443,142.25327,101328.016,7.468397e-08,2.279364
2016-02-02 12:00:00,10.731049,6.955078,76.31603,101465.83,4.647525e-06,1.7253588
2016-02-03 12:00:00,11.331543,8.832214,36.966732,101222.71,9.179498e-05,4.3710403
2016-02-04 12:00:00,12.026367,10.638641,42.306927,100539.36,0.00013577825,6.357403
2016-02-05 12:00:00,11.677124,7.149811,142.53122,100780.766,8.62367e-05,3.3110533
2016-02-06 12:00:00,11.631836,9.135376,42.9358,100891.27,0.00016327965,7.304819
2016-02-07 12:00:00,11.7969055,8.506409,81.93861,100351.16,0.00060458225,5.0906205
2016-02-08 12:00:00,10.328827,5.856903,164.94263,100869.305,0.0,2.8311765
2016-02-09 12:00:00,11.517822,7.452484,45.354893,100784.15,7.3979776e-05,4.8803654
2016-02-10 12:00:00,12.332581,10.080048,77.5506,100482.445,0.00035530582,7.324214
2016-02-11 12:00:00,12.058197,8.058777,153.52975,101304.07,2.9746104e-08,2.120051
2016-02-12 12:00:00,11.751434,7.2661133,114.24689,101525.305,3.8443177e-06,1.0654343
2016-02-13 12:00:00,11.690582,6.6293335,115.226654,101182.98,3.2262162e-07,0.7621103
2016-02-14 12:00:00,13.706512,6.8479614,172.64978,101015.305,4.810017e-07,0.7314206
2016-02-15 12:00:00,13.6354065,7.5392456,70.1553,100407.46,1.6089272e-05,1.9406842
2016-02-16 12:00:00,12.649292,11.63324,111.15617,99588.305,0.00029408527,7.377752
2016-02-17 12:00:00,12.143127,8.766693,80.87657,99711.65,0.0002549357,4.765687
2016-02-18 12:00:00,12.070496,8.854309,93.413635,99780.125,0.00022586988,5.877786
2016-02-19 12:00:00,11.943878,8.729462,85.527985,100161.53,9.257184e-05,2.7470891
2016-02-20 12:00:00,11.167816,7.8771667,181.73361,100722.25,6.2982595e-05,4.1692877
2016-02-21 12:00:00,10.865936,7.61261,46.39558,100627.65,8.9789544e-05,3.1556394
2016-02-22 12:00:00,12.368561,10.428314,60.858013,99546.1,0.00015067075,6.519927
2016-02-23 12:00:00,14.390961,7.7702026,180.51326,99638.195,1.5687368e-06,3.4581182
2016-02-24 12:00:00,14.324127,7.671753,153.67859,100050.21,1.3233076e-06,2.8950388
2016-02-25 12:00:00,11.156921,6.845825,120.93871,100435.625,1.121843e-07,3.7199626
2016-02-26 12:00:00,10.776886,7.2669373,42.677856,99727.67,0.0002019545,3.2147937
2016-02-27 12:00:00,10.755493,8.794739,74.47467,98982.695,0.0002967537,4.0167556
2016-02-28 12:00:00,9.208221,6.878296,109.0184,99319.586,9.646177e-05,6.0653276
2016-02-29 12:00:00,,,,,,
2016-03-01 12:00:00,8.740021,6.98822,42.522766,99772.914,0.00041747742,3.4976704
2016-03-02 12:00:00,8.713593,6.9929504,32.0751,99536.69,0.0005570603,3.0301228
2016-03-03 12:00:00,11.334259,5.568329,205.64891,99993.16,3.0407617e-05,0.81314844
2016-03-04 12:00:00,10.809235,6.926483,132.34389,100675.85,7.5520796e-07,4.505982
2016-03-05 12:00:00,10.299042,9.252899,29.478384,100446.086,0.00034863479,8.98342
2016-03-06 12:00:00,10.476746,8.884735,95.89066,99668.21,0.0003749903,7.660608
2016-03-07 12:00:00,8.946686,5.0346375,111.33754,99430.234,0.00024703573,5.348793
2016-03-08 12:00:00,7.495697,4.417694,72.45789,100198.33,0.00019543966,3.568686
2016-03-09 12:00:00,9.36969,4.707428,221.67184,100667.02,3.4510183e-05,3.5604887
2016-03-10 12:00:00,12.074127,4.94989,238.63684,100804.14,8.530839e-06,1.2673506
2016-03-11 12:00:00,14.429993,5.293091,247.59447,101148.53,0.0,2.084283
2016-03-12 12:00:00,14.429504,4.69812,237.09944,101379.29,6.0745145e-07,1.625953
2016-03-13 12:00:00,12.43103,7.4578247,221.46829,101033.35,6.236756e-06,3.6875997
2016-03-14 12:00:00,10.379181,6.6095276,113.71749,100747.9,3.12349e-06,2.9196243
2016-03-15 12:00:00,11.220093,6.1723022,59.03638,99860.88,0.00019409973,4.9145017
2016-03-16 12:00:00,11.785187,10.474518,67.09194,99139.08,0.000270171,8.578755
2016-03-17 12:00:00,11.452026,5.994751,202.035,99861.2,0.000113392394,3.5874412
2016-03-18 12:00:00,12.186218,8.528351,176.5337,100810.76,5.0315928e-05,1.1609474
2016-03-19 12:00:00,11.872986,7.3628235,166.87598,101339.36,4.2406e-07,2.6969109
2016-03-20 12:00:00,12.277344,10.204407,38.521915,100799.07,0.0004685755,6.772836
2016-03-21 12:00:00,12.067505,9.235657,150.92686,100981.484,1.8068826e-05,3.5380378
2016-03-22 12:00:00,12.385254,10.382233,41.896164,100835.5,0.00037717365,4.889472
2016-03-23 12:00:00,13.053741,12.0971985,50.14161,100569.89,0.00061566266,5.693324
2016-03-24 12:00:00,12.763092,11.742096,60.34953,100809.93,0.00019015111,3.06434
2016-03-25 12:00:00,12.207611,9.424438,106.19808,101143.766,1.0046704e-05,2.6379254
2016-03-26 12:00:00,11.740234,8.837585,144.64795,101008.11,2.3697355e-06,2.3632884
2016-03-27 12:00:00,12.6996155,8.825714,205.92192,100651.85,0.0,2.070463
2016-03-28 12:00:00,12.040253,7.747986,218.10892,100494.12,3.3319478e-07,3.4013953
2016-03-29 12:00:00,11.794708,5.759735,274.2521,100651.94,5.520973e-10,3.7110102
2016-03-30 12:00:00,11.816406,5.3959656,219.95296,100711.71,0.0,2.1283681
2016-03-31 12:00:00,11.602417,6.8367615,283.76807,100815.305,2.4537658e-10,4.582838
2016-04-01 12:00:00,13.903809,6.2635193,296.01398,101110.22,0.0,4.479876
2016-04-02 12:00:00,14.78183,6.194275,297.43466,101660.92,0.0,3.4631894
2016-04-03 12:00:00,14.225708,6.4590454,233.5913,102070.45,0.0,2.596823
2016-04-04 12:00:00,14.333527,8.933136,228.29456,102070.08,4.7658702e-07,2.3394592
2016-04-05 12:00:00,14.06958,10.242706,194.84889,101572.62,6.9715866e-06,2.9167886
2016-04-06 12:00:00,13.963074,8.283356,285.9493,101285.76,6.241547e-07,2.9672656
2016-04-07 12:00:00,14.472687,11.213776,174.3496,101080.805,8.7107306e-05,3.675184
2016-04-08 12:00:00,15.05365,8.026855,272.36728,101125.32,0.0,2.8282392
2016-04-09 12:00:00,14.959991,10.898102,248.83078,101418.59,3.8150106e-06,2.347375
2016-04-10 12:00:00,14.874695,10.792877,237.51901,101676.07,4.6404e-06,2.822199
2016-04-11 12:00:00,14.514862,9.994324,134.48727,101428.77,0.0,2.9148448
2016-04-12 12:00:00,14.994354,9.780945,305.17682,101188.69,1.3043369e-05,3.9343383
2016-04-13 12:00:00,14.573029,8.877441,227.42715,101295.48,2.3674033e-07,4.8331323
2016-04-14 12:00:00,15.330322,7.976837,300.54053,101196.586,5.212859e-06,3.4647691
2016-04-15 12:00:00,17.475433,7.8432617,315.55692,101192.94,0.0,1.7565261
2016-04-16 12:00:00,20.033081,9.135651,304.59537,101128.93,0.0,1.1104372
2016-04-17 12:00:00,19.86795,10.374603,240.65204,100958.6,1.03619534e-07,1.8174216
2016-04-18 12:00:00,18.763794,10.527222,311.47327,100730.414,0.0,2.875401
2016-04-19 12:00:00,17.194122,10.956329,320.78424,100777.1,3.0104644e-08,5.421429
2016-04-20 12:00:00,19.145111,8.7873535,324.97787,100778.28,0.0,2.8847678
2016-04-21 12:00:00,19.134613,9.202576,323.6035,100641.59,0.0,2.1682742
2016-04-22 12:00:00,17.164032,9.416046,297.5113,100713.39,2.4377255e-07,3.1055837
2016-04-23 12:00:00,16.407776,10.114349,305.57028,100972.91,4.1459322e-07,4.1306276
2016-04-24 12:00:00,19.294556,8.798798,333.31393,100896.34,4.727757e-11,3.2035253
2016-04-25 12:00:00,19.091736,9.403564,333.7429,100798.55,0.0,2.4705257
2016-04-26 12:00:00,17.294403,9.876038,319.7177,100838.195,6.620088e-07,4.003669
2016-04-27 12:00:00,15.948273,9.130463,340.83286,100705.34,0.0,4.6142077
2016-04-28 12:00:00,15.582214,9.8923645,346.19855,100219.41,0.0,6.300356
2016-04-29 12:00:00,15.837677,7.688019,344.61508,100333.195,0.0,3.5524743
2016-04-30 12:00:00,18.546295,8.197235,347.1069,100262.49,0.0,2.899407
2016-05-01 12:00:00,18.129425,7.4184875,343.39526,100377.516,0.0,2.6117861
2016-05-02 12:00:00,16.951294,8.038422,316.60034,100681.68,1.2476529e-06,3.0944645
2016-05-03 12:00:00,15.561615,7.969452,319.23267,100991.914,9.419725e-09,3.4751127
2016-05-04 12:00:00,16.644928,9.585968,229.08574,100843.67,1.8165148e-06,2.8503122
2016-05-05 12:00:00,15.974609,10.334991,317.17065,100771.664,0.0,3.4997618
2016-05-06 12:00:00,15.203735,9.532227,284.3129,100897.72,0.0,4.080718
2016-05-07 12:00:00,16.512268,9.055389,313.37537,100712.44,0.0,2.9885178
2016-05-08 12:00:00,15.88797,9.385925,280.50894,100760.91,0.0,3.6079125
2016-05-09 12:00:00,16.494202,7.3112793,333.05667,100580.08,0.0,3.1072798
2016-05-10 12:00:00,15.889221,10.555176,329.91238,100380.21,5.255701e-07,3.976938
2016-05-11 12:00:00,15.028656,10.55246,140.37769,100642.125,2.4190334e-05,3.6142285
2016-05-12 12:00:00,16.010376,8.997528,322.223,100870.66,4.67457e-06,2.54097
2016-05-13 12:00:00,17.262573,9.732239,352.22067,101159.6,1.45222785e-08,2.8589659
2016-05-14 12:00:00,19.538208,9.989807,354.6284,101340.75,0.0,2.2083387
2016-05-15 12:00:00,21.28598,10.953644,354.3562,101181.15,0.0,2.1481264
2016-05-16 12:00:00,22.063507,11.271881,355.25052,100732.266,0.0,2.2172403
2016-05-17 12:00:00,24.64975,11.615631,354.29352,100444.914,1.3272617e-08,1.983782
2016-05-18 12:00:00,24.09018,12.320404,354.97186,100516.51,2.5445192e-07,2.4866455
2016-05-19 12:00:00,18.839844,12.301056,331.75677,100606.484,7.35346e-06,2.8327804
2016-05-20 12:00:00,16.66681,12.459778,256.36322,100539.74,5.8033347e-06,4.5122056
2016-05-21 12:00:00,15.998077,13.16275,166.72572,100647.27,1.0713516e-05,4.3081913
2016-05-22 12:00:00,18.909088,13.343109,271.50937,100768.54,2.5828913e-06,2.4907901
2016-05-23 12:00:00,19.865265,10.156433,357.2091,100492.54,0.0,2.5730088
2016-05-24 12:00:00,18.995392,11.452301,365.5964,100611.39,4.665633e-09,3.8202817
2016-05-25 12:00:00,16.855896,12.878326,182.28831,100869.18,5.5443852e-05,3.1211362
2016-05-26 12:00:00,19.115814,12.343811,363.21417,101119.77,7.793756e-07,3.8246834
2016-05-27 12:00:00,20.994019,12.784607,368.02197,100864.375,0.0,3.930346
2016-05-28 12:00:00,20.720734,12.249298,349.697,100621.766,2.3431554e-09,2.9814773
2016-05-29 12:00:00,19.316162,12.607391,287.08633,100602.87,1.6462899e-07,2.9780762
2016-05-30 12:00:00,19.13916,12.742981,332.86743,100370.52,7.294036e-08,4.5726295
2016-05-31 12:00:00,18.064484,13.777191,265.92682,100157.23,6.6622204e-07,4.6973505
2016-06-01 12:00:00,17.599548,13.483826,203.40633,100461.875,1.437114e-06,5.1218247
2016-06-02 12:00:00,16.900879,13.328857,209.98424,100754.73,6.018905e-06,3.925399
2016-06-03 12:00:00,19.822968,12.898529,343.6403,100788.125,6.165005e-07,3.1979866
2016-06-04 12:00:00,21.029999,12.327545,366.46494,100639.37,0.0,2.9528036
2016-06-05 12:00:00,22.003265,13.066589,367.23804,100592.17,0.0,2.538878
2016-06-06 12:00:00,21.520508,13.285065,358.18668,100673.28,1.737053e-08,2.8571217
2016-06-07 12:00:00,22.44983,13.936859,338.8589,100677.83,0.0,2.768553
2016-06-08 12:00:00,22.387238,12.775269,335.27988,100458.63,0.0,3.088708
2016-06-09 12:00:00,22.81717,13.767029,360.13187,100324.42,0.0,2.6587267
2016-06-10 12:00:00,22.279327,13.6154175,371.4412,100470.01,0.0,3.6085172
2016-06-11 12:00:00,19.974518,13.488464,346.25293,100691.914,4.4186706e-08,3.2878454
2016-06-12 12:00:00,20.609802,14.310608,354.35654,100640.49,1.1486746e-08,2.9141731
2016-06-13 12:00:00,21.172272,13.572296,361.8345,100422.695,8.305792e-08,3.162038
2016-06-14 12:00:00,20.8042,14.673157,365.1301,100254.54,0.0,4.664751
2016-06-15 12:00:00,19.349335,14.199829,344.22836,100285.43,2.2986332e-07,3.9271586
2016-06-16 12:00:00,20.616821,12.936096,366.4806,100459.99,0.0,2.9952888
2016-06-17 12:00:00,20.166534,15.140869,369.13278,100483.555,0.0,4.949112
2016-06-18 12:00:00,22.625671,14.034729,382.37024,100477.56,0.0,4.172072
2016-06-19 12:00:00,23.87387,12.100769,385.40234,100570.64,0.0,3.5179489
2016-06-20 12:00:00,23.794586,13.31842,371.5681,100518.195,0.0,2.4067035
2016-06-21 12:00:00,23.216553,12.970032,369.24323,100417.23,3.636571e-07,2.848174
2016-06-22 12:00:00,20.41568,14.9253845,319.95242,100412.195,1.7294691e-06,4.39553
2016-06-23 12:00:00,20.171783,14.823395,349.57605,100543.5,1.9715377e-07,4.803796
2016-06-24 12:00:00,21.45578,15.336243,368.10718,100874.945,0.0,5.1200457
2016-06-25 12:00:00,22.26947,15.293488,368.50775,100945.62,0.0,5.0853853
2016-06-26 12:00:00,22.537292,16.014038,367.47607,100617.81,0.0,6.0432935
2016-06-27 12:00:00,21.949188,16.542206,368.1684,100305.69,0.0,5.409036
2016-06-28 12:00:00,21.279388,15.233124,346.52036,100281.56,1.16801225e-07,4.5966454
2016-06-29 12:00:00,21.131256,15.426453,338.5958,100303.38,1.94027e-07,4.322812
2016-06-30 12:00:00,20.752563,15.798492,323.06357,100490.93,8.8559665e-07,4.405984
2016-07-01 12:00:00,20.57077,14.539612,364.8934,100624.35,2.2500762e-08,4.1742086
2016-07-02 12:00:00,22.177612,14.610718,365.08163,100817.68,0.0,4.323018
2016-07-03 12:00:00,23.738525,14.469299,370.15588,100835.03,0.0,2.8542957
2016-07-04 12:00:00,23.42273,15.211182,367.49426,100663.19,2.5913348e-08,3.0165524
2016-07-05 12:00:00,22.521729,15.400085,349.24313,100620.59,1.4540974e-06,2.7230961
2016-07-06 12:00:00,21.814545,15.744476,337.43326,100648.62,2.3166456e-06,3.0202613
2016-07-07 12:00:00,21.735748,16.75647,330.33572,100756.67,2.8080517e-06,4.20957
2016-07-08 12:00:00,23.010437,14.497437,338.76263,100822.41,9.928978e-07,2.863929
2016-07-09 12:00:00,26.178986,13.926239,350.09283,100724.9,9.30819e-08,2.3718123
2016-07-10 12:00:00,25.807617,17.159088,306.7525,100578.64,0.0,2.4240124
2016-07-11 12:00:00,24.83194,16.650726,340.0601,100518.34,5.47382e-07,3.2013702
2016-07-12 12:00:00,24.140472,16.105743,329.0755,100596.9,2.64631e-06,2.9585428
2016-07-13 12:00:00,24.58789,15.945374,360.01453,100475.664,0.0,2.5932481
2016-07-14 12:00:00,24.171143,16.037415,352.3933,100558.555,1.4072265e-07,3.0083098
2016-07-15 12:00:00,24.080994,15.617706,361.52383,100765.234,0.0,3.5514581
2016-07-16 12:00:00,24.974243,15.111084,355.66934,100865.01,0.0,2.9585044
2016-07-17 12:00:00,24.75772,15.738922,355.60046,100777.35,0.0,2.8792405
2016-07-18 12:00:00,24.12265,15.877014,349.5585,100765.82,0.0,3.7252371
2016-07-19 12:00:00,25.808807,14.502777,353.61865,100738.87,0.0,2.5989141
2016-07-20 12:00:00,25.62027,14.345215,357.2009,100319.71,7.0294663e-09,2.4517853
2016-07-21 12:00:00,22.57727,16.080688,333.8037,100386.266,1.2431333e-06,3.6169562
2016-07-22 12:00:00,22.06366,15.75058,314.49985,100538.86,1.8840233e-06,3.3745615
2016-07-23 12:00:00,22.89505,15.3871155,339.97983,100626.66,7.3904744e-07,3.1171956
2016-07-24 12:00:00,23.455017,16.156372,353.22305,100808.875,0.0,3.1030786
2016-07-25 12:00:00,25.264587,15.89386,349.0437,100581.21,0.0,2.7607026
2016-07-26 12:00:00,27.351807,16.584595,345.97366,100254.02,0.0,2.684935
2016-07-27 12:00:00,27.122955,19.966217,353.32132,100412.98,0.0,4.9416723
2016-07-28 12:00:00,26.561554,16.921295,351.92117,100750.93,0.0,3.770296
2016-07-29 12:00:00,26.067963,17.46402,347.03766,100781.98,0.0,3.646831
2016-07-30 12:00:00,25.204132,15.669556,351.94272,100462.47,0.0,3.131402
2016-07-31 12:00:00,22.459625,16.870636,331.9067,100433.19,2.3195545e-07,4.2423954
2016-08-01 12:00:00,24.880188,15.523376,349.61972,100592.18,8.90512e-09,2.7461596
2016-08-02 12:00:00,24.588593,15.163757,326.83524,100499.72,1.0959355e-07,2.4714043
2016-08-03 12:00:00,23.709015,16.978485,283.8193,100505.16,8.398094e-08,2.5082328
2016-08-04 12:00:00,25.275146,16.266846,317.66022,100561.96,1.3587157e-06,2.3312724
2016-08-05 12:00:00,25.902283,17.408539,328.76468,100649.01,5.1862724e-08,2.4731286
2016-08-06 12:00:00,28.074158,18.019165,314.37524,100798.37,1.1715777e-08,2.494056
2016-08-07 12:00:00,29.966187,18.615814,308.4879,100685.86,0.0,2.3001769
2016-08-08 12:00:00,30.420532,20.371033,320.56335,100435.055,0.0,2.5798557
2016-08-09 12:00:00,29.369263,18.516266,328.21292,100388.85,0.0,2.8513143
2016-08-10 12:00:00,23.915619,18.100098,313.88962,100237.82,2.1740736e-06,3.524252
2016-08-11 12:00:00,24.192932,17.777618,335.22473,100175.94,0.0,4.4217215
2016-08-12 12:00:00,25.451294,16.826996,332.1077,100257.31,0.0,3.6691346
2016-08-13 12:00:00,25.186066,17.138855,321.34604,100491.65,0.0,4.086166
2016-08-14 12:00:00,24.279053,15.903412,330.24207,100688.97,0.0,3.1924815
2016-08-15 12:00:00,24.996643,15.586578,328.73648,100656.66,0.0,2.8543417
2016-08-16 12:00:00,24.362366,15.7771,317.749,100602.18,0.0,3.3776655
2016-08-17 12:00:00,23.739105,16.245544,307.2988,100781.99,7.0561754e-07,3.076658
2016-08-18 12:00:00,23.753906,15.760529,278.74728,100863.44,0.0,2.8267279
2016-08-19 12:00:00,24.154633,17.549713,261.93878,100734.38,0.0,2.4173822
2016-08-20 12:00:00,24.049072,15.906464,308.70007,100584.586,1.7934128e-07,2.823557
2016-08-21 12:00:00,24.192291,15.346649,317.4667,100529.71,0.0,3.083402
2016-08-22 12:00:00,24.437866,15.718079,317.8683,100390.984,8.849217e-10,2.5278425
2016-08-23 12:00:00,23.72113,15.12204,297.0748,100279.37,1.1887013e-06,2.4440467
2016-08-24 12:00:00,23.414032,16.42038,187.50119,100495.48,2.4836052e-06,2.1254742
2016-08-25 12:00:00,22.85559,17.845428,168.65224,100651.26,1.0956757e-07,2.0314913
2016-08-26 12:00:00,21.728546,16.149841,252.1454,100730.22,6.4646497e-06,3.2942824
2016-08-27 12:00:00,20.508667,15.073975,258.77762,100696.3,5.2888327e-06,3.5505621
2016-08-28 12:00:00,20.856903,15.259674,199.57256,100540.18,6.517162e-07,4.0110826
2016-08-29 12:00:00,19.880737,16.483643,187.06535,100361.6,2.384483e-06,4.3936677
2016-08-30 12:00:00,20.65918,16.088715,226.77817,100541.07,3.1539673e-06,3.3235106
2016-08-31 12:00:00,21.243439,16.20813,274.90472,100780.734,3.7156756e-06,3.2141175
2016-09-01 12:00:00,21.91394,15.701599,282.00293,100858.32,1.6769663e-06,2.970831
2016-09-02 12:00:00,23.02066,15.9279175,275.32996,100853.43,1.3351575e-06,3.01811
2016-09-03 12:00:00,23.465973,15.511902,270.54062,100834.164,1.7838898e-09,2.7892509
2016-09-04 12:00:00,23.070892,15.1875305,289.68143,100792.695,2.2452943e-07,3.1430998
2016-09-05 12:00:00,22.15036,16.532715,250.70981,100578.24,2.0422692e-06,3.4863245
2016-09-06 12:00:00,21.698425,16.588226,248.90773,100558.08,8.554326e-06,3.2564735
2016-09-07 12:00:00,22.552216,15.455811,271.30203,100564.56,3.5912612e-06,2.8390622
2016-09-08 12:00:00,23.025421,14.470245,263.08813,100457.375,1.9191884e-06,2.4653373
2016-09-09 12:00:00,22.0932,16.19107,271.66388,100564.016,6.442137e-07,3.868192
2016-09-10 12:00:00,21.012207,15.010101,284.40906,100746.0,0.0,3.8108368
2016-09-11 12:00:00,22.24356,15.909973,272.06952,100765.16,7.275637e-07,3.5648952
2016-09-12 12:00:00,22.251526,16.532074,237.66528,100483.65,2.731975e-06,3.3086982
2016-09-13 12:00:00,22.489014,17.023895,240.70256,100392.31,1.1547203e-06,3.4693701
2016-09-14 12:00:00,21.691528,17.296295,202.58026,100542.32,3.9069982e-06,3.8350954
2016-09-15 12:00:00,21.069977,17.142548,222.85799,100794.445,2.7087456e-06,3.7632418
2016-09-16 12:00:00,22.843475,15.665466,246.28178,101060.82,0.0,2.6626427
2016-09-17 12:00:00,24.859497,16.096985,258.71613,101026.61,0.0,2.3846152
2016-09-18 12:00:00,24.48822,17.224457,253.4695,100865.04,1.8597466e-07,2.3885055
2016-09-19 12:00:00,23.825348,16.31482,228.74652,100713.32,1.1587126e-06,2.6254601
2016-09-20 12:00:00,23.572815,16.438202,241.26704,100540.81,1.0314988e-06,2.8565629
2016-09-21 12:00:00,22.921448,17.379395,216.67,100507.38,2.7163483e-06,3.5109105
2016-09-22 12:00:00,21.993011,17.932953,171.47626,100541.86,6.6531384e-06,4.4120846
2016-09-23 12:00:00,23.673096,16.040985,211.18483,100565.07,1.6316966e-06,2.476626
2016-09-24 12:00:00,23.786865,16.463379,161.69632,100663.664,5.974202e-08,2.4776294
2016-09-25 12:00:00,23.733429,15.608032,220.99298,100768.58,1.6609008e-08,2.5681715
2016-09-26 12:00:00,22.425385,17.463379,174.24808,100717.47,2.6749556e-06,3.741061
2016-09-27 12:00:00,23.393066,15.956512,184.77263,100600.2,0.0,3.212589
2016-09-28 12:00:00,25.764557,14.01181,232.83997,100819.56,0.0,2.7473955
2016-09-29 12:00:00,25.52893,17.304016,162.82886,100771.12,0.0,3.4012942
2016-09-30 12:00:00,23.1008,17.247406,219.26895,100612.305,0.0,2.0415359
2016-10-01 12:00:00,21.867065,16.567047,170.29085,100485.01,1.3778085e-06,4.6202583
2016-10-02 12:00:00,23.51944,16.882263,229.66426,100813.33,0.0,4.120744
2016-10-03 12:00:00,25.796661,15.347595,230.29163,101018.86,0.0,2.381309
2016-10-04 12:00:00,27.39798,15.554016,227.81912,100772.23,1.2163938e-08,1.5966319
2016-10-05 12:00:00,27.181702,15.102295,228.73872,100321.164,2.7812671e-08,1.9672239
2016-10-06 12:00:00,26.71878,14.178619,235.35968,100238.234,0.0,3.9380376
2016-10-07 12:00:00,23.833801,13.562958,237.73268,100303.44,0.0,5.3017507
2016-10-08 12:00:00,23.929688,14.753479,232.309,100665.484,0.0,3.6806562
2016-10-09 12:00:00,23.955353,12.638733,183.6466,100721.95,1.9525017e-07,0.8496555
2016-10-10 12:00:00,23.026917,10.944031,222.21738,100739.69,0.0,2.4834094
2016-10-11 12:00:00,19.880096,12.439789,169.14362,100954.3,4.7625184e-07,3.2547479
2016-10-12 12:00:00,20.346863,14.780914,173.5899,101268.07,6.822239e-06,3.5422697
2016-10-13 12:00:00,20.74826,11.2942505,199.72438,101008.234,0.0,3.6936657
2016-10-14 12:00:00,20.213959,15.15564,207.97588,100910.42,1.58352e-06,5.3883796
2016-10-15 12:00:00,20.3833,9.562744,212.49583,101195.56,0.0,3.8354127
2016-10-16 12:00:00,20.20346,8.234161,208.20348,101102.0,1.1850273e-07,1.903423
2016-10-17 12:00:00,18.197937,9.944611,126.05525,101240.43,4.3276373e-07,2.630128
2016-10-18 12:00:00,18.186066,14.933044,80.53751,101039.44,1.0819605e-05,2.2836332
2016-10-19 12:00:00,18.043732,14.41156,162.78326,100819.2,2.2209786e-05,3.5091324
2016-10-20 12:00:00,18.3367,9.861328,179.17584,100566.8,9.455514e-11,2.6404376
2016-10-21 12:00:00,17.09616,12.526398,50.75869,99830.31,0.00013667533,5.29107
2016-10-22 12:00:00,15.291107,13.185089,129.5714,100252.23,0.0001952073,4.8871937
2016-10-23 12:00:00,16.471344,13.262787,22.89018,100594.7,0.00076529285,4.5002584
2016-10-24 12:00:00,16.295288,13.350098,44.020115,100175.84,0.00034790993,2.9254909
2016-10-25 12:00:00,14.793152,10.079132,99.13371,99904.04,0.00016420598,6.9625897
2016-10-26 12:00:00,14.602142,10.3862,174.68443,101116.766,1.4153422e-05,4.598758
2016-10-27 12:00:00,14.988739,9.369171,175.3942,101532.4,2.5825463e-08,2.2759304
2016-10-28 12:00:00,15.086243,12.724609,37.57003,101197.18,7.43518e-05,2.4667208
2016-10-29 12:00:00,15.676361,9.87265,177.76831,100939.86,1.243916e-05,4.313018
2016-10-30 12:00:00,15.5546875,10.729492,116.757774,101126.8,1.2282353e-06,3.486441
2016-10-31 12:00:00,16.379242,13.072052,132.52551,101440.68,6.3620806e-05,3.0001168
2016-11-01 12:00:00,15.982056,8.912598,173.84924,101707.01,1.2176339e-07,2.5482595
2016-11-02 12:00:00,15.319702,7.570404,177.49152,101793.79,0.0,4.0549016
2016-11-03 12:00:00,15.102631,9.804413,179.42383,101987.54,0.0,5.6023993
2016-11-04 12:00:00,14.798157,6.268036,100.45374,101322.26,0.0,1.9176769
2016-11-05 12:00:00,16.032532,10.09906,144.73665,100307.85,1.4651762e-10,4.5852213
2016-11-06 12:00:00,15.26181,9.633636,33.425465,99665.67,0.0003209241,3.2167118
2016-11-07 12:00:00,11.693176,8.7146,35.116295,99653.484,0.00031775355,4.7059746
2016-11-08 12:00:00,12.672943,9.826874,81.49991,100997.06,6.4584194e-05,2.7559621
2016-11-09 12:00:00,13.154419,7.923004,120.22531,101475.93,7.945523e-06,2.2581348
2016-11-10 12:00:00,13.126007,9.01828,106.566795,100910.23,0.00012365129,4.065798
2016-11-11 12:00:00,11.005981,7.5844727,82.94994,100935.61,1.1303376e-05,2.6414979
2016-11-12 12:00:00,13.834259,9.717255,141.78958,100947.664,3.6963433e-05,1.2365128
2016-11-13 12:00:00,15.062103,10.194763,134.46608,100782.75,0.00016424069,2.9250119
2016-11-14 12:00:00,14.237396,7.3701477,147.14049,101181.37,1.720014e-08,2.6133614
2016-11-15 12:00:00,13.687897,6.7478943,147.71397,101460.484,0.0,1.398458
2016-11-16 12:00:00,14.136108,9.060913,66.595436,101502.76,1.5181157e-06,1.7389408
2016-11-17 12:00:00,14.011108,9.9817505,137.84021,101094.6,9.021531e-06,1.5511835
2016-11-18 12:00:00,13.823029,10.666199,31.683537,100532.39,0.00020910882,4.32076
2016-11-19 12:00:00,11.849213,8.288849,73.762505,100704.414,0.00011487276,2.3979683
2016-11-20 12:00:00,11.345642,7.7374573,66.40813,100939.234,0.0002217393,2.4437354
2016-11-21 12:00:00,12.292847,9.305145,21.454317,100476.48,0.00018125575,7.9592023
2016-11-22 12:00:00,12.2690735,9.124512,54.524326,99745.72,0.00037816507,7.3280196
2016-11-23 12:00:00,10.777008,7.140167,59.468628,101296.72,4.6289784e-05,3.0413027
2016-11-24 12:00:00,14.055542,10.540466,12.571024,100804.734,0.00105019,8.108145
2016-11-25 12:00:00,14.775177,10.55127,53.163967,99592.35,0.0005539332,6.512453
2016-11-26 12:00:00,11.804169,8.364563,114.32149,99842.14,0.0001624489,7.017029
2016-11-27 12:00:00,11.215088,5.4917603,94.34308,101344.28,4.2611877e-08,2.1406002
2016-11-28 12:00:00,12.688812,9.7144165,82.155334,101148.414,0.00017530088,4.441817
2016-11-29 12:00:00,11.744629,8.092834,103.11672,101696.05,4.334688e-06,2.671115
2016-11-30 12:00:00,13.463654,10.567413,52.1573,101696.914,4.8671904e-05,5.7382755
2016-12-01 12:00:00,13.501007,10.515228,82.21188,101070.08,0.00026630663,4.973993
2016-12-02 12:00:00,10.862152,6.367859,130.81099,101794.8,0.0,6.307754
2016-12-03 12:00:00,10.367096,5.377716,134.3122,102119.99,0.0,6.3527117
2016-12-04 12:00:00,11.4313965,3.5263977,127.216286,101554.48,1.1458949e-07,3.5021906
2016-12-05 12:00:00,11.024719,4.339447,125.20174,101415.54,4.9957074e-05,2.2234268
2016-12-06 12:00:00,11.9496765,6.9839478,25.648682,101536.79,6.711709e-05,2.8101604
2016-12-07 12:00:00,11.226532,6.4351196,66.40385,101446.99,1.735124e-05,2.4167624
2016-12-08 12:00:00,11.101776,7.9792175,104.523636,100889.15,5.9882284e-05,3.712131
2016-12-09 12:00:00,8.4964905,5.5432434,81.9562,100805.016,2.239106e-06,5.3653626
2016-12-10 12:00:00,8.705261,5.4295044,86.1884,101126.44,5.999847e-08,1.5273114
2016-12-11 12:00:00,8.802002,6.138672,70.62518,101695.1,1.6490194e-06,2.5318933
2016-12-12 12:00:00,11.363342,6.287018,96.10047,101707.97,1.3393811e-06,1.5448396
2016-12-13 12:00:00,11.300476,6.92749,61.889862,101580.586,3.043476e-06,1.206218
2016-12-14 12:00:00,12.387146,10.151001,37.834194,101415.42,4.070452e-05,2.2563515
2016-12-15 12:00:00,12.253815,5.9769287,87.67463,100183.1,0.00012112633,5.354185
2016-12-16 12:00:00,7.105377,2.7747803,109.53657,99683.22,2.6591672e-06,7.392552
2016-12-17 12:00:00,7.390747,2.5466003,124.36636,100329.36,0.0,3.5657935
2016-12-18 12:00:00,7.0111694,0.42025757,119.771355,100789.03,3.5689973e-07,1.2382149
2016-12-19 12:00:00,6.3261414,1.9565735,122.300896,101011.05,3.3246696e-08,1.4401175
2016-12-20 12:00:00,7.678009,2.4266357,25.943295,101081.17,8.915054e-05,2.3659184
2016-12-21 12:00:00,8.422516,4.7856445,119.817055,101161.96,2.0432328e-05,3.8765988
2016-12-22 12:00:00,6.6769714,0.46899414,99.212036,101767.516,1.871964e-06,2.0854142
2016-12-23 12:00:00,6.920685,0.92715454,97.55269,102010.125,3.113909e-07,2.8062181
2016-12-24 12:00:00,9.107178,4.651825,114.604904,101867.99,1.00362995e-05,3.0548995
2016-12-25 12:00:00,6.9226685,2.3105469,128.12012,101756.31,0.0,9.631263
2016-12-26 12:00:00,6.6734314,2.3465576,128.42413,101251.28,0.0,7.0446553
2016-12-27 12:00:00,10.639404,3.2946777,126.37296,101012.16,0.0,4.994019
2016-12-28 12:00:00,10.595428,2.0619812,122.66641,101535.695,7.325881e-11,1.1113548
2016-12-29 12:00:00,10.285522,5.2579346,80.53288,101563.04,3.5460867e-05,2.8150234
2016-12-30 12:00:00,9.361359,3.093811,126.01801,101391.17,1.9031339e-06,2.93201
2016-12-31 12:00:00,7.516388,0.035491943,109.73003,101953.01,1.4873192e-06,3.713436
2017-01-01 12:00:00,5.6033936,1.2955017,120.24242,102162.65,0.0,3.8201256
2017-01-02 12:00:00,5.6830444,1.6915588,122.61124,101894.0,0.0,3.639613
2017-01-03 12:00:00,6.2373657,1.2732849,122.04748,101661.164,1.9640236e-08,3.4083738
2017-01-04 12:00:00,7.0305176,1.7455139,105.39239,101669.086,0.0,3.4986572
2017-01-05 12:00:00,10.20993,3.4711914,129.39459,101575.195,0.0,2.9148827
2017-01-06 12:00:00,9.661316,2.4597778,132.50308,101438.13,0.0,3.0600202
2017-01-07 12:00:00,8.629028,3.0353699,118.67697,101437.88,0.0,3.996298
2017-01-08 12:00:00,8.507996,2.5394287,128.81468,101418.38,0.0,3.8682063
2017-01-09 12:00:00,8.0555725,2.451233,81.067314,101406.92,1.1715777e-09,4.3131213
2017-01-10 12:00:00,6.956024,3.063324,38.492973,101128.336,5.962965e-05,3.4471624
2017-01-11 12:00:00,10.304962,5.592346,59.14495,101132.83,6.600238e-05,3.2996454
2017-01-12 12:00:00,10.906647,5.7237244,47.72098,100966.17,3.1170905e-05,2.7431872
2017-01-13 12:00:00,10.591156,7.9928284,27.113245,100702.875,0.00024641596,3.5594597
2017-01-14 12:00:00,12.562592,7.8248596,125.33472,101137.39,2.3653281e-05,2.0112731
2017-01-15 12:00:00,12.383911,6.5966187,73.82675,101404.28,1.5329746e-07,1.295392
2017-01-16 12:00:00,12.870392,7.9872437,113.7204,101523.18,1.19373235e-05,2.2899685
2017-01-17 12:00:00,12.973267,7.887665,104.1135,101482.71,0.0,2.2284617
2017-01-18 12:00:00,12.617676,8.84433,75.86665,101221.914,2.5294726e-06,1.5418586
2017-01-19 12:00:00,12.340759,7.5823364,122.43459,100932.53,5.657633e-06,0.48091188
2017-01-20 12:00:00,12.460815,6.990967,128.28409,100977.39,0.0,1.449459
2017-01-21 12:00:00,12.358978,6.504883,96.658325,101143.31,3.0787576e-06,0.49669155
2017-01-22 12:00:00,12.062378,5.3430786,113.09422,101378.63,2.387878e-06,1.273872
2017-01-23 12:00:00,12.383026,6.7236023,93.56702,101238.234,0.0,2.0389848
2017-01-24 12:00:00,12.307709,6.461029,133.03006,100831.94,0.0,1.9541458
2017-01-25 12:00:00,11.979095,6.1499023,50.200665,100478.95,7.1328814e-06,1.3501847
2017-01-26 12:00:00,9.774933,4.5053406,98.373764,100872.03,1.617372e-05,2.9250054
2017-01-27 12:00:00,12.365845,6.2924805,131.00304,101491.37,3.560101e-06,2.1511781
2017-01-28 12:00:00,12.313293,8.791473,62.57886,101055.016,0.00017425249,3.743451
2017-01-29 12:00:00,11.82843,6.28244,72.553696,101339.29,1.367919e-07,0.8207698
2017-01-30 12:00:00,10.925232,7.488861,29.547834,101276.46,0.000100046534,2.8950846
2017-01-31 12:00:00,12.76413,10.717438,26.094728,101067.586,0.00035306247,5.0064263
2017-02-01 12:00:00,12.873566,7.292877,153.14044,101601.3,2.2102154e-06,2.370636
2017-02-02 12:00:00,13.236603,6.0808105,157.72813,101792.914,2.2056108e-08,1.0936764
2017-02-03 12:00:00,13.063873,6.3536987,130.84082,101829.41,5.6378997e-07,2.0305507
2017-02-04 12:00:00,12.177826,8.81192,111.42365,101677.914,4.8593206e-06,1.2572284
2017-02-05 12:00:00,14.111664,7.5605164,145.9264,101381.734,1.2480112e-07,0.6641516
2017-02-06 12:00:00,14.094696,7.693512,112.02897,101442.59,9.459875e-07,0.429894
2017-02-07 12:00:00,12.782043,8.917755,71.05378,101790.53,1.8201976e-05,0.6656202
2017-02-08 12:00:00,15.614929,9.92746,148.49254,101972.305,3.7350221e-06,1.2407295
2017-02-09 12:00:00,16.384735,10.904327,137.89314,101737.94,0.0,0.59195864
2017-02-10 12:00:00,15.555206,9.260681,111.54182,101461.984,5.0307716e-07,1.1353128
2017-02-11 12:00:00,13.9531555,7.7521667,173.88431,101264.5,1.7778754e-07,1.5023919
2017-02-12 12:00:00,16.32965,7.440979,173.80478,101240.28,1.6595882e-07,0.7202861
2017-02-13 12:00:00,16.32544,9.247284,118.50488,100968.836,0.0,1.3409973
2017-02-14 12:00:00,14.906738,9.5468445,137.98569,100966.18,0.0,2.1435018
2017-02-15 12:00:00,14.681183,4.8300476,195.4905,101260.484,0.0,3.2315204
2017-02-16 12:00:00,14.639435,4.319336,195.35815,100923.984,5.7581754e-08,0.87893134
2017-02-17 12:00:00,13.222748,7.0694275,156.96274,100705.48,0.0,3.2818072
2017-02-18 12:00:00,13.898926,6.295807,156.95149,100609.7,1.7614799e-07,1.9701576
2017-02-19 12:00:00,13.074249,9.2388,78.55185,100284.414,3.6044694e-05,4.30726
2017-02-20 12:00:00,11.280182,7.5600586,163.88693,100499.016,5.726333e-06,2.812111
2017-02-21 12:00:00,11.773193,4.877655,191.17877,100753.98,6.349983e-07,1.1572134
2017-02-22 12:00:00,12.545563,4.8710327,202.8322,100919.58,8.5921506e-08,1.6505823
2017-02-23 12:00:00,12.608276,6.338928,89.59969,101048.016,6.1933124e-06,1.2563299
2017-02-24 12:00:00,12.435181,10.837494,33.48972,100791.96,0.000530677,5.0835943
2017-02-25 12:00:00,14.746063,10.192047,109.377975,100870.375,1.6499842e-05,2.9970856
2017-02-26 12:00:00,14.234436,13.113312,81.115456,101014.586,0.00019230587,6.380912
2017-02-27 12:00:00,14.341888,10.363861,125.55557,101284.266,5.0086314e-06,1.4738986
2017-02-28 12:00:00,14.24231,11.40036,37.44272,100463.195,0.00025688342,4.343462
2017-03-01 12:00:00,13.872498,10.09967,32.18651,100414.52,0.00031689578,4.4931197
2017-03-02 12:00:00,14.18454,10.787903,56.982002,99771.11,0.00046921126,4.8632016
2017-03-03 12:00:00,13.506012,10.538055,92.56969,100425.75,4.9553673e-05,4.5522947
2017-03-04 12:00:00,13.667938,8.333984,109.708755,100799.74,2.5961451e-06,2.1477046
2017-03-05 12:00:00,14.452667,11.4401245,38.990273,100461.72,0.0003748037,6.0160003
2017-03-06 12:00:00,14.56665,12.30835,91.6728,100532.85,0.00028735973,6.3051195
2017-03-07 12:00:00,12.594421,9.628387,172.59793,101128.82,2.7848342e-05,3.8573108
2017-03-08 12:00:00,12.323669,7.307678,135.39711,101512.22,2.9052712e-06,2.0660367
2017-03-09 12:00:00,14.057892,9.240295,181.56084,101597.664,2.3979667e-06,0.9043385
2017-03-10 12:00:00,13.802246,10.56604,126.71223,101287.29,6.1886817e-06,1.6490301
2017-03-11 12:00:00,13.459595,10.604675,54.450645,100576.27,8.106538e-05,1.6534082
2017-03-12 12:00:00,11.206329,8.138824,83.53129,100185.73,8.2035585e-05,3.4472034
2017-03-13 12:00:00,10.288879,6.4934387,229.51076,100792.41,7.288348e-07,4.2555313
2017-03-14 12:00:00,12.59613,7.561035,230.587,101275.17,1.271684e-05,2.0183306
2017-03-15 12:00:00,12.581726,7.5904236,80.718956,100633.37,6.600284e-05,3.648626
2017-03-16 12:00:00,12.421417,6.492676,240.99748,100912.79,5.46845e-06,1.0511031
2017-03-17 12:00:00,12.246765,7.2440796,226.62013,101508.63,6.8571464e-09,2.3922284
2017-03-18 12:00:00,12.798431,9.122162,113.7538,101536.38,1.2503891e-05,2.4057872
2017-03-19 12:00:00,12.722687,11.232574,37.860962,100449.5,0.00050486985,6.8047867
2017-03-20 12:00:00,11.214294,6.4823303,193.17159,100460.72,0.00024803323,5.663749
2017-03-21 12:00:00,10.893158,5.040161,235.82597,101068.24,0.00017002267,3.5341866
2017-03-22 12:00:00,10.571106,6.8220825,77.249176,101619.32,1.9577305e-05,0.7918159
2017-03-23 12:00:00,13.842834,8.870636,87.66076,101140.6,5.5939912e-05,5.8937635
2017-03-24 12:00:00,13.797974,10.41037,79.38013,100583.336,0.00020108846,6.411152
2017-03-25 12:00:00,11.701263,8.579773,219.64989,101322.08,7.649377e-05,4.1360464
2017-03-26 12:00:00,13.842224,5.9312744,256.474,102164.805,0.0,2.294633
2017-03-27 12:00:00,14.287903,8.18161,215.65463,101614.96,0.0,1.7932585
2017-03-28 12:00:00,13.573059,8.502808,77.85756,100901.89,6.7606044e-05,3.3942592
2017-03-29 12:00:00,11.098358,6.780609,142.85297,100570.65,2.8379101e-05,3.348348
2017-03-30 12:00:00,10.606384,7.9484253,142.89369,100623.81,5.487853e-05,5.890139
2017-03-31 12:00:00,10.432068,7.769043,78.97116,101369.08,5.136433e-05,3.8078392
2017-04-01 12:00:00,12.184967,5.883484,283.08575,101401.81,1.8294637e-07,4.176297
2017-04-02 12:00:00,12.137909,6.5794067,198.76694,101293.35,0.0,3.2024772
2017-04-03 12:00:00,11.466522,8.779968,224.31224,101033.42,8.7302884e-05,3.1692407
2017-04-04 12:00:00,11.659027,6.6885986,270.08566,101161.23,2.9457195e-07,5.266632
2017-04-05 12:00:00,12.031342,7.752014,128.64156,100979.586,1.9565043e-05,3.2863264
2017-04-06 12:00:00,13.020447,6.7272034,282.683,100833.52,6.3941076e-07,2.4428399
2017-04-07 12:00:00,12.14386,8.018829,287.78125,100845.92,2.1124024e-05,5.5934677
2017-04-08 12:00:00,14.092865,7.3182373,310.501,100612.914,9.455514e-11,6.789241
2017-04-09 12:00:00,16.607178,7.67157,309.18484,100413.09,0.0,4.1097007
2017-04-10 12:00:00,16.380829,6.7775574,288.9699,100883.36,1.6935645e-07,3.28908
2017-04-11 12:00:00,12.005341,7.592926,210.33144,101241.03,4.7503904e-06,2.9680994
2017-04-12 12:00:00,12.622589,7.6565247,293.91138,101091.86,1.5431704e-05,4.360747
2017-04-13 12:00:00,12.690277,7.729767,198.04816,101158.61,1.913176e-05,3.7629106
2017-04-14 12:00:00,13.536835,7.41626,300.66977,101276.71,2.6362344e-05,3.2881265
2017-04-15 12:00:00,13.669342,7.698059,304.14377,101429.02,1.7909736e-08,4.494295
2017-04-16 12:00:00,15.833618,7.20401,320.08414,101452.52,0.0,4.1300783
2017-04-17 12:00:00,18.695404,8.015228,323.09625,101196.51,0.0,3.0245562
2017-04-18 12:00:00,19.855927,8.146179,325.56256,100850.6,0.0,1.6810417
2017-04-19 12:00:00,19.260986,8.159454,321.38226,100648.414,0.0,1.9323559
2017-04-20 12:00:00,18.108887,9.092224,324.972,100289.34,0.0,3.804243
2017-04-21 12:00:00,16.876282,6.252777,339.9313,100612.48,0.0,4.2025003
2017-04-22 12:00:00,15.737366,7.900421,330.55603,101005.195,0.0,4.395554
2017-04-23 12:00:00,18.971222,7.9139404,332.2373,101291.22,0.0,3.444484
2017-04-24 12:00:00,20.306793,8.506012,307.74463,101281.74,0.0,1.4681716
2017-04-25 12:00:00,19.89795,9.279968,280.90723,100699.63,1.4180198e-07,1.9231375
2017-04-26 12:00:00,17.10556,10.717957,304.06677,100280.74,2.9158366e-06,3.8399901
2017-04-27 12:00:00,15.908997,10.236664,323.6216,100819.88,0.0,5.589376
2017-04-28 12:00:00,15.237488,10.822418,209.51895,101526.41,8.313708e-06,3.768847
2017-04-29 12:00:00,18.351257,10.259796,308.53748,101344.016,0.0,4.1209006
2017-04-30 12:00:00,20.525238,11.851746,331.84833,100977.484,0.0,3.298326
2017-05-01 12:00:00,20.09671,11.710907,289.07178,100840.69,0.0,2.41224
2017-05-02 12:00:00,17.109222,12.326324,249.58276,101011.82,3.2915134e-06,3.6322498
2017-05-03 12:00:00,15.903931,9.284576,331.91028,101466.57,2.3640366e-07,5.428389
2017-05-04 12:00:00,17.870056,9.820923,345.48654,101549.97,0.0,4.214831
2017-05-05 12:00:00,18.699036,9.328918,343.23462,101264.16,0.0,2.445395
2017-05-06 12:00:00,18.987854,10.054413,340.42108,101057.17,0.0,3.5776234
2017-05-07 12:00:00,18.739166,9.827057,348.81656,100862.93,0.0,4.2479553
2017-05-08 12:00:00,16.543182,10.060425,349.77353,100968.37,0.0,6.3622193
2017-05-09 12:00:00,19.08722,8.925598,359.48077,101011.35,0.0,4.1033726
2017-05-10 12:00:00,18.95166,9.647949,331.86765,100639.414,0.0,4.200277
2017-05-11 12:00:00,18.316437,12.027893,349.60345,100676.516,0.0,5.2704453
2017-05-12 12:00:00,19.591858,10.447418,351.1589,100460.15,0.0,2.4702997
2017-05-13 12:00:00,22.690521,10.985199,351.07568,100133.63,0.0,2.3019917
2017-05-14 12:00:00,20.733948,12.157959,324.3284,100197.24,2.9505377e-06,3.5544755
2017-05-15 12:00:00,17.526672,11.382751,327.3799,100249.44,4.2212087e-06,2.7450483
2017-05-16 12:00:00,15.941589,11.606628,250.51562,100281.805,6.175761e-06,4.122488
2017-05-17 12:00:00,15.308746,12.071045,205.3071,100268.805,8.914218e-06,3.865865
2017-05-18 12:00:00,16.305115,12.2656555,236.0311,100303.945,3.5478117e-06,3.56124
2017-05-19 12:00:00,18.010254,10.865875,351.10764,100242.664,1.9219667e-07,2.9180574
2017-05-20 12:00:00,17.521088,12.745361,315.93997,100203.47,7.574506e-07,4.049719
2017-05-21 12:00:00,19.504425,12.427795,334.27527,100402.44,2.8101516e-07,3.4191916
2017-05-22 12:00:00,19.572876,13.00592,359.58032,100530.23,0.0,4.9421644
2017-05-23 12:00:00,19.588074,12.335449,338.62402,100686.734,0.0,4.125328
2017-05-24 12:00:00,19.390228,11.21405,344.05707,100728.125,0.0,3.860452
2017-05-25 12:00:00,17.41861,12.687103,259.8438,100742.71,8.677142e-06,4.0681357
2017-05-26 12:00:00,16.09018,12.72583,180.77612,100963.18,5.598183e-06,3.7820315
2017-05-27 12:00:00,18.355164,10.383179,358.80606,101173.22,2.1820055e-08,3.469992
2017-05-28 12:00:00,17.972504,11.945221,361.12674,101115.43,0.0,4.8509316
2017-05-29 12:00:00,18.107788,12.868805,350.71115,101061.59,4.0854266e-07,5.281034
2017-05-30 12:00:00,20.184937,13.148804,366.06906,100785.445,0.0,5.316948
2017-05-31 12:00:00,24.772491,11.041534,377.636,100722.94,0.0,1.26081
2017-06-01 12:00:00,24.515503,11.937225,370.27512,100725.664,2.3835208e-08,2.4162254
2017-06-02 12:00:00,21.398071,12.366943,347.69928,100608.2,2.9660553e-06,2.7041101
2017-06-03 12:00:00,21.223145,13.549408,338.3056,100541.17,2.5216734e-06,3.6245506
2017-06-04 12:00:00,21.2695,12.73233,365.60147,100661.65,0.0,3.830528
2017-06-05 12:00:00,19.561523,12.975739,356.04584,100731.445,2.630186e-07,3.4000485
2017-06-06 12:00:00,19.979126,12.605957,317.92978,100774.2,3.089854e-07,3.0057678
2017-06-07 12:00:00,19.450531,14.098724,270.44748,100630.27,1.2704332e-07,3.8521352
2017-06-08 12:00:00,18.57367,14.482422,196.78445,100620.766,0.0,5.6681366
2017-06-09 12:00:00,20.171173,14.553284,357.2208,100603.25,0.0,5.853994
2017-06-10 12:00:00,21.922241,14.453705,378.08807,100429.38,0.0,5.6378064
2017-06-11 12:00:00,21.885803,14.596069,378.8199,100321.58,0.0,4.2840304
2017-06-12 12:00:00,22.521881,12.129303,375.26923,100277.12,0.0,2.543936
2017-06-13 12:00:00,22.322327,12.938263,371.8473,100527.82,2.0443432e-08,2.8299325
2017-06-14 12:00:00,21.874786,14.193634,350.1096,100684.44,3.3624738e-06,2.6407623
2017-06-15 12:00:00,21.516968,14.233673,352.0387,100649.93,3.6452138e-06,2.7192538
2017-06-16 12:00:00,20.787445,14.657867,334.5075,100530.945,5.387255e-06,3.0050676
2017-06-17 12:00:00,19.95279,14.989868,327.53912,100598.766,5.522237e-06,4.327976
2017-06-18 12:00:00,20.375977,14.090759,371.82333,100803.484,0.0,3.8386285
2017-06-19 12:00:00,20.989838,13.375305,363.09668,100724.45,0.0,3.6282241
2017-06-20 12:00:00,21.243134,13.304565,367.1821,100677.91,4.9486772e-08,4.049797
2017-06-21 12:00:00,20.671814,14.536957,359.7341,100665.555,0.0,4.381931
2017-06-22 12:00:00,22.00415,13.283264,367.706,100663.72,1.1702326e-07,3.3976667
2017-06-23 12:00:00,21.645233,14.392914,371.9599,100500.92,9.7473006e-08,4.1216364
2017-06-24 12:00:00,21.768341,15.273102,376.50293,100561.97,0.0,4.9859643
2017-06-25 12:00:00,21.458344,14.339355,379.32202,100558.766,0.0,4.8867383
2017-06-26 12:00:00,20.688232,14.2595825,368.92676,100613.14,0.0,4.464622
2017-06-27 12:00:00,20.89212,14.6649475,377.63986,100742.24,0.0,4.7805314
2017-06-28 12:00:00,23.130402,14.577576,376.33917,100834.32,0.0,4.1620398
2017-06-29 12:00:00,24.032013,13.360046,375.0242,100897.2,0.0,2.9197714
2017-06-30 12:00:00,23.783966,14.9105835,374.4635,100625.81,0.0,3.0375645
2017-07-01 12:00:00,24.084167,15.732758,374.0632,100302.6,1.873797e-08,3.1400168
2017-07-02 12:00:00,23.246368,15.630981,354.58875,100239.88,1.1037704e-06,3.2803116
2017-07-03 12:00:00,23.604279,15.697784,375.1584,100312.87,0.0,3.9021437
2017-07-04 12:00:00,23.302795,16.430481,367.44952,100430.86,0.0,4.2972984
2017-07-05 12:00:00,22.377563,16.131683,323.49756,100694.61,1.3511847e-06,4.032896
2017-07-06 12:00:00,22.60019,15.542267,365.64456,100832.6,1.0128767e-08,4.032846
2017-07-07 12:00:00,24.758911,17.250763,368.4264,100752.52,0.0,5.826729
2017-07-08 12:00:00,25.26941,16.78952,374.00098,100641.46,0.0,4.757993
2017-07-09 12:00:00,24.525757,15.173279,370.6991,100356.09,0.0,3.6002636
2017-07-10 12:00:00,21.777466,15.558411,369.3321,100652.06,0.0,4.6529584
2017-07-11 12:00:00,23.567474,13.367432,369.8392,101006.56,0.0,3.2044566
2017-07-12 12:00:00,25.775146,13.838989,372.1433,101029.164,0.0,2.4985511
2017-07-13 12:00:00,25.481903,15.505188,351.9703,100681.05,3.0272415e-07,2.9824045
2017-07-14 12:00:00,23.021545,16.46054,314.4925,100393.26,4.1326376e-07,3.4340363
2017-07-15 12:00:00,22.675842,16.463531,338.65912,100318.625,6.1966364e-07,3.9522805
2017-07-16 12:00:00,20.711548,16.643799,309.8832,100328.3,1.8836155e-06,4.3637047
2017-07-17 12:00:00,20.154816,16.206726,234.85155,100410.55,6.3601274e-06,3.7742813
2017-07-18 12:00:00,21.36679,15.594543,294.5059,100557.25,2.3851708e-08,3.124916
2017-07-19 12:00:00,25.689972,17.767944,183.86513,100862.69,1.627619e-09,1.3040935
2017-07-20 12:00:00,25.373566,16.80951,335.0273,101043.77,1.8613555e-08,2.7694354
2017-07-21 12:00:00,23.477661,17.228943,318.33835,101088.94,3.35318e-06,4.0832644
2017-07-22 12:00:00,22.04654,15.86969,359.53278,100989.5,0.0,4.90058
2017-07-23 12:00:00,22.509247,16.360352,358.10367,100806.51,0.0,5.2824283
2017-07-24 12:00:00,23.711823,16.804535,355.92337,100655.664,0.0,4.733438
2017-07-25 12:00:00,23.331726,16.559845,344.67618,100733.19,0.0,4.7419376
2017-07-26 12:00:00,24.084259,17.062317,353.07663,100885.445,0.0,4.3874435
2017-07-27 12:00:00,23.937103,15.49588,356.50134,100962.15,0.0,4.086565
2017-07-28 12:00:00,24.08609,15.15741,357.21265,100798.15,0.0,3.2936764
2017-07-29 12:00:00,24.010773,16.516571,339.7512,100470.47,3.1784273e-07,3.4166694
2017-07-30 12:00:00,22.844238,16.225586,317.2915,100418.14,1.6281251e-06,3.3318138
2017-07-31 12:00:00,22.350494,17.044312,321.71677,100676.98,4.927587e-06,3.5495489
2017-08-01 12:00:00,23.340515,15.432159,326.08713,100875.98,1.3055494e-06,2.6843305
2017-08-02 12:00:00,24.386322,15.686218,337.13342,100878.28,4.6948466e-07,2.60813
2017-08-03 12:00:00,25.211609,16.99405,333.0215,100510.016,0.0,2.754246
2017-08-04 12:00:00,24.77948,17.908386,326.10535,100348.19,8.336493e-10,3.1519275
2017-08-05 12:00:00,24.851746,18.63507,329.57196,100541.02,1.2786115e-08,3.57073
2017-08-06 12:00:00,23.99759,18.4794,321.05682,100547.17,6.0839063e-09,3.8086224
2017-08-07 12:00:00,24.111786,18.067078,318.41544,100661.41,0.0,3.9162169
2017-08-08 12:00:00,24.024536,18.15271,200.79868,100680.47,0.0,3.386173
2017-08-09 12:00:00,24.262726,18.259064,301.5116,100730.24,2.140676e-09,3.8045225
2017-08-10 12:00:00,22.708344,19.046906,227.8119,100549.24,2.560376e-07,5.1029806
2017-08-11 12:00:00,22.77005,18.272736,275.05164,100324.945,1.078171e-06,3.5119588
2017-08-12 12:00:00,22.445099,17.728943,248.68942,100567.05,2.964504e-06,3.6622422
2017-08-13 12:00:00,23.572296,17.782745,296.2954,100978.27,1.7425431e-06,2.9450004
2017-08-14 12:00:00,26.147522,17.015045,324.30634,100813.88,0.0,2.820448
2017-08-15 12:00:00,25.462677,17.34314,326.7437,100487.125,0.0,4.5130014
2017-08-16 12:00:00,22.269592,17.787598,302.9811,100420.23,3.7879776e-08,5.5929575
2017-08-17 12:00:00,22.157806,17.36322,257.13535,100675.89,1.1318175e-07,3.9797
2017-08-18 12:00:00,22.950256,17.618195,263.5117,100761.67,4.6786604e-06,2.945269
2017-08-19 12:00:00,23.621002,15.996033,304.4487,100698.88,1.0917269e-06,2.8554342
2017-08-20 12:00:00,26.09674,15.850464,319.5803,100689.336,3.5528652e-07,2.1961246
2017-08-21 12:00:00,29.103424,16.267609,319.16574,100553.39,0.0,2.102303
2017-08-22 12:00:00,27.90509,18.757874,277.1497,100527.305,2.501047e-06,3.2096505
2017-08-23 12:00:00,24.476044,19.069,262.15442,100465.38,3.5617447e-06,3.8334997
2017-08-24 12:00:00,24.118927,16.103119,309.6428,100479.01,3.9059344e-08,3.1169958
2017-08-25 12:00:00,24.390167,15.028442,312.15863,100461.4,0.0,2.6980853
2017-08-26 12:00:00,23.557404,15.73349,302.65915,100526.84,1.0542137e-07,3.4604914
2017-08-27 12:00:00,22.27707,16.246368,303.60156,100656.11,0.0,4.938078
2017-08-28 12:00:00,23.44748,16.608612,311.20798,100610.39,0.0,5.7178
2017-08-29 12:00:00,22.828156,16.981354,307.38736,100662.1,0.0,6.731953
2017-08-30 12:00:00,21.139252,16.488861,295.8583,100919.27,2.866391e-08,6.1473503
2017-08-31 12:00:00,23.497162,15.600372,303.97318,100800.28,0.0,4.805144
2017-09-01 12:00:00,24.110443,14.187714,301.15143,100561.445,0.0,2.5828485
2017-09-02 12:00:00,23.772003,14.9776,295.05212,100633.41,1.9674829e-07,2.4760149
2017-09-03 12:00:00,22.743225,15.07608,268.6815,100696.08,1.76476e-06,2.6769748
2017-09-04 12:00:00,21.78366,15.355194,256.82828,100641.88,3.543857e-06,2.7686472
2017-09-05 12:00:00,22.62912,14.9470215,263.75128,100535.78,1.0125506e-06,3.0058002
2017-09-06 12:00:00,22.701965,15.226837,267.73886,100717.56,0.0,3.574886
2017-09-07 12:00:00,22.891968,14.8706665,262.96994,100751.46,0.0,3.4046552
2017-09-08 12:00:00,22.124847,16.21994,201.25307,100495.39,0.0,3.469309
2017-09-09 12:00:00,21.816162,15.585632,262.57486,100629.94,6.16224e-08,3.8222334
2017-09-10 12:00:00,21.51773,14.63504,251.95662,100997.28,9.720783e-07,3.4492574
2017-09-11 12:00:00,22.980133,14.673309,267.28067,100934.44,5.0196807e-09,2.7995026
2017-09-12 12:00:00,24.077942,15.37204,275.836,100783.766,0.0,3.4719837
2017-09-13 12:00:00,23.610535,15.961975,259.33823,100733.48,1.1247713e-07,3.7304919
2017-09-14 12:00:00,21.5242,17.597748,169.29329,100766.7,4.6841024e-06,3.174753
2017-09-15 12:00:00,21.366638,17.334839,242.06592,100909.61,1.084426e-05,3.4163043
2017-09-16 12:00:00,21.299438,12.72467,247.75102,100892.02,0.0,3.3569117
2017-09-17 12:00:00,20.091858,15.015289,157.53539,100787.24,4.1416997e-06,3.5353816
2017-09-18 12:00:00,19.746521,14.17804,256.96637,101014.69,5.497549e-06,3.8010693
2017-09-19 12:00:00,23.21576,15.354523,265.94608,100974.5,0.0,4.053397
2017-09-20 12:00:00,22.9003,13.902618,260.2177,100428.52,5.815983e-08,2.7803755
2017-09-21 12:00:00,23.541473,14.480804,236.96242,100314.2,2.6009868e-06,2.2951639
2017-09-22 12:00:00,22.875671,14.940552,208.47421,100517.61,4.4371e-06,3.0709658
2017-09-23 12:00:00,20.467834,12.862396,257.2451,100906.41,0.0,2.8807275
2017-09-24 12:00:00,21.943207,12.3862915,238.58592,101145.85,7.9110254e-07,2.67218
2017-09-25 12:00:00,22.204895,12.812592,248.86574,100877.84,1.2218796e-07,3.0376232
2017-09-26 12:00:00,22.704102,13.402649,237.76704,100704.94,0.0,3.0255392
2017-09-27 12:00:00,22.547607,14.360718,215.67284,100545.56,8.6382863e-07,2.3223615
2017-09-28 12:00:00,23.325226,13.793091,237.9659,100544.336,6.222283e-07,2.1858072
2017-09-29 12:00:00,23.421783,14.457428,232.91484,100545.625,1.4612068e-06,2.0606813
2017-09-30 12:00:00,22.55838,15.548676,191.80154,100617.27,5.519464e-06,2.593024
2017-10-01 12:00:00,24.427826,15.709503,232.55139,100508.92,0.0,2.5853212
2017-10-02 12:00:00,24.017273,13.751251,235.31277,100504.81,0.0,2.685065
2017-10-03 12:00:00,22.707428,14.23111,228.88924,100526.58,3.0424413e-08,2.6510603
2017-10-04 12:00:00,22.496063,16.085846,166.70212,100721.08,0.0,4.056427
2017-10-05 12:00:00,21.473877,15.014496,218.13954,100889.22,0.0,3.8396337
2017-10-06 12:00:00,22.339172,14.90387,217.41971,101092.234,0.0,3.4715447
2017-10-07 12:00:00,25.012604,14.364868,220.39233,100976.305,2.2368873e-08,1.7161388
2017-10-08 12:00:00,24.329681,14.961914,189.79568,100782.66,4.2315783e-06,2.3674195
2017-10-09 12:00:00,23.11377,15.346771,198.36368,100485.64,2.5741645e-07,2.4836826
2017-10-10 12:00:00,24.885284,14.481506,193.34894,100130.305,1.660751e-07,1.5431854
2017-10-11 12:00:00,24.645721,16.420227,180.77745,100365.68,3.408465e-08,2.0740564
2017-10-12 12:00:00,22.689514,16.392914,159.53755,100827.25,4.511854e-06,2.2746902
2017-10-13 12:00:00,21.868866,16.190216,149.45045,100789.16,2.808985e-06,2.2747931
2017-10-14 12:00:00,22.996033,15.173981,186.4725,100518.07,1.5933239e-06,1.9842033
2017-10-15 12:00:00,21.81018,16.07965,172.99425,100659.375,3.3370172e-06,2.4766388
2017-10-16 12:00:00,22.93863,15.349701,186.18034,100855.51,2.3616208e-06,2.193993
2017-10-17 12:00:00,22.362823,14.759735,187.05322,100769.29,1.2039811e-07,2.2219367
2017-10-18 12:00:00,20.879974,14.721008,183.1427,100687.4,4.3157277e-07,3.0376332
2017-10-19 12:00:00,22.684814,12.394836,192.05963,100633.3,2.6545234e-08,1.9446883
2017-10-20 12:00:00,22.458344,13.448578,186.27846,100892.664,1.9162067e-08,2.1831663
2017-10-21 12:00:00,22.85785,13.399628,178.58516,101178.48,0.0,2.9898064
2017-10-22 12:00:00,24.1633,15.287628,198.17673,101113.79,0.0,5.036346
2017-10-23 12:00:00,25.32431,14.245148,194.04149,100779.31,0.0,3.3480177
2017-10-24 12:00:00,24.86853,13.32309,173.72884,100970.56,0.0,1.0459249
2017-10-25 12:00:00,21.89859,11.609039,175.2245,100796.96,9.0660855e-08,2.0792387
2017-10-26 12:00:00,23.463593,11.50412,186.9821,100712.14,0.0,1.2140875
2017-10-27 12:00:00,22.910797,11.386688,175.48944,101035.98,3.732445e-07,2.0071278
2017-10-28 12:00:00,21.62738,10.994995,180.89247,101019.914,7.273452e-08,1.5079323
2017-10-29 12:00:00,21.163269,11.07489,163.48576,100870.4,1.7325608e-06,2.0009704
2017-10-30 12:00:00,20.579468,10.758972,168.028,100968.72,1.4943548e-06,1.7308437
2017-10-31 12:00:00,19.978394,10.732178,131.68143,101103.805,1.7318578e-06,1.9971019
2017-11-01 12:00:00,19.143066,10.5312805,163.69826,100917.53,4.32188e-08,1.902986
2017-11-02 12:00:00,18.907715,11.188721,136.42653,100888.7,5.831899e-07,2.542798
2017-11-03 12:00:00,17.990356,12.239319,159.63539,101214.92,1.3356931e-06,2.7227194
2017-11-04 12:00:00,18.204956,9.337067,162.93497,100829.24,8.958228e-08,2.0290089
2017-11-05 12:00:00,17.170074,12.140686,58.741737,100689.27,0.0001443288,3.7914193
2017-11-06 12:00:00,16.027985,10.446136,158.86078,101230.445,3.7822057e-10,4.601196
2017-11-07 12:00:00,15.88913,11.36676,95.427956,101101.734,3.3988772e-06,3.222169
2017-11-08 12:00:00,15.124847,12.580566,64.1994,100782.1,1.9774609e-05,3.9655952
2017-11-09 12:00:00,14.826111,11.292877,134.82552,100454.19,0.00024283117,5.2235312
2017-11-10 12:00:00,13.247742,7.5706787,161.14485,101279.664,0.0,4.2420635
2017-11-11 12:00:00,13.454803,6.0028076,114.171646,101695.6,0.0,0.9845179
2017-11-12 12:00:00,13.287018,8.723389,69.18663,101682.48,5.45253e-06,2.5054188
2017-11-13 12:00:00,14.891815,8.059418,141.58755,101521.83,1.0124257e-06,1.1180772
2017-11-14 12:00:00,14.52887,7.4200745,150.96591,101072.03,4.3599407e-08,1.5611119
2017-11-15 12:00:00,14.880157,8.994019,103.4384,100743.02,6.347229e-06,1.9755846
2017-11-16 12:00:00,14.500885,11.374481,137.35687,100849.43,6.591658e-05,2.4174948
2017-11-17 12:00:00,15.114838,11.824554,116.161476,100449.22,0.00019638095,3.4913538
2017-11-18 12:00:00,14.17569,7.4569397,142.06229,101176.14,9.523645e-10,1.935675
2017-11-19 12:00:00,14.191101,8.569885,119.82069,101590.266,2.8268016e-07,1.6457005
2017-11-20 12:00:00,13.954071,10.223938,127.531715,101851.695,1.869247e-05,3.0200891
2017-11-21 12:00:00,15.857605,9.774506,145.77336,101872.45,0.0,5.50945
2017-11-22 12:00:00,15.026978,6.8503113,140.9519,101736.836,0.0,3.0531898
2017-11-23 12:00:00,14.749451,7.425354,122.571945,101983.484,0.0,2.3541899
2017-11-24 12:00:00,14.318237,6.165985,114.82433,101440.305,0.0,1.2820543
2017-11-25 12:00:00,13.396118,9.073547,136.31721,101067.88,1.9122989e-07,3.6683872
2017-11-26 12:00:00,14.099365,5.9924316,134.67184,101141.64,6.081969e-09,1.8938495
2017-11-27 12:00:00,14.416382,7.030884,128.8749,101284.195,0.0,1.5428298
2017-11-28 12:00:00,15.449463,7.9844666,121.90131,101329.85,1.36399e-06,0.80852515
2017-11-29 12:00:00,16.611786,8.173218,126.39311,101227.445,2.786221e-07,1.0955677
2017-11-30 12:00:00,16.485413,9.006836,122.01785,101067.07,0.0,2.0151353
2017-12-01 12:00:00,15.812012,9.354218,54.07531,100651.73,8.611093e-06,2.1724758
2017-12-02 12:00:00,13.188751,8.75589,131.23795,101092.71,2.3292748e-06,6.4967346
2017-12-03 12:00:00,12.815063,7.1548157,117.24152,102011.555,0.0,3.958548
2017-12-04 12:00:00,13.040863,5.214966,127.96009,102470.27,0.0,1.897583
2017-12-05 12:00:00,14.456787,5.6983643,125.451904,101945.375,0.0,1.151655
2017-12-06 12:00:00,14.193207,5.625,117.539215,101481.63,8.9855416e-07,0.7389711
2017-12-07 12:00:00,14.64035,7.7574463,126.8303,101601.4,0.0,1.0569026
2017-12-08 12:00:00,15.801392,7.3127747,126.31754,101724.09,0.0,2.7155945
2017-12-09 12:00:00,15.04837,7.0366516,103.45383,101083.34,9.47851e-07,0.7126881
2017-12-10 12:00:00,18.656769,9.75943,124.64246,100750.04,0.0,2.9247458
2017-12-11 12:00:00,18.029968,7.5062866,33.090664,101050.38,2.4967978e-06,0.8598242
2017-12-12 12:00:00,13.118195,8.5816345,123.43529,101314.1,5.908061e-05,2.5950317
2017-12-13 12:00:00,12.965576,6.5963135,80.16928,101115.28,0.0,1.1960163
2017-12-14 12:00:00,12.220123,8.294464,46.24275,100242.68,0.00019627613,1.7079841
2017-12-15 12:00:00,10.770477,5.927582,124.39669,100707.95,1.2691715e-06,5.770015
2017-12-16 12:00:00,10.930542,4.8693237,62.34382,101418.48,5.81925e-06,1.4256191
2017-12-17 12:00:00,13.575195,8.918549,32.59369,101430.2,0.00024151859,1.980681
2017-12-18 12:00:00,13.152863,6.4561157,118.39333,101671.83,1.098228e-05,2.6862602
2017-12-19 12:00:00,10.374329,4.6976624,102.15793,101506.945,1.4079986e-06,1.8566635
2017-12-20 12:00:00,11.709869,6.313141,52.030098,100407.16,0.00015883775,0.3881642
2017-12-21 12:00:00,10.5616455,7.0648193,105.30241,100589.85,5.992122e-08,4.4481544
2017-12-22 12:00:00,13.348999,7.8874207,23.989725,99985.16,0.00024392881,5.6072764
2017-12-23 12:00:00,14.068726,8.941559,92.45729,99365.375,0.00033259392,5.5806837
2017-12-24 12:00:00,12.143585,8.11676,123.78426,100192.21,7.865737e-05,5.071572
2017-12-25 12:00:00,11.419159,4.2111816,80.673294,101269.56,3.08897e-05,3.6373346
2017-12-26 12:00:00,8.754089,3.8061218,121.0832,100846.14,7.0632e-05,4.4914103
2017-12-27 12:00:00,9.136749,4.9434814,31.381836,101381.95,0.00013788584,3.4383724
2017-12-28 12:00:00,11.952057,9.104248,24.348202,101439.72,0.00036491218,7.9887085
2017-12-29 12:00:00,12.726654,11.59137,21.05829,101054.03,0.00019300071,7.141865
2017-12-30 12:00:00,13.198639,10.889984,59.857925,100605.53,0.00046856896,3.3901358
2017-12-31 12:00:00,12.56958,7.983612,20.908674,100545.86,0.00017842684,2.868721
2018-01-01 12:00:00,13.424744,10.11203,23.979393,99552.79,0.00036693283,8.204577
2018-01-02 12:00:00,11.961884,8.033966,64.702644,101207.76,2.5223794e-06,1.7558489
2018-01-03 12:00:00,12.384155,7.4307556,88.064316,101578.73,1.37999e-09,2.082318
2018-01-04 12:00:00,13.135864,10.687714,24.369312,101179.17,0.00018795235,5.179335
2018-01-05 12:00:00,12.933777,9.844025,99.14315,101293.91,1.25972e-06,0.7939357
2018-01-06 12:00:00,11.992584,7.2134705,24.397467,100921.76,0.000103801445,2.4496353
2018-01-07 12:00:00,13.031128,9.993835,79.92708,100971.414,5.9844824e-05,1.8868618
2018-01-08 12:00:00,13.225464,11.0877075,31.659967,100989.766,0.00010666508,2.5120246
2018-01-09 12:00:00,14.270325,12.023926,35.63304,101132.914,4.5873727e-05,1.7426457
2018-01-10 12:00:00,14.134888,12.552795,23.670408,100870.41,0.0002731607,5.363077
2018-01-11 12:00:00,12.981476,7.682068,111.695915,101572.125,3.2026253e-07,2.0091612
2018-01-12 12:00:00,12.999695,8.827026,94.768135,101476.984,0.0,1.7114686
2018-01-13 12:00:00,13.242615,7.8303833,90.21874,101145.414,0.0,1.3883094
2018-01-14 12:00:00,12.964691,11.571503,35.976837,100817.8,0.0001372638,4.3895183
2018-01-15 12:00:00,12.27356,8.96048,42.73539,100890.27,0.0001332067,2.104053
2018-01-16 12:00:00,10.222107,5.876465,129.92796,101125.33,8.945402e-07,2.608363
2018-01-17 12:00:00,11.230682,7.4446106,42.53881,100291.02,0.00030403747,2.910285
2018-01-18 12:00:00,10.47583,6.3790283,77.84721,100753.09,2.9329112e-06,1.8750781
2018-01-19 12:00:00,11.783813,8.707306,82.295654,100569.74,0.00021149375,5.0681286
2018-01-20 12:00:00,10.827515,5.8404236,133.43498,101584.98,1.799138e-07,3.429211
2018-01-21 12:00:00,11.035095,4.5751343,133.03125,101483.29,0.0,1.2480346
2018-01-22 12:00:00,11.842926,5.474457,93.10165,101291.87,2.5943399e-09,2.6940513
2018-01-23 12:00:00,12.234528,7.597534,42.680588,100834.59,7.535136e-05,2.5390453
2018-01-24 12:00:00,10.597504,7.8337097,133.47057,101109.56,5.6647357e-05,4.7262244
2018-01-25 12:00:00,10.485199,5.2035217,116.275154,100896.055,1.1167501e-06,2.893043
2018-01-26 12:00:00,9.21347,6.005371,30.308256,99997.3,0.00016159956,3.2692397
2018-01-27 12:00:00,8.543884,6.2575684,75.6758,99881.05,4.6831283e-05,4.787957
2018-01-28 12:00:00,10.301849,5.8833923,120.65357,100791.414,3.8505495e-06,1.9889045
2018-01-29 12:00:00,11.178192,5.3053284,127.0371,101215.64,1.1245975e-06,1.1372107
2018-01-30 12:00:00,10.966797,5.8716736,54.575928,101100.57,3.803242e-06,1.5528206
2018-01-31 12:00:00,9.280914,7.023285,107.349464,100336.37,0.00013738124,1.4399396
2018-02-01 12:00:00,10.517181,5.077179,132.6119,100543.63,1.2251569e-06,2.4886434
2018-02-02 12:00:00,10.052673,6.997223,52.723457,100536.52,7.757605e-05,1.6170964
2018-02-03 12:00:00,9.118805,5.826935,67.78823,101003.266,1.1080773e-05,2.601173
2018-02-04 12:00:00,12.166443,8.968231,122.5073,100702.15,0.00024327099,3.675758
2018-02-05 12:00:00,11.784607,6.4040833,93.49893,101528.875,1.0469498e-05,1.8511038
2018-02-06 12:00:00,11.939911,9.310669,48.194668,101639.234,7.507676e-05,3.091508
2018-02-07 12:00:00,12.8697815,9.805481,95.161575,101581.59,4.803835e-05,2.229284
2018-02-08 12:00:00,13.976471,9.98822,140.47998,101466.88,0.000117086856,1.0327911
2018-02-09 12:00:00,14.305481,9.041809,124.65579,101495.36,0.0,1.9765909
2018-02-10 12:00:00,14.347626,8.249756,102.90514,101006.83,6.84831e-08,3.2836277
2018-02-11 12:00:00,14.513245,10.235168,95.655594,100471.48,6.314847e-05,4.153336
2018-02-12 12:00:00,11.285004,7.1870117,102.401855,100836.81,2.9123598e-07,1.2736555
2018-02-13 12:00:00,13.258972,6.558258,173.9769,100795.38,1.1493985e-07,1.0532188
2018-02-14 12:00:00,13.212067,10.415863,85.5542,100303.88,9.16417e-05,4.821557
2018-02-15 12:00:00,12.370544,8.835022,155.05333,100475.51,0.00012954176,4.151065
2018-02-16 12:00:00,11.196808,8.158325,51.061214,100817.51,5.679085e-05,2.4142835
2018-02-17 12:00:00,12.868866,9.091766,49.58935,101119.74,9.3794544e-05,2.3287494
2018-02-18 12:00:00,13.2595825,9.053497,52.639614,100857.09,0.00023860512,5.7234473
2018-02-19 12:00:00,11.258789,6.717224,160.11726,101965.62,1.1606745e-06,3.7835524
2018-02-20 12:00:00,12.743713,5.6424866,176.32483,101896.02,1.2062237e-06,0.9858134
2018-02-21 12:00:00,14.116974,7.0033875,194.84038,101517.586,6.3017453e-09,0.9733566
2018-02-22 12:00:00,14.109375,7.360901,139.39153,101157.63,5.1220195e-07,0.5783601
2018-02-23 12:00:00,14.605682,7.259613,178.5673,100600.836,9.003653e-07,0.7791728
2018-02-24 12:00:00,14.592865,6.2425537,215.97314,100101.375,6.883673e-08,2.3642132
2018-02-25 12:00:00,13.824951,8.8576355,104.86911,100228.336,3.006578e-05,3.5146587
2018-02-26 12:00:00,12.575226,9.292633,185.26447,100620.67,4.8624137e-05,3.0478854
2018-02-27 12:00:00,12.256012,7.745941,54.649506,101042.71,5.2616142e-05,2.39437
2018-02-28 12:00:00,13.491058,9.133972,182.499,101288.055,1.7486345e-05,1.2433519
2018-03-01 12:00:00,15.060303,7.607971,215.95984,101163.95,0.0,1.3916817
2018-03-02 12:00:00,14.878082,6.7117004,163.48134,101096.9,2.6905434e-06,1.1820523
2018-03-03 12:00:00,13.53891,10.679504,56.782257,101389.99,0.00015268901,3.3274164
2018-03-04 12:00:00,13.538605,12.39801,68.7206,101459.016,0.00015033525,5.6341076
2018-03-05 12:00:00,13.274017,11.333405,89.26563,101331.445,0.00011929879,4.1226854
2018-03-06 12:00:00,14.28479,8.323517,230.86127,101593.04,1.6240534e-05,3.4253345
2018-03-07 12:00:00,14.629974,7.4616394,224.21405,101298.58,0.0,2.8819108
2018-03-08 12:00:00,15.700195,8.200684,244.26251,100650.99,0.0,2.1825943
2018-03-09 12:00:00,15.537415,7.1062317,147.28513,100556.49,1.9523795e-06,1.7220932
2018-03-10 12:00:00,12.628906,9.722626,98.56167,100648.21,1.6194193e-06,2.1950896
2018-03-11 12:00:00,11.786957,9.284363,156.70009,100681.26,7.528428e-06,4.582817
2018-03-12 12:00:00,13.307709,7.6740417,235.57805,100965.22,0.0,4.834411
2018-03-13 12:00:00,13.778931,7.446472,240.90353,101380.85,0.0,2.3347363
2018-03-14 12:00:00,15.251923,7.357605,247.52602,101123.45,0.0,1.8884552
2018-03-15 12:00:00,14.56665,8.226227,187.28966,100839.836,2.1562826e-06,2.5880718
2018-03-16 12:00:00,13.350372,8.104919,179.53433,100833.82,8.8327107e-07,1.7103362
2018-03-17 12:00:00,13.204193,9.0513,99.8049,100408.75,7.165428e-05,2.4279797
2018-03-18 12:00:00,13.399292,9.831787,172.77858,100828.33,4.3876815e-05,3.1222663
2018-03-19 12:00:00,14.574432,9.225952,170.04979,100578.33,8.867515e-07,1.7458694
2018-03-20 12:00:00,14.299377,10.827209,55.831726,99928.94,0.00010854116,3.9883647
2018-03-21 12:00:00,13.201355,11.077362,94.62149,99671.984,0.000108973356,0.51782256
2018-03-22 12:00:00,13.052673,10.506195,198.35226,100001.48,6.734316e-05,3.5058362
2018-03-23 12:00:00,13.159088,8.918549,225.33595,101238.31,8.5384244e-07,2.3169053
2018-03-24 12:00:00,14.391418,8.371674,262.94144,101476.58,2.4327877e-08,1.5233966
2018-03-25 12:00:00,14.035065,9.374115,95.08732,101333.03,7.886979e-06,1.460047
2018-03-26 12:00:00,15.383362,10.983826,188.83589,101020.07,5.7574885e-06,1.9580848
2018-03-27 12:00:00,16.262787,9.661835,241.28966,100589.125,1.1811081e-06,2.1151412
2018-03-28 12:00:00,16.471802,8.748749,252.20763,100466.72,1.4247184e-06,1.9563676
2018-03-29 12:00:00,18.62497,8.838867,281.2455,100535.305,9.408652e-08,1.5216479
2018-03-30 12:00:00,18.162994,10.261566,248.58046,100527.59,1.2912533e-06,2.4702787
2018-03-31 12:00:00,15.785065,9.904053,209.47054,100517.38,1.5872098e-08,2.4410768
2018-04-01 12:00:00,14.67511,10.921661,153.5544,100560.984,2.4602712e-06,2.4885538
2018-04-02 12:00:00,15.262085,8.881805,282.64514,100422.484,4.9450573e-08,3.6295748
2018-04-03 12:00:00,15.1839905,10.947266,238.02899,100550.19,3.43994e-07,5.244286
2018-04-04 12:00:00,15.911438,9.063568,291.01834,100912.84,0.0,4.1060143
2018-04-05 12:00:00,15.515137,10.742859,153.55542,101245.68,4.515093e-06,3.4716144
2018-04-06 12:00:00,15.837097,11.421539,215.85443,101447.82,4.022298e-05,2.0042324
2018-04-07 12:00:00,15.831848,10.33783,196.92415,100880.836,1.5243073e-06,2.7824538
2018-04-08 12:00:00,14.621979,9.95343,210.21889,100890.15,0.00015198585,3.3431768
2018-04-09 12:00:00,13.063477,8.502533,278.74118,100683.96,0.0,4.2281213
2018-04-10 12:00:00,11.76944,9.510864,148.08652,100265.67,0.00026560758,4.343573
2018-04-11 12:00:00,13.540131,8.435333,275.99808,101153.484,1.0539866e-06,5.617692
2018-04-12 12:00:00,16.949097,8.962402,311.9212,101399.336,0.0,3.8811219
2018-04-13 12:00:00,17.81894,9.027313,312.35663,101089.34,2.8117865e-08,1.9522492
2018-04-14 12:00:00,18.653107,9.851624,299.7663,100866.125,9.231075e-07,1.6619605
2018-04-15 12:00:00,18.389984,9.206909,292.7165,100832.21,2.78625e-06,1.7237903
2018-04-16 12:00:00,18.94513,9.708466,266.29648,100802.66,3.0199033e-06,1.6501939
2018-04-17 12:00:00,20.367737,10.434448,306.0319,100503.55,1.5971962e-07,1.5152228
2018-04-18 12:00:00,20.074127,11.925873,255.24074,100557.92,5.3075164e-06,2.380162
2018-04-19 12:00:00,19.24942,10.520996,296.33887,100915.08,0.0,2.0890448
2018-04-20 12:00:00,21.283508,12.12738,310.9517,101108.49,0.0,2.1436803
2018-04-21 12:00:00,21.18689,12.932892,281.01837,100970.03,1.6090046e-06,2.7765546
2018-04-22 12:00:00,18.613586,13.446716,325.23013,101109.6,3.5400964e-07,4.8456006
2018-04-23 12:00:00,20.059784,12.148956,333.0122,101089.77,0.0,4.0278625
2018-04-24 12:00:00,20.872345,10.928711,321.41586,100986.9,0.0,3.216107
2018-04-25 12:00:00,21.650543,10.758484,312.9612,101130.35,0.0,2.2122288
2018-04-26 12:00:00,22.319244,13.034424,276.93085,100846.1,0.0,1.9861971
2018-04-27 12:00:00,21.41632,13.772949,209.89922,100440.516,0.0,2.4055042
2018-04-28 12:00:00,17.827576,12.181976,308.3004,100567.664,2.2794286e-05,4.790531
2018-04-29 12:00:00,17.865234,9.582336,342.72034,100709.07,0.0,3.700388
2018-04-30 12:00:00,17.445374,11.209625,245.04185,100460.68,2.23289e-06,4.3093033
2018-05-01 12:00:00,15.260284,11.003937,144.27856,100680.766,7.138748e-05,3.999144
2018-05-02 12:00:00,16.311798,11.291321,303.0986,101071.43,2.7426486e-06,2.8916485
2018-05-03 12:00:00,19.968964,10.644196,337.56503,101280.234,0.0,3.195276
2018-05-04 12:00:00,21.07074,11.713013,335.60187,100665.41,6.800632e-08,2.1319559
2018-05-05 12:00:00,20.722076,12.269867,332.9671,100471.15,4.3834874e-07,3.0874796
2018-05-06 12:00:00,17.583038,11.676147,311.97504,100874.39,2.3744303e-06,5.0110254
2018-05-07 12:00:00,17.682953,10.755371,349.45285,101131.984,0.0,5.598772
2018-05-08 12:00:00,21.597626,13.574097,359.70465,100717.734,0.0,5.8437986
2018-05-09 12:00:00,21.704498,11.535858,359.08588,100085.84,0.0,2.9309437
2018-05-10 12:00:00,19.8219,11.872406,263.70883,100337.586,7.6859027e-07,4.4562006
2018-05-11 12:00:00,15.949829,12.221527,252.50871,100804.34,7.388453e-06,3.8044798
2018-05-12 12:00:00,17.764435,10.40506,353.74,100551.08,5.808736e-09,3.7440877
2018-05-13 12:00:00,17.073486,10.819244,314.10187,100694.77,2.1273395e-08,3.584184
2018-05-14 12:00:00,17.564423,11.802551,298.8171,100417.914,2.6403742e-07,3.353755
2018-05-15 12:00:00,18.388733,11.156464,350.215,100371.44,0.0,3.0034986
2018-05-16 12:00:00,17.763397,13.046051,280.79117,100560.7,2.8478225e-06,4.3776536
2018-05-17 12:00:00,16.649017,12.122437,320.30984,100231.766,0.0,4.8983283
2018-05-18 12:00:00,14.742432,11.80545,110.01372,99893.11,0.0003277268,5.2070174
2018-05-19 12:00:00,13.374237,10.388336,137.68726,100312.164,0.000112111986,4.0975313
2018-05-20 12:00:00,14.872498,10.004303,256.30026,100613.94,9.46097e-06,3.3582478
2018-05-21 12:00:00,14.344208,10.232422,130.34482,100441.29,0.00014751697,1.6151074
2018-05-22 12:00:00,16.068115,10.755493,340.18958,100860.766,5.142456e-07,3.2345505
2018-05-23 12:00:00,17.746399,11.244965,366.08597,100669.84,0.0,4.4590254
2018-05-24 12:00:00,17.990051,12.411346,365.28134,100425.84,0.0,3.5340688
2018-05-25 12:00:00,19.751923,11.723175,364.31085,100418.23,0.0,2.3201132
2018-05-26 12:00:00,19.011139,12.724152,330.07755,100539.04,1.1039293e-06,3.1713815
2018-05-27 12:00:00,18.855957,12.150513,361.33887,100765.62,8.64949e-08,3.0738075
2018-05-28 12:00:00,21.724457,13.40686,345.06802,100836.4,8.71291e-07,2.3664536
2018-05-29 12:00:00,23.328247,14.436584,360.38715,100489.375,1.5336037e-10,2.320637
2018-05-30 12:00:00,23.01651,14.905884,350.90756,100268.445,1.0478458e-07,3.1543965
2018-05-31 12:00:00,21.068665,14.639252,335.4919,100378.61,5.924203e-07,2.941762
2018-06-01 12:00:00,22.956085,14.687805,356.7343,100384.27,1.8132514e-09,2.3355455
2018-06-02 12:00:00,23.292542,15.54834,358.37863,100337.016,1.66105e-08,2.7092676
2018-06-03 12:00:00,22.945984,14.768951,373.8085,100241.98,0.0,3.5312412
2018-06-04 12:00:00,27.07138,16.539581,376.44724,100317.99,0.0,3.9312758
2018-06-05 12:00:00,27.07312,15.396881,383.526,100484.88,0.0,3.099965
2018-06-06 12:00:00,27.545715,14.251709,385.0749,100580.91,0.0,2.4965832
2018-06-07 12:00:00,28.332336,18.686005,386.09976,100607.72,0.0,4.2465897
2018-06-08 12:00:00,27.55658,13.696503,378.33102,100422.34,0.0,2.1975515
2018-06-09 12:00:00,23.857513,13.781342,374.38638,100222.72,0.0,4.455296
2018-06-10 12:00:00,19.376678,13.446747,372.40027,100647.95,0.0,6.7372055
2018-06-11 12:00:00,17.11795,12.314972,298.4049,100957.01,1.9128317e-06,4.343489
2018-06-12 12:00:00,19.729248,12.586731,349.20026,100810.89,4.3409605e-06,3.6462843
2018-06-13 12:00:00,19.9794,12.368774,370.6872,101142.836,0.0,2.8509483
2018-06-14 12:00:00,21.319885,12.472473,371.22766,101083.81,4.686311e-09,2.540467
2018-06-15 12:00:00,21.35321,13.488495,357.80728,100827.836,1.6034231e-07,2.8914027
2018-06-16 12:00:00,21.502716,13.169098,377.69708,100620.14,0.0,4.0518236
2018-06-17 12:00:00,21.332031,14.342224,371.3944,100598.83,0.0,5.1207237
2018-06-18 12:00:00,22.448517,14.313995,375.70712,100666.01,0.0,3.962485
2018-06-19 12:00:00,22.569183,13.1427,371.95596,100695.484,0.0,3.317042
2018-06-20 12:00:00,22.520264,15.470215,372.85834,100853.4,0.0,6.4905334
2018-06-21 12:00:00,22.622498,14.281982,368.93054,100496.17,0.0,3.0855076
2018-06-22 12:00:00,25.501282,13.601898,376.97025,100386.52,0.0,2.2933996
2018-06-23 12:00:00,25.296753,13.363068,375.101,100420.625,0.0,2.6548882
2018-06-24 12:00:00,23.13501,14.496338,373.47333,100184.95,0.0,3.3217542
2018-06-25 12:00:00,20.971863,13.814117,381.02625,100179.85,0.0,3.76743
2018-06-26 12:00:00,20.219055,14.118744,346.45206,100663.7,1.3765391e-06,3.6842902
2018-06-27 12:00:00,20.146027,15.026459,328.9548,100897.5,7.063934e-06,3.82948
2018-06-28 12:00:00,20.029266,14.665741,340.6223,100720.29,5.147941e-06,3.5562572
2018-06-29 12:00:00,19.720001,15.26355,283.03885,100435.85,1.1279913e-05,4.038087
2018-06-30 12:00:00,20.56012,15.922546,358.88565,100547.85,2.2968086e-07,4.0710273
2018-07-01 12:00:00,23.181,14.54187,363.75418,100795.99,0.0,3.0364492
2018-07-02 12:00:00,22.899231,14.154785,373.66406,100768.84,0.0,3.3414648
2018-07-03 12:00:00,22.057861,15.008423,364.23444,100584.98,5.7895444e-09,3.8149345
2018-07-04 12:00:00,24.128784,16.738037,375.49155,100734.34,0.0,6.070586
2018-07-05 12:00:00,24.090057,15.126251,371.84308,100656.4,0.0,3.188438
2018-07-06 12:00:00,23.71753,15.049194,370.74036,100386.67,4.350292e-08,2.811378
2018-07-07 12:00:00,21.793793,16.167603,302.0997,100458.98,5.857075e-06,4.3814726
2018-07-08 12:00:00,21.02127,16.084442,333.38983,100518.15,3.4690174e-06,3.8637004
2018-07-09 12:00:00,20.616882,15.925262,350.98193,100437.42,3.3268063e-07,4.485463
2018-07-10 12:00:00,20.923126,15.792358,348.93317,100593.81,0.0,4.572075
2018-07-11 12:00:00,22.912933,15.000183,364.23987,100651.16,0.0,3.4964314
2018-07-12 12:00:00,24.375732,14.172638,365.6362,100556.61,0.0,2.6082234
2018-07-13 12:00:00,25.49414,16.17511,362.49542,100364.695,0.0,2.5719657
2018-07-14 12:00:00,25.425629,16.12973,358.4596,100382.89,3.1295585e-07,2.9862568
2018-07-15 12:00:00,22.907928,15.8854065,329.28394,100485.79,5.2697005e-06,2.8825529
2018-07-16 12:00:00,22.241394,15.829742,313.0476,100679.61,1.7240451e-06,3.9128165
2018-07-17 12:00:00,24.841187,16.008911,363.4435,100923.55,0.0,3.9241893
2018-07-18 12:00:00,24.454895,16.161285,360.84064,100865.02,0.0,3.4586508
2018-07-19 12:00:00,23.832123,16.103302,355.62167,100665.56,5.7492024e-08,2.975197
2018-07-20 12:00:00,23.591583,16.198395,359.5727,100508.38,8.178575e-09,3.0262687
2018-07-21 12:00:00,22.734253,16.575287,321.24445,100757.54,1.0166181e-06,3.6870902
2018-07-22 12:00:00,22.674194,16.530792,294.628,100883.01,2.6841283e-06,3.7314205
2018-07-23 12:00:00,22.868866,16.232086,297.32492,100699.75,2.4135702e-06,3.2075465
2018-07-24 12:00:00,24.180328,16.757294,316.8849,100453.91,2.2068493e-06,2.9509647
2018-07-25 12:00:00,24.515228,16.792511,354.9562,100278.36,0.0,2.8900127
2018-07-26 12:00:00,24.32663,15.919769,354.40332,100321.305,1.939415e-08,3.2611217
2018-07-27 12:00:00,23.97638,16.303192,316.20157,100376.49,7.342948e-07,3.4858756
2018-07-28 12:00:00,23.48581,16.151947,347.36804,100659.83,1.4200419e-06,3.1213732
2018-07-29 12:00:00,22.818542,16.077911,316.46152,100790.66,3.9690344e-06,3.096231
2018-07-30 12:00:00,23.479767,16.372955,354.04413,100728.625,6.05873e-07,3.6348205
2018-07-31 12:00:00,23.145508,15.689056,348.45468,100410.81,2.9622699e-08,3.8111365
2018-08-01 12:00:00,23.641724,16.663818,345.27213,100364.945,0.0,4.1034474
2018-08-02 12:00:00,23.606873,16.014069,345.5472,100494.02,0.0,3.6351075
2018-08-03 12:00:00,24.03897,17.077576,347.1155,100507.3,0.0,4.811954
2018-08-04 12:00:00,23.561157,17.198425,332.5352,100398.16,0.0,5.9615297
2018-08-05 12:00:00,22.172333,16.444305,339.2261,100586.43,0.0,4.507601
2018-08-06 12:00:00,23.769287,15.2274475,339.1041,100758.43,0.0,3.3598855
2018-08-07 12:00:00,24.769806,15.508362,339.6568,100709.375,0.0,2.661722
2018-08-08 12:00:00,26.066528,15.115967,343.46213,100635.01,0.0,2.2637897
2018-08-09 12:00:00,25.765198,16.218475,330.1504,100484.26,2.8876123e-08,2.6738646
2018-08-10 12:00:00,23.369965,17.170013,325.53592,100415.195,9.3434636e-08,3.3015356
2018-08-11 12:00:00,22.721436,17.288574,314.71338,100388.195,3.4136885e-06,3.650299
2018-08-12 12:00:00,21.860016,16.15976,304.26477,100531.53,3.7718146e-06,3.7007995
2018-08-13 12:00:00,24.322357,14.702698,315.03546,100325.5,1.2403558e-06,2.4174838
2018-08-14 12:00:00,24.233887,15.467621,313.62738,100063.164,1.6936851e-06,2.728606
2018-08-15 12:00:00,23.144104,17.305878,313.96606,100334.65,4.6159885e-06,3.7142162
2018-08-16 12:00:00,22.614655,16.402344,286.92844,100757.67,1.7977966e-06,3.6022344
2018-08-17 12:00:00,22.097992,16.595093,264.63773,100811.234,5.9760378e-06,3.1905975
2018-08-18 12:00:00,21.617462,16.09256,272.42117,100758.87,4.9341793e-06,3.518789
2018-08-19 12:00:00,21.159668,16.61731,288.22632,100704.586,5.484481e-06,3.6034632
2018-08-20 12:00:00,20.978058,16.609955,270.6945,100793.484,5.301827e-06,3.4798396
2018-08-21 12:00:00,22.267487,16.37323,308.06226,100873.766,6.4052983e-07,3.7684186
2018-08-22 12:00:00,22.258911,15.876709,316.3809,100856.31,0.0,4.1408587
2018-08-23 12:00:00,22.608002,15.889465,315.7643,100728.59,0.0,4.2121987
2018-08-24 12:00:00,23.33313,16.998322,314.2583,100741.26,0.0,5.2251296
2018-08-25 12:00:00,23.758087,16.647247,310.41434,100864.445,0.0,4.379694
2018-08-26 12:00:00,23.109436,15.532196,309.66483,100959.31,0.0,4.1210265
2018-08-27 12:00:00,22.138123,16.191254,299.98145,101094.734,0.0,4.6261005
2018-08-28 12:00:00,22.099823,15.970459,310.04144,100867.27,0.0,4.7671113
2018-08-29 12:00:00,21.939484,16.152344,305.5632,100857.375,0.0,4.642669
2018-08-30 12:00:00,21.974274,15.833405,290.59262,101164.44,6.659177e-08,4.1630025
2018-08-31 12:00:00,24.72293,15.821533,300.5645,101357.58,0.0,4.3538284
2018-09-01 12:00:00,24.802032,17.388977,301.01688,100866.29,0.0,4.137407
2018-09-02 12:00:00,24.782745,15.205505,300.10828,100422.31,0.0,2.6213846
2018-09-03 12:00:00,25.088593,15.430084,298.68622,100459.15,2.7460226e-08,2.4455106
2018-09-04 12:00:00,24.938171,15.112488,292.01675,100568.97,4.4200743e-07,2.28445
2018-09-05 12:00:00,23.629883,15.530823,249.86668,100583.72,4.8057454e-06,2.4743626
2018-09-06 12:00:00,23.338776,16.475433,269.8818,100611.7,2.0222105e-06,2.7912765
2018-09-07 12:00:00,24.61264,15.213226,286.443,100624.31,9.959052e-09,2.4428596
2018-09-08 12:00:00,24.17746,16.612183,252.623,100488.35,2.3431554e-09,2.7434955
2018-09-09 12:00:00,22.600006,16.624603,247.25684,100570.76,2.4008656e-07,3.878649
2018-09-10 12:00:00,22.389923,16.295685,273.36804,100800.83,4.62609e-07,3.4296877
2018-09-11 12:00:00,26.761078,14.689087,282.30298,100830.85,0.0,1.585044
2018-09-12 12:00:00,27.0083,14.657562,278.53085,100614.91,2.6203165e-07,1.7931362
2018-09-13 12:00:00,26.301788,15.029297,196.76602,100464.71,2.764046e-07,2.5716815
2018-09-14 12:00:00,21.070862,15.921661,219.19127,100425.35,5.631981e-06,3.6006176
2018-09-15 12:00:00,21.232635,14.703888,275.08792,100435.266,0.0,3.6582284
2018-09-16 12:00:00,20.52887,15.347809,265.9983,100500.695,2.5115903e-06,3.0072634
2018-09-17 12:00:00,20.139862,14.892548,225.53156,100723.2,3.1236957e-06,2.9994621
2018-09-18 12:00:00,22.360077,13.530853,254.71028,100932.164,2.1592226e-07,2.3544662
2018-09-19 12:00:00,23.284973,13.465729,252.05574,100785.18,1.3607787e-08,2.5342364
2018-09-20 12:00:00,22.541534,14.546509,191.08644,100435.1,0.0,3.4543295
2018-09-21 12:00:00,21.954956,15.850983,249.2648,100461.93,0.0,4.6157923
2018-09-22 12:00:00,24.243408,13.18335,259.6295,100559.05,0.0,2.6140842
2018-09-23 12:00:00,28.560425,14.323395,255.58029,100537.61,0.0,1.472776
2018-09-24 12:00:00,28.329681,15.719147,239.09915,100409.11,0.0,2.0877132
2018-09-25 12:00:00,22.927673,16.543213,215.73485,100395.97,4.826826e-06,2.6132972
2018-09-26 12:00:00,23.03421,15.941315,253.00478,100528.17,0.0,3.0223565
2018-09-27 12:00:00,25.26538,13.08139,252.15855,100431.75,0.0,1.7557036
2018-09-28 12:00:00,24.947662,13.600769,247.7607,100332.125,0.0,1.2251363
2018-09-29 12:00:00,22.847076,13.661743,213.22137,100487.49,4.8220786e-06,1.8953012
2018-09-30 12:00:00,21.23468,14.093018,214.6196,100316.03,3.4497359e-07,2.748657
2018-10-01 12:00:00,22.450104,14.031403,238.17038,100510.66,0.0,3.726411
2018-10-02 12:00:00,23.592834,13.923401,230.3136,100661.734,0.0,2.603077
2018-10-03 12:00:00,23.271301,14.599487,236.4236,100634.984,0.0,4.599054
2018-10-04 12:00:00,26.167145,13.256134,239.4732,100565.73,0.0,2.7576635
2018-10-05 12:00:00,26.714142,16.788483,239.4477,100552.89,0.0,3.8475518
2018-10-06 12:00:00,26.994934,13.7092285,233.29845,100786.195,5.113746e-09,1.4464195
2018-10-07 12:00:00,25.795593,13.373077,225.1981,101041.06,2.0941468e-07,0.724522
2018-10-08 12:00:00,25.683441,12.711578,212.88487,101040.75,0.0,1.3803968
2018-10-09 12:00:00,23.677246,12.478455,163.31194,100806.11,2.0334533e-06,1.6855257
2018-10-10 12:00:00,25.328613,14.117065,205.17662,100644.05,0.0,1.7871584
2018-10-11 12:00:00,24.45813,13.694977,204.58038,100767.32,1.8983268e-07,2.9477642
2018-10-12 12:00:00,21.55072,12.363403,210.21951,101111.195,1.1470056e-07,2.2501245
2018-10-13 12:00:00,24.105408,11.762238,212.10023,101044.38,3.055636e-08,1.2110184
2018-10-14 12:00:00,25.357452,11.862488,212.66783,100850.914,0.0,1.4264702
2018-10-15 12:00:00,25.083923,11.236389,206.97554,100706.77,2.330905e-06,1.0582385
2018-10-16 12:00:00,24.156586,11.937927,181.1503,100543.92,1.2649284e-06,1.279906
2018-10-17 12:00:00,22.123138,12.822815,143.76059,100462.82,9.247923e-06,2.7749927
2018-10-18 12:00:00,18.294037,12.775452,198.48291,100346.195,5.749615e-07,4.2189894
2018-10-19 12:00:00,20.164185,8.888031,200.88844,100590.31,0.0,2.1093893
2018-10-20 12:00:00,21.474579,10.523865,198.98235,100729.94,0.0,1.7426348
2018-10-21 12:00:00,20.84372,10.444366,191.7795,100806.47,1.4971516e-07,1.9305683
2018-10-22 12:00:00,19.579163,10.189789,176.19249,100927.555,4.9806374e-07,2.219298
2018-10-23 12:00:00,19.18631,11.658234,165.72624,101015.76,7.3047534e-07,3.0374117
2018-10-24 12:00:00,17.62082,12.520966,191.21095,101198.695,2.7153817e-06,5.079814
2018-10-25 12:00:00,18.543457,11.219971,189.08363,101407.266,0.0,5.414897
2018-10-26 12:00:00,18.437805,8.360504,178.64226,101281.1,0.0,3.5099375
2018-10-27 12:00:00,17.674408,13.178772,120.21093,101209.02,1.690064e-05,2.73309
2018-10-28 12:00:00,18.655243,8.749786,182.38478,101260.2,1.9919194e-07,1.6057798
2018-10-29 12:00:00,17.648224,8.061707,180.43372,101021.26,0.0,2.1745086
2018-10-30 12:00:00,17.193115,9.815063,181.07208,100697.72,1.8403243e-10,3.2871006
2018-10-31 12:00:00,17.887146,8.804352,166.52728,100817.82,0.0,2.8526804
2018-11-01 12:00:00,17.754517,8.538727,162.09322,100906.71,1.8286389e-07,2.3340585
2018-11-02 12:00:00,17.612823,12.719208,133.81245,100858.086,3.4961434e-07,4.562516
2018-11-03 12:00:00,16.144073,11.296967,145.27501,100848.1,0.0,5.078014
2018-11-04 12:00:00,14.9505005,11.786041,45.05821,100782.21,4.117476e-05,2.949694
2018-11-05 12:00:00,15.279175,10.152893,168.33482,101529.12,3.9539664e-06,4.4482565
2018-11-06 12:00:00,17.585419,10.093964,169.8446,102074.42,0.0,5.557228
2018-11-07 12:00:00,17.844635,7.593872,169.10742,101739.44,0.0,3.5371192
2018-11-08 12:00:00,18.920929,9.569366,168.48763,101517.234,0.0,2.563925
2018-11-09 12:00:00,18.809448,9.965271,109.97986,101193.28,0.0,2.28351
2018-11-10 12:00:00,18.097198,10.78653,122.154236,100851.14,0.0,0.4679374
2018-11-11 12:00:00,16.378754,10.431793,156.76692,101256.336,0.0,4.1066623
2018-11-12 12:00:00,17.628693,8.048035,155.77153,101551.375,0.0,2.701843
2018-11-13 12:00:00,18.011627,7.7273254,153.37637,101720.11,0.0,1.0939759
2018-11-14 12:00:00,17.829498,7.8540344,145.87392,101500.85,4.3367498e-07,1.9658923
2018-11-15 12:00:00,20.457306,9.166016,141.47888,101179.4,0.0,0.40821624
2018-11-16 12:00:00,20.225372,11.175354,149.05254,100991.984,0.0,2.1074078
2018-11-17 12:00:00,20.044128,9.468292,148.47089,100853.13,3.0098501e-09,0.8570281
2018-11-18 12:00:00,20.782257,8.0130005,134.43242,100406.32,3.852029e-06,0.3717182
2018-11-19 12:00:00,19.088806,10.310516,135.51903,99987.95,2.0708151e-07,1.1441146
2018-11-20 12:00:00,18.430908,6.7180786,149.6856,100256.95,0.0,1.5777491
2018-11-21 12:00:00,18.88327,9.19931,144.32707,100935.03,0.0,3.7180278
2018-11-22 12:00:00,18.108582,8.729736,134.52626,101255.22,0.0,2.079785
2018-11-23 12:00:00,15.901245,9.100922,99.599434,101539.36,4.704985e-06,2.1724849
2018-11-24 12:00:00,13.164398,10.061188,38.348335,101190.46,2.428838e-05,3.9529097
2018-11-25 12:00:00,14.997253,12.640778,55.520554,101068.97,0.0002772753,5.4438024
2018-11-26 12:00:00,14.251373,12.192139,64.17034,101464.914,4.84765e-06,2.031402
2018-11-27 12:00:00,14.1215515,11.944458,47.12602,100919.46,7.039019e-05,3.6473794
2018-11-28 12:00:00,14.007935,6.9959106,132.7296,101655.48,4.727757e-11,4.224788
2018-11-29 12:00:00,13.687286,5.1609497,117.21963,101720.445,0.0,1.6922973
2018-11-30 12:00:00,15.082855,8.021393,128.7289,101614.65,0.0,1.4659398
2018-12-01 12:00:00,14.836761,8.416046,119.335724,101498.92,0.0,1.1984798
2018-12-02 12:00:00,14.10733,7.811371,72.45699,101401.984,3.8267303e-06,0.58499557
2018-12-03 12:00:00,15.65683,7.6829224,126.393456,101316.19,2.7646854e-08,1.1849866
2018-12-04 12:00:00,15.107178,8.731628,99.64836,101230.51,0.0,1.2237892
2018-12-05 12:00:00,14.292389,8.577667,56.606148,100821.08,3.0361307e-06,1.6704551
2018-12-06 12:00:00,12.907227,10.1857605,109.835075,100639.586,2.0249458e-05,4.70987
2018-12-07 12:00:00,14.321289,7.223572,128.52206,101261.09,0.0,4.8394732
2018-12-08 12:00:00,13.869049,5.3120728,123.69678,101333.95,0.0,0.79575443
2018-12-09 12:00:00,12.7499695,6.785492,63.32407,101628.57,0.0,1.1887066
2018-12-10 12:00:00,17.10611,5.417145,125.560036,101398.695,0.0,2.3897672
2018-12-11 12:00:00,16.385376,5.587799,125.485825,101357.76,1.2277795e-08,3.3004313
2018-12-12 12:00:00,13.895355,6.296997,125.64495,101741.89,0.0,2.2123744
2018-12-13 12:00:00,12.974457,5.6287537,104.00789,101794.56,0.0,2.8686419
2018-12-14 12:00:00,14.003876,9.000671,55.522007,101740.484,4.5647457e-06,1.9119734
2018-12-15 12:00:00,14.14093,10.025391,59.903618,101444.07,6.1958705e-09,2.0927544
2018-12-16 12:00:00,14.14386,10.354645,40.27451,101362.68,2.671588e-07,1.9292318
2018-12-17 12:00:00,14.191803,10.43042,74.969696,101470.375,0.00015080538,1.3182176
2018-12-18 12:00:00,14.2247925,11.565338,73.61048,101247.29,1.0525822e-05,2.117812
2018-12-19 12:00:00,14.98172,11.855499,49.263466,101425.586,4.9163256e-05,1.9461814
2018-12-20 12:00:00,14.788452,13.750977,33.505226,101680.09,6.729811e-05,2.5164368
2018-12-21 12:00:00,13.997833,9.370514,61.63476,101662.41,3.3871322e-06,2.1244276
2018-12-22 12:00:00,12.615143,10.116821,118.98285,101680.89,1.9148592e-05,3.216851
2018-12-23 12:00:00,11.8967285,6.439331,96.89566,102159.84,4.2903935e-07,2.9616985
2018-12-24 12:00:00,13.322449,9.834137,36.418716,102107.11,4.705571e-05,2.9055169
2018-12-25 12:00:00,13.908905,11.879974,58.99087,101717.31,3.5851426e-05,2.1013641
2018-12-26 12:00:00,13.675598,11.3116455,61.65584,101568.8,1.4038177e-05,2.5405092
2018-12-27 12:00:00,13.216705,11.244934,77.99203,101482.56,1.156785e-05,1.9153652
2018-12-28 12:00:00,12.666626,9.078735,40.64671,100801.8,6.212505e-05,3.6057408
2018-12-29 12:00:00,13.115967,7.512085,114.4657,101073.93,3.757009e-05,4.5873275
2018-12-30 12:00:00,9.605194,5.1607666,106.45297,101298.33,0.0,2.8256285
2018-12-31 12:00:00,9.938599,4.9888916,84.93619,101325.56,0.0,2.344305
2019-01-01 12:00:00,12.867737,6.6459045,105.31045,101425.85,0.0,1.0604215
2019-01-02 12:00:00,14.486023,7.250885,104.40654,101401.02,0.0,1.3073547
2019-01-03 12:00:00,14.050293,10.356995,82.97595,101111.11,0.0,2.5136635
2019-01-04 12:00:00,13.319,9.10553,64.83428,100965.02,4.4656477e-05,1.6294999
2019-01-05 12:00:00,12.777863,10.164368,43.768322,101187.74,2.436391e-05,1.8276196
2019-01-06 12:00:00,12.650879,9.273407,61.740517,101472.72,1.6249724e-05,2.7222989
2019-01-07 12:00:00,13.2595825,11.66629,54.864677,101624.23,4.247115e-06,1.8897718
2019-01-08 12:00:00,13.624329,10.265381,49.45776,101286.15,3.5970377e-05,3.184256
2019-01-09 12:00:00,13.497925,10.345001,114.05391,101203.766,0.00014074166,2.6883814
2019-01-10 12:00:00,13.301117,6.2845764,118.645294,101594.88,0.0,1.7734338
2019-01-11 12:00:00,13.927612,7.691437,125.02292,101929.21,1.37416585e-08,1.3705484
2019-01-12 12:00:00,13.792603,8.734528,81.267555,101814.66,0.0,1.7388258
2019-01-13 12:00:00,13.22641,10.943939,38.651207,101430.27,6.520052e-05,3.183416
2019-01-14 12:00:00,13.074219,6.961853,134.81003,101561.11,3.6430298e-05,3.7009716
2019-01-15 12:00:00,12.610046,5.936096,136.76335,101558.79,0.0,3.226409
2019-01-16 12:00:00,10.665161,6.2335815,66.48172,101792.06,0.0,3.81167
2019-01-17 12:00:00,13.005707,7.809601,64.12884,101816.99,0.0,3.232201
2019-01-18 12:00:00,13.617706,7.9008484,145.33684,101288.77,0.0,2.7621212
2019-01-19 12:00:00,14.661774,7.0150757,122.14878,101104.71,0.0,2.5174997
2019-01-20 12:00:00,14.351837,7.406189,66.84297,100778.086,0.0,0.6700349
2019-01-21 12:00:00,12.876343,6.9921875,95.02441,101008.01,3.1666525e-06,1.1282293
2019-01-22 12:00:00,12.332031,6.3277893,114.60149,101260.19,7.7776605e-07,1.6971245
2019-01-23 12:00:00,13.109192,5.756897,128.09883,101411.26,1.1684773e-06,1.2106689
2019-01-24 12:00:00,13.604065,6.07251,142.44962,101452.29,9.854131e-07,0.4032081
2019-01-25 12:00:00,15.197754,6.410675,149.05464,101540.945,4.20345e-07,1.275146
2019-01-26 12:00:00,15.10495,7.731262,134.73773,101365.63,0.0,1.4916183
2019-01-27 12:00:00,14.590698,5.6104736,147.37506,101167.41,1.1742139e-08,1.2931923
2019-01-28 12:00:00,17.299316,10.450104,105.397026,101016.36,0.0,2.4172137
2019-01-29 12:00:00,16.776764,11.225342,35.396397,100647.17,9.5200165e-05,4.3080473
2019-01-30 12:00:00,13.33786,11.036743,87.2228,100825.34,0.00011924688,4.6913476
2019-01-31 12:00:00,13.698822,10.713348,142.47626,101022.516,6.877034e-05,4.090493
2019-02-01 12:00:00,13.760284,12.390228,29.710064,100789.62,0.00031498526,8.03988
2019-02-02 12:00:00,13.537567,12.135529,50.659397,100734.35,0.000345042,2.6212673
2019-02-03 12:00:00,14.156952,7.205719,162.32268,101046.19,6.867858e-07,1.7375811
2019-02-04 12:00:00,14.091827,6.937744,160.16866,101032.11,0.0,1.6101594
2019-02-05 12:00:00,14.281525,8.201172,165.79515,101194.12,0.0,2.2622895
2019-02-06 12:00:00,14.404755,7.601959,142.48283,101111.5,0.0,3.5026863
2019-02-07 12:00:00,14.376373,8.964294,155.64958,101322.91,0.0,3.0413487
2019-02-08 12:00:00,13.920074,9.398895,82.94931,101653.33,1.5344309e-06,2.2682168
2019-02-09 12:00:00,13.229706,10.220184,59.117264,101641.08,6.5460445e-06,2.110827
2019-02-10 12:00:00,12.552002,11.022156,34.017635,100693.32,0.00018357032,4.764138
2019-02-11 12:00:00,11.035675,7.598999,140.37039,100616.234,1.7070342e-05,6.0173554
2019-02-12 12:00:00,12.577423,7.2724915,182.95436,101236.89,0.0,4.96567
2019-02-13 12:00:00,12.062286,6.1134033,146.6046,101001.09,3.25425e-08,1.9114771
2019-02-14 12:00:00,11.0164795,8.071289,94.65465,100254.45,0.00018373203,4.1256847
2019-02-15 12:00:00,11.38385,7.039856,40.489265,100569.625,0.00032118303,4.2061124
2019-02-16 12:00:00,12.2847595,10.106018,39.072296,100678.84,0.0002352407,5.0092244
2019-02-17 12:00:00,13.476654,11.998962,90.924034,101489.49,2.8206128e-05,4.408659
2019-02-18 12:00:00,13.086975,8.591644,70.752396,101829.52,2.8769225e-06,2.273695
2019-02-19 12:00:00,12.22876,7.44516,190.01358,101574.0,4.89096e-05,2.942576
2019-02-20 12:00:00,12.064362,6.8589783,162.7971,101390.1,0.0,3.6214266
2019-02-21 12:00:00,12.058868,8.976776,42.031048,101162.945,0.00018534901,4.5641418
2019-02-22 12:00:00,13.321136,6.9975586,196.8473,101386.4,6.0856537e-06,2.27804
2019-02-23 12:00:00,14.383301,6.714905,212.92723,101522.52,0.0,3.5832372
2019-02-24 12:00:00,14.412415,5.407898,200.70438,101595.4,1.4549432e-09,0.95297307
2019-02-25 12:00:00,13.850769,8.596954,113.82665,101736.58,0.0,0.47959843
2019-02-26 12:00:00,14.7994995,8.041992,190.71382,101490.47,0.0,0.6436946
2019-02-27 12:00:00,14.750488,8.985046,128.72449,101243.18,1.3732814e-09,2.3480213
2019-02-28 12:00:00,13.065399,9.116791,114.019684,101770.74,0.00017592657,3.822079
2019-03-01 12:00:00,14.165222,6.6259155,222.80759,101779.875,7.564709e-08,4.9521165
2019-03-02 12:00:00,14.224396,6.897583,220.4788,101526.04,0.0,2.0818663
2019-03-03 12:00:00,15.621582,6.723572,226.20712,101922.82,0.0,0.82101744
2019-03-04 12:00:00,15.840637,6.730835,223.88774,101557.586,0.0,0.7772889
2019-03-05 12:00:00,15.543579,7.9217834,170.81294,100708.984,6.114466e-07,1.739708
2019-03-06 12:00:00,14.928741,7.5749207,189.373,100487.63,1.1603744e-06,1.7947664
2019-03-07 12:00:00,14.910645,8.473846,158.83969,100697.19,3.4987336e-06,1.9298671
2019-03-08 12:00:00,14.185852,9.163849,180.92969,101132.195,6.1565484e-06,2.2768435
2019-03-09 12:00:00,14.444183,7.7945557,177.07785,101427.09,1.3064783e-06,2.186963
2019-03-10 12:00:00,15.088959,8.400665,239.29524,101589.89,0.0,4.3460298
2019-03-11 12:00:00,15.477112,10.101074,237.52177,101622.71,9.455514e-11,4.5594
2019-03-12 12:00:00,15.373505,8.721313,179.8995,101486.2,2.4783603e-07,2.582627
2019-03-13 12:00:00,15.188995,10.149902,107.32803,101166.12,1.3031128e-06,2.2327504
2019-03-14 12:00:00,13.836395,8.452057,241.25705,100916.805,9.174914e-06,4.4221063
2019-03-15 12:00:00,13.827759,7.603821,235.08797,100982.33,0.0,5.5010166
2019-03-16 12:00:00,16.023132,9.759796,240.62952,101241.3,7.6071257e-07,3.5786798
2019-03-17 12:00:00,17.276093,8.1727295,254.01216,101397.195,0.0,2.2558496
2019-03-18 12:00:00,19.6633,8.267212,254.79352,101581.38,7.085438e-08,0.77532387
2019-03-19 12:00:00,19.569855,7.9112854,261.70718,101594.016,2.5609168e-07,1.7534261
2019-03-20 12:00:00,18.64917,7.3980713,257.82166,101412.734,2.3395562e-06,1.844077
2019-03-21 12:00:00,19.078064,9.009674,248.4175,100970.76,3.2345229e-06,1.4370602
2019-03-22 12:00:00,18.92508,9.21875,258.28058,100676.05,1.2136752e-06,2.0677805
2019-03-23 12:00:00,15.802887,10.549805,205.6428,100672.81,4.067874e-06,3.6006029
2019-03-24 12:00:00,15.85672,9.264526,240.30904,100743.26,1.592527e-06,2.573863
2019-03-25 12:00:00,15.668182,8.891266,201.43599,100913.375,3.0090187e-06,2.903671
2019-03-26 12:00:00,15.158295,10.021637,209.73898,100922.73,0.00017237004,4.3711495
2019-03-27 12:00:00,13.443176,9.758972,124.599686,101216.22,3.5191904e-05,1.5821387
2019-03-28 12:00:00,13.373291,9.694489,120.776695,101121.68,5.751079e-05,2.7451966
2019-03-29 12:00:00,12.556061,8.717957,168.94897,101062.26,7.008601e-05,5.932063
2019-03-30 12:00:00,13.362335,7.3121643,285.46982,101631.25,1.0091387e-07,5.9062576
2019-03-31 12:00:00,16.728424,8.009094,288.0906,101612.81,0.0,4.8982434
2019-04-01 12:00:00,16.758606,10.550964,270.30737,101262.88,2.3215088e-07,6.634269
2019-04-02 12:00:00,15.912781,9.124298,299.1673,101159.23,0.0,7.8634214
2019-04-03 12:00:00,18.438934,11.879028,298.62997,101300.68,0.0,5.1290455
2019-04-04 12:00:00,18.294739,7.3451233,277.6934,101383.96,0.0,1.6879992
2019-04-05 12:00:00,17.746796,10.055115,290.87408,101072.984,0.0,4.221033
2019-04-06 12:00:00,18.095428,11.654297,281.49057,100875.97,0.0,4.485464
2019-04-07 12:00:00,17.763428,12.008575,279.9114,100734.25,0.0,4.183019
2019-04-08 12:00:00,15.610046,10.535217,177.10332,100573.46,7.759244e-08,3.8580844
2019-04-09 12:00:00,14.643097,10.92215,288.9754,100699.64,7.1434442e-06,6.253885
2019-04-10 12:00:00,15.169006,9.829956,221.55135,101098.93,6.262555e-07,3.6350074
2019-04-11 12:00:00,17.236755,9.34671,210.87943,100883.234,1.04245395e-07,1.5381898
2019-04-12 12:00:00,17.007477,10.19397,94.95,100500.14,7.437281e-05,4.416246
2019-04-13 12:00:00,15.994843,13.089325,195.11176,100795.85,0.000111167414,4.5639496
2019-04-14 12:00:00,15.5911255,12.127106,226.34338,100903.5,1.8276432e-05,2.5916207
2019-04-15 12:00:00,14.93692,10.930267,150.53825,100596.305,2.6818669e-05,2.974081
2019-04-16 12:00:00,14.396454,10.99295,243.75801,100927.195,8.0020545e-06,2.6107192
2019-04-17 12:00:00,14.073242,10.378326,169.43921,101101.984,2.061983e-05,3.863233
2019-04-18 12:00:00,13.690979,9.246826,255.43936,100801.77,5.611018e-06,5.3746247
2019-04-19 12:00:00,14.386658,8.915009,323.59836,101060.35,0.0,4.8787265
2019-04-20 12:00:00,14.068573,9.233307,107.56675,101251.97,6.430607e-05,3.7385917
2019-04-21 12:00:00,15.16098,9.359924,308.22336,101500.69,1.631838e-06,3.298589
2019-04-22 12:00:00,16.860748,9.417725,320.52594,101212.75,0.0,3.6590679
2019-04-23 12:00:00,17.839264,10.075104,319.25394,100699.69,0.0,3.4561806
2019-04-24 12:00:00,17.195892,11.199982,142.24582,100173.55,1.1722051e-05,3.735927
2019-04-25 12:00:00,16.657196,11.834259,291.60977,100227.41,7.8277095e-05,1.5023417
2019-04-26 12:00:00,16.137482,10.719818,274.50266,101073.94,0.0,5.8191166
2019-04-27 12:00:00,14.453186,12.126312,206.13684,101298.195,3.8666574e-05,4.4952183
2019-04-28 12:00:00,17.136963,10.291046,336.03006,101176.65,0.0,5.3141294
2019-04-29 12:00:00,19.483429,11.523804,336.16476,100971.93,0.0,4.100749
2019-04-30 12:00:00,19.321503,11.042969,321.209,100913.24,0.0,3.8139586
2019-05-01 12:00:00,18.303223,10.873627,347.67075,101006.42,0.0,6.9521694
2019-05-02 12:00:00,17.643066,10.769501,349.11008,100794.82,0.0,6.6340647
2019-05-03 12:00:00,19.82785,11.482788,344.0421,100812.48,0.0,4.9977765
2019-05-04 12:00:00,23.636536,10.651276,345.61734,100682.32,0.0,2.6703324
2019-05-05 12:00:00,23.28424,10.65506,345.8978,100637.99,2.1088399e-08,1.9594963
2019-05-06 12:00:00,21.979492,11.361938,340.48532,100541.91,1.6392037e-06,2.1301372
2019-05-07 12:00:00,20.724365,11.059967,311.7784,100460.15,2.2041413e-06,2.1788895
2019-05-08 12:00:00,18.363403,11.396393,313.45624,100546.016,7.5866237e-06,3.1796346
2019-05-09 12:00:00,18.141235,12.663574,287.2634,100850.58,8.055023e-06,3.083496
2019-05-10 12:00:00,17.978302,10.895874,288.1813,100739.24,9.552682e-07,2.7907674
2019-05-11 12:00:00,19.394684,12.806427,345.70276,100988.03,0.0,4.5062337
2019-05-12 12:00:00,19.747314,12.600861,351.36548,101072.445,0.0,4.3752904
2019-05-13 12:00:00,19.274261,12.294159,306.42313,101073.695,0.0,4.1682444
2019-05-14 12:00:00,22.084717,12.981018,343.9316,100955.6,0.0,3.6881664
2019-05-15 12:00:00,21.873566,13.200562,354.76987,100900.32,0.0,4.1838884
2019-05-16 12:00:00,19.58728,12.893646,341.34393,100977.32,2.436008e-07,4.6918516
2019-05-17 12:00:00,21.542542,13.2854,354.72797,100846.19,0.0,4.7565465
2019-05-18 12:00:00,21.485504,12.647034,311.69507,100592.805,0.0,3.1660118
2019-05-19 12:00:00,21.259827,12.675507,310.80157,100450.98,0.0,3.9654891
2019-05-20 12:00:00,21.156921,14.121094,343.3415,100351.24,0.0,5.0532246
2019-05-21 12:00:00,21.55899,13.948273,361.61108,100433.164,0.0,4.834933
2019-05-22 12:00:00,20.988647,11.590332,359.44543,100221.875,0.0,2.800464
2019-05-23 12:00:00,19.35675,12.288849,354.11505,100298.01,0.0,3.6902308
2019-05-24 12:00:00,18.653442,14.115875,361.7454,100495.07,0.0,5.8422832
2019-05-25 12:00:00,18.959717,12.61441,365.60193,100266.234,0.0,6.009585
2019-05-26 12:00:00,18.263641,12.438812,372.2732,100205.74,0.0,6.658498
2019-05-27 12:00:00,15.203766,11.242493,286.17255,100834.1,2.2587359e-07,5.759227
2019-05-28 12:00:00,17.201752,10.743011,369.0127,101058.45,0.0,4.3178816
2019-05-29 12:00:00,20.237915,10.580811,368.0122,101071.67,0.0,3.34054
2019-05-30 12:00:00,20.786224,11.232391,335.9813,100869.6,0.0,2.44396
2019-05-31 12:00:00,22.407806,12.040161,337.23703,100644.07,1.9578893e-08,2.2431717
2019-06-01 12:00:00,22.25592,12.878815,366.24948,100575.25,0.0,3.0678601
2019-06-02 12:00:00,19.9747,13.264008,358.32184,100650.72,1.7804084e-07,3.673996
2019-06-03 12:00:00,22.195007,12.88385,363.9954,100527.836,2.3799421e-08,2.5246606
2019-06-04 12:00:00,22.145966,13.94986,338.58765,100500.91,1.4930926e-06,2.9524915
2019-06-05 12:00:00,23.903168,14.29068,369.32532,100582.26,0.0,2.6886027
2019-06-06 12:00:00,23.14087,13.376556,373.35916,100488.88,0.0,3.4941692
2019-06-07 12:00:00,22.075348,13.655304,371.2483,100210.62,0.0,2.9438605
2019-06-08 12:00:00,22.495453,13.810333,371.26416,100256.805,0.0,3.5137494
2019-06-09 12:00:00,21.750793,13.632324,375.2555,100476.93,0.0,3.5409973
2019-06-10 12:00:00,21.734161,13.292603,374.0825,100498.9,3.2378618e-09,2.7670722
2019-06-11 12:00:00,21.842804,13.358215,370.57602,100374.99,2.2146732e-08,2.9565194
2019-06-12 12:00:00,21.736115,13.95401,357.8258,100329.35,0.0,4.1640162
2019-06-13 12:00:00,20.79248,14.70343,375.99664,100751.78,0.0,6.047731
2019-06-14 12:00:00,21.273834,13.911713,375.95883,100923.73,0.0,4.1373763
2019-06-15 12:00:00,22.683594,13.297974,360.57043,100891.76,0.0,2.6947374
2019-06-16 12:00:00,22.624298,12.834351,379.5832,100790.32,0.0,3.3235164
2019-06-17 12:00:00,21.631409,14.313141,378.04373,100799.92,0.0,5.5182385
2019-06-18 12:00:00,23.414276,13.484863,378.21417,100629.48,0.0,3.9174676
2019-06-19 12:00:00,23.046112,13.612854,379.25534,100461.914,0.0,4.2105885
2019-06-20 12:00:00,22.03357,13.639893,379.4018,100623.49,0.0,3.9389179
2019-06-21 12:00:00,22.540283,13.130798,368.93927,100587.55,0.0,2.80644
2019-06-22 12:00:00,22.219727,13.920746,374.82007,100578.7,0.0,3.0586953
2019-06-23 12:00:00,21.836945,13.600891,369.9535,100757.6,1.18958496e-07,3.4148464
2019-06-24 12:00:00,21.805603,14.127472,346.0009,100776.12,0.0,3.6852481
2019-06-25 12:00:00,22.23117,13.77356,373.62064,100481.6,0.0,3.2108624
2019-06-26 12:00:00,21.89914,15.828522,373.32617,100547.016,0.0,6.155423
2019-06-27 12:00:00,21.280731,16.071533,373.86237,100813.086,0.0,6.0392036
2019-06-28 12:00:00,24.207184,15.021881,374.8927,100875.4,0.0,4.5559974
2019-06-29 12:00:00,24.037384,13.769012,377.9719,100615.46,0.0,2.5254474
2019-06-30 12:00:00,23.798767,13.106659,381.6407,100598.37,0.0,2.5526183
2019-07-01 12:00:00,23.76944,13.738464,378.09705,100528.625,0.0,2.570055
2019-07-02 12:00:00,22.489288,14.700745,348.36972,100592.49,4.9249627e-07,3.3833783
2019-07-03 12:00:00,21.367218,15.000183,341.00143,100441.08,9.846134e-07,3.5007265
2019-07-04 12:00:00,21.577759,15.757111,339.5672,100226.41,3.3906392e-06,3.671573
2019-07-05 12:00:00,22.048248,15.072388,347.6782,100364.33,4.8996417e-06,2.71701
2019-07-06 12:00:00,22.26419,15.471954,335.01837,100617.375,4.3830423e-06,2.9382718
2019-07-07 12:00:00,23.739685,15.30014,341.6979,100524.2,1.8739053e-06,2.8270679
2019-07-08 12:00:00,24.334808,16.546448,354.32944,100279.58,1.2793443e-07,3.02939
2019-07-09 12:00:00,23.852173,16.812988,349.13077,100124.086,6.992781e-07,3.2987304
2019-07-10 12:00:00,23.868744,16.603088,359.05542,100206.766,0.0,3.463788
2019-07-11 12:00:00,24.178589,17.51004,327.46982,100318.42,1.4531578e-07,3.313543
2019-07-12 12:00:00,23.286469,17.934998,348.9617,100366.48,0.0,3.633053
2019-07-13 12:00:00,25.23996,17.395477,360.33954,100312.055,0.0,3.528637
2019-07-14 12:00:00,25.41507,16.964905,367.0032,100319.766,0.0,3.8203976
2019-07-15 12:00:00,27.64508,15.594269,368.0538,100366.07,0.0,2.8370006
2019-07-16 12:00:00,29.060486,16.961365,367.73648,100352.05,0.0,2.6231802
2019-07-17 12:00:00,28.55365,16.306305,357.52747,100197.82,0.0,2.5334556
2019-07-18 12:00:00,24.720123,16.806458,274.4541,100371.1,9.835556e-10,4.1445346
2019-07-19 12:00:00,22.634033,15.934113,321.11963,100704.875,1.5301415e-06,3.2312398
2019-07-20 12:00:00,23.726654,16.455109,338.53445,100852.484,2.8535421e-06,3.1367877
2019-07-21 12:00:00,24.279297,16.408478,340.8501,100795.77,6.957021e-07,3.053118
2019-07-22 12:00:00,23.832489,16.832916,340.72757,100972.25,1.4821524e-06,3.568309
2019-07-23 12:00:00,26.523743,15.874634,341.61972,101247.76,6.514961e-07,2.7150624
2019-07-24 12:00:00,26.22882,16.3154,357.22122,100957.555,5.758345e-08,2.787999
2019-07-25 12:00:00,25.147308,16.223328,356.183,100595.836,1.9936703e-09,3.4770327
2019-07-26 12:00:00,22.637268,17.03833,315.2338,100645.47,2.3428595e-06,4.075302
2019-07-27 12:00:00,23.00241,15.2482605,304.56024,100747.39,1.2004439e-06,2.7922702
2019-07-28 12:00:00,22.325104,16.794098,293.2642,100833.71,1.5106385e-06,3.4161978
2019-07-29 12:00:00,21.182281,16.081024,285.5201,100930.16,6.6840794e-06,4.0188546
2019-07-30 12:00:00,21.922913,16.270844,321.4505,101133.125,3.0982299e-06,4.146147
2019-07-31 12:00:00,22.539978,15.933563,346.97928,101133.57,0.0,4.6506457
2019-08-01 12:00:00,23.39685,16.437866,346.49045,100999.89,0.0,4.687398
2019-08-02 12:00:00,24.276825,16.023834,343.1547,100753.36,0.0,4.075262
2019-08-03 12:00:00,24.334839,16.672241,343.3826,100768.81,0.0,3.960996
2019-08-04 12:00:00,24.989594,15.990601,347.2305,100797.94,0.0,3.1068246
2019-08-05 12:00:00,25.701782,16.238464,339.40244,100655.414,1.1566504e-07,2.9538689
2019-08-06 12:00:00,26.026093,16.143005,343.82587,100373.79,0.0,2.8638535
2019-08-07 12:00:00,25.603485,16.764465,340.07022,100315.086,0.0,3.5969665
2019-08-08 12:00:00,24.30194,16.026855,335.9495,100493.42,0.0,3.1661627
2019-08-09 12:00:00,23.620636,16.799438,262.9642,100518.46,2.4012203e-07,3.3441792
2019-08-10 12:00:00,24.198853,18.340271,266.82782,100664.94,0.0,2.4440098
2019-08-11 12:00:00,24.001678,16.485687,310.34497,100898.06,1.2221276e-06,2.5534317
2019-08-12 12:00:00,25.598206,15.998383,311.9566,100899.48,5.468831e-07,2.6725714
2019-08-13 12:00:00,25.944702,15.923889,334.92017,100747.65,0.0,2.841862
2019-08-14 12:00:00,25.76294,15.400055,336.0546,100515.18,0.0,3.193603
2019-08-15 12:00:00,25.528198,15.961029,330.0795,100390.73,0.0,2.8482926
2019-08-16 12:00:00,23.702179,15.563965,303.88205,100494.67,5.107121e-07,2.9716275
2019-08-17 12:00:00,22.845398,16.171661,292.2193,100441.92,4.7018425e-06,3.0362306
2019-08-18 12:00:00,22.821472,16.513062,305.32947,100327.59,1.0754974e-06,3.6286793
2019-08-19 12:00:00,22.563293,17.997284,272.13947,100372.55,5.130671e-06,4.3647337
2019-08-20 12:00:00,24.319977,16.524597,285.64172,100356.0,3.896771e-07,3.0567436
2019-08-21 12:00:00,24.023193,16.753296,300.09033,100378.33,8.617868e-09,2.8510878
2019-08-22 12:00:00,23.3891,17.611542,229.43431,100491.4,1.4741873e-06,3.3259397
2019-08-23 12:00:00,23.220276,17.78302,242.88368,100408.336,2.1593196e-06,3.3950784
2019-08-24 12:00:00,24.459808,17.589813,286.89835,100286.77,6.331158e-07,3.379841
2019-08-25 12:00:00,24.302612,16.28955,309.9571,100279.22,0.0,3.6252246
2019-08-26 12:00:00,24.223083,16.54358,280.01584,100299.305,1.9001251e-06,2.742622
2019-08-27 12:00:00,24.085205,16.703033,284.227,100472.55,2.9883795e-06,2.7141113
2019-08-28 12:00:00,24.347687,17.1604,269.52933,100504.88,8.222316e-09,3.0107338
2019-08-29 12:00:00,24.20462,18.229248,265.52737,100343.25,4.9185377e-07,3.5807798
2019-08-30 12:00:00,23.820251,17.328186,302.72626,100266.14,0.0,3.748892
2019-08-31 12:00:00,22.302734,16.5271,264.27875,100395.914,7.0035827e-07,4.4312444
2019-09-01 12:00:00,20.816498,14.7439575,231.55983,100526.84,1.033207e-06,3.7740493
2019-09-02 12:00:00,22.973236,15.853943,270.28665,100700.664,7.576749e-07,3.6347888
2019-09-03 12:00:00,24.53952,16.809357,297.62128,100617.586,0.0,5.2088075
2019-09-04 12:00:00,23.945648,17.046844,294.66766,100400.34,0.0,6.175236
2019-09-05 12:00:00,22.56305,15.788544,293.74237,100600.336,0.0,4.945371
2019-09-06 12:00:00,22.366425,15.970459,291.04477,100819.87,0.0,4.648907
2019-09-07 12:00:00,25.204956,14.378937,289.53214,100800.41,0.0,2.60242
2019-09-08 12:00:00,24.836304,14.365387,287.46002,100448.45,0.0,3.0691612
2019-09-09 12:00:00,24.792023,16.85205,282.83777,100268.97,0.0,4.100675
2019-09-10 12:00:00,25.30487,15.038483,282.10788,100324.96,2.75998e-09,2.3177583
2019-09-11 12:00:00,25.742584,15.021332,280.49466,100276.45,2.5435182e-07,2.3280277
2019-09-12 12:00:00,24.700928,14.660126,260.1743,100318.57,1.6101264e-06,2.380849
2019-09-13 12:00:00,22.595856,16.246552,239.79076,100664.484,6.4112196e-06,3.472054
2019-09-14 12:00:00,21.465546,14.037231,265.9833,100826.016,2.1082892e-06,2.8591251
2019-09-15 12:00:00,22.1792,14.842987,269.17197,100710.625,1.2122861e-06,3.032759
2019-09-16 12:00:00,21.946777,14.7769165,268.42578,100590.49,0.0,4.17066
2019-09-17 12:00:00,21.117188,17.206787,172.4808,100642.78,3.0399867e-06,3.637774
2019-09-18 12:00:00,21.822784,17.94217,203.26123,100708.414,9.732604e-06,2.403051
2019-09-19 12:00:00,21.658386,17.023865,232.278,100667.984,4.8546503e-06,2.87158
2019-09-20 12:00:00,23.244904,14.105804,254.93211,100602.86,0.0,2.136805
2019-09-21 12:00:00,22.48523,16.258026,224.95062,100450.84,4.0826817e-06,3.1127682
2019-09-22 12:00:00,19.926422,16.00351,200.93117,100656.17,5.398631e-06,4.1946087
2019-09-23 12:00:00,20.130066,14.906616,203.24307,100913.96,5.08561e-06,3.3786862
2019-09-24 12:00:00,20.460876,14.703339,202.88565,100900.37,0.0,4.5221896
2019-09-25 12:00:00,19.545868,15.343109,122.65677,100841.57,1.6010835e-06,3.7843158
2019-09-26 12:00:00,19.298492,16.248108,167.82962,100639.98,8.553775e-05,4.40885
2019-09-27 12:00:00,21.422333,14.244019,247.388,100917.68,1.5711215e-08,4.7771835
2019-09-28 12:00:00,23.277863,14.167572,246.87247,100893.55,0.0,3.5134215
2019-09-29 12:00:00,24.614777,13.410431,243.9213,100797.64,0.0,1.8124522
2019-09-30 12:00:00,24.418488,13.448547,237.55612,100471.6,4.8502e-07,1.7067337
2019-10-01 12:00:00,23.274963,13.804871,225.02472,100503.13,5.9839675e-07,2.6695876
2019-10-02 12:00:00,24.468018,12.9216,237.09277,100744.36,5.5279717e-08,1.6946695
2019-10-03 12:00:00,27.042725,13.445923,233.35057,100890.35,4.479114e-08,1.0213053
2019-10-04 12:00:00,31.271698,16.201508,231.269,100796.1,0.0,0.9928614
2019-10-05 12:00:00,31.57721,18.627838,228.6132,100691.19,0.0,1.1619904
2019-10-06 12:00:00,30.128693,17.083008,163.55312,100656.75,0.0,1.5389767
2019-10-07 12:00:00,22.973938,15.628265,200.29831,100568.96,4.559961e-06,2.5477076
2019-10-08 12:00:00,22.163452,15.171387,139.9433,100451.2,7.1561607e-07,2.9531522
2019-10-09 12:00:00,20.266663,16.487946,102.51299,100868.9,2.2785418e-06,2.6577492
2019-10-10 12:00:00,21.05133,14.665436,132.67065,100987.69,6.0507577e-06,2.5775268
2019-10-11 12:00:00,20.300812,17.03592,125.3179,100952.8,6.266553e-05,2.7220664
2019-10-12 12:00:00,19.445435,14.572296,195.60995,100974.13,0.0,3.7818284
2019-10-13 12:00:00,19.037506,15.555511,101.48717,100902.01,6.892713e-05,3.2878175
2019-10-14 12:00:00,18.066864,12.865723,210.96284,100896.53,0.0,5.8487687
2019-10-15 12:00:00,16.81903,12.986298,195.58257,100651.81,3.1538726e-05,5.593956
2019-10-16 12:00:00,17.912018,11.697784,205.0753,100827.3,0.0,4.790765
2019-10-17 12:00:00,18.086395,12.043335,130.49886,100910.18,7.081907e-05,3.5550718
2019-10-18 12:00:00,16.570465,12.074646,189.94537,101228.91,1.2053562e-05,4.3163247
2019-10-19 12:00:00,18.15091,10.102966,201.46786,101398.72,0.0,3.292228
2019-10-20 12:00:00,17.935272,9.064423,127.191055,101255.54,0.0,1.9791361
2019-10-21 12:00:00,18.592438,12.404541,131.46733,101409.02,3.356454e-06,1.2364187
2019-10-22 12:00:00,21.812836,11.53302,196.02281,101121.93,0.0,1.6866969
2019-10-23 12:00:00,21.478455,11.379242,143.87875,101093.91,1.5834099e-06,2.921798
2019-10-24 12:00:00,20.834503,10.470428,191.00974,101029.58,0.0,2.3558435
2019-10-25 12:00:00,21.74472,11.072632,183.44514,100870.02,0.0,1.0094409
2019-10-26 12:00:00,24.019318,13.3186035,183.25305,100784.03,0.0,1.219995
2019-10-27 12:00:00,23.498047,12.400757,153.15106,100538.08,1.2391741e-08,1.2751045
2019-10-28 12:00:00,19.594788,12.547516,104.25672,100508.055,3.7011946e-06,2.033103
2019-10-29 12:00:00,20.375336,11.219116,163.31427,100982.84,7.1341304e-07,1.3287184
2019-10-30 12:00:00,23.69812,13.403748,172.56645,101262.4,0.0,0.8579705
2019-10-31 12:00:00,23.180756,13.005524,163.6378,100822.67,4.3732662e-08,1.6135647
2019-11-01 12:00:00,20.400604,12.847015,163.79666,100374.695,1.00307574e-07,2.328475
2019-11-02 12:00:00,18.319092,10.996124,167.46388,100425.25,1.4855614e-07,2.4982398
2019-11-03 12:00:00,18.551086,10.863373,166.23163,100988.69,0.0,3.0944316
2019-11-04 12:00:00,19.670898,14.032562,147.07799,101177.71,9.5007783e-07,3.2693632
2019-11-05 12:00:00,19.14975,11.990173,106.249985,100811.13,1.8805443e-06,1.0712456
2019-11-06 12:00:00,18.525208,14.195435,84.65583,100601.66,3.862517e-06,2.6850758
2019-11-07 12:00:00,18.153015,14.19577,121.44396,101179.586,8.63463e-06,2.1260219
2019-11-08 12:00:00,20.991638,10.982758,157.05017,101259.3,2.8008535e-07,1.0939782
2019-11-09 12:00:00,20.608795,10.35379,154.85123,100942.64,5.9177546e-07,1.177993
2019-11-10 12:00:00,18.89566,11.153748,71.079605,100745.27,2.5222566e-06,2.794552
2019-11-11 12:00:00,18.135101,10.815735,157.25644,101135.51,0.0,4.3816195
2019-11-12 12:00:00,17.581604,8.450653,151.48607,101069.68,6.9924866e-08,2.2442424
2019-11-13 12:00:00,16.5018,11.325531,151.46906,101357.03,1.487563e-06,3.7372315
2019-11-14 12:00:00,16.84665,7.610901,147.46057,101538.2,0.0,2.1755483
2019-11-15 12:00:00,17.02533,11.647919,120.8349,101544.98,2.917093e-07,3.384786
2019-11-16 12:00:00,16.92395,8.147034,144.16054,101287.14,9.754506e-07,1.4137933
2019-11-17 12:00:00,16.036407,8.947174,116.37334,101088.33,3.8456237e-06,3.08168
2019-11-18 12:00:00,15.441254,8.423004,133.96687,101617.18,1.8952708e-09,3.5148866
2019-11-19 12:00:00,16.495087,8.116608,139.02808,101515.31,0.0,3.0965474
2019-11-20 12:00:00,16.623474,11.928864,140.05554,101081.266,1.6505647e-06,3.207531
2019-11-21 12:00:00,16.666046,6.646942,144.45369,100987.25,0.0,1.2192138
2019-11-22 12:00:00,17.325073,6.105316,145.33484,101030.234,0.0,1.5714554
2019-11-23 12:00:00,16.090729,6.0959473,64.72063,100913.28,2.7472322e-07,0.4356805
2019-11-24 12:00:00,14.7994995,7.8122864,115.89524,100292.1,0.0,1.0261321
2019-11-25 12:00:00,14.114563,9.658722,33.693897,99466.71,8.312088e-05,3.6623056
2019-11-26 12:00:00,13.092133,8.245453,75.06284,100455.8,7.020606e-06,0.7769523
2019-11-27 12:00:00,12.849274,9.238983,94.964714,101326.15,2.7152205e-06,1.278828
2019-11-28 12:00:00,11.9157715,8.155945,87.68676,100944.81,8.76319e-06,1.3438971
2019-11-29 12:00:00,13.509857,7.0279846,133.44057,100923.17,2.2055613e-10,5.1574516
2019-11-30 12:00:00,12.841309,9.16507,119.208336,101294.86,3.881635e-06,5.804674
2019-12-01 12:00:00,10.906921,5.439026,137.57013,100836.984,1.0614447e-05,6.3509245
2019-12-02 12:00:00,11.323761,4.132477,135.22592,100426.09,0.0,9.122511
2019-12-03 12:00:00,10.954895,4.6111145,117.10217,100553.266,0.0,2.5614922
2019-12-04 12:00:00,9.698578,3.0126038,132.14099,100940.766,0.0,5.020714
2019-12-05 12:00:00,13.677399,6.864746,130.55507,101472.08,0.0,5.0988984
2019-12-06 12:00:00,13.214294,3.3564453,125.49077,101653.31,0.0,0.686174
2019-12-07 12:00:00,13.476044,3.8763428,120.92641,101480.055,5.6311205e-07,0.810594
2019-12-08 12:00:00,13.994202,5.6411743,117.002075,101374.6,7.6260545e-07,0.4996892
2019-12-09 12:00:00,14.885193,6.33255,123.83418,101093.89,0.0,2.3797653
2019-12-10 12:00:00,17.098236,7.4807434,74.95831,100271.086,6.4853666e-05,4.73898
2019-12-11 12:00:00,14.404724,10.6223755,98.10195,100036.92,0.00017540799,6.3970175
2019-12-12 12:00:00,12.501556,11.134735,55.505478,100264.91,4.7833422e-05,7.2041326
2019-12-13 12:00:00,12.569458,9.817993,114.53493,100686.2,6.637254e-05,2.2158704
2019-12-14 12:00:00,12.184479,6.798462,99.61907,100962.95,9.568569e-07,2.570468
2019-12-15 12:00:00,10.968201,5.3964844,115.44142,100838.586,3.0025356e-07,2.9650939
2019-12-16 12:00:00,11.2836,5.451874,122.946335,100613.33,1.1660064e-06,3.942733
2019-12-17 12:00:00,11.015625,3.7321167,119.36026,100826.27,6.1758976e-09,2.2016912
2019-12-18 12:00:00,8.801178,3.0186462,118.194626,101202.88,3.162138e-07,2.4058611
2019-12-19 12:00:00,9.770447,3.286621,117.074234,101381.89,5.338702e-07,0.9148867
2019-12-20 12:00:00,9.470825,2.6570435,116.48629,101619.516,8.3390364e-07,0.70870715
2019-12-21 12:00:00,8.865692,1.6645508,109.97683,101768.055,5.7879896e-07,1.7046669
2019-12-22 12:00:00,8.575317,6.3782654,31.936274,101797.805,3.14036e-05,1.2627958
2019-12-23 12:00:00,11.446869,6.6918335,100.78697,102051.805,1.1010375e-05,2.6162004
2019-12-24 12:00:00,11.43335,8.02478,66.85677,102056.13,2.4024024e-07,1.8246536
2019-12-25 12:00:00,11.146332,7.181793,34.258232,100431.64,0.00013062071,1.9378753
2019-12-26 12:00:00,11.529205,8.241058,115.62448,99486.63,0.00024132656,1.4912653
2019-12-27 12:00:00,13.025024,7.4246216,125.66588,100286.2,0.0,4.1080747
2019-12-28 12:00:00,12.203613,3.907013,117.79278,101004.57,0.0,1.3315486
2019-12-29 12:00:00,11.310059,6.486023,88.28029,101416.055,0.0,1.9092553
2019-12-30 12:00:00,11.264282,3.8674622,114.234726,101388.6,9.829585e-07,0.5352027
2019-12-31 12:00:00,10.767059,4.251007,126.347984,101253.98,2.1830253e-06,3.665252
2020-01-01 12:00:00,10.526489,6.7504883,129.1842,101042.484,0.0,6.1668177
2020-01-02 12:00:00,9.734009,1.7076416,125.25158,101151.016,1.2553794e-07,2.9725995
2020-01-03 12:00:00,8.795074,3.497589,95.98379,101035.43,1.4707343e-06,3.2891634
2020-01-04 12:00:00,8.583588,5.9385376,77.14152,100993.13,0.00022033612,1.6964512
2020-01-05 12:00:00,7.9613953,3.98703,109.68805,101532.4,3.2388677e-06,3.5264637
2020-01-06 12:00:00,7.356415,4.6836243,34.310932,101652.09,1.5312018e-05,3.0097167
2020-01-07 12:00:00,11.973541,6.647064,22.360012,101409.68,0.00024562152,2.9196079
2020-01-08 12:00:00,12.685822,8.845856,27.232351,100978.58,7.8036144e-05,2.850344
2020-01-09 12:00:00,12.6788025,8.026154,98.61578,101141.42,0.0001660983,3.37
2020-01-10 12:00:00,10.255096,5.4133606,131.23592,101112.69,5.186259e-08,4.822523
2020-01-11 12:00:00,10.107361,6.0710754,131.80852,101571.92,0.0,4.1808867
2020-01-12 12:00:00,10.1698,3.8208923,95.818886,102112.79,1.74855e-07,0.66891634
2020-01-13 12:00:00,10.309845,2.7934875,129.95529,101680.78,3.4434927e-07,1.170268
2020-01-14 12:00:00,10.351929,3.2361755,136.18237,101140.32,3.835062e-08,1.0945188
2020-01-15 12:00:00,9.971436,4.681671,67.66065,101173.97,5.823764e-06,0.5190165
2020-01-16 12:00:00,9.675964,3.0405273,130.46973,100813.86,3.2481758e-08,2.127916
2020-01-17 12:00:00,9.464691,2.8701782,128.94127,100513.914,1.9061616e-07,2.7614975
2020-01-18 12:00:00,9.473053,3.4842224,144.15282,100142.35,0.0,6.3729606
2020-01-19 12:00:00,9.464203,1.228363,56.7998,100662.82,1.1102195e-05,1.3883971
2020-01-20 12:00:00,10.110016,2.554657,143.8404,101644.99,8.2914875e-09,1.0287628
2020-01-21 12:00:00,10.1354065,1.7402344,122.21429,102199.25,8.149794e-07,0.9183267
2020-01-22 12:00:00,11.326874,3.4202576,142.06587,102155.45,0.0,1.644559
2020-01-23 12:00:00,12.427673,4.56723,123.742325,101880.85,6.882006e-07,1.1012499
2020-01-24 12:00:00,13.076996,4.0982056,140.26898,101246.61,6.6702023e-07,0.7643138
2020-01-25 12:00:00,13.171814,3.635376,156.18147,100937.02,1.8246284e-07,2.9883783
2020-01-26 12:00:00,12.431549,4.073822,153.20639,102028.72,0.0,3.2047882
2020-01-27 12:00:00,12.148712,2.790741,155.15092,102537.18,0.0,1.1354207
2020-01-28 12:00:00,13.463074,5.8700867,156.72159,102468.22,0.0,2.272974
2020-01-29 12:00:00,13.290894,4.630188,103.6245,101961.35,0.0,1.2995741
2020-01-30 12:00:00,12.156158,4.397156,71.04964,101315.195,8.356754e-06,1.6639946
2020-01-31 12:00:00,10.126617,7.915558,94.24309,100818.11,9.8035045e-05,3.1356256
2020-02-01 12:00:00,9.296814,6.438141,71.47787,100675.016,6.287366e-05,2.6823423
2020-02-02 12:00:00,10.5401,3.3817444,135.66624,101072.47,2.146567e-07,2.0454578
2020-02-03 12:00:00,10.677399,3.5922546,167.3001,100906.17,2.8964434e-08,3.202851
2020-02-04 12:00:00,11.668396,2.1381836,168.726,101366.33,6.568373e-08,1.146617
2020-02-05 12:00:00,12.730652,4.400055,167.91086,101810.16,1.0984462e-08,0.9340446
2020-02-06 12:00:00,13.553284,4.411072,172.90018,101689.09,0.0,1.4011476
2020-02-07 12:00:00,13.752777,6.3080444,158.97028,101120.09,1.4651762e-10,2.3449337
2020-02-08 12:00:00,13.626831,6.858185,79.29067,100730.05,2.2474127e-07,0.97618306
2020-02-09 12:00:00,11.175232,8.370056,104.029465,101372.305,1.3781402e-05,2.3601055
2020-02-10 12:00:00,12.6614685,6.181244,142.26842,101586.52,3.3366172e-07,0.90994674
2020-02-11 12:00:00,12.57547,7.94751,66.062706,101295.61,8.47339e-06,1.8289855
2020-02-12 12:00:00,12.635376,10.513062,86.61227,101271.22,3.759246e-05,1.4448754
2020-02-13 12:00:00,12.546631,9.545776,72.89697,100882.1,5.2205046e-06,1.549033
2020-02-14 12:00:00,12.483398,11.379242,39.984066,100761.61,0.00013850203,4.7157173
2020-02-15 12:00:00,13.01297,10.892548,61.88556,100878.97,3.076388e-05,1.486556
2020-02-16 12:00:00,14.069824,11.719788,37.658264,100435.164,0.00065935,7.4127026
2020-02-17 12:00:00,13.846008,12.253967,30.411362,100135.086,0.0006864879,8.641077
2020-02-18 12:00:00,12.261475,10.061005,61.283443,99695.96,0.00032143726,2.8480859
2020-02-19 12:00:00,10.482269,8.553192,93.62033,99934.12,4.351825e-05,2.7761045
2020-02-20 12:00:00,11.785309,6.4813232,185.33574,100236.48,1.4006119e-07,4.043111
2020-02-21 12:00:00,12.373169,5.139435,200.95554,100932.37,7.321746e-08,1.9600347
2020-02-22 12:00:00,12.208038,5.8739014,201.95186,101184.14,3.523861e-08,1.8205762
2020-02-23 12:00:00,11.576202,5.8718567,98.46318,100800.49,3.0825813e-08,1.8420918
2020-02-24 12:00:00,11.675903,8.723297,41.312286,100160.81,0.00011901395,6.693757
2020-02-25 12:00:00,11.965027,8.582794,137.60564,99522.24,0.00036945313,5.1966505
2020-02-26 12:00:00,9.999451,6.42218,199.8164,100297.0,1.659043e-07,4.6281166
2020-02-27 12:00:00,11.804016,4.7431946,216.46437,100829.97,0.0,3.9460032
2020-02-28 12:00:00,12.11377,5.723938,217.97348,101316.97,0.0,2.6776056
2020-02-29 12:00:00,,,,,,
2020-03-01 12:00:00,12.086639,5.063965,217.99402,101535.945,8.136393e-08,2.1664274
2020-03-02 12:00:00,13.334778,6.87796,225.35133,100908.984,0.0,4.9462204
2020-03-03 12:00:00,15.742401,9.766113,230.12125,100408.016,0.0,7.5370092
2020-03-04 12:00:00,15.634644,7.5999756,231.0016,100542.25,0.0,3.050917
2020-03-05 12:00:00,14.758667,6.3859863,173.73265,100808.164,4.2684014e-06,2.5474892
2020-03-06 12:00:00,11.49408,7.7635803,174.98817,100450.74,1.2556666e-06,4.109659
2020-03-07 12:00:00,11.357513,4.91864,167.72775,100470.71,1.1191171e-06,3.1007783
2020-03-08 12:00:00,10.771515,4.860901,227.83598,101165.555,7.2970386e-07,4.3948574
2020-03-09 12:00:00,11.749603,6.213806,223.6497,101617.86,7.853617e-06,4.0777965
2020-03-10 12:00:00,12.729523,6.780487,177.61282,101604.97,1.5822109e-06,5.0313463
2020-03-11 12:00:00,13.604645,5.5149536,243.05727,101358.79,6.61886e-10,3.3132973
2020-03-12 12:00:00,13.48468,7.1780396,195.37035,101224.93,7.5322e-07,4.346621
2020-03-13 12:00:00,12.754028,5.7750854,225.3313,101192.336,0.0,4.2753353
2020-03-14 12:00:00,15.411621,7.0230713,239.42581,101402.07,0.0,3.0410466
2020-03-15 12:00:00,15.319275,7.021698,217.63861,101229.17,1.5116246e-06,2.2374363
2020-03-16 12:00:00,13.478394,7.485565,242.84773,100614.07,4.553955e-05,6.9647813
2020-03-17 12:00:00,13.559204,5.20401,263.032,101301.23,0.0,5.7304096
2020-03-18 12:00:00,14.215637,4.6614685,256.69244,101262.234,0.0,1.4145961
2020-03-19 12:00:00,13.921509,7.1913147,136.09009,101042.81,0.0,1.5223519
2020-03-20 12:00:00,14.150757,6.3415833,208.31815,100441.51,0.0,2.8748662
2020-03-21 12:00:00,16.386536,6.581787,272.83722,100716.734,0.0,4.3359833
2020-03-22 12:00:00,16.429504,5.555237,269.04434,101592.83,0.0,2.0451715
2020-03-23 12:00:00,16.110413,6.410492,235.83333,101998.375,6.970574e-08,2.1113844
2020-03-24 12:00:00,14.212921,7.5055237,263.24005,101438.65,1.6919419e-11,4.0783963
2020-03-25 12:00:00,15.301666,8.392059,275.97537,100750.73,0.0,4.8649554
2020-03-26 12:00:00,17.988953,8.073914,283.27997,100772.21,0.0,5.015881
2020-03-27 12:00:00,19.249817,12.310242,282.53122,101052.39,0.0,5.392348
2020-03-28 12:00:00,19.116058,8.771301,276.77695,101444.98,2.3096067e-07,1.2606163
2020-03-29 12:00:00,17.506897,8.283112,265.68552,101188.61,2.8463792e-06,2.1056924
2020-03-30 12:00:00,21.77536,8.337402,275.79663,100913.414,1.039598e-06,0.52822036
2020-03-31 12:00:00,21.360504,8.411407,275.72934,100755.59,9.3637954e-07,1.8981016
2020-04-01 12:00:00,18.323822,8.001862,274.67328,100633.65,2.6674327e-06,2.0303204
2020-04-02 12:00:00,17.534851,8.944489,273.70093,100568.336,1.4099452e-06,2.3014128
2020-04-03 12:00:00,16.481995,8.490356,258.02252,100630.73,6.94051e-06,2.8018897
2020-04-04 12:00:00,15.539124,9.920593,288.02664,100526.77,0.0,4.69038
2020-04-05 12:00:00,18.682556,8.057526,311.54532,100712.13,0.0,4.287966
2020-04-06 12:00:00,19.890472,9.479126,308.1353,101215.11,0.0,2.6491394
2020-04-07 12:00:00,19.592041,7.9545593,285.15372,101539.37,1.9618676e-06,2.2179663
2020-04-08 12:00:00,16.756287,7.6532288,238.35002,101499.52,5.71988e-07,2.363707
2020-04-09 12:00:00,17.688751,8.378265,299.64908,101463.2,2.2468388e-08,2.2709453
2020-04-10 12:00:00,16.330902,9.399292,229.96825,101475.38,1.363408e-05,4.374364
2020-04-11 12:00:00,15.933716,8.377014,311.35107,101316.0,0.0,5.17918
2020-04-12 12:00:00,16.310242,9.571625,312.88934,100586.734,0.0,5.2497163
2020-04-13 12:00:00,19.026337,7.1857605,317.7709,100327.84,0.0,2.990662
2020-04-14 12:00:00,20.537476,9.679657,320.74237,100492.58,0.0,2.952154
2020-04-15 12:00:00,20.017212,9.2534485,166.52829,100730.31,1.1170457e-06,3.472007
2020-04-16 12:00:00,16.2948,9.025726,294.2913,100596.77,0.0,3.7327125
2020-04-17 12:00:00,16.21225,7.113678,306.45227,100219.555,3.718028e-08,2.4318855
2020-04-18 12:00:00,20.000702,9.413239,319.15973,99893.555,1.4963724e-07,1.9560055
2020-04-19 12:00:00,19.217163,9.380615,318.67105,100267.03,8.485567e-09,3.4439752
2020-04-20 12:00:00,17.308472,10.207275,312.63693,100774.76,1.3840482e-06,3.6413624
2020-04-21 12:00:00,16.532227,8.904633,309.15924,100826.33,0.0,4.2638497
2020-04-22 12:00:00,15.821869,9.674713,327.87207,100828.69,0.0,4.8721466
2020-04-23 12:00:00,18.04895,8.673828,326.39334,100754.88,0.0,2.3889961
2020-04-24 12:00:00,17.47522,10.237152,274.59265,100625.625,0.0,3.1995528
2020-04-25 12:00:00,16.063232,9.973541,322.10345,100746.516,0.0,4.60053
2020-04-26 12:00:00,15.57077,10.074707,300.9281,100668.77,0.0,4.944113
2020-04-27 12:00:00,17.528137,7.594879,332.15878,100428.27,0.0,2.768382
2020-04-28 12:00:00,19.330444,10.106018,332.18842,100378.695,0.0,2.4588594
2020-04-29 12:00:00,18.417542,10.370941,331.14603,100703.65,8.1602565e-08,3.0419965
2020-04-30 12:00:00,16.027008,10.706299,297.74597,100829.8,6.0712428e-06,3.057201
2020-05-01 12:00:00,15.2465515,10.468414,300.4259,100678.99,2.53616e-06,3.8308132
2020-05-02 12:00:00,14.473267,10.555328,146.79776,100455.61,1.973828e-06,4.0575247
2020-05-03 12:00:00,15.30304,10.173981,177.86491,100042.96,0.0,4.34195
2020-05-04 12:00:00,17.10147,10.0963745,263.08255,100032.58,9.0473105e-07,1.0767645
2020-05-05 12:00:00,17.09555,10.699341,335.40164,100412.61,4.686311e-09,3.2444868
2020-05-06 12:00:00,15.90506,10.629547,334.85712,101119.336,0.0,3.8343024
2020-05-07 12:00:00,18.80896,9.916779,327.77002,101577.23,1.8541781e-08,2.065196
2020-05-08 12:00:00,21.066315,10.568451,338.44128,101347.29,0.0,2.1194835
2020-05-09 12:00:00,22.876984,10.596405,343.08972,101026.54,4.912279e-08,2.0540404
2020-05-10 12:00:00,22.368286,11.988434,333.90076,100913.59,1.2428479e-06,2.01448
2020-05-11 12:00:00,24.749695,12.228516,347.35196,100435.52,0.0,1.7408743
2020-05-12 12:00:00,20.27008,13.5373535,265.6695,100340.51,6.5394516e-07,3.6296635
2020-05-13 12:00:00,18.247925,13.048004,257.35678,100474.484,4.518162e-06,4.439109
2020-05-14 12:00:00,19.836487,11.213989,355.96228,100413.18,0.0,3.437696
2020-05-15 12:00:00,18.786835,12.704712,168.5057,100599.76,2.168314e-06,3.2405026
2020-05-16 12:00:00,17.076263,11.737213,269.76517,100739.63,2.8299803e-06,2.7107408
2020-05-17 12:00:00,16.581146,12.646912,268.72363,100837.18,9.866117e-06,3.9141805
2020-05-18 12:00:00,19.00586,11.032928,352.61963,100835.15,3.5943837e-09,4.5968018
2020-05-19 12:00:00,21.00879,13.463318,358.78104,100446.26,0.0,4.8127956
2020-05-20 12:00:00,23.245544,12.264954,357.2008,100200.83,0.0,2.6410995
2020-05-21 12:00:00,22.923615,12.764038,357.7427,99947.92,0.0,2.694151
2020-05-22 12:00:00,20.953918,14.59964,357.51038,99659.56,0.0,3.8599482
2020-05-23 12:00:00,20.202759,13.286163,350.9758,99767.12,5.1031352e-09,4.181293
2020-05-24 12:00:00,16.726776,13.338043,143.52232,99756.9,5.735661e-05,4.8376956
2020-05-25 12:00:00,14.859894,11.302032,242.63176,99932.56,6.2643885e-06,4.993827
2020-05-26 12:00:00,17.943268,9.88974,358.8519,100246.09,6.755346e-08,3.4240382
2020-05-27 12:00:00,17.598206,12.634857,370.31702,101043.195,3.9873695e-09,6.0125237
2020-05-28 12:00:00,19.224854,11.271881,366.29858,101200.375,0.0,3.5974884
2020-05-29 12:00:00,21.475037,11.147736,365.96664,100990.336,0.0,2.7061133
2020-05-30 12:00:00,21.444183,13.369995,363.05463,100888.65,0.0,4.665405
2020-05-31 12:00:00,18.434174,13.554138,307.7303,100964.766,0.0,4.745052
2020-06-01 12:00:00,18.498169,12.974823,351.62833,100900.336,3.6171255e-07,4.9515924
2020-06-02 12:00:00,20.76004,13.498169,369.1527,100713.516,0.0,5.769166
2020-06-03 12:00:00,21.577423,14.451019,368.2057,100545.37,0.0,4.5071135
2020-06-04 12:00:00,22.984192,14.484467,367.5904,100458.58,0.0,3.9573414
2020-06-05 12:00:00,23.863281,13.768951,369.5772,100398.09,0.0,2.2774613
2020-06-06 12:00:00,24.645447,14.024506,368.08273,100220.625,0.0,2.0512466
2020-06-07 12:00:00,22.209808,13.803894,364.1939,100190.29,8.458884e-08,2.848779
2020-06-08 12:00:00,20.780792,13.995117,342.16922,100080.734,3.0510162e-06,3.374976
2020-06-09 12:00:00,19.424042,14.479645,329.70908,100150.15,8.126199e-06,4.6985283
2020-06-10 12:00:00,19.843567,14.700531,343.6266,100477.87,2.7805954e-06,4.0519557
2020-06-11 12:00:00,20.007538,14.060333,340.12772,100749.875,3.7558193e-06,2.9116015
2020-06-12 12:00:00,21.183533,12.99472,359.6816,100850.43,3.1496947e-06,2.7616398
2020-06-13 12:00:00,21.470856,13.723419,347.42987,100782.23,2.597117e-06,3.2726846
2020-06-14 12:00:00,21.160095,14.561371,327.7317,100565.19,5.012338e-07,3.898453
2020-06-15 12:00:00,20.383545,15.554749,343.62064,100595.086,6.8905894e-07,4.962028
2020-06-16 12:00:00,20.302246,16.04486,338.77982,100597.61,0.0,5.2769747
2020-06-17 12:00:00,20.243408,15.742828,362.71658,100474.98,0.0,4.759536
2020-06-18 12:00:00,19.96344,15.399414,329.54926,100443.28,2.45873e-06,4.2105026
2020-06-19 12:00:00,19.37561,15.338776,343.90018,100696.7,5.2775426e-06,3.9917583
2020-06-20 12:00:00,18.975128,14.868805,315.5567,100732.13,1.1031728e-06,4.7280273
2020-06-21 12:00:00,18.364746,15.781555,195.24734,100799.0,0.00012109315,3.781067
2020-06-22 12:00:00,19.052368,13.589325,299.16467,100895.54,2.5774957e-06,2.587902
2020-06-23 12:00:00,18.64914,15.427307,221.03267,101040.016,7.0424435e-06,3.1569011
2020-06-24 12:00:00,19.183228,14.9496155,290.83856,101029.84,3.2665957e-06,3.2390013
2020-06-25 12:00:00,19.727692,15.513733,303.40872,100734.79,2.2912309e-06,4.3310637
2020-06-26 12:00:00,19.21762,15.846832,250.27167,100692.37,1.7164033e-06,4.818545
2020-06-27 12:00:00,19.880493,15.886017,303.60297,100688.164,7.529262e-07,5.1421685
2020-06-28 12:00:00,22.530853,15.321075,367.39874,101035.32,0.0,3.7149043
2020-06-29 12:00:00,24.400452,15.189941,364.07584,100892.98,0.0,2.8348665
2020-06-30 12:00:00,24.595032,16.374084,366.20816,100663.97,0.0,2.5050826
2020-07-01 12:00:00,23.925903,16.225372,344.964,100591.28,9.753824e-07,2.841598
2020-07-02 12:00:00,23.927032,16.316223,344.5946,100414.16,2.3239336e-06,2.3573732
2020-07-03 12:00:00,23.660217,17.427673,255.6075,100340.06,2.4318344e-06,3.9547327
2020-07-04 12:00:00,22.868011,18.261078,258.03043,100496.04,2.1185065e-06,4.6823764
2020-07-05 12:00:00,23.971893,17.104279,276.25388,100599.81,1.2293142e-09,2.1081893
2020-07-06 12:00:00,26.711151,17.20517,337.57407,100609.68,0.0,2.182342
2020-07-07 12:00:00,26.827484,18.047394,346.5397,100578.89,7.378207e-07,2.6083066
2020-07-08 12:00:00,25.754944,18.124329,349.5296,100584.375,0.0,3.8934078
2020-07-09 12:00:00,22.703796,18.318207,328.58295,100631.17,2.3122904e-08,4.033514
2020-07-10 12:00:00,23.14978,17.456055,349.23914,100588.0,2.4710914e-07,4.055516
2020-07-11 12:00:00,23.927643,16.694946,345.65942,100635.9,5.9445155e-09,3.2305975
2020-07-12 12:00:00,23.293518,16.751404,331.54318,100688.35,2.286992e-07,3.2387588
2020-07-13 12:00:00,23.544159,17.758362,330.09515,100740.664,8.997924e-07,3.4749818
2020-07-14 12:00:00,24.693146,17.85553,358.49026,100697.62,0.0,3.4414814
2020-07-15 12:00:00,24.595184,16.899078,357.35193,100549.48,3.8414979e-07,3.2091713
2020-07-16 12:00:00,24.358551,17.911987,353.5712,100402.19,2.1827054e-07,3.7380412
2020-07-17 12:00:00,25.234802,17.735657,356.7722,100230.72,9.789447e-09,3.600636
2020-07-18 12:00:00,24.469666,19.29184,353.03528,100259.375,0.0,4.772468
2020-07-19 12:00:00,23.763977,18.732086,355.02078,100418.67,0.0,4.518453
2020-07-20 12:00:00,23.113525,18.326477,326.05182,100619.664,2.1018711e-06,4.2603474
2020-07-21 12:00:00,23.70868,17.486328,328.03967,100734.234,2.206811e-06,3.8250232
2020-07-22 12:00:00,25.093964,17.572968,357.69086,100475.625,0.0,3.6662593
2020-07-23 12:00:00,24.75061,17.591217,359.29233,100334.48,0.0,4.1851974
2020-07-24 12:00:00,26.34375,17.355286,355.22202,100340.64,0.0,3.2218263
2020-07-25 12:00:00,26.260529,19.362762,344.25482,100631.37,0.0,6.9392123
2020-07-26 12:00:00,24.336884,18.13327,341.8078,100889.61,0.0,6.1076403
2020-07-27 12:00:00,26.85379,18.87378,349.3893,100794.23,0.0,5.2442336
2020-07-28 12:00:00,27.83368,19.395905,355.87842,100828.25,0.0,5.0315366
2020-07-29 12:00:00,29.320099,17.04071,353.41168,100728.664,0.0,2.2610638
2020-07-30 12:00:00,29.148651,17.21933,308.30994,100659.56,0.0,2.550798
2020-07-31 12:00:00,26.31839,18.436584,330.9033,100623.69,0.0,3.941338
2020-08-01 12:00:00,25.183441,18.370605,338.95956,100686.11,0.0,4.2072725
2020-08-02 12:00:00,25.735992,16.528534,332.86423,100427.05,0.0,2.8325396
2020-08-03 12:00:00,25.177917,17.715088,310.22668,100327.336,1.281148e-06,3.3848853
2020-08-04 12:00:00,24.177795,17.7305,313.54044,100400.41,1.5277748e-06,3.5567255
2020-08-05 12:00:00,23.991943,17.219849,306.84302,100440.086,2.6006376e-06,3.0845594
2020-08-06 12:00:00,23.8844,17.792328,304.115,100523.54,2.581087e-07,3.9163256
2020-08-07 12:00:00,24.197296,18.571838,298.86758,100512.99,2.4233795e-08,4.4889364
2020-08-08 12:00:00,23.836945,19.330566,290.82288,100507.64,0.0,4.652688
2020-08-09 12:00:00,24.330109,18.957489,311.8033,100557.73,9.698266e-08,3.6420898
2020-08-10 12:00:00,23.837067,19.194519,286.64014,100425.734,1.2034869e-06,4.322778
2020-08-11 12:00:00,23.32077,18.415283,286.0407,100418.3,9.440372e-07,4.688514
2020-08-12 12:00:00,23.691437,17.934967,309.38757,100603.484,1.7410752e-06,3.8412018
2020-08-13 12:00:00,24.583038,16.902252,322.44858,100681.695,1.8987369e-07,3.5947533
2020-08-14 12:00:00,26.115326,15.898621,326.78775,100604.89,4.6337405e-08,2.9328852
2020-08-15 12:00:00,26.042908,16.4729,323.15958,100414.086,0.0,2.881225
2020-08-16 12:00:00,26.923737,19.287292,288.18988,100445.234,0.0,2.6101065
2020-08-17 12:00:00,26.451965,17.809143,314.6623,100581.62,4.1605725e-07,2.8583786
2020-08-18 12:00:00,26.174744,17.119934,310.36975,100692.88,0.0,3.4904156
2020-08-19 12:00:00,24.919281,17.464905,324.00415,100770.8,0.0,4.9648967
2020-08-20 12:00:00,25.631348,18.935608,322.60016,100734.17,0.0,5.7710786
2020-08-21 12:00:00,25.100464,16.3974,320.90338,100622.914,0.0,3.795778
2020-08-22 12:00:00,26.265778,16.990997,320.93826,100638.484,0.0,3.8951926
2020-08-23 12:00:00,26.202667,17.017365,275.21246,100526.26,0.0,3.1125517
2020-08-24 12:00:00,26.133087,16.116547,317.39227,100586.516,0.0,3.749679
2020-08-25 12:00:00,25.999115,16.828125,313.176,100928.39,0.0,4.2764544
2020-08-26 12:00:00,25.20691,15.2066345,314.90466,101010.305,0.0,3.1966653
2020-08-27 12:00:00,23.923615,16.460297,313.97723,100796.12,0.0,4.611422
2020-08-28 12:00:00,23.282532,15.531311,308.69373,100435.625,0.0,3.8551686
2020-08-29 12:00:00,22.322418,16.992767,268.05908,100543.28,8.44603e-08,4.58405
2020-08-30 12:00:00,21.187012,15.490265,246.8516,100731.734,6.977278e-07,4.2694097
2020-08-31 12:00:00,20.41803,16.537506,211.73505,100824.43,4.843993e-06,4.9498134
2020-09-01 12:00:00,20.679352,15.188385,266.5799,100805.06,6.612342e-07,4.398694
2020-09-02 12:00:00,22.186035,15.054871,274.65912,100633.12,3.353145e-07,3.2824156
2020-09-03 12:00:00,22.44223,14.440918,202.28146,100748.1,1.6823928e-07,2.5086884
2020-09-04 12:00:00,23.65329,13.943848,285.1574,100648.83,1.0132469e-07,2.4982371
2020-09-05 12:00:00,24.836456,14.616516,294.74054,100374.74,1.1715777e-08,2.4449356
2020-09-06 12:00:00,24.236267,14.798035,281.70575,100218.58,4.7658514e-07,2.9277563
2020-09-07 12:00:00,21.42569,16.852875,233.1161,100242.94,2.3019618e-06,4.154898
2020-09-08 12:00:00,21.63974,16.352692,278.0602,100212.1,6.242122e-08,4.580793
2020-09-09 12:00:00,20.9534,15.990601,259.9733,100270.93,3.1781153e-07,5.7479224
2020-09-10 12:00:00,19.78122,16.080414,140.61993,100274.76,2.3064009e-05,3.2592251
2020-09-11 12:00:00,20.636047,16.353546,217.23682,100531.02,0.0001680105,2.055461
2020-09-12 12:00:00,21.249481,15.344147,269.5623,100674.76,6.397082e-08,2.375581
2020-09-13 12:00:00,20.619537,16.623352,178.98781,100329.805,3.9045435e-06,3.2488859
2020-09-14 12:00:00,21.457733,14.9201355,250.03969,100231.11,1.6487809e-07,2.6239572
2020-09-15 12:00:00,22.113861,14.868561,263.9296,100439.39,5.9085355e-08,2.4188232
2020-09-16 12:00:00,23.97113,15.633728,242.22932,100680.984,8.476852e-09,2.246379
2020-09-17 12:00:00,23.835632,16.594635,261.0219,100769.84,0.0,2.4181569
2020-09-18 12:00:00,24.461426,15.979675,257.89722,100633.33,2.843808e-07,2.2601628
2020-09-19 12:00:00,25.58847,16.127716,258.913,100595.6,4.2634917e-07,2.1696
2020-09-20 12:00:00,24.990112,15.858215,237.27635,100663.945,3.094712e-06,2.1624925
2020-09-21 12:00:00,22.69342,15.706482,237.6375,100660.305,5.726172e-06,2.1817548
2020-09-22 12:00:00,21.934052,16.226715,213.80116,100484.52,9.142298e-06,2.7480671
2020-09-23 12:00:00,22.465973,15.374176,216.34935,100557.12,1.5003297e-06,2.4657896
2020-09-24 12:00:00,23.976501,15.196777,227.4947,100883.805,3.1607476e-06,2.0246694
2020-09-25 12:00:00,23.311798,16.055084,214.87308,100820.97,5.8696555e-06,2.4167385
2020-09-26 12:00:00,21.796509,17.228882,166.48558,100501.36,1.9922945e-06,3.3090684
2020-09-27 12:00:00,23.941803,14.986267,237.47888,100092.48,0.0,3.0202575
2020-09-28 12:00:00,23.550018,15.82666,244.46405,99753.74,0.0,3.1948931
2020-09-29 12:00:00,21.548218,16.066345,235.91199,100210.42,1.1421262e-08,4.7774568
2020-09-30 12:00:00,21.641693,14.907593,225.01363,100874.76,1.2101607e-06,2.848337
2020-10-01 12:00:00,23.713959,14.292145,236.241,101093.4,4.4272785e-09,2.2567592
2020-10-02 12:00:00,24.675201,14.465942,234.20966,100864.58,1.8745244e-08,1.9647139
2020-10-03 12:00:00,24.063171,14.378296,205.7528,100542.64,1.5466943e-06,2.4129193
2020-10-04 12:00:00,23.4758,14.165588,221.96666,100371.53,7.0294663e-09,2.4945273
2020-10-05 12:00:00,23.49466,14.042969,223.42393,100713.14,4.811303e-07,1.7446997
2020-10-06 12:00:00,24.268555,14.673004,216.02325,100861.61,3.0483104e-08,1.9731325
2020-10-07 12:00:00,22.753876,15.07959,180.33652,100707.32,3.2978696e-07,3.0351086
2020-10-08 12:00:00,23.931885,16.166351,148.87923,100432.88,0.0,2.2230542
2020-10-09 12:00:00,23.946014,15.568878,196.45392,100238.3,2.4327877e-08,1.6751343
2020-10-10 12:00:00,22.520996,15.576691,185.98703,100576.76,2.733439e-07,2.6860502
2020-10-11 12:00:00,21.32132,15.692169,182.88141,100666.51,2.7196754e-06,3.6400282
2020-10-12 12:00:00,22.630066,16.705933,162.59512,100632.836,0.0,3.6576009
2020-10-13 12:00:00,20.928314,14.43454,180.76746,100555.28,8.274995e-07,2.71207
2020-10-14 12:00:00,19.298798,14.524872,162.28499,100583.41,3.7557757e-06,3.60331
2020-10-15 12:00:00,17.188263,12.076416,88.12535,100906.86,2.4918752e-05,2.7886844
2020-10-16 12:00:00,19.047943,11.531555,174.694,101172.66,1.1939683e-05,2.0007434
2020-10-17 12:00:00,18.781921,14.005829,68.53998,100840.42,7.3620154e-06,3.1333265
2020-10-18 12:00:00,18.572876,14.512482,195.35803,100704.49,0.0001252322,3.2412717
2020-10-19 12:00:00,20.578003,13.09137,194.55577,101145.25,0.0,4.332999
2020-10-20 12:00:00,20.569153,12.675934,191.72963,101261.03,0.0,2.0825264
2020-10-21 12:00:00,20.079895,14.098877,83.090775,101208.42,4.626626e-06,3.226684
2020-10-22 12:00:00,19.563324,13.684418,180.17523,100938.27,4.1488997e-06,2.3505683
2020-10-23 12:00:00,22.161194,11.611847,179.51067,101216.21,0.0,2.6214936
2020-10-24 12:00:00,23.47754,14.108185,175.81183,101370.984,0.0,1.2835976
2020-10-25 12:00:00,24.278412,14.255707,174.59004,101134.09,0.0,1.2355958
2020-10-26 12:00:00,23.751007,15.265167,170.3977,100961.97,1.2536908e-07,1.5294464
2020-10-27 12:00:00,23.453644,13.21698,182.73473,101092.56,0.0,1.2166435
2020-10-28 12:00:00,24.936523,13.122162,179.00636,100949.85,5.129423e-07,0.48227265
2020-10-29 12:00:00,24.345886,12.5433655,171.45148,100692.0,1.0061473e-06,1.5741233
2020-10-30 12:00:00,20.992584,13.076904,111.79237,100357.53,4.7784288e-09,2.1509643
2020-10-31 12:00:00,21.088867,11.110016,173.77483,100235.96,1.02552065e-07,1.3764409
2020-11-01 12:00:00,22.729584,13.713715,176.67741,100582.97,0.0,3.2727747
2020-11-02 12:00:00,22.255707,11.644012,176.36084,100824.7,0.0,1.5261832
2020-11-03 12:00:00,21.45398,10.1657715,173.82335,100896.68,1.1945355e-07,0.7309322
2020-11-04 12:00:00,20.654694,10.388947,145.94258,101113.984,2.060796e-06,1.9155312
2020-11-05 12:00:00,18.931946,11.250732,172.92383,101248.97,0.0,5.8007717
2020-11-06 12:00:00,21.090057,15.422516,173.63557,101269.03,0.0,9.455775
2020-11-07 12:00:00,20.742218,11.364471,171.10793,101553.42,0.0,3.6068792
2020-11-08 12:00:00,20.161285,9.533203,170.90816,101697.72,0.0,0.73979557
2020-11-09 12:00:00,20.43451,9.090668,119.98922,101225.15,9.3100844e-08,1.1174355
2020-11-10 12:00:00,20.280518,10.277893,140.74174,100795.375,0.0,3.7921047
2020-11-11 12:00:00,19.222504,12.673889,47.868427,100781.58,2.4179748e-05,3.2304113
2020-11-12 12:00:00,15.169067,10.049713,138.6223,101177.63,4.7981066e-05,0.96335495
2020-11-13 12:00:00,14.744293,10.120514,107.4142,101155.125,2.2717819e-05,4.472355
2020-11-14 12:00:00,13.748901,8.934631,77.19961,101085.51,2.0068615e-06,4.0806756
2020-11-15 12:00:00,12.817749,10.540588,32.465595,100821.29,4.6536177e-05,1.2011881
2020-11-16 12:00:00,14.432251,9.99939,138.82661,100463.42,2.9714978e-05,6.1132717
2020-11-17 12:00:00,13.93512,9.787506,31.753576,100673.445,6.7270696e-05,2.4521358
2020-11-18 12:00:00,14.243805,8.2204895,78.72643,100344.62,0.00020828417,5.1225014
2020-11-19 12:00:00,12.639404,8.294159,143.41328,100725.766,3.9000096e-07,5.4975576
2020-11-20 12:00:00,12.748108,8.0052185,52.527035,101330.49,4.872196e-05,3.4129086
2020-11-21 12:00:00,13.322266,5.5392456,136.46208,101668.375,9.741801e-07,2.685031
2020-11-22 12:00:00,12.845551,6.322357,75.38398,101503.86,2.8112057e-10,1.7440906
2020-11-23 12:00:00,12.099487,8.466278,55.24681,100253.77,0.0003447304,1.7102367
2020-11-24 12:00:00,12.190216,7.384308,136.91702,100569.516,6.9133184e-06,2.7372847
2020-11-25 12:00:00,12.349426,5.965454,133.32204,101371.95,7.325881e-11,0.9879999
2020-11-26 12:00:00,12.025238,5.812042,71.72152,101863.34,8.6007384e-07,0.73918164
2020-11-27 12:00:00,11.720947,8.712341,49.87641,101729.43,2.4199778e-06,1.1782825
2020-11-28 12:00:00,14.618103,10.678864,72.967285,101282.81,1.6664915e-05,2.6536505
2020-11-29 12:00:00,14.357056,13.443726,32.660866,100412.91,0.0001456164,7.918904
2020-11-30 12:00:00,13.895477,10.567627,125.01326,101069.9,9.675658e-05,4.763785
2020-12-01 12:00:00,12.000336,5.672943,132.7356,101920.33,9.372622e-09,2.464996
2020-12-02 12:00:00,11.843903,6.2977295,86.318794,101979.06,0.0,1.4342694
2020-12-03 12:00:00,13.205261,7.739929,128.34244,101718.87,4.0636838e-05,1.6384228
2020-12-04 12:00:00,14.411285,8.418701,125.80296,101796.88,0.0,3.8646414
2020-12-05 12:00:00,13.570831,4.6574097,99.66219,101765.39,2.870779e-10,0.9453506
2020-12-06 12:00:00,11.977997,6.888489,126.19524,101699.34,5.5205473e-06,2.0268905
2020-12-07 12:00:00,11.712036,5.1775513,117.09976,101655.5,1.690358e-07,2.3373652
2020-12-08 12:00:00,11.96637,4.9566956,116.745026,101973.47,4.1751102e-07,1.8987602
2020-12-09 12:00:00,11.9122925,5.63089,125.3035,101884.53,1.9825675e-08,2.0729384
2020-12-10 12:00:00,10.448364,3.3467102,111.03568,101653.49,2.3077644e-06,2.7394054
2020-12-11 12:00:00,13.369629,5.4655457,115.63962,101437.945,6.0099774e-07,1.0465503
2020-12-12 12:00:00,12.801147,5.1874084,126.75782,101244.33,0.0,1.8043752
2020-12-13 12:00:00,10.887146,5.055908,89.75217,101337.61,3.9703954e-07,2.9325783
2020-12-14 12:00:00,11.996185,4.6035156,122.22964,101082.97,0.0,2.043173
2020-12-15 12:00:00,11.432495,5.9665527,43.595654,100469.16,2.7835267e-07,1.2716259
2020-12-16 12:00:00,10.794128,9.307556,47.797615,100191.336,6.657486e-06,2.9114308
2020-12-17 12:00:00,12.326202,9.568634,79.80775,100046.68,0.00014518554,4.6929965
2020-12-18 12:00:00,13.812317,8.65387,24.557276,100420.84,9.65731e-05,3.0319886
2020-12-19 12:00:00,14.065552,9.296814,27.438416,99536.4,0.0006700398,5.907823
2020-12-20 12:00:00,10.186005,4.6345215,121.753685,100486.19,1.234123e-08,4.0548487
2020-12-21 12:00:00,10.349701,5.3862305,116.43329,101102.01,2.0972463e-07,1.4808406
2020-12-22 12:00:00,9.971497,3.3690796,29.693794,100528.05,0.00012350177,4.194999
2020-12-23 12:00:00,12.609283,9.24234,59.440823,100015.03,0.00032383867,6.9767675
2020-12-24 12:00:00,13.133789,10.750183,63.672153,99840.87,0.0005300897,6.308057
2020-12-25 12:00:00,11.638367,9.534821,106.44714,99954.35,0.00018342027,2.8503752
2020-12-26 12:00:00,11.593079,8.153076,26.003021,101131.56,0.00012130397,0.9600486
2020-12-27 12:00:00,11.755981,7.6052246,36.287647,101485.68,2.9698243e-05,3.0926538
2020-12-28 12:00:00,13.468597,10.437317,119.48183,101029.24,0.00011387518,3.9809968
2020-12-29 12:00:00,13.001251,5.4272156,126.24218,101558.336,0.0,1.5823191
2020-12-30 12:00:00,10.947693,4.998474,99.02743,102131.87,6.194281e-07,2.619375
2020-12-31 12:00:00,12.115112,6.6736755,92.530975,101982.29,0.0,1.6913055
2021-01-01 12:00:00,11.974121,8.922394,29.71349,101440.836,7.4318814e-05,1.7287036
2021-01-02 12:00:00,9.95636,6.273926,127.80945,101738.82,1.8096634e-09,6.029005
2021-01-03 12:00:00,9.389221,4.8269043,131.29494,101689.01,0.0,7.6091485
2021-01-04 12:00:00,7.941742,4.248932,133.03082,101619.65,0.0,8.363613
2021-01-05 12:00:00,7.820038,2.5306396,132.04233,101638.25,2.9303523e-10,5.037365
2021-01-06 12:00:00,7.8160095,1.7822266,129.95367,101972.31,0.0,1.9344277
2021-01-07 12:00:00,8.798248,2.1065063,110.20962,101915.59,0.0,1.3611311
2021-01-08 12:00:00,9.209839,5.6402283,45.02621,101719.67,8.3280775e-06,0.97791344
2021-01-09 12:00:00,8.926788,6.809021,51.193455,101851.68,9.421327e-05,2.6846683
2021-01-10 12:00:00,10.248901,7.2044067,56.271084,101847.28,1.4169186e-06,2.967743
2021-01-11 12:00:00,12.131866,8.965424,59.70583,101560.07,1.7754404e-05,0.92019236
2021-01-12 12:00:00,12.255798,10.689789,52.57481,101223.59,3.3858247e-05,1.696178
2021-01-13 12:00:00,12.345978,6.6032715,117.17977,101268.33,3.6127285e-06,1.0215484
2021-01-14 12:00:00,12.240723,6.493744,102.00827,101617.05,0.0,1.5657645
2021-01-15 12:00:00,14.223419,6.434021,138.34975,101815.3,6.284455e-10,2.2895222
2021-01-16 12:00:00,13.709381,5.4932556,136.98586,102057.22,6.09272e-07,2.9703634
2021-01-17 12:00:00,12.902985,6.4017334,63.471447,101444.45,2.3223909e-06,1.2256052
2021-01-18 12:00:00,10.362579,8.590637,44.17282,100760.46,1.3553007e-05,2.5235784
2021-01-19 12:00:00,8.806549,6.134247,73.75357,100418.03,0.00012392973,3.4597342
2021-01-20 12:00:00,9.534241,3.962677,139.29257,100820.67,0.00015076724,3.7190323
2021-01-21 12:00:00,9.615051,3.7750244,127.455444,101700.56,2.4045448e-07,2.5107799
2021-01-22 12:00:00,10.068359,5.9930725,131.40604,101819.016,2.078152e-06,0.8728937
2021-01-23 12:00:00,10.337128,7.262207,85.01214,101263.586,0.00017866143,3.655722
2021-01-24 12:00:00,9.9696045,5.1522217,143.59987,101772.82,5.398363e-07,4.167811
2021-01-25 12:00:00,11.15741,3.5694275,140.13162,101879.88,1.380872e-07,2.5359573
2021-01-26 12:00:00,11.10321,6.5091248,101.98341,102003.88,4.792521e-07,0.73851293
2021-01-27 12:00:00,12.098694,5.199463,151.73624,101720.97,0.0,1.8497233
2021-01-28 12:00:00,11.978302,5.4110107,157.94687,100869.125,0.0,5.0555096
2021-01-29 12:00:00,10.566406,2.0741882,160.15271,100599.71,0.0,3.1673253
2021-01-30 12:00:00,9.906494,3.0509644,162.00098,101109.76,0.0,3.6510298
2021-01-31 12:00:00,9.837067,3.2181091,165.48615,101558.58,0.0,2.3810656
2021-02-01 12:00:00,9.295532,3.8440857,154.05464,101286.55,0.0,3.6186354
2021-02-02 12:00:00,10.642273,6.192505,119.68194,100768.734,0.0,3.8903778
2021-02-03 12:00:00,10.2578125,5.75296,33.460968,100296.234,0.00022312455,4.623965
2021-02-04 12:00:00,13.389282,8.498779,58.33899,100318.664,0.00019097448,5.797121
2021-02-05 12:00:00,13.113068,10.382355,73.46352,100881.64,0.00019237818,1.9833566
2021-02-06 12:00:00,12.515198,10.389557,76.16544,101476.55,9.47001e-06,1.0703791
2021-02-07 12:00:00,12.9357605,8.819672,105.56489,101096.34,7.40303e-07,1.7153372
2021-02-08 12:00:00,12.591553,8.960083,60.523952,100655.61,4.2630287e-05,2.7278628
2021-02-09 12:00:00,12.4313965,10.065857,76.77212,100183.58,0.000118947035,2.295979
2021-02-10 12:00:00,12.353241,8.29657,106.31239,100651.586,5.2932764e-06,2.033125
2021-02-11 12:00:00,11.359985,6.2244263,133.63782,100920.92,6.725364e-07,0.76672775
2021-02-12 12:00:00,11.635345,5.571533,114.124146,101145.81,1.7029707e-06,1.0785027
2021-02-13 12:00:00,12.163818,5.466522,142.05722,101297.37,1.2914272e-06,1.9412273
2021-02-14 12:00:00,12.00473,6.1505127,115.15438,101414.5,4.257299e-06,1.3792607
2021-02-15 12:00:00,12.697754,5.5976562,156.14386,101368.15,1.7218977e-06,0.34832397
2021-02-16 12:00:00,13.189789,5.888855,183.17497,101258.27,5.00074e-07,1.4232892
2021-02-17 12:00:00,13.019562,5.479767,145.61702,101372.64,3.4415898e-06,1.5872222
2021-02-18 12:00:00,11.272247,4.6350403,161.5076,101363.89,3.3927884e-06,1.8376355
2021-02-19 12:00:00,12.374176,4.859741,187.66695,101234.32,1.548761e-07,1.9467515
2021-02-20 12:00:00,15.384491,5.670288,198.81313,101367.266,3.571671e-09,1.0139216
2021-02-21 12:00:00,15.393707,6.122864,175.85611,101222.516,6.250948e-07,1.3997114
2021-02-22 12:00:00,13.068665,7.84256,131.6172,101102.46,6.729932e-06,1.9130375
2021-02-23 12:00:00,12.538391,6.2455444,139.55952,101140.22,1.6867151e-06,0.91508543
2021-02-24 12:00:00,12.527954,7.671997,150.46852,100952.23,4.773185e-06,1.9182035
2021-02-25 12:00:00,12.942535,6.8013,207.83347,101184.74,2.4762466e-07,2.3000014
2021-02-26 12:00:00,13.614197,6.059204,201.67554,101273.336,2.7097016e-07,1.9514394
2021-02-27 12:00:00,13.457825,6.0361023,184.5779,101223.055,1.3128865e-06,1.9735769
2021-02-28 12:00:00,12.734436,6.742218,194.89789,101003.2,0.0,2.0869806
2021-03-01 12:00:00,12.606293,7.0814514,138.78789,100929.91,1.7696403e-06,1.766462
2021-03-02 12:00:00,14.168518,6.739319,180.04247,100811.0,7.4433636e-08,1.2626095
2021-03-03 12:00:00,14.187988,8.714294,106.346146,100496.27,1.0945322e-06,2.167886
2021-03-04 12:00:00,11.193054,9.011536,173.01276,100652.625,0.00015810576,3.8172526
2021-03-05 12:00:00,11.988098,7.4238586,187.89713,101169.96,9.9121404e-05,1.2187629
2021-03-06 12:00:00,12.309509,7.0400696,188.04428,101439.13,0.0,3.8040717
2021-03-07 12:00:00,14.586761,7.1394653,230.05028,101467.44,2.7487454e-07,3.7977679
2021-03-08 12:00:00,14.395905,6.135071,236.7381,101433.67,0.0,1.4383235
2021-03-09 12:00:00,14.431244,7.2656555,228.53575,101574.14,0.0,1.9429939
2021-03-10 12:00:00,14.118622,8.472595,196.71887,101764.03,3.198268e-06,2.8952632
2021-03-11 12:00:00,14.697174,6.914795,235.13225,101532.56,0.0,3.5283487
2021-03-12 12:00:00,14.61377,10.345306,232.02168,101110.266,0.0,5.457607
2021-03-13 12:00:00,14.724487,9.7258,243.58118,101116.875,3.5905841e-06,3.5914304
2021-03-14 12:00:00,16.098572,6.2205505,250.25282,101321.016,0.0,2.4768164
2021-03-15 12:00:00,16.80777,7.282898,251.11945,101557.2,9.196213e-09,1.6369787
2021-03-16 12:00:00,16.551453,7.67276,232.97672,101605.516,7.608531e-08,1.7958124
2021-03-17 12:00:00,16.858337,8.07724,231.56212,101416.2,2.7723859e-06,1.7356336
2021-03-18 12:00:00,16.646881,7.653717,237.1292,101098.36,8.723507e-07,1.8058105
2021-03-19 12:00:00,14.692627,9.024506,143.20798,101380.58,4.5324505e-06,1.9915426
2021-03-20 12:00:00,16.824371,9.500275,233.37445,101238.16,6.5462723e-07,1.9987261
2021-03-21 12:00:00,17.122345,9.2934265,230.29184,100914.87,1.9371544e-06,1.810163
2021-03-22 12:00:00,16.570282,9.483246,151.38046,100554.02,0.0,2.7230854
2021-03-23 12:00:00,15.074066,9.148254,210.11922,100144.68,4.0118945e-07,2.8477137
2021-03-24 12:00:00,14.21463,10.61084,156.41515,100161.8,1.8894741e-06,3.7116668
2021-03-25 12:00:00,15.477234,9.186584,257.92288,100649.76,3.353684e-08,2.5242949
2021-03-26 12:00:00,15.358215,7.729889,272.83847,100777.3,5.8826405e-08,2.6298852
2021-03-27 12:00:00,16.425568,7.789734,274.1034,100605.81,0.0,2.182038
2021-03-28 12:00:00,15.987183,9.088226,270.7178,100704.41,7.276879e-09,3.3562515
2021-03-29 12:00:00,13.612457,8.168945,216.67271,101063.25,1.7575794e-06,2.8557093
2021-03-30 12:00:00,15.002838,8.547882,217.81784,100702.945,7.141092e-07,2.786238
2021-03-31 12:00:00,16.234558,8.295227,254.03682,100317.586,0.0,2.285697
2021-04-01 12:00:00,15.784058,10.530762,177.49684,100754.85,6.798496e-05,1.6065131
2021-04-02 12:00:00,14.505096,10.720734,194.81107,100826.32,0.00015727691,2.2367997
2021-04-03 12:00:00,14.4664,11.219208,214.39816,100684.266,6.8231293e-07,4.03005
2021-04-04 12:00:00,14.087524,10.8403015,164.03519,100842.71,1.2195514e-05,3.1113944
2021-04-05 12:00:00,15.412567,8.974823,190.58372,100994.64,3.420237e-08,3.8046238
2021-04-06 12:00:00,16.890167,8.66687,295.66837,100870.42,0.0,3.0677567
2021-04-07 12:00:00,16.999786,9.674957,296.48206,100515.84,8.020908e-09,2.6257439
2021-04-08 12:00:00,15.346039,10.757355,253.35199,100589.03,2.3287093e-06,3.4523664
2021-04-09 12:00:00,13.66629,9.92865,130.8697,100794.99,1.5310674e-05,3.0896573
2021-04-10 12:00:00,12.453644,9.138855,241.76741,100908.35,0.00012739898,3.8318045
2021-04-11 12:00:00,13.411224,10.077454,126.534386,101062.55,2.9000848e-05,2.7509947
2021-04-12 12:00:00,13.20517,10.548126,173.91115,100998.61,5.150448e-05,3.8581192
2021-04-13 12:00:00,14.130188,9.174469,250.16486,101202.28,5.066091e-06,3.179132
2021-04-14 12:00:00,14.26004,8.734558,184.64497,101321.78,2.076063e-06,2.5674927
2021-04-15 12:00:00,14.050659,11.63913,94.42723,101303.016,0.0001079009,2.8985944
2021-04-16 12:00:00,14.886688,13.002411,98.13233,101312.91,6.2152125e-05,2.5312858
2021-04-17 12:00:00,16.018463,13.241516,211.88068,101327.0,9.395309e-06,1.8743513
2021-04-18 12:00:00,15.929626,13.221436,151.42511,101054.1,4.473069e-06,2.224784
2021-04-19 12:00:00,15.647583,12.532898,127.06319,100626.52,8.211449e-06,2.9603124
2021-04-20 12:00:00,14.43045,10.366547,163.58267,100782.39,9.21912e-05,4.6553087
2021-04-21 12:00:00,14.68634,8.0303955,313.2289,101716.055,7.824722e-07,3.712998
2021-04-22 12:00:00,17.760834,9.086853,326.12912,101685.234,0.0,2.8494847
2021-04-23 12:00:00,18.69925,9.963165,305.46402,101095.05,0.0,1.9545732
2021-04-24 12:00:00,17.911743,10.672668,269.91907,100626.21,3.2532596e-06,2.9530623
2021-04-25 12:00:00,14.574768,10.745392,291.4544,100667.195,0.00014278211,4.40838
2021-04-26 12:00:00,16.281647,8.508087,335.62878,101456.2,0.0,3.23579
2021-04-27 12:00:00,16.234375,8.754242,335.97244,100914.12,0.0,3.879459
2021-04-28 12:00:00,15.533966,11.1623535,294.44275,101081.195,2.08222e-06,4.670918
2021-04-29 12:00:00,17.557098,9.285797,338.26465,100979.195,0.0,4.1314535
2021-04-30 12:00:00,18.512451,9.038971,339.4892,100646.2,0.0,2.5525246
2021-05-01 12:00:00,18.292633,10.567474,340.52615,100580.99,0.0,4.2013416
2021-05-02 12:00:00,16.89264,10.4339905,329.70663,100849.63,7.773312e-08,4.7059145
2021-05-03 12:00:00,16.059235,9.526642,335.11716,101059.836,0.0,4.9708924
2021-05-04 12:00:00,18.845001,9.873993,345.9749,101003.02,0.0,4.1444054
2021-05-05 12:00:00,18.808838,9.125,348.266,100802.74,0.0,2.7457697
2021-05-06 12:00:00,17.766418,9.529449,235.37181,100694.09,5.795502e-07,2.7203677
2021-05-07 12:00:00,16.72821,9.66153,275.72244,100537.79,8.4662304e-08,2.683541
2021-05-08 12:00:00,16.776123,10.931274,201.70741,100387.1,3.1528627e-05,3.213838
2021-05-09 12:00:00,15.525238,11.224365,245.7491,100579.85,5.7387817e-05,3.330645
2021-05-10 12:00:00,16.118652,10.081421,350.31165,100751.21,0.0,4.12989
2021-05-11 12:00:00,15.480255,11.401581,241.3955,100744.78,1.3682039e-05,4.392295
2021-05-12 12:00:00,15.872772,11.770508,296.50845,100834.54,3.2918265e-06,3.5395286
2021-05-13 12:00:00,16.749939,10.09079,245.2526,100564.04,1.9127172e-05,1.8321701
2021-05-14 12:00:00,14.120056,12.044617,137.91705,100359.57,0.0002270989,5.822697
2021-05-15 12:00:00,14.028748,10.963867,261.21622,100837.76,3.4913e-05,3.3948042
2021-05-16 12:00:00,15.595978,9.555115,321.7568,100880.44,0.0,3.2562225
2021-05-17 12:00:00,16.944,10.931122,360.3603,100856.74,0.0,5.285593
2021-05-18 12:00:00,18.746552,11.387451,359.43042,100868.234,0.0,4.7757525
2021-05-19 12:00:00,19.046204,10.684845,358.13574,100661.914,0.0,2.7461364
2021-05-20 12:00:00,19.06076,12.377563,339.79233,100666.59,7.289743e-07,2.8351367
2021-05-21 12:00:00,19.080048,12.102814,315.49426,100819.76,2.7330952e-06,2.8122547
2021-05-22 12:00:00,20.6781,11.7323,340.3164,100710.53,3.8898742e-07,2.3017323
2021-05-23 12:00:00,20.025757,13.580322,285.45135,100441.15,2.3615473e-07,2.8697984
2021-05-24 12:00:00,19.610626,13.89502,344.4327,100299.77,1.8277848e-07,3.3472364
2021-05-25 12:00:00,18.971558,13.850525,343.913,100122.5,9.045791e-07,3.9996655
2021-05-26 12:00:00,19.025177,13.202026,358.9081,99987.56,0.0,4.6339784
2021-05-27 12:00:00,19.421295,13.156067,343.22067,100181.11,2.4325078e-07,3.4694076
2021-05-28 12:00:00,19.825287,13.198608,356.72604,100551.13,1.1029244e-07,3.5500085
2021-05-29 12:00:00,21.580109,12.519989,364.85117,100850.21,0.0,2.9187245
2021-05-30 12:00:00,21.99292,12.877167,361.79108,100987.016,0.0,2.8923419
2021-05-31 12:00:00,22.280853,13.838226,363.50092,100986.13,0.0,3.673971
2021-06-01 12:00:00,22.108826,15.698059,264.5986,100597.51,0.0,3.8482335
2021-06-02 12:00:00,22.355865,13.316895,362.5769,100225.84,0.0,3.105043
2021-06-03 12:00:00,22.098694,13.886444,365.14905,100365.06,0.0,3.0577497
2021-06-04 12:00:00,20.66275,14.058594,245.80508,100745.695,1.4473861e-09,3.7031767
2021-06-05 12:00:00,20.943481,14.583069,255.18982,100728.836,0.0,3.8533747
2021-06-06 12:00:00,20.483856,14.991669,352.12534,100465.13,0.0,5.240697
2021-06-07 12:00:00,20.596313,14.362152,372.6301,100311.06,0.0,5.5270324
2021-06-08 12:00:00,23.15207,13.218231,363.73096,100542.59,0.0,2.6747506
2021-06-09 12:00:00,22.78595,14.752716,342.8693,100566.02,0.0,3.5360277
2021-06-10 12:00:00,20.91391,15.364624,305.0843,100760.79,2.3143711e-07,4.859771
2021-06-11 12:00:00,18.987122,14.570953,268.86136,100668.664,0.0,4.606642
2021-06-12 12:00:00,18.5672,15.138245,283.29956,100776.49,0.0,4.920917
2021-06-13 12:00:00,18.483398,13.968567,311.76257,101001.875,3.1323516e-06,3.998217
2021-06-14 12:00:00,21.107971,13.124878,376.7132,101215.2,2.9412764e-08,4.6311126
2021-06-15 12:00:00,22.675446,14.505829,368.93527,100817.95,0.0,4.056262
2021-06-16 12:00:00,22.335052,13.245605,297.0548,100539.25,0.0,2.3267105
2021-06-17 12:00:00,20.931122,13.611267,343.9874,100507.6,3.1490593e-10,3.377294
2021-06-18 12:00:00,20.242828,13.893005,340.76962,100615.38,1.3600122e-07,3.6346042
2021-06-19 12:00:00,21.276825,14.400269,335.7649,100700.25,4.0322843e-07,3.487574
2021-06-20 12:00:00,24.674103,13.156677,361.97482,100839.516,1.11081526e-07,2.5409157
2021-06-21 12:00:00,25.021027,15.402313,362.7454,100829.91,0.0,3.5494516
2021-06-22 12:00:00,24.803955,14.960449,374.74075,100847.64,0.0,4.107012
2021-06-23 12:00:00,23.596832,14.586334,359.8857,100580.6,0.0,3.0603552
2021-06-24 12:00:00,22.95697,14.952972,340.84283,100347.414,0.0,3.3995638
2021-06-25 12:00:00,19.803192,15.727539,310.7592,100433.555,1.5274995e-06,4.4501557
2021-06-26 12:00:00,19.20111,15.912109,244.82489,100511.69,9.722776e-06,4.4097285
2021-06-27 12:00:00,20.439331,15.68689,334.62015,100532.73,3.5913035e-07,4.3133774
2021-06-28 12:00:00,21.362854,14.38913,369.92572,100645.83,1.535795e-07,3.1170642
2021-06-29 12:00:00,22.240387,14.771484,353.516,100758.11,4.0454492e-07,2.92004
2021-06-30 12:00:00,22.463531,16.011902,354.41733,100615.83,1.5430676e-06,3.281935
2021-07-01 12:00:00,24.374695,15.87738,366.8732,100390.28,1.1715777e-09,2.7535896
2021-07-02 12:00:00,23.292236,16.817535,336.69562,100281.086,1.5367484e-06,3.9442272
2021-07-03 12:00:00,20.741333,16.56839,311.5668,100404.48,5.568673e-06,5.1142917
2021-07-04 12:00:00,21.064758,16.668488,348.38782,100600.38,7.104592e-07,4.561019
2021-07-05 12:00:00,21.963226,15.475098,373.356,100846.7,0.0,5.007428
2021-07-06 12:00:00,21.930695,15.855713,369.787,100923.11,0.0,5.5613003
2021-07-07 12:00:00,21.858643,15.925629,373.2905,100822.91,0.0,5.6606317
2021-07-08 12:00:00,21.18634,15.620422,371.95,100837.445,0.0,6.7436504
2021-07-09 12:00:00,24.654694,15.094757,372.00092,100978.16,0.0,4.040221
2021-07-10 12:00:00,25.213593,15.071564,369.1591,100660.61,0.0,2.4782422
2021-07-11 12:00:00,24.912842,14.834778,368.74994,100706.266,0.0,3.132753
2021-07-12 12:00:00,23.086517,15.003906,366.62506,100846.23,0.0,3.1101735
2021-07-13 12:00:00,25.230469,15.299744,368.65793,100842.71,0.0,3.5944893
2021-07-14 12:00:00,25.593475,16.311005,366.8586,100761.2,0.0,3.832151
2021-07-15 12:00:00,25.193665,15.969482,367.55243,100645.59,0.0,4.6519847
2021-07-16 12:00:00,22.045166,15.993469,319.25198,100514.07,4.823216e-07,4.2988563
2021-07-17 12:00:00,21.194214,16.1221,345.20224,100722.23,6.6853755e-07,4.7761664
2021-07-18 12:00:00,22.715149,14.928375,359.94177,101052.53,3.405954e-08,3.868852
2021-07-19 12:00:00,23.225891,16.025116,362.31305,100984.41,0.0,4.650086
2021-07-20 12:00:00,23.075867,16.540161,361.87427,100729.266,0.0,4.804166
2021-07-21 12:00:00,22.80664,15.333191,353.20862,100564.6,0.0,4.1742682
2021-07-22 12:00:00,22.250488,16.48108,332.01196,100604.95,8.022757e-08,4.5783386
2021-07-23 12:00:00,21.713715,15.655762,311.3667,100721.836,1.6440254e-07,3.8076022
2021-07-24 12:00:00,21.265106,16.878906,307.1549,100749.63,1.8214201e-06,3.9935083
2021-07-25 12:00:00,20.722992,16.996918,252.69954,100806.78,7.678369e-06,4.198341
2021-07-26 12:00:00,21.873627,16.876526,329.62805,101047.01,3.4876944e-08,4.4108887
2021-07-27 12:00:00,24.28003,15.212524,333.8974,101039.08,0.0,3.0862236
2021-07-28 12:00:00,25.286072,15.11377,347.93362,100804.21,0.0,3.2122395
2021-07-29 12:00:00,25.015442,15.4530945,349.6573,100460.516,1.2351158e-08,3.2246664
2021-07-30 12:00:00,22.235443,16.922546,288.71158,100370.24,2.2625488e-06,3.6745403
2021-07-31 12:00:00,22.951324,16.459381,334.80527,100574.24,3.5587198e-06,3.4660063
2021-08-01 12:00:00,26.321777,15.264221,343.0108,100752.62,0.0,2.3581998
2021-08-02 12:00:00,26.150269,16.869385,341.14572,100788.55,0.0,2.5018337
2021-08-03 12:00:00,24.927734,17.40918,329.92188,100604.76,1.2859421e-07,3.1333444
2021-08-04 12:00:00,23.787933,18.065277,332.29965,100459.84,0.0,3.4472325
2021-08-05 12:00:00,23.736816,17.37439,324.64532,100643.875,2.1317865e-07,3.2406912
2021-08-06 12:00:00,23.935303,17.608551,300.89767,100885.336,4.5735132e-07,2.7245667
2021-08-07 12:00:00,23.759247,17.101837,161.9884,100882.164,2.1658364e-07,2.6479676
2021-08-08 12:00:00,23.968567,17.356934,286.43973,100775.375,2.9582911e-06,2.4702985
2021-08-09 12:00:00,25.199738,14.488068,339.80124,100669.12,0.0,2.2176895
2021-08-10 12:00:00,25.142853,15.744568,337.6594,100566.74,1.13629675e-08,2.556813
2021-08-11 12:00:00,25.409393,16.743195,327.6573,100516.945,3.0024133e-08,2.6999748
2021-08-12 12:00:00,25.11795,17.325531,332.07138,100487.32,4.686311e-09,3.1090388
2021-08-13 12:00:00,24.6904,17.319305,323.47955,100565.81,0.0,3.5045798
2021-08-14 12:00:00,24.342163,17.217194,329.81223,100631.67,0.0,4.3742723
2021-08-15 12:00:00,25.529755,16.969238,328.66913,100542.16,0.0,3.566354
2021-08-16 12:00:00,25.333801,16.770905,290.5337,100539.36,0.0,3.248351
2021-08-17 12:00:00,27.338318,16.62555,323.79156,100761.97,0.0,2.6670945
2021-08-18 12:00:00,27.19345,16.550354,323.39297,100750.39,0.0,2.2294965
2021-08-19 12:00:00,26.642242,15.874786,323.4819,100691.66,0.0,2.7042112
2021-08-20 12:00:00,24.992065,16.34549,321.18204,100912.81,3.9450956e-08,2.952163
2021-08-21 12:00:00,28.060547,16.05606,315.40353,100959.15,0.0,2.243283
2021-08-22 12:00:00,28.042511,17.715424,313.40683,100584.69,0.0,2.309978
2021-08-23 12:00:00,27.64856,17.757141,315.28992,100277.266,0.0,3.2100933
2021-08-24 12:00:00,25.055176,16.2872,313.8189,100423.48,0.0,2.9584768
2021-08-25 12:00:00,26.542297,17.657867,302.7448,100490.88,0.0,2.6043556
2021-08-26 12:00:00,25.87674,18.062836,304.72266,100419.49,0.0,3.13664
2021-08-27 12:00:00,24.09262,17.654541,255.49866,100579.484,0.0,3.4514856
2021-08-28 12:00:00,24.03711,18.133545,286.44308,100793.05,2.99067e-07,3.5882137
2021-08-29 12:00:00,25.027802,16.311493,296.79514,100863.06,0.0,2.8864558
2021-08-30 12:00:00,24.649872,16.83017,296.75525,100683.234,1.04213875e-07,4.3353324
2021-08-31 12:00:00,21.57727,17.24942,236.38261,100697.82,2.8099373e-06,4.3211093
2021-09-01 12:00:00,22.232544,16.983276,233.03598,100667.86,1.2957025e-07,3.668322
2021-09-02 12:00:00,21.7229,16.677216,288.39944,100777.65,0.0,4.8216834
2021-09-03 12:00:00,20.98175,15.909454,250.6989,100924.484,3.3628003e-06,4.3653264
2021-09-04 12:00:00,23.395172,15.920166,296.20935,100952.2,0.0,4.619435
2021-09-05 12:00:00,23.011566,14.07016,298.67862,100791.77,0.0,3.7222939
2021-09-06 12:00:00,25.553955,13.825226,294.4431,100597.34,0.0,2.2157524
2021-09-07 12:00:00,25.986084,14.97879,292.2071,100417.63,2.745148e-08,2.3387198
2021-09-08 12:00:00,25.24173,15.047577,277.57117,100325.79,4.1624313e-07,2.5761967
2021-09-09 12:00:00,23.458832,17.088562,283.64426,100459.85,9.884915e-07,3.6715877
2021-09-10 12:00:00,22.252075,17.205109,196.64284,100471.34,6.290073e-06,3.9626145
2021-09-11 12:00:00,22.654663,16.218658,242.7007,100702.03,4.4097987e-06,3.1954687
2021-09-12 12:00:00,24.537048,15.825592,275.66827,100508.33,1.7195502e-08,2.7149835
2021-09-13 12:00:00,24.786896,16.60785,271.6874,100382.016,0.0,3.027184
2021-09-14 12:00:00,24.402588,16.05133,248.95032,100521.02,2.631861e-07,2.9236815
2021-09-15 12:00:00,25.050598,16.773712,237.52405,100612.79,2.4610215e-06,2.6638453
2021-09-16 12:00:00,24.169464,17.759583,226.81964,100479.21,7.868871e-07,3.5534525
2021-09-17 12:00:00,23.697784,17.968475,245.95471,100539.96,2.0616856e-06,3.5809908
2021-09-18 12:00:00,22.763885,18.192963,229.78258,100698.87,2.288969e-06,4.2516146
2021-09-19 12:00:00,23.885529,15.492859,220.64157,100746.08,7.3014274e-07,2.5708005
2021-09-20 12:00:00,23.197052,17.580933,213.91264,100815.055,0.0,3.336072
2021-09-21 12:00:00,22.140503,15.888977,250.41374,100759.16,6.1344145e-11,4.0054846
2021-09-22 12:00:00,23.849335,16.298584,254.36076,100852.9,0.0,3.8126984
2021-09-23 12:00:00,25.074188,14.889862,253.99014,100966.72,0.0,2.4970145
2021-09-24 12:00:00,25.548187,14.139404,253.68571,100800.76,7.0294663e-09,2.0671694
2021-09-25 12:00:00,29.816498,15.684509,249.52673,100593.03,0.0,1.4401047
2021-09-26 12:00:00,29.511902,18.530579,136.89897,100444.32,8.5229096e-10,1.2209705
2021-09-27 12:00:00,22.491943,17.151123,117.7549,100579.02,3.0399024e-06,2.6976395
2021-09-28 12:00:00,20.84845,15.549408,110.97146,100720.4,5.6858886e-07,2.219309
2021-09-29 12:00:00,20.791473,15.712097,190.95956,100818.21,4.519618e-06,3.2940154
2021-09-30 12:00:00,20.293121,15.096252,177.94434,100803.64,4.9781083e-06,3.3409376
2021-10-01 12:00:00,22.717377,16.69983,221.19505,100765.74,2.4335986e-07,3.8207715
2021-10-02 12:00:00,23.825073,13.882111,234.30673,100552.73,0.0,2.424989
2021-10-03 12:00:00,27.552643,14.881836,233.30338,100304.98,0.0,1.6719801
2021-10-04 12:00:00,26.610107,16.436249,193.07501,100398.31,4.291659e-06,3.0485668
2021-10-05 12:00:00,22.426758,15.069092,220.54915,100552.016,0.0,2.888128
2021-10-06 12:00:00,21.499939,15.10556,166.65204,100476.984,0.0,3.0136182
2021-10-07 12:00:00,21.203125,17.680603,189.20082,100525.72,0.0,4.8259373
2021-10-08 12:00:00,23.68393,15.880493,229.3778,100884.37,0.0,6.366372
2021-10-09 12:00:00,26.259308,18.656128,222.8127,100600.02,0.0,4.15843
2021-10-10 12:00:00,25.625427,14.194092,213.35794,100830.305,1.4383076e-07,2.6118166
2021-10-11 12:00:00,21.61377,13.684448,194.18869,100705.516,1.9995696e-06,2.6439633
2021-10-12 12:00:00,18.62143,14.679932,157.24727,100604.37,7.4482055e-06,4.369799
2021-10-13 12:00:00,17.215546,12.949738,128.31378,100733.86,5.423488e-06,3.1637347
2021-10-14 12:00:00,17.623383,14.326782,147.89565,100843.27,8.967376e-06,2.999755
2021-10-15 12:00:00,21.55243,11.314148,202.14981,100930.016,2.5043676e-08,1.9418335
2021-10-16 12:00:00,21.425995,12.097443,202.4067,100796.984,7.9599765e-08,2.1238449
2021-10-17 12:00:00,21.617706,14.765137,199.57399,100800.67,0.0,3.5833302
2021-10-18 12:00:00,21.253143,12.310669,194.11559,100854.46,1.5013386e-07,2.312117
2021-10-19 12:00:00,20.96701,12.948975,112.63986,100917.125,3.2537575e-06,2.8498685
2021-10-20 12:00:00,20.182404,11.494171,199.05905,101214.37,8.234898e-06,3.2229245
2021-10-21 12:00:00,21.42514,11.2335205,190.28279,101091.52,0.0,3.0086753
2021-10-22 12:00:00,24.524292,13.457062,187.73419,101027.984,0.0,1.9740045
2021-10-23 12:00:00,25.946564,16.61615,187.74138,100941.8,0.0,2.4208438
2021-10-24 12:00:00,24.714935,13.06662,185.99796,100599.35,0.0,2.3816714
2021-10-25 12:00:00,24.001038,14.198242,198.23038,100557.08,0.0,4.7032084
2021-10-26 12:00:00,23.245422,16.779358,188.6642,100992.08,0.0,4.908224
2021-10-27 12:00:00,22.412994,10.866486,183.9903,101479.414,0.0,0.8870142
2021-10-28 12:00:00,19.902893,10.520874,180.52661,101430.94,5.539692e-07,1.9470634
2021-10-29 12:00:00,21.58255,10.242737,175.07928,101243.734,2.0744024e-07,0.84117764
2021-10-30 12:00:00,24.875854,10.530579,177.08955,100814.79,3.525273e-07,0.9876626
2021-10-31 12:00:00,24.211182,16.618927,186.42535,100619.195,0.0,8.058306
2021-11-01 12:00:00,18.072754,13.4947815,182.60886,100659.69,0.0,8.369227
2021-11-02 12:00:00,18.739166,9.017883,181.10478,100913.75,0.0,3.85256
2021-11-03 12:00:00,18.62387,7.4317627,172.22931,100939.31,0.0,1.8103876
2021-11-04 12:00:00,18.053833,5.652832,173.48796,100613.82,0.0,2.3314257
2021-11-05 12:00:00,17.622742,6.8226624,169.45044,100677.984,0.0,2.1037405
2021-11-06 12:00:00,22.335846,11.209991,168.86125,101385.65,0.0,2.9665039
2021-11-07 12:00:00,21.83609,10.881348,166.92252,101387.9,0.0,2.9997232
2021-11-08 12:00:00,20.108368,8.876038,159.92496,101256.555,1.8541781e-08,0.8537248
2021-11-09 12:00:00,18.869263,8.4487915,139.66925,100948.37,5.4317625e-06,1.9407904
2021-11-10 12:00:00,15.395264,6.1722717,114.26177,100828.195,2.7235508e-06,2.2992542
2021-11-11 12:00:00,13.774292,9.99469,43.57652,100827.95,7.7692355e-05,4.4500403
2021-11-12 12:00:00,15.926697,13.509399,95.8526,100614.5,0.00030126868,4.482322
2021-11-13 12:00:00,15.322571,12.654907,24.497267,100464.07,0.0004668934,3.051556
2021-11-14 12:00:00,14.450348,11.632721,103.441734,100286.13,0.00016133687,1.9705884
2021-11-15 12:00:00,13.908569,9.904724,128.51715,101083.56,5.154506e-05,4.5204535
2021-11-16 12:00:00,12.745117,6.4804688,115.57941,101976.17,3.1898955e-09,0.81192064
2021-11-17 12:00:00,12.190674,9.118225,47.22442,101506.664,6.362032e-05,1.5691578
2021-11-18 12:00:00,12.7052,7.179779,140.18944,101782.04,5.1282484e-07,2.065509
2021-11-19 12:00:00,14.315918,8.773499,131.39874,101711.734,2.81244e-07,1.000009
2021-11-20 12:00:00,14.222595,8.954163,87.41635,101160.0,8.134993e-08,1.310857
2021-11-21 12:00:00,14.757141,10.627228,130.76822,101004.0,2.7997565e-05,1.9320617
2021-11-22 12:00:00,14.323151,7.6922913,133.66612,101267.17,0.0,2.5150833
2021-11-23 12:00:00,13.669983,10.619446,50.303867,101166.73,2.3233686e-06,1.7809893
2021-11-24 12:00:00,13.198578,10.275543,131.46896,100594.28,0.000112155474,3.1847527
2021-11-25 12:00:00,11.463654,5.917755,66.25094,101295.01,0.0,2.2173893
2021-11-26 12:00:00,11.095032,7.081238,22.704056,100589.22,7.4724514e-05,4.0636983
2021-11-27 12:00:00,14.17514,11.207733,43.649014,100464.375,0.00019328186,5.4612007
2021-11-28 12:00:00,15.635559,13.707123,34.777504,100662.805,0.00014027763,6.1724224
2021-11-29 12:00:00,15.088684,11.956512,121.79284,101284.11,8.8512956e-05,4.601495
2021-11-30 12:00:00,15.102875,8.648071,130.41194,102313.79,0.0,2.2198653
2021-12-01 12:00:00,14.660461,7.1276855,125.5949,102270.29,0.0,3.4171956
2021-12-02 12:00:00,13.641418,8.185638,111.31947,101919.44,3.9189418e-10,1.9444904
2021-12-03 12:00:00,12.919098,8.306213,70.27892,101373.82,0.0,1.2933499
2021-12-04 12:00:00,12.702698,8.337097,83.7244,101201.8,0.0,1.3302283
2021-12-05 12:00:00,12.442688,7.8970337,62.38433,101182.62,3.197951e-06,1.6373999
2021-12-06 12:00:00,12.975616,10.120605,55.210815,101106.516,3.9816973e-06,1.257105
2021-12-07 12:00:00,13.63739,10.00766,42.695644,100937.414,3.5647834e-05,2.7060087
2021-12-08 12:00:00,13.766144,9.062805,78.23694,100475.195,0.0006880344,5.3494473
2021-12-09 12:00:00,12.444122,9.49231,95.075966,101870.54,1.51446575e-05,1.1192591
2021-12-10 12:00:00,12.120728,8.234497,72.924965,101969.125,1.2815094e-07,1.9731212
2021-12-11 12:00:00,11.25531,8.048279,102.27281,101479.03,1.4651762e-10,1.714599
2021-12-12 12:00:00,10.249756,5.9125977,106.926956,101311.734,4.770643e-07,2.7050772
2021-12-13 12:00:00,10.955353,8.092072,37.428673,100919.836,0.0,2.7170763
2021-12-14 12:00:00,13.597321,7.36557,99.846115,100768.38,1.7597052e-06,1.1555251
2021-12-15 12:00:00,14.1597595,7.7042847,118.51585,100968.484,3.3138477e-08,1.3900013
2021-12-16 12:00:00,13.55365,9.002319,62.57815,101340.22,1.8051193e-06,1.3052676
2021-12-17 12:00:00,11.984833,7.7368164,69.70647,101691.07,3.6220283e-06,0.73963153
2021-12-18 12:00:00,11.487701,8.688171,58.576283,101838.04,6.729581e-06,0.8080704
2021-12-19 12:00:00,11.169769,6.009369,106.77865,101832.54,5.703885e-07,2.4723744
2021-12-20 12:00:00,10.721802,5.0611267,75.91565,101787.82,3.4451098e-06,1.7735934
2021-12-21 12:00:00,12.074524,9.362793,55.019154,101774.83,6.9335506e-06,1.5180459
2021-12-22 12:00:00,13.233246,7.733307,118.75443,101578.625,7.6909754e-07,2.9245005
2021-12-23 12:00:00,12.853729,5.743286,96.40044,101244.375,2.965068e-06,1.6957881
2021-12-24 12:00:00,12.609253,11.321991,54.97065,101216.79,2.5247711e-05,1.809513
2021-12-25 12:00:00,12.959351,10.994537,29.213137,101168.484,5.507817e-05,3.147187
2021-12-26 12:00:00,14.273193,12.353577,41.974888,100985.93,3.59348e-05,3.074421
2021-12-27 12:00:00,13.947144,11.434784,80.18358,100537.68,0.0001063244,6.043382
2021-12-28 12:00:00,11.667786,8.866364,120.327194,101149.82,1.6838847e-05,5.1038938
2021-12-29 12:00:00,10.937317,6.9760437,28.240112,100875.04,0.00015837312,1.0845486
2021-12-30 12:00:00,9.851532,5.123596,123.33715,100743.3,1.996452e-05,2.464839
2021-12-31 12:00:00,9.248749,4.2797546,127.96313,101392.4,3.994574e-08,3.3195794
2022-01-01 12:00:00,8.558716,2.5144653,113.44351,101759.12,3.9985074e-10,2.6039548
2022-01-02 12:00:00,11.022095,4.6984253,21.783144,101112.72,0.00029924363,3.4941115
2022-01-03 12:00:00,10.0755005,6.0195312,123.867165,101241.05,3.2952255e-06,3.9970767
2022-01-04 12:00:00,9.617096,3.3382568,61.50142,101638.86,4.2330018e-07,2.5019102
2022-01-05 12:00:00,11.808502,6.3315735,27.539093,101331.8,0.00012662153,2.7774441
2022-01-06 12:00:00,11.484924,7.274109,18.719746,100761.414,0.00033679287,2.3693328
2022-01-07 12:00:00,11.285309,6.608917,114.87142,100116.17,9.263916e-05,2.996609
2022-01-08 12:00:00,11.191864,6.6496277,40.46356,100423.16,4.9896913e-05,2.158186
2022-01-09 12:00:00,11.580048,7.2511597,127.16508,101066.695,9.522795e-05,3.335408
2022-01-10 12:00:00,10.565887,7.303131,66.346886,100525.54,0.00017975218,2.3465316
2022-01-11 12:00:00,13.347626,5.3367004,132.48225,101078.2,2.2952472e-06,3.4077206
2022-01-12 12:00:00,13.167023,4.7911377,128.03935,101470.06,3.4335013e-10,1.6837964
2022-01-13 12:00:00,9.054108,3.0089111,97.358696,101865.34,2.0232615e-06,2.9857764
2022-01-14 12:00:00,12.508453,6.004181,127.063866,101974.85,1.5278012e-07,1.0234193
2022-01-15 12:00:00,12.346283,7.8621216,65.553055,101793.414,4.595146e-06,1.4122545
2022-01-16 12:00:00,11.2196045,6.9618225,62.701805,101430.734,5.589737e-07,0.54496
2022-01-17 12:00:00,11.226593,8.347565,128.00597,101201.98,4.3851942e-05,3.7885327
2022-01-18 12:00:00,10.85202,5.3161316,141.32185,101430.05,0.0,5.2377806
2022-01-19 12:00:00,11.581726,5.006073,140.84267,101381.73,0.0,2.4683337
2022-01-20 12:00:00,11.310394,4.2839355,122.36245,101303.22,0.0,0.63730323
2022-01-21 12:00:00,11.158936,7.2584534,142.43057,101086.08,3.7968795e-05,5.478391
2022-01-22 12:00:00,12.038605,6.4309387,149.75217,100940.54,0.0,5.2886577
2022-01-23 12:00:00,11.829498,2.0207825,127.592514,101120.4,2.523953e-08,2.2651877
2022-01-24 12:00:00,10.267731,5.459564,43.594517,101167.48,0.0001015076,2.9520493
2022-01-25 12:00:00,10.682129,6.2547607,135.65549,101184.88,2.5086034e-05,2.8264673
2022-01-26 12:00:00,12.650421,8.402832,40.485462,101098.23,0.00012944671,4.207355
2022-01-27 12:00:00,12.41452,6.1118774,133.46219,101666.15,1.4074586e-06,2.0105903
2022-01-28 12:00:00,10.439697,6.786957,33.21538,101272.445,0.00014011824,2.4225643
2022-01-29 12:00:00,12.102966,6.641571,146.93288,101664.05,2.8761988e-06,3.035402
2022-01-30 12:00:00,12.176117,5.298767,127.59218,101976.414,3.2520003e-07,1.2132201
2022-01-31 12:00:00,12.055847,4.8250732,121.50976,101785.52,1.7904168e-06,1.5758032
2022-02-01 12:00:00,12.055878,4.9723206,141.44293,101229.8,1.4185783e-06,1.7306811
2022-02-02 12:00:00,11.962463,6.223877,158.71611,100985.01,2.416662e-05,3.952984
2022-02-03 12:00:00,11.53717,6.8877563,70.1523,101470.77,2.2050013e-05,4.399931
2022-02-04 12:00:00,11.405365,10.151123,42.714233,101636.914,7.911048e-05,4.4588804
2022-02-05 12:00:00,12.290985,7.6423645,160.02567,101712.445,0.00013170448,2.1790864
2022-02-06 12:00:00,12.89389,6.202118,159.67365,102095.29,9.970745e-09,0.82113177
2022-02-07 12:00:00,13.35318,6.715912,161.52986,101845.73,0.0,0.96085167
2022-02-08 12:00:00,14.609894,7.9501953,161.81992,101539.77,0.0,1.7747858
2022-02-09 12:00:00,15.190308,8.934845,164.83961,101237.91,0.0,2.4064512
2022-02-10 12:00:00,15.219177,10.355347,163.5577,101023.03,0.0,2.8333478
2022-02-11 12:00:00,14.904266,9.027954,95.553444,101163.73,5.2320306e-06,2.0291374
2022-02-12 12:00:00,12.342682,9.239136,94.52076,101007.37,6.2905583e-06,0.693596
2022-02-13 12:00:00,12.698853,7.148285,85.183586,100340.07,0.0,0.62266624
2022-02-14 12:00:00,12.398621,7.812805,144.36874,100613.53,5.3942557e-07,2.8940375
2022-02-15 12:00:00,11.719025,9.2682495,61.16903,101279.75,1.7976676e-05,1.82248
2022-02-16 12:00:00,13.574005,8.486847,105.78892,101604.11,1.0478831e-05,1.7313132
2022-02-17 12:00:00,13.20755,11.583496,155.63493,101230.52,0.00030382947,3.0258043
2022-02-18 12:00:00,13.845428,5.652832,189.55313,101279.25,7.325881e-11,1.6893176
2022-02-19 12:00:00,13.802612,6.5911865,91.642296,101181.32,7.2369305e-10,1.2014451
2022-02-20 12:00:00,12.640533,9.143707,58.703274,100975.266,1.2768933e-05,3.0431523
2022-02-21 12:00:00,12.629852,11.473816,115.34744,100587.75,0.00022305269,4.4687557
2022-02-22 12:00:00,12.194336,7.966034,197.29361,101354.52,4.5189086e-07,3.6692321
2022-02-23 12:00:00,14.090912,6.8471985,196.9915,101375.31,9.282948e-09,2.4961965
2022-02-24 12:00:00,14.31723,6.644623,191.1229,101234.71,0.0,1.5975356
2022-02-25 12:00:00,14.648468,7.953186,143.92465,101595.43,0.0,1.5828663
2022-02-26 12:00:00,14.573029,8.789642,132.32285,101329.484,0.0,1.1776053
2022-02-27 12:00:00,14.301758,6.7431946,184.19165,100689.45,6.5899434e-07,1.667467
2022-02-28 12:00:00,13.874542,7.5747375,118.206955,100412.99,6.2110125e-06,2.351267
2022-03-01 12:00:00,11.683075,9.208069,76.04984,100770.055,1.6798234e-05,3.6588626
2022-03-02 12:00:00,11.69754,9.831696,106.377884,101013.375,5.4356246e-05,2.7119653
2022-03-03 12:00:00,12.607544,9.215027,64.84329,101292.484,8.613977e-05,4.3965483
2022-03-04 12:00:00,13.36673,12.03891,43.89905,101678.54,0.00012129691,3.8335137
2022-03-05 12:00:00,13.7447815,12.195007,70.59527,101607.99,0.00014507462,2.670178
2022-03-06 12:00:00,14.682861,7.597046,226.5934,101696.555,9.980592e-07,4.2842665
2022-03-07 12:00:00,14.787048,9.439056,240.58188,101222.51,0.0,6.125198
2022-03-08 12:00:00,15.2795105,9.202698,224.87766,100598.805,0.0,4.2501736
2022-03-09 12:00:00,13.583557,7.667328,191.01012,100535.63,6.4361884e-05,5.4204164
2022-03-10 12:00:00,14.377563,5.8588257,229.7843,100342.57,1.2601881e-05,3.4498343
2022-03-11 12:00:00,14.003571,8.052155,110.30226,100517.33,4.9129838e-05,3.6624882
2022-03-12 12:00:00,10.711792,7.774414,206.39247,100804.28,7.095438e-05,2.1634803
2022-03-13 12:00:00,14.897644,7.2614746,241.42607,100590.13,5.508693e-07,4.7238193
2022-03-14 12:00:00,14.969299,7.015381,251.12695,100363.62,0.0,3.1787724
2022-03-15 12:00:00,14.467682,6.171692,249.54333,100262.26,0.0,2.8881166
2022-03-16 12:00:00,14.264252,5.7238464,251.89282,100296.664,0.0,2.6537921
2022-03-17 12:00:00,14.104889,5.468109,257.4436,100070.04,0.0,3.4583435
2022-03-18 12:00:00,13.408234,7.912018,249.10635,99836.2,5.677456e-09,5.4751205
2022-03-19 12:00:00,13.280457,6.4173584,255.01578,100217.98,0.0,3.30711
2022-03-20 12:00:00,12.220428,7.3587036,188.53745,100510.43,5.1556617e-07,1.3963168
2022-03-21 12:00:00,13.786102,8.431366,237.85945,100679.086,8.289797e-06,2.2454562
2022-03-22 12:00:00,15.427826,7.924347,256.82803,100200.71,6.055443e-07,1.9289541
2022-03-23 12:00:00,15.415924,6.825989,271.97455,99893.46,0.0,2.698936
2022-03-24 12:00:00,14.338013,7.9175415,267.7104,100200.805,0.0,4.6307383
2022-03-25 12:00:00,12.938171,8.650238,155.10138,100824.7,1.3233863e-06,5.1435213
2022-03-26 12:00:00,15.162994,10.318573,204.53351,101436.3,1.16728215e-05,1.421759
2022-03-27 12:00:00,15.487701,10.399017,223.4237,101566.95,5.03206e-06,2.2365832
2022-03-28 12:00:00,17.563293,8.293793,264.6891,101226.98,0.0,1.9174552
2022-03-29 12:00:00,17.34613,10.072205,215.01726,100570.26,7.6208817e-06,3.7867737
2022-03-30 12:00:00,13.834808,10.75177,121.772125,100286.234,0.00014716941,2.4767973
2022-03-31 12:00:00,14.1545105,8.287842,240.26149,100447.9,0.0,1.6558315
2022-04-01 12:00:00,14.69458,8.162262,281.59525,100865.93,0.0,2.3084
2022-04-02 12:00:00,13.925232,9.445587,190.19044,101159.31,4.5711795e-06,3.1862917
2022-04-03 12:00:00,14.131226,10.415436,194.32378,101159.555,2.2297629e-05,4.274327
2022-04-04 12:00:00,14.834961,8.551483,128.15517,100648.39,7.257618e-05,2.76033
2022-04-05 12:00:00,12.468079,9.675018,104.87771,99841.85,0.00027007124,1.5832912
2022-04-06 12:00:00,14.437653,10.122192,239.67001,100241.67,1.8877388e-05,3.2500327
2022-04-07 12:00:00,14.241882,8.094574,221.4116,100926.29,7.997487e-07,3.1030202
2022-04-08 12:00:00,12.164734,9.342987,110.001465,100818.58,3.9209233e-05,3.3845198
2022-04-09 12:00:00,11.14328,7.5453186,264.70267,100192.266,7.754163e-05,4.8898234
2022-04-10 12:00:00,10.470367,6.959076,164.78047,100753.19,1.5328209e-05,3.4817963
2022-04-11 12:00:00,12.605316,6.9469604,234.77335,101296.914,1.5758638e-05,0.7794828
2022-04-12 12:00:00,14.295624,6.557892,311.55762,101502.516,0.0,2.2426078
2022-04-13 12:00:00,14.824371,7.178772,294.3239,101162.67,6.081969e-09,2.2451456
2022-04-14 12:00:00,14.841705,7.7128906,310.7416,100757.6,0.0,2.5267305
2022-04-15 12:00:00,16.037506,8.332245,266.20352,100650.945,1.990361e-06,2.412283
2022-04-16 12:00:00,15.939209,12.279449,137.15567,100403.78,0.00019849002,5.7712927
2022-04-17 12:00:00,13.447937,10.406433,193.37665,100636.516,0.00020957136,6.176482
2022-04-18 12:00:00,12.914734,9.598785,240.01994,100990.93,6.2180115e-05,3.0225823
2022-04-19 12:00:00,12.424408,8.180939,180.99149,100867.73,5.862136e-05,5.145647
2022-04-20 12:00:00,11.860352,6.2182007,309.12323,100831.84,1.3456969e-06,6.6414495
2022-04-21 12:00:00,14.722382,8.80011,328.24762,100682.2,0.0,6.204985
2022-04-22 12:00:00,16.631958,8.213165,327.50967,100487.01,0.0,3.4235022
2022-04-23 12:00:00,19.026642,9.372131,325.18445,99956.02,4.869288e-08,1.0919784
2022-04-24 12:00:00,18.924011,11.180176,321.84985,100228.54,0.0,3.940334
2022-04-25 12:00:00,16.380646,9.73407,325.23532,100510.02,0.0,2.9025872
2022-04-26 12:00:00,15.81955,9.751099,333.4151,100620.52,2.2526986e-08,2.9558277
2022-04-27 12:00:00,15.546967,10.776062,269.06006,100991.79,2.2668967e-06,3.746431
2022-04-28 12:00:00,14.762665,9.732513,267.53314,101156.97,5.410992e-06,2.797849
2022-04-29 12:00:00,14.169342,9.640411,252.71411,100836.6,7.810925e-06,3.5196369
2022-04-30 12:00:00,13.962494,9.185028,179.74582,100754.17,2.0762558e-05,3.4005795
2022-05-01 12:00:00,15.030701,7.712158,324.3221,101290.33,3.1887158e-08,3.543535
2022-05-02 12:00:00,17.766632,10.03302,337.88855,101367.97,0.0,4.053827
2022-05-03 12:00:00,17.327118,10.27652,317.99918,100886.28,1.6820914e-07,3.917404
2022-05-04 12:00:00,16.187714,11.710724,240.8215,100794.83,6.6272873e-06,2.958708
2022-05-05 12:00:00,15.812378,10.924194,232.64319,100493.47,0.0,2.2861905
2022-05-06 12:00:00,15.48999,10.528076,176.57988,100285.484,0.00015045439,5.1755586
2022-05-07 12:00:00,15.90744,10.489624,324.51926,101177.766,2.94323e-06,3.9288032
2022-05-08 12:00:00,17.259277,10.204315,331.83752,101049.79,0.0,2.896702
2022-05-09 12:00:00,18.692596,12.006958,189.39589,100910.1,0.0,1.8476261
2022-05-10 12:00:00,19.503113,12.573273,306.36697,100835.73,0.0,2.8000722
2022-05-11 12:00:00,18.3479,11.428131,352.69754,100689.0,0.0,4.3493414
2022-05-12 12:00:00,17.674377,12.458221,275.4176,100576.016,6.1676166e-09,6.0592794
2022-05-13 12:00:00,14.971405,12.272156,90.47981,100380.2,0.00012944239,3.4508765
2022-05-14 12:00:00,13.81366,11.605347,223.22453,99904.266,0.0003033077,4.0640583
2022-05-15 12:00:00,13.720612,9.527985,264.67914,100545.81,8.475366e-05,2.7504492
2022-05-16 12:00:00,15.619598,10.178986,354.90714,101032.61,5.2755964e-09,4.4083486
2022-05-17 12:00:00,17.039917,10.31427,358.5005,101164.805,0.0,3.3062024
2022-05-18 12:00:00,19.114288,10.798004,356.86792,100800.88,0.0,2.411473
2022-05-19 12:00:00,20.688171,11.793671,355.38144,100378.766,1.4473861e-09,2.2793202
2022-05-20 12:00:00,21.186646,12.949249,355.8344,99878.664,1.37999e-09,2.2557964
2022-05-21 12:00:00,20.8125,13.244202,337.69916,99861.305,3.6863057e-07,3.2013023
2022-05-22 12:00:00,18.918762,12.541046,322.96167,100227.234,3.0703363e-06,2.6837807
2022-05-23 12:00:00,19.029816,12.129761,300.46893,100471.99,4.9762143e-06,2.3980558
2022-05-24 12:00:00,18.292328,13.285858,309.84665,100694.41,5.0825333e-06,2.9393475
2022-05-25 12:00:00,17.595245,11.900726,338.2758,100758.28,1.676312e-06,3.7240329
2022-05-26 12:00:00,17.76242,13.444672,294.09888,100817.695,3.5512503e-06,4.406196
2022-05-27 12:00:00,18.58313,13.734161,327.35925,100885.836,2.652893e-06,4.1813912
2022-05-28 12:00:00,18.150238,12.8289795,363.95404,100855.2,0.0,4.980966
2022-05-29 12:00:00,17.612854,12.796814,366.62466,100850.414,0.0,6.595977
2022-05-30 12:00:00,17.514679,12.713898,309.37558,100889.78,4.2108166e-09,6.419851
2022-05-31 12:00:00,19.548462,12.7247925,369.44687,100760.24,0.0,4.7624927
2022-06-01 12:00:00,19.567749,12.426025,365.60223,100773.35,0.0,3.9393067
2022-06-02 12:00:00,20.204102,12.092133,303.6415,100856.91,0.0,3.2146893
2022-06-03 12:00:00,21.17337,12.355469,351.15826,100706.2,0.0,2.6636744
2022-06-04 12:00:00,20.622925,13.128326,341.39996,100794.305,8.7015496e-07,3.0024743
2022-06-05 12:00:00,19.94455,13.386932,360.7009,100948.125,0.0,4.255924
2022-06-06 12:00:00,19.511627,13.934418,372.00446,100949.055,0.0,5.9292502
2022-06-07 12:00:00,20.035767,14.301941,371.4774,100545.83,0.0,5.5292387
2022-06-08 12:00:00,19.354553,13.509216,329.5421,100409.17,1.4563935e-07,6.134682
2022-06-09 12:00:00,18.720642,13.556274,349.3618,100686.45,2.7822023e-07,4.682101
2022-06-10 12:00:00,18.608246,13.13736,371.62204,100763.01,0.0,4.395926
2022-06-11 12:00:00,19.21466,13.764679,341.45685,100777.73,5.7059617e-07,3.6543202
2022-06-12 12:00:00,19.978058,14.307312,318.13528,100770.664,3.4526279e-06,3.3076723
2022-06-13 12:00:00,19.993347,14.711639,353.05954,100819.95,1.1610445e-06,3.5545182
2022-06-14 12:00:00,21.023682,13.17337,332.4836,100937.11,1.3351778e-06,2.8497357
2022-06-15 12:00:00,20.72293,14.337891,323.88403,100845.12,4.7593376e-06,3.154055
2022-06-16 12:00:00,22.542267,15.493164,356.724,100647.67,2.0052026e-07,3.586806
2022-06-17 12:00:00,22.455109,16.552155,361.703,100625.76,2.5671042e-08,6.320747
2022-06-18 12:00:00,22.911072,15.317261,376.8227,100623.836,0.0,5.435648
2022-06-19 12:00:00,24.282074,14.355621,375.31683,100452.11,0.0,3.7726514
2022-06-20 12:00:00,24.63379,14.934753,372.3953,100498.26,0.0,3.1338785
2022-06-21 12:00:00,24.40274,14.841309,369.62387,100666.66,0.0,3.6463661
2022-06-22 12:00:00,23.71637,16.324493,365.31467,100860.38,0.0,4.992819
2022-06-23 12:00:00,24.753815,16.00882,362.458,100723.9,0.0,4.1803966
2022-06-24 12:00:00,25.295837,18.230652,354.4433,100670.625,0.0,5.324082
2022-06-25 12:00:00,24.220764,14.846558,376.13065,100675.44,0.0,3.7616754
2022-06-26 12:00:00,23.319885,14.350342,374.29422,100720.84,0.0,2.8085802
2022-06-27 12:00:00,22.890747,15.592163,366.27002,100612.0,4.218735e-08,3.2100375
2022-06-28 12:00:00,21.399994,15.103577,356.32443,100574.29,2.732925e-07,4.1727686
2022-06-29 12:00:00,21.132446,15.608643,360.32327,100563.69,0.0,5.274704
2022-06-30 12:00:00,21.484375,14.442017,371.59775,100669.87,0.0,4.1198697
2022-07-01 12:00:00,21.006714,15.448639,313.16708,100751.94,1.0402212e-06,4.290665
2022-07-02 12:00:00,20.037445,15.7308655,299.44244,100657.805,2.336907e-06,4.06549
2022-07-03 12:00:00,21.282623,16.140594,342.4415,100590.766,4.1571325e-06,3.5458095
2022-07-04 12:00:00,20.811737,16.298248,338.5201,100700.266,4.4222215e-06,4.0537653
2022-07-05 12:00:00,21.117401,16.262177,338.1429,100692.44,1.8423085e-06,4.11705
2022-07-06 12:00:00,21.238129,16.900482,310.72406,100555.05,3.2233959e-06,4.0627127
2022-07-07 12:00:00,21.46997,17.076569,311.80817,100649.086,6.413233e-06,4.0301576
2022-07-08 12:00:00,22.064117,17.094513,324.4548,100817.2,4.110366e-06,3.8679628
2022-07-09 12:00:00,23.963104,16.601013,360.20227,100777.42,2.1064444e-09,3.1980765
2022-07-10 12:00:00,24.019806,15.212097,362.5048,100750.586,0.0,3.0665271
2022-07-11 12:00:00,23.410217,14.821228,366.06476,100825.37,4.2418062e-08,3.7443173
2022-07-12 12:00:00,24.084137,15.318207,369.28824,100973.25,1.001899e-08,3.7585514
2022-07-13 12:00:00,25.2706,14.531555,369.34564,100873.734,0.0,2.6556675
2022-07-14 12:00:00,27.17688,14.758606,369.044,100726.79,0.0,2.3911772
2022-07-15 12:00:00,27.145416,16.557617,358.67786,100570.25,0.0,2.376481
2022-07-16 12:00:00,27.484924,17.51532,357.95868,100513.375,0.0,2.6658185
2022-07-17 12:00:00,27.41858,18.14032,352.87735,100402.06,0.0,2.6304743
2022-07-18 12:00:00,26.327301,17.622803,344.1223,100290.09,2.9003504e-08,2.8119464
2022-07-19 12:00:00,29.423523,18.883942,340.2624,100500.516,0.0,2.1878562
2022-07-20 12:00:00,29.211365,19.299164,264.5746,100682.805,1.2532078e-06,2.8611233
2022-07-21 12:00:00,27.702728,20.289124,333.12732,100651.19,8.28649e-07,1.8910481
2022-07-22 12:00:00,29.861267,18.826263,350.7871,100629.74,4.1525476e-07,2.3031495
2022-07-23 12:00:00,28.887024,17.758484,342.0007,100641.61,1.1518147e-06,2.7505229
2022-07-24 12:00:00,25.48053,17.619598,334.13394,100459.42,1.1323547e-06,2.996566
2022-07-25 12:00:00,24.658936,17.610352,352.42752,100413.08,4.4281528e-08,4.0465775
2022-07-26 12:00:00,24.187042,17.619293,352.4849,100560.836,8.5313026e-08,4.0481343
2022-07-27 12:00:00,24.628357,16.865356,354.99417,100750.82,0.0,3.6961555
2022-07-28 12:00:00,25.667694,16.016022,352.42044,100795.98,1.9615706e-07,2.784187
2022-07-29 12:00:00,27.842163,15.981018,326.1424,100778.64,9.598872e-07,2.176047
2022-07-30 12:00:00,27.703888,18.307648,326.86316,100616.15,0.0,2.253219
2022-07-31 12:00:00,26.103882,19.15976,262.1713,100334.97,2.263845e-06,3.0983768
2022-08-01 12:00:00,23.892273,18.992615,199.6992,100205.836,2.806471e-06,3.7489367
2022-08-02 12:00:00,25.118164,20.432343,160.0198,100347.445,0.0,2.4563842
2022-08-03 12:00:00,27.30661,18.474731,309.3673,100632.055,4.59839e-08,2.2422433
2022-08-04 12:00:00,29.649658,18.400055,337.5666,100751.32,3.694262e-08,2.2557018
2022-08-05 12:00:00,29.8414,19.055878,335.25107,100527.95,0.0,2.5985806
2022-08-06 12:00:00,28.624756,18.930847,330.55536,100431.92,0.0,3.1568062
2022-08-07 12:00:00,24.66632,18.894196,311.2644,100429.3,3.8327428e-07,3.113716
2022-08-08 12:00:00,24.742004,18.405304,317.22214,100402.125,3.507886e-07,3.2480607
2022-08-09 12:00:00,23.745514,19.615387,170.64452,100473.586,0.0,3.0923898
2022-08-10 12:00:00,24.15683,17.581543,315.4427,100477.62,5.3968417e-08,2.955701
2022-08-11 12:00:00,23.058777,18.493347,219.61684,100643.33,4.5545914e-07,4.4695907
2022-08-12 12:00:00,21.775024,18.010925,206.50505,100805.14,2.2346028e-06,3.2729366
2022-08-13 12:00:00,23.938995,17.067627,296.64938,100846.195,2.017368e-06,3.0668197
2022-08-14 12:00:00,24.531097,15.511963,327.35788,100739.08,3.958041e-08,2.94471
2022-08-15 12:00:00,24.830566,15.363922,329.577,100685.49,1.1518787e-08,2.9694924
2022-08-16 12:00:00,25.40622,15.714569,330.75256,100577.15,0.0,2.5106208
2022-08-17 12:00:00,24.784943,17.068085,217.61624,100806.07,4.399265e-07,3.2587461
2022-08-18 12:00:00,24.579071,17.613892,284.07834,100946.67,7.289969e-08,2.2804391
2022-08-19 12:00:00,24.2417,17.199646,306.47726,100851.21,2.4707626e-07,3.0532942
2022-08-20 12:00:00,23.839447,16.448029,292.8962,100812.78,0.0,3.3636832
2022-08-21 12:00:00,23.147583,18.038147,161.07692,101056.84,7.5689464e-08,3.6885722
2022-08-22 12:00:00,21.363922,16.449646,242.82832,101224.33,4.5761003e-06,3.2551765
2022-08-23 12:00:00,22.481262,14.9151,313.55896,101291.67,0.0,3.6325977
2022-08-24 12:00:00,22.228882,15.891113,303.05966,101105.19,3.3809613e-08,4.251734
2022-08-25 12:00:00,22.92508,15.847778,305.5989,100814.03,0.0,3.8343544
2022-08-26 12:00:00,23.360718,16.258057,305.09042,100514.08,2.20205e-07,2.8188207
2022-08-27 12:00:00,23.511139,15.662415,308.08206,100387.33,1.8885586e-08,2.8191206
2022-08-28 12:00:00,22.942474,16.943726,294.75476,100529.72,4.1813692e-07,3.557982
2022-08-29 12:00:00,23.470154,15.840607,296.10913,100843.77,3.181818e-08,2.9243977
2022-08-30 12:00:00,24.831604,15.450043,300.49466,100858.7,0.0,2.5344477
2022-08-31 12:00:00,24.628326,16.852325,261.62164,100543.52,2.3636142e-07,3.264892
2022-09-01 12:00:00,21.587463,17.796722,226.30809,100610.4,5.8752034e-06,4.7806273
2022-09-02 12:00:00,21.677094,14.478516,293.3632,100794.766,3.5752495e-07,3.2850823
2022-09-03 12:00:00,22.391632,15.572479,282.63486,100772.0,3.4620342e-07,3.3204734
2022-09-04 12:00:00,25.098541,15.292847,278.3476,100606.875,8.6260985e-07,2.40247
2022-09-05 12:00:00,24.644531,16.183563,212.67224,100318.836,2.3227763e-06,2.6954267
2022-09-06 12:00:00,21.670044,17.172668,249.22891,100363.63,4.927419e-06,3.6637611
2022-09-07 12:00:00,20.925629,16.454071,213.2596,100443.73,0.0,4.08299
2022-09-08 12:00:00,20.660156,17.238861,167.32292,100544.32,6.5376507e-06,3.5198047
2022-09-09 12:00:00,22.403381,17.07135,222.71404,100469.81,1.1845736e-06,2.856771
2022-09-10 12:00:00,22.072357,17.810791,255.87762,100305.76,2.0629825e-06,4.426839
2022-09-11 12:00:00,21.56076,17.634125,234.61676,100465.38,6.851024e-06,4.28097
2022-09-12 12:00:00,21.195282,17.134796,164.13068,100750.13,2.8558563e-06,2.566089
2022-09-13 12:00:00,22.179321,15.378601,251.41476,100769.59,3.9224904e-08,2.6657436
2022-09-14 12:00:00,22.158783,17.202393,227.72128,100666.51,8.8024365e-07,3.1980534
2022-09-15 12:00:00,25.247406,16.140839,267.58286,100536.78,1.6022183e-08,2.3786595
2022-09-16 12:00:00,26.110382,15.868225,269.32935,100521.03,3.8973127e-08,2.2115073
2022-09-17 12:00:00,27.065918,15.942322,266.67993,100496.086,5.0510238e-08,2.0588045
2022-09-18 12:00:00,25.914764,16.432434,243.02478,100393.375,2.2892323e-06,2.3668473
2022-09-19 12:00:00,23.367798,17.364044,239.64816,100173.84,4.9100495e-06,4.6385756
2022-09-20 12:00:00,22.61087,17.540833,259.63678,100046.14,0.0,4.481815
2022-09-21 12:00:00,25.319183,12.597931,269.666,100209.07,0.0,2.5258315
2022-09-22 12:00:00,26.458649,16.516724,267.73734,100733.4,0.0,3.9481075
2022-09-23 12:00:00,26.3414,13.671417,258.16516,100822.445,0.0,1.0209804
2022-09-24 12:00:00,25.367676,13.545776,242.78566,100589.234,7.7528347e-07,1.9207817
2022-09-25 12:00:00,23.324799,12.833221,245.06825,100451.234,4.2990607e-07,1.9560537
2022-09-26 12:00:00,23.849487,12.903198,241.13557,100488.2,1.8921126e-07,1.9994756
2022-09-27 12:00:00,25.817474,13.059479,243.10916,100516.96,1.0871581e-07,1.7184191
2022-09-28 12:00:00,25.15036,13.861481,243.4542,100506.445,0.0,2.0442328
2022-09-29 12:00:00,22.431152,14.496185,212.04216,100677.81,2.0403982e-06,2.8285265
2022-09-30 12:00:00,24.073273,13.889252,231.28925,100707.336,0.0,2.065464
2022-10-01 12:00:00,26.006927,12.670227,242.11612,100654.07,1.8541781e-08,1.6289637
2022-10-02 12:00:00,25.229279,13.188477,219.05983,100837.01,3.5297758e-06,1.8305892
2022-10-03 12:00:00,23.074493,13.859863,212.93726,100993.58,1.6183785e-06,1.9732302
2022-10-04 12:00:00,23.52893,13.910919,225.46541,100954.52,7.399217e-08,1.8332573
2022-10-05 12:00:00,23.021515,13.796783,223.22612,101110.13,3.609921e-08,3.0531936
2022-10-06 12:00:00,23.400208,12.84256,227.52863,100897.67,0.0,2.1093762
2022-10-07 12:00:00,24.593262,13.070435,225.03609,100576.51,0.0,1.6548861
2022-10-08 12:00:00,24.500092,10.736328,232.3272,100303.53,0.0,1.8220663
2022-10-09 12:00:00,23.200867,10.70517,221.2345,100346.99,5.3090467e-08,1.8860177
2022-10-10 12:00:00,23.45935,11.028931,222.15019,100443.21,0.0,1.6566489
2022-10-11 12:00:00,23.684296,11.70343,216.7018,100268.05,0.0,1.9385053
2022-10-12 12:00:00,23.167786,13.87085,209.39432,100727.98,0.0,2.7768335
2022-10-13 12:00:00,22.094086,13.262207,199.9471,101067.195,4.9297074e-07,2.6503198
2022-10-14 12:00:00,25.853577,12.393799,213.41615,100616.7,0.0,1.2603499
2022-10-15 12:00:00,25.652039,11.678162,199.91681,100382.76,1.2918302e-06,0.42451838
2022-10-16 12:00:00,23.045654,13.165314,150.05675,100661.11,6.663578e-07,2.435644
2022-10-17 12:00:00,21.90686,11.534851,203.21243,100841.516,1.3163163e-08,1.8188784
2022-10-18 12:00:00,22.389557,12.400055,193.53683,100885.21,9.173199e-08,1.9158764
2022-10-19 12:00:00,22.046204,14.141724,179.63551,100827.84,0.0,3.2906134
2022-10-20 12:00:00,18.623932,15.172852,119.089066,101117.555,4.2832908e-06,3.9225006
2022-10-21 12:00:00,19.8154,13.410065,169.2835,101044.05,3.6741362e-06,2.2463078
2022-10-22 12:00:00,21.227661,11.341766,192.7762,101082.82,1.8413584e-08,1.9261916
2022-10-23 12:00:00,20.65384,11.824371,165.02173,101158.766,3.231543e-06,1.8890249
2022-10-24 12:00:00,20.303528,12.438629,162.32579,101097.5,3.4245024e-06,2.0696416
2022-10-25 12:00:00,20.892548,11.766205,178.1566,100758.984,4.957341e-07,1.8618556
2022-10-26 12:00:00,20.88208,10.847412,183.39626,100770.695,0.0,1.8846536
2022-10-27 12:00:00,19.18814,11.664154,176.83994,101153.82,4.3884862e-07,2.6638348
2022-10-28 12:00:00,18.143372,14.007141,105.15324,101200.4,3.6965575e-06,3.0521076
2022-10-29 12:00:00,18.164734,13.108459,112.41347,101146.66,1.1091874e-05,2.0748885
2022-10-30 12:00:00,18.421875,12.040894,179.55215,101338.63,1.8816019e-08,4.6975107
2022-10-31 12:00:00,18.069366,9.819733,177.026,101287.61,0.0,4.093211
2022-11-01 12:00:00,17.49411,9.721436,168.50287,101165.086,2.8339284e-09,5.232505
2022-11-02 12:00:00,20.0867,9.711945,179.1787,100968.29,0.0,4.7197733
2022-11-03 12:00:00,19.67804,8.07312,101.29616,101100.55,0.0,1.7894073
2022-11-04 12:00:00,18.636688,7.6891174,167.16525,101479.07,1.8541781e-08,1.5874262
2022-11-05 12:00:00,19.771027,8.527405,169.04044,101369.84,0.0,1.4834156
2022-11-06 12:00:00,18.93689,8.727356,159.02303,101169.17,3.334797e-07,2.1229486
2022-11-07 12:00:00,18.30017,9.2743225,149.82211,101054.28,4.323311e-08,2.3236153
2022-11-08 12:00:00,20.961578,10.608795,158.21822,101022.516,0.0,1.0548321
2022-11-09 12:00:00,20.197418,10.634277,118.78163,100948.11,3.1145087e-06,2.269645
2022-11-10 12:00:00,18.081146,8.872681,158.14108,101117.81,7.6268904e-08,2.8532143
2022-11-11 12:00:00,20.700653,9.201447,160.16388,101243.086,0.0,1.4093424
2022-11-12 12:00:00,20.18808,7.731659,160.66605,101265.24,0.0,1.2318277
2022-11-13 12:00:00,19.081818,6.9383545,114.53533,100899.39,1.9299391e-06,1.9614179
2022-11-14 12:00:00,16.383575,10.977509,116.62128,100394.63,4.3018983e-07,2.0771918
2022-11-15 12:00:00,16.209473,7.9875183,153.78969,100608.664,0.0,3.7763739
2022-11-16 12:00:00,15.010529,10.1605835,155.56473,100958.4,0.0,7.082644
2022-11-17 12:00:00,14.729034,7.0800476,56.740192,101150.195,1.8905943e-05,1.7668834
2022-11-18 12:00:00,12.932709,5.4086914,144.99336,101151.26,4.4921668e-05,2.1327446
2022-11-19 12:00:00,14.56543,6.808716,146.84433,101023.625,0.0,1.781213
2022-11-20 12:00:00,13.893311,6.0630493,114.395195,101151.46,9.49531e-09,2.1312323
2022-11-21 12:00:00,13.223358,9.158722,108.685616,100867.25,4.126653e-05,0.657931
2022-11-22 12:00:00,13.156189,9.424194,66.812836,100998.05,2.5624257e-05,3.8506873
2022-11-23 12:00:00,14.197235,11.784241,69.73311,100995.27,6.7988956e-05,3.0751562
2022-11-24 12:00:00,13.548523,11.8168335,129.29524,100930.28,0.00010979021,4.4920406
2022-11-25 12:00:00,12.114777,6.876404,139.21715,101477.0,0.0,5.169159
2022-11-26 12:00:00,11.799164,6.525818,137.61397,101601.1,0.0,5.171149
2022-11-27 12:00:00,12.282837,6.400299,136.35507,101795.63,0.0,4.7593665
2022-11-28 12:00:00,12.302277,8.792084,28.111729,101630.41,0.00017585723,3.155261
2022-11-29 12:00:00,13.528412,11.422241,40.171516,101159.125,0.00032163097,2.2479973
2022-11-30 12:00:00,12.9436035,8.624451,98.5398,101292.97,3.7461177e-06,1.4405131
2022-12-01 12:00:00,13.453217,10.475861,65.00304,100966.14,5.7901576e-05,3.1082318
2022-12-02 12:00:00,12.573181,7.9006653,101.985435,101343.76,6.137016e-05,4.6169596
2022-12-03 12:00:00,11.360779,7.2931824,40.163734,101640.39,4.7743226e-05,2.6057272
2022-12-04 12:00:00,13.417389,11.208923,23.2226,101280.8,0.0001975107,3.9075017
2022-12-05 12:00:00,13.35495,12.017761,34.578365,101274.086,3.9149887e-05,3.3469439
2022-12-06 12:00:00,12.939606,9.954468,70.71125,101378.36,1.4760453e-05,3.0590878
2022-12-07 12:00:00,10.648651,7.419983,56.23752,101050.79,0.0,1.7122456
2022-12-08 12:00:00,10.368805,7.1266174,60.221836,100328.4,0.0,3.5207767
2022-12-09 12:00:00,11.504425,8.287415,29.456364,100361.64,0.00016818836,3.1819303
2022-12-10 12:00:00,13.009491,8.769592,116.97228,100329.14,0.00013170333,1.551533
2022-12-11 12:00:00,12.588226,9.73053,45.47026,100384.92,0.0002009707,4.2956314
2022-12-12 12:00:00,11.672638,10.143951,62.26929,100903.35,9.025346e-05,4.961347
2022-12-13 12:00:00,10.797119,9.238434,43.49129,101290.03,2.9411412e-05,2.9994464
2022-12-14 12:00:00,10.3940735,7.9112244,95.972786,101050.24,7.4971635e-05,3.032906
2022-12-15 12:00:00,9.530548,5.341614,88.880615,101646.92,1.3741169e-07,2.283321
2022-12-16 12:00:00,9.075928,6.7207947,58.96344,102016.51,1.1495353e-05,2.9557471
2022-12-17 12:00:00,11.263855,6.774048,110.91556,102213.62,3.6926215e-06,2.5160756
2022-12-18 12:00:00,11.803406,8.022614,79.96394,101757.43,8.243757e-06,2.563706
2022-12-19 12:00:00,11.492462,5.761627,124.044075,101853.24,4.848754e-06,5.0591574
2022-12-20 12:00:00,11.027527,5.203644,114.77471,102194.805,0.0,4.119208
2022-12-21 12:00:00,10.169067,3.3485718,120.03739,102045.42,0.0,3.120067
2022-12-22 12:00:00,8.231171,4.049011,59.408737,101669.56,1.8386263e-06,1.9849442
2022-12-23 12:00:00,9.925903,4.5146484,93.225815,101772.445,1.4212345e-06,1.4123648
2022-12-24 12:00:00,10.379028,4.3976746,92.64556,101962.09,1.1896122e-06,0.8313231
2022-12-25 12:00:00,10.282196,3.9538574,79.81914,101816.4,2.7038366e-06,1.0784404
2022-12-26 12:00:00,10.960785,5.625824,50.98999,101346.05,9.632429e-06,1.8830333
2022-12-27 12:00:00,11.087738,6.290161,123.44606,101669.74,1.5743066e-05,6.237992
2022-12-28 12:00:00,10.641846,3.5971985,117.3583,101763.33,0.0,2.0067074
2022-12-29 12:00:00,8.97879,6.374481,108.78875,100719.72,6.121891e-05,4.199284
2022-12-30 12:00:00,7.568939,3.7014465,82.05679,99828.14,6.358627e-06,2.854762
2022-12-31 12:00:00,9.419067,3.442047,68.90866,100612.37,3.957125e-06,1.8292365
2023-01-01 12:00:00,8.761047,4.3657227,125.60458,101221.086,6.7266315e-05,3.343005
2023-01-02 12:00:00,10.328735,3.108551,126.86609,101714.76,0.0,4.0344777
2023-01-03 12:00:00,10.261139,1.8304443,121.72083,101944.34,4.8654357e-07,3.397433
2023-01-04 12:00:00,9.988739,1.8013306,126.218124,102112.5,6.65484e-08,4.349893
2023-01-05 12:00:00,8.563904,3.179596,115.391396,102061.89,0.0,2.7791195
2023-01-06 12:00:00,9.900024,2.6878967,127.93083,101730.64,1.7314777e-07,1.1173476
2023-01-07 12:00:00,9.558533,3.3503723,128.26337,101526.61,3.0672073e-11,2.4196572
2023-01-08 12:00:00,10.442932,3.1990051,130.39603,101446.19,0.0,3.0042632
2023-01-09 12:00:00,11.908539,4.4421997,126.783195,101028.77,5.3272447e-07,0.6285467
2023-01-10 12:00:00,12.307037,2.8866272,133.19847,100967.016,1.02589254e-07,0.6424213
2023-01-11 12:00:00,13.33493,4.6922607,132.02342,101301.2,0.0,0.6421882
2023-01-12 12:00:00,12.939545,4.9401855,136.35646,101631.45,0.0,2.7141626
2023-01-13 12:00:00,11.998566,4.5356445,136.56783,101407.84,0.0,2.7190762
2023-01-14 12:00:00,11.246185,5.543701,135.65175,101255.67,0.0,3.9680216
2023-01-15 12:00:00,11.27713,7.344879,82.10201,100769.766,4.4887435e-07,1.8018761
2023-01-16 12:00:00,11.61377,9.993347,32.004486,101013.38,0.00011911085,5.252484
2023-01-17 12:00:00,11.990692,10.265808,29.54472,101397.0,0.00013662779,5.155586
2023-01-18 12:00:00,12.608063,11.399445,62.22385,101728.62,9.1069785e-05,2.7804716
2023-01-19 12:00:00,12.506348,7.5395813,96.52373,101826.7,2.7154988e-06,1.6444101
2023-01-20 12:00:00,12.662506,8.828827,91.84769,101619.69,0.0,1.4031261
2023-01-21 12:00:00,13.827942,5.614868,145.99979,101345.77,0.0,2.7221432
2023-01-22 12:00:00,13.546448,7.894104,144.68765,101419.3,0.0,3.5515857
2023-01-23 12:00:00,13.273285,7.873871,145.27078,101550.85,0.0,2.8209295
2023-01-24 12:00:00,13.85907,6.95224,141.72261,101843.45,0.0,2.1838057
2023-01-25 12:00:00,15.081482,7.284668,147.95686,102013.26,0.0,1.5922155
2023-01-26 12:00:00,14.824951,6.998596,126.009636,101531.9,0.0,1.3542596
2023-01-27 12:00:00,13.773346,7.62796,146.287,100902.6,0.0,1.2026827
2023-01-28 12:00:00,12.500488,7.314728,39.59613,100705.01,1.1472188e-05,1.8867412
2023-01-29 12:00:00,12.094147,9.120514,38.683895,100874.15,3.1148207e-05,2.4714203
2023-01-30 12:00:00,12.597504,11.222992,29.492613,100647.07,0.00042762133,6.2909966
2023-01-31 12:00:00,12.084106,9.121338,81.10276,101201.37,0.000120364515,3.268061
2023-02-01 12:00:00,11.985565,9.214325,47.621674,101578.71,3.984776e-05,2.318721
2023-02-02 12:00:00,13.421967,9.604309,121.50038,101471.73,3.48385e-05,0.7250732
2023-02-03 12:00:00,13.395691,9.524231,68.27171,101090.89,6.3332545e-06,1.905165
2023-02-04 12:00:00,12.04126,8.932251,163.19402,101169.62,1.0136996e-06,5.021982
2023-02-05 12:00:00,12.5616455,6.916443,171.08417,100793.57,0.0,6.796743
2023-02-06 12:00:00,12.925812,5.176697,170.9928,100404.98,0.0,2.0155795
2023-02-07 12:00:00,11.9375305,6.5159607,137.38422,101100.9,4.7344875e-07,1.418814
2023-02-08 12:00:00,13.135559,5.4690857,174.37524,101237.875,2.289822e-10,1.7828735
2023-02-09 12:00:00,12.846832,5.3894043,125.40382,101521.09,2.6373618e-06,1.7588207
2023-02-10 12:00:00,13.084412,5.7295227,162.07169,101832.39,5.0987063e-07,0.87109226
2023-02-11 12:00:00,13.024017,6.96933,137.04219,101374.39,3.775464e-06,0.9113016
2023-02-12 12:00:00,12.588196,7.8852844,95.344604,100981.73,1.9008257e-06,2.0937328
2023-02-13 12:00:00,12.902985,8.158844,174.2853,101028.71,1.5259529e-06,4.6050277
2023-02-14 12:00:00,12.591461,5.563507,180.56625,101120.42,4.5310303e-10,3.0527153
2023-02-15 12:00:00,11.949341,6.150696,56.261044,101089.88,1.8741803e-05,2.0922258
2023-02-16 12:00:00,11.492676,7.8745728,178.25964,101270.05,0.000116510164,2.8347578
2023-02-17 12:00:00,12.455444,5.725769,187.3127,101803.91,0.0,3.35823
2023-02-18 12:00:00,13.495361,5.932953,190.65596,101750.766,3.759609e-08,2.238142
2023-02-19 12:00:00,13.795868,5.9812317,167.85211,101358.43,2.6934185e-06,0.58674884
2023-02-20 12:00:00,15.839722,7.8265076,184.43811,101203.62,0.0,1.5830386
2023-02-21 12:00:00,15.848541,7.8285522,118.90721,100962.055,5.9470953e-09,0.6452525
2023-02-22 12:00:00,13.010193,10.262146,140.1668,101098.94,0.00011563534,2.7627823
2023-02-23 12:00:00,13.514862,6.6451416,174.11981,101278.47,3.6166156e-07,0.57687074
2023-02-24 12:00:00,13.375153,7.9364014,177.7229,101160.85,4.7636313e-05,2.2424138
2023-02-25 12:00:00,12.768311,7.039978,113.19213,101052.53,0.0,2.2201467
2023-02-26 12:00:00,11.541412,8.062012,160.23041,100857.77,5.9611255e-05,2.7192357
2023-02-27 12:00:00,11.247681,6.0962524,209.86769,101147.83,3.6929528e-08,2.3263924
2023-02-28 12:00:00,11.118347,8.115021,50.39398,100632.44,0.0001170972,3.5488157
2023-03-01 12:00:00,10.83252,7.1371155,107.57667,100802.09,0.00017368386,4.1176987
2023-03-02 12:00:00,11.787323,9.295441,43.453632,101014.43,0.00029556302,5.6018214
2023-03-03 12:00:00,13.023102,10.293579,84.94989,101245.6,5.390251e-05,2.681692
2023-03-04 12:00:00,12.701538,10.128082,45.321426,101057.586,0.00018365205,4.93903
2023-03-05 12:00:00,12.616547,11.326904,71.326744,100949.45,3.7903206e-05,2.7177486
2023-03-06 12:00:00,13.187195,9.520386,157.50899,101227.75,3.0109673e-05,2.3476777
2023-03-07 12:00:00,15.173828,8.858429,208.4596,101606.945,4.7319764e-07,2.073198
2023-03-08 12:00:00,15.122223,8.965759,171.84297,101602.57,3.9973856e-06,2.2787626
2023-03-09 12:00:00,13.766144,9.46991,129.77538,101421.15,2.2158767e-06,1.8784863
2023-03-10 12:00:00,13.6371765,9.604645,110.14574,101020.83,1.1909152e-05,2.5630074
2023-03-11 12:00:00,14.607727,8.891174,237.95192,101220.29,5.2767325e-07,4.0227656
2023-03-12 12:00:00,16.662628,8.14801,250.58234,100914.84,0.0,3.078937
2023-03-13 12:00:00,16.510742,6.9118347,240.81831,100679.57,7.8497567e-07,0.5808114
2023-03-14 12:00:00,17.361542,9.585083,208.12929,100562.445,0.0,1.2299781
2023-03-15 12:00:00,17.253876,8.745148,191.31264,100389.55,3.996215e-06,2.7661595
2023-03-16 12:00:00,12.136719,8.38855,180.28702,100291.22,7.2149754e-07,3.9804945
2023-03-17 12:00:00,11.143799,8.641296,76.98382,100212.016,0.00010087938,5.072031
2023-03-18 12:00:00,11.746521,9.712921,102.76032,99866.97,0.0004127231,6.2605777
2023-03-19 12:00:00,10.814484,9.032196,51.391926,99704.805,0.00029385454,6.465894
2023-03-20 12:00:00,10.233154,7.2576294,81.35586,99630.12,0.00023535833,6.120686
2023-03-21 12:00:00,12.414215,7.7243958,211.07951,100015.52,0.0001685407,1.6156545
2023-03-22 12:00:00,12.093323,7.904022,187.68585,100479.67,1.6865408e-06,3.4655604
2023-03-23 12:00:00,14.739532,6.622986,267.60983,100635.664,0.0,2.2918074
2023-03-24 12:00:00,14.6223755,7.2617493,251.50269,101084.55,0.0,3.3797486
2023-03-25 12:00:00,14.40564,6.4421997,273.11514,101237.34,6.490945e-10,1.7819271
2023-03-26 12:00:00,14.01239,7.9019165,204.29616,101255.86,4.8202025e-07,2.8302693
2023-03-27 12:00:00,13.297607,7.772766,224.14398,100731.59,5.940167e-07,6.9382687
2023-03-28 12:00:00,16.31723,9.58548,284.2528,100339.33,0.0,5.015776
2023-03-29 12:00:00,16.509125,7.5849304,284.77502,100728.01,0.0,2.1128643
2023-03-30 12:00:00,16.108704,8.563538,285.5965,101050.195,3.0409846e-09,5.890213
2023-03-31 12:00:00,14.641693,7.1693726,294.87955,100938.555,0.0,3.9580781
2023-04-01 12:00:00,13.999908,5.84256,229.75502,101020.36,3.972231e-06,3.3321207
2023-04-02 12:00:00,11.713562,7.4213867,259.57675,100942.6,0.00011766752,4.910434
2023-04-03 12:00:00,11.9721985,7.078583,263.05817,101364.18,3.366e-08,3.6152554
2023-04-04 12:00:00,13.143433,9.53479,186.84804,101241.664,1.1014145e-05,2.8064737
2023-04-05 12:00:00,13.287415,9.692383,209.22385,100921.63,5.1713882e-06,2.3642638
2023-04-06 12:00:00,13.352478,10.569,128.40117,100786.07,1.606881e-05,3.2616727
2023-04-07 12:00:00,13.108582,12.086853,63.68556,100912.75,0.00013963545,4.5393925
2023-04-08 12:00:00,13.91214,11.640167,224.35625,101323.25,2.8111524e-05,1.0689118
2023-04-09 12:00:00,15.15509,9.700317,254.01901,101300.76,2.7286737e-06,2.0041811
2023-04-10 12:00:00,14.8897705,11.4216,155.33466,100760.875,1.9177238e-05,3.1726696
2023-04-11 12:00:00,12.930115,7.533783,285.43936,100741.94,4.3588898e-07,6.6446037
2023-04-12 12:00:00,12.700531,7.4048157,163.0642,101077.39,1.9483714e-05,4.4257455
2023-04-13 12:00:00,10.522705,5.343445,237.41913,100963.17,8.510439e-05,5.539926
2023-04-14 12:00:00,12.848328,6.6203613,318.55927,101316.75,0.0,5.854523
2023-04-15 12:00:00,14.516602,7.4834595,317.61407,101443.58,0.0,4.640632
2023-04-16 12:00:00,14.261902,9.918396,231.90675,101046.24,8.3093215e-07,6.1583123
2023-04-17 12:00:00,11.232788,6.454193,291.16116,100345.7,6.1534965e-06,4.2309484
2023-04-18 12:00:00,16.178192,7.6726685,323.42267,99880.37,0.0,4.235565
2023-04-19 12:00:00,15.947784,9.470978,296.46667,100283.195,0.0,5.6867347
2023-04-20 12:00:00,12.569,8.463684,230.67334,100397.28,1.881465e-05,4.541663
2023-04-21 12:00:00,14.359039,5.8222656,282.20538,99913.98,3.9536715e-08,4.2820277
2023-04-22 12:00:00,13.634399,8.506287,222.77045,100349.55,2.8765675e-07,4.4474115
2023-04-23 12:00:00,12.159912,8.187317,173.18922,100733.52,4.355355e-05,3.3457367
2023-04-24 12:00:00,15.112183,7.096283,315.7937,100551.02,3.457888e-06,3.206232
2023-04-25 12:00:00,16.361206,8.9374695,325.04968,100939.234,0.0,4.7721376
2023-04-26 12:00:00,16.872375,8.182495,339.92227,101270.25,0.0,3.7799222
2023-04-27 12:00:00,18.177032,7.7072144,337.49673,101047.88,0.0,2.3744268
2023-04-28 12:00:00,17.953949,8.398254,303.3763,100762.375,0.0,2.5458221
2023-04-29 12:00:00,17.285217,8.315369,329.68756,100579.25,0.0,3.7687488
2023-04-30 12:00:00,17.825012,9.095703,334.19617,101025.17,0.0,4.0023623
2023-05-01 12:00:00,20.285522,9.202881,331.30383,101239.4,0.0,2.135177
2023-05-02 12:00:00,20.55075,9.839203,315.08185,101189.71,0.0,1.9694203
2023-05-03 12:00:00,20.45514,9.14856,323.3747,100865.9,6.266068e-08,1.8981911
2023-05-04 12:00:00,20.17569,10.058533,296.71948,100495.95,3.6833223e-06,2.387359
2023-05-05 12:00:00,16.751343,11.401733,282.04227,100792.59,7.658001e-06,3.7539499
2023-05-06 12:00:00,16.134338,10.048859,260.67126,101055.63,0.0,3.6225102
2023-05-07 12:00:00,17.127625,10.363312,267.33975,101006.62,0.0,3.5791674
2023-05-08 12:00:00,17.001953,11.273499,316.10974,100853.71,2.039617e-06,4.4651318
2023-05-09 12:00:00,16.304535,11.458282,220.96931,100903.555,4.1608187e-06,3.809646
2023-05-10 12:00:00,18.825806,10.466492,333.08282,100918.266,0.0,4.063028
2023-05-11 12:00:00,18.379395,12.377655,226.05522,100882.06,0.0,5.1087227
2023-05-12 12:00:00,19.448792,10.872772,356.08072,100754.16,0.0,4.6199813
2023-05-13 12:00:00,21.693268,11.513367,364.89963,100384.03,0.0,4.483683
2023-05-14 12:00:00,21.677643,14.356354,363.22287,100082.766,0.0,5.453618
2023-05-15 12:00:00,24.081757,15.076691,353.22363,99746.56,3.4091638e-09,3.0301845
2023-05-16 12:00:00,23.520203,12.84198,315.14563,100215.055,2.7332112e-06,4.107517
2023-05-17 12:00:00,19.762268,12.293457,341.77325,100324.82,7.596679e-07,3.0011883
2023-05-18 12:00:00,21.310242,12.012268,356.95496,100372.695,0.0,2.4355218
2023-05-19 12:00:00,23.06488,11.723785,361.52133,100536.74,0.0,2.236672
2023-05-20 12:00:00,21.42337,12.577118,350.19388,100494.4,9.016629e-07,2.4838188
2023-05-21 12:00:00,23.239746,12.762848,343.65295,100463.13,1.219749e-06,2.1953256
2023-05-22 12:00:00,25.6969,12.430176,357.50253,100533.04,2.2976194e-07,1.8380675
2023-05-23 12:00:00,28.98404,13.154846,363.05283,100580.84,9.476246e-08,1.4280994
2023-05-24 12:00:00,30.410034,15.095367,366.03918,100551.84,0.0,2.1990957
2023-05-25 12:00:00,30.230896,14.360046,337.67203,100623.86,1.981562e-06,3.4038286
2023-05-26 12:00:00,21.535889,13.696472,300.17514,100679.086,1.7319383e-06,2.986095
2023-05-27 12:00:00,23.460114,13.815674,355.48456,100373.05,0.0,2.5281854
2023-05-28 12:00:00,23.0979,13.248657,362.85968,100295.92,0.0,3.496501
2023-05-29 12:00:00,19.441467,14.034332,310.41415,100583.21,2.569074e-06,3.6773725
2023-05-30 12:00:00,19.398834,13.571686,319.6976,100711.62,3.439738e-06,3.016972
2023-05-31 12:00:00,19.588593,13.951111,313.34167,100643.46,3.9956767e-06,3.2237382
2023-06-01 12:00:00,20.4516,13.967346,342.77585,100554.16,2.6970804e-06,3.2864873
2023-06-02 12:00:00,19.859772,15.360718,310.88556,100579.5,1.5395685e-06,4.087197
2023-06-03 12:00:00,19.046936,15.632355,164.40913,100538.29,2.616101e-06,4.7226243
2023-06-04 12:00:00,18.047363,15.179291,154.06729,100411.42,2.7651608e-06,6.369105
2023-06-05 12:00:00,21.465057,16.038055,301.04346,100410.34,2.1137314e-06,3.1877766
2023-06-06 12:00:00,20.93219,15.781677,249.84505,100396.555,2.2021457e-07,4.3043537
2023-06-07 12:00:00,19.603577,15.412598,226.11737,100404.85,1.1873517e-05,3.2469547
2023-06-08 12:00:00,19.04187,15.726654,231.50357,100525.54,4.6041196e-06,2.9536765
2023-06-09 12:00:00,20.08554,16.001709,308.71805,100956.44,2.6226176e-06,3.602455
2023-06-10 12:00:00,23.761261,14.299011,364.99368,101112.84,0.0,2.7611353
2023-06-11 12:00:00,24.010773,15.763641,365.22568,100708.125,1.8059888e-08,2.6124902
2023-06-12 12:00:00,23.323456,15.7966,347.23355,100408.69,1.9199279e-06,2.9360547
2023-06-13 12:00:00,22.031128,15.644165,367.8727,100491.195,0.0,3.7633317
2023-06-14 12:00:00,23.215088,15.946472,362.58237,100726.62,1.6731375e-06,4.1236596
2023-06-15 12:00:00,22.865265,16.030334,376.817,100923.75,0.0,5.7746205
2023-06-16 12:00:00,20.950684,15.272461,372.7296,101018.81,0.0,6.348366
2023-06-17 12:00:00,22.366913,15.71463,372.5656,100964.17,0.0,6.3554883
2023-06-18 12:00:00,21.835144,16.212769,372.74078,100831.336,0.0,6.729414
2023-06-19 12:00:00,22.00644,15.959473,375.0715,100804.97,0.0,6.3124557
2023-06-20 12:00:00,23.845917,15.372711,376.62924,100740.04,0.0,4.610947
2023-06-21 12:00:00,23.015625,16.23816,375.43378,100790.13,0.0,6.1905103
2023-06-22 12:00:00,23.60675,14.817383,373.89478,100750.5,0.0,4.2944713
2023-06-23 12:00:00,23.144653,16.422272,377.8559,100802.92,0.0,5.8213863
2023-06-24 12:00:00,24.753967,14.653961,375.06476,100737.12,0.0,3.3749802
2023-06-25 12:00:00,24.244324,14.627716,376.77744,100407.96,2.3431554e-09,2.6690197
2023-06-26 12:00:00,23.650269,14.627075,347.43936,100334.34,1.7110385e-06,3.524852
2023-06-27 12:00:00,21.915161,15.884979,350.54437,100642.81,1.7251608e-06,3.971698
2023-06-28 12:00:00,25.919586,15.048187,378.1334,100907.25,0.0,2.5136075
2023-06-29 12:00:00,25.8609,14.214508,376.14166,100984.97,0.0,2.6422284
2023-06-30 12:00:00,25.550354,15.091858,373.248,100686.41,0.0,2.5316617
2023-07-01 12:00:00,24.965546,15.309845,371.27762,100537.82,0.0,2.9582517
2023-07-02 12:00:00,23.108276,15.447845,371.35538,100741.88,0.0,3.6076477
2023-07-03 12:00:00,22.691895,15.774261,373.7362,100909.49,0.0,4.5625234
2023-07-04 12:00:00,23.99347,15.532196,352.7621,100777.625,0.0,3.58815
2023-07-05 12:00:00,23.803986,15.526733,356.34903,100510.68,0.0,3.3596725
2023-07-06 12:00:00,20.151367,16.13858,303.07678,100684.64,1.6399938e-06,4.3419013
2023-07-07 12:00:00,21.500244,14.48288,343.74536,100839.55,3.329294e-07,3.3722782
2023-07-08 12:00:00,21.108795,16.3284,331.0136,100879.27,1.2173099e-06,3.9811094
2023-07-09 12:00:00,22.370087,15.337891,339.0199,100987.16,7.9585016e-07,3.9235158
2023-07-10 12:00:00,26.174377,13.886108,365.55704,100894.14,0.0,2.5982907
2023-07-11 12:00:00,26.223236,16.390076,333.22592,100443.57,0.0,2.471508
2023-07-12 12:00:00,23.314392,17.475494,263.44974,100367.22,0.0,3.3391867
2023-07-13 12:00:00,22.73172,17.275452,159.20985,100630.65,9.811032e-08,3.07139
2023-07-14 12:00:00,22.547302,16.634491,271.77493,100729.03,1.2369591e-06,2.9290326
2023-07-15 12:00:00,22.002014,16.002075,342.79376,100686.336,8.527006e-08,4.1688566
2023-07-16 12:00:00,24.15268,15.37793,364.03772,100579.63,0.0,2.856053
2023-07-17 12:00:00,26.480377,14.559753,365.60153,100604.72,4.0917342e-08,2.1177733
2023-07-18 12:00:00,27.150208,15.6753845,360.31662,100509.375,0.0,2.0245526
2023-07-19 12:00:00,25.326813,17.315186,336.6998,100614.29,8.0352385e-07,3.1759696
2023-07-20 12:00:00,25.19986,17.461945,273.27292,100587.38,2.443528e-06,2.6611078
2023-07-21 12:00:00,23.615051,17.761139,309.09174,100542.59,8.297915e-08,3.2528653
2023-07-22 12:00:00,22.979889,18.18634,184.4442,100814.32,2.2078466e-07,2.979724
2023-07-23 12:00:00,27.359467,16.709564,320.66418,100837.53,0.0,2.1492631
2023-07-24 12:00:00,26.318237,17.218567,320.00305,100650.78,0.0,2.563117
2023-07-25 12:00:00,24.293427,15.848389,332.51984,100633.99,8.4018194e-07,2.7186959
2023-07-26 12:00:00,24.38211,15.344666,352.3736,100716.64,5.2841486e-08,2.8235672
2023-07-27 12:00:00,25.82132,15.639435,351.86707,100754.79,4.50408e-07,2.4553003
2023-07-28 12:00:00,25.202087,16.573608,318.99313,100709.914,5.189727e-07,2.9353597
2023-07-29 12:00:00,22.146973,16.776337,298.04205,100729.94,1.2753106e-06,3.3033755
2023-07-30 12:00:00,21.987823,16.914032,309.57144,100524.83,1.7003273e-06,3.9095433
2023-07-31 12:00:00,22.079132,16.430511,318.93948,100481.94,1.7976587e-06,3.6369328
2023-08-01 12:00:00,22.385742,15.399811,309.3352,100780.6,3.3612903e-06,3.0020466
2023-08-02 12:00:00,26.026154,14.762665,347.61566,100878.016,8.754837e-08,2.384304
2023-08-03 12:00:00,27.463165,16.180298,342.9532,100567.89,0.0,2.2014897
2023-08-04 12:00:00,26.35611,17.707092,318.4784,100326.41,1.7922099e-06,3.095717
2023-08-05 12:00:00,23.129242,17.07428,204.31749,100238.29,2.5306755e-07,2.8471067
2023-08-06 12:00:00,23.101135,16.969421,309.3324,100272.44,8.6129285e-07,3.358892
2023-08-07 12:00:00,23.239807,16.66806,331.61624,100440.91,2.7832016e-07,3.5407043
2023-08-08 12:00:00,23.991943,17.398651,309.50577,100473.63,0.0,3.6905334
2023-08-09 12:00:00,23.832123,17.058502,269.66788,100258.46,8.896839e-09,3.195785
2023-08-10 12:00:00,23.744202,17.120483,242.67445,100133.56,3.3117624e-09,3.1287189
2023-08-11 12:00:00,22.872314,18.609528,285.8496,100353.31,1.0485617e-06,4.5300727
2023-08-12 12:00:00,23.091217,16.716003,298.99637,100847.445,3.856007e-06,3.4218917
2023-08-13 12:00:00,24.86441,16.00946,331.32074,100954.48,4.6139057e-08,3.7893152
2023-08-14 12:00:00,27.301636,17.228973,323.5252,100607.47,0.0,2.7936306
2023-08-15 12:00:00,26.956482,18.725891,303.2244,100523.4,1.3362203e-10,3.1835961
2023-08-16 12:00:00,26.118011,18.060486,307.04187,100465.484,0.0,2.49222
2023-08-17 12:00:00,25.789337,17.449768,306.13034,100411.375,2.3412757e-07,3.0978506
2023-08-18 12:00:00,23.0141,17.340485,251.89046,100439.086,2.448453e-07,3.6455617
2023-08-19 12:00:00,21.235352,17.165527,208.34563,100625.23,1.0030019e-05,4.680303
2023-08-20 12:00:00,22.04596,16.802277,290.09216,100935.04,5.1317284e-07,4.9922643
2023-08-21 12:00:00,25.969238,15.090851,318.05597,100886.28,0.0,2.7977767
2023-08-22 12:00:00,27.251984,16.615326,318.14188,100780.99,0.0,2.2937827
2023-08-23 12:00:00,27.080261,17.09851,182.91339,100636.164,0.0,2.2234485
2023-08-24 12:00:00,24.189392,16.293152,296.54028,100455.75,1.4058933e-08,2.7616959
2023-08-25 12:00:00,23.23059,15.952393,290.56165,100543.72,0.0,2.7575538
2023-08-26 12:00:00,22.056702,16.995575,287.35248,100708.305,1.8916927e-06,4.2825203
2023-08-27 12:00:00,21.41278,14.957397,287.4379,100651.555,3.4167184e-07,3.730257
2023-08-28 12:00:00,20.986511,16.074524,264.83777,100492.64,2.1995487e-07,4.6095037
2023-08-29 12:00:00,23.136322,16.003784,301.83878,100520.14,2.9646458e-07,3.2863152
2023-08-30 12:00:00,23.444336,16.947693,298.4917,100771.19,0.0,4.8296227
2023-08-31 12:00:00,25.422668,15.828705,298.3937,100853.6,0.0,3.496341
2023-09-01 12:00:00,26.210602,16.370697,296.288,100727.766,0.0,2.4898317
2023-09-02 12:00:00,25.824371,16.758026,290.74802,100500.4,0.0,4.2259903
2023-09-03 12:00:00,24.79367,16.309692,290.33832,100201.57,2.3431554e-09,2.5113103
2023-09-04 12:00:00,23.771759,17.995544,259.9628,100289.58,2.986047e-07,4.597419
2023-09-05 12:00:00,23.739288,16.458649,285.45703,100515.94,0.0,3.3105876
2023-09-06 12:00:00,23.610992,16.503357,271.78775,100595.47,2.526742e-07,2.9496224
2023-09-07 12:00:00,22.895752,16.974884,216.48483,100618.7,0.0,2.778909
2023-09-08 12:00:00,22.187439,16.751617,161.22379,100503.766,0.0,3.034048
2023-09-09 12:00:00,23.608246,14.684937,284.8906,100512.31,0.0,3.0655909
2023-09-10 12:00:00,25.545227,14.729248,282.19687,100635.266,2.4863633e-08,2.3673382
2023-09-11 12:00:00,25.41983,16.748138,220.98796,100693.086,9.372622e-09,2.4662366
2023-09-12 12:00:00,26.575867,17.17804,178.03998,100604.664,0.0,1.6979823
2023-09-13 12:00:00,26.990387,17.75882,257.72293,100488.5,2.9295556e-08,2.0207334
2023-09-14 12:00:00,28.009338,17.785492,262.5298,100515.14,0.0,1.9139601
2023-09-15 12:00:00,24.611542,19.326324,253.71248,100735.64,0.0,2.675092
2023-09-16 12:00:00,24.889221,15.694458,260.2282,100720.92,1.2080251e-07,2.2994998
2023-09-17 12:00:00,24.300232,17.8378,222.95792,100445.76,8.981704e-06,2.5817502
2023-09-18 12:00:00,22.221802,17.205322,177.01566,100288.62,3.7038333e-06,3.3899322
2023-09-19 12:00:00,21.189423,16.81903,243.60875,100305.78,7.440388e-07,3.249845
2023-09-20 12:00:00,21.58786,14.779388,259.3287,100350.39,1.4569629e-08,3.2704377
2023-09-21 12:00:00,23.686401,14.720703,261.74893,100435.24,0.0,3.0794277
2023-09-22 12:00:00,23.605225,13.937317,258.55966,100529.055,0.0,3.401364
2023-09-23 12:00:00,22.638733,14.182312,97.2166,100593.45,3.8533322e-08,3.0390306
2023-09-24 12:00:00,18.660309,16.234741,34.251633,99998.836,0.0001282038,5.473805
2023-09-25 12:00:00,17.410156,14.934418,167.81708,100172.414,0.0003046417,3.508707
2023-09-26 12:00:00,17.259949,14.565063,100.960846,100552.555,1.2241915e-05,4.774453
2023-09-27 12:00:00,18.312988,15.619232,219.98459,100657.56,0.00017362132,4.5079513
2023-09-28 12:00:00,18.821075,14.359955,205.7931,101087.88,4.5979796e-06,1.8034415
2023-09-29 12:00:00,21.256744,13.532684,240.75926,100898.516,0.0,1.8715262
2023-09-30 12:00:00,21.644623,13.581329,225.88649,100766.12,1.9317877e-06,1.0514394
2023-10-01 12:00:00,23.708801,14.145172,235.10742,100769.445,4.7528637e-08,0.966909
2023-10-02 12:00:00,23.247284,14.213379,224.8955,100682.51,2.1745511e-06,1.139527
2023-10-03 12:00:00,22.180298,13.749023,194.07893,100378.516,5.5272462e-06,1.9727068
2023-10-04 12:00:00,18.48703,14.815186,126.23244,100127.58,9.376294e-08,3.792017
2023-10-05 12:00:00,16.62799,12.432343,231.40909,100679.61,0.0,6.005296
2023-10-06 12:00:00,16.416534,11.278198,79.52866,100616.41,0.00015391526,2.463505
2023-10-07 12:00:00,14.2724,10.882172,141.59993,100457.305,0.000119907476,4.540638
2023-10-08 12:00:00,15.628296,10.208099,205.90024,100895.87,2.2655495e-06,1.8484277
2023-10-09 12:00:00,17.863708,11.166534,223.50894,100972.94,0.0,3.3571796
2023-10-10 12:00:00,17.805237,10.824097,212.85602,101435.555,9.179964e-08,1.8229188
2023-10-11 12:00:00,19.165802,11.844421,205.78455,101390.42,3.259043e-07,1.5871783
2023-10-12 12:00:00,21.473145,12.41095,213.43346,101287.48,0.0,0.30247733
2023-10-13 12:00:00,21.651398,14.102783,212.94405,101127.33,0.0,1.0194068
2023-10-14 12:00:00,20.72168,11.302673,201.21754,101018.14,2.4415506e-06,1.7940781
2023-10-15 12:00:00,18.41565,12.585632,174.10637,100815.56,7.0021038e-06,2.272566
2023-10-16 12:00:00,18.620514,11.047638,204.41911,100780.01,1.000037e-07,1.9109929
2023-10-17 12:00:00,17.749817,10.836792,160.79178,101084.98,1.24912e-06,2.0239868
2023-10-18 12:00:00,18.25415,9.923065,170.75346,101144.84,8.472688e-09,2.05868
2023-10-19 12:00:00,21.24347,11.325592,193.21716,100857.42,7.756486e-08,1.2818638
2023-10-20 12:00:00,20.865265,12.126007,180.03508,100603.45,6.183081e-07,1.9820095
2023-10-21 12:00:00,19.015167,14.067108,62.379143,100612.7,3.1516847e-06,2.801034
2023-10-22 12:00:00,18.24353,13.472351,150.36128,101284.92,1.3337522e-05,2.274658
2023-10-23 12:00:00,21.628601,11.7500305,183.84114,101508.875,8.6287855e-07,1.2262229
2023-10-24 12:00:00,23.491089,13.665985,185.72604,101405.58,0.0,1.5094324
2023-10-25 12:00:00,24.093628,16.843445,147.44649,101307.34,0.0,1.9832059
2023-10-26 12:00:00,23.929352,16.821442,124.25444,101112.17,0.0,1.9786779
2023-10-27 12:00:00,24.424988,13.830841,183.56207,101009.55,0.0,0.9993574
2023-10-28 12:00:00,23.042816,12.521118,176.66667,101026.92,2.6363265e-08,1.9843385
2023-10-29 12:00:00,19.35608,13.276154,129.37155,101129.516,4.3033547e-06,2.8593512
2023-10-30 12:00:00,20.423706,14.059357,176.64833,101139.83,1.2012905e-06,3.2648776
2023-10-31 12:00:00,20.502777,10.868835,176.18605,100800.47,0.0,1.2083689
2023-11-01 12:00:00,20.555298,10.741852,133.20667,100669.27,0.0,1.1257942
2023-11-02 12:00:00,19.891327,10.011017,169.50932,100739.984,0.0,3.355502
2023-11-03 12:00:00,19.656036,10.346252,167.29478,100987.836,0.0,4.0230236
2023-11-04 12:00:00,19.316742,14.160309,166.15318,101303.44,7.505096e-07,4.475456
2023-11-05 12:00:00,18.75766,10.47821,159.9798,101320.77,5.9353244e-08,2.3278558
2023-11-06 12:00:00,18.142365,10.920471,142.47437,100940.52,1.283051e-07,3.1224618
2023-11-07 12:00:00,17.000153,10.398926,161.56343,101045.19,0.0,5.006222
2023-11-08 12:00:00,16.376312,10.390198,57.015976,101459.79,1.1028712e-05,4.026705
2023-11-09 12:00:00,15.396973,12.274536,107.06156,101199.06,8.8010886e-05,3.4134386
2023-11-10 12:00:00,15.320709,13.486237,41.84505,100942.62,6.606836e-05,3.5380747
2023-11-11 12:00:00,15.243805,13.475159,67.98561,100794.81,1.7630766e-05,2.0830085
2023-11-12 12:00:00,15.07135,12.6006775,55.04427,100473.98,0.00013726568,4.1212883
2023-11-13 12:00:00,12.940491,9.14444,143.7455,101034.5,8.209556e-06,4.7295547
2023-11-14 12:00:00,14.041046,8.689453,106.58863,101568.09,0.0,1.6381329
2023-11-15 12:00:00,13.919281,11.065491,56.142635,101119.38,3.6879504e-05,4.9305487
2023-11-16 12:00:00,14.019379,11.1466675,138.08589,100876.484,7.345923e-05,5.247579
2023-11-17 12:00:00,12.537323,6.561035,109.40229,101322.95,1.9241401e-08,1.669278
2023-11-18 12:00:00,13.033569,8.862732,88.3656,101259.19,0.0,1.3504932
2023-11-19 12:00:00,12.758392,7.9298706,38.153385,100767.24,0.00014815415,3.4065166
2023-11-20 12:00:00,13.558228,9.487213,114.581955,100128.15,3.2411586e-05,1.3083616
2023-11-21 12:00:00,12.829102,10.732086,26.630943,100496.08,0.00025218978,3.4625196
2023-11-22 12:00:00,11.503693,7.4329224,126.20142,101310.83,3.306247e-06,1.9949356
2023-11-23 12:00:00,11.2535095,7.8762207,38.419643,100911.77,6.420707e-05,4.0673103
2023-11-24 12:00:00,12.161743,8.610474,56.492985,100350.08,0.000109476954,2.401764
2023-11-25 12:00:00,12.558655,11.453522,36.569954,100962.336,7.131133e-05,2.8588903
2023-11-26 12:00:00,14.200043,11.947784,90.059975,101026.99,0.00019610947,4.197835
2023-11-27 12:00:00,13.57962,11.481689,29.245636,101217.91,7.506227e-05,3.5061216
2023-11-28 12:00:00,14.421173,10.289185,133.98938,101419.625,0.0002068962,2.2985284
2023-11-29 12:00:00,13.315918,7.4265747,120.23253,101639.625,0.0,1.5971168
2023-11-30 12:00:00,13.625763,7.698578,127.1555,101523.75,0.0,2.4187036
2023-12-01 12:00:00,14.899902,8.64801,98.91324,101330.86,0.0,1.3341532
2023-12-02 12:00:00,14.670776,6.7570496,126.55236,101024.81,2.0128303e-08,1.85338
2023-12-03 12:00:00,14.982849,9.766785,131.69243,101315.375,0.0,4.5899796
2023-12-04 12:00:00,13.9270935,6.5967712,129.02505,101601.27,0.0,3.7266338
2023-12-05 12:00:00,11.716492,4.918976,128.59082,101726.08,0.0,2.1243422
2023-12-06 12:00:00,12.618378,5.152649,124.29477,101440.31,7.743241e-08,0.449817
2023-12-07 12:00:00,12.018768,5.4643555,106.2915,101037.92,2.127043e-06,0.9652781
2023-12-08 12:00:00,10.267548,5.1727905,75.802475,101534.13,1.0908641e-06,2.718908
2023-12-09 12:00:00,14.556976,7.687561,93.09752,101652.414,0.0,2.4128597
2023-12-10 12:00:00,14.526001,8.660797,115.363495,101100.29,0.0,0.76315975
2023-12-11 12:00:00,14.424835,10.199402,22.133512,100623.89,0.00025647914,4.0369883
2023-12-12 12:00:00,14.388855,12.623505,19.848433,100628.84,0.00042679926,5.26312
2023-12-13 12:00:00,15.128845,14.085266,27.233505,100902.33,0.00070215506,5.619363
2023-12-14 12:00:00,14.66922,13.6008,51.887817,101572.08,4.579932e-05,2.026432
2023-12-15 12:00:00,14.217499,12.108368,46.423687,101511.43,9.500033e-06,1.0559348
2023-12-16 12:00:00,13.859985,10.839386,80.70519,101225.13,1.6028857e-06,2.6201582
2023-12-17 12:00:00,14.173553,10.985443,54.277405,101299.54,9.602772e-06,1.7897655
2023-12-18 12:00:00,14.7659,12.4470215,76.29853,101490.86,8.505087e-06,1.3955346
2023-12-19 12:00:00,14.443909,9.994629,67.881485,101450.0,2.6831576e-06,2.4025478
2023-12-20 12:00:00,14.383911,9.990662,94.76189,101234.18,1.1312209e-06,0.72968686
2023-12-21 12:00:00,14.160675,12.2561035,35.31079,101313.69,0.0001038096,2.3598223
2023-12-22 12:00:00,13.859772,8.12088,80.79126,101481.68,0.0,2.3729522
2023-12-23 12:00:00,12.422119,7.727234,67.39317,101419.11,0.0,0.9994029
2023-12-24 12:00:00,13.946014,10.394928,27.204016,100946.45,8.708965e-05,3.3315463
2023-12-25 12:00:00,13.969421,8.233856,97.26632,100818.75,0.000101146215,7.147293
2023-12-26 12:00:00,9.961304,5.3548584,121.55101,101639.18,1.6632695e-08,2.446765
2023-12-27 12:00:00,10.7925415,4.3808594,65.5763,101332.52,2.1634692e-06,3.0441053
2023-12-28 12:00:00,10.941742,8.3797,28.549572,100382.234,0.00034416624,3.9517581
2023-12-29 12:00:00,10.54483,6.3598022,75.2605,100281.92,3.1077692e-05,1.3727983
2023-12-30 12:00:00,10.440735,6.695221,85.36801,100765.54,1.0719972e-05,2.1196516
2023-12-31 12:00:00,8.242615,5.039856,110.77323,101366.48,9.0543705e-07,4.05881
2024-01-01 12:00:00,11.647156,4.6710205,126.06844,101536.53,3.3124333e-08,1.276545
2024-01-02 12:00:00,11.461975,3.2037659,65.445816,101495.0,3.853384e-06,1.3373026
2024-01-03 12:00:00,7.850891,4.3376465,86.62106,101446.164,2.9795904e-06,1.2167932
2024-01-04 12:00:00,7.689087,2.076294,97.34155,101642.65,2.9298649e-06,3.136326
2024-01-05 12:00:00,7.3892517,2.2104187,82.775276,101750.086,1.1200235e-06,3.2922828
2024-01-06 12:00:00,7.714386,2.142395,81.535034,101667.664,1.371039e-06,2.8216755
2024-01-07 12:00:00,11.193756,3.402588,120.99068,101557.836,1.1592997e-06,2.465964
2024-01-08 12:00:00,10.817139,3.25943,93.56234,101052.586,1.2463234e-06,3.1554801
2024-01-09 12:00:00,13.780518,8.85199,24.87818,100165.02,0.00017309765,3.5116448
2024-01-10 12:00:00,11.604034,8.397949,68.00235,101163.93,2.3344335e-06,1.8410846
2024-01-11 12:00:00,11.754059,7.752136,109.72703,101571.73,1.2176339e-05,2.479834
2024-01-12 12:00:00,11.616608,7.4947815,52.765545,101152.266,3.4017354e-08,2.500832
2024-01-13 12:00:00,14.369873,8.128265,115.29022,100906.4,0.0,2.513879
2024-01-14 12:00:00,14.532471,7.231018,133.42485,100899.65,2.6545234e-08,0.5614156
2024-01-15 12:00:00,14.336945,7.109253,135.37906,100948.13,0.0,1.6602921
2024-01-16 12:00:00,14.859985,8.813416,122.02868,100844.555,8.729659e-09,1.5862298
2024-01-17 12:00:00,14.048889,9.0364685,145.46619,100829.63,0.0,11.734384
2024-01-18 12:00:00,15.114502,9.421539,144.41139,100765.52,0.0,7.0440373
2024-01-19 12:00:00,14.69928,3.6320496,144.44348,100907.67,3.6800724e-08,2.7447212
2024-01-20 12:00:00,12.90506,5.021393,138.09627,101171.914,1.942932e-06,0.4981695
2024-01-21 12:00:00,14.015381,4.6977234,143.33519,101019.945,1.6767918e-06,1.412058
2024-01-22 12:00:00,14.128174,4.3014526,146.65366,101315.89,0.0,1.814925
2024-01-23 12:00:00,14.790009,6.1858215,145.61078,101533.08,3.0672073e-11,0.4707882
2024-01-24 12:00:00,14.939423,6.159485,147.9513,101406.46,1.503214e-07,1.2320027
2024-01-25 12:00:00,14.83963,6.2719116,151.18336,101292.586,1.8784009e-07,0.8301626
2024-01-26 12:00:00,14.526642,6.031372,115.051735,101226.59,4.1060657e-06,1.3486497
2024-01-27 12:00:00,13.256195,6.381592,128.96709,101230.95,2.8627505e-06,0.53859216
2024-01-28 12:00:00,14.856323,6.390808,155.55962,101758.44,3.5280783e-09,2.425097
2024-01-29 12:00:00,15.627045,7.512848,149.93976,101387.484,0.0,1.9727352
2024-01-30 12:00:00,15.317261,5.9514465,133.40439,100869.83,0.0,1.6834474
2024-01-31 12:00:00,14.313385,8.635559,52.817974,100734.37,4.8510003e-05,2.669882
2024-02-01 12:00:00,12.598175,10.922943,75.011345,100699.78,0.00019385842,5.078713
2024-02-02 12:00:00,13.232452,9.441589,85.550064,100869.195,1.5320875e-06,2.096892
2024-02-03 12:00:00,13.556213,11.396698,57.101177,100588.95,0.000116800475,5.4956427
2024-02-04 12:00:00,12.12384,9.126923,45.4759,100707.23,6.248667e-05,1.80079
2024-02-05 12:00:00,12.96225,10.303375,51.136433,99274.945,0.00048110654,7.363495
2024-02-06 12:00:00,12.598907,8.935242,103.23439,99955.13,0.00021420831,2.0180585
2024-02-07 12:00:00,12.636444,10.584259,37.717224,101455.18,0.00010561568,3.8073618
2024-02-08 12:00:00,13.580353,9.598755,136.60497,101939.695,8.558624e-06,1.346401
2024-02-09 12:00:00,13.68222,9.648712,87.12319,101589.695,6.3928474e-07,0.9198808
2024-02-10 12:00:00,12.997559,10.5399475,54.56363,101444.266,9.816369e-05,1.4082121
2024-02-11 12:00:00,13.424408,10.965057,114.584045,101580.87,1.487712e-05,0.79029673
2024-02-12 12:00:00,15.557953,8.311523,174.08197,101487.38,1.2926867e-08,1.500118
2024-02-13 12:00:00,15.467987,9.784668,100.29868,101389.85,0.0,1.0520828
2024-02-14 12:00:00,14.396027,7.629822,108.2951,101242.195,3.3535357e-06,2.0901246
2024-02-15 12:00:00,13.488495,10.36554,80.69258,101263.99,5.6635554e-06,2.3075533
2024-02-16 12:00:00,14.0859375,11.938965,64.72093,101393.836,3.246213e-06,1.4260552
2024-02-17 12:00:00,13.946838,11.900543,74.14996,101163.63,3.208683e-06,2.1775935
2024-02-18 12:00:00,13.807037,11.679169,104.38634,101053.2,3.57021e-05,1.7802756
2024-02-19 12:00:00,13.72583,8.802948,115.82878,100683.34,2.2334412e-07,1.9229039
2024-02-20 12:00:00,12.777649,10.788818,108.37113,100444.25,0.00017436463,4.1265774
2024-02-21 12:00:00,15.747467,8.810059,201.12022,100925.18,0.0,4.798608
2024-02-22 12:00:00,15.679413,7.537506,179.43623,101045.02,1.0049739e-08,1.8285904
2024-02-23 12:00:00,14.419342,7.277771,166.17664,101211.734,1.6352438e-06,1.7419611
2024-02-24 12:00:00,13.410706,10.387604,107.314156,101115.34,9.681362e-06,1.5585238
2024-02-25 12:00:00,13.499023,7.671356,176.52101,100788.99,2.397342e-07,2.3484056
2024-02-26 12:00:00,12.666138,9.009979,105.26042,100921.875,3.470702e-06,2.5045657
2024-02-27 12:00:00,13.587799,8.978058,128.72359,101092.8,1.7027503e-05,0.2675193
2024-02-28 12:00:00,13.35907,9.895569,132.06381,101047.414,5.274683e-06,1.8978901
2024-02-29 12:00:00,,,,,,
2024-03-01 12:00:00,12.809113,9.208923,53.852585,100707.91,0.00012144828,3.426968
2024-03-02 12:00:00,12.485657,10.593658,128.82245,100424.22,0.0001727899,4.6856203
2024-03-03 12:00:00,14.361023,9.353516,214.20367,100937.73,1.6595419e-06,4.7058496
2024-03-04 12:00:00,16.743347,8.4313965,225.59381,100915.766,0.0,3.0114002
2024-03-05 12:00:00,17.127625,9.613373,231.98721,100989.88,0.0,3.242703
2024-03-06 12:00:00,17.115875,8.57663,229.39178,101294.04,0.0,0.8007275
2024-03-07 12:00:00,16.446442,7.746826,227.04704,101332.266,7.922351e-07,1.8203562
2024-03-08 12:00:00,14.429993,7.971863,180.20724,101255.12,6.4222872e-06,2.0389874
2024-03-09 12:00:00,16.859528,7.9824524,223.42865,100989.56,4.5169513e-09,1.9199086
2024-03-10 12:00:00,17.605133,9.413544,237.4018,100837.836,0.0,3.011962
2024-03-11 12:00:00,18.409058,9.442291,246.7855,100626.91,0.0,2.254862
2024-03-12 12:00:00,18.252228,10.965515,199.96236,101003.086,0.0,2.2599561
2024-03-13 12:00:00,18.190521,10.073212,235.8408,100872.75,1.1422616e-06,3.4880013
2024-03-14 12:00:00,14.788025,8.84967,225.01036,100703.375,1.2763622e-05,2.6126976
2024-03-15 12:00:00,16.047241,8.466003,243.55962,100751.55,2.6920745e-07,1.8076115
2024-03-16 12:00:00,16.947327,10.037476,238.87619,101017.3,3.685007e-06,1.4456258
2024-03-17 12:00:00,20.890686,10.811829,210.85509,101091.0,0.0,1.589673
2024-03-18 12:00:00,22.351257,14.336517,218.43814,100824.625,0.0,2.505306
2024-03-19 12:00:00,22.99289,12.860687,259.41296,100440.58,0.0,1.1892642
2024-03-20 12:00:00,22.468323,10.371124,244.9673,100724.055,2.1362054e-09,2.4315083
2024-03-21 12:00:00,16.98944,8.429291,260.48425,101072.16,0.0,3.1914558
2024-03-22 12:00:00,16.403473,9.34256,269.5344,101211.58,0.0,4.318573
2024-03-23 12:00:00,18.914886,9.747253,257.4104,101111.49,0.0,2.9994917
2024-03-24 12:00:00,19.839111,11.69281,245.80876,101130.59,0.0,3.756619
2024-03-25 12:00:00,18.871826,11.606262,214.641,100693.67,3.5278387e-07,2.7442183
2024-03-26 12:00:00,15.266144,11.501892,151.42497,100433.05,7.890286e-05,4.6798277
2024-03-27 12:00:00,15.356232,7.587982,282.98602,101168.06,0.0,4.6118374
2024-03-28 12:00:00,14.949493,9.046997,156.26906,101114.58,3.0565027e-06,3.3113928
2024-03-29 12:00:00,14.897339,10.843536,223.85832,100761.46,0.00016248361,2.7091866
2024-03-30 12:00:00,18.044464,10.39032,282.7273,100750.46,1.2921085e-09,4.521042
2024-03-31 12:00:00,17.701294,9.178864,278.46313,101160.78,0.0,2.2371008
2024-04-01 12:00:00,17.601196,10.225769,190.83687,101313.94,0.0,1.9873242
2024-04-02 12:00:00,17.212402,11.09198,194.30728,100993.36,1.5430363e-07,2.9849205
2024-04-03 12:00:00,17.69635,10.508453,266.50467,100584.51,1.0772566e-06,2.499903
2024-04-04 12:00:00,17.224548,9.068512,290.19336,100728.21,2.0766261e-10,2.5412102
2024-04-05 12:00:00,18.480621,9.3280945,288.10352,101027.15,0.0,2.726582
2024-04-06 12:00:00,19.102997,11.607605,271.46396,101117.68,0.0,4.3605666
2024-04-07 12:00:00,20.131226,10.669495,293.28107,100966.77,0.0,3.6106656
2024-04-08 12:00:00,19.966125,11.344299,291.42276,100948.74,0.0,2.1303349
2024-04-09 12:00:00,20.67395,13.609558,296.12415,101119.34,0.0,4.1417985
2024-04-10 12:00:00,21.273865,13.004974,315.97635,101156.47,0.0,4.5377293
2024-04-11 12:00:00,21.21103,11.154633,308.57144,101100.25,0.0,5.039373
2024-04-12 12:00:00,19.60669,10.353973,313.69766,100965.766,0.0,4.4887385
2024-04-13 12:00:00,19.52707,11.501831,309.59042,100689.39,0.0,4.7881737
2024-04-14 12:00:00,22.724518,13.29071,319.28534,100855.52,0.0,4.601206
2024-04-15 12:00:00,22.585846,11.081451,315.82462,101077.91,0.0,2.1004176
2024-04-16 12:00:00,20.704712,9.0659485,255.52582,101039.42,5.610278e-07,1.6006268
2024-04-17 12:00:00,17.758453,11.729187,277.7586,100756.04,7.4107793e-06,4.699519
2024-04-18 12:00:00,13.269379,9.644348,214.76791,100539.766,9.527315e-05,4.366794
2024-04-19 12:00:00,17.647552,9.83078,319.09317,100720.93,0.0,4.4674897
2024-04-20 12:00:00,20.049316,12.617279,327.9493,100569.03,0.0,5.0759997
2024-04-21 12:00:00,19.74707,10.651886,323.1747,100403.26,0.0,2.561609
2024-04-22 12:00:00,17.822815,11.036743,286.42538,100644.61,2.8968313e-06,2.389937
2024-04-23 12:00:00,17.82483,10.36554,302.98584,100470.984,1.252264e-06,2.488502
2024-04-24 12:00:00,18.267426,10.524536,297.10245,100369.625,3.7076536e-08,3.8622425
2024-04-25 12:00:00,19.764832,10.560577,329.6288,100741.52,0.0,3.6861413
2024-04-26 12:00:00,19.21222,10.921936,331.25037,101355.99,0.0,3.8103998
2024-04-27 12:00:00,18.510803,11.604401,311.143,101151.055,0.0,4.245354
2024-04-28 12:00:00,16.918213,12.989807,226.9663,100877.414,6.8731347e-06,4.889721
2024-04-29 12:00:00,18.481873,9.373962,339.71448,101259.44,0.0,4.476067
2024-04-30 12:00:00,21.35971,13.221497,347.79187,101270.09,0.0,5.8992887
2024-05-01 12:00:00,23.870728,14.069031,346.75806,100831.305,0.0,3.2017558
2024-05-02 12:00:00,22.956604,11.948883,306.9264,100504.305,7.70285e-07,2.6136796
2024-05-03 12:00:00,19.433899,11.053589,342.2923,100408.54,0.0,2.8911297
2024-05-04 12:00:00,18.618011,10.558319,348.2783,100562.54,0.0,4.287242
2024-05-05 12:00:00,19.756104,11.78653,345.92923,100751.98,0.0,5.2226095
2024-05-06 12:00:00,19.199463,11.021973,352.87646,100632.84,0.0,3.579833
2024-05-07 12:00:00,20.360107,9.811615,353.89487,100300.78,2.2662517e-08,2.3556378
2024-05-08 12:00:00,19.929413,10.685638,323.5739,100051.34,7.1449125e-07,2.8444426
2024-05-09 12:00:00,17.54123,12.494019,294.09375,100106.43,1.8234753e-06,4.077388
2024-05-10 12:00:00,18.635468,12.085144,349.63962,100343.82,1.9127114e-08,4.547877
2024-05-11 12:00:00,18.231537,12.317047,354.76816,100379.88,0.0,4.885326
2024-05-12 12:00:00,18.470398,10.407379,344.3893,100480.87,0.0,3.7789738
2024-05-13 12:00:00,20.458466,12.223785,327.5886,100487.16,0.0,2.7775872
2024-05-14 12:00:00,19.840912,12.052704,340.27344,100461.87,1.8838507e-07,3.4779327
2024-05-15 12:00:00,20.648468,13.523071,353.77417,100765.445,0.0,4.791404
2024-05-16 12:00:00,20.817352,13.320618,361.07446,100941.52,0.0,4.7132382
2024-05-17 12:00:00,22.35257,11.412018,361.27457,100797.64,0.0,3.3841093
2024-05-18 12:00:00,21.95697,11.089233,364.49783,100374.29,0.0,2.4722245
2024-05-19 12:00:00,20.242676,13.00238,352.67847,100082.96,5.5763653e-08,4.3385997
2024-05-20 12:00:00,16.512085,13.122833,237.2502,100608.52,5.7498423e-06,4.8115106
2024-05-21 12:00:00,18.051514,11.121735,324.43637,101185.15,3.397222e-07,3.909088
2024-05-22 12:00:00,21.08316,11.017883,361.24323,100948.734,0.0,3.2020547
2024-05-23 12:00:00,21.13974,11.63089,348.04242,100672.195,1.1715777e-09,2.5410223
2024-05-24 12:00:00,19.993591,12.832733,274.87888,100636.55,1.721278e-07,3.4139724
2024-05-25 12:00:00,17.91455,14.009277,269.2207,100542.61,1.3134372e-06,4.468087
2024-05-26 12:00:00,17.481262,13.775818,276.0719,100529.2,7.196067e-06,4.2291327
2024-05-27 12:00:00,16.991943,12.693787,290.6308,100570.125,4.3281652e-06,3.508225
2024-05-28 12:00:00,17.353363,12.50769,332.85547,100714.766,1.4818559e-06,3.4773712
2024-05-29 12:00:00,18.342957,13.72876,320.747,100789.945,2.8670486e-06,3.1120052
2024-05-30 12:00:00,18.036469,14.121399,279.92603,100946.42,2.7346946e-06,3.7510252
2024-05-31 12:00:00,18.377838,13.922424,282.52206,100919.555,4.0582227e-06,3.9549885
2024-06-01 12:00:00,17.90384,14.371765,224.94685,100635.26,1.7938386e-06,4.642692
2024-06-02 12:00:00,18.405579,13.786499,272.9202,100764.43,3.5254263e-06,4.1539598
2024-06-03 12:00:00,18.961548,12.380432,348.18625,100962.39,1.035247e-06,2.8966625
2024-06-04 12:00:00,20.347687,12.045319,373.13156,100882.09,0.0,3.6690905
2024-06-05 12:00:00,20.042542,12.467621,366.59897,100671.125,6.354508e-08,4.5454264
2024-06-06 12:00:00,19.717987,14.257904,355.74637,101101.08,3.5724472e-06,3.4943771
2024-06-07 12:00:00,21.007172,12.962097,375.33832,101015.05,0.0,4.6385765
2024-06-08 12:00:00,20.267853,14.703857,368.91064,100897.484,0.0,6.454617
2024-06-09 12:00:00,22.217255,15.192596,370.65707,100703.836,0.0,6.1853166
2024-06-10 12:00:00,22.589325,14.000488,372.04123,100355.75,0.0,3.682022
2024-06-11 12:00:00,22.31308,14.039764,372.9573,100303.95,0.0,3.8834932
2024-06-12 12:00:00,22.179138,13.7344055,368.22644,100491.66,0.0,2.8994024
2024-06-13 12:00:00,21.709595,14.074036,371.51828,100485.43,8.684317e-09,3.5845408
2024-06-14 12:00:00,22.941162,14.913452,375.56378,100445.375,0.0,5.30798
2024-06-15 12:00:00,22.62741,15.976501,371.78473,100392.47,0.0,5.5001445
2024-06-16 12:00:00,20.31305,14.548065,358.2915,100707.57,5.1674487e-08,4.370803
2024-06-17 12:00:00,19.765808,15.319855,319.20578,100958.21,2.0424716e-06,4.799454
2024-06-18 12:00:00,22.187805,14.964294,364.51944,100587.28,0.0,2.9009879
2024-06-19 12:00:00,22.611267,14.974548,368.72986,100311.08,3.202851e-09,2.7390993
2024-06-20 12:00:00,21.982208,16.021698,342.17096,100416.6,2.8894501e-06,3.942774
2024-06-21 12:00:00,20.38501,14.762512,333.70108,100408.62,1.0325008e-06,4.238177
2024-06-22 12:00:00,19.972107,15.632294,334.99173,100422.76,4.637414e-06,3.8970013
2024-06-23 12:00:00,19.40625,14.760468,304.42822,100801.51,5.3089198e-06,4.0334783
2024-06-24 12:00:00,22.533234,13.387939,379.08182,101112.61,0.0,3.8282676
2024-06-25 12:00:00,21.938385,14.591156,374.44565,101009.72,0.0,5.342737
2024-06-26 12:00:00,23.308105,14.952423,376.2795,100997.61,4.5175852e-07,4.648742
2024-06-27 12:00:00,22.991272,16.080048,375.6988,100508.445,0.0,5.526824
2024-06-28 12:00:00,24.034058,16.555481,370.7695,100075.03,0.0,6.0326104
2024-06-29 12:00:00,22.91504,14.814178,369.9863,100147.38,0.0,3.2374582
2024-06-30 12:00:00,21.69809,14.894684,369.49454,100420.18,6.71156e-08,3.5121226
2024-07-01 12:00:00,22.672668,14.899902,370.7257,100468.9,2.0458678e-08,3.1148744
2024-07-02 12:00:00,22.774933,14.770294,374.91882,100689.586,0.0,3.7584388
2024-07-03 12:00:00,26.61145,14.063812,374.77704,100900.03,0.0,2.4544356
2024-07-04 12:00:00,26.8779,15.388153,376.81314,100569.14,0.0,2.3560245
2024-07-05 12:00:00,25.834808,15.983276,374.90536,100212.01,0.0,3.4027188
2024-07-06 12:00:00,24.075745,16.94693,373.08322,100153.35,0.0,3.6634312
2024-07-07 12:00:00,23.464844,16.465027,373.3809,100208.484,0.0,3.8130856
2024-07-08 12:00:00,25.587036,17.83374,370.5327,100343.82,0.0,5.2287025
2024-07-09 12:00:00,26.501617,15.309662,369.637,100274.76,0.0,2.626303
2024-07-10 12:00:00,26.256165,16.336884,371.63834,100174.555,0.0,3.2460988
2024-07-11 12:00:00,23.508942,16.749664,361.15927,100321.78,0.0,3.9129786
2024-07-12 12:00:00,23.749298,16.942352,341.7381,100321.09,1.2106218e-06,3.7567236
2024-07-13 12:00:00,23.383545,18.318268,350.3812,100247.7,1.1748068e-06,4.827009
2024-07-14 12:00:00,23.73236,18.196259,363.98102,100316.16,1.6048392e-09,4.898912
2024-07-15 12:00:00,24.643402,16.626434,365.85364,100422.69,0.0,3.7852583
2024-07-16 12:00:00,24.29181,17.908081,356.1566,100572.195,3.4793405e-08,4.016248
2024-07-17 12:00:00,23.894775,18.420319,345.0728,100633.98,2.014692e-07,4.323642
2024-07-18 12:00:00,24.483307,17.395142,358.14932,100627.57,0.0,3.7817776
2024-07-19 12:00:00,24.752563,17.468018,359.82947,100490.6,0.0,4.224817
2024-07-20 12:00:00,24.36499,17.18814,363.5689,100307.91,0.0,4.4067054
2024-07-21 12:00:00,22.810242,17.761322,339.06958,100377.04,2.2032447e-07,4.384921
2024-07-22 12:00:00,21.89328,18.45163,285.45148,100694.19,2.3049456e-06,4.7040577
2024-07-23 12:00:00,24.316559,17.69629,330.7761,100762.305,1.8787155e-07,3.6822486
2024-07-24 12:00:00,24.738586,17.454315,352.68192,100442.18,3.42346e-08,3.4303124
2024-07-25 12:00:00,24.672882,17.20102,354.6407,100359.55,1.1736542e-08,3.5393152
2024-07-26 12:00:00,24.133942,19.101288,330.66025,100433.69,6.52754e-07,4.1573553
2024-07-27 12:00:00,23.69751,17.939941,329.5035,100469.734,6.849563e-07,3.9546614
2024-07-28 12:00:00,23.601349,18.518738,336.92282,100473.06,7.861233e-07,4.1383367
2024-07-29 12:00:00,23.372253,18.22702,314.38312,100642.15,5.4519666e-07,4.6567903
2024-07-30 12:00:00,24.52948,17.241943,349.10233,100763.1,0.0,4.634898
2024-07-31 12:00:00,24.669952,17.440948,350.0623,100860.92,0.0,4.809297
2024-08-01 12:00:00,26.014893,16.30603,352.06326,100963.38,0.0,3.6387558
2024-08-02 12:00:00,26.842346,15.789032,352.3994,100936.14,0.0,2.6338902
2024-08-03 12:00:00,27.125854,16.066986,343.07333,100815.77,0.0,2.4134707
2024-08-04 12:00:00,26.941803,17.75055,322.3708,100654.63,0.0,2.564739
2024-08-05 12:00:00,26.298462,18.700775,309.64273,100543.84,3.0237774e-07,2.794746
2024-08-06 12:00:00,25.3945,20.005524,194.2018,100643.29,8.684317e-09,3.1301782
2024-08-07 12:00:00,24.406433,18.907562,307.32147,100743.336,1.630679e-06,3.2188396
2024-08-08 12:00:00,23.813507,17.973328,298.36066,100586.8,3.0838926e-06,3.5911865
2024-08-09 12:00:00,23.152802,18.57962,286.582,100394.984,5.496996e-06,4.2092505
2024-08-10 12:00:00,22.300537,18.000427,249.99011,100401.234,4.4932144e-06,4.0582347
2024-08-11 12:00:00,23.79184,18.20108,300.10568,100899.58,3.4943052e-06,4.2311263
2024-08-12 12:00:00,25.951477,17.342316,331.8217,101086.305,0.0,3.9608705
2024-08-13 12:00:00,26.72638,15.872162,330.04608,100809.305,1.1715777e-09,2.6494985
2024-08-14 12:00:00,26.45462,16.61618,300.0608,100590.125,0.0,2.9143207
2024-08-15 12:00:00,24.761414,17.760681,314.95392,100685.945,0.0,4.467364
2024-08-16 12:00:00,26.554688,18.485748,328.68326,100867.32,0.0,5.2319756
2024-08-17 12:00:00,28.50821,16.658386,328.04193,100628.26,0.0,3.078615
2024-08-18 12:00:00,28.04837,17.26001,329.0293,100422.89,0.0,4.2688446
2024-08-19 12:00:00,25.78714,17.929382,326.17004,100606.766,0.0,4.144071
2024-08-20 12:00:00,25.501434,16.26352,322.25674,100602.02,0.0,2.7295065
2024-08-21 12:00:00,25.210175,16.1409,321.8962,100469.11,0.0,3.262717
2024-08-22 12:00:00,23.31369,16.545654,283.86737,100532.59,8.7179797e-07,3.8193507
2024-08-23 12:00:00,23.692383,15.103729,306.88107,100591.984,1.7753316e-06,2.597383
2024-08-24 12:00:00,23.392609,16.29779,204.3687,100530.75,6.030778e-08,2.3441646
2024-08-25 12:00:00,24.971954,16.440033,275.5018,100466.62,0.0,2.5332618
2024-08-26 12:00:00,24.500793,19.017914,105.54114,100406.16,4.125186e-05,2.10741
2024-08-27 12:00:00,22.503632,19.542938,147.71457,100375.445,0.0001118013,1.6616935
2024-08-28 12:00:00,22.235199,17.825958,251.2639,100397.53,1.4208363e-06,2.3765838
2024-08-29 12:00:00,23.051666,17.105957,269.51846,100481.44,2.6393388e-06,2.4218504
2024-08-30 12:00:00,22.645721,17.538666,265.6439,100555.81,3.1122506e-06,3.3549886
2024-08-31 12:00:00,23.267548,16.059967,273.44382,100652.99,5.620287e-07,3.4977903
2024-09-01 12:00:00,23.455994,16.382263,299.45914,100557.625,0.0,4.1491985
2024-09-02 12:00:00,25.043945,16.107391,296.12772,100464.76,0.0,3.0018203
2024-09-03 12:00:00,26.49878,16.350647,299.67496,100311.05,0.0,2.120548
2024-09-04 12:00:00,26.17804,15.93161,288.69797,100384.67,3.514733e-08,2.3897812
2024-09-05 12:00:00,24.25885,17.08014,264.34216,100514.836,1.4911421e-06,2.8859868
2024-09-06 12:00:00,22.659912,16.852661,248.66331,100527.81,5.148625e-06,3.9923444
2024-09-07 12:00:00,21.213379,16.247955,231.96152,100465.09,2.2829904e-06,3.3527617
2024-09-08 12:00:00,23.065216,16.003113,282.7589,100419.766,1.2287578e-07,3.427673
2024-09-09 12:00:00,22.64798,15.279053,286.02795,100551.58,0.0,4.2148476
2024-09-10 12:00:00,24.063599,16.071625,284.98465,100732.07,0.0,4.372615
2024-09-11 12:00:00,24.515167,14.796722,280.5078,100527.375,0.0,2.46678
2024-09-12 12:00:00,24.201538,16.587402,275.634,100151.85,2.2248063e-08,3.3629396
2024-09-13 12:00:00,23.082275,17.544281,254.54646,100152.18,0.0,5.805656
2024-09-14 12:00:00,21.608582,16.738403,92.16256,100232.54,2.9416595e-05,4.9096174
2024-09-15 12:00:00,23.079468,14.298126,263.86,100375.58,3.4251875e-06,3.467837
2024-09-16 12:00:00,27.139313,16.4888,277.25827,100770.125,0.0,3.1602254
2024-09-17 12:00:00,27.40622,14.146088,274.78946,100838.266,0.0,1.0187448
2024-09-18 12:00:00,27.02066,14.508209,268.43484,100739.89,7.780433e-08,2.0754683
2024-09-19 12:00:00,25.681824,14.85257,238.55397,100666.125,2.123288e-06,2.0682163
2024-09-20 12:00:00,26.8638,13.504608,245.40207,100548.414,1.3074875e-06,1.9951077
2024-09-21 12:00:00,25.856293,16.306488,224.68246,100472.19,5.9688314e-06,2.97119
2024-09-22 12:00:00,22.763153,14.68515,204.93352,100720.44,5.027748e-06,2.1043928
2024-09-23 12:00:00,23.009369,14.447784,227.16005,100882.95,8.812745e-08,2.100371
2024-09-24 12:00:00,23.615204,13.405212,245.82191,100942.78,4.4401517e-07,2.0399933
2024-09-25 12:00:00,22.887543,14.282166,156.0458,100748.05,0.0,2.4477463
2024-09-26 12:00:00,19.917511,16.112152,196.25908,100629.664,4.7294393e-06,3.3204784
2024-09-27 12:00:00,20.892853,14.484039,222.43195,100630.25,1.9165711e-06,2.8363302
2024-09-28 12:00:00,22.338837,13.783081,237.64056,100487.164,2.9147623e-08,2.8363523
2024-09-29 12:00:00,21.999207,16.631317,176.7778,100119.3,0.0,3.1141067
2024-09-30 12:00:00,22.052124,14.12558,236.63602,100231.46,3.8670517e-08,2.5139437
2024-10-01 12:00:00,21.32611,15.139374,205.7511,100402.21,2.4108374e-06,2.9318423
2024-10-02 12:00:00,21.747742,16.230927,212.52325,100189.445,1.0001525e-06,3.139497
2024-10-03 12:00:00,22.172424,13.652649,176.6789,100265.766,8.8577e-10,2.250558
2024-10-04 12:00:00,21.28949,14.510468,214.4072,100785.71,6.330315e-08,3.3471766
2024-10-05 12:00:00,21.491058,13.196747,202.25447,100970.56,2.294445e-07,2.193891
2024-10-06 12:00:00,22.335999,13.952118,173.48802,100808.92,3.1861266e-08,2.327647
2024-10-07 12:00:00,22.632507,14.106964,133.06827,100695.945,0.0,1.9147688
2024-10-08 12:00:00,22.220825,16.543,95.35702,100704.914,8.0642714e-08,3.2487996
2024-10-09 12:00:00,21.371002,16.447815,145.47699,100727.516,0.0,2.353258
2024-10-10 12:00:00,21.676514,15.38501,210.8092,100451.16,0.0,2.5733483
2024-10-11 12:00:00,21.777374,13.941406,209.80348,100325.62,8.684317e-09,2.3286521
2024-10-12 12:00:00,21.285736,13.794189,207.41092,100538.914,2.846777e-09,2.4203513
2024-10-13 12:00:00,21.99118,14.288544,195.76779,100711.26,0.0,1.8192188
2024-10-14 12:00:00,20.160706,15.093231,154.70073,100798.83,1.8981358e-06,2.1377764
2024-10-15 12:00:00,19.300262,14.372498,142.16809,100771.336,6.556752e-06,3.3375037
2024-10-16 12:00:00,17.72229,13.4574585,149.93748,100732.48,1.2460286e-05,2.4190118
2024-10-17 12:00:00,17.717773,12.360352,135.17572,100681.734,2.2777904e-06,3.160093
2024-10-18 12:00:00,19.53238,11.509979,197.45624,100711.28,2.87779e-08,2.2097032
2024-10-19 12:00:00,19.70578,10.3941345,196.6137,100833.305,5.0957166e-08,2.31587
2024-10-20 12:00:00,19.05371,12.205017,154.7276,100846.555,1.9868078e-06,2.7534044
2024-10-21 12:00:00,18.848602,13.541351,93.522865,100887.17,6.1986807e-06,3.019714
2024-10-22 12:00:00,18.447632,14.581879,180.3383,100850.484,0.00019467766,2.7782397
2024-10-23 12:00:00,19.692383,11.338867,187.96718,101202.375,0.0,3.4519684
2024-10-24 12:00:00,21.397644,12.485596,186.7396,101243.625,0.0,1.7628016
2024-10-25 12:00:00,23.695923,14.346252,184.79092,101273.625,0.0,1.020201
2024-10-26 12:00:00,23.330048,13.9722595,151.4247,101195.76,2.0722018e-07,1.4055033
2024-10-27 12:00:00,20.712341,12.807098,170.45691,101044.24,4.6692853e-06,1.0606043
2024-10-28 12:00:00,20.329376,12.577515,153.59734,100953.69,2.415996e-06,1.7820503
2024-10-29 12:00:00,19.538147,11.989197,173.67569,100999.57,4.026156e-07,2.3320901
2024-10-30 12:00:00,21.06186,12.826508,172.84863,100921.19,1.02921604e-07,1.2258149
2024-10-31 12:00:00,20.727295,12.392731,103.13005,100766.21,8.587875e-09,2.4365578
2024-11-01 12:00:00,17.309174,11.98291,169.3706,100928.3,1.0953238e-05,5.2041645
2024-11-02 12:00:00,18.616943,11.574829,159.3348,100811.14,0.0,4.1537876
2024-11-03 12:00:00,18.752228,10.105225,165.5071,100703.16,0.0,1.8544998
2024-11-04 12:00:00,19.17804,9.006775,170.75304,100977.12,0.0,1.4229262
2024-11-05 12:00:00,19.641418,9.736237,161.15671,100951.09,2.0763706e-07,1.3783482
2024-11-06 12:00:00,19.884033,10.545563,152.30899,101058.72,9.720554e-07,1.4045671
2024-11-07 12:00:00,20.533539,11.224548,155.90375,101021.67,0.0,1.4402293
2024-11-08 12:00:00,20.152374,14.492767,108.37954,100845.414,1.1645656e-06,4.893868
2024-11-09 12:00:00,17.032135,10.220551,162.40807,101652.37,0.0,5.247533
2024-11-10 12:00:00,19.752136,9.775726,160.31273,101793.45,0.0,4.715864
2024-11-11 12:00:00,19.287354,8.896118,158.52289,101764.51,0.0,1.4950726
2024-11-12 12:00:00,17.964325,6.5116577,157.5219,101158.2,2.9303523e-10,3.267741
2024-11-13 12:00:00,15.763641,11.785614,83.12569,100565.81,4.910271e-05,4.3890734
2024-11-14 12:00:00,13.014191,6.8809814,66.90774,100492.77,0.0001601852,4.144486
2024-11-15 12:00:00,11.846405,8.178406,93.23059,101265.85,3.0080924e-05,2.462214
2024-11-16 12:00:00,11.287811,7.3589478,128.99278,101142.97,7.110012e-05,1.6923703
2024-11-17 12:00:00,11.501709,4.870453,87.27616,101377.8,2.5711126e-06,0.6154106
2024-11-18 12:00:00,11.69989,8.814972,102.97814,101154.39,0.00019356783,2.440418
2024-11-19 12:00:00,10.872833,7.058777,102.37296,101504.664,0.0,2.9796524
2024-11-20 12:00:00,11.930054,6.791626,112.03095,101196.6,0.0,3.8777225
2024-11-21 12:00:00,13.302612,8.660187,103.11132,100673.2,1.6263673e-05,3.6966681
2024-11-22 12:00:00,13.6961975,8.762665,90.28099,100615.836,1.4885476e-05,1.5517029
2024-11-23 12:00:00,13.381348,10.603638,49.05564,100651.984,0.00024724318,3.021283
2024-11-24 12:00:00,11.366821,8.229919,112.52364,101009.11,5.8394555e-05,5.583315
2024-11-25 12:00:00,12.081696,5.557312,137.93127,101793.836,4.2777902e-08,2.8540094
2024-11-26 12:00:00,11.631775,4.7600403,108.835175,102120.19,3.480793e-07,1.4124819
2024-11-27 12:00:00,12.002014,4.978607,135.85214,101989.484,0.0,2.6827168
2024-11-28 12:00:00,11.671265,3.9814453,134.30353,101335.305,1.511329e-07,1.837956
2024-11-29 12:00:00,12.91098,5.240509,125.03568,101216.22,1.4274683e-07,1.2499965
2024-11-30 12:00:00,12.622864,6.253662,103.4724,101300.06,9.1107734e-07,1.2235308
2024-12-01 12:00:00,12.082947,5.554718,108.77837,101451.75,8.4852196e-08,1.5228175
2024-12-02 12:00:00,13.066345,7.5915833,63.309067,100922.56,0.000115130104,4.410032
2024-12-03 12:00:00,13.665405,8.914917,128.56578,101137.83,7.1240497e-06,5.7227163
2024-12-04 12:00:00,13.043579,5.9135437,104.337654,101544.445,6.3017453e-09,2.282022
2024-12-05 12:00:00,11.856781,5.98172,106.09416,101359.07,0.0,0.84210026
2024-12-06 12:00:00,11.5381775,8.429565,33.090733,100696.836,8.188363e-05,4.399855
2024-12-07 12:00:00,11.2378845,7.745575,120.53333,100740.14,6.466247e-05,4.8220487
2024-12-08 12:00:00,10.452057,7.9429626,65.66574,100542.25,0.00030255545,5.3944426
2024-12-09 12:00:00,11.050751,7.23703,115.25981,100557.45,2.5108427e-06,4.8297873
2024-12-10 12:00:00,10.167145,4.428406,115.126076,101444.83,8.492525e-09,2.3622744
2024-12-11 12:00:00,10.150818,5.392517,79.88049,101712.445,4.009124e-06,2.4298227
2024-12-12 12:00:00,10.660248,7.223572,119.994026,101192.41,5.250402e-05,4.66512
2024-12-13 12:00:00,11.224518,5.936676,106.51139,101727.03,6.799107e-08,3.862341
2024-12-14 12:00:00,11.2335205,7.9192505,71.31551,102054.14,2.4061623e-05,1.3712783
2024-12-15 12:00:00,11.368988,8.516388,51.16911,101458.445,1.0454365e-05,2.663087
2024-12-16 12:00:00,12.301086,9.163086,63.95266,100449.57,0.00023655943,6.1985397
2024-12-17 12:00:00,10.640533,8.473175,90.520325,101020.73,7.996407e-06,5.6806045
2024-12-18 12:00:00,12.700836,8.255798,13.906317,100999.47,0.0004865789,4.319485
2024-12-19 12:00:00,12.755524,7.9216003,27.039799,101059.97,1.9855048e-05,1.0682961
2024-12-20 12:00:00,13.328857,9.5746765,93.93542,100716.836,0.00032191235,6.2878203
2024-12-21 12:00:00,11.222351,5.49115,123.504524,101825.35,2.549505e-06,2.6982217
2024-12-22 12:00:00,10.504364,3.8782654,107.9502,102281.93,7.325881e-11,3.133428
2024-12-23 12:00:00,9.153229,4.61322,65.087944,102218.8,0.0,2.6654556
2024-12-24 12:00:00,10.867004,6.270508,116.87921,101649.78,2.0549058e-08,1.4847012
2024-12-25 12:00:00,10.865051,5.831482,70.93988,101219.94,1.6640922e-07,1.5411694
2024-12-26 12:00:00,10.776672,5.6466064,116.46456,101203.016,7.5073795e-06,0.84421116
2024-12-27 12:00:00,12.266998,7.419983,60.50682,101488.25,3.4971777e-06,1.2009797
2024-12-28 12:00:00,11.986176,8.7052,27.031034,101330.36,3.7504065e-05,2.0278602
2024-12-29 12:00:00,11.798706,6.430908,120.19525,101174.0,3.82139e-05,6.0392737
2024-12-30 12:00:00,9.976807,4.2097473,126.18582,101515.914,0.0,4.6378145
2024-12-31 12:00:00,9.539246,1.7940063,124.74803,101603.055,0.0,1.3204381
2025-01-01 12:00:00,9.195892,3.4966736,126.44714,101623.305,0.0,2.2235382
2025-01-02 12:00:00,8.586945,1.3377075,105.99861,100956.18,5.0245166e-07,2.7113476
2025-01-03 12:00:00,9.056702,2.420868,80.885956,100193.516,6.77822e-06,3.8281453
2025-01-04 12:00:00,8.90033,6.299225,20.827564,99271.086,0.00020815445,4.9036975
2025-01-05 12:00:00,9.760742,6.779297,27.092228,99380.9,0.00015322326,3.349005
2025-01-06 12:00:00,10.10141,6.8582153,90.55842,99363.07,0.00030710283,3.4444366
2025-01-07 12:00:00,10.02948,4.604126,116.14882,100207.51,7.373725e-07,1.6261672
2025-01-08 12:00:00,9.549042,4.96579,37.294704,100792.25,5.6313736e-05,1.5322388
2025-01-09 12:00:00,9.922699,6.7285767,127.02379,101131.54,7.713657e-05,5.3850245
2025-01-10 12:00:00,10.631866,4.32312,133.08444,101787.09,0.0,3.607943
2025-01-11 12:00:00,10.335205,2.109192,134.68759,101909.19,0.0,1.4415865
2025-01-12 12:00:00,6.989563,1.3294373,123.29686,101995.78,1.2721957e-06,3.2181444
2025-01-13 12:00:00,9.046692,1.6914673,131.24477,101958.266,6.9757016e-07,2.8418913
2025-01-14 12:00:00,10.012085,3.5290833,112.03662,101862.19,8.495162e-06,1.2249887
2025-01-15 12:00:00,10.448761,6.1792297,117.38511,101791.24,2.4505971e-05,2.0818768
2025-01-16 12:00:00,10.25766,3.9708557,77.42133,101552.15,0.0,1.7626588
2025-01-17 12:00:00,11.351685,6.795471,132.80394,101340.84,8.046416e-05,1.6526835
2025-01-18 12:00:00,11.177246,4.0015564,94.62987,101883.68,1.8438791e-06,0.80956197
2025-01-19 12:00:00,10.457062,7.9481506,29.893974,101665.63,7.007789e-05,3.4301386
2025-01-20 12:00:00,11.316467,9.743622,27.376772,100924.52,0.00020110168,5.7587695
2025-01-21 12:00:00,11.694244,6.5054626,77.180176,100505.484,0.0002811755,3.8553846
2025-01-22 12:00:00,10.367126,7.3294373,97.48175,100122.766,0.00012907179,4.860437
2025-01-23 12:00:00,9.607758,4.6253967,128.9823,100408.695,0.00017983605,4.5984187
2025-01-24 12:00:00,10.837769,4.3280334,149.8389,101751.16,5.4196114e-09,4.386506
2025-01-25 12:00:00,10.706818,3.265686,82.61366,101956.56,0.0,0.94659644
2025-01-26 12:00:00,11.570984,4.981262,145.42867,101864.51,3.2926857e-06,0.90851593
2025-01-27 12:00:00,11.529144,4.6055603,149.42325,101811.7,0.0,2.3847873
2025-01-28 12:00:00,11.094574,4.9230347,154.5791,102117.84,0.0,2.9548008
2025-01-29 12:00:00,12.489838,5.456848,154.3432,102150.54,0.0,2.8269844
2025-01-30 12:00:00,12.440521,4.614868,122.605125,101793.01,1.4293057e-06,1.4170413
2025-01-31 12:00:00,11.622009,7.666992,74.803635,101410.4,4.9095347e-06,2.0886257
2025-02-01 12:00:00,11.49353,6.7355347,98.318665,101136.84,3.2833286e-06,0.41300398
2025-02-02 12:00:00,12.212433,4.7577515,151.58176,101175.02,1.0400822e-06,1.8751259
2025-02-03 12:00:00,12.171997,6.0448,168.66843,101306.6,0.0,2.4918048
2025-02-04 12:00:00,12.2153015,5.008789,169.41165,101534.23,0.0,2.8372338
2025-02-05 12:00:00,12.753937,5.5755005,173.58827,101684.49,0.0,2.760782
2025-02-06 12:00:00,12.7283325,5.746216,175.76721,101433.77,0.0,3.0143545
2025-02-07 12:00:00,12.67453,3.8681946,108.48634,100852.914,2.0379491e-06,1.3005713
2025-02-08 12:00:00,11.736481,3.6105042,163.29164,100451.14,8.0658947e-07,1.6014273
2025-02-09 12:00:00,11.695251,4.223816,149.78856,100664.766,4.2347767e-07,1.3119013
2025-02-10 12:00:00,11.260773,8.055603,42.320522,100641.92,0.00017314484,2.502041
2025-02-11 12:00:00,10.763062,5.6740417,110.28524,100873.27,4.55761e-05,5.903915
2025-02-12 12:00:00,9.542572,4.8138123,186.51436,101275.195,0.0,6.5687547
2025-02-13 12:00:00,10.193359,1.6690979,158.44269,101644.86,0.0,0.6133193
2025-02-14 12:00:00,10.352264,3.6546326,177.29092,101780.64,0.0,2.0602999
2025-02-15 12:00:00,10.324768,2.9738464,170.30513,101793.016,0.0,2.2853396
2025-02-16 12:00:00,9.938324,4.558716,41.31647,101221.836,0.00012902029,3.777559
2025-02-17 12:00:00,9.168915,5.932007,171.84346,101143.04,5.4374483e-05,4.9565105
2025-02-18 12:00:00,9.57901,5.168274,87.71808,100982.77,0.00024298344,2.862796
2025-02-19 12:00:00,9.43515,5.103363,82.29891,100923.58,0.0001446117,1.1833376
2025-02-20 12:00:00,11.468018,3.8171997,199.43675,101071.51,4.093663e-07,2.6623564
2025-02-21 12:00:00,11.238068,3.2481995,196.78459,101122.4,6.1494643e-07,1.0530537
2025-02-22 12:00:00,9.919769,3.3293457,170.29599,101256.1,0.0,4.3887587
2025-02-23 12:00:00,11.834473,5.873749,178.96205,101354.13,0.0,2.7139108
2025-02-24 12:00:00,12.381958,4.480896,199.18991,101719.52,3.0409846e-09,1.0503995
2025-02-25 12:00:00,12.342255,6.0052795,140.78793,101548.62,0.0,2.281902
2025-02-26 12:00:00,12.333313,7.121765,124.20773,101160.72,5.999337e-07,0.7198295
2025-02-27 12:00:00,11.939575,6.9161377,122.914505,101059.164,8.007967e-06,1.8962216
2025-02-28 12:00:00,11.656311,8.568573,86.30394,101102.125,8.699507e-06,1.801451
2025-03-01 12:00:00,13.045593,8.425812,88.70672,100454.1,4.1982512e-05,2.0606477
2025-03-02 12:00:00,12.928528,11.484314,54.3134,99304.28,0.0006688502,7.0189886
2025-03-03 12:00:00,12.220551,9.918976,46.582077,99217.53,0.00031350512,5.834586
2025-03-04 12:00:00,13.404449,8.178192,198.35405,100392.38,2.1345191e-05,0.7717867
2025-03-05 12:00:00,13.295593,7.878784,149.23056,101407.43,4.510236e-06,2.3062694
2025-03-06 12:00:00,14.404083,7.6940613,212.41388,101709.75,5.5625343e-08,1.5194154
2025-03-07 12:00:00,15.916992,8.31955,208.77017,101630.92,0.0,1.0545613
2025-03-08 12:00:00,15.507416,8.874512,220.95834,101589.734,0.0,1.5428383
2025-03-09 12:00:00,16.86438,7.77713,211.44951,101581.0,2.30799e-06,1.1757864
2025-03-10 12:00:00,17.104584,9.633301,181.39638,101165.14,3.9502264e-09,0.4143931
2025-03-11 12:00:00,16.25351,9.235168,186.84265,100595.805,1.4027472e-06,1.8961666
2025-03-12 12:00:00,18.891602,8.344086,220.427,100495.51,0.0,0.39560914
2025-03-13 12:00:00,22.222137,10.4348755,239.56654,101051.51,0.0,0.64127856
2025-03-14 12:00:00,22.441193,11.2378845,248.02844,100900.73,0.0,2.1388855
2025-03-15 12:00:00,22.079987,10.705688,231.62886,100347.64,8.8284077e-07,1.9736669
2025-03-16 12:00:00,16.523895,9.419495,223.11143,100036.695,3.6845927e-06,1.8453686
2025-03-17 12:00:00,15.363739,8.826263,249.86884,100495.516,5.577856e-08,2.533671
2025-03-18 12:00:00,18.611328,8.526947,261.9344,100738.07,0.0,1.3709303
2025-03-19 12:00:00,18.566315,8.585114,249.19234,100829.84,3.2091416e-06,1.5556202
2025-03-20 12:00:00,16.604248,8.146149,229.33574,101024.91,2.1172632e-06,2.0123358
2025-03-21 12:00:00,13.971924,9.07132,185.19409,100952.95,1.9939878e-06,3.066836
2025-03-22 12:00:00,13.019867,8.757172,214.09529,100606.09,4.361017e-06,3.8984737
2025-03-23 12:00:00,14.802673,5.5348816,271.64008,100649.62,6.2284866e-09,1.603561
2025-03-24 12:00:00,14.692535,7.810486,201.45857,100847.45,9.810301e-07,2.729518
2025-03-25 12:00:00,13.868164,6.6057434,257.9188,101034.91,2.451656e-07,1.7924947
2025-03-26 12:00:00,15.7274475,9.319092,190.62616,100975.16,0.0,1.9300171
2025-03-27 12:00:00,15.160004,7.8582153,273.0793,100625.9,0.0,3.3582983
2025-03-28 12:00:00,14.059204,7.685974,283.3046,100040.9,4.537026e-08,3.1411817
2025-03-29 12:00:00,13.848572,8.494934,263.09174,100128.36,3.017067e-08,5.735908
2025-03-30 12:00:00,13.267822,7.011139,219.42963,101366.914,1.4938183e-07,4.3911347
2025-03-31 12:00:00,13.132172,7.4131165,217.65468,101736.65,3.7593153e-08,2.0720315
2025-04-01 12:00:00,13.529114,9.830109,122.191025,101171.2,1.1771646e-05,1.2605095
2025-04-02 12:00:00,13.605072,10.0017395,113.4539,100620.984,9.1744216e-05,1.4218149
2025-04-03 12:00:00,14.383911,9.261627,226.53664,100821.72,7.5027647e-06,1.5749233
2025-04-04 12:00:00,13.87027,10.318207,167.82135,101186.234,1.355018e-05,2.3562453
2025-04-05 12:00:00,13.276459,9.212677,107.83524,101089.53,1.866366e-05,1.4067581
2025-04-06 12:00:00,12.725983,9.562164,101.48916,100536.57,0.00017360144,2.9858289
2025-04-07 12:00:00,12.251434,8.988007,189.2118,100650.15,1.1382835e-05,3.6199157
2025-04-08 12:00:00,13.035278,8.267517,246.24597,100886.81,2.464947e-07,5.1716037
2025-04-09 12:00:00,14.499786,7.9747314,301.54617,101106.19,0.0,3.4814284
2025-04-10 12:00:00,17.05066,7.9414062,302.6439,101299.9,2.3431554e-09,1.8555572
2025-04-11 12:00:00,18.8656,8.852509,305.8079,101302.4,0.0,1.7004803
2025-04-12 12:00:00,19.671112,8.548706,300.4213,101118.66,1.3927167e-06,1.5941281
2025-04-13 12:00:00,19.513763,8.815674,307.55264,100824.18,9.25934e-07,1.7503068
2025-04-14 12:00:00,18.268127,10.284851,265.96036,100642.17,5.168144e-06,2.9740372
2025-04-15 12:00:00,15.40509,10.748077,239.48477,100647.18,2.6671756e-07,3.5907958
2025-04-16 12:00:00,14.856506,10.568726,272.081,100727.58,3.7628863e-06,3.3908093
2025-04-17 12:00:00,14.587158,9.001129,179.96098,100781.75,6.0432894e-06,2.9895146
2025-04-18 12:00:00,15.028351,11.227661,131.15999,100453.08,3.2788812e-05,2.7751443
2025-04-19 12:00:00,16.20343,10.65506,310.4149,100795.766,1.6305377e-07,4.7342176
2025-04-20 12:00:00,17.75354,9.290588,325.0706,101298.266,0.0,3.5847523
2025-04-21 12:00:00,17.184875,10.788574,147.16861,101364.01,1.31534425e-05,4.161786
2025-04-22 12:00:00,13.207703,8.480316,307.69183,101777.016,1.1393998e-06,5.5568056
2025-04-23 12:00:00,16.291046,6.8920593,330.85107,101718.74,0.0,3.4516466
2025-04-24 12:00:00,16.124756,7.703003,306.62808,101119.195,0.0,2.981686
2025-04-25 12:00:00,14.826874,10.123413,216.05098,100881.21,4.4600793e-06,3.9090433
2025-04-26 12:00:00,14.532806,11.474731,170.72728,100535.87,9.280534e-05,5.682437
2025-04-27 12:00:00,13.1909485,8.319336,263.0569,100710.79,8.842902e-06,3.8970432
2025-04-28 12:00:00,14.7491455,9.281769,317.57935,100630.7,1.2643978e-06,4.064214
2025-04-29 12:00:00,17.06363,10.128906,336.79776,100781.6,0.0,4.109543
2025-04-30 12:00:00,17.972504,10.695953,340.33633,100855.03,0.0,4.519264
2025-05-01 12:00:00,18.152924,9.352844,336.92923,100861.375,0.0,2.335479
2025-05-02 12:00:00,18.38327,9.566956,335.79352,100829.09,2.5297766e-08,2.1804268
2025-05-03 12:00:00,18.075867,10.534241,257.3056,100395.63,1.2695647e-06,3.0516715
2025-05-04 12:00:00,18.240448,11.581146,332.1803,99922.86,0.0,5.6944723
2025-05-05 12:00:00,18.131958,11.665527,329.36566,100149.32,0.0,4.8738265
2025-05-06 12:00:00,16.014221,12.417938,177.80592,100699.03,8.259039e-06,4.91278
2025-05-07 12:00:00,14.629608,9.569916,355.04068,100580.73,0.0,7.0961633
2025-05-08 12:00:00,12.729218,8.561371,227.65366,100356.734,5.5679688e-05,6.7770143
2025-05-09 12:00:00,14.933594,8.191376,331.52704,100533.01,3.6886624e-07,6.0333886
2025-05-10 12:00:00,14.977905,9.216797,355.0845,101012.195,0.0,5.5728784
2025-05-11 12:00:00,15.316223,8.56778,310.01938,101027.805,0.0,3.8233721
2025-05-12 12:00:00,14.236084,11.263275,90.88453,100737.09,0.00011008126,4.2015457
2025-05-13 12:00:00,13.340942,9.45813,257.66476,100343.99,0.00013788695,5.099062
2025-05-14 12:00:00,16.865631,9.446899,352.66586,100550.54,1.0692612e-08,4.854823
2025-05-15 12:00:00,17.268463,9.800751,352.84766,101016.5,0.0,2.741242
2025-05-16 12:00:00,16.484467,11.563934,247.53577,101274.22,1.42810995e-05,4.4087596
2025-05-17 12:00:00,16.91095,9.308746,364.9747,101327.36,0.0,5.101075
2025-05-18 12:00:00,19.363586,12.274048,365.32812,100562.83,0.0,5.4748607
2025-05-19 12:00:00,19.450378,9.616943,363.2288,100332.51,4.3648294e-09,2.0377202
2025-05-20 12:00:00,18.996826,9.679901,340.35257,101002.016,1.8577317e-06,2.1785212
2025-05-21 12:00:00,20.260254,10.254303,359.10315,100777.38,0.0,2.194534
2025-05-22 12:00:00,17.84665,11.848877,326.44437,100873.39,2.8347802e-06,3.5783243
2025-05-23 12:00:00,17.331757,13.366119,305.8301,101153.29,1.0437495e-05,2.7912176
2025-05-24 12:00:00,20.600891,11.784027,361.61218,101279.47,0.0,3.8245602
2025-05-25 12:00:00,22.030548,12.354095,361.48456,100686.336,0.0,2.124429
2025-05-26 12:00:00,22.030212,12.077148,364.58765,100323.12,0.0,2.1166785
2025-05-27 12:00:00,19.243805,13.136078,324.05817,100573.22,5.352997e-06,2.9842825
2025-05-28 12:00:00,20.421906,11.5841675,361.35107,100897.766,9.555799e-08,3.4826748
2025-05-29 12:00:00,20.721039,13.95578,299.40945,100995.71,9.155163e-07,3.8586962
2025-05-30 12:00:00,21.044373,13.300781,341.5533,100646.67,0.0,4.5745597
2025-05-31 12:00:00,21.480713,14.131226,366.01926,100544.56,0.0,4.546547
2025-06-01 12:00:00,21.06604,12.039795,354.5233,100630.45,0.0,2.9402974
2025-06-02 12:00:00,20.463074,13.575439,360.14124,100682.7,1.16694485e-08,3.9454398
2025-06-03 12:00:00,19.41687,14.80719,359.238,100569.586,0.0,5.500914
2025-06-04 12:00:00,18.70996,14.294739,308.3719,100415.77,3.376711e-07,5.1088743
2025-06-05 12:00:00,17.851746,14.509094,228.56021,100767.81,6.1712326e-06,4.3803167
2025-06-06 12:00:00,19.00232,13.854492,335.1695,101240.73,2.2256136e-06,4.8390064
2025-06-07 12:00:00,22.02774,12.515961,374.47382,100902.82,0.0,3.6220655
2025-06-08 12:00:00,21.857635,13.922211,366.49213,100353.086,1.9764063e-07,2.993793
2025-06-09 12:00:00,21.453491,13.932007,359.88925,100392.56,2.2404177e-07,3.8534555
2025-06-10 12:00:00,19.774841,13.883575,374.5193,100647.89,0.0,4.8547134
2025-06-11 12:00:00,19.37732,13.529999,377.39435,100849.555,0.0,6.461775
2025-06-12 12:00:00,22.498322,14.076111,379.77945,100773.48,0.0,4.8943186
2025-06-13 12:00:00,22.113373,13.11731,375.91818,100448.56,0.0,3.3294516
2025-06-14 12:00:00,21.840088,14.841553,353.57574,100648.84,0.0,4.9142694
2025-06-15 12:00:00,21.449799,15.303894,313.41544,100652.09,8.6076744e-07,5.674808
2025-06-16 12:00:00,21.254608,16.197205,359.79803,100300.95,0.0,5.479721
2025-06-17 12:00:00,21.355316,15.296143,372.25415,100274.88,0.0,6.1958604
2025-06-18 12:00:00,21.930206,14.705353,374.60327,100542.266,1.0383121e-08,5.761929
2025-06-19 12:00:00,26.688568,15.9348755,380.64163,100621.53,0.0,3.3741696
2025-06-20 12:00:00,26.43161,14.026764,377.7146,100657.164,0.0,2.116192
2025-06-21 12:00:00,26.656647,13.495911,376.96652,100639.85,3.0061443e-07,2.061281
2025-06-22 12:00:00,24.867249,13.525665,368.13074,100805.55,2.7382878e-06,2.2603664
2025-06-23 12:00:00,23.965912,14.649628,360.2365,100831.64,2.2875777e-06,2.5340955
2025-06-24 12:00:00,24.82544,14.739471,348.942,100612.85,1.9195202e-06,2.7264338
2025-06-25 12:00:00,25.672699,14.979553,374.84348,100429.875,0.0,2.3613806
2025-06-26 12:00:00,25.342468,15.470245,357.87494,100374.22,0.0,2.5241888
2025-06-27 12:00:00,23.85025,14.58548,374.17502,100524.73,1.9721783e-08,2.9994478
2025-06-28 12:00:00,25.09845,14.324768,372.16006,100487.984,0.0,2.6359296
2025-06-29 12:00:00,24.733429,15.007996,350.77563,100473.15,7.507243e-07,3.281196
2025-06-30 12:00:00,20.653168,15.798248,331.25143,100661.79,4.641927e-06,4.214857
2025-07-01 12:00:00,21.857117,15.437866,345.4452,100604.51,1.7805025e-06,3.3621976
2025-07-02 12:00:00,23.246979,15.042328,374.1192,100285.06,2.011879e-09,3.0338202
2025-07-03 12:00:00,22.553497,15.490967,371.76556,100194.016,3.5147332e-09,3.6395128
2025-07-04 12:00:00,21.148407,15.418396,372.90842,100445.46,0.0,4.4988294
2025-07-05 12:00:00,21.48053,14.848053,368.07562,100582.57,2.1530221e-08,3.786332
2025-07-06 12:00:00,22.429474,15.104736,366.24872,100502.75,7.895989e-09,3.0038722
2025-07-07 12:00:00,21.976929,15.19104,368.25894,100566.68,0.0,3.5254338
2025-07-08 12:00:00,22.387482,14.720062,355.7908,100539.64,2.9530576e-09,3.1576736
2025-07-09 12:00:00,21.663696,16.367676,331.02243,100606.11,4.962783e-06,4.2196054
2025-07-10 12:00:00,20.592834,15.747559,319.6038,100940.336,4.3162304e-06,4.066333
2025-07-11 12:00:00,23.434204,13.14209,341.74548,101084.66,1.2152866e-06,2.6814337
2025-07-12 12:00:00,22.997467,14.666046,316.47153,100906.72,3.913361e-06,2.9545085
2025-07-13 12:00:00,22.025146,15.605103,327.70847,100744.54,2.0674966e-06,3.5765855
2025-07-14 12:00:00,22.819641,15.804077,364.38516,100796.695,0.0,4.5839705
2025-07-15 12:00:00,22.570862,14.890839,367.13272,100721.516,0.0,4.0912895
2025-07-16 12:00:00,21.96698,15.488861,340.11182,100690.56,1.8400402e-07,4.4066668
2025-07-17 12:00:00,21.404205,16.01294,312.35065,100919.08,3.25298e-06,4.5122247
2025-07-18 12:00:00,24.273834,13.177216,363.91635,101008.74,0.0,2.6129296
2025-07-19 12:00:00,23.907806,15.148071,295.3352,101119.63,1.0921553e-06,2.8208206
2025-07-20 12:00:00,23.444275,16.106567,329.4556,100899.9,2.1269445e-07,3.0695813
2025-07-21 12:00:00,23.038239,16.796356,320.18228,100675.86,5.711689e-07,3.5553083
2025-07-22 12:00:00,22.287018,17.499634,341.5467,100675.21,0.0,3.4480743
2025-07-23 12:00:00,21.625488,17.00705,322.44733,100569.336,7.467467e-07,3.4591033
2025-07-24 12:00:00,20.633698,16.713348,266.29062,100451.7,5.8664305e-06,4.702725
2025-07-25 12:00:00,21.303864,16.108307,319.9208,100485.61,4.669518e-06,5.5482683
2025-07-26 12:00:00,21.347565,15.694794,355.96164,100633.016,0.0,5.359263
2025-07-27 12:00:00,21.68692,16.66687,348.39102,100948.53,0.0,6.299871
2025-07-28 12:00:00,21.836578,16.810242,324.80783,101141.66,1.896416e-08,5.164122
2025-07-29 12:00:00,22.718414,16.719604,344.42773,101098.3,0.0,4.403638
2025-07-30 12:00:00,22.527527,17.100739,343.7706,101000.63,0.0,4.546981
2025-07-31 12:00:00,24.317871,16.017181,344.3941,101001.13,0.0,3.4145558
2025-08-01 12:00:00,25.616516,15.4427185,347.82718,100895.11,0.0,2.5070622
2025-08-02 12:00:00,26.943512,15.3802185,353.09003,100787.58,0.0,2.252101
2025-08-03 12:00:00,26.789795,15.864197,335.1459,100577.47,8.7408324e-08,2.2654524
2025-08-04 12:00:00,25.32428,18.11731,300.84958,100447.93,7.959857e-07,2.779852
2025-08-05 12:00:00,23.719543,17.963135,292.3553,100388.99,3.6965137e-06,3.256083
2025-08-06 12:00:00,23.186707,17.527008,299.70886,100416.13,4.5816937e-06,3.2399073
2025-08-07 12:00:00,23.861938,16.770874,318.31598,100488.65,1.0045197e-06,3.1105971
2025-08-08 12:00:00,23.15863,17.572174,288.50534,100578.25,6.139832e-07,3.5531247
2025-08-09 12:00:00,24.21112,17.59967,278.49762,100744.375,3.7083563e-08,2.6431103
2025-08-10 12:00:00,23.7341,17.989532,278.72083,100764.9,3.8051667e-07,3.1573303
2025-08-11 12:00:00,25.31491,18.079529,310.10794,100603.95,1.0720184e-06,3.067474
2025-08-12 12:00:00,24.938934,17.036224,320.92712,100246.89,2.4225298e-07,3.226055
2025-08-13 12:00:00,23.776764,18.17984,296.034,100113.91,1.5596753e-06,3.7281463
2025-08-14 12:00:00,24.3219,18.048645,283.8535,100334.13,3.0624135e-06,2.9616063
2025-08-15 12:00:00,26.270569,16.458344,315.49222,100572.46,0.0,2.2494109
2025-08-16 12:00:00,25.847809,19.717316,226.78035,100610.23,0.0,3.7470722
2025-08-17 12:00:00,25.308075,19.321991,289.99472,100477.74,7.709289e-09,3.4433796
2025-08-18 12:00:00,24.707733,19.494843,248.52275,100465.14,1.9125378e-06,3.1928267
2025-08-19 12:00:00,25.276062,17.877167,267.68988,100538.0,1.2403136e-06,2.7028763
2025-08-20 12:00:00,24.50763,19.32309,167.46068,100421.28,5.3531255e-07,3.7663622
2025-08-21 12:00:00,24.75824,18.943787,267.52277,100392.914,0.0,4.0161357
2025-08-22 12:00:00,24.50943,16.881165,309.64758,100518.01,0.0,4.2734585
2025-08-23 12:00:00,25.210266,17.088776,313.66318,100895.15,0.0,4.416136
2025-08-24 12:00:00,25.941193,15.184387,305.1719,100727.19,0.0,3.0738463
2025-08-25 12:00:00,25.639221,16.528412,315.57907,100468.52,0.0,4.4921
2025-08-26 12:00:00,24.49768,18.458862,308.10187,100588.13,0.0,5.691856
2025-08-27 12:00:00,24.01944,17.11148,309.56506,100672.125,0.0,4.756271
2025-08-28 12:00:00,23.693695,15.95285,304.83185,100646.914,0.0,3.311715
2025-08-29 12:00:00,24.158966,16.189026,302.50412,100682.86,1.4530809e-08,2.8694046
2025-08-30 12:00:00,24.360382,16.17746,287.40604,100636.74,2.2416613e-07,2.7864532
2025-08-31 12:00:00,25.599213,16.200775,301.56094,100467.59,9.896236e-08,2.3894658
2025-09-01 12:00:00,24.548126,16.257355,264.5124,100444.57,4.1038916e-06,2.774622
2025-09-02 12:00:00,22.288757,16.392426,262.32388,100435.52,5.67435e-06,3.3649142
2025-09-03 12:00:00,23.15564,16.433441,279.75864,100372.82,8.557297e-07,3.24998
2025-09-04 12:00:00,22.608734,15.483612,247.68906,100329.97,4.1270923e-06,3.0182524
2025-09-05 12:00:00,22.326538,17.07373,267.2627,100510.65,2.7005997e-06,3.9566233
2025-09-06 12:00:00,21.842224,15.704773,269.57877,100668.49,3.5163696e-06,3.2198403
2025-09-07 12:00:00,23.518433,14.565369,288.55173,100575.875,0.0,2.8171673
2025-09-08 12:00:00,22.670807,14.890564,282.5467,100571.24,4.7367518e-08,3.3191364
2025-09-09 12:00:00,21.995697,15.849213,247.93935,100769.055,7.044602e-07,4.28095
2025-09-10 12:00:00,19.833435,15.935516,227.75194,100990.27,6.0053394e-06,3.9450464
2025-09-11 12:00:00,21.735046,15.344513,276.1874,100869.26,2.8269566e-08,3.989455
2025-09-12 12:00:00,20.988953,15.43457,227.36101,100587.92,8.8926225e-07,4.3597126
2025-09-13 12:00:00,18.967804,15.349915,166.56013,100628.12,1.00440675e-05,3.3578966
2025-09-14 12:00:00,20.425873,13.5295105,221.62477,100919.81,9.4882546e-07,3.063398
2025-09-15 12:00:00,21.065979,16.85852,114.23899,100648.89,7.7354875e-05,3.7666132
2025-09-16 12:00:00,24.645782,14.771179,272.6251,100560.61,6.130062e-10,3.93934
2025-09-17 12:00:00,24.930878,15.45816,253.48828,99990.586,0.0,2.349632
2025-09-18 12:00:00,21.792084,17.428375,176.8866,100255.09,1.8889268e-09,3.4555542
2025-09-19 12:00:00,20.016907,16.232513,159.11975,100569.91,8.2758356e-07,3.4348607
2025-09-20 12:00:00,19.385101,14.844696,197.88255,100726.07,2.4561305e-06,2.2159557
2025-09-21 12:00:00,19.455658,14.110199,175.47192,100612.766,1.6245496e-06,3.0884452
2025-09-22 12:00:00,22.079071,15.86084,242.8263,100199.69,1.5483913e-06,3.9383419
2025-09-23 12:00:00,23.386536,13.7274475,254.9139,100329.61,0.0,2.2561948
2025-09-24 12:00:00,22.456177,13.669525,250.03851,100906.67,5.3633542e-08,2.3788788
2025-09-25 12:00:00,23.13324,14.133636,246.72762,100954.53,2.2127932e-07,2.2507498
2025-09-26 12:00:00,23.071869,14.363373,230.93988,100715.77,2.710192e-06,2.2108967
2025-09-27 12:00:00,23.197693,13.800293,227.1159,100695.39,2.300042e-06,2.062845
2025-09-28 12:00:00,22.567688,13.88269,222.22054,100854.516,2.0546402e-06,2.4291596
2025-09-29 12:00:00,22.47873,14.586426,238.47328,100768.07,0.0,2.436274
2025-09-30 12:00:00,23.27713,14.072693,235.52025,100568.25,4.146918e-08,2.0398118
2025-10-01 12:00:00,21.393005,15.963226,182.12529,100739.484,5.075267e-06,3.6821852
2025-10-02 12:00:00,23.361145,13.053467,223.63716,100911.33,1.6897592e-06,2.0022223
2025-10-03 12:00:00,23.260864,14.284912,228.94807,100741.484,0.0,2.5513341
2025-10-04 12:00:00,21.767181,12.852386,226.38063,101048.805,1.13258395e-07,2.7913148
2025-10-05 12:00:00,22.797913,13.241028,217.13142,101338.74,0.0,2.7284799
2025-10-06 12:00:00,21.875763,13.9505005,226.3531,101204.65,0.0,3.8407533
2025-10-07 12:00:00,21.20166,15.460327,179.98087,100979.24,1.8670991e-07,4.322077
2025-10-08 12:00:00,21.964539,17.465088,180.28593,100901.836,6.679467e-06,3.3427825
2025-10-09 12:00:00,26.320831,14.781097,214.60152,100835.84,4.132808e-08,2.560325
2025-10-10 12:00:00,26.229645,14.430084,218.36168,100718.55,0.0,2.6070232
2025-10-11 12:00:00,23.570679,13.81897,201.16922,100643.35,0.0,2.4345245
2025-10-12 12:00:00,22.862915,13.266693,212.64297,100660.984,0.0,2.183309
2025-10-13 12:00:00,23.384338,13.847321,209.93962,100795.01,0.0,3.3335145
2025-10-14 12:00:00,24.481659,13.666016,207.95982,100836.38,0.0,1.811871
2025-10-15 12:00:00,28.087982,13.093384,199.04185,100898.57,0.0,0.63962305
2025-10-16 12:00:00,30.49121,16.092682,207.04782,100997.65,0.0,1.2380477
2025-10-17 12:00:00,30.38678,16.698212,205.5392,100639.33,0.0,1.5493971
2025-10-18 12:00:00,29.269043,14.430908,195.77126,100617.95,2.4414241e-08,2.5794148
2025-10-19 12:00:00,21.75647,14.883087,159.16061,100834.29,1.7022585e-06,2.900442
2025-10-20 12:00:00,21.161713,14.998535,173.57741,100569.5,0.0,4.169779
2025-10-21 12:00:00,19.339478,13.7595215,189.24084,100432.96,0.0,2.695283
2025-10-22 12:00:00,19.707916,12.520081,173.69368,100729.945,0.0,2.924087
2025-10-23 12:00:00,21.00061,10.998657,187.93204,100794.28,0.0,2.7976785
2025-10-24 12:00:00,22.187347,14.168549,160.3382,100763.33,0.0,3.0765524
2025-10-25 12:00:00,21.179077,13.865997,130.95421,101129.71,6.2882054e-06,3.5963678
2025-10-26 12:00:00,21.006012,15.479797,167.97081,101307.13,2.842425e-06,3.2897131
2025-10-27 12:00:00,21.83728,13.246307,178.95345,101047.23,8.742664e-08,2.201745
2025-10-28 12:00:00,21.458221,13.192352,129.01562,100731.74,4.2244296e-06,2.4001846
2025-10-29 12:00:00,17.579803,14.071075,139.99124,101039.64,4.658646e-05,3.418224
2025-10-30 12:00:00,18.633728,11.637848,146.37805,101241.375,0.0,3.4592662
2025-10-31 12:00:00,21.378937,13.203949,168.41974,100901.58,0.0,2.9093633
2025-11-01 12:00:00,22.122742,14.662018,166.28636,100677.93,0.0,2.885754
2025-11-02 12:00:00,21.897278,14.904358,104.92843,100722.3,0.0,2.6395133
2025-11-03 12:00:00,18.196503,13.329803,102.69406,100959.48,1.7691546e-06,2.6021779
2025-11-04 12:00:00,17.09784,12.328369,119.73558,101127.02,1.7886144e-06,3.8026435
2025-11-05 12:00:00,19.482147,10.911316,156.59319,101308.336,1.2374687e-07,2.7984037
2025-11-06 12:00:00,18.934296,11.065643,138.61487,101181.02,0.0,2.5473998
2025-11-07 12:00:00,16.832611,13.485352,75.3761,101168.26,3.402197e-06,3.8230863
2025-11-08 12:00:00,15.814941,10.7716675,162.58908,101384.34,8.1639223e-07,4.525282
2025-11-09 12:00:00,16.967041,7.493347,157.35095,101242.98,0.0,2.3574202
2025-11-10 12:00:00,17.415283,10.348724,108.503586,100917.98,0.0,2.6483166
2025-11-11 12:00:00,17.75885,8.221069,144.70354,100607.32,3.3367186e-07,1.5499649
2025-11-12 12:00:00,16.878632,10.4331665,139.4298,100877.03,0.0,2.1808798
2025-11-13 12:00:00,16.177155,13.162384,34.349304,100558.78,0.00016188892,5.0352373
2025-11-14 12:00:00,15.458099,12.559235,100.663475,100612.24,0.00043222186,4.3666244
2025-11-15 12:00:00,14.523407,11.940704,47.10722,100432.57,0.00029462224,3.441608
2025-11-16 12:00:00,13.959351,9.55191,141.24391,101218.72,2.577922e-05,3.162127
2025-11-17 12:00:00,13.77594,11.323975,56.709213,101908.6,3.343006e-05,2.1348195
2025-11-18 12:00:00,15.673218,13.221008,41.69848,101818.5,9.035657e-05,3.3342767
2025-11-19 12:00:00,15.314697,12.156036,89.21815,101353.69,5.910576e-06,0.8684797
2025-11-20 12:00:00,16.216095,8.8593445,143.56035,101279.93,5.0397915e-07,2.6527638
2025-11-21 12:00:00,15.699127,7.3656006,140.34937,101791.53,5.627842e-09,3.1930926
2025-11-22 12:00:00,15.824951,10.596405,116.84271,101657.484,0.0,3.3646622
2025-11-23 12:00:00,15.367706,8.886353,115.05614,101440.555,0.0,1.6890899
2025-11-24 12:00:00,14.640747,10.3168335,69.31028,101326.43,5.216385e-06,2.1498365
2025-11-25 12:00:00,14.526855,8.673859,110.88568,101078.484,3.7974996e-07,2.1279292
2025-11-26 12:00:00,14.929199,10.148834,92.150826,101134.195,0.0,1.5553578
2025-11-27 12:00:00,15.485382,12.569458,40.48598,101232.58,1.2346592e-05,1.2405891
2025-11-28 12:00:00,15.285767,10.276978,63.6484,101110.59,1.0853655e-07,1.6444031
2025-11-29 12:00:00,14.909668,10.41568,52.6433,100264.8,4.101244e-05,4.4257774
2025-11-30 12:00:00,11.558228,8.174591,97.7989,101269.29,2.802189e-07,4.3311796
2025-12-01 12:00:00,11.099213,7.5145874,101.04572,101487.28,4.01185e-06,4.051634
2025-12-02 12:00:00,10.4053955,6.252228,128.20952,101743.47,9.382771e-09,3.274669
2025-12-03 12:00:00,10.551025,5.1152954,133.07907,101531.27,0.0,2.8828597
2025-12-04 12:00:00,10.832642,4.0165405,133.7841,101316.03,0.0,1.7095122
2025-12-05 12:00:00,10.191803,2.8461304,132.57327,101684.86,0.0,3.7140532
2025-12-06 12:00:00,8.251343,3.1934204,126.63343,102075.28,0.0,4.4002547
2025-12-07 12:00:00,10.469299,3.4543152,125.76261,102227.35,0.0,2.7853005
2025-12-08 12:00:00,11.687958,5.207428,124.926476,101927.5,0.0,2.3284967
2025-12-09 12:00:00,11.895386,5.4029846,76.3829,101674.695,0.0,2.8135633
2025-12-10 12:00:00,14.224396,6.066742,117.07251,101434.6,0.0,0.93570584
2025-12-11 12:00:00,13.696991,6.0825195,103.87517,101351.914,2.2895288e-06,0.840476
2025-12-12 12:00:00,14.626221,6.134857,119.16746,101084.32,5.980036e-08,0.8581177
2025-12-13 12:00:00,13.671814,6.8349915,82.79348,101073.2,1.0724398e-09,2.6225686
2025-12-14 12:00:00,15.513916,8.07782,118.3548,101278.61,6.229173e-08,1.3489157
2025-12-15 12:00:00,14.804138,9.088593,84.377754,101441.85,3.8590197e-06,1.838557
2025-12-16 12:00:00,14.218994,8.78772,85.131226,101550.09,2.3384248e-06,1.1186953
2025-12-17 12:00:00,14.384674,10.457489,45.46899,101701.6,6.983749e-06,1.7976875
2025-12-18 12:00:00,17.190002,6.104889,123.77262,101890.945,1.9175117e-09,2.6060448
2025-12-19 12:00:00,16.390808,7.9493103,120.874886,101796.85,0.0,3.0630774
2025-12-20 12:00:00,14.888275,8.336426,120.761,101739.19,0.0,3.3107355
2025-12-21 12:00:00,14.391998,6.715515,122.21453,101584.96,1.03672475e-08,2.464797
2025-12-22 12:00:00,13.6354065,7.9971313,51.632755,101577.18,8.543496e-06,0.8734134
2025-12-23 12:00:00,12.221497,6.851227,89.97936,101485.7,1.5460724e-06,0.70850325
2025-12-24 12:00:00,12.729584,5.403351,111.326675,101900.69,1.5037261e-06,1.8837539
2025-12-25 12:00:00,13.047241,5.423462,93.493004,101741.195,0.0,2.2963977
2025-12-26 12:00:00,13.85965,4.716217,109.91083,101194.54,0.0,2.1221154
2025-12-27 12:00:00,13.138916,7.15271,68.87044,100750.81,6.177773e-06,1.8979574
2025-12-28 12:00:00,13.288086,9.875183,31.49581,100684.52,1.7323211e-05,5.157012
2025-12-29 12:00:00,13.431244,11.925446,62.800888,100933.08,0.0002202041,3.7530348
2025-12-30 12:00:00,12.923004,10.016602,46.465862,100440.38,2.8625513e-05,2.939838
2025-12-31 12:00:00,13.853119,10.811401,81.80072,99425.74,0.00026948063,6.4981008
