time,tasmax,tasmin,rsds,ps,pr,sfcWind
2000-01-01 12:00:00,2.2019958,-4.9533997,56.81559,99440.516,1.0923104e-05,3.7817183
2000-01-02 12:00:00,-3.4607239,-16.53128,122.880035,100719.87,1.2399623e-06,3.9426832
2000-01-03 12:00:00,-11.778717,-17.602203,121.87579,101118.27,8.2892313e-07,3.504704
2000-01-04 12:00:00,-12.045441,-17.458954,59.72837,101814.1,1.8019302e-06,1.9223373
2000-01-05 12:00:00,-9.579803,-17.953842,114.47071,101943.2,4.237602e-07,2.128602
2000-01-06 12:00:00,-6.384857,-19.745178,121.21376,102162.02,6.372614e-08,2.1402082
2000-01-07 12:00:00,-5.128357,-17.986694,101.44864,101871.07,6.270427e-08,0.5267978
2000-01-08 12:00:00,-0.06732178,-16.549683,119.966095,101205.45,1.9226972e-07,1.7523752
2000-01-09 12:00:00,2.3947144,-11.941711,97.49402,100760.28,5.8504685e-07,1.3564758
2000-01-10 12:00:00,3.950592,-0.053741455,29.511518,99809.37,9.423292e-05,2.0711617
2000-01-11 12:00:00,2.7740173,-7.470642,116.77035,100422.16,3.5901598e-06,0.6075091
2000-01-12 12:00:00,15.878784,0.9831543,116.17649,99452.8,0.0,1.4971254
2000-01-13 12:00:00,11.068634,-0.5282593,122.27258,100077.59,0.0,3.057861
2000-01-14 12:00:00,12.5243225,-4.8700256,117.22829,99805.7,1.2732454e-07,1.3749065
2000-01-15 12:00:00,16.893127,1.2774353,120.95,99041.23,0.0,2.0251215
2000-01-16 12:00:00,8.267395,1.36969,55.176594,99667.4,2.389205e-06,2.1582313
2000-01-17 12:00:00,1.8147278,-2.8418884,33.934128,100056.31,4.369916e-05,1.7954485
2000-01-18 12:00:00,0.28527832,-4.8181458,48.74535,100702.445,5.6975452e-05,4.515461
2000-01-19 12:00:00,-2.3547363,-12.92746,133.67638,101446.766,2.0829389e-06,2.198127
2000-01-20 12:00:00,-1.9606628,-9.511658,35.308517,101120.625,3.8277904e-05,0.96038795
2000-01-21 12:00:00,-1.8240356,-5.280487,93.78759,101489.71,6.027643e-06,1.4273257
2000-01-22 12:00:00,-1.1360474,-15.994507,135.92628,102055.305,7.3661215e-07,0.4646896
2000-01-23 12:00:00,4.810913,-5.0264587,72.50822,101331.69,1.5149047e-06,1.8308265
2000-01-24 12:00:00,6.00119,-9.260254,136.33737,101317.99,2.6087324e-08,2.115998
2000-01-25 12:00:00,9.1138,-10.327667,144.31517,100906.484,0.0,1.5138876
2000-01-26 12:00:00,11.196472,-1.6257324,107.427734,100025.22,1.3687204e-06,2.4943814
2000-01-27 12:00:00,10.520752,4.6926575,63.93205,99294.82,6.0245447e-06,2.2317793
2000-01-28 12:00:00,16.408264,5.4460754,97.71839,98629.2,1.5126149e-06,3.6618328
2000-01-29 12:00:00,16.456879,6.1779175,119.5722,98813.71,6.2565996e-05,3.7904975
2000-01-30 12:00:00,12.967834,-4.9022827,149.46646,100139.44,0.0,2.5750523
2000-01-31 12:00:00,15.389191,1.1001587,148.20763,100173.94,0.0,3.3388784
2000-02-01 12:00:00,16.624664,9.387543,110.97227,99635.91,0.0,4.7472286
2000-02-02 12:00:00,13.477173,5.555725,153.2337,99471.52,2.2175973e-06,3.0736527
2000-02-03 12:00:00,7.559082,-4.8214417,135.79633,100347.516,3.114726e-08,0.90185374
2000-02-04 12:00:00,14.817383,4.759491,55.56216,98854.11,0.0001426685,1.1811349
2000-02-05 12:00:00,8.143311,-0.773468,99.37469,99985.13,5.893882e-06,2.4368038
2000-02-06 12:00:00,4.7217712,-0.7532959,81.55016,100294.25,4.008137e-08,2.7048278
2000-02-07 12:00:00,4.942322,-5.1408386,156.73552,100193.516,7.9115495e-07,1.4738246
2000-02-08 12:00:00,9.779724,-4.234833,164.37405,99938.56,0.0,2.1953256
2000-02-09 12:00:00,17.25888,1.1899719,162.28717,99290.164,1.9552708e-10,3.3926954
2000-02-10 12:00:00,14.537842,-2.4849548,174.46884,100917.27,9.5200033e-07,5.2272906
2000-02-11 12:00:00,3.8378296,-6.031006,176.96043,101406.39,0.0,1.8866353
2000-02-12 12:00:00,11.8638,-2.719574,171.61192,100210.51,0.0,3.1146655
2000-02-13 12:00:00,10.756714,7.805969,34.13688,99724.74,5.2587995e-05,4.3175707
2000-02-14 12:00:00,16.168,3.1208496,144.42535,99669.04,2.8202185e-05,2.8380444
2000-02-15 12:00:00,17.709381,12.814636,77.95965,99549.555,2.070807e-06,2.5989668
2000-02-16 12:00:00,12.604218,4.448944,82.19517,100265.81,2.4432007e-05,2.655256
2000-02-17 12:00:00,8.027618,4.020508,42.44796,99733.234,0.00024918004,2.8680682
2000-02-18 12:00:00,14.107208,-1.7258301,180.72427,100157.73,1.3697734e-06,2.388127
2000-02-19 12:00:00,17.996552,7.4403076,185.82909,99401.06,0.0,4.48393
2000-02-20 12:00:00,15.6840515,0.1282959,194.59541,100845.46,1.6868619e-08,4.292809
2000-02-21 12:00:00,13.180115,-2.1070557,188.39464,101135.1,0.0,2.6906695
2000-02-22 12:00:00,16.3508,-0.7176819,192.53853,100826.8,0.0,2.039933
2000-02-23 12:00:00,13.661499,5.722046,138.0612,100822.76,0.0,1.651816
2000-02-24 12:00:00,9.543854,-3.9410095,167.94547,101392.72,0.0,0.39947528
2000-02-25 12:00:00,13.4097595,4.2691956,114.34337,100734.83,2.2002036e-05,2.1046
2000-02-26 12:00:00,19.023499,8.047668,161.02072,100326.695,3.6627112e-06,1.7024982
2000-02-27 12:00:00,21.20111,11.594482,153.84726,99921.89,9.932434e-07,3.6074672
2000-02-28 12:00:00,22.058136,17.229156,119.70662,99256.49,6.9936946e-06,5.3378673
2000-02-29 12:00:00,,,,,,
2000-03-01 12:00:00,17.89441,11.291809,30.453371,98573.32,0.00035817188,4.5371103
2000-03-02 12:00:00,12.519104,2.7828674,211.84044,99953.09,3.7824677e-05,2.8323505
2000-03-03 12:00:00,15.563232,2.8031006,212.66698,100227.69,2.4095013e-09,2.0282319
2000-03-04 12:00:00,12.116425,3.3296204,143.83392,100350.164,6.468614e-06,2.6404836
2000-03-05 12:00:00,8.999786,-4.5060425,211.4054,100806.86,2.6358725e-07,1.7710176
2000-03-06 12:00:00,9.932007,3.9852905,55.6654,99324.82,5.1170875e-05,2.4511018
2000-03-07 12:00:00,19.053131,6.309387,163.77284,98673.164,8.881624e-06,2.0253408
2000-03-08 12:00:00,8.613434,-0.69903564,232.0533,100278.24,2.0448283e-07,2.9166808
2000-03-09 12:00:00,19.336487,4.280945,224.39046,99682.77,0.0,4.1948085
2000-03-10 12:00:00,19.82257,15.704163,202.94324,99606.54,2.9733084e-07,5.008565
2000-03-11 12:00:00,19.784424,13.399078,50.518337,99249.984,6.0511033e-05,4.9041853
2000-03-12 12:00:00,18.738586,3.7548218,240.82925,100338.07,0.00022799491,4.1498823
2000-03-13 12:00:00,9.6909485,-4.727295,243.42932,101747.51,4.4667072e-08,0.8603821
2000-03-14 12:00:00,13.799316,-3.7101135,217.5518,100720.81,9.0288943e-10,2.664443
2000-03-15 12:00:00,12.326233,5.4958496,235.38329,100469.39,3.3031909e-06,1.1922613
2000-03-16 12:00:00,13.649902,0.75445557,213.74152,100345.72,2.1008845e-10,2.2776499
2000-03-17 12:00:00,18.393494,2.873108,239.40869,99783.62,0.0,1.405555
2000-03-18 12:00:00,17.809814,12.10733,146.25316,99331.33,6.6806315e-06,2.3014436
2000-03-19 12:00:00,12.687042,2.8141174,121.17763,100810.5,3.5573197e-07,2.3221688
2000-03-20 12:00:00,5.01355,-1.4603882,108.3255,100983.555,0.00031066377,3.037756
2000-03-21 12:00:00,8.018433,-6.1000977,263.03873,101327.05,2.3909374e-06,1.911169
2000-03-22 12:00:00,8.508057,-0.6559448,126.8158,100887.59,1.1586028e-06,0.7780521
2000-03-23 12:00:00,6.6674194,-0.06774902,60.284054,100955.02,0.0001537593,3.5908444
2000-03-24 12:00:00,0.5539551,-3.830536,105.0614,101260.734,0.00010765293,5.0990863
2000-03-25 12:00:00,-1.6846008,-7.2116394,196.78491,101545.23,6.921024e-06,3.976124
2000-03-26 12:00:00,6.57135,-13.547394,275.63272,101219.46,3.8800653e-07,1.6136557
2000-03-27 12:00:00,16.481506,-3.4212341,269.22797,100878.71,0.0,2.7156549
2000-03-28 12:00:00,19.652863,3.4895935,271.01602,100449.484,0.0,3.5455313
2000-03-29 12:00:00,20.535522,10.762939,197.22159,100218.83,0.0,3.8437924
2000-03-30 12:00:00,22.259705,8.376556,269.39456,100667.61,0.0,3.0427804
2000-03-31 12:00:00,23.012878,8.738068,247.45383,100933.28,0.0,2.7522922
2000-04-01 12:00:00,23.71698,12.222076,216.69736,100436.3,0.0,3.5862708
2000-04-02 12:00:00,20.909027,14.160645,152.68582,100022.47,7.757266e-05,3.0436604
2000-04-03 12:00:00,24.025208,7.2478943,282.62744,100432.75,0.0,0.7990325
2000-04-04 12:00:00,22.551178,10.759155,101.63198,99625.33,0.00032363072,1.5706685
2000-04-05 12:00:00,20.912964,14.889069,156.95502,98363.984,0.00011007837,1.9578301
2000-04-06 12:00:00,15.941864,9.400177,227.0026,98538.625,0.00010805267,6.1604867
2000-04-07 12:00:00,9.15213,1.9593506,90.473274,99164.02,4.0692492e-05,4.8422885
2000-04-08 12:00:00,10.030212,2.5238647,209.63637,99268.91,1.1198992e-05,3.9501102
2000-04-09 12:00:00,19.07779,-1.6171265,203.7298,99037.555,3.7480723e-07,1.5661354
2000-04-10 12:00:00,18.30484,7.917755,259.316,99271.555,3.1654229e-06,1.9452149
2000-04-11 12:00:00,17.040894,4.0237427,295.19763,99691.055,1.9479376e-05,1.095341
2000-04-12 12:00:00,21.14331,6.060669,276.6172,99357.63,2.300646e-08,1.9885333
2000-04-13 12:00:00,27.090881,14.861542,259.79196,98048.29,0.00033864597,1.9232574
2000-04-14 12:00:00,22.207428,9.642151,155.85628,99184.65,1.2768635e-06,2.8006601
2000-04-15 12:00:00,16.4003,5.868866,309.61417,100342.13,1.8618871e-06,2.7334235
2000-04-16 12:00:00,24.480011,10.255951,234.42401,99624.94,0.0,5.0978923
2000-04-17 12:00:00,22.97052,15.489563,300.94025,99241.0,0.00011169153,4.930396
2000-04-18 12:00:00,24.71524,9.518188,311.22955,99739.22,0.0,2.4531724
2000-04-19 12:00:00,25.916016,11.847992,296.27127,99706.33,0.0,3.5017376
2000-04-20 12:00:00,23.692291,17.005585,83.32059,99378.086,0.00037142803,3.0754466
2000-04-21 12:00:00,23.620544,8.770203,316.68228,99917.4,1.6676188e-10,1.3473881
2000-04-22 12:00:00,25.712738,9.56012,308.97787,99615.69,0.0,2.5190961
2000-04-23 12:00:00,27.228302,12.541229,312.21875,99469.13,0.0,1.9205548
2000-04-24 12:00:00,24.936401,9.690491,273.3125,99470.78,0.00019301077,3.7576
2000-04-25 12:00:00,20.660797,7.012024,324.54977,99713.86,0.0,3.4859002
2000-04-26 12:00:00,28.217743,8.455322,319.889,99115.27,0.0,2.5806835
2000-04-27 12:00:00,25.161255,16.34311,82.61822,98732.86,0.00026294892,2.8584387
2000-04-28 12:00:00,20.44278,14.924957,124.53078,98730.914,0.00045278005,0.9816604
2000-04-29 12:00:00,14.876617,8.539795,126.32005,99322.22,0.00015554798,3.21407
2000-04-30 12:00:00,18.366394,3.986145,321.44217,99868.914,4.4509534e-07,2.553036
2000-05-01 12:00:00,25.789093,14.347778,297.0246,99400.62,0.0,3.982593
2000-05-02 12:00:00,28.752563,18.6232,285.75812,99345.266,7.5268625e-05,2.89156
2000-05-03 12:00:00,28.212769,16.58078,258.7447,98940.06,3.716581e-05,2.851122
2000-05-04 12:00:00,26.2948,13.328918,303.93536,99206.71,1.4928295e-06,3.107367
2000-05-05 12:00:00,19.338898,9.79483,140.52568,99594.74,1.1549862e-05,2.5478046
2000-05-06 12:00:00,15.735901,6.863922,208.3742,100220.8,5.3399344e-05,2.0772936
2000-05-07 12:00:00,17.364868,5.3575745,342.59833,100352.63,0.0,1.2455084
2000-05-08 12:00:00,23.427643,7.7943726,321.3047,100032.01,0.0,2.1283443
2000-05-09 12:00:00,21.24408,10.678772,182.79977,99710.9,1.2876014e-06,0.44964442
2000-05-10 12:00:00,16.475922,8.010498,156.05385,100017.66,3.0280742e-05,2.6587546
2000-05-11 12:00:00,23.442627,7.600342,316.63092,99652.82,4.891611e-10,1.5129086
2000-05-12 12:00:00,30.80655,17.018005,313.8624,99153.1,9.563248e-07,2.592066
2000-05-13 12:00:00,29.34488,17.713715,212.77176,99427.48,1.153773e-05,1.1483083
2000-05-14 12:00:00,30.154633,20.552856,261.0892,99095.336,3.644352e-05,2.6148305
2000-05-15 12:00:00,30.390839,17.852814,278.55588,98932.03,4.334896e-05,2.0501218
2000-05-16 12:00:00,28.848389,17.0466,248.67633,98851.96,0.00010527143,1.8087636
2000-05-17 12:00:00,28.908997,18.286499,290.86926,99095.89,2.4568222e-05,2.4011679
2000-05-18 12:00:00,29.841095,20.168427,244.93839,99402.75,7.795893e-05,1.7574319
2000-05-19 12:00:00,28.200592,16.077545,254.50381,99785.13,0.0,1.0806301
2000-05-20 12:00:00,27.812866,18.629883,177.60309,99634.79,0.00014141673,1.3503302
2000-05-21 12:00:00,24.7359,17.272217,267.0192,100042.68,9.7754484e-05,2.754409
2000-05-22 12:00:00,24.512451,8.71756,352.11154,100866.86,0.0,2.3948293
2000-05-23 12:00:00,25.583221,11.287445,344.25955,100833.74,0.0,1.9995419
2000-05-24 12:00:00,29.270538,12.161804,349.693,100206.484,0.0,2.3866432
2000-05-25 12:00:00,31.13089,19.16623,346.1266,99881.445,0.0,3.094668
2000-05-26 12:00:00,31.63913,18.896912,345.27264,99807.87,0.0,2.5781374
2000-05-27 12:00:00,32.487213,18.781067,345.2447,99725.086,0.0,2.4212532
2000-05-28 12:00:00,33.125305,20.139404,317.52304,99716.21,9.783831e-06,2.2098534
2000-05-29 12:00:00,34.063385,21.15918,338.0496,99810.83,2.2187587e-05,2.037295
2000-05-30 12:00:00,31.59607,19.555237,135.30815,100090.234,0.00016449945,1.5547818
2000-05-31 12:00:00,27.152405,18.075775,256.6783,99670.1,2.4631392e-05,0.88003796
2000-06-01 12:00:00,27.801514,15.418274,348.565,99654.67,2.377764e-10,2.4967334
2000-06-02 12:00:00,30.096832,16.147186,353.1164,99778.97,0.0,1.5560893
2000-06-03 12:00:00,32.49582,16.095001,352.71988,99794.945,0.0,1.5551451
2000-06-04 12:00:00,32.76425,19.16397,283.2614,99680.85,0.0,2.1687362
2000-06-05 12:00:00,34.35373,23.487183,329.8487,99631.41,8.443444e-06,2.6701567
2000-06-06 12:00:00,29.227692,19.061005,144.87567,100183.164,4.4326436e-05,2.7043858
2000-06-07 12:00:00,24.786774,12.731262,367.68927,100839.41,1.0100908e-08,3.4542058
2000-06-08 12:00:00,27.89273,10.499084,369.67413,100931.305,0.0,2.119469
2000-06-09 12:00:00,30.34378,11.789429,349.5459,100457.98,0.0,1.4807786
2000-06-10 12:00:00,34.816833,16.043488,353.56485,99748.38,0.0,2.499451
2000-06-11 12:00:00,33.084015,21.759125,263.7938,99514.12,3.155649e-05,0.9715555
2000-06-12 12:00:00,29.07312,14.298309,370.389,100604.84,0.0,2.875199
2000-06-13 12:00:00,31.897003,12.248199,369.80185,100618.83,0.0,1.7500784
2000-06-14 12:00:00,32.001038,19.114899,180.9426,99758.055,0.000100371246,2.4443367
2000-06-15 12:00:00,29.136932,17.649445,350.25555,99528.78,2.8906949e-05,3.4633057
2000-06-16 12:00:00,32.706238,17.628296,317.41068,99573.99,0.0,1.5815555
2000-06-17 12:00:00,35.53479,19.213501,327.78726,99600.164,0.0,0.89872766
2000-06-18 12:00:00,37.029938,22.888916,347.2377,99705.42,0.0,2.7925177
2000-06-19 12:00:00,37.750793,25.619446,348.8794,99581.49,0.0,3.2229478
2000-06-20 12:00:00,37.818512,25.426514,348.48264,99573.414,5.6530025e-06,2.3088021
2000-06-21 12:00:00,38.135742,23.819946,335.53278,99456.31,5.136093e-06,1.2714298
2000-06-22 12:00:00,38.007416,27.467468,345.58862,99306.9,0.0,3.4302719
2000-06-23 12:00:00,36.368744,24.848358,300.8476,99704.0,4.609836e-05,1.0300195
2000-06-24 12:00:00,37.23645,22.140839,345.13403,99568.12,0.0,1.5801023
2000-06-25 12:00:00,35.81848,25.130524,307.99722,99400.77,0.0,2.9962943
2000-06-26 12:00:00,36.117767,23.875946,298.91272,99607.75,0.0,2.1969306
2000-06-27 12:00:00,34.739532,22.579315,302.9593,99814.07,9.8012286e-05,1.3130393
2000-06-28 12:00:00,34.46875,22.158081,343.4586,99824.766,0.0,1.8329021
2000-06-29 12:00:00,35.70111,22.722107,348.84335,99856.01,1.1069328e-07,1.9549377
2000-06-30 12:00:00,37.075775,23.506866,322.7564,100009.18,2.049577e-06,1.112251
2000-07-01 12:00:00,36.006927,25.211395,320.41547,100260.336,2.4809653e-05,1.873239
2000-07-02 12:00:00,38.397858,25.483826,320.0806,100233.625,2.4499175e-05,1.3337038
2000-07-03 12:00:00,38.94876,26.266449,268.5839,100084.1,2.9765377e-05,0.6432081
2000-07-04 12:00:00,39.818024,25.230652,306.13254,99912.51,3.8268357e-05,0.8303818
2000-07-05 12:00:00,40.36078,24.598633,323.7898,99751.72,8.325072e-05,1.2476032
2000-07-06 12:00:00,39.22061,23.071747,327.88123,99596.06,1.7349013e-05,1.35175
2000-07-07 12:00:00,39.836884,27.135132,339.1213,99518.53,1.607699e-05,2.0234172
2000-07-08 12:00:00,38.512787,21.221222,330.24786,99552.91,0.000104937404,1.1837556
2000-07-09 12:00:00,36.092285,23.880493,273.9828,99458.95,4.955994e-05,0.7440963
2000-07-10 12:00:00,36.433197,22.029663,269.69095,99189.59,4.0655923e-05,1.3225452
2000-07-11 12:00:00,35.88687,29.190613,334.44455,98952.24,0.0,2.2189713
2000-07-12 12:00:00,36.94397,24.239166,341.13245,99402.7,0.0,1.0184243
2000-07-13 12:00:00,39.180542,25.697266,247.95561,99458.234,4.757972e-06,1.561481
2000-07-14 12:00:00,41.84836,29.049194,279.69968,99378.73,8.812724e-09,2.3158228
2000-07-15 12:00:00,42.13037,23.703888,326.30148,99600.836,1.5392134e-05,0.7722283
2000-07-16 12:00:00,41.421265,29.266296,337.2831,99645.24,0.0,2.1576953
2000-07-17 12:00:00,40.62027,29.552887,276.053,99486.125,1.0444511e-05,2.4068887
2000-07-18 12:00:00,36.699127,22.89038,309.4326,99536.09,2.2314087e-05,0.81775486
2000-07-19 12:00:00,38.438232,23.887543,332.50525,99608.75,1.3745772e-05,1.716074
2000-07-20 12:00:00,41.27124,25.558746,334.22485,99601.42,0.0,1.0675594
2000-07-21 12:00:00,41.688843,27.447205,321.05118,99488.8,0.0,1.6396902
2000-07-22 12:00:00,43.159485,27.823608,330.62192,99465.26,0.0,1.5909542
2000-07-23 12:00:00,43.695435,29.354462,330.21796,99846.97,0.0,2.3525195
2000-07-24 12:00:00,43.046814,31.30481,316.64648,100117.15,1.3800651e-05,2.267581
2000-07-25 12:00:00,37.359497,22.503784,275.1058,99992.05,0.00021750906,0.81745404
2000-07-26 12:00:00,42.504333,24.470459,316.18292,99514.05,2.426255e-05,0.86388946
2000-07-27 12:00:00,39.38275,21.734161,332.7256,99480.59,5.668109e-06,1.0816232
2000-07-28 12:00:00,38.98935,25.72174,319.91678,99614.26,2.3609597e-05,0.5531192
2000-07-29 12:00:00,36.812958,21.929382,329.55096,99623.39,2.1225587e-05,0.50565815
2000-07-30 12:00:00,37.041412,21.292908,255.63315,99662.37,0.0,0.32395
2000-07-31 12:00:00,42.005066,25.659973,320.37698,99670.76,1.334944e-05,2.0427554
2000-08-01 12:00:00,35.48593,22.13858,282.2145,99826.46,2.2669312e-05,1.290955
2000-08-02 12:00:00,34.562134,23.755493,288.8377,99647.34,5.820855e-06,1.3996542
2000-08-03 12:00:00,32.60312,21.32846,295.5702,99622.086,0.0,1.949813
2000-08-04 12:00:00,34.080353,19.360016,329.56226,99751.69,0.0,1.7500403
2000-08-05 12:00:00,32.75171,20.227661,195.76477,99816.77,1.0840908e-05,1.1974987
2000-08-06 12:00:00,32.115967,17.152435,321.44104,99962.7,0.0,1.8650067
2000-08-07 12:00:00,34.214203,18.939056,312.46896,99971.18,0.0,1.5256542
2000-08-08 12:00:00,37.825317,23.437042,269.87946,99721.24,4.930745e-06,0.6577514
2000-08-09 12:00:00,32.70047,20.295258,75.48026,99795.734,0.000138263,0.37238878
2000-08-10 12:00:00,32.27652,20.64325,308.84204,99659.81,1.0198946e-06,2.398527
2000-08-11 12:00:00,31.872559,18.212128,316.32794,99632.086,0.0,2.2853687
2000-08-12 12:00:00,30.645111,18.340271,313.07834,99623.65,3.2604512e-05,1.8264832
2000-08-13 12:00:00,30.979187,19.76352,295.58746,100068.86,0.0,1.3997793
2000-08-14 12:00:00,33.549896,17.722443,314.43054,100127.9,0.0,1.3857208
2000-08-15 12:00:00,35.84796,20.034546,275.98135,99702.66,0.0,1.6200191
2000-08-16 12:00:00,38.279694,22.018646,292.2491,99497.31,5.314286e-06,1.6376399
2000-08-17 12:00:00,34.240143,21.659607,202.92126,99832.69,0.0,1.0347502
2000-08-18 12:00:00,38.036285,24.321228,256.03238,99978.06,0.0,0.85642815
2000-08-19 12:00:00,40.49301,26.896942,293.74054,99698.375,7.9019475e-09,2.3446248
2000-08-20 12:00:00,37.255646,21.541351,300.77087,100063.68,1.7651104e-08,3.0027857
2000-08-21 12:00:00,33.61975,17.598572,306.15417,100410.96,0.0,1.7478546
2000-08-22 12:00:00,38.034546,18.121948,301.5824,100200.17,0.0,0.8503656
2000-08-23 12:00:00,41.838867,21.677399,295.92877,100009.27,0.0,0.8405329
2000-08-24 12:00:00,42.72058,24.107513,294.87662,99935.56,0.0,1.268391
2000-08-25 12:00:00,41.76657,23.352112,293.48456,99862.84,1.8218572e-07,2.176647
2000-08-26 12:00:00,41.20996,23.442627,271.1754,99451.07,3.3247674e-05,2.2404313
2000-08-27 12:00:00,33.83258,20.948517,278.39914,99576.23,2.0895257e-05,1.4270031
2000-08-28 12:00:00,31.821564,20.154785,294.8728,100008.6,0.0,2.752532
2000-08-29 12:00:00,33.673798,15.12204,294.143,100045.51,0.0,1.7356694
2000-08-30 12:00:00,35.928864,16.99591,286.8654,99813.8,0.0,1.739574
2000-08-31 12:00:00,38.69171,20.333557,282.89017,99495.445,0.0,0.5238347
2000-09-01 12:00:00,35.42325,22.366669,232.63257,99533.055,2.252953e-05,0.45448813
2000-09-02 12:00:00,37.075348,21.914062,250.76791,99607.47,2.1697302e-05,1.3938192
2000-09-03 12:00:00,35.341705,22.853271,218.03749,99447.64,2.7809805e-05,1.6827278
2000-09-04 12:00:00,30.007874,20.646118,265.52002,99900.21,6.631097e-05,2.8014576
2000-09-05 12:00:00,27.404602,15.724304,282.00873,100137.375,0.0,2.2099621
2000-09-06 12:00:00,28.687012,13.2464905,280.98843,99892.93,0.0,1.7855078
2000-09-07 12:00:00,31.240936,15.914215,181.1292,99885.04,0.0,1.4537203
2000-09-08 12:00:00,35.75482,20.290314,265.9517,100284.4,0.0,2.099534
2000-09-09 12:00:00,37.155457,22.300964,265.12445,100599.1,0.0,1.8837588
2000-09-10 12:00:00,37.03305,21.407532,268.94247,100352.1,0.0,1.9033177
2000-09-11 12:00:00,33.809845,19.94806,264.76346,99981.35,0.0,1.0558827
2000-09-12 12:00:00,30.761536,14.752441,258.9004,100116.21,0.0,1.1811361
2000-09-13 12:00:00,29.605438,15.495026,223.98581,99994.75,0.0,1.2482352
2000-09-14 12:00:00,37.269592,18.317963,257.301,99751.11,0.0,2.4086888
2000-09-15 12:00:00,38.671234,24.26889,233.84067,99614.26,2.9980845e-07,2.6031537
2000-09-16 12:00:00,34.8739,20.652954,245.3123,99718.375,1.7400648e-06,0.61885357
2000-09-17 12:00:00,34.6485,21.257507,202.15782,99803.83,0.0,1.9425857
2000-09-18 12:00:00,33.848694,21.216064,195.70251,99706.27,0.0,2.05402
2000-09-19 12:00:00,30.75705,21.660492,189.999,99707.734,0.0,2.3554282
2000-09-20 12:00:00,27.399994,20.470459,111.95962,99718.56,2.3514542e-05,1.6557018
2000-09-21 12:00:00,34.646576,21.634644,231.25316,99787.04,2.3141418e-08,1.9416869
2000-09-22 12:00:00,35.488983,23.98822,221.37442,99839.516,1.7564036e-05,1.8955021
2000-09-23 12:00:00,32.095,20.229584,168.77731,99981.75,9.6336844e-05,1.4677883
2000-09-24 12:00:00,33.16095,21.660614,209.39139,99760.47,0.0,1.5594202
2000-09-25 12:00:00,33.713745,22.19925,225.5452,99557.47,1.946092e-05,1.3153857
2000-09-26 12:00:00,33.049744,18.537811,231.53705,99898.734,0.0,0.6487576
2000-09-27 12:00:00,33.62503,19.316742,225.78036,99936.57,0.0,2.5211976
2000-09-28 12:00:00,28.644623,18.753998,136.7118,99779.06,5.6247427e-07,1.0477659
2000-09-29 12:00:00,21.965149,10.87973,221.8622,100070.61,0.0,2.305501
2000-09-30 12:00:00,20.792603,9.560608,200.55641,100443.125,4.80132e-09,2.0699496
2000-10-01 12:00:00,25.68924,8.659851,220.48872,100682.766,2.5655674e-11,1.5827473
2000-10-02 12:00:00,31.738342,18.693024,216.21298,100047.336,0.0,3.4278915
2000-10-03 12:00:00,28.268341,12.948242,200.7075,100763.13,0.0,2.9815516
2000-10-04 12:00:00,18.180328,3.0670776,215.60095,101046.37,0.0,1.4740039
2000-10-05 12:00:00,22.58844,10.442993,133.06738,100331.08,0.0,2.1152925
2000-10-06 12:00:00,29.553284,13.297516,190.88736,99859.19,0.0,1.9068538
2000-10-07 12:00:00,30.412506,16.756226,206.38089,99999.42,2.371462e-07,1.9380003
2000-10-08 12:00:00,29.704346,15.565277,200.91254,100376.836,2.1237769e-05,1.6931598
2000-10-09 12:00:00,29.816833,14.760773,203.4467,100514.89,0.0,1.9844623
2000-10-10 12:00:00,28.490997,17.280914,177.11366,100575.93,0.0,2.1333585
2000-10-11 12:00:00,30.213837,19.227448,162.10529,100090.76,0.0,2.4922996
2000-10-12 12:00:00,27.912323,19.799194,124.70888,99717.695,3.9477807e-05,1.6614525
2000-10-13 12:00:00,29.19867,19.878235,139.86687,99431.94,8.093936e-06,3.2803254
2000-10-14 12:00:00,24.387085,15.271088,93.89216,99438.305,0.00018402825,2.6828053
2000-10-15 12:00:00,23.404297,9.553284,197.73451,99912.99,0.0,1.6686375
2000-10-16 12:00:00,18.256927,8.956451,199.41406,100730.695,0.0,3.7515366
2000-10-17 12:00:00,14.5520935,2.0676575,195.47057,101085.086,0.0,1.3631992
2000-10-18 12:00:00,21.191925,5.3500366,172.6818,100520.336,0.0,2.6155002
2000-10-19 12:00:00,24.170837,11.705017,180.08658,100488.85,0.0,2.7204673
2000-10-20 12:00:00,24.51358,11.407227,177.67204,100700.29,0.0,3.2620287
2000-10-21 12:00:00,25.768127,16.433655,133.72012,100557.984,0.0,3.5720172
2000-10-22 12:00:00,23.856018,6.429291,174.91394,101112.836,6.318876e-05,4.0584207
2000-10-23 12:00:00,7.4969788,-1.1642151,186.85222,101465.38,0.0,2.3786316
2000-10-24 12:00:00,12.736298,-2.462616,181.09445,100898.17,2.1129742e-07,1.4998025
2000-10-25 12:00:00,18.277618,1.0040283,178.04457,100712.33,0.0,2.1548157
2000-10-26 12:00:00,20.131012,4.2601624,173.17963,100691.56,0.0,1.6191429
2000-10-27 12:00:00,22.21225,8.453003,108.28227,100353.31,0.0,1.751761
2000-10-28 12:00:00,20.967346,16.015656,105.239815,99926.32,3.3449671e-06,3.6720476
2000-10-29 12:00:00,22.009521,17.955658,71.978455,100134.88,8.516314e-06,4.1341267
2000-10-30 12:00:00,19.933746,17.734344,28.526241,99652.695,0.00013334714,3.9798148
2000-10-31 12:00:00,22.28299,17.7789,90.69977,99090.77,0.000107495194,3.8377242
2000-11-01 12:00:00,20.164337,7.139435,150.79727,100106.11,3.34287e-08,3.1563349
2000-11-02 12:00:00,7.109558,5.650543,29.224215,100227.59,0.0001759726,2.9455953
2000-11-03 12:00:00,14.187103,6.484955,71.4887,99199.164,4.0291103e-05,1.3838029
2000-11-04 12:00:00,18.480682,11.869354,144.64217,98808.82,5.093281e-05,3.2263513
2000-11-05 12:00:00,15.188416,6.9837036,144.7258,99032.93,1.8722018e-05,1.5378795
2000-11-06 12:00:00,10.527527,4.689636,158.02283,99747.39,6.289929e-05,4.3592744
2000-11-07 12:00:00,13.508087,-0.7176819,154.91235,100497.64,9.098978e-09,1.6585766
2000-11-08 12:00:00,14.736267,0.16357422,146.49008,100904.63,0.0,2.0850854
2000-11-09 12:00:00,14.7464905,5.2177734,77.91135,100850.48,0.0,1.856059
2000-11-10 12:00:00,13.411957,9.033691,17.614191,99888.66,0.0003362032,2.922829
2000-11-11 12:00:00,12.304901,7.79126,22.48078,98630.62,0.00057572423,4.237784
2000-11-12 12:00:00,10.450439,7.035431,52.781746,99716.07,2.7623353e-05,4.6247773
2000-11-13 12:00:00,11.766998,3.2231445,132.10829,100248.76,2.8833225e-07,1.2860519
2000-11-14 12:00:00,10.913818,4.879425,55.975353,99851.53,1.4313954e-05,0.76587635
2000-11-15 12:00:00,8.649872,2.3188782,50.33809,100398.53,2.0053709e-05,3.7637663
2000-11-16 12:00:00,6.9892273,-2.1399536,110.866516,100413.99,1.8628322e-06,1.6210591
2000-11-17 12:00:00,6.2285156,2.452179,34.552856,99644.74,5.471265e-05,1.1667008
2000-11-18 12:00:00,5.1163025,3.7802734,27.735334,99345.484,0.000106773536,2.812068
2000-11-19 12:00:00,4.020447,0.13439941,47.703243,100224.875,1.7565422e-05,3.1331134
2000-11-20 12:00:00,4.0453186,-3.3536377,137.01016,100412.086,8.061665e-08,3.206307
2000-11-21 12:00:00,3.9717102,-3.8424377,96.861145,100259.93,7.495501e-09,1.8081751
2000-11-22 12:00:00,7.43692,-3.4855652,123.39635,100378.07,1.0224821e-06,1.5231637
2000-11-23 12:00:00,4.0630493,1.012146,23.741806,99730.05,7.784487e-05,2.8343518
2000-11-24 12:00:00,4.9778748,1.4700928,44.836327,98523.65,0.00012275274,1.8261403
2000-11-25 12:00:00,8.736267,0.30374146,122.07506,99660.01,5.6242725e-06,2.20841
2000-11-26 12:00:00,10.051788,4.929199,127.13146,100066.77,2.738254e-07,3.1644986
2000-11-27 12:00:00,7.24057,-0.28961182,104.63538,100899.76,5.633084e-07,2.438989
2000-11-28 12:00:00,11.315735,-0.9815674,119.511444,100402.01,0.0,2.327154
2000-11-29 12:00:00,12.338959,1.071167,101.84528,99942.414,1.1044287e-06,2.405954
2000-11-30 12:00:00,10.708221,3.1984863,123.08498,100316.914,0.0,3.315267
2000-12-01 12:00:00,14.777435,0.2748108,117.34893,99992.04,0.0,2.0062711
2000-12-02 12:00:00,19.511047,4.1816406,118.7554,99187.85,0.0,2.8964782
2000-12-03 12:00:00,19.77948,11.4791565,92.24678,98918.29,1.1059891e-06,3.2018373
2000-12-04 12:00:00,16.46048,7.269867,16.601337,98919.516,0.00031794878,2.5700762
2000-12-05 12:00:00,7.2669067,0.9636841,118.20794,99878.734,8.97882e-06,2.225211
2000-12-06 12:00:00,6.7944336,-1.2851562,89.706375,100679.195,7.742296e-07,2.6224055
2000-12-07 12:00:00,12.248444,3.9832153,30.329573,99525.49,0.00014674451,3.7722628
2000-12-08 12:00:00,13.1970215,5.248749,56.66642,98271.2,0.00016575289,3.7980704
2000-12-09 12:00:00,7.1447754,2.1879578,111.0233,99315.2,1.9963553e-08,3.853765
2000-12-10 12:00:00,2.148529,-3.0465393,89.59157,100363.91,1.2409308e-06,2.7206693
2000-12-11 12:00:00,2.6577148,-2.0274658,81.32378,101224.94,4.8263205e-06,2.6603034
2000-12-12 12:00:00,1.9603577,-3.5663452,113.73528,101318.83,3.2180023e-06,2.3655384
2000-12-13 12:00:00,5.0115967,-4.6340027,109.09502,101207.72,7.080499e-08,1.5863979
2000-12-14 12:00:00,4.8098145,-2.8799744,44.240875,100891.836,1.5429501e-05,1.3982918
2000-12-15 12:00:00,4.4808044,0.6376343,32.786503,99739.64,0.0003392744,1.7659923
2000-12-16 12:00:00,6.6482544,-6.2356567,113.66865,100524.76,1.2573641e-08,1.9626645
2000-12-17 12:00:00,4.6589966,-7.6362915,93.8245,100882.734,3.4210002e-06,1.4926528
2000-12-18 12:00:00,9.051514,-2.8514404,80.100746,100795.56,2.6224156e-06,1.9059598
2000-12-19 12:00:00,10.821289,-3.2795715,100.44164,100564.59,2.993226e-06,2.6722298
2000-12-20 12:00:00,16.773285,9.436523,73.36417,99113.83,4.6402016e-05,6.309391
2000-12-21 12:00:00,14.853027,10.311462,106.015915,99283.74,3.3766106e-08,4.434811
2000-12-22 12:00:00,13.354034,-0.9075012,112.18765,100561.85,0.0,1.3148856
2000-12-23 12:00:00,9.470154,5.1836853,51.83113,99603.36,0.00016121256,2.455894
2000-12-24 12:00:00,11.565796,-1.2914124,111.60031,100431.92,1.4394846e-09,2.5234776
2000-12-25 12:00:00,14.5815735,5.0840454,111.33876,99929.47,0.0,3.661665
2000-12-26 12:00:00,12.295349,0.3871765,112.8098,100198.44,0.0,2.6488547
2000-12-27 12:00:00,2.0318604,-6.3074036,111.28642,100697.164,2.8749915e-07,0.2772554
2000-12-28 12:00:00,4.8577576,-2.0108337,50.26928,99988.51,9.673711e-07,1.9966816
2000-12-29 12:00:00,6.018921,-4.413452,114.52853,100669.7,8.4494195e-07,1.9873263
2000-12-30 12:00:00,9.224274,-3.6609802,113.62688,100884.11,0.0,2.3527708
2000-12-31 12:00:00,10.9626465,2.0246887,76.71435,100419.89,5.906245e-07,2.4090753
2001-01-01 12:00:00,8.242676,-2.5002136,106.64214,100813.164,8.016132e-07,0.8639015
2001-01-02 12:00:00,9.14978,0.19439697,52.424694,100579.13,7.895858e-06,1.6279054
2001-01-03 12:00:00,8.872925,4.4474487,34.033566,99840.81,7.1255774e-05,3.2246833
2001-01-04 12:00:00,11.319183,2.821289,23.319141,99030.59,0.000146138,0.7364813
2001-01-05 12:00:00,2.6897278,-5.986664,51.36592,99835.73,4.2321477e-05,3.7761955
2001-01-06 12:00:00,-1.1086121,-7.11615,70.73935,100562.3,5.086225e-06,1.6340288
2001-01-07 12:00:00,-1.049408,-10.492737,111.33418,101291.09,8.550769e-08,1.7937682
2001-01-08 12:00:00,4.312195,-12.238251,106.89345,101137.695,1.2311664e-07,2.0067155
2001-01-09 12:00:00,1.6611023,-14.073944,126.98384,101270.91,7.3831245e-07,2.5485604
2001-01-10 12:00:00,2.5562134,-13.872894,124.04974,100866.19,1.9979225e-07,2.0057814
2001-01-11 12:00:00,-0.9541626,-7.6470337,125.71804,100724.91,2.2129232e-06,1.7832997
2001-01-12 12:00:00,3.0183716,-13.786438,115.46952,99824.25,1.2560446e-06,1.2419062
2001-01-13 12:00:00,3.285675,-18.337524,127.51931,99751.375,4.2408774e-05,5.6138372
2001-01-14 12:00:00,-1.0170593,-20.916016,59.407272,99408.1,3.0139896e-05,2.4961405
2001-01-15 12:00:00,-2.9019775,-22.614258,121.18849,99997.055,2.0698997e-06,0.85337603
2001-01-16 12:00:00,-1.7093201,-14.795776,128.27785,99898.69,8.768252e-06,1.6570287
2001-01-17 12:00:00,0.05996704,-7.1383667,42.423073,99605.01,1.9802068e-05,2.3091564
2001-01-18 12:00:00,-0.534729,-12.253815,135.6902,99725.6,1.3834801e-05,2.9738424
2001-01-19 12:00:00,-3.776764,-16.283081,63.186535,99747.6,1.0782595e-05,2.2902057
2001-01-20 12:00:00,-4.5141296,-6.7907715,52.525963,99139.016,4.8585443e-05,3.1391625
2001-01-21 12:00:00,-4.0672607,-16.780762,136.50325,99746.31,2.1358414e-06,2.0278075
2001-01-22 12:00:00,-1.4480591,-14.002014,79.34425,99911.28,1.2160788e-05,1.2044084
2001-01-23 12:00:00,-2.0297241,-11.376984,82.48482,100586.77,3.0417645e-05,3.8956685
2001-01-24 12:00:00,-10.275269,-22.943039,143.50163,101217.88,1.0021579e-06,1.8099344
2001-01-25 12:00:00,-4.668213,-23.846786,144.34021,100948.78,3.5016807e-08,0.93043876
2001-01-26 12:00:00,-11.788544,-18.746063,146.21681,100899.984,1.188882e-10,1.6379774
2001-01-27 12:00:00,-10.205994,-26.715637,146.08585,101656.06,2.2280503e-07,1.9031147
2001-01-28 12:00:00,-9.256866,-16.331451,151.99443,101268.62,8.874151e-06,1.8852413
2001-01-29 12:00:00,-9.675873,-27.103226,153.42929,100809.09,1.9036774e-09,2.3392253
2001-01-30 12:00:00,-6.580902,-14.864258,156.42299,100273.0,4.868117e-07,3.7179363
2001-01-31 12:00:00,-4.6633606,-23.827454,105.87791,99923.22,1.7534604e-06,1.7801862
2001-02-01 12:00:00,7.0122375,-16.51886,118.33574,99575.3,1.0241241e-07,1.1363115
2001-02-02 12:00:00,11.389893,-11.580322,150.01634,99739.164,3.4776318e-07,0.5826129
2001-02-03 12:00:00,6.265045,-10.154114,155.56871,100785.37,9.1234216e-07,0.8542958
2001-02-04 12:00:00,14.550293,-4.9844666,138.81657,100442.72,0.0,2.195004
2001-02-05 12:00:00,15.929565,0.18286133,145.38536,100234.89,2.377764e-10,2.4642754
2001-02-06 12:00:00,9.941925,4.9309387,119.82916,100467.56,7.227357e-06,1.9084771
2001-02-07 12:00:00,10.23645,-5.898773,163.07588,100404.484,0.0,1.6957704
2001-02-08 12:00:00,8.259247,-1.3495789,167.4677,100156.48,0.0,3.0681539
2001-02-09 12:00:00,10.351776,-6.995819,156.80351,100585.055,3.749163e-09,0.86568713
2001-02-10 12:00:00,12.489288,-0.07449341,136.19423,100353.64,8.229862e-09,2.6770508
2001-02-11 12:00:00,13.167633,5.8841248,104.56399,99258.11,8.473156e-06,3.2357469
2001-02-12 12:00:00,11.472382,7.243744,101.176704,98387.06,1.252734e-05,3.3042095
2001-02-13 12:00:00,7.081421,1.6427002,89.32872,99382.31,6.93139e-06,3.3329353
2001-02-14 12:00:00,3.2939148,-4.509033,137.16483,99865.836,6.526052e-07,1.8628756
2001-02-15 12:00:00,6.3242493,-8.011261,175.8424,99522.42,1.6954947e-06,1.3215656
2001-02-16 12:00:00,10.051147,-7.6524963,177.5247,99650.984,3.2940505e-07,1.6197599
2001-02-17 12:00:00,16.280518,0.55685425,175.28807,100134.055,0.0,3.4503515
2001-02-18 12:00:00,17.71753,13.938629,90.93032,99772.555,0.0,4.891374
2001-02-19 12:00:00,16.568207,-0.3637085,28.897066,99521.56,0.00028621242,2.068309
2001-02-20 12:00:00,1.121521,-4.211792,122.06353,99397.414,1.837714e-05,3.563213
2001-02-21 12:00:00,5.3010254,-3.6416016,187.60747,99650.15,6.917724e-06,3.3053007
2001-02-22 12:00:00,16.593445,-7.925293,180.29274,100222.34,1.3312142e-10,2.1273477
2001-02-23 12:00:00,21.520538,12.099976,189.64096,99501.37,0.0,4.4502244
2001-02-24 12:00:00,19.10019,7.66626,60.654285,99486.945,4.4815282e-05,1.4428651
2001-02-25 12:00:00,9.213684,2.7191772,123.945244,99891.97,0.00039139853,4.058019
2001-02-26 12:00:00,7.8616943,-1.2082214,104.21762,100135.38,5.755174e-06,0.7283128
2001-02-27 12:00:00,10.513153,0.6480713,207.16376,100019.72,1.9655945e-05,2.519366
2001-02-28 12:00:00,16.099792,5.8067627,159.8932,99588.18,5.8533324e-08,3.9173162
2001-03-01 12:00:00,13.714508,4.6764526,31.515894,99434.88,0.00021236412,0.9327347
2001-03-02 12:00:00,5.3691406,0.084503174,45.1165,98511.14,0.00062561454,4.4818015
2001-03-03 12:00:00,3.7210083,-5.554535,221.98503,100352.805,2.5696154e-06,2.953303
2001-03-04 12:00:00,10.657806,-7.313019,216.4205,100574.21,0.0,2.0699003
2001-03-05 12:00:00,10.186249,-5.973297,167.61502,99924.17,2.0287011e-07,1.7970763
2001-03-06 12:00:00,11.9730835,-2.9067078,221.62354,100920.836,2.452119e-06,2.0334063
2001-03-07 12:00:00,14.5937805,1.0076904,219.8952,100682.26,0.0,3.6214254
2001-03-08 12:00:00,14.557526,0.16329956,118.378365,99868.055,3.926828e-05,1.6061254
2001-03-09 12:00:00,0.04827881,-7.856201,221.35106,100927.26,0.00010385508,3.7353961
2001-03-10 12:00:00,2.4109802,-15.092133,240.2547,101056.125,0.0,1.7554301
2001-03-11 12:00:00,9.577545,-9.704529,230.34607,100277.055,0.0,3.103759
2001-03-12 12:00:00,13.347443,3.5468445,152.05853,99322.914,3.3860975e-05,3.8953981
2001-03-13 12:00:00,12.078491,5.971985,157.42422,99055.57,1.4752385e-05,2.328427
2001-03-14 12:00:00,6.3125916,-5.9516907,243.73117,100454.92,2.748605e-07,1.6680242
2001-03-15 12:00:00,11.585602,-4.331299,103.98802,99954.95,3.336533e-05,2.6797225
2001-03-16 12:00:00,15.246368,6.67453,111.783005,98698.44,0.00044643073,2.4873471
2001-03-17 12:00:00,6.695038,1.6993103,151.21013,100021.21,1.8687912e-05,3.8542671
2001-03-18 12:00:00,9.230682,-4.398834,254.31847,100684.99,1.8825693e-07,1.5699925
2001-03-19 12:00:00,9.161987,2.6433105,90.32893,100321.6,1.663148e-05,0.9174329
2001-03-20 12:00:00,17.36142,6.575409,248.23384,99673.7,1.7180875e-05,3.8885043
2001-03-21 12:00:00,15.355652,-0.27850342,81.867065,99895.54,0.00027205367,3.1747997
2001-03-22 12:00:00,5.5785217,-6.1759644,175.70866,99509.06,4.1757194e-05,0.99565
2001-03-23 12:00:00,7.419983,-0.4300232,165.32175,99019.945,4.4232256e-05,2.1303077
2001-03-24 12:00:00,16.721344,-1.0506592,180.98755,99419.52,5.1213e-06,1.6399742
2001-03-25 12:00:00,20.671875,11.696503,122.725426,98857.375,6.415993e-05,3.2379723
2001-03-26 12:00:00,13.459045,5.561859,65.257225,99238.64,7.760765e-05,1.9578841
2001-03-27 12:00:00,9.653198,3.1734314,53.84376,99611.94,3.7581984e-05,2.7755194
2001-03-28 12:00:00,5.833954,0.6708374,118.522606,99501.76,0.00020713365,3.7150917
2001-03-29 12:00:00,6.727844,-5.4501038,241.61101,100153.836,5.091432e-07,1.7166013
2001-03-30 12:00:00,11.270172,-3.785797,245.64339,99903.37,5.117528e-07,2.765094
2001-03-31 12:00:00,15.805634,0.21398926,277.43753,99772.63,0.0,2.99457
2001-04-01 12:00:00,14.926941,-1.1293335,279.91418,100240.89,9.645478e-09,0.59275705
2001-04-02 12:00:00,23.663788,5.110626,280.75497,99687.516,0.0,2.671657
2001-04-03 12:00:00,20.525848,10.153046,234.73898,99855.29,0.0,1.3996422
2001-04-04 12:00:00,18.992828,2.8109436,285.28622,100237.61,0.0,1.6579767
2001-04-05 12:00:00,22.459564,5.1445007,282.10223,100144.34,0.0,1.173271
2001-04-06 12:00:00,23.231415,12.804138,195.47108,100270.56,4.3089876e-06,2.58434
2001-04-07 12:00:00,21.846222,11.2258,275.04965,100732.06,2.4707722e-05,1.4634581
2001-04-08 12:00:00,22.443756,7.9045715,285.7726,100909.43,0.0,2.5982332
2001-04-09 12:00:00,21.294525,12.785767,159.25253,100361.61,1.4127677e-05,2.7798035
2001-04-10 12:00:00,22.5271,14.269012,136.70323,100314.164,0.00012887827,3.007162
2001-04-11 12:00:00,21.020355,16.871857,153.99333,100849.33,7.2607577e-06,3.8498828
2001-04-12 12:00:00,21.73944,15.792694,141.98293,100768.9,0.0001753789,4.133758
2001-04-13 12:00:00,20.268494,15.951965,81.384445,100489.63,0.0001414352,2.8473108
2001-04-14 12:00:00,16.476562,7.6039734,294.7962,100525.52,9.580355e-09,2.6512647
2001-04-15 12:00:00,13.123505,5.3072815,240.03473,100546.414,3.7930388e-06,2.2707317
2001-04-16 12:00:00,15.343018,2.2862854,253.86314,99903.74,0.0,1.4057261
2001-04-17 12:00:00,20.555573,7.230377,245.27838,99153.22,6.003133e-07,2.7791169
2001-04-18 12:00:00,23.587036,18.12915,180.91235,98615.445,1.9659105e-06,4.3950005
2001-04-19 12:00:00,25.963837,17.003418,239.00836,98832.61,6.722812e-05,3.588362
2001-04-20 12:00:00,17.197205,8.366333,271.41095,99231.21,0.0004791007,4.235603
2001-04-21 12:00:00,18.591217,4.957611,318.18954,100117.28,0.0,1.6320094
2001-04-22 12:00:00,23.417755,7.042389,318.56412,100162.516,0.0,1.63539
2001-04-23 12:00:00,22.423004,10.217407,232.51428,100194.68,0.0,1.2829202
2001-04-24 12:00:00,22.062927,8.608582,324.4932,100630.05,0.0,1.7947781
2001-04-25 12:00:00,25.748718,10.990082,292.47678,100547.484,0.0,2.3581634
2001-04-26 12:00:00,28.674286,11.263336,314.34827,100143.57,0.0,2.5335493
2001-04-27 12:00:00,27.849335,18.096985,302.71835,99857.37,0.0,2.8254259
2001-04-28 12:00:00,25.82022,16.267334,195.22302,99598.96,0.0,3.4224453
2001-04-29 12:00:00,24.676971,16.805176,182.90765,99525.055,0.00019160399,2.8991208
2001-04-30 12:00:00,28.416107,19.048859,304.24713,99645.87,1.3476152e-07,2.9201863
2001-05-01 12:00:00,28.651947,17.075775,319.0395,99571.05,0.0,3.2575042
2001-05-02 12:00:00,29.463928,17.823975,307.5483,99488.91,0.0,2.0610688
2001-05-03 12:00:00,27.920929,16.181152,313.32397,99254.27,1.1987352e-05,1.5369923
2001-05-04 12:00:00,26.194916,16.19931,168.14085,99230.62,4.640092e-05,1.3825328
2001-05-05 12:00:00,22.34256,13.829498,245.48108,99021.375,0.00015929533,2.3070066
2001-05-06 12:00:00,20.911102,8.229645,305.33817,99721.06,5.7008965e-06,3.3551865
2001-05-07 12:00:00,16.665405,4.1444397,340.24493,100146.12,0.0,2.2392495
2001-05-08 12:00:00,18.01773,7.018402,342.8827,99889.34,0.0,2.0958421
2001-05-09 12:00:00,21.672974,4.73114,338.60876,99737.48,0.0,1.357966
2001-05-10 12:00:00,20.692444,8.277924,84.24666,99386.77,0.00013662074,3.5798512
2001-05-11 12:00:00,13.32019,3.1083374,348.2981,100214.06,1.5024799e-06,3.5838752
2001-05-12 12:00:00,16.625214,1.3877258,350.7767,100490.4,0.0,1.3587387
2001-05-13 12:00:00,19.324158,5.0635376,347.03555,100504.375,0.0,1.2089238
2001-05-14 12:00:00,21.992767,5.913727,348.21805,100292.375,0.0,1.2329943
2001-05-15 12:00:00,24.141937,7.5040894,261.07822,99863.375,0.0,2.2634814
2001-05-16 12:00:00,20.912964,14.099976,165.50343,99623.59,1.2324175e-05,2.0869122
2001-05-17 12:00:00,25.494263,12.926147,303.9363,99374.31,3.8039157e-06,0.6662144
2001-05-18 12:00:00,23.902557,15.6409,292.93515,99453.39,1.5749196e-05,2.656108
2001-05-19 12:00:00,25.7359,11.461609,352.99512,99985.914,0.0,3.2373753
2001-05-20 12:00:00,30.726807,12.185669,276.96375,100291.67,0.0,2.1664255
2001-05-21 12:00:00,33.02423,20.652405,301.02423,100199.516,7.0033416e-08,1.8224661
2001-05-22 12:00:00,33.90695,16.691132,315.50882,100111.086,0.0,3.054044
2001-05-23 12:00:00,30.477692,19.856262,244.85716,99885.8,0.0001211907,2.4260402
2001-05-24 12:00:00,30.085938,17.836853,260.40634,99532.04,8.3340106e-05,1.7561505
2001-05-25 12:00:00,30.59079,19.537994,275.38455,98840.79,0.0,3.0393128
2001-05-26 12:00:00,31.295837,20.739258,308.07294,98589.055,5.637735e-05,1.9477292
2001-05-27 12:00:00,21.913116,16.023682,71.27094,98832.1,0.00015170235,2.5446641
2001-05-28 12:00:00,21.732086,12.684418,256.52145,99201.84,1.3039149e-05,3.6437876
2001-05-29 12:00:00,19.64386,12.583496,68.77575,99550.26,4.3339096e-05,2.9206643
2001-05-30 12:00:00,20.883392,13.23999,123.654884,99727.234,3.4143257e-05,1.5202849
2001-05-31 12:00:00,22.696259,15.38089,178.1472,99977.03,3.417453e-05,2.0031416
2001-06-01 12:00:00,22.517426,16.745056,162.26732,100256.11,6.599053e-05,1.8783995
2001-06-02 12:00:00,24.010223,17.159058,182.37799,100427.13,8.2123435e-05,1.8507041
2001-06-03 12:00:00,27.059418,15.63028,308.44217,100224.98,8.406016e-06,1.4538679
2001-06-04 12:00:00,30.196655,17.264313,326.35947,99962.54,0.0,2.1712966
2001-06-05 12:00:00,28.765839,20.242126,190.36183,99808.46,0.00014262453,3.2621033
2001-06-06 12:00:00,32.7872,19.80835,336.5488,99994.38,0.0,1.7684584
2001-06-07 12:00:00,33.189636,21.210632,281.62488,100045.81,2.6835036e-05,1.0334783
2001-06-08 12:00:00,32.09668,20.94925,284.4843,100088.26,6.4704764e-06,1.0206615
2001-06-09 12:00:00,30.628387,19.294464,228.81322,99948.69,0.00023554824,2.0180476
2001-06-10 12:00:00,30.108429,20.396637,179.29852,100268.61,0.0,2.0288138
2001-06-11 12:00:00,29.315643,15.561615,359.28592,100720.445,0.0,1.9565203
2001-06-12 12:00:00,30.374268,15.048004,360.87228,100879.49,0.0,2.4987915
2001-06-13 12:00:00,31.85904,14.076782,361.63934,100678.72,0.0,1.7852643
2001-06-14 12:00:00,33.102997,17.136566,324.5814,100459.58,0.0,1.866509
2001-06-15 12:00:00,31.733246,21.384521,238.73517,100451.875,2.2541442e-07,1.9644234
2001-06-16 12:00:00,32.753265,22.557983,283.83038,100213.39,4.4591954e-05,1.0772254
2001-06-17 12:00:00,28.2128,20.638367,185.50497,100028.11,0.00014389478,1.6230689
2001-06-18 12:00:00,32.023193,19.149384,314.60684,100257.01,0.0,1.7326256
2001-06-19 12:00:00,32.11743,18.243134,353.27148,100331.68,0.0,2.5866826
2001-06-20 12:00:00,33.30893,16.915985,359.85837,99922.945,0.0,2.1407287
2001-06-21 12:00:00,34.474,23.042786,331.726,99436.71,0.0,2.8089347
2001-06-22 12:00:00,37.45047,25.722046,316.24713,99542.17,1.62776e-05,2.0039191
2001-06-23 12:00:00,36.679016,26.193085,342.78607,99554.56,4.4254302e-06,2.9294994
2001-06-24 12:00:00,36.02176,26.370087,294.30157,99385.36,4.0816798e-05,2.9249828
2001-06-25 12:00:00,33.67276,23.006592,329.46585,99742.74,1.019543e-05,1.956802
2001-06-26 12:00:00,36.301483,19.559662,338.98425,99986.38,0.0,0.358549
2001-06-27 12:00:00,38.8425,23.139038,337.52066,100029.8,1.4225083e-06,1.1326165
2001-06-28 12:00:00,38.972717,23.941437,315.93112,99911.68,2.6449077e-05,1.1522447
2001-06-29 12:00:00,37.27826,21.493011,341.90616,99419.81,3.12128e-05,1.6118383
2001-06-30 12:00:00,36.34247,23.97055,337.44058,99068.445,9.67598e-06,2.273283
2001-07-01 12:00:00,32.424194,21.13147,151.37877,99642.91,3.0790576e-05,2.6305745
2001-07-02 12:00:00,31.80716,19.850983,355.2751,100021.836,5.3101978e-08,2.408456
2001-07-03 12:00:00,35.363434,17.90451,311.22818,99898.11,2.1680957e-05,0.80341345
2001-07-04 12:00:00,34.04001,20.778046,297.4772,99906.68,0.00014904275,1.5868417
2001-07-05 12:00:00,36.568787,22.983826,323.7546,99862.85,3.3994165e-06,0.9630665
2001-07-06 12:00:00,36.20056,22.372894,341.52222,99875.2,0.0,1.9269103
2001-07-07 12:00:00,39.3591,24.573212,344.46863,99746.805,0.0,2.030911
2001-07-08 12:00:00,41.14563,26.124512,347.34274,99615.195,1.7761899e-07,2.5875711
2001-07-09 12:00:00,39.427887,23.532074,347.36813,99663.55,1.9417052e-06,2.5281825
2001-07-10 12:00:00,34.7724,20.632538,262.215,99817.88,0.0,1.2487266
2001-07-11 12:00:00,33.388184,20.70816,324.05045,99813.07,0.0,1.3439839
2001-07-12 12:00:00,36.300537,20.511414,345.07956,99841.09,0.0,1.6904522
2001-07-13 12:00:00,35.052765,24.294128,119.09945,99728.414,4.937998e-06,1.1320177
2001-07-14 12:00:00,33.595856,21.09311,286.25027,99800.31,0.00012871245,1.596738
2001-07-15 12:00:00,34.944214,22.495361,333.1959,99724.67,0.0,1.7574661
2001-07-16 12:00:00,39.355194,24.59433,339.49066,99522.18,0.0,1.9487424
2001-07-17 12:00:00,39.591003,25.469452,261.53946,99478.375,1.6230219e-05,1.0440227
2001-07-18 12:00:00,35.629944,24.681488,287.60196,99699.9,1.4827328e-05,1.6254019
2001-07-19 12:00:00,36.99933,23.474884,327.0866,99466.9,8.285952e-07,1.0610203
2001-07-20 12:00:00,36.088226,26.095581,336.345,99175.27,0.0,2.680934
2001-07-21 12:00:00,34.762756,20.700928,313.38065,99264.516,1.0914569e-06,1.5825355
2001-07-22 12:00:00,35.298157,22.443878,335.0251,99393.31,4.0469175e-08,2.1517274
2001-07-23 12:00:00,34.996185,21.366638,275.4994,99646.24,0.0,2.077317
2001-07-24 12:00:00,36.31717,21.57129,264.53156,99701.53,0.0,2.1721237
2001-07-25 12:00:00,36.79779,22.075928,321.4671,99616.01,0.0,2.234527
2001-07-26 12:00:00,35.09796,21.864319,333.10617,99588.61,0.0,2.7236798
2001-07-27 12:00:00,32.368713,23.38974,254.34616,99723.625,5.8023135e-05,2.0268831
2001-07-28 12:00:00,32.934235,22.901123,218.65341,99904.21,2.9952127e-05,0.628998
2001-07-29 12:00:00,35.248352,21.732971,270.55838,99946.75,4.6311743e-05,1.5580318
2001-07-30 12:00:00,31.147614,23.581482,131.50629,99973.54,8.894428e-06,1.7830734
2001-07-31 12:00:00,28.989624,21.337463,188.1531,99885.63,0.0002323874,0.6175111
2001-08-01 12:00:00,31.771149,21.36377,260.46866,99795.99,7.867383e-05,0.64734
2001-08-02 12:00:00,34.96689,21.582,321.10538,99755.95,0.0,1.0150772
2001-08-03 12:00:00,37.055573,22.158142,324.6191,99836.72,0.0,0.37038696
2001-08-04 12:00:00,39.094513,23.26062,322.61206,99909.22,0.0,1.5002409
2001-08-05 12:00:00,40.32318,24.484192,311.52274,99876.336,5.6888766e-06,1.2067844
2001-08-06 12:00:00,40.97757,22.099396,281.0072,99691.29,2.7030988e-05,0.9977616
2001-08-07 12:00:00,40.153564,23.860413,264.7466,99601.25,1.9441135e-05,1.0194396
2001-08-08 12:00:00,39.55017,21.836487,311.7663,99766.85,3.4532575e-05,1.2949698
2001-08-09 12:00:00,39.410736,24.844513,300.45306,100046.38,4.7242416e-08,1.0593559
2001-08-10 12:00:00,40.283142,25.012512,307.38828,100172.96,2.0633062e-05,0.80441856
2001-08-11 12:00:00,40.664093,26.056854,295.9291,100033.8,0.0,1.3300743
2001-08-12 12:00:00,38.66507,22.984924,316.54416,100067.41,0.0,2.3057928
2001-08-13 12:00:00,39.422607,22.413483,311.9688,100124.1,0.0,1.6036355
2001-08-14 12:00:00,41.05374,25.244293,308.96127,100005.45,0.0,1.956054
2001-08-15 12:00:00,41.829163,26.523438,305.02753,99843.87,0.0,1.6785308
2001-08-16 12:00:00,42.20038,25.211853,278.46317,99625.71,8.780854e-06,0.6582712
2001-08-17 12:00:00,41.3981,23.687775,272.2669,99581.85,1.5370962e-06,1.5069897
2001-08-18 12:00:00,40.09485,24.53592,290.7409,99663.15,0.0,1.8423735
2001-08-19 12:00:00,40.965942,23.883423,267.52524,99741.42,8.66086e-06,1.1327512
2001-08-20 12:00:00,36.042725,22.19284,285.62393,99948.43,8.220396e-05,2.3271952
2001-08-21 12:00:00,29.104187,19.781067,84.80512,100085.234,0.00022411093,2.953613
2001-08-22 12:00:00,29.361664,16.640564,308.9824,100258.09,0.0,1.4702783
2001-08-23 12:00:00,31.559204,16.936646,300.68463,100259.625,0.0,1.8363072
2001-08-24 12:00:00,32.727905,18.669281,298.43887,100418.664,0.0,1.8816899
2001-08-25 12:00:00,33.47824,16.954895,298.56897,100410.734,0.0,1.6156609
2001-08-26 12:00:00,35.921875,20.303528,291.17523,100100.75,0.0,1.5261098
2001-08-27 12:00:00,36.47699,22.567139,234.53835,99862.016,1.6770782e-08,0.36688557
2001-08-28 12:00:00,32.95938,22.884888,256.05698,100188.664,1.8702038e-07,2.477556
2001-08-29 12:00:00,32.214935,19.411499,291.07623,100435.57,0.0,2.4562047
2001-08-30 12:00:00,34.592987,16.471985,288.85303,100320.625,0.0,1.7810858
2001-08-31 12:00:00,37.044952,21.642334,279.12988,99851.32,0.0,1.6187037
2001-09-01 12:00:00,36.879333,25.761353,274.6184,99559.63,0.0,2.5271378
2001-09-02 12:00:00,38.10077,24.178009,201.52948,99471.24,3.7427177e-05,1.724497
2001-09-03 12:00:00,37.240387,21.69278,242.83307,99488.72,1.3854826e-05,1.3232869
2001-09-04 12:00:00,35.525574,23.810425,162.60197,99426.125,3.8536717e-05,1.9723808
2001-09-05 12:00:00,36.617645,25.439575,240.92572,99541.04,0.0,2.4640396
2001-09-06 12:00:00,34.942413,26.279297,163.76428,99477.95,3.542837e-05,2.8023813
2001-09-07 12:00:00,26.1344,19.409576,64.514145,99933.13,8.4955405e-05,3.49138
2001-09-08 12:00:00,21.900726,14.971771,252.62288,100352.45,0.00015194558,4.1851354
2001-09-09 12:00:00,22.061188,12.086426,268.8028,100648.47,0.0,3.2881856
2001-09-10 12:00:00,22.692322,10.898804,272.871,100761.22,0.0,2.671878
2001-09-11 12:00:00,23.950378,10.164124,270.5097,100734.76,0.0,1.9117384
2001-09-12 12:00:00,25.05185,11.67334,233.40985,100574.305,0.0,1.2659348
2001-09-13 12:00:00,26.896057,13.368317,211.87584,100510.07,0.0,1.0641056
2001-09-14 12:00:00,24.839996,17.634918,90.024506,100449.875,3.7850758e-05,1.5180212
2001-09-15 12:00:00,24.141785,18.200378,118.25371,100137.805,7.387497e-05,1.5059711
2001-09-16 12:00:00,24.935211,18.315063,160.25165,99633.38,3.404946e-05,0.83148175
2001-09-17 12:00:00,25.643616,15.313263,240.66959,99709.45,6.1238894e-09,1.5093504
2001-09-18 12:00:00,29.732178,13.532562,243.1232,99842.85,0.0,1.2241155
2001-09-19 12:00:00,31.50351,17.310364,238.6294,99493.32,0.0,3.2305977
2001-09-20 12:00:00,28.422546,19.307556,178.558,99401.94,8.7010616e-05,2.0890667
2001-09-21 12:00:00,23.802765,16.635437,175.58076,99639.35,9.818433e-08,2.0359643
2001-09-22 12:00:00,25.924072,16.052551,121.8409,99638.5,9.877434e-10,0.8205732
2001-09-23 12:00:00,23.243713,15.707794,198.2488,99353.945,6.2704356e-07,2.0602822
2001-09-24 12:00:00,19.226166,10.660339,245.91908,99849.734,0.0,2.5966256
2001-09-25 12:00:00,21.439728,8.084045,230.3563,100193.68,0.0,1.4691361
2001-09-26 12:00:00,25.826233,9.970184,233.64897,99909.5,0.0,1.91409
2001-09-27 12:00:00,22.395569,14.485626,141.39227,99483.68,1.2826932e-05,1.5486463
2001-09-28 12:00:00,26.809479,13.745728,230.86131,99602.13,0.0,1.878129
2001-09-29 12:00:00,32.502228,16.360748,226.62872,99564.83,0.0,2.9361234
2001-09-30 12:00:00,28.748077,12.0156555,91.693474,99926.695,8.753368e-06,1.904696
2001-10-01 12:00:00,12.193024,6.781952,94.269455,100511.07,0.0001420661,3.643622
2001-10-02 12:00:00,11.308746,4.452881,186.30904,100529.88,1.2098047e-07,3.0761144
2001-10-03 12:00:00,16.578186,0.98327637,226.3342,100649.63,0.0,1.7739387
2001-10-04 12:00:00,23.837433,7.1776733,217.13841,100819.305,0.0,2.4200454
2001-10-05 12:00:00,23.591644,10.905426,216.76797,100742.87,0.0,1.4874059
2001-10-06 12:00:00,21.053528,6.677765,219.11385,100704.32,0.0,1.9892586
2001-10-07 12:00:00,23.049438,5.953583,215.86626,100593.38,0.0,1.4916406
2001-10-08 12:00:00,23.865326,7.4523315,212.57948,100664.3,0.0,1.7407017
2001-10-09 12:00:00,24.117126,8.082642,201.51663,100463.83,0.0,1.7165861
2001-10-10 12:00:00,24.267456,9.645752,172.28557,100320.56,0.0,2.718802
2001-10-11 12:00:00,20.068176,10.176147,210.543,101061.79,0.0,4.228017
2001-10-12 12:00:00,17.955566,2.1436768,210.20796,100746.65,0.0,1.483427
2001-10-13 12:00:00,22.804443,5.1932373,199.92696,100528.0,0.0,0.95002455
2001-10-14 12:00:00,21.117188,6.198517,198.57281,100572.28,0.0,2.0432878
2001-10-15 12:00:00,24.732513,6.6593933,194.82376,100121.89,0.0,1.6965386
2001-10-16 12:00:00,25.387878,11.838562,166.07016,99551.59,0.0,2.6476147
2001-10-17 12:00:00,25.726562,18.59726,163.15167,98948.88,5.9118003e-05,3.652652
2001-10-18 12:00:00,24.58554,6.929413,74.79776,99785.914,5.896027e-06,4.747319
2001-10-19 12:00:00,11.295288,2.2687378,194.49744,100892.484,4.26556e-07,2.8819149
2001-10-20 12:00:00,16.7995,0.8258972,190.96664,101122.12,0.0,1.4982074
2001-10-21 12:00:00,18.580383,2.56839,189.42021,101242.92,0.0,2.100816
2001-10-22 12:00:00,20.106995,1.8854065,188.41435,100904.01,0.0,1.7553861
2001-10-23 12:00:00,20.871796,3.895874,157.7467,100577.625,0.0,2.1653433
2001-10-24 12:00:00,22.102661,5.5509033,181.33153,100516.11,0.0,2.0277061
2001-10-25 12:00:00,23.777405,6.9408264,172.49611,100706.0,0.0,1.8573112
2001-10-26 12:00:00,22.734589,11.498505,151.65436,100696.86,1.9634466e-07,1.7293664
2001-10-27 12:00:00,25.003876,14.086243,116.32151,100245.63,0.0,0.58658797
2001-10-28 12:00:00,25.546844,14.382721,115.92791,99668.555,0.0,1.9857564
2001-10-29 12:00:00,26.71997,16.487152,172.67435,99411.516,2.2324266e-05,4.044956
2001-10-30 12:00:00,22.756317,12.816559,53.111355,99979.055,5.7615503e-05,2.277811
2001-10-31 12:00:00,24.520569,12.14978,85.419,99358.0,0.00012037511,4.7104073
2001-11-01 12:00:00,11.914215,4.023041,165.1314,100678.96,1.8578493e-07,4.3582845
2001-11-02 12:00:00,9.431305,-1.71875,164.1015,101141.96,1.152543e-07,0.8272967
2001-11-03 12:00:00,13.199921,-0.62020874,158.88092,100519.98,1.1423092e-07,2.2079327
2001-11-04 12:00:00,8.238861,1.3695984,128.80498,100997.96,4.3841237e-06,3.1597292
2001-11-05 12:00:00,2.0072021,-6.0742188,162.72278,101755.1,9.415953e-07,2.3879251
2001-11-06 12:00:00,5.074646,-5.8036194,159.22058,101137.71,4.8190025e-09,1.01591
2001-11-07 12:00:00,6.62735,-5.414978,154.02664,101110.34,1.4569342e-08,1.8273816
2001-11-08 12:00:00,6.039459,-1.6611023,81.17764,101053.89,0.0,1.8558803
2001-11-09 12:00:00,8.891327,1.0406799,98.09764,100887.12,2.3247974e-08,1.5817711
2001-11-10 12:00:00,10.641846,-2.3123474,145.08704,100691.77,1.7950272e-07,1.5092406
2001-11-11 12:00:00,10.943176,-3.6097412,141.96513,100791.055,1.8741838e-07,1.369278
2001-11-12 12:00:00,12.149231,1.3058472,105.612335,100632.27,0.0,0.9458116
2001-11-13 12:00:00,7.4661255,2.359558,69.76745,100910.26,3.31488e-06,2.5374029
2001-11-14 12:00:00,6.887451,1.7156372,62.75484,101266.84,1.2205605e-05,1.6850197
2001-11-15 12:00:00,9.598907,-1.9126892,119.15464,100873.74,1.2034199e-06,1.8861104
2001-11-16 12:00:00,8.6710205,0.35061646,68.670395,100486.15,1.3251803e-05,0.72215205
2001-11-17 12:00:00,5.5888977,1.9684448,79.61676,100727.83,3.7433958e-05,2.185672
2001-11-18 12:00:00,3.2590027,0.43502808,22.918667,99632.1,0.00026808062,3.9874423
2001-11-19 12:00:00,0.868103,0.4864807,67.865234,99227.93,0.00021399716,5.4219036
2001-11-20 12:00:00,0.68951416,-1.3743896,72.58755,100885.42,7.269302e-06,3.183638
2001-11-21 12:00:00,-1.2874451,-10.707001,116.38226,101621.484,8.912496e-07,1.4089292
2001-11-22 12:00:00,3.3660889,-9.724121,50.620773,101125.34,2.28475e-06,2.5690587
2001-11-23 12:00:00,12.08606,1.0750122,108.593925,100754.63,0.0,2.3382509
2001-11-24 12:00:00,15.0815735,2.8339539,118.2806,100084.76,0.0,3.0063832
2001-11-25 12:00:00,15.403931,9.240234,35.224964,99055.414,0.000119437056,3.9667544
2001-11-26 12:00:00,8.887024,0.5781555,94.68108,100166.56,5.500249e-07,3.718625
2001-11-27 12:00:00,6.240692,-6.754547,118.44723,100697.375,1.684016e-07,1.6535325
2001-11-28 12:00:00,10.279083,-4.915802,121.823524,100356.24,1.7483572e-07,2.5087974
2001-11-29 12:00:00,6.0177,-2.4282532,124.70681,100760.17,0.0,2.3656037
2001-11-30 12:00:00,8.63208,-3.558838,105.21098,100891.76,0.0,3.3871872
2001-12-01 12:00:00,9.312103,2.5148926,79.16535,100754.58,8.104575e-06,2.097436
2001-12-02 12:00:00,6.73053,-6.193573,109.439964,101208.65,4.83884e-07,1.0836532
2001-12-03 12:00:00,13.959381,1.939331,109.04918,99837.3,0.0,2.8833447
2001-12-04 12:00:00,12.369202,3.2141724,112.850685,99244.305,0.0,2.8913388
2001-12-05 12:00:00,8.571838,-8.877106,62.21511,100430.66,4.903429e-05,4.250707
2001-12-06 12:00:00,-6.8897095,-16.874298,123.109726,101012.39,5.6142063e-08,2.2171023
2001-12-07 12:00:00,-2.6687012,-14.623627,98.206116,100802.99,2.102243e-06,2.3721268
2001-12-08 12:00:00,-3.8736877,-12.895752,122.70938,101047.63,5.050446e-07,2.5867789
2001-12-09 12:00:00,-0.6178894,-21.891342,122.13747,101334.4,1.0242026e-09,2.0230258
2001-12-10 12:00:00,11.330078,-1.2643738,108.32699,99835.1,0.0,4.0520926
2001-12-11 12:00:00,9.176117,-8.095245,113.21807,99944.64,0.0,1.5674143
2001-12-12 12:00:00,14.074921,5.0701904,64.02944,98812.945,3.2883094e-07,4.519645
2001-12-13 12:00:00,16.356293,9.5581665,74.00289,98590.914,0.0,2.862543
2001-12-14 12:00:00,12.174042,-3.1370544,64.08266,99371.6,2.9816872e-05,4.2267175
2001-12-15 12:00:00,2.4829712,-10.621887,117.75002,101035.4,3.0202887e-07,2.1050549
2001-12-16 12:00:00,6.7124634,-7.839447,111.131004,100218.8,0.0,3.0521073
2001-12-17 12:00:00,9.492462,1.7861633,98.60948,99555.734,0.0,0.73287535
2001-12-18 12:00:00,7.1059265,-3.2557678,110.250656,100171.586,6.4261053e-07,1.3876015
2001-12-19 12:00:00,10.184082,0.0028076172,104.29554,100014.04,3.069011e-06,1.9930032
2001-12-20 12:00:00,8.104431,1.6013794,41.323967,99864.875,8.043505e-06,2.4349313
2001-12-21 12:00:00,12.051849,7.3761597,48.9959,99628.27,8.041255e-05,2.9243555
2001-12-22 12:00:00,17.113068,10.390869,43.95322,98525.92,0.00029410448,1.9057226
2001-12-23 12:00:00,14.381805,-1.1582336,56.048687,98666.08,1.1193333e-05,3.541725
2001-12-24 12:00:00,-0.53616333,-6.0544434,116.28966,99784.72,2.2046015e-06,5.1950154
2001-12-25 12:00:00,4.270691,-2.958313,114.11074,100283.766,0.0,2.621871
2001-12-26 12:00:00,6.745697,-2.5403748,99.0482,100134.17,0.0,1.8847898
2001-12-27 12:00:00,6.6925354,-3.2565918,110.38205,100607.15,2.0767093e-08,0.53279376
2001-12-28 12:00:00,8.477142,-2.167572,79.34479,100458.03,5.4347853e-05,2.5369275
2001-12-29 12:00:00,12.301788,4.533966,94.1008,99506.305,0.00010832708,3.0519512
2001-12-30 12:00:00,10.775299,2.552002,63.409668,99226.15,3.3828945e-07,1.5053421
2001-12-31 12:00:00,12.071533,1.5468445,59.327618,99655.25,2.6335575e-08,2.5704167
2002-01-01 12:00:00,1.4572754,-3.3128967,33.83797,101168.74,6.0502003e-05,2.180703
2002-01-02 12:00:00,0.12451172,-4.5714417,116.797615,100837.31,3.4171749e-06,1.4504653
2002-01-03 12:00:00,-0.63235474,-8.081207,120.017555,101088.79,6.190032e-07,2.4741905
2002-01-04 12:00:00,0.6635437,-10.632416,55.83308,100684.54,1.3280157e-05,3.442187
2002-01-05 12:00:00,7.720154,0.25076294,37.266544,99634.914,2.4743793e-05,2.448905
2002-01-06 12:00:00,1.5970154,-10.581055,89.92062,100622.664,3.324699e-08,2.5298874
2002-01-07 12:00:00,1.2357178,-13.3038025,122.65981,101272.61,4.0345597e-08,2.194533
2002-01-08 12:00:00,-2.1664734,-14.693726,122.78298,102016.8,5.121013e-10,1.3619747
2002-01-09 12:00:00,5.38855,-12.732391,123.04972,101140.14,5.575578e-09,2.8335283
2002-01-10 12:00:00,7.0354614,0.5437317,76.375015,99448.09,0.00012138202,2.0057101
2002-01-11 12:00:00,2.998108,-3.1615295,89.05191,100381.82,1.0890191e-05,3.5680463
2002-01-12 12:00:00,3.3760986,-10.284668,105.770226,100669.88,1.093442e-06,1.6677573
2002-01-13 12:00:00,5.822937,-9.315033,125.5303,100278.82,3.8410056e-07,2.3461957
2002-01-14 12:00:00,9.021393,1.1549683,66.82759,99245.21,3.8982645e-05,3.3831956
2002-01-15 12:00:00,1.2825623,-10.747437,128.5658,100273.28,2.5716614e-07,1.0817829
2002-01-16 12:00:00,6.5448,-7.7348022,128.86256,100050.75,0.0,1.017003
2002-01-17 12:00:00,8.177216,-6.9972534,131.93546,100065.484,0.0,2.1297195
2002-01-18 12:00:00,4.714752,-0.5092163,49.035614,99861.73,3.5758338e-05,2.8623035
2002-01-19 12:00:00,4.018036,-2.0378723,50.908283,98451.875,0.00023963086,1.4234495
2002-01-20 12:00:00,-0.8960571,-13.180115,88.832695,99183.15,1.1892342e-05,3.4021645
2002-01-21 12:00:00,-9.85556,-14.003967,85.56878,100524.86,1.4657384e-05,5.8006635
2002-01-22 12:00:00,-0.77633667,-16.766876,97.10984,100967.55,7.684208e-07,2.4263015
2002-01-23 12:00:00,-2.025177,-7.6524963,94.304855,101034.54,1.3133994e-05,2.981659
2002-01-24 12:00:00,9.477356,-12.154449,137.07909,100755.68,0.0,1.5785336
2002-01-25 12:00:00,3.0939941,-5.6050415,60.03617,100663.37,8.338543e-06,1.6940182
2002-01-26 12:00:00,0.40582275,-15.891144,147.43268,101114.875,1.3312142e-10,0.9106761
2002-01-27 12:00:00,3.9770508,-13.592163,127.013405,100623.97,0.0,1.6022825
2002-01-28 12:00:00,0.57940674,-8.345245,133.20033,100389.6,5.057016e-07,2.1830187
2002-01-29 12:00:00,5.0657043,-14.8263855,140.7737,100132.6,1.0804134e-05,2.0503325
2002-01-30 12:00:00,0.5007324,-15.164124,154.25302,100470.32,1.7350393e-07,2.102651
2002-01-31 12:00:00,4.119995,-6.1084595,74.91819,99775.625,2.8829792e-05,2.6043012
2002-02-01 12:00:00,1.4120789,-9.769684,157.8046,100508.52,6.315434e-06,1.0050348
2002-02-02 12:00:00,9.608856,-9.412933,151.5582,100547.12,0.0,2.6289077
2002-02-03 12:00:00,12.014557,1.9457703,126.50914,99823.85,5.3298554e-10,3.3182862
2002-02-04 12:00:00,8.694214,-6.719818,109.15014,100188.89,1.06089265e-05,3.6634827
2002-02-05 12:00:00,-1.618103,-12.836426,162.59839,100644.8,1.9484434e-08,1.5283753
2002-02-06 12:00:00,13.069946,-7.674469,159.93607,100044.625,1.0457288e-07,2.3813825
2002-02-07 12:00:00,17.40335,-0.21981812,156.17032,99980.11,0.0,2.7280242
2002-02-08 12:00:00,15.905304,-4.580963,160.71648,100320.09,0.0,0.8585962
2002-02-09 12:00:00,18.657867,6.9121094,162.08774,99994.22,0.0,2.523689
2002-02-10 12:00:00,11.961487,-4.9231567,165.2884,100837.1,0.0,0.95719606
2002-02-11 12:00:00,17.468353,-0.41220093,166.39854,100426.82,0.0,2.2141438
2002-02-12 12:00:00,15.614227,4.592682,115.39632,100192.97,0.0,2.5461817
2002-02-13 12:00:00,14.150726,7.5880127,48.51274,100095.36,3.0379613e-05,3.0146828
2002-02-14 12:00:00,13.092163,6.3957214,78.42993,100128.37,4.3029366e-05,1.8989668
2002-02-15 12:00:00,9.823334,-2.125824,180.96692,101007.336,3.2319942e-09,2.5369089
2002-02-16 12:00:00,8.947174,-4.1914673,176.46889,100938.05,8.1221685e-07,0.26806444
2002-02-17 12:00:00,11.875732,0.7293701,183.59924,99899.195,0.0,2.3764696
2002-02-18 12:00:00,9.898224,-3.4161072,189.73897,100129.53,0.0,1.8778666
2002-02-19 12:00:00,8.214844,1.6208801,96.91436,99914.52,0.0,2.547438
2002-02-20 12:00:00,5.8167725,-4.870514,165.62927,100011.266,1.0111188e-06,3.1333632
2002-02-21 12:00:00,2.229889,-7.2886963,201.9191,100555.945,0.0,5.0923114
2002-02-22 12:00:00,3.1173096,-9.024841,200.80069,101129.03,1.9623837e-08,1.154873
2002-02-23 12:00:00,6.588684,-3.6455688,113.207695,100947.62,5.9609285e-08,2.927014
2002-02-24 12:00:00,10.8186035,3.5075684,85.80459,100252.47,1.7798293e-05,3.3644345
2002-02-25 12:00:00,8.878021,-0.29257202,200.49763,100807.55,1.1267199e-05,1.869091
2002-02-26 12:00:00,5.318329,0.6195984,52.196198,100866.38,9.42906e-05,4.029601
2002-02-27 12:00:00,9.909607,3.4244385,83.539,100039.664,6.385684e-05,1.4447665
2002-02-28 12:00:00,4.0867615,-2.0820312,101.47773,100562.73,5.79743e-06,1.7084897
2002-03-01 12:00:00,8.987305,-2.2555237,200.1072,100468.21,1.4185807e-06,1.8547844
2002-03-02 12:00:00,7.683502,-0.06121826,214.44861,100812.0,1.3515535e-05,3.214029
2002-03-03 12:00:00,8.663361,-4.451996,213.73145,101337.6,2.4398709e-08,0.77950716
2002-03-04 12:00:00,13.359283,-2.1526794,214.80127,101050.12,4.5209298e-08,2.7340488
2002-03-05 12:00:00,18.122162,1.7036133,218.03183,100931.984,0.0,2.519356
2002-03-06 12:00:00,18.09668,4.186615,203.65802,101020.16,0.0,2.4430633
2002-03-07 12:00:00,16.77658,3.8035278,140.19719,100666.96,0.0,1.8920398
2002-03-08 12:00:00,18.253632,4.6848755,219.29213,100190.3,0.0,1.5455519
2002-03-09 12:00:00,20.748016,5.715973,220.72833,99998.48,0.0,1.8037113
2002-03-10 12:00:00,22.771515,6.863922,228.20271,99851.336,0.0,2.647877
2002-03-11 12:00:00,19.475311,4.0753784,226.30144,100800.55,7.683256e-06,3.4656038
2002-03-12 12:00:00,11.895966,-2.7124023,232.52213,101069.195,3.088388e-07,2.510435
2002-03-13 12:00:00,20.806824,3.9812317,198.24818,100150.99,2.684117e-07,2.275832
2002-03-14 12:00:00,18.066437,5.7094727,141.79475,98874.98,9.9564924e-05,2.4653733
2002-03-15 12:00:00,5.473297,0.09603882,206.19814,100158.2,9.082941e-06,4.298396
2002-03-16 12:00:00,4.087219,-3.7473755,203.77637,100873.1,0.0,3.9368458
2002-03-17 12:00:00,6.9309387,-4.4567566,252.00145,101354.78,8.460071e-09,2.3265386
2002-03-18 12:00:00,8.50882,-4.458496,249.5746,101246.71,4.47593e-07,1.6276457
2002-03-19 12:00:00,5.0881653,-0.76553345,67.98427,100549.44,5.6613033e-05,3.026918
2002-03-20 12:00:00,8.34787,3.0813293,51.554237,99947.21,0.0001179267,2.7459836
2002-03-21 12:00:00,13.722168,5.801605,65.97323,100063.48,1.9582783e-05,1.6202374
2002-03-22 12:00:00,20.161835,12.861267,132.77702,99999.76,1.2179477e-05,3.0583642
2002-03-23 12:00:00,20.911835,15.988037,78.96826,99640.34,0.00020564764,4.32967
2002-03-24 12:00:00,21.070984,12.251953,259.38565,99860.95,4.5343095e-05,3.0607865
2002-03-25 12:00:00,22.516327,7.98703,234.46292,100218.61,1.2827837e-11,2.4793055
2002-03-26 12:00:00,25.603485,16.49411,212.8748,99720.96,6.9120256e-06,4.0168567
2002-03-27 12:00:00,23.004822,17.71405,192.90977,99840.93,1.5740947e-07,2.7649777
2002-03-28 12:00:00,19.99289,13.560455,80.3889,99759.1,5.4551783e-05,2.275808
2002-03-29 12:00:00,22.917603,16.881958,267.53415,99072.53,3.1500716e-05,3.9586768
2002-03-30 12:00:00,20.359772,9.340881,144.53763,99150.875,1.1269562e-05,2.1636152
2002-03-31 12:00:00,10.597015,3.5289307,182.49232,100075.484,1.589714e-05,2.7005534
2002-04-01 12:00:00,14.962952,3.2898254,163.47078,99933.44,2.8380754e-08,2.8379605
2002-04-02 12:00:00,19.234344,10.697113,141.57307,98877.77,2.7578367e-06,5.28861
2002-04-03 12:00:00,16.497162,10.917694,284.72226,98494.04,0.00013125579,4.701896
2002-04-04 12:00:00,14.774048,6.288788,227.355,99662.43,1.3307139e-05,2.7263246
2002-04-05 12:00:00,14.894226,1.2481384,284.55228,100524.8,0.0,1.895599
2002-04-06 12:00:00,19.250824,3.0507202,287.3322,100225.19,0.0,2.14629
2002-04-07 12:00:00,18.14273,5.624878,155.5967,99795.3,0.0,2.23121
2002-04-08 12:00:00,16.470886,9.322845,33.734955,98882.125,0.00028622968,2.8755274
2002-04-09 12:00:00,12.775421,10.125671,98.40086,98523.164,4.280569e-05,2.753905
2002-04-10 12:00:00,14.795776,8.064117,157.64403,99211.11,6.2316744e-06,3.1564784
2002-04-11 12:00:00,13.522614,7.0917664,153.8353,99358.37,1.1298001e-05,2.782689
2002-04-12 12:00:00,16.923096,8.580933,238.00131,99196.73,4.0012997e-06,2.8587737
2002-04-13 12:00:00,15.677124,4.132263,168.03786,99141.7,0.00010693023,4.694892
2002-04-14 12:00:00,5.454376,0.13320923,108.25133,99528.06,1.4888534e-05,5.293602
2002-04-15 12:00:00,5.42688,0.0664978,147.59149,100494.02,6.1609508e-06,3.277446
2002-04-16 12:00:00,13.423737,-2.3389587,313.8434,100241.805,4.755528e-10,3.0000186
2002-04-17 12:00:00,19.198792,8.951355,165.80656,99420.31,1.2324017e-05,3.1914499
2002-04-18 12:00:00,15.361267,6.101593,301.53094,99809.375,7.253786e-06,2.9648678
2002-04-19 12:00:00,16.24002,1.9567261,251.38179,99803.84,0.0,1.4838978
2002-04-20 12:00:00,22.08551,8.663025,224.9139,99466.516,0.0,2.925594
2002-04-21 12:00:00,20.948944,14.770935,72.127106,99274.42,0.00017869909,3.5331185
2002-04-22 12:00:00,21.448944,16.056244,97.207085,99584.14,2.8036553e-05,3.3097737
2002-04-23 12:00:00,23.049591,16.986725,171.30042,99692.305,7.215303e-05,3.558617
2002-04-24 12:00:00,21.309998,14.837128,86.65177,100252.914,0.00030935815,0.60892075
2002-04-25 12:00:00,20.527008,14.895996,116.87058,100324.336,0.00012671103,1.4477935
2002-04-26 12:00:00,23.85907,13.245422,260.44406,100588.65,6.2264257e-06,1.4637278
2002-04-27 12:00:00,28.31784,14.334717,302.80093,100359.25,0.0,0.98328906
2002-04-28 12:00:00,28.32959,16.103851,280.84506,99857.88,1.4167269e-07,2.645945
2002-04-29 12:00:00,27.106567,18.515503,270.54288,99353.55,0.0,3.759518
2002-04-30 12:00:00,24.852264,16.446777,129.902,99454.266,0.00011940786,2.9215732
2002-05-01 12:00:00,21.73587,15.236938,163.95021,99727.78,9.738104e-07,1.0368112
2002-05-02 12:00:00,24.213226,15.387024,171.97073,99871.56,4.0943527e-05,1.6642191
2002-05-03 12:00:00,28.19403,14.947052,303.7768,99877.484,2.7205815e-05,1.315081
2002-05-04 12:00:00,28.811127,17.504517,253.82571,99333.36,1.0793604e-05,1.7789625
2002-05-05 12:00:00,27.023956,16.537537,86.59458,98680.75,0.00027462168,2.1842973
2002-05-06 12:00:00,22.321625,14.337067,262.19717,98631.17,1.9157842e-06,2.142828
2002-05-07 12:00:00,20.075165,12.744568,186.6153,99538.875,4.6688947e-06,3.8744717
2002-05-08 12:00:00,18.32721,10.05191,264.8104,99964.47,1.188882e-10,2.9343848
2002-05-09 12:00:00,17.05008,10.452881,145.53584,99917.05,1.8869769e-05,3.1064887
2002-05-10 12:00:00,14.812592,10.637054,121.6159,100118.03,9.260162e-06,2.9599702
2002-05-11 12:00:00,17.652374,11.1267395,182.43286,100383.41,2.9632304e-06,2.0938714
2002-05-12 12:00:00,19.061035,10.95047,234.12894,100212.375,5.667914e-06,1.9267077
2002-05-13 12:00:00,21.974335,12.899017,261.57074,99878.914,1.0374382e-05,2.3254015
2002-05-14 12:00:00,24.5495,8.809021,335.1877,99521.97,7.4330995e-09,1.60025
2002-05-15 12:00:00,21.946594,11.839233,289.6685,99387.39,5.5296136e-05,2.5071194
2002-05-16 12:00:00,21.279236,8.775787,307.73624,99712.87,0.0,1.7396008
2002-05-17 12:00:00,22.06253,10.477539,299.80493,99936.586,0.0,1.9551351
2002-05-18 12:00:00,23.866608,12.608093,320.24142,99963.445,9.916004e-09,1.8654376
2002-05-19 12:00:00,26.849396,12.029175,346.89346,99856.734,0.0,1.3361554
2002-05-20 12:00:00,29.148651,13.34494,336.60126,99742.53,0.0,0.80764276
2002-05-21 12:00:00,30.521362,14.6474,320.89374,99612.31,0.0,2.993053
2002-05-22 12:00:00,29.133392,18.409302,154.27971,99419.85,3.474424e-05,4.3786774
2002-05-23 12:00:00,30.92981,19.327515,316.68536,99753.01,0.00013330534,3.1291177
2002-05-24 12:00:00,29.082031,17.708344,72.33127,100091.77,0.00019266424,0.68980926
2002-05-25 12:00:00,21.919495,15.626129,206.30843,100290.695,0.0001722211,2.7011476
2002-05-26 12:00:00,22.133362,13.118408,285.2828,100576.45,0.0,1.9897481
2002-05-27 12:00:00,27.232513,12.794952,343.22644,100109.91,0.0,0.7056097
2002-05-28 12:00:00,30.518463,17.049377,340.4438,99709.06,1.4303038e-08,1.7172103
2002-05-29 12:00:00,32.000916,19.740448,335.02612,99701.766,4.5932634e-06,1.916955
2002-05-30 12:00:00,32.3981,20.30539,342.0837,99680.36,0.0,2.4014494
2002-05-31 12:00:00,33.53595,23.721008,319.03595,99345.95,1.6812244e-05,2.7774098
2002-06-01 12:00:00,32.9021,24.567963,332.6635,98929.47,0.0,3.8873987
2002-06-02 12:00:00,30.961395,18.198364,262.30096,99240.83,0.00040718724,1.96231
2002-06-03 12:00:00,26.55368,17.351501,227.875,99758.59,9.861018e-06,0.67084545
2002-06-04 12:00:00,25.033905,17.657349,267.40598,99937.65,4.6412235e-05,1.9983442
2002-06-05 12:00:00,27.675232,15.609833,268.4422,99948.3,1.9558207e-07,0.6512609
2002-06-06 12:00:00,28.456024,18.063446,276.22467,99738.68,3.220166e-05,1.6232337
2002-06-07 12:00:00,30.837738,17.899567,336.1233,99582.02,0.0,0.16352697
2002-06-08 12:00:00,30.738708,20.766937,268.06015,99640.63,2.9563769e-06,1.4142418
2002-06-09 12:00:00,32.55069,19.516754,344.8207,99482.51,0.0,1.0686966
2002-06-10 12:00:00,34.68103,21.482513,330.93317,99341.73,0.0,2.680675
2002-06-11 12:00:00,32.585236,20.147583,207.2454,99502.25,0.00016629798,1.1559342
2002-06-12 12:00:00,26.86499,19.577118,103.39047,99821.93,0.00037717418,1.30153
2002-06-13 12:00:00,27.736145,15.367981,336.09683,100358.2,0.0,1.5518028
2002-06-14 12:00:00,28.722107,16.297699,300.3883,100289.695,3.5403214e-06,1.1710732
2002-06-15 12:00:00,32.80533,19.681854,327.2829,99762.97,0.0,1.748113
2002-06-16 12:00:00,34.38437,20.509308,354.25974,99164.76,0.0,2.6373234
2002-06-17 12:00:00,33.19516,21.061493,352.84473,99154.65,0.0,3.7046716
2002-06-18 12:00:00,33.70993,24.059296,347.5898,99606.34,0.0,3.3813453
2002-06-19 12:00:00,35.30713,23.131165,350.92264,100159.88,0.0,2.4975295
2002-06-20 12:00:00,36.351685,22.695312,352.57953,100226.88,0.0,2.6330886
2002-06-21 12:00:00,36.455048,23.677185,295.6241,99822.92,6.163382e-08,2.957784
2002-06-22 12:00:00,33.763702,20.200531,264.59195,99351.06,0.00027018556,1.9138129
2002-06-23 12:00:00,28.447113,17.933075,337.986,99638.73,0.0,1.966433
2002-06-24 12:00:00,31.6904,18.489807,353.15384,99966.9,0.0,1.49373
2002-06-25 12:00:00,33.764404,20.390625,326.27155,99817.516,0.0,2.5277576
2002-06-26 12:00:00,35.535248,25.006195,349.56073,99488.336,0.0,3.363891
2002-06-27 12:00:00,37.016144,25.115692,350.3138,99651.76,0.0,3.2011213
2002-06-28 12:00:00,37.30609,22.97586,347.492,100036.17,2.3275036e-06,1.9863082
2002-06-29 12:00:00,36.393433,25.029938,317.31345,100167.82,5.246431e-06,2.4646873
2002-06-30 12:00:00,35.1828,23.490356,276.76544,100010.984,8.14081e-06,2.6076794
2002-07-01 12:00:00,36.393036,24.565308,317.7737,99810.29,0.0,2.457962
2002-07-02 12:00:00,37.436157,24.5784,347.87213,99710.48,0.0,2.838915
2002-07-03 12:00:00,38.21341,26.199554,348.5409,99562.05,0.0,2.9627821
2002-07-04 12:00:00,36.333405,22.935272,280.90985,99622.69,1.7119026e-05,1.7877538
2002-07-05 12:00:00,38.210358,24.329468,290.91,99716.914,5.225406e-05,0.8656592
2002-07-06 12:00:00,38.274384,23.023865,279.4584,99526.58,1.5612328e-05,1.0189341
2002-07-07 12:00:00,39.96878,25.011444,332.86722,99315.05,0.0,2.0540698
2002-07-08 12:00:00,38.913147,25.532318,310.38943,99651.695,1.7374121e-05,1.3849071
2002-07-09 12:00:00,40.23651,26.267609,318.47485,99792.91,1.4000264e-07,1.8793377
2002-07-10 12:00:00,37.41147,22.89621,355.40726,100204.32,0.0,3.4600408
2002-07-11 12:00:00,32.712738,17.741486,352.52942,100197.22,0.0,2.3999944
2002-07-12 12:00:00,36.1261,19.129883,337.49326,99940.5,0.0,1.7122995
2002-07-13 12:00:00,37.039825,22.549774,247.04265,99861.984,0.0,1.2119612
2002-07-14 12:00:00,40.020264,24.918213,282.5697,99675.45,3.0003888e-05,0.59132105
2002-07-15 12:00:00,42.158386,22.968048,318.53476,99543.586,1.1231073e-05,1.4440296
2002-07-16 12:00:00,41.782654,23.705688,289.73572,99641.97,6.5277263e-06,0.70924884
2002-07-17 12:00:00,42.181152,23.15152,321.60352,99760.46,1.8893204e-05,1.1435523
2002-07-18 12:00:00,40.924103,22.816925,276.60385,99682.234,9.735619e-05,1.1876571
2002-07-19 12:00:00,39.03656,23.203918,339.08484,99444.914,9.792373e-07,1.2190248
2002-07-20 12:00:00,40.736664,24.293823,331.4185,99498.09,0.0,0.50567055
2002-07-21 12:00:00,39.090485,26.70343,178.9975,99612.336,2.3233444e-05,2.1796737
2002-07-22 12:00:00,35.4317,22.40274,219.74802,99606.56,3.5297948e-05,2.1264906
2002-07-23 12:00:00,41.14633,27.031097,317.2928,99138.2,0.0,2.34822
2002-07-24 12:00:00,40.216614,25.255219,337.4461,99286.96,5.5614355e-06,1.6715565
2002-07-25 12:00:00,38.553436,25.554077,334.38138,99873.234,0.0,2.3561041
2002-07-26 12:00:00,41.170776,24.701904,260.05844,99933.055,1.0707367e-05,1.7041475
2002-07-27 12:00:00,39.639404,24.95288,245.59262,99494.63,0.0,0.6192239
2002-07-28 12:00:00,42.613068,24.331482,281.53192,99290.69,0.0,0.6726318
2002-07-29 12:00:00,42.411743,25.753937,326.89764,99004.1,0.0,2.662492
2002-07-30 12:00:00,40.253967,23.941254,300.1888,99426.79,0.0,1.9468619
2002-07-31 12:00:00,41.411896,24.998352,279.94632,99674.695,1.5442101e-06,1.4269397
2002-08-01 12:00:00,42.024048,25.0484,318.48404,99833.3,0.0,0.5609141
2002-08-02 12:00:00,42.459595,27.184967,320.82898,99811.305,2.5540712e-07,1.8450115
2002-08-03 12:00:00,42.05429,27.977509,279.44687,99807.086,0.0,2.1432052
2002-08-04 12:00:00,41.868256,25.82602,278.02713,99836.55,3.0768915e-05,2.057933
2002-08-05 12:00:00,37.081757,23.840057,254.66364,99943.11,3.723175e-06,1.9001855
2002-08-06 12:00:00,36.93286,24.924713,255.78511,99973.01,2.1189722e-05,0.75008065
2002-08-07 12:00:00,35.38553,23.983887,311.18576,100092.71,3.2339856e-05,2.0370033
2002-08-08 12:00:00,35.363464,20.97113,314.9633,99933.88,0.0,1.6432668
2002-08-09 12:00:00,39.155304,24.312714,307.45343,99831.984,0.0,1.7934736
2002-08-10 12:00:00,39.57007,24.01004,299.99008,100053.72,1.0298113e-06,1.2919799
2002-08-11 12:00:00,39.93933,25.287292,280.2329,100061.29,1.1243163e-06,1.1276684
2002-08-12 12:00:00,40.945587,22.006256,299.74402,99668.59,9.5594216e-05,1.5147889
2002-08-13 12:00:00,40.40439,25.236267,295.1158,99649.055,1.4362432e-06,0.7400407
2002-08-14 12:00:00,39.46872,26.45343,292.81345,99901.05,3.4340882e-08,2.11464
2002-08-15 12:00:00,42.838776,27.30951,305.27615,99581.82,0.0,1.6569294
2002-08-16 12:00:00,40.93097,26.102509,268.9929,99518.484,0.0,0.54554135
2002-08-17 12:00:00,41.453064,26.456116,299.82187,99766.21,0.0,1.7283664
2002-08-18 12:00:00,42.029694,26.219116,290.51862,99813.516,3.5553985e-05,0.7120357
2002-08-19 12:00:00,35.440033,22.945374,223.2353,99825.336,7.4602416e-05,1.2448499
2002-08-20 12:00:00,38.57135,26.657623,275.88776,99621.36,0.0,2.8696094
2002-08-21 12:00:00,39.916656,24.442719,256.44867,99592.78,5.86909e-05,2.2445178
2002-08-22 12:00:00,32.256104,22.214844,294.15152,100199.04,2.3319576e-06,2.4009497
2002-08-23 12:00:00,32.343994,19.135376,271.442,100122.82,0.0,2.019399
2002-08-24 12:00:00,30.135986,18.872528,107.02488,99679.78,0.00017321132,1.955954
2002-08-25 12:00:00,26.375153,20.761719,111.776794,99341.99,0.0010190405,0.7112857
2002-08-26 12:00:00,25.995178,20.550629,277.084,99876.14,0.0,2.8699627
2002-08-27 12:00:00,23.81134,14.615265,299.2155,100345.14,2.190782e-09,2.6035254
2002-08-28 12:00:00,24.317993,10.953735,297.72684,100293.2,0.0,1.4450376
2002-08-29 12:00:00,26.286621,12.974426,295.93402,99954.85,0.0,1.0422446
2002-08-30 12:00:00,26.641235,15.450562,122.49451,99642.63,1.0209051e-05,1.7800846
2002-08-31 12:00:00,27.718262,17.744354,282.00323,99722.06,1.7547016e-05,1.6519454
2002-09-01 12:00:00,30.950745,18.512634,282.22995,100086.086,9.394828e-09,1.3395913
2002-09-02 12:00:00,32.78711,18.513245,280.0927,100375.73,0.0,0.70036036
2002-09-03 12:00:00,35.15152,19.450562,268.29666,100387.46,0.0,0.62977177
2002-09-04 12:00:00,37.55072,20.82965,272.28156,100161.875,0.0,1.486195
2002-09-05 12:00:00,38.477997,22.343933,271.09485,100028.195,0.0,2.0276163
2002-09-06 12:00:00,37.002472,23.096191,265.03464,100230.76,0.0,2.1829345
2002-09-07 12:00:00,36.591614,22.350311,261.03018,100337.67,0.0,2.2516875
2002-09-08 12:00:00,36.127045,23.082397,238.27252,99937.4,1.1191935e-06,1.9593765
2002-09-09 12:00:00,32.354736,23.41858,214.35689,99779.06,6.863922e-07,1.8702133
2002-09-10 12:00:00,29.529999,18.454163,233.8144,100143.1,0.0,2.7480466
2002-09-11 12:00:00,25.582031,14.558472,271.1647,100603.875,0.0,2.4867454
2002-09-12 12:00:00,27.89447,11.53656,270.8752,100319.266,0.0,1.4509475
2002-09-13 12:00:00,32.62509,15.372437,238.65395,100124.69,0.0,1.4979384
2002-09-14 12:00:00,34.733643,18.85138,254.35345,100238.53,0.0,1.7320788
2002-09-15 12:00:00,34.99176,17.951904,252.85066,100370.44,0.0,1.7789483
2002-09-16 12:00:00,35.522766,19.353088,250.5236,100409.97,0.0,2.0052674
2002-09-17 12:00:00,35.20398,21.085114,218.08737,100317.94,0.0,2.2529213
2002-09-18 12:00:00,35.120544,22.727783,195.74329,100188.914,0.0,1.8994067
2002-09-19 12:00:00,31.374908,19.584503,70.26744,100423.625,0.00019822223,1.573443
2002-09-20 12:00:00,27.50232,16.280457,249.76013,100574.29,4.1854665e-07,2.129024
2002-09-21 12:00:00,25.74228,11.690063,252.80067,100438.57,0.0,2.049542
2002-09-22 12:00:00,25.81903,10.800171,249.15259,100518.2,0.0,2.1102536
2002-09-23 12:00:00,27.96283,13.911072,229.5165,100619.84,9.394828e-09,2.103498
2002-09-24 12:00:00,27.405487,15.547424,206.8331,100564.11,0.0,1.8317523
2002-09-25 12:00:00,27.50177,18.072296,219.19083,100259.19,0.0,1.2808464
2002-09-26 12:00:00,31.201935,19.47467,201.14275,100104.65,0.0,1.1958361
2002-09-27 12:00:00,30.814392,19.768219,202.32156,100226.164,0.0,1.6424254
2002-09-28 12:00:00,32.006897,21.217377,197.08267,100225.734,9.003791e-06,1.842383
2002-09-29 12:00:00,31.007751,22.433807,176.01642,100117.63,5.395543e-06,1.7332183
2002-09-30 12:00:00,32.159332,21.863983,200.32661,100071.586,0.0,1.1456152
2002-10-01 12:00:00,29.029785,16.679352,223.49751,100591.57,0.0,4.5261106
2002-10-02 12:00:00,22.42456,11.468597,228.67316,100889.32,0.0,3.6045458
2002-10-03 12:00:00,20.187592,8.148193,154.99712,100476.46,2.2418973e-07,2.3171158
2002-10-04 12:00:00,20.17096,14.467834,91.046104,100589.05,2.4400064e-05,1.3123786
2002-10-05 12:00:00,24.38617,12.266052,203.82614,100750.66,6.768798e-08,0.9800342
2002-10-06 12:00:00,27.578705,13.030304,211.36948,100366.555,0.0,1.8521146
2002-10-07 12:00:00,29.512299,16.007996,130.96532,99848.69,1.5717723e-06,2.719125
2002-10-08 12:00:00,26.888,10.554718,179.6573,100178.28,0.0001374495,3.312157
2002-10-09 12:00:00,14.882019,4.1843567,216.24254,101219.39,0.0,2.1287203
2002-10-10 12:00:00,17.670715,2.6810303,214.76964,101032.984,0.0,2.1512868
2002-10-11 12:00:00,20.421051,4.6109924,199.50485,100618.48,0.0,1.9045222
2002-10-12 12:00:00,22.265442,7.8168335,155.841,100474.78,0.0,1.707418
2002-10-13 12:00:00,25.208984,12.004974,187.03157,100381.04,5.3248567e-10,1.2499373
2002-10-14 12:00:00,24.423828,12.441284,143.7336,100256.52,4.209972e-07,1.7276006
2002-10-15 12:00:00,25.283936,14.173553,179.32945,100431.05,8.085279e-07,1.2978088
2002-10-16 12:00:00,21.894775,13.372345,193.88959,100772.05,8.7779384e-08,2.4970784
2002-10-17 12:00:00,22.766174,6.276306,193.51373,100236.945,0.0,0.9482262
2002-10-18 12:00:00,28.643219,9.460083,192.22276,99672.56,0.0,1.8372319
2002-10-19 12:00:00,24.975677,12.347778,186.97371,100121.266,0.0,2.5657628
2002-10-20 12:00:00,23.124176,9.405304,182.9284,100434.93,0.0,2.2284584
2002-10-21 12:00:00,21.489136,11.591309,86.47693,100193.664,0.0,1.4398055
2002-10-22 12:00:00,25.778564,12.436218,174.89078,100122.14,0.0,1.8349527
2002-10-23 12:00:00,24.788849,12.9062805,142.77899,100650.94,0.0,0.83707595
2002-10-24 12:00:00,24.101013,14.247833,149.48073,100802.234,1.0830442e-07,2.5338414
2002-10-25 12:00:00,23.879456,12.658569,167.69658,100313.77,0.0,1.6435564
2002-10-26 12:00:00,19.979584,7.958893,151.3834,100507.48,0.0,2.42472
2002-10-27 12:00:00,16.785126,8.286713,78.509575,100174.36,6.15483e-05,2.0838897
2002-10-28 12:00:00,17.594788,11.299011,127.62611,99968.766,8.388524e-06,0.80885273
2002-10-29 12:00:00,24.056702,7.0557556,166.18188,99929.78,0.0,2.542021
2002-10-30 12:00:00,21.879272,9.567108,167.32596,100117.56,0.0,1.8087294
2002-10-31 12:00:00,24.037964,6.0937195,160.58904,100284.1,0.0,2.452589
2002-11-01 12:00:00,22.545898,8.600372,145.23225,100170.32,0.0,2.8831053
2002-11-02 12:00:00,23.347107,11.002228,156.61986,99966.14,0.0,2.7030542
2002-11-03 12:00:00,23.812592,13.51004,115.4366,99647.91,0.0,2.9204438
2002-11-04 12:00:00,21.582428,8.174988,35.930714,100428.375,0.0002475867,2.6717448
2002-11-05 12:00:00,8.371124,6.308319,16.86688,100694.53,0.00030685993,3.6367023
2002-11-06 12:00:00,7.7973633,4.288391,44.2033,100495.266,4.400971e-05,2.6205747
2002-11-07 12:00:00,8.220856,-2.1403198,156.184,100838.7,1.5996685e-06,2.3740866
2002-11-08 12:00:00,8.81012,-0.9562988,152.32893,100726.89,0.0,1.9134554
2002-11-09 12:00:00,6.3322754,-3.062683,145.76129,101297.85,1.0808822e-06,1.0690671
2002-11-10 12:00:00,8.874451,-1.2211609,104.57544,100614.89,2.0444934e-07,1.6302913
2002-11-11 12:00:00,8.748383,3.4154968,63.251133,100364.1,3.9987985e-06,1.050047
2002-11-12 12:00:00,4.595459,-2.4125977,148.27917,101140.7,2.2259246e-06,2.783536
2002-11-13 12:00:00,3.2272644,-3.3511658,50.90866,100853.38,1.9404204e-05,2.0570853
2002-11-14 12:00:00,5.816925,-2.2788696,144.7901,100566.11,2.142214e-06,2.0418744
2002-11-15 12:00:00,6.3273926,-10.763245,117.70851,100831.14,4.3587852e-07,0.7484388
2002-11-16 12:00:00,8.827759,-3.0943604,89.566376,100654.24,0.0,1.5311751
2002-11-17 12:00:00,9.655762,0.09963989,48.383728,100068.984,1.6703956e-05,1.6837646
2002-11-18 12:00:00,9.674744,6.942749,47.862713,99474.57,4.351639e-05,0.8783696
2002-11-19 12:00:00,7.575226,3.4795227,46.922474,100353.14,9.882352e-06,2.6227996
2002-11-20 12:00:00,3.6408691,1.0673828,35.40806,100257.516,8.13943e-05,1.4442621
2002-11-21 12:00:00,1.28125,-3.9140015,81.196236,100459.77,4.5554134e-06,2.4722083
2002-11-22 12:00:00,0.77841187,-8.35434,118.68848,100799.49,1.6439893e-06,0.95651853
2002-11-23 12:00:00,5.2984314,-6.99704,122.29867,100705.38,2.4895485e-07,1.1187103
2002-11-24 12:00:00,5.797821,-1.7520752,69.82332,101003.68,2.102231e-07,2.6636136
2002-11-25 12:00:00,3.765747,-5.0351257,90.68691,101006.875,5.273894e-07,2.9383607
2002-11-26 12:00:00,5.225708,-7.6848755,123.35451,100640.61,8.5905657e-07,1.1477664
2002-11-27 12:00:00,8.594238,-2.8572083,93.586914,99557.91,6.6975906e-07,2.8836846
2002-11-28 12:00:00,12.350403,3.1836548,69.51461,98820.91,7.0212556e-09,1.9059318
2002-11-29 12:00:00,10.892029,6.8463135,13.070446,98814.125,0.00026303832,1.3875426
2002-11-30 12:00:00,9.488922,5.1030273,9.778576,97681.24,0.0007850055,5.6609426
2002-12-01 12:00:00,9.130981,2.4534607,24.014929,97446.72,0.00022120823,1.6956034
2002-12-02 12:00:00,5.4651184,1.3040161,108.91518,98676.25,1.5084496e-05,3.722183
2002-12-03 12:00:00,10.213409,-2.4514465,116.18692,99320.95,0.0,1.4731346
2002-12-04 12:00:00,14.16333,3.0994873,54.309467,99492.86,4.3992723e-06,2.5975833
2002-12-05 12:00:00,16.320282,14.239502,23.654713,99181.03,0.00013448302,5.4814334
2002-12-06 12:00:00,16.266052,10.97525,19.193298,98797.93,0.0003616416,1.7856225
2002-12-07 12:00:00,11.288452,4.4247437,117.11864,99761.05,2.9385685e-06,3.823199
2002-12-08 12:00:00,13.624542,1.0517578,112.29567,100550.35,0.0,2.4177504
2002-12-09 12:00:00,9.6744995,3.2860107,102.758255,100961.45,0.0,1.3047794
2002-12-10 12:00:00,3.453827,-4.7332764,51.851612,101805.66,1.4833778e-06,2.3036945
2002-12-11 12:00:00,1.0616455,-4.563629,65.279724,101484.97,2.9956923e-06,1.5728575
2002-12-12 12:00:00,0.98135376,-2.3204346,19.541683,100139.46,9.219972e-05,1.7964246
2002-12-13 12:00:00,2.7488403,-1.9532166,62.63102,100015.164,8.970501e-06,2.114266
2002-12-14 12:00:00,6.60141,-7.890381,109.846146,100322.56,2.0340909e-07,1.7923802
2002-12-15 12:00:00,9.320892,-3.656372,110.16336,100126.56,6.133759e-08,2.0746114
2002-12-16 12:00:00,6.144745,-0.72094727,82.197845,100390.01,6.476279e-07,1.0800118
2002-12-17 12:00:00,6.7590637,-3.3784485,105.92251,100428.61,2.9765208e-06,1.4667834
2002-12-18 12:00:00,8.855988,-3.0265198,81.98827,99911.46,2.2146905e-06,2.1321814
2002-12-19 12:00:00,7.147064,2.531189,57.0401,98929.5,3.2413507e-05,2.1805222
2002-12-20 12:00:00,5.134369,0.22354126,114.09136,99868.914,2.7926873e-07,4.8456874
2002-12-21 12:00:00,8.36969,-5.292572,97.94567,100775.05,2.377764e-10,1.460959
2002-12-22 12:00:00,7.4623413,-3.0116577,110.88045,101176.2,1.5929675e-08,0.5667242
2002-12-23 12:00:00,6.716278,-1.3254395,64.54566,101147.7,1.3335281e-06,2.4379983
2002-12-24 12:00:00,10.9036255,4.0132446,11.670203,99871.46,0.0003128526,3.5960143
2002-12-25 12:00:00,15.093292,10.913635,53.101177,98951.06,5.733592e-05,1.7936548
2002-12-26 12:00:00,11.664185,0.88772583,31.843786,98298.266,0.00019976158,3.391546
2002-12-27 12:00:00,2.5078735,-1.8440857,104.24804,99484.77,9.283933e-06,4.8938174
2002-12-28 12:00:00,5.00058,-6.5898438,113.15458,100488.414,1.1639804e-08,2.060797
2002-12-29 12:00:00,7.0730896,-1.8820496,64.99967,99720.87,0.0,3.4264157
2002-12-30 12:00:00,12.010345,3.7332764,84.56389,98650.59,0.00017328329,2.21002
2002-12-31 12:00:00,3.5932312,-1.5150757,34.578953,99508.6,2.1464755e-05,1.2022517
2003-01-01 12:00:00,0.3224182,-2.7121277,62.075027,99238.65,4.7493035e-05,3.5991626
2003-01-02 12:00:00,-1.8970642,-11.354889,120.729614,100536.33,4.417995e-07,2.830037
2003-01-03 12:00:00,5.222809,-8.274139,97.919876,99826.36,7.524306e-08,2.821822
2003-01-04 12:00:00,9.148407,-8.108368,115.12091,99908.14,2.7626432e-09,1.6610267
2003-01-05 12:00:00,8.585144,-5.363617,117.454544,99684.24,0.0,1.6861004
2003-01-06 12:00:00,11.064026,-6.9132996,116.26423,99759.52,4.079242e-09,2.095761
2003-01-07 12:00:00,12.197266,2.4172058,114.90687,99219.055,0.0,3.069312
2003-01-08 12:00:00,8.333771,-5.335724,119.38205,99940.57,0.0,2.389517
2003-01-09 12:00:00,7.1381836,-5.102997,116.6135,99549.5,3.700794e-08,2.9878342
2003-01-10 12:00:00,17.146484,3.791504,112.24175,99030.36,0.0,2.8785026
2003-01-11 12:00:00,11.92807,0.12335205,31.812359,100047.88,0.00018664316,2.9618776
2003-01-12 12:00:00,0.1609497,-7.8578796,48.317,100577.05,1.565576e-05,5.0869937
2003-01-13 12:00:00,-0.43676758,-3.8929443,48.377956,100532.84,5.4158503e-05,4.667137
2003-01-14 12:00:00,-1.2241821,-3.824768,38.031635,101042.35,9.109671e-06,3.7119372
2003-01-15 12:00:00,-1.1455383,-14.316803,129.9842,100655.73,3.2752723e-08,2.1230009
2003-01-16 12:00:00,-1.8392029,-10.340088,113.41309,100655.445,9.695484e-07,3.3291018
2003-01-17 12:00:00,-2.5630493,-15.303558,132.11674,101254.32,6.3270214e-08,2.2194664
2003-01-18 12:00:00,-1.2189941,-14.663727,127.261375,101197.664,1.2047506e-09,1.0750924
2003-01-19 12:00:00,-1.8190613,-5.966675,37.037148,100463.21,5.0815146e-05,2.9430213
2003-01-20 12:00:00,-0.57769775,-3.0239563,44.70547,100032.86,8.438573e-05,2.2076287
2003-01-21 12:00:00,-0.710907,-2.976593,50.97315,100098.66,3.633437e-05,3.005752
2003-01-22 12:00:00,-0.417511,-2.399994,45.969986,99944.234,3.7565685e-05,2.8552794
2003-01-23 12:00:00,-0.7713318,-6.99823,109.72522,100434.14,1.9257159e-06,3.6150236
2003-01-24 12:00:00,-2.6466064,-9.795349,147.85081,101068.625,1.817969e-07,3.719379
2003-01-25 12:00:00,-5.262909,-22.519714,145.006,101156.13,0.0,0.76345223
2003-01-26 12:00:00,6.3655396,-13.402435,142.93434,100675.87,1.3436552e-07,2.235593
2003-01-27 12:00:00,5.455597,-9.90921,75.14465,100042.17,0.0,1.9802175
2003-01-28 12:00:00,2.965088,-1.1463623,47.51129,99007.4,9.512827e-05,1.2768363
2003-01-29 12:00:00,0.44314575,-1.5212097,57.71457,98931.52,4.662939e-05,4.2780385
2003-01-30 12:00:00,-1.3372192,-8.165588,142.85713,99652.47,1.6652804e-06,3.534012
2003-01-31 12:00:00,0.7439575,-9.03421,141.66493,100200.77,1.8928056e-06,2.0671422
2003-02-01 12:00:00,3.784027,-12.7317505,153.69466,100046.26,1.8099693e-10,1.8195508
2003-02-02 12:00:00,7.1686707,-7.3345947,153.6292,99649.88,0.0,1.4818172
2003-02-03 12:00:00,2.3695679,-12.782684,157.62921,100547.37,7.045096e-10,2.2512636
2003-02-04 12:00:00,-3.8908386,-9.872803,79.11957,100768.695,3.976829e-05,0.7299303
2003-02-05 12:00:00,-1.4321594,-14.184235,87.78803,100915.01,1.451707e-05,0.40525398
2003-02-06 12:00:00,-2.880371,-18.475159,162.4299,101225.98,5.0019553e-06,0.8872842
2003-02-07 12:00:00,13.421356,-6.8263245,162.15231,100369.445,3.1287861e-06,2.1112506
2003-02-08 12:00:00,9.366272,-10.466949,164.9686,100145.14,1.1109433e-07,1.5237603
2003-02-09 12:00:00,13.571442,-6.328888,145.19727,100206.47,0.0,0.7806741
2003-02-10 12:00:00,9.128601,1.6005249,161.24763,100421.36,3.697323e-06,1.575964
2003-02-11 12:00:00,3.71521,-11.130249,175.05325,101556.805,1.0009473e-08,1.4912469
2003-02-12 12:00:00,9.751923,-7.334717,170.79523,100465.25,0.0,1.4495261
2003-02-13 12:00:00,7.196686,-6.658203,173.22673,99717.32,0.0,2.1227546
2003-02-14 12:00:00,5.7330933,-6.8898926,158.16656,99451.08,6.57147e-09,1.852659
2003-02-15 12:00:00,1.1635742,-9.133362,184.82173,100432.92,1.4016369e-08,3.6982443
2003-02-16 12:00:00,-4.2280273,-12.528046,161.8011,101345.65,0.0,2.0189424
2003-02-17 12:00:00,-0.17773438,-5.7124634,122.63233,101112.07,1.4313879e-06,0.3867883
2003-02-18 12:00:00,2.6112976,-4.197113,141.97998,101118.47,8.7520965e-07,1.2138524
2003-02-19 12:00:00,2.3139648,-7.8723145,191.93037,100814.84,1.0242026e-09,2.53229
2003-02-20 12:00:00,-0.33206177,-9.240143,78.75173,100059.09,1.9304067e-05,5.1706123
2003-02-21 12:00:00,1.257904,-2.438446,97.8059,99645.62,6.325519e-06,5.144287
2003-02-22 12:00:00,7.0961304,-9.042511,196.28053,100059.24,0.0,1.9689716
2003-02-23 12:00:00,9.917999,-4.370178,106.426346,99238.52,3.1690863e-06,3.0596604
2003-02-24 12:00:00,17.326416,5.954193,159.48659,98245.08,8.59706e-06,3.258545
2003-02-25 12:00:00,5.732727,-4.751129,89.204185,99565.93,1.3846603e-06,2.889177
2003-02-26 12:00:00,3.953949,-3.8032227,205.6224,99968.086,3.708308e-06,2.5932133
2003-02-27 12:00:00,8.495239,-7.703827,199.7416,99889.516,0.0,2.0003116
2003-02-28 12:00:00,10.096222,-5.83902,203.11333,99642.01,4.1283272e-08,1.027984
2003-03-01 12:00:00,10.141632,-4.4119873,135.95021,99736.63,1.5317241e-07,1.0504091
2003-03-02 12:00:00,7.848755,-2.6505737,197.352,99615.04,1.7934406e-05,4.9975986
2003-03-03 12:00:00,10.701111,-8.404114,218.39876,100297.234,0.0,1.9756722
2003-03-04 12:00:00,8.9201355,4.190857,98.617065,99379.35,1.4300308e-05,3.001198
2003-03-05 12:00:00,5.4154663,-9.165039,223.80286,100663.78,0.00010181432,5.9213357
2003-03-06 12:00:00,-2.312439,-16.52594,204.31664,101605.03,8.894703e-08,0.9603194
2003-03-07 12:00:00,6.202362,-4.9728394,123.22184,101736.9,4.465055e-08,2.4631822
2003-03-08 12:00:00,9.79483,4.279114,54.273834,101503.016,2.954089e-05,2.5526674
2003-03-09 12:00:00,11.674927,6.4758606,136.4185,101450.625,3.7118247e-05,0.5147809
2003-03-10 12:00:00,17.535309,1.2213745,203.92859,100807.65,8.235286e-07,2.196043
2003-03-11 12:00:00,16.19806,9.483734,89.96274,99966.52,3.2617536e-05,1.6688724
2003-03-12 12:00:00,14.436493,3.6087952,222.6194,100758.08,1.896043e-05,2.222351
2003-03-13 12:00:00,12.835876,-2.5714111,212.77893,100824.97,1.5176681e-07,1.8982276
2003-03-14 12:00:00,14.080902,4.767914,111.4527,99881.68,9.400286e-06,1.2188137
2003-03-15 12:00:00,13.888275,5.7123413,105.67475,100050.82,4.1788694e-06,1.116503
2003-03-16 12:00:00,15.372467,8.356445,66.74974,99977.85,9.61701e-05,1.7358834
2003-03-17 12:00:00,20.223907,11.517273,106.21468,99290.445,0.00015800327,1.5601839
2003-03-18 12:00:00,16.258667,7.7481384,196.80171,98517.44,0.0002602744,3.479162
2003-03-19 12:00:00,11.792053,1.6434937,249.61926,99765.82,8.245483e-06,3.0083437
2003-03-20 12:00:00,12.400726,0.09463501,218.02939,100147.93,7.152414e-07,0.8194962
2003-03-21 12:00:00,16.523102,6.1856384,110.42086,99681.664,3.1524705e-05,1.9009777
2003-03-22 12:00:00,14.596252,10.265015,73.464485,99292.49,2.8325954e-05,3.0397792
2003-03-23 12:00:00,12.866272,10.265808,70.035484,99113.08,8.5359665e-05,2.5685394
2003-03-24 12:00:00,11.965729,6.571472,165.89803,99679.516,7.544195e-06,2.0796893
2003-03-25 12:00:00,10.075287,3.3692932,80.841965,100138.07,2.0080097e-05,1.7788764
2003-03-26 12:00:00,14.391388,5.9285583,132.30154,100267.97,2.955139e-06,2.694468
2003-03-27 12:00:00,12.934509,8.7951355,41.043194,99599.14,0.0002570517,4.234226
2003-03-28 12:00:00,10.393066,7.299713,53.868954,98800.016,0.00027508815,2.324298
2003-03-29 12:00:00,8.61377,5.0848694,93.039185,99300.76,2.5882176e-05,2.939119
2003-03-30 12:00:00,10.409393,4.3385315,137.45662,99697.59,1.9296222e-05,3.4461432
2003-03-31 12:00:00,12.433777,0.030456543,283.02277,99920.62,1.5510452e-09,3.2927103
2003-04-01 12:00:00,12.366333,-2.3076477,285.69977,100257.16,0.0,2.2977803
2003-04-02 12:00:00,15.143158,-1.7546082,266.3908,100331.04,0.0,0.9806051
2003-04-03 12:00:00,13.566772,5.3384705,90.89172,100454.41,5.4357908e-05,3.465599
2003-04-04 12:00:00,14.757233,0.19113159,287.90564,101314.695,3.836558e-08,1.2057847
2003-04-05 12:00:00,19.095978,5.5038147,224.00325,100567.17,0.0,3.273358
2003-04-06 12:00:00,17.734955,8.350159,282.57,99796.64,7.880504e-07,3.0138347
2003-04-07 12:00:00,8.009216,-0.17010498,231.85481,100660.42,2.7821125e-06,3.3262222
2003-04-08 12:00:00,9.255371,-5.0263367,301.22455,100925.94,7.387149e-09,1.1171746
2003-04-09 12:00:00,14.970337,-1.4709778,290.93295,100162.664,0.0,2.5182576
2003-04-10 12:00:00,13.059601,5.5447083,55.25766,99628.234,8.1877784e-05,3.0618107
2003-04-11 12:00:00,22.037262,10.503906,168.13365,99195.34,0.00023308968,3.6928978
2003-04-12 12:00:00,22.930054,15.918701,224.04088,98788.25,0.0001641253,5.489108
2003-04-13 12:00:00,24.661774,11.768951,305.45663,99590.19,0.0,3.4522016
2003-04-14 12:00:00,25.6633,14.96106,244.04254,99685.48,0.0,3.830257
2003-04-15 12:00:00,27.206451,18.154358,297.44986,99612.48,0.0,4.0005937
2003-04-16 12:00:00,26.65976,18.438812,253.80557,99479.84,4.3988575e-07,3.5246582
2003-04-17 12:00:00,23.812897,16.662018,207.91583,99577.56,2.5439915e-05,1.6221733
2003-04-18 12:00:00,19.387726,10.729004,133.4314,100042.695,0.00031165156,2.4179049
2003-04-19 12:00:00,15.257477,13.085236,81.91145,99490.49,0.000589739,3.6427324
2003-04-20 12:00:00,13.23941,10.651642,44.43099,99504.18,5.965329e-05,3.1544015
2003-04-21 12:00:00,15.895538,12.277039,70.604935,98903.4,6.6225504e-05,1.2633195
2003-04-22 12:00:00,16.256683,13.027008,98.74059,99006.34,3.6154786e-05,2.356712
2003-04-23 12:00:00,18.080688,11.658508,239.3041,99952.555,1.0947409e-06,2.9016812
2003-04-24 12:00:00,21.585419,6.6115723,321.5525,100570.055,9.418244e-10,1.5867538
2003-04-25 12:00:00,27.24414,11.227203,312.97623,100489.67,0.0,2.8274398
2003-04-26 12:00:00,29.279022,17.268494,281.58206,99804.445,0.0,2.8272886
2003-04-27 12:00:00,26.797546,11.495819,316.69553,100490.89,0.00011145782,3.7218328
2003-04-28 12:00:00,19.735321,5.6511536,324.01062,100891.484,0.0,0.8799344
2003-04-29 12:00:00,18.361969,10.54599,86.59729,100515.74,5.1346004e-05,2.1749463
2003-04-30 12:00:00,24.621857,12.093384,279.0619,100141.195,1.50101205e-05,2.4713945
2003-05-01 12:00:00,27.32608,16.55188,250.02464,99329.92,4.5923225e-05,2.0306377
2003-05-02 12:00:00,22.118073,13.617554,227.88002,99381.54,0.00012567481,1.6333544
2003-05-03 12:00:00,19.727264,12.471466,128.19225,99463.914,2.291166e-05,4.353083
2003-05-04 12:00:00,15.172363,11.567139,95.8385,99483.664,0.00013217743,4.601877
2003-05-05 12:00:00,17.585968,10.346283,131.47845,99704.77,0.00033346555,3.5519016
2003-05-06 12:00:00,26.138824,12.47702,307.17422,99726.52,1.4386834e-06,1.9312223
2003-05-07 12:00:00,24.086853,17.372314,55.34429,99563.97,0.00019345962,3.2919543
2003-05-08 12:00:00,22.816223,12.637024,338.53693,100241.82,1.9141407e-06,2.8365562
2003-05-09 12:00:00,24.783142,8.589844,336.3482,100921.61,0.0,1.5103785
2003-05-10 12:00:00,27.140442,10.035034,330.81754,100723.98,0.0,1.0353305
2003-05-11 12:00:00,28.220703,17.0466,334.1802,100206.99,0.0,3.57697
2003-05-12 12:00:00,28.235504,14.948822,331.2532,100075.6,0.0,3.732674
2003-05-13 12:00:00,26.805847,18.297028,278.3194,100135.5,1.5717806e-05,2.6514099
2003-05-14 12:00:00,25.908722,17.0065,134.04773,100430.61,6.482786e-05,1.7468557
2003-05-15 12:00:00,25.293945,16.570374,241.38858,100109.95,0.00011481714,0.48757282
2003-05-16 12:00:00,30.133423,18.808899,301.0953,99690.82,7.646768e-05,1.2641104
2003-05-17 12:00:00,29.334167,20.44223,268.403,99588.36,1.057217e-05,2.5975618
2003-05-18 12:00:00,30.940155,21.009003,327.46567,99643.44,0.0,2.8518777
2003-05-19 12:00:00,29.380463,20.177643,204.81184,99794.836,8.0469574e-05,1.5519748
2003-05-20 12:00:00,29.145447,19.37442,338.77515,100303.21,3.719634e-06,2.1465864
2003-05-21 12:00:00,27.700317,13.445923,353.13376,100494.21,0.0,2.5057359
2003-05-22 12:00:00,29.48587,11.897003,353.38715,100164.24,0.0,1.0747885
2003-05-23 12:00:00,29.664185,14.648315,318.32977,100054.83,0.0,2.0179746
2003-05-24 12:00:00,24.604858,11.952759,251.33688,100323.305,0.0,3.7907727
2003-05-25 12:00:00,26.006409,14.531738,254.03622,100077.15,0.0,3.4417417
2003-05-26 12:00:00,32.687378,18.187714,301.6776,99773.08,0.0,2.2669823
2003-05-27 12:00:00,33.488495,22.687225,308.01477,99725.45,1.0999861e-08,3.0177503
2003-05-28 12:00:00,31.629486,20.83551,264.91348,99458.43,7.950773e-05,3.7152147
2003-05-29 12:00:00,28.615967,18.410187,322.5996,99339.36,1.7851833e-07,2.5982563
2003-05-30 12:00:00,29.987701,15.556549,234.77014,99428.805,0.0,1.0094714
2003-05-31 12:00:00,29.979736,19.069427,257.21558,99266.08,0.00013572436,2.1707878
2003-06-01 12:00:00,24.512848,18.793701,219.34558,99260.734,4.6722016e-05,2.560288
2003-06-02 12:00:00,27.28186,12.795074,354.74426,99938.664,0.0,2.02296
2003-06-03 12:00:00,26.798676,18.438782,223.76323,99815.38,1.44825735e-05,0.9460905
2003-06-04 12:00:00,21.53598,15.006226,229.54219,100261.21,1.2117682e-05,2.0812092
2003-06-05 12:00:00,23.715515,10.174103,358.27307,100558.516,2.497824e-08,2.0977561
2003-06-06 12:00:00,27.495941,12.057892,353.44116,100569.766,0.0,1.9525045
2003-06-07 12:00:00,29.459686,15.251526,312.50827,100514.945,0.0,3.4289725
2003-06-08 12:00:00,30.472198,24.01587,257.59274,100260.32,0.0,4.62807
2003-06-09 12:00:00,29.21759,20.360352,127.45953,100336.94,0.00016413706,1.9009243
2003-06-10 12:00:00,31.337006,20.567078,298.58066,99965.26,1.6089416e-05,2.6061912
2003-06-11 12:00:00,33.059875,22.679993,321.98846,99611.36,0.0,2.9815183
2003-06-12 12:00:00,32.800476,21.882904,312.79736,99759.58,0.0,3.1623476
2003-06-13 12:00:00,34.225464,23.98523,340.8204,100012.72,0.0,3.0818875
2003-06-14 12:00:00,34.77057,22.734833,320.68057,100089.7,2.635758e-05,1.8540046
2003-06-15 12:00:00,34.450623,19.541077,324.01047,100017.13,2.2468053e-05,1.523813
2003-06-16 12:00:00,34.706512,21.022766,305.123,99789.08,0.00010137823,1.3829436
2003-06-17 12:00:00,35.258514,22.54309,295.37466,99773.13,2.828561e-05,1.3473052
2003-06-18 12:00:00,35.819153,21.836823,287.44424,99985.4,8.450996e-05,0.5538356
2003-06-19 12:00:00,34.974,21.817078,317.9313,100142.5,2.666927e-05,1.2473831
2003-06-20 12:00:00,33.540436,22.92752,285.02332,100254.484,7.3919946e-05,1.4943521
2003-06-21 12:00:00,34.201477,24.15213,328.45837,100078.086,3.1419015e-06,1.8977045
2003-06-22 12:00:00,36.035217,23.195312,297.1403,99589.54,8.6119355e-05,1.569604
2003-06-23 12:00:00,25.81665,21.560211,216.66174,99284.49,8.585815e-06,2.1881573
2003-06-24 12:00:00,30.238739,17.763885,351.49066,99700.914,1.188882e-10,2.4114363
2003-06-25 12:00:00,31.656494,16.361237,356.9969,100165.31,0.0,2.2521122
2003-06-26 12:00:00,33.815216,17.759857,361.76294,100276.02,0.0,1.8398957
2003-06-27 12:00:00,35.16147,18.39746,355.0143,100123.52,0.0,2.5155127
2003-06-28 12:00:00,33.441223,21.98944,253.46512,99930.72,3.6215417e-05,2.1645176
2003-06-29 12:00:00,26.59085,17.841156,336.93097,99945.875,7.0419934e-05,2.8445885
2003-06-30 12:00:00,29.83377,15.166992,348.2552,99828.53,0.0,0.9644976
2003-07-01 12:00:00,29.25119,19.96756,126.21309,99642.8,0.0,1.9273297
2003-07-02 12:00:00,37.506622,20.28955,331.68658,99696.67,6.483002e-05,1.6561447
2003-07-03 12:00:00,36.48471,21.123627,295.33554,100109.56,0.000100516234,1.4859602
2003-07-04 12:00:00,33.847443,22.021881,298.7307,100222.2,8.5045485e-06,2.34265
2003-07-05 12:00:00,33.2558,22.356598,285.64606,99924.22,0.0,2.050296
2003-07-06 12:00:00,35.324768,21.196259,311.05362,99635.2,7.826449e-05,2.1111434
2003-07-07 12:00:00,36.11142,22.371246,340.04666,99199.34,4.5324377e-05,2.0809462
2003-07-08 12:00:00,34.43048,22.65509,280.4227,99196.62,0.0,1.7471682
2003-07-09 12:00:00,32.31833,22.435211,291.66815,99760.734,3.2274645e-05,0.9958162
2003-07-10 12:00:00,31.736877,20.302887,350.27805,100378.86,2.5328616e-08,1.8869009
2003-07-11 12:00:00,33.38559,16.877808,353.81204,100306.07,0.0,1.3194951
2003-07-12 12:00:00,37.852478,21.25296,330.3325,99816.47,0.0,2.3677118
2003-07-13 12:00:00,38.531586,27.15384,285.01178,99679.91,1.19647e-05,2.5456343
2003-07-14 12:00:00,36.444946,23.503876,232.2032,99635.77,0.00010759578,1.8465794
2003-07-15 12:00:00,28.96457,20.67389,195.15007,99762.41,0.0003179694,0.9100335
2003-07-16 12:00:00,30.49704,19.376465,340.73215,99825.125,0.0,1.0111232
2003-07-17 12:00:00,29.539734,19.65857,45.749287,99552.58,0.00065166433,2.7544658
2003-07-18 12:00:00,28.294891,21.038025,173.36253,99374.14,0.00018154811,0.7745277
2003-07-19 12:00:00,31.30597,21.686401,218.0637,99649.12,7.395018e-05,1.8531958
2003-07-20 12:00:00,32.07483,23.072235,238.80275,99460.78,4.858064e-05,0.7785608
2003-07-21 12:00:00,37.477722,23.789124,343.05524,99414.375,0.0,1.783058
2003-07-22 12:00:00,37.761047,21.559387,340.6523,99509.76,0.0,2.5530646
2003-07-23 12:00:00,38.62607,23.188934,313.80267,99351.12,0.0,2.18182
2003-07-24 12:00:00,38.741333,24.151367,322.5044,99102.32,1.0342332e-05,2.1192338
2003-07-25 12:00:00,32.78488,20.756927,147.91377,99469.28,7.917191e-05,0.7962644
2003-07-26 12:00:00,34.623993,22.010223,329.24847,99848.05,1.2236216e-08,1.0109314
2003-07-27 12:00:00,37.33188,22.634552,326.83527,99916.03,0.0,1.6976702
2003-07-28 12:00:00,38.66107,22.348175,332.32382,99811.51,0.0,2.003178
2003-07-29 12:00:00,39.35321,23.432434,335.87216,99649.625,0.0,2.2640457
2003-07-30 12:00:00,39.39392,22.516357,328.77722,99523.11,0.0,0.80977947
2003-07-31 12:00:00,37.58838,23.130798,304.93518,99714.53,0.0,3.1880124
2003-08-01 12:00:00,36.6239,24.821472,222.6284,99611.02,2.0241675e-06,1.6654191
2003-08-02 12:00:00,34.28665,20.091095,296.37347,99736.3,7.0207214e-05,2.3972392
2003-08-03 12:00:00,32.831512,18.395905,326.18857,100031.09,0.0,2.4076557
2003-08-04 12:00:00,31.942413,20.607452,297.11417,100049.38,0.0,2.3368385
2003-08-05 12:00:00,36.762604,27.246826,322.98315,99805.305,0.0,3.4629354
2003-08-06 12:00:00,38.112152,24.462769,319.77188,99984.69,0.0,2.6579614
2003-08-07 12:00:00,38.301666,24.405151,317.32687,100040.07,0.0,2.1173239
2003-08-08 12:00:00,38.24176,25.311768,292.84213,99836.94,0.0,2.206796
2003-08-09 12:00:00,39.821716,24.158112,314.32748,99785.73,0.0,1.9659003
2003-08-10 12:00:00,39.26053,23.615356,311.65186,100116.64,0.0,1.2320948
2003-08-11 12:00:00,39.447845,23.860657,311.18228,100244.164,0.0,2.0820048
2003-08-12 12:00:00,39.297302,22.745667,297.69125,100075.5,0.0,1.8850036
2003-08-13 12:00:00,38.678833,24.404236,220.8296,99782.22,0.0,1.6667625
2003-08-14 12:00:00,39.23587,25.477448,284.20047,99687.81,0.0,2.3837974
2003-08-15 12:00:00,39.32669,26.33255,261.28033,99553.98,0.0,2.2969875
2003-08-16 12:00:00,37.54608,25.898315,238.37665,99401.11,0.0,2.7683794
2003-08-17 12:00:00,31.726685,21.361328,265.97,99507.08,0.0,3.1030276
2003-08-18 12:00:00,30.341614,22.362732,285.58212,99665.93,0.0,2.609069
2003-08-19 12:00:00,32.887146,18.633057,302.37872,100121.54,0.0,1.3611572
2003-08-20 12:00:00,36.377747,19.877289,290.16553,100273.01,0.0,1.486718
2003-08-21 12:00:00,37.62918,21.334167,283.65054,100311.94,0.0,1.308907
2003-08-22 12:00:00,38.772705,22.436981,240.06985,100032.14,0.0,1.7016574
2003-08-23 12:00:00,40.032562,25.37561,226.57608,99709.125,4.245198e-06,1.5519211
2003-08-24 12:00:00,39.330414,23.249573,236.68987,99843.07,6.847073e-05,1.2067093
2003-08-25 12:00:00,37.529297,22.278961,193.45834,99900.555,3.2275282e-05,1.0867605
2003-08-26 12:00:00,35.24283,22.188416,285.71463,99971.96,1.0884566e-05,2.0800397
2003-08-27 12:00:00,35.550964,21.295868,232.97298,99815.25,3.1405325e-05,1.3846505
2003-08-28 12:00:00,27.182098,20.962585,74.91143,99896.625,5.6969577e-05,2.2114172
2003-08-29 12:00:00,26.404297,19.514252,120.294655,99966.19,0.00012465543,2.4011014
2003-08-30 12:00:00,19.874878,17.344696,34.119713,99971.53,0.000360805,4.133863
2003-08-31 12:00:00,22.59845,16.913391,101.63733,99611.86,0.0002869356,2.1129463
2003-09-01 12:00:00,24.142273,15.075714,231.56343,99937.33,4.3130676e-06,1.5948101
2003-09-02 12:00:00,23.88736,16.82077,187.19073,100172.414,1.6064807e-05,1.0884243
2003-09-03 12:00:00,25.874878,16.420258,253.88844,100163.48,7.4410627e-06,1.1927294
2003-09-04 12:00:00,24.766693,16.293427,221.44481,100073.19,9.55715e-05,0.50261956
2003-09-05 12:00:00,25.073547,17.031555,208.10248,100106.06,1.3875437e-05,1.6917605
2003-09-06 12:00:00,26.487427,16.569183,232.60326,100277.445,3.2931192e-07,2.294497
2003-09-07 12:00:00,26.788055,14.10199,269.14136,100284.55,4.755528e-10,2.0878732
2003-09-08 12:00:00,26.763245,12.536163,277.15097,100411.63,0.0,1.9668115
2003-09-09 12:00:00,27.731567,13.013184,276.08493,100562.984,0.0,1.351095
2003-09-10 12:00:00,30.061432,14.974762,268.02255,100599.984,0.0,1.0343034
2003-09-11 12:00:00,31.23645,19.710205,193.86398,100337.836,0.0,2.4151983
2003-09-12 12:00:00,28.34372,20.12149,93.85978,99622.66,0.00017122073,2.0773854
2003-09-13 12:00:00,25.4458,17.448181,263.5358,99788.305,5.5621813e-06,3.4152656
2003-09-14 12:00:00,23.959717,11.651733,265.6818,100468.83,0.0,2.2960515
2003-09-15 12:00:00,23.381348,10.605774,263.03387,100929.44,0.0,1.168214
2003-09-16 12:00:00,25.582062,10.9166565,249.52966,100870.79,0.0,1.4400128
2003-09-17 12:00:00,27.990479,13.345428,242.82141,100621.88,0.0,1.7952396
2003-09-18 12:00:00,28.931915,13.35022,255.96545,100412.76,0.0,2.3321896
2003-09-19 12:00:00,30.480743,13.62442,250.33824,100418.96,0.0,1.680521
2003-09-20 12:00:00,30.990845,15.912537,241.853,100540.484,0.0,1.6571261
2003-09-21 12:00:00,29.960999,17.558563,209.16084,100522.89,0.0,1.8386846
2003-09-22 12:00:00,31.199799,18.853638,199.15211,100325.81,0.0,1.5695406
2003-09-23 12:00:00,31.881348,19.884857,225.99387,100091.33,0.0,2.4111989
2003-09-24 12:00:00,29.135406,20.946259,47.753082,100162.77,0.00012667048,3.0254614
2003-09-25 12:00:00,29.272064,21.284332,180.5196,100617.37,1.3225053e-06,2.0099688
2003-09-26 12:00:00,30.343567,18.962738,227.4658,100630.445,0.0,1.6344626
2003-09-27 12:00:00,28.41568,18.503601,142.93529,100284.086,1.852138e-05,1.4919273
2003-09-28 12:00:00,23.987518,15.861786,112.99386,100540.95,5.7257e-05,4.1939845
2003-09-29 12:00:00,19.358307,10.13739,236.54668,101278.53,0.0,3.821021
2003-09-30 12:00:00,21.107452,7.3887024,230.55556,101082.79,0.0,2.4154415
2003-10-01 12:00:00,22.407349,8.21933,226.89026,100516.08,0.0,1.7413235
2003-10-02 12:00:00,23.357178,8.582916,226.98062,99974.27,0.0,1.4780097
2003-10-03 12:00:00,24.974548,9.756958,193.58492,99944.74,0.0,1.6449854
2003-10-04 12:00:00,25.991333,11.014252,205.10078,100162.2,0.0,0.8647347
2003-10-05 12:00:00,27.87735,12.890259,203.43579,100279.88,0.0,0.4578069
2003-10-06 12:00:00,28.5914,12.761871,177.3895,100098.586,0.0,1.8600614
2003-10-07 12:00:00,27.649261,15.392944,171.20924,99582.9,1.9662434e-07,3.1102624
2003-10-08 12:00:00,26.740326,17.100464,202.07584,99358.375,8.58764e-05,2.0569491
2003-10-09 12:00:00,26.608612,18.033447,150.22404,99210.67,0.0,2.4882011
2003-10-10 12:00:00,25.970032,17.664734,175.06812,99242.016,2.8143798e-10,3.6289706
2003-10-11 12:00:00,24.661957,19.600342,130.45874,99074.44,0.00023139574,4.524463
2003-10-12 12:00:00,27.05133,18.802277,149.26804,100073.06,8.6622174e-07,2.961093
2003-10-13 12:00:00,29.882965,23.295105,188.00156,99956.71,4.9829845e-07,4.2737584
2003-10-14 12:00:00,27.36264,19.752533,40.2331,100159.24,0.00033456832,0.69064546
2003-10-15 12:00:00,20.262482,13.944855,33.121765,100227.95,0.00010561616,2.579448
2003-10-16 12:00:00,14.202179,10.858307,83.442726,100209.36,0.00010887421,3.8892803
2003-10-17 12:00:00,16.557953,7.055725,172.98987,100497.97,6.6469205e-08,1.7401856
2003-10-18 12:00:00,16.95279,9.093628,113.438416,100202.14,1.4590637e-07,1.0348867
2003-10-19 12:00:00,20.171295,9.154236,172.87602,99955.055,0.0,1.6496989
2003-10-20 12:00:00,22.683746,10.541382,181.29771,100006.12,0.0,2.4041834
2003-10-21 12:00:00,19.169403,12.546448,120.98976,100478.62,2.2683125e-06,0.99494714
2003-10-22 12:00:00,15.261932,5.548462,177.95827,101328.266,0.0,2.1822257
2003-10-23 12:00:00,14.425842,5.337433,135.96704,101097.74,0.0,1.5572025
2003-10-24 12:00:00,16.438263,3.6903076,173.36874,100427.336,0.0,1.2489092
2003-10-25 12:00:00,13.178467,6.4328003,39.94093,100265.125,4.020672e-05,4.0326705
2003-10-26 12:00:00,12.138031,4.3743896,176.38667,100492.83,1.6055072e-06,3.1324313
2003-10-27 12:00:00,13.764832,2.6490784,170.43962,100708.43,2.377764e-10,1.8657004
2003-10-28 12:00:00,14.536407,6.984253,82.612404,100770.18,2.87698e-06,0.7022622
2003-10-29 12:00:00,14.548218,7.504883,101.21441,100454.45,2.38437e-06,1.6040002
2003-10-30 12:00:00,12.841797,4.7075195,153.0511,100206.93,1.4624511e-06,2.2377198
2003-10-31 12:00:00,13.924957,1.5945435,165.78635,100512.75,0.0,1.5923126
2003-11-01 12:00:00,16.89029,2.0732422,161.58968,100565.055,0.0,1.3389527
2003-11-02 12:00:00,16.296234,4.542694,148.66139,100253.9,0.0,2.3326445
2003-11-03 12:00:00,16.533295,12.177277,45.243595,99125.35,1.4423113e-05,4.4368563
2003-11-04 12:00:00,22.184113,14.568329,155.40887,98196.91,9.828528e-05,4.5016565
2003-11-05 12:00:00,19.53711,14.613739,36.710712,98349.555,0.0001585876,3.394301
2003-11-06 12:00:00,17.060547,8.354462,155.88925,99749.23,0.0,3.9718947
2003-11-07 12:00:00,15.212921,1.3407593,155.70375,100871.484,0.0,1.931564
2003-11-08 12:00:00,16.436493,3.26651,151.2298,100944.08,0.0,2.3065565
2003-11-09 12:00:00,17.79129,4.289856,134.19504,100710.99,0.0,1.775702
2003-11-10 12:00:00,13.353699,9.483765,18.099234,99833.78,0.00026168948,3.3521883
2003-11-11 12:00:00,16.966919,3.8989563,114.65888,99361.65,1.6321952e-05,2.7052834
2003-11-12 12:00:00,9.299347,0.8052368,147.5482,100635.31,6.822873e-07,3.990757
2003-11-13 12:00:00,13.595093,0.77630615,143.39702,100116.18,0.0,3.2957082
2003-11-14 12:00:00,15.348938,6.4026184,134.78557,100012.555,0.0,2.0038984
2003-11-15 12:00:00,9.107208,-0.43530273,134.44135,101233.71,1.059697e-06,0.89936346
2003-11-16 12:00:00,11.332886,-1.5050049,130.66005,100604.57,8.0781786e-07,2.2271664
2003-11-17 12:00:00,9.650482,-4.7022705,29.604723,100006.01,0.00024951418,2.9529428
2003-11-18 12:00:00,-0.64749146,-5.914093,97.80978,100274.89,4.4358108e-06,4.0869203
2003-11-19 12:00:00,2.2743225,-11.755402,89.77779,100914.35,0.0,1.4134086
2003-11-20 12:00:00,6.3651123,-4.7928467,90.755684,101480.13,6.119142e-07,0.61889476
2003-11-21 12:00:00,7.553894,-0.9103699,84.25157,101802.086,2.4576846e-06,1.0941316
2003-11-22 12:00:00,8.060638,2.583191,59.927387,101454.0,6.3627617e-06,0.55898774
2003-11-23 12:00:00,9.004456,-0.99624634,48.611095,101114.516,1.9502582e-05,2.1669047
2003-11-24 12:00:00,12.990387,6.5042114,76.54961,100420.64,0.00011201348,1.8377318
2003-11-25 12:00:00,14.769623,2.5587158,101.15313,100473.71,1.7588393e-06,1.4824232
2003-11-26 12:00:00,16.80606,4.5443115,117.8449,100445.93,8.870053e-08,2.1070511
2003-11-27 12:00:00,16.341766,8.034912,78.65201,99532.41,8.825127e-07,3.1334372
2003-11-28 12:00:00,15.353973,6.4715576,78.77888,98868.05,7.4491254e-05,3.8577893
2003-11-29 12:00:00,9.083801,-0.26690674,102.74271,99536.914,4.8743186e-06,1.9078234
2003-11-30 12:00:00,5.312134,1.9951477,43.826263,100209.72,3.0721585e-05,3.059582
2003-12-01 12:00:00,3.8193665,-0.17843628,105.694244,100305.93,8.098042e-06,2.7067747
2003-12-02 12:00:00,6.701477,-2.7617798,101.81213,99986.9,1.9109589e-06,1.4900439
2003-12-03 12:00:00,4.8857117,-1.2393494,73.24189,100102.555,4.7185927e-06,1.6681056
2003-12-04 12:00:00,5.265625,-3.2792358,47.7788,100103.56,2.0559241e-06,2.1877635
2003-12-05 12:00:00,4.7452087,2.712677,17.133766,99630.21,0.00031349296,3.386481
2003-12-06 12:00:00,3.3753967,1.0911255,34.951397,99539.25,3.299134e-05,2.8009338
2003-12-07 12:00:00,2.8157654,0.2434082,54.00122,100346.98,1.4353187e-05,1.6938741
2003-12-08 12:00:00,3.237671,-2.5207825,70.7332,100363.76,4.9088776e-06,1.2420349
2003-12-09 12:00:00,4.342987,-2.0439453,35.632442,99925.34,1.1441386e-05,2.5340154
2003-12-10 12:00:00,5.7529297,0.71743774,69.38402,99458.99,6.686795e-05,2.992884
2003-12-11 12:00:00,7.1398315,-1.9735413,67.74528,99575.97,3.395516e-05,2.3795192
2003-12-12 12:00:00,4.6960754,-3.7199707,112.8241,100015.4,3.9687475e-06,3.346582
2003-12-13 12:00:00,4.815277,-7.5620728,92.33416,100080.125,1.9171493e-06,2.499468
2003-12-14 12:00:00,12.178162,3.0642395,13.788088,98882.62,0.00040344766,4.8243318
2003-12-15 12:00:00,12.530243,-0.46444702,87.33253,98736.24,0.00019478438,1.8166778
2003-12-16 12:00:00,4.3160706,-5.973694,80.46868,99240.81,9.350796e-07,2.2615752
2003-12-17 12:00:00,2.0742188,-3.2062683,67.70029,100150.32,4.534122e-06,2.1255076
2003-12-18 12:00:00,2.5601196,-5.034424,65.2657,101263.516,5.7395696e-06,2.6447585
2003-12-19 12:00:00,1.4229431,-7.345703,116.08624,101463.73,3.9837684e-07,2.6089716
2003-12-20 12:00:00,2.1460876,-8.946228,94.78729,100821.375,1.5864504e-06,1.7375398
2003-12-21 12:00:00,3.708313,-8.998047,96.26077,100425.414,8.3997264e-07,0.9669316
2003-12-22 12:00:00,3.997589,-7.1218567,97.19122,100132.09,2.3874184e-06,1.6821218
2003-12-23 12:00:00,6.194336,-2.0503235,27.592762,99459.49,4.3148215e-05,3.3005693
2003-12-24 12:00:00,9.113464,4.9188843,33.248077,99038.97,4.7669095e-05,2.4099212
2003-12-25 12:00:00,12.037781,3.039215,58.497196,99014.7,2.7027195e-06,3.546283
2003-12-26 12:00:00,16.080902,8.940582,80.27075,99132.31,5.389579e-06,3.1494486
2003-12-27 12:00:00,13.214203,4.6065063,45.468334,100094.99,7.466314e-05,2.327142
2003-12-28 12:00:00,7.61792,-1.2237854,113.395996,100937.09,3.9411177e-08,2.0162842
2003-12-29 12:00:00,4.6963196,-3.3321838,115.3097,101615.96,0.0,2.7305458
2003-12-30 12:00:00,3.852295,-5.6164246,87.73598,101591.055,1.7483346e-06,1.6568187
2003-12-31 12:00:00,9.994873,-0.71206665,79.66474,100260.484,5.9728315e-08,2.445467
2004-01-01 12:00:00,15.04483,7.6047974,30.157217,98865.0,0.00023331505,2.3131762
2004-01-02 12:00:00,9.584686,2.4149475,51.987206,99734.49,8.12018e-06,4.556982
2004-01-03 12:00:00,4.554352,-3.8134766,114.23764,100771.16,1.5743911e-06,1.8467577
2004-01-04 12:00:00,5.1690063,-1.2463684,52.94171,100664.14,5.9898906e-07,0.5741176
2004-01-05 12:00:00,3.6029968,1.6965027,18.631908,99503.83,0.00013504356,1.4947037
2004-01-06 12:00:00,1.82901,-7.0463867,121.35908,99890.98,8.4975785e-05,3.8146472
2004-01-07 12:00:00,-0.14581299,-13.474518,98.85311,100282.36,3.2103565e-06,0.8239776
2004-01-08 12:00:00,-0.71810913,-16.039276,124.094086,101087.48,2.3139585e-06,1.6610831
2004-01-09 12:00:00,-4.294922,-8.877319,59.342476,101201.18,2.226075e-05,1.3268343
2004-01-10 12:00:00,-4.7180786,-17.721512,121.244705,101762.44,6.9832066e-07,1.0112928
2004-01-11 12:00:00,-0.9397888,-15.0979,109.327,101590.96,3.573095e-09,1.7229993
2004-01-12 12:00:00,4.276764,-12.897034,127.184425,101348.13,0.0,1.4005446
2004-01-13 12:00:00,9.48587,-9.163666,128.00706,100792.8,0.0,1.838733
2004-01-14 12:00:00,3.9850159,-1.5483093,49.307,100193.695,1.5832267e-05,2.104792
2004-01-15 12:00:00,1.4807739,-3.9415588,79.34101,100526.875,2.8529473e-06,2.9764986
2004-01-16 12:00:00,4.3242493,-12.062103,128.51959,100966.78,1.02622695e-10,1.2538865
2004-01-17 12:00:00,9.628723,-4.1352844,129.00793,100544.766,0.0,2.0631378
2004-01-18 12:00:00,12.611084,-5.954956,129.93964,100318.34,0.0,1.9896321
2004-01-19 12:00:00,14.535278,-3.1698608,129.65579,99861.31,0.0,2.1661398
2004-01-20 12:00:00,14.0896,-0.7579346,124.962204,99632.15,0.0,2.4424613
2004-01-21 12:00:00,13.322357,0.43554688,119.962234,99280.6,4.437258e-08,2.9007921
2004-01-22 12:00:00,11.341522,8.15097,35.673824,99161.19,9.3339644e-05,3.1956415
2004-01-23 12:00:00,13.62146,3.853119,76.56681,99793.96,3.8370354e-06,2.119129
2004-01-24 12:00:00,17.097137,8.533203,58.77938,98854.19,0.00015391616,5.735233
2004-01-25 12:00:00,8.421051,1.8817139,52.403965,99420.84,1.2716925e-05,2.0305507
2004-01-26 12:00:00,3.199463,-1.0533752,81.82421,99872.67,3.37827e-06,2.8276746
2004-01-27 12:00:00,-0.06881714,-3.9481812,62.624825,100227.03,3.7172967e-06,1.7356687
2004-01-28 12:00:00,-1.9428711,-7.4394836,60.31989,100628.555,1.2851757e-05,1.6759992
2004-01-29 12:00:00,0.3284912,-12.554138,139.9968,100820.02,1.3090114e-06,0.96487427
2004-01-30 12:00:00,1.0129395,-8.878418,125.92048,100710.46,1.555245e-06,2.3974285
2004-01-31 12:00:00,1.6823425,-11.737579,128.25471,100808.67,1.7274326e-05,2.1966493
2004-02-01 12:00:00,-0.32904053,-9.546112,151.79138,101448.17,1.5818563e-06,3.169946
2004-02-02 12:00:00,0.8759155,-15.185944,158.13182,101886.0,2.6750147e-08,1.652632
2004-02-03 12:00:00,3.454132,-10.483673,158.99263,101259.06,0.0,1.6315218
2004-02-04 12:00:00,8.326477,-13.606873,117.41103,100588.016,1.1626481e-06,1.6592793
2004-02-05 12:00:00,6.9035034,-6.161255,132.47897,100045.766,8.727248e-05,3.1290061
2004-02-06 12:00:00,0.13235474,-2.4749146,46.44402,100621.07,1.0001732e-05,4.0194254
2004-02-07 12:00:00,4.869873,-2.5376282,154.57681,100007.45,5.8083892e-06,3.306055
2004-02-08 12:00:00,7.0602417,-9.390137,168.43301,99470.625,0.0,1.8327852
2004-02-09 12:00:00,6.335449,-8.158051,154.0964,100039.12,1.2279428e-06,1.8398767
2004-02-10 12:00:00,5.718628,-7.167053,96.29537,100496.81,9.375315e-07,1.5282515
2004-02-11 12:00:00,9.699829,-7.570984,167.95125,100908.18,2.8563207e-07,0.58749425
2004-02-12 12:00:00,13.786163,-0.9526367,136.2936,100525.6,1.449935e-07,2.7303166
2004-02-13 12:00:00,11.716461,2.102417,156.9424,100297.61,0.0,1.683918
2004-02-14 12:00:00,13.833313,-3.4577942,175.8831,100273.54,0.0,1.8461273
2004-02-15 12:00:00,18.968353,-2.8139648,170.8524,100249.914,1.6874714e-07,2.011481
2004-02-16 12:00:00,19.24527,8.754303,162.47731,99927.14,0.0,3.6466932
2004-02-17 12:00:00,16.27713,7.812744,33.76896,99895.58,0.0001743726,2.5918481
2004-02-18 12:00:00,9.115967,-0.18466187,181.399,100759.49,1.5591993e-05,1.4394119
2004-02-19 12:00:00,13.744659,1.3221436,27.10547,99741.22,0.0003484572,2.6036594
2004-02-20 12:00:00,15.215118,3.4453125,116.08302,98966.22,0.00010420942,3.1565309
2004-02-21 12:00:00,3.3458862,-2.6266785,126.05112,100289.17,1.0486277e-06,4.091356
2004-02-22 12:00:00,3.7945557,-4.227051,201.14264,100896.586,0.0,3.2517323
2004-02-23 12:00:00,3.2649841,-4.592621,141.87746,100814.57,1.1813064e-05,0.24418919
2004-02-24 12:00:00,10.027344,-6.079071,195.54202,100186.92,2.38982e-07,1.9480616
2004-02-25 12:00:00,14.382355,-5.41864,186.79599,100084.0,4.775287e-07,1.3595142
2004-02-26 12:00:00,9.158936,3.4005127,51.059826,99775.06,2.5795825e-05,0.88788664
2004-02-27 12:00:00,5.5012207,0.7595825,91.82195,100307.6,3.9595507e-05,3.0604954
2004-02-28 12:00:00,3.314331,-3.610962,213.20076,101376.34,1.8719093e-06,3.0370421
2004-02-29 12:00:00,,,,,,
2004-03-01 12:00:00,6.63089,-7.6848145,212.31482,101428.56,6.3714914e-08,1.319058
2004-03-02 12:00:00,14.379364,2.38797,113.81796,100393.72,1.6538655e-05,2.7951353
2004-03-03 12:00:00,16.666626,5.600006,175.39407,99704.51,6.962177e-05,2.7111351
2004-03-04 12:00:00,16.857544,11.624817,101.24631,99472.51,2.006915e-05,4.271098
2004-03-05 12:00:00,18.338776,13.345184,89.26134,99162.74,4.8970334e-05,5.061941
2004-03-06 12:00:00,14.902008,4.4224243,62.65244,99188.625,6.7309615e-05,1.7157469
2004-03-07 12:00:00,7.01001,2.1835327,72.37968,98878.54,5.6024233e-05,3.1717677
2004-03-08 12:00:00,2.1309814,-3.1192017,83.046364,100044.34,3.5567173e-05,1.9896747
2004-03-09 12:00:00,0.2909546,-1.6394653,74.102745,99954.4,0.000103905535,3.9808915
2004-03-10 12:00:00,2.8367615,-5.0312195,175.96216,100553.33,5.2270484e-06,1.5301896
2004-03-11 12:00:00,10.929993,-8.827484,224.1759,100552.32,2.1227076e-07,2.2488902
2004-03-12 12:00:00,8.853973,-0.97772217,77.810074,99991.43,7.307302e-05,0.5598165
2004-03-13 12:00:00,-1.2015076,-6.393524,102.97849,100720.8,0.0001523363,3.925317
2004-03-14 12:00:00,-1.3146667,-10.203278,229.13504,101216.78,1.3396978e-07,2.5297666
2004-03-15 12:00:00,3.5410767,-12.670624,159.03539,100834.93,3.367444e-05,2.5339572
2004-03-16 12:00:00,16.924011,2.6920776,101.015945,99083.695,0.00013667515,2.7139153
2004-03-17 12:00:00,14.225372,1.2413025,161.02948,99880.26,1.880357e-05,3.426767
2004-03-18 12:00:00,11.675079,-4.1283875,239.75996,99959.14,2.1536348e-06,1.6755755
2004-03-19 12:00:00,11.453247,-2.233429,108.10658,99604.46,1.4410514e-05,2.5157726
2004-03-20 12:00:00,10.201935,6.0049744,53.055637,99145.914,5.3681862e-05,1.8573244
2004-03-21 12:00:00,10.040649,5.348572,85.00663,99185.6,9.73268e-06,2.0390384
2004-03-22 12:00:00,9.247284,1.0949097,26.37888,98545.56,0.0005490915,4.454525
2004-03-23 12:00:00,4.716614,-0.2338562,232.48798,99026.78,8.647643e-05,5.065377
2004-03-24 12:00:00,8.875732,-0.9275818,268.58527,99578.234,1.8180299e-07,3.7707777
2004-03-25 12:00:00,11.647125,0.3842163,239.7343,99790.81,1.776086e-07,2.7256784
2004-03-26 12:00:00,8.06665,-1.127594,47.21287,99777.23,0.00020661265,1.6682394
2004-03-27 12:00:00,7.9006042,1.9093628,260.66248,100279.87,0.00013561815,3.5625088
2004-03-28 12:00:00,7.793274,-7.1561584,225.648,101425.92,1.2478223e-08,0.6461043
2004-03-29 12:00:00,8.971863,1.5505371,183.78627,101204.414,3.369215e-05,1.5023692
2004-03-30 12:00:00,14.884186,-3.7023926,276.03662,100937.234,0.0,1.9566807
2004-03-31 12:00:00,15.759827,-3.2360535,278.21887,101188.016,0.0,1.3299628
2004-04-01 12:00:00,19.34143,4.295532,271.40323,100459.88,0.0,3.3542187
2004-04-02 12:00:00,17.852783,10.643066,113.20231,99490.22,2.6843802e-05,2.2682438
2004-04-03 12:00:00,16.217316,10.6093445,83.626274,99497.87,0.00013757241,2.9051378
2004-04-04 12:00:00,12.81012,5.028595,257.87808,100432.83,7.962317e-07,2.9061801
2004-04-05 12:00:00,15.087677,2.5736084,279.3928,100481.99,0.0,1.2124603
2004-04-06 12:00:00,20.588501,4.252716,256.85565,100436.1,0.0,1.8814496
2004-04-07 12:00:00,23.786102,10.388184,258.92978,100232.16,0.0,3.6412554
2004-04-08 12:00:00,22.167969,17.273987,113.589386,99948.17,0.00014794072,4.1134553
2004-04-09 12:00:00,23.005524,15.872253,145.6627,99749.086,0.0002486641,3.6413493
2004-04-10 12:00:00,20.803436,9.129272,293.88815,100124.32,0.0,1.2866881
2004-04-11 12:00:00,22.393524,5.805725,279.80185,100043.22,0.0,1.2054921
2004-04-12 12:00:00,21.924835,10.551422,276.2358,99242.68,3.5503933e-07,1.3313738
2004-04-13 12:00:00,19.70935,7.6650696,276.26538,99826.766,5.464796e-05,3.6805463
2004-04-14 12:00:00,10.763519,-0.79000854,295.92883,100390.42,3.5835634e-09,1.4507815
2004-04-15 12:00:00,16.996002,1.4258728,268.46884,100048.54,1.7413356e-08,1.7187874
2004-04-16 12:00:00,17.790009,6.764282,198.10976,99764.5,0.0,3.8688138
2004-04-17 12:00:00,21.456757,15.590637,237.82608,99397.49,3.5168334e-08,5.0797925
2004-04-18 12:00:00,18.795319,14.457764,91.43091,99434.91,0.00023194116,2.1252246
2004-04-19 12:00:00,15.865509,3.855072,53.755596,99343.266,0.00033466698,4.682444
2004-04-20 12:00:00,12.119537,1.0996399,319.87698,100616.14,2.35795e-06,2.8675609
2004-04-21 12:00:00,17.314789,0.18649292,313.9802,100872.664,0.0,1.5769401
2004-04-22 12:00:00,21.485107,6.10553,295.43872,100539.91,0.0,2.5323558
2004-04-23 12:00:00,23.168488,12.563232,168.12299,100258.92,1.2836231e-05,1.9421575
2004-04-24 12:00:00,26.691467,10.9435425,304.37552,99906.15,0.0,0.9587903
2004-04-25 12:00:00,27.726837,16.480652,314.40222,99288.0,0.0,3.686292
2004-04-26 12:00:00,28.790833,18.089478,302.80374,99207.39,2.1249073e-06,2.7094665
2004-04-27 12:00:00,27.668396,16.19159,298.10648,99034.18,5.7295565e-06,2.7571807
2004-04-28 12:00:00,27.220612,17.783447,243.71204,99232.38,0.0,2.645511
2004-04-29 12:00:00,25.939728,14.645172,95.74419,99742.805,7.160443e-05,3.2225137
2004-04-30 12:00:00,23.824402,13.750122,133.01224,100063.78,1.3469879e-06,4.3117747
2004-05-01 12:00:00,23.13501,16.722961,68.15934,99946.88,0.00014489703,2.307781
2004-05-02 12:00:00,27.348907,14.431519,282.5521,100113.086,0.0,2.5843136
2004-05-03 12:00:00,24.235382,16.222046,220.31789,99756.445,9.278405e-05,3.0690968
2004-05-04 12:00:00,26.996521,18.521545,268.61124,99577.02,9.7872735e-06,3.3837452
2004-05-05 12:00:00,24.842194,16.751617,141.2287,99530.16,0.00024371606,1.415017
2004-05-06 12:00:00,17.567657,9.680176,85.674866,99704.27,7.3853116e-05,2.2369807
2004-05-07 12:00:00,18.754974,6.8666077,337.51352,100237.586,7.984898e-06,2.829848
2004-05-08 12:00:00,20.666931,5.7799683,342.22562,100220.72,0.0,1.6248381
2004-05-09 12:00:00,26.167206,9.301392,303.7469,99793.08,9.392169e-09,0.5896527
2004-05-10 12:00:00,28.978241,17.450165,300.76953,99481.36,2.7027652e-06,1.1400052
2004-05-11 12:00:00,28.838257,16.061584,329.9266,99352.66,0.0,3.2602072
2004-05-12 12:00:00,27.251648,17.58841,260.24628,99021.56,0.0,4.0160284
2004-05-13 12:00:00,23.922241,11.968903,344.11905,99441.016,4.7656144e-05,2.6781704
2004-05-14 12:00:00,23.859436,13.654755,344.70425,99824.516,2.9184703e-06,2.03429
2004-05-15 12:00:00,29.382416,11.763153,253.93826,99769.24,0.0,1.4118857
2004-05-16 12:00:00,32.427704,16.087341,336.03027,99559.914,0.000116746465,0.9008867
2004-05-17 12:00:00,32.157593,19.83252,268.6357,99469.73,0.0,2.7797983
2004-05-18 12:00:00,30.546295,18.940857,203.70453,100022.234,0.0,2.1392214
2004-05-19 12:00:00,23.730621,12.625305,85.77288,99954.49,0.00010717768,2.043391
2004-05-20 12:00:00,23.195068,14.670044,275.46393,99465.34,2.6055986e-05,2.9869094
2004-05-21 12:00:00,21.111664,10.700348,355.07925,99979.55,0.0,3.128368
2004-05-22 12:00:00,21.630463,8.617981,342.71674,100562.53,0.0,0.6314635
2004-05-23 12:00:00,27.755371,11.404816,258.24115,100394.875,0.0,3.6247575
2004-05-24 12:00:00,32.563538,21.256348,324.07822,99867.81,4.993305e-09,3.6537943
2004-05-25 12:00:00,31.192963,21.168213,277.49338,99695.305,2.5272166e-06,3.206985
2004-05-26 12:00:00,29.138855,21.237244,99.32646,99750.87,2.4505503e-06,2.0320926
2004-05-27 12:00:00,24.00003,16.775116,121.47259,100099.21,6.882827e-05,0.7429051
2004-05-28 12:00:00,26.48938,19.338165,108.154884,99760.734,0.00012554563,2.9849432
2004-05-29 12:00:00,21.892212,14.715393,118.5458,100194.8,6.2748884e-05,1.9992423
2004-05-30 12:00:00,23.617126,15.339905,176.25229,99897.6,1.5912385e-05,2.3092833
2004-05-31 12:00:00,30.578827,15.672607,293.5169,99159.56,0.0,2.0944605
2004-06-01 12:00:00,28.932526,19.113373,240.82127,99062.69,0.00017753887,1.6639589
2004-06-02 12:00:00,23.848206,13.251038,114.55156,99844.87,0.00018645512,2.4637291
2004-06-03 12:00:00,19.128021,12.944183,230.55238,100118.0,0.0003337299,3.148069
2004-06-04 12:00:00,20.884033,9.57077,241.17711,100459.62,5.9796283e-09,2.7061496
2004-06-05 12:00:00,21.973358,13.168091,164.12492,99165.39,0.00044104905,1.914095
2004-06-06 12:00:00,22.890076,11.506622,224.87227,99203.42,6.9481604e-07,0.9846487
2004-06-07 12:00:00,27.115845,15.307556,315.4248,99675.64,5.7176163e-05,1.0056444
2004-06-08 12:00:00,30.056183,17.37561,312.05316,99848.31,0.0,3.0465438
2004-06-09 12:00:00,33.43332,21.601227,318.31958,99701.45,0.00011389709,2.201256
2004-06-10 12:00:00,29.867767,19.564545,232.60158,99765.87,9.8883145e-05,1.0664314
2004-06-11 12:00:00,26.666931,19.292938,229.48523,100118.69,2.7475156e-07,2.9963605
2004-06-12 12:00:00,26.928955,12.136932,363.63803,100888.08,0.0,0.48284307
2004-06-13 12:00:00,32.17865,15.610596,341.42352,100800.41,0.0,2.078643
2004-06-14 12:00:00,30.56131,20.85788,217.42204,100676.83,0.0,1.104423
2004-06-15 12:00:00,31.955109,20.235443,240.2917,99969.836,0.00016213657,0.4525641
2004-06-16 12:00:00,26.512207,18.30011,236.92317,99547.42,5.2934092e-06,2.1412826
2004-06-17 12:00:00,32.913055,17.777008,284.6495,99427.86,0.0,1.1788546
2004-06-18 12:00:00,32.20038,18.288727,192.61824,99268.01,0.0001888351,1.4450521
2004-06-19 12:00:00,28.532501,13.967529,356.4348,100212.94,1.1276904e-05,1.757993
2004-06-20 12:00:00,28.497131,16.877777,355.21283,100608.25,0.0,2.1580617
2004-06-21 12:00:00,28.102112,15.433075,363.11588,100633.625,0.0,1.9622867
2004-06-22 12:00:00,30.511627,14.860901,362.9542,100306.66,0.0,0.36841482
2004-06-23 12:00:00,33.323395,17.788391,358.12405,100041.64,0.0,1.9391049
2004-06-24 12:00:00,34.602203,18.317322,356.98584,99990.04,0.0,2.8258727
2004-06-25 12:00:00,34.072327,23.694183,342.40515,100213.83,0.0,3.324505
2004-06-26 12:00:00,34.051453,24.414795,294.07608,100352.27,2.8250683e-06,2.5455043
2004-06-27 12:00:00,34.630432,23.862274,263.69388,100200.43,6.143059e-06,1.8798631
2004-06-28 12:00:00,35.531586,24.217773,301.12903,100065.52,8.590114e-07,1.8679464
2004-06-29 12:00:00,36.460876,21.893158,354.5962,99805.62,0.0,2.8156333
2004-06-30 12:00:00,37.376007,23.990936,317.1348,99506.94,0.0,3.0367799
2004-07-01 12:00:00,35.364624,21.64035,270.0695,99665.266,1.3076222e-05,1.0385598
2004-07-02 12:00:00,34.50943,21.676361,262.57095,99723.266,0.00016770326,1.5463455
2004-07-03 12:00:00,33.486877,19.561768,340.9087,99511.51,0.00043741846,1.550566
2004-07-04 12:00:00,35.499664,25.461151,346.5396,99232.78,0.0,3.1365695
2004-07-05 12:00:00,37.429657,25.344025,326.08408,99468.65,1.3648485e-05,2.4354973
2004-07-06 12:00:00,34.002655,21.61142,240.94562,100164.67,0.0,1.3856307
2004-07-07 12:00:00,37.32022,22.296509,337.18582,100352.78,0.0,1.9169666
2004-07-08 12:00:00,38.3161,24.253052,344.16736,100065.72,0.0,2.290987
2004-07-09 12:00:00,38.786407,24.99707,342.0505,100063.48,0.0,2.1388862
2004-07-10 12:00:00,40.035583,25.683868,323.16064,100039.13,2.6959524e-06,0.7200416
2004-07-11 12:00:00,38.827484,24.257385,342.72113,99912.695,0.0,1.8664899
2004-07-12 12:00:00,37.109344,24.665009,329.52533,100137.54,0.0,2.5382361
2004-07-13 12:00:00,33.426758,23.502625,272.59854,100532.37,1.3951705e-05,2.3803022
2004-07-14 12:00:00,33.80014,23.132996,296.64017,100745.13,2.116618e-05,1.742916
2004-07-15 12:00:00,35.024017,23.917358,312.94852,100748.93,4.138668e-06,1.4302787
2004-07-16 12:00:00,35.83557,22.772827,265.52747,100567.21,2.6956466e-05,1.1297673
2004-07-17 12:00:00,35.40512,22.20642,286.58908,100537.43,1.3547813e-07,1.8292702
2004-07-18 12:00:00,35.896667,25.099945,301.53192,100545.81,1.7936218e-05,1.93229
2004-07-19 12:00:00,36.493774,23.896057,330.72073,100331.37,1.4067506e-05,1.6737019
2004-07-20 12:00:00,37.037323,26.047577,269.88312,100112.78,0.00010218496,1.6570864
2004-07-21 12:00:00,33.05197,20.757843,335.89786,100362.35,1.7331226e-05,2.0037372
2004-07-22 12:00:00,33.94339,19.219177,337.3,100265.39,0.0,1.7694749
2004-07-23 12:00:00,32.6756,18.661865,76.53741,99910.21,0.00022985988,2.4158654
2004-07-24 12:00:00,32.468567,18.680267,263.64304,99822.65,0.0,3.1086433
2004-07-25 12:00:00,36.336456,23.270782,255.05977,99420.234,6.681971e-05,1.6283634
2004-07-26 12:00:00,31.454346,20.972382,334.00058,99596.05,5.6729903e-05,1.5063365
2004-07-27 12:00:00,31.909912,17.843567,339.15085,99791.61,0.0,2.4974995
2004-07-28 12:00:00,30.290924,18.50409,170.71758,99728.0,0.0,1.8721248
2004-07-29 12:00:00,27.01593,19.514893,152.28917,99549.6,6.439745e-05,0.91567737
2004-07-30 12:00:00,26.755737,20.07788,194.91524,99024.89,0.0002484983,2.3531516
2004-07-31 12:00:00,25.418854,16.797302,218.09264,99955.71,1.8353607e-05,2.8874035
2004-08-01 12:00:00,27.351868,17.623413,264.17685,100316.77,8.627188e-09,1.8527604
2004-08-02 12:00:00,27.410767,16.67389,250.57643,100570.56,3.5077804e-07,1.4645144
2004-08-03 12:00:00,28.837036,16.453644,282.14108,100483.164,0.0,1.4632151
2004-08-04 12:00:00,30.155487,17.664337,263.95468,100374.61,0.0,1.7996179
2004-08-05 12:00:00,30.65384,20.159729,215.4706,100407.8,0.0,1.3747011
2004-08-06 12:00:00,31.840912,20.324707,281.0276,100432.57,0.0,1.4459978
2004-08-07 12:00:00,32.19864,21.778473,255.76276,100403.42,0.0,1.5045209
2004-08-08 12:00:00,34.424133,22.844574,302.61987,100386.98,2.1755672e-05,0.33424562
2004-08-09 12:00:00,35.76346,24.278473,283.16208,100328.78,0.0,1.321153
2004-08-10 12:00:00,37.32019,23.664948,311.25708,99985.516,0.0,1.4305291
2004-08-11 12:00:00,37.29947,27.406738,308.04276,99604.96,0.0,0.562773
2004-08-12 12:00:00,34.387238,19.922272,322.2775,100098.99,0.0,3.1828163
2004-08-13 12:00:00,30.555939,16.260284,308.8088,100116.21,0.0,1.5976899
2004-08-14 12:00:00,32.704163,16.756226,314.65436,100035.25,0.0,1.8741025
2004-08-15 12:00:00,34.141144,18.559937,305.41885,100233.34,0.0,1.7949715
2004-08-16 12:00:00,35.49893,17.628723,309.12213,100332.305,0.0,1.7131277
2004-08-17 12:00:00,37.63153,21.425476,302.05704,100231.24,0.0,2.0208747
2004-08-18 12:00:00,37.744934,26.079834,244.73769,100199.016,0.0,2.1194832
2004-08-19 12:00:00,36.792755,24.413513,255.54808,100076.75,1.5698635e-05,1.3280189
2004-08-20 12:00:00,39.11667,21.841614,298.46597,99882.52,0.0,0.921126
2004-08-21 12:00:00,37.34903,22.000305,194.8395,99768.7,5.934414e-05,2.0549693
2004-08-22 12:00:00,31.0542,18.401062,300.61304,99935.58,0.0,2.910462
2004-08-23 12:00:00,32.065643,18.334747,285.72415,99986.93,0.0,1.765817
2004-08-24 12:00:00,31.368713,19.224854,217.26027,100077.88,2.527552e-07,1.458406
2004-08-25 12:00:00,32.421997,19.676025,208.54301,100196.05,0.0,0.48601183
2004-08-26 12:00:00,34.37265,23.10913,210.73813,100186.28,3.475339e-07,1.5879995
2004-08-27 12:00:00,34.96338,20.71643,253.57643,100216.51,7.398299e-05,1.3973013
2004-08-28 12:00:00,33.348022,19.227966,278.67795,100218.234,1.9803756e-05,1.5078924
2004-08-29 12:00:00,34.00113,22.240448,265.5081,100034.586,0.0,1.6947312
2004-08-30 12:00:00,33.063416,22.752502,197.0979,100187.555,1.7256478e-05,1.7454168
2004-08-31 12:00:00,34.18692,23.252838,233.47964,100333.87,4.9915587e-05,1.4765445
2004-09-01 12:00:00,32.663177,22.481842,180.56943,100171.67,4.1373555e-06,1.385057
2004-09-02 12:00:00,34.33252,22.781097,216.83835,99880.04,0.0,1.7735366
2004-09-03 12:00:00,34.690308,23.326721,256.90277,99559.375,2.7526217e-05,2.105976
2004-09-04 12:00:00,33.6091,20.33197,274.4382,99381.805,3.0314022e-05,1.0479635
2004-09-05 12:00:00,34.747894,21.478088,234.55739,99130.586,4.3319527e-05,1.4478282
2004-09-06 12:00:00,32.536346,20.626709,255.17316,99408.664,4.688264e-06,1.6888386
2004-09-07 12:00:00,33.006073,21.05783,267.01553,99964.51,0.0,1.4454687
2004-09-08 12:00:00,31.091278,23.101166,267.7122,100296.125,0.0,2.4395711
2004-09-09 12:00:00,32.457977,18.002502,249.14946,100283.0,0.0,1.8436475
2004-09-10 12:00:00,36.36624,23.498627,257.1862,99883.375,0.0,2.4195395
2004-09-11 12:00:00,35.408447,25.590363,228.06062,99886.47,0.0,3.0263767
2004-09-12 12:00:00,36.574738,26.45456,255.64583,99938.09,0.0,3.0278714
2004-09-13 12:00:00,36.45694,23.925812,255.86742,100032.555,0.0,2.474618
2004-09-14 12:00:00,34.936615,24.32663,209.53348,100177.95,1.4186387e-06,2.034747
2004-09-15 12:00:00,32.539917,22.340118,250.82234,99971.33,0.0,1.9229966
2004-09-16 12:00:00,28.280853,16.10968,168.24716,99873.36,8.5846665e-08,1.6965098
2004-09-17 12:00:00,29.542969,15.463257,162.91928,99920.35,0.0,1.172627
2004-09-18 12:00:00,30.828827,19.404144,226.93112,99797.586,0.0,2.5706582
2004-09-19 12:00:00,35.29138,24.928558,241.86278,99425.96,3.909111e-07,4.6156197
2004-09-20 12:00:00,32.787018,19.461548,73.307076,99731.83,0.00015993182,2.0646243
2004-09-21 12:00:00,23.451996,13.988495,249.21432,100315.24,0.0,2.2734609
2004-09-22 12:00:00,22.853607,11.716095,246.92479,100405.56,0.0,2.2557628
2004-09-23 12:00:00,24.103333,10.968414,244.78856,100578.79,0.0,1.5054111
2004-09-24 12:00:00,25.323608,11.351135,217.8178,100959.84,0.0,1.1905288
2004-09-25 12:00:00,26.839752,13.744507,228.76952,101318.84,0.0,1.6364167
2004-09-26 12:00:00,28.135406,13.632202,232.37675,101194.85,0.0,1.6208812
2004-09-27 12:00:00,28.936737,13.646393,233.34853,100893.484,0.0,1.6308281
2004-09-28 12:00:00,28.410645,13.311676,185.71997,100726.48,0.0,1.6248907
2004-09-29 12:00:00,29.564667,13.488678,225.69908,100319.08,0.0,1.563823
2004-09-30 12:00:00,24.524261,12.102112,232.86601,100311.516,3.740097e-05,2.6773279
2004-10-01 12:00:00,25.874786,8.039368,226.0732,100156.52,9.394828e-09,3.072052
2004-10-02 12:00:00,25.068268,6.688385,228.7491,100220.8,0.0,1.6946985
2004-10-03 12:00:00,32.88376,11.7543335,217.6893,100286.43,0.0,1.2635016
2004-10-04 12:00:00,32.969055,17.048706,213.4903,100355.48,0.0,2.4251542
2004-10-05 12:00:00,30.10559,15.775085,179.00755,99986.77,0.0,2.6439636
2004-10-06 12:00:00,26.710205,16.288788,30.48456,99079.92,0.00066671433,0.860218
2004-10-07 12:00:00,18.43338,13.822571,82.142075,99281.54,1.951927e-05,1.7624754
2004-10-08 12:00:00,16.607727,8.658783,206.63393,100154.9,1.744531e-05,1.8629946
2004-10-09 12:00:00,19.600677,11.4227295,182.856,100270.18,2.8176817e-06,1.1447551
2004-10-10 12:00:00,21.224274,8.2803955,203.9073,100367.46,0.0,1.3126444
2004-10-11 12:00:00,24.01117,12.749756,114.11085,99850.78,1.1354667e-06,1.8462092
2004-10-12 12:00:00,20.596954,17.70935,80.7217,99949.086,6.6826215e-05,0.79473805
2004-10-13 12:00:00,17.743011,11.37384,33.081238,100580.68,0.00018452796,3.1811204
2004-10-14 12:00:00,14.345947,7.774811,200.19545,101426.945,0.0,3.272079
2004-10-15 12:00:00,14.408112,2.4783325,183.32158,101775.9,0.0,2.3456671
2004-10-16 12:00:00,16.648773,3.420288,188.47374,101258.79,0.0,1.7741194
2004-10-17 12:00:00,20.502228,6.8640137,173.12442,100780.14,0.0,1.535604
2004-10-18 12:00:00,19.917603,9.921753,102.19264,100483.14,0.0,1.7108904
2004-10-19 12:00:00,18.930878,12.656921,107.05056,100137.14,2.6064506e-06,1.7623026
2004-10-20 12:00:00,20.549683,15.402527,93.94665,100052.914,9.882594e-06,2.3854268
2004-10-21 12:00:00,23.058807,12.936005,172.26224,100224.65,0.0,2.5267737
2004-10-22 12:00:00,22.310577,11.7213745,90.323524,100506.11,0.0,2.1598723
2004-10-23 12:00:00,23.931305,13.812836,149.59917,100688.72,0.0,0.87096107
2004-10-24 12:00:00,23.563934,15.915009,125.507996,100696.66,9.763622e-10,1.347517
2004-10-25 12:00:00,23.733887,15.087524,163.41985,100292.9,1.0960331e-07,1.6950347
2004-10-26 12:00:00,24.35147,13.866272,134.60818,99906.984,0.0,1.0043148
2004-10-27 12:00:00,22.799957,14.346863,100.23559,99799.12,0.0,2.09722
2004-10-28 12:00:00,21.600586,12.5538025,110.09714,99810.3,9.1425017e-07,2.2192729
2004-10-29 12:00:00,18.553406,15.299896,64.33534,100054.195,1.018601e-05,1.7425443
2004-10-30 12:00:00,20.603058,13.124084,91.72012,99845.18,2.1790418e-06,1.5998552
2004-10-31 12:00:00,21.827179,15.087189,107.4699,99740.46,8.5649765e-05,1.0321348
2004-11-01 12:00:00,20.283234,10.945282,161.81923,100374.914,8.955995e-07,1.2089894
2004-11-02 12:00:00,20.43396,10.155701,104.16963,100869.89,3.0673746e-06,1.8503249
2004-11-03 12:00:00,23.315918,14.362701,138.3351,100653.57,1.4183763e-06,2.2909844
2004-11-04 12:00:00,23.582367,15.732849,110.41688,100102.01,0.0,2.5177915
2004-11-05 12:00:00,20.710205,15.056854,114.98914,99528.76,2.065287e-05,2.6900747
2004-11-06 12:00:00,16.475311,6.9161377,154.66441,100378.11,0.0,2.2748134
2004-11-07 12:00:00,20.019379,6.5164795,152.28601,100172.82,0.0,2.8861032
2004-11-08 12:00:00,22.223389,11.130646,149.24121,99235.68,0.0,4.4504304
2004-11-09 12:00:00,21.044098,13.52298,62.901207,99074.125,0.00014275992,2.4639528
2004-11-10 12:00:00,13.23468,5.0765686,87.94227,100123.05,6.167018e-05,3.5583365
2004-11-11 12:00:00,10.65686,2.530182,53.53895,100432.11,7.789605e-06,1.490751
2004-11-12 12:00:00,10.275787,4.8893127,87.413536,99866.055,8.600507e-05,2.5682738
2004-11-13 12:00:00,7.1302795,0.72598267,57.760914,99985.42,3.9970637e-06,1.6762903
2004-11-14 12:00:00,8.688049,5.3516235,34.44857,98950.75,5.4014647e-05,2.4765177
2004-11-15 12:00:00,7.699829,6.431305,27.682522,98325.625,0.00024616797,4.2932754
2004-11-16 12:00:00,6.821991,-0.23010254,68.44487,99412.91,7.281332e-07,1.2118541
2004-11-17 12:00:00,6.580078,4.2177124,34.901394,99458.22,3.009673e-05,1.4040378
2004-11-18 12:00:00,7.389984,5.07428,39.89789,100039.9,1.7403516e-05,1.6451675
2004-11-19 12:00:00,6.513611,1.9021301,35.513603,100656.72,7.9492595e-05,3.0462503
2004-11-20 12:00:00,2.2199402,-0.16082764,53.03445,100734.24,1.1522744e-05,2.659797
2004-11-21 12:00:00,2.7156067,-0.4355774,69.22201,100620.21,1.2663347e-05,1.1854938
2004-11-22 12:00:00,6.175293,-0.77075195,42.688858,99574.8,0.00013286262,2.8366532
2004-11-23 12:00:00,9.922638,3.6017761,130.38286,99183.56,4.86151e-05,4.204636
2004-11-24 12:00:00,5.134613,-2.2930908,48.09547,100243.24,5.385636e-05,0.35706434
2004-11-25 12:00:00,5.4999084,0.22827148,56.174435,99292.24,0.00015749825,0.5568718
2004-11-26 12:00:00,3.0992737,-4.7698364,126.43497,100520.05,1.5425755e-06,2.2950711
2004-11-27 12:00:00,3.7016907,-4.293976,111.859505,100250.87,7.195047e-08,1.6054457
2004-11-28 12:00:00,4.2063904,-8.333984,116.19892,100118.38,2.0922532e-06,1.0348237
2004-11-29 12:00:00,6.0479126,-6.823578,115.38217,100405.55,1.2541186e-06,2.0471125
2004-11-30 12:00:00,6.2601013,-8.611481,111.564415,100299.44,1.4642034e-06,1.2677928
2004-12-01 12:00:00,4.40979,-4.019043,45.429756,100260.36,4.7766766e-06,1.0453333
2004-12-02 12:00:00,7.4729614,-4.0084534,117.01394,99860.26,1.6408633e-06,1.8885462
2004-12-03 12:00:00,10.407043,-5.5191956,110.26848,100248.08,3.7143664e-07,1.2900923
2004-12-04 12:00:00,13.127808,5.7352905,103.994286,100018.18,1.0922231e-05,4.395493
2004-12-05 12:00:00,17.39685,10.865784,27.980322,99093.63,0.00011674554,4.685296
2004-12-06 12:00:00,14.923248,2.7666626,57.78792,99528.65,2.362468e-06,1.6235543
2004-12-07 12:00:00,11.221588,-1.8711243,113.04595,100320.23,1.427077e-07,2.1564655
2004-12-08 12:00:00,15.548584,5.052063,111.61715,100037.93,0.0,3.191282
2004-12-09 12:00:00,13.045746,0.62713623,78.27993,100874.53,1.1486335e-07,2.9456131
2004-12-10 12:00:00,8.464966,3.572052,17.377287,100360.25,4.8656533e-05,1.1950504
2004-12-11 12:00:00,6.0575867,-3.018036,114.26882,100889.45,5.2522005e-06,2.3271766
2004-12-12 12:00:00,2.9584656,-3.8362122,41.192123,100922.23,4.9464093e-06,0.5564258
2004-12-13 12:00:00,2.6242065,-0.2048645,51.696594,101026.984,7.4703416e-07,0.77627975
2004-12-14 12:00:00,2.5559387,-1.2967529,51.378345,100917.01,1.1208284e-06,1.9869097
2004-12-15 12:00:00,2.2230835,-2.309784,77.297295,100611.93,3.8371795e-06,1.6250387
2004-12-16 12:00:00,2.1739502,-3.6617432,52.47618,100703.87,6.758499e-06,0.7939123
2004-12-17 12:00:00,0.31948853,-3.1437988,72.27689,101260.31,3.281651e-05,3.184574
2004-12-18 12:00:00,-0.824646,-10.555481,96.64154,101843.59,2.0427346e-06,1.1509004
2004-12-19 12:00:00,1.5018921,-7.388672,100.874435,101185.984,2.2115842e-06,0.57148725
2004-12-20 12:00:00,4.1173096,-9.353455,109.91794,101284.664,4.0237805e-07,1.6827438
2004-12-21 12:00:00,4.4050903,-9.752869,92.74497,101463.35,6.712214e-07,1.1192211
2004-12-22 12:00:00,8.952515,-4.6661377,105.70797,100329.45,0.0,1.2401456
2004-12-23 12:00:00,1.9482422,-8.790375,63.386482,100528.47,3.4508784e-07,1.3619342
2004-12-24 12:00:00,11.39621,-0.17572021,38.948982,99672.49,5.625918e-06,2.6848395
2004-12-25 12:00:00,7.9429016,-0.20135498,88.920845,99750.33,1.9618692e-08,1.0932368
2004-12-26 12:00:00,4.5961914,-7.4954224,107.189285,100060.76,4.3812716e-07,1.5271454
2004-12-27 12:00:00,0.27474976,-3.6781006,24.819468,99360.75,0.00010776939,1.6536
2004-12-28 12:00:00,0.35412598,-8.463379,50.843292,99820.51,1.6636823e-05,1.8346928
2004-12-29 12:00:00,-1.622345,-11.925842,114.85409,100402.06,2.4804373e-07,2.7385986
2004-12-30 12:00:00,-0.2255249,-15.577789,116.9307,100186.95,0.0,1.5898663
2004-12-31 12:00:00,6.483734,-9.162567,112.92117,100455.81,6.9139894e-08,2.1762853
2005-01-01 12:00:00,3.1959229,-4.9608154,59.431026,100558.59,2.7558497e-06,1.1614718
2005-01-02 12:00:00,-2.9327698,-10.249817,102.3285,100681.234,1.0138385e-06,1.7158154
2005-01-03 12:00:00,-3.4595337,-18.069748,84.94138,100519.66,8.958931e-09,1.123006
2005-01-04 12:00:00,1.164032,-6.7326965,93.97707,99798.484,1.5317097e-06,2.6736224
2005-01-05 12:00:00,0.70965576,-7.1402283,66.5379,99996.445,5.8536225e-06,2.1925488
2005-01-06 12:00:00,-4.4885254,-11.985443,123.022865,100829.805,5.096603e-07,2.4780228
2005-01-07 12:00:00,3.684082,-15.362701,107.04425,100425.96,1.188882e-10,2.143982
2005-01-08 12:00:00,8.346191,0.22677612,52.612904,99716.74,7.8374105e-06,2.12857
2005-01-09 12:00:00,6.1294556,2.3515625,23.590223,99571.125,0.00013525701,1.8564186
2005-01-10 12:00:00,5.1356506,0.4842224,24.577265,99755.36,0.00016005877,4.0290556
2005-01-11 12:00:00,0.472229,-1.9767151,113.40237,100032.97,0.00010758131,3.8824394
2005-01-12 12:00:00,1.6755981,-10.404449,108.567116,99534.85,8.6698543e-07,2.4113412
2005-01-13 12:00:00,0.32632446,-13.143188,91.2579,99975.945,1.3311708e-07,2.0819263
2005-01-14 12:00:00,0.6465454,-16.321228,92.965195,100033.336,7.695108e-06,2.2298567
2005-01-15 12:00:00,5.2856445,-9.575073,120.54257,100005.14,6.137803e-08,1.9144843
2005-01-16 12:00:00,8.168152,-11.627289,124.88712,100608.84,0.0,1.8834373
2005-01-17 12:00:00,13.84613,6.0465393,69.89437,99353.18,5.1785584e-05,3.34885
2005-01-18 12:00:00,9.80661,-8.067413,114.31984,100830.87,2.6503078e-05,3.5202982
2005-01-19 12:00:00,1.5315857,-8.540649,121.38159,101180.6,1.9178506e-07,1.0120116
2005-01-20 12:00:00,4.732361,-4.912018,40.59963,100195.625,3.5779165e-05,2.3410704
2005-01-21 12:00:00,15.636505,4.8431396,129.32695,99090.836,1.722284e-05,3.0182383
2005-01-22 12:00:00,13.892487,4.663849,81.47931,98728.9,5.223948e-06,1.6944834
2005-01-23 12:00:00,6.372528,0.30343628,98.915085,99838.68,6.265622e-06,0.26481682
2005-01-24 12:00:00,7.993286,0.64437866,69.801346,99230.01,9.52425e-06,1.9158483
2005-01-25 12:00:00,6.329254,-5.165802,45.577347,98787.98,0.00011442789,3.1782022
2005-01-26 12:00:00,-5.3420715,-12.065491,146.95923,101200.48,6.9044114e-07,3.8331969
2005-01-27 12:00:00,-2.8369446,-11.491913,123.14782,101827.336,1.95999e-06,1.1111163
2005-01-28 12:00:00,1.0092773,-4.056183,60.15286,101067.06,1.7717826e-05,2.232009
2005-01-29 12:00:00,13.244293,-0.5350647,68.09976,99649.945,1.9480652e-08,2.5065029
2005-01-30 12:00:00,9.205383,-2.8023987,100.72122,99577.766,2.1117605e-06,0.69742286
2005-01-31 12:00:00,15.72644,6.312256,42.690437,99072.22,1.662916e-05,1.7997448
2005-02-01 12:00:00,11.805054,-4.9847717,87.827835,100864.41,1.1499033e-05,3.2947865
2005-02-02 12:00:00,5.155792,-8.219543,136.64098,101628.16,8.642072e-07,1.6622665
2005-02-03 12:00:00,14.466064,-2.1081238,115.096016,100440.375,0.0,3.2858338
2005-02-04 12:00:00,14.417145,4.9585266,23.79236,99559.41,0.00022942893,1.8251354
2005-02-05 12:00:00,4.6676025,-3.6259766,64.150826,100164.84,0.00032761306,6.169345
2005-02-06 12:00:00,-1.5032654,-12.52121,162.47827,101202.07,8.480078e-08,2.206419
2005-02-07 12:00:00,-0.84313965,-12.874268,69.92244,100753.8,4.425691e-06,0.899721
2005-02-08 12:00:00,-0.31454468,-2.728363,62.95485,99993.414,6.8988775e-05,2.6990836
2005-02-09 12:00:00,-0.5133667,-9.81366,171.18082,100955.164,8.66815e-06,3.332899
2005-02-10 12:00:00,-0.9104309,-16.650574,172.13544,101022.15,0.0,0.8002994
2005-02-11 12:00:00,0.23910522,-7.4010315,63.005646,99870.73,2.5768402e-05,1.9856074
2005-02-12 12:00:00,0.5651245,-5.1026917,158.14949,100059.84,8.108398e-06,2.3954575
2005-02-13 12:00:00,4.23999,-9.378754,104.14294,100297.84,1.8803343e-06,0.93284816
2005-02-14 12:00:00,8.040619,-8.015259,178.8368,100187.34,1.3066723e-06,1.9204552
2005-02-15 12:00:00,3.8259888,-10.608154,173.65488,101181.984,9.973852e-07,2.946054
2005-02-16 12:00:00,8.321625,-6.218506,156.45074,100288.17,4.3656783e-07,2.8620179
2005-02-17 12:00:00,15.878632,5.4294434,119.755,98891.555,2.6097468e-06,3.565687
2005-02-18 12:00:00,16.367828,10.478424,162.52316,97827.21,8.068649e-05,2.9727201
2005-02-19 12:00:00,11.417358,1.8024292,119.55791,98689.836,1.4714461e-05,4.034902
2005-02-20 12:00:00,11.5469055,-4.513855,109.9987,98905.71,1.4007421e-05,2.0548887
2005-02-21 12:00:00,13.67276,-0.28179932,67.60685,98286.5,0.00016039806,2.3715107
2005-02-22 12:00:00,-0.3326416,-8.939362,104.19962,100098.18,7.582828e-06,4.5592275
2005-02-23 12:00:00,2.4917297,-11.630127,190.48593,100003.96,2.2399522e-07,0.95602906
2005-02-24 12:00:00,8.656525,1.9607239,57.519352,98433.664,9.1841015e-05,2.7398639
2005-02-25 12:00:00,3.0742798,-7.130249,198.94241,100076.02,3.1547388e-06,4.2558107
2005-02-26 12:00:00,0.20776367,-14.4583435,210.22502,101708.98,2.3911678e-06,2.4177444
2005-02-27 12:00:00,0.5091858,-8.9729,66.44596,101150.13,3.6123383e-05,1.9720469
2005-02-28 12:00:00,0.49978638,-5.7799377,179.39612,101133.484,1.7516548e-05,3.03985
2005-03-01 12:00:00,6.6381836,-13.809723,214.45273,101340.03,0.0,1.7280183
2005-03-02 12:00:00,11.661835,-8.275787,214.35269,100336.6,0.0,2.5822036
2005-03-03 12:00:00,11.014313,4.3703003,163.98094,99247.08,3.487859e-07,3.2605438
2005-03-04 12:00:00,17.40564,7.0249634,78.05015,98361.69,7.1218914e-05,2.8052359
2005-03-05 12:00:00,17.90625,9.930267,196.1057,97880.71,0.0001401533,3.4476664
2005-03-06 12:00:00,13.647827,3.8326416,190.89488,98769.06,2.4326944e-06,3.0953224
2005-03-07 12:00:00,14.38681,3.1479492,80.65785,99168.72,1.09900775e-05,1.8242995
2005-03-08 12:00:00,13.849457,8.349823,107.18935,98631.22,0.00010077922,0.6313044
2005-03-09 12:00:00,9.304474,2.8285217,154.4029,99604.2,3.847051e-05,3.4157474
2005-03-10 12:00:00,7.816437,-1.1462097,213.02376,100551.44,3.8674798e-07,1.3088667
2005-03-11 12:00:00,10.438721,0.40460205,218.64922,100004.914,1.4144345e-08,0.45104295
2005-03-12 12:00:00,13.077148,-2.4546204,236.74211,99300.33,0.0,1.449524
2005-03-13 12:00:00,11.358429,2.8247375,192.32709,98714.57,1.3687965e-05,2.559445
2005-03-14 12:00:00,2.6080322,-7.049713,163.85638,99996.86,3.3334952e-06,2.086826
2005-03-15 12:00:00,11.042267,-1.8305359,154.38676,99655.9,1.7343058e-05,3.697647
2005-03-16 12:00:00,12.97699,7.684662,53.280827,98891.79,0.00011042078,2.6626852
2005-03-17 12:00:00,11.084045,-1.4587097,234.86049,99505.44,6.6123357e-07,1.7796483
2005-03-18 12:00:00,12.006287,2.9919739,186.23413,99720.82,1.3025098e-06,1.3544022
2005-03-19 12:00:00,12.280334,-0.546875,134.2635,100022.016,1.9097677e-05,0.77168447
2005-03-20 12:00:00,11.568207,3.2521362,251.08055,100313.11,1.7953256e-05,3.9928777
2005-03-21 12:00:00,10.626282,0.038879395,242.34697,100554.56,1.1324653e-06,2.4877477
2005-03-22 12:00:00,9.146973,2.7593384,120.55938,100630.336,9.009119e-07,1.7988083
2005-03-23 12:00:00,11.596985,3.250122,242.97214,100743.07,3.211692e-08,2.874059
2005-03-24 12:00:00,9.448944,-0.51852417,102.83287,100809.46,1.1076534e-05,2.2657666
2005-03-25 12:00:00,11.235535,-3.5430908,261.03464,100955.414,4.7093747e-07,1.9615479
2005-03-26 12:00:00,14.317535,-2.0567322,260.70078,100742.2,5.31345e-08,0.88195187
2005-03-27 12:00:00,18.126892,8.255768,245.35898,99692.88,0.0,4.576576
2005-03-28 12:00:00,16.505676,12.714905,49.341255,99436.38,0.0001491232,4.217828
2005-03-29 12:00:00,18.618317,9.237427,89.15568,98753.49,0.00034643072,4.1334567
2005-03-30 12:00:00,13.714203,2.4980774,274.08337,99566.96,1.7381726e-06,3.59458
2005-03-31 12:00:00,18.838379,7.604492,265.19656,99439.84,0.0,3.0829585
2005-04-01 12:00:00,16.390442,7.805786,191.16391,100115.58,3.0429403e-06,2.3195217
2005-04-02 12:00:00,12.364349,6.91922,109.54726,101065.61,4.7889196e-05,1.5123435
2005-04-03 12:00:00,9.685944,-0.7267456,216.43852,101273.84,0.0,2.1283643
2005-04-04 12:00:00,11.085114,-0.25698853,291.33917,101122.336,2.544281e-07,1.9114195
2005-04-05 12:00:00,15.639526,-0.5673828,285.95114,100638.75,0.0,0.6714901
2005-04-06 12:00:00,17.90567,5.743103,198.81699,100046.48,5.383903e-09,1.1729813
2005-04-07 12:00:00,17.054443,7.9455566,229.0754,99589.516,7.5232892e-06,1.3011719
2005-04-08 12:00:00,21.10025,4.2243347,287.2498,99920.21,6.308018e-09,1.4479599
2005-04-09 12:00:00,21.009521,4.0565186,292.38913,100561.65,0.0,2.3938076
2005-04-10 12:00:00,20.763062,12.190094,155.67795,100405.96,0.0,3.8314598
2005-04-11 12:00:00,17.893158,14.021301,77.82336,100344.49,2.6572743e-05,3.786474
2005-04-12 12:00:00,14.697113,13.378296,37.561302,99542.35,0.00025955163,2.1869762
2005-04-13 12:00:00,14.960785,9.001282,267.9982,99299.94,9.693676e-05,3.2381196
2005-04-14 12:00:00,12.3815,1.9277039,270.67722,99789.46,2.2278401e-07,2.319817
2005-04-15 12:00:00,16.102783,3.1224976,226.23996,99946.836,0.0,1.6518501
2005-04-16 12:00:00,14.901367,8.176758,54.56855,99573.414,0.00020665882,2.6417947
2005-04-17 12:00:00,14.034882,8.302063,151.05542,99945.016,1.4158246e-05,2.1305947
2005-04-18 12:00:00,20.388184,6.0465393,269.42795,100329.9,8.52176e-09,1.7129889
2005-04-19 12:00:00,18.194824,10.628845,115.782326,100326.35,5.4778584e-06,2.596971
2005-04-20 12:00:00,18.050568,9.669525,247.91296,100245.664,0.0,3.1750839
2005-04-21 12:00:00,21.153229,7.596161,314.46313,100063.83,0.0,2.2512836
2005-04-22 12:00:00,24.692383,7.2836304,309.079,99862.2,0.0,0.92571956
2005-04-23 12:00:00,22.654724,12.917633,187.82881,99961.414,8.928191e-06,2.1630595
2005-04-24 12:00:00,21.165588,9.029449,285.78452,100362.57,0.0,0.9349269
2005-04-25 12:00:00,19.433441,7.922638,313.6815,100887.28,5.121013e-10,2.3078582
2005-04-26 12:00:00,21.749725,7.487274,322.69675,100977.805,0.0,1.1028112
2005-04-27 12:00:00,25.380676,9.37616,310.69937,100698.74,0.0,1.3518358
2005-04-28 12:00:00,27.258667,11.020477,322.7984,100347.19,0.0,2.3110552
2005-04-29 12:00:00,27.407959,12.500275,317.97656,100211.79,0.0,3.3290808
2005-04-30 12:00:00,28.208038,16.1922,313.68625,100365.21,0.0,3.5592828
2005-05-01 12:00:00,28.455048,16.266083,276.98804,100634.69,8.584562e-08,2.531132
2005-05-02 12:00:00,29.694153,16.27771,248.39873,100566.266,0.0,2.227686
2005-05-03 12:00:00,27.276764,17.683167,88.95579,100351.29,4.2447016e-05,2.3270154
2005-05-04 12:00:00,28.964478,19.757355,253.96364,100091.1,1.1515526e-05,2.5346932
2005-05-05 12:00:00,30.26007,21.081665,234.1119,99977.734,4.7507307e-05,3.0127609
2005-05-06 12:00:00,30.79129,18.467102,314.36786,99735.305,2.6064572e-05,2.4517262
2005-05-07 12:00:00,28.982208,19.54602,249.65599,99416.32,9.912927e-05,3.2855883
2005-05-08 12:00:00,23.838379,16.677887,297.66492,99651.68,0.00016374874,1.7041442
2005-05-09 12:00:00,23.641205,11.459412,308.87448,99861.88,0.0,1.8489585
2005-05-10 12:00:00,25.949982,11.11319,337.56396,99577.0,0.0,1.4806249
2005-05-11 12:00:00,29.560608,13.427612,333.56274,99541.56,0.0,2.5522616
2005-05-12 12:00:00,27.817688,18.104462,243.90645,100150.41,0.00012606494,1.8738981
2005-05-13 12:00:00,26.386383,11.573181,342.53253,100888.4,0.0,2.3339381
2005-05-14 12:00:00,29.777222,12.886505,282.97516,100543.57,9.0860285e-06,1.8917478
2005-05-15 12:00:00,30.979736,21.70929,306.94626,100147.07,8.158178e-07,3.136063
2005-05-16 12:00:00,31.822632,23.066956,324.7321,99985.22,8.0210434e-08,3.2177458
2005-05-17 12:00:00,31.504852,20.243073,328.98688,99691.11,4.147678e-05,2.7624087
2005-05-18 12:00:00,32.79297,25.013275,325.8779,99076.03,0.0,4.1676474
2005-05-19 12:00:00,31.7276,24.303253,247.96701,98525.82,9.767609e-05,3.7280822
2005-05-20 12:00:00,28.840729,19.835388,222.36412,98024.02,0.000110684414,3.7210548
2005-05-21 12:00:00,28.840424,18.316376,335.12344,97698.5,3.5593248e-06,4.386032
2005-05-22 12:00:00,27.18872,14.785797,311.51285,98210.664,3.1194108e-05,3.5174325
2005-05-23 12:00:00,36.115265,13.993652,348.68417,98461.55,0.0,1.1514803
2005-05-24 12:00:00,35.584137,22.58847,324.70575,98957.38,0.0,2.962931
2005-05-25 12:00:00,33.896423,23.212494,260.24707,99573.164,2.667601e-05,2.4711618
2005-05-26 12:00:00,35.17276,20.612274,314.82263,99829.09,1.2425598e-05,1.7211869
2005-05-27 12:00:00,31.892944,19.893646,209.31952,99937.87,9.949155e-05,1.2666225
2005-05-28 12:00:00,27.912537,18.245453,340.32715,100029.12,1.2198489e-06,2.6839929
2005-05-29 12:00:00,29.167145,13.923859,341.55075,100022.055,0.0,0.8449847
2005-05-30 12:00:00,30.22522,19.963013,235.15213,100141.59,5.9403753e-08,0.9313322
2005-05-31 12:00:00,33.811707,21.274109,315.97247,99952.836,5.039484e-05,2.739786
2005-06-01 12:00:00,25.3497,16.928894,265.58902,100301.59,1.0821624e-05,2.6252382
2005-06-02 12:00:00,28.80426,12.335083,362.47455,100672.4,0.0,2.85951
2005-06-03 12:00:00,31.028961,14.006012,362.44446,100647.2,0.0,2.4556346
2005-06-04 12:00:00,33.175842,15.246094,328.338,100480.734,0.0,1.5763702
2005-06-05 12:00:00,31.959045,23.651764,214.96922,100324.51,3.375186e-05,2.2525895
2005-06-06 12:00:00,32.013184,21.002014,215.1487,100123.984,0.00026646396,0.9002295
2005-06-07 12:00:00,28.413055,19.994507,199.55237,100123.26,0.00030019935,0.6014706
2005-06-08 12:00:00,31.355682,19.712463,324.82614,100247.4,0.0,2.0848207
2005-06-09 12:00:00,33.369995,22.06778,336.06964,100001.59,0.0,2.424308
2005-06-10 12:00:00,31.9021,21.488068,196.16513,99857.57,8.8254434e-05,1.9922676
2005-06-11 12:00:00,33.832184,23.859192,343.81775,99603.8,0.0,2.9260385
2005-06-12 12:00:00,32.38794,21.743622,230.52461,99664.88,3.1136347e-05,0.62620306
2005-06-13 12:00:00,29.042664,16.729858,352.49924,99852.23,0.0,2.2550695
2005-06-14 12:00:00,28.772247,20.764923,180.01996,99611.39,0.00018447152,1.6345406
2005-06-15 12:00:00,34.207672,20.180176,297.95746,99597.61,0.0,0.7350298
2005-06-16 12:00:00,34.60501,21.500397,312.647,99745.42,1.8558541e-05,1.5142046
2005-06-17 12:00:00,34.15091,23.363556,351.32422,99698.42,0.0,2.872103
2005-06-18 12:00:00,32.361755,19.680603,138.00487,99776.54,4.4443874e-05,1.8778154
2005-06-19 12:00:00,32.23297,19.783966,345.15842,99809.96,4.026884e-08,1.4554404
2005-06-20 12:00:00,31.3526,19.615784,236.87057,99633.77,0.00029149442,1.8469893
2005-06-21 12:00:00,35.429596,24.018555,346.96106,99270.914,0.0,2.1776137
2005-06-22 12:00:00,35.11972,25.640015,353.11914,99095.77,0.0,4.186843
2005-06-23 12:00:00,35.372528,26.703491,347.68143,99393.19,0.0,3.4617343
2005-06-24 12:00:00,35.620026,24.882568,292.45645,99680.836,0.0,2.2251954
2005-06-25 12:00:00,34.06595,20.771057,299.96005,99602.21,6.286702e-05,0.74746287
2005-06-26 12:00:00,33.184235,21.444855,308.31937,99245.4,0.0001564971,1.7650328
2005-06-27 12:00:00,34.14868,19.947266,313.3032,99465.734,2.1271533e-05,2.248062
2005-06-28 12:00:00,32.769745,24.881897,178.07051,99727.1,0.0,3.1376452
2005-06-29 12:00:00,34.506927,24.905518,312.81427,100113.71,0.0,2.7107723
2005-06-30 12:00:00,34.96042,23.200256,326.88565,100188.88,2.3828735e-08,2.3148155
2005-07-01 12:00:00,35.139038,25.81134,277.21027,100072.34,0.0,2.5389328
2005-07-02 12:00:00,35.9086,24.463318,294.18555,100022.91,0.0,2.4624374
2005-07-03 12:00:00,35.904114,22.736969,335.38406,99995.06,4.1330357e-05,2.129034
2005-07-04 12:00:00,36.78714,24.563934,345.1615,100181.28,0.0,2.6159728
2005-07-05 12:00:00,37.62198,24.61139,343.4972,100264.54,0.0,2.355039
2005-07-06 12:00:00,38.817505,25.107544,344.2088,100093.48,0.0,2.2508724
2005-07-07 12:00:00,38.817993,24.445831,347.08704,99830.3,0.0,2.5040288
2005-07-08 12:00:00,39.484924,24.068787,332.7173,99555.22,0.0,2.4199886
2005-07-09 12:00:00,39.550323,24.796997,279.04675,99605.92,7.918866e-05,0.7171306
2005-07-10 12:00:00,37.061127,24.110535,211.49089,99932.51,1.5424439e-05,1.0960673
2005-07-11 12:00:00,39.78293,24.648346,303.42593,100053.195,0.0,1.4152347
2005-07-12 12:00:00,38.246094,22.617584,260.1238,100155.51,9.3728835e-05,1.2394731
2005-07-13 12:00:00,38.36139,26.015015,316.9603,100041.1,9.60126e-06,1.7345201
2005-07-14 12:00:00,38.06314,23.896332,328.79095,99871.13,1.9378062e-06,1.086276
2005-07-15 12:00:00,39.925323,26.049194,304.54193,99672.0,4.2421878e-05,1.051443
2005-07-16 12:00:00,39.639313,25.060822,293.92963,99636.24,7.0223105e-05,0.71276456
2005-07-17 12:00:00,40.052063,23.57724,332.27798,99608.79,1.2018513e-05,0.67212635
2005-07-18 12:00:00,41.394836,27.009705,328.70602,99522.98,1.581214e-07,1.8554418
2005-07-19 12:00:00,41.296936,26.047333,296.05,99473.836,3.994154e-05,1.0376405
2005-07-20 12:00:00,34.0477,24.464539,326.70654,99540.58,0.0,1.8930429
2005-07-21 12:00:00,34.097015,22.572906,324.64993,99988.07,4.7114636e-08,2.1684387
2005-07-22 12:00:00,36.535248,21.079071,339.20328,100054.34,0.0,1.5389183
2005-07-23 12:00:00,38.778564,21.25409,337.9737,100020.03,0.0,1.4530241
2005-07-24 12:00:00,38.6391,23.79535,334.50705,100057.055,0.0,2.641151
2005-07-25 12:00:00,39.152496,28.505066,312.941,100102.28,0.0,3.025384
2005-07-26 12:00:00,38.696655,28.978027,324.86783,100215.03,0.0,3.0948062
2005-07-27 12:00:00,40.016296,24.996613,332.00943,100234.03,0.0,2.214569
2005-07-28 12:00:00,40.791748,25.445953,329.85672,100270.82,0.0,2.25219
2005-07-29 12:00:00,39.2052,25.325989,225.88031,100215.56,1.4727668e-05,1.5438509
2005-07-30 12:00:00,40.492615,26.771393,285.2547,100073.23,0.0,1.5466275
2005-07-31 12:00:00,41.264893,24.80542,285.37225,100046.445,1.7674735e-08,0.6674634
2005-08-01 12:00:00,41.14157,27.578644,263.25946,99919.875,1.4650602e-05,1.1779349
2005-08-02 12:00:00,39.339233,26.246155,201.6624,99875.555,4.889849e-06,0.5048406
2005-08-03 12:00:00,36.27289,25.569061,324.56927,100107.086,0.0,2.9548054
2005-08-04 12:00:00,36.827972,24.20169,303.62332,100142.69,3.2226624e-05,1.7300152
2005-08-05 12:00:00,35.726105,23.04831,297.41928,100183.8,5.8734666e-05,1.4507115
2005-08-06 12:00:00,31.86737,20.70169,234.99316,100194.02,0.0003578054,1.4846264
2005-08-07 12:00:00,27.645905,19.552612,180.42043,100267.81,0.0003468263,2.0985084
2005-08-08 12:00:00,26.358429,19.686066,73.11112,100280.08,0.0002475117,1.713632
2005-08-09 12:00:00,27.758423,19.849182,124.51691,100372.57,0.00012350711,1.765788
2005-08-10 12:00:00,31.69278,22.652863,218.13965,100610.35,0.0,1.4927828
2005-08-11 12:00:00,33.62155,21.812744,304.8756,100645.48,5.768467e-05,0.87579846
2005-08-12 12:00:00,36.485046,22.598907,279.2723,100335.85,4.7595527e-06,0.9600356
2005-08-13 12:00:00,36.76175,22.968811,307.55643,99914.24,2.158309e-05,1.1325773
2005-08-14 12:00:00,35.348755,24.591675,279.53864,99645.72,9.703479e-06,0.8860607
2005-08-15 12:00:00,29.980865,19.549255,299.386,100110.586,0.0,2.3862512
2005-08-16 12:00:00,34.601837,18.306732,302.24738,99845.16,0.0,1.5510519
2005-08-17 12:00:00,32.890137,21.522888,220.36395,99615.99,8.938734e-05,0.97675246
2005-08-18 12:00:00,27.894196,21.255402,70.08188,100041.42,0.00051225803,0.9839221
2005-08-19 12:00:00,34.996613,21.097626,249.10358,100217.38,3.3149394e-05,1.3929285
2005-08-20 12:00:00,35.131683,25.268066,214.0497,100207.62,1.25002625e-05,2.2835572
2005-08-21 12:00:00,28.722504,20.00531,192.70996,100311.914,6.208971e-05,2.305
2005-08-22 12:00:00,29.91742,17.1474,291.40244,100009.57,0.0,1.377115
2005-08-23 12:00:00,29.215363,18.789978,244.85101,99762.93,3.426725e-08,1.5385535
2005-08-24 12:00:00,32.826202,19.202545,244.91512,99527.39,0.0,0.3132564
2005-08-25 12:00:00,35.49643,20.895844,259.40518,99176.62,1.8830526e-06,2.365045
2005-08-26 12:00:00,32.00415,19.540802,287.47522,99749.31,1.1382515e-06,1.1052148
2005-08-27 12:00:00,36.243347,20.597778,286.71332,99950.46,0.0,0.8344492
2005-08-28 12:00:00,33.94702,22.712097,223.15111,100131.64,0.0,0.80496716
2005-08-29 12:00:00,34.372345,21.673737,279.36975,100456.625,0.0,2.1981726
2005-08-30 12:00:00,35.631042,22.288635,227.80885,100171.54,0.0,2.1529226
2005-08-31 12:00:00,33.096558,20.100769,188.66254,99663.16,6.615881e-05,1.0663527
2005-09-01 12:00:00,26.788452,20.856598,140.0083,99626.7,2.678078e-05,1.3480363
2005-09-02 12:00:00,30.910736,20.5141,196.72272,99674.266,9.985201e-06,0.91406345
2005-09-03 12:00:00,33.500916,23.271515,262.1553,99548.76,0.0,2.7666297
2005-09-04 12:00:00,32.977722,24.40094,203.98029,99609.18,3.5223668e-05,2.3682141
2005-09-05 12:00:00,31.244843,20.936005,105.250404,99823.6,0.00025989357,2.1109204
2005-09-06 12:00:00,24.568878,20.234863,108.522545,100068.766,0.00013163198,1.1280723
2005-09-07 12:00:00,31.849457,19.665833,267.11777,100098.8,0.0,1.0377353
2005-09-08 12:00:00,32.85849,20.723572,263.00958,100049.3,0.0,2.0503705
2005-09-09 12:00:00,34.806335,21.304474,260.34964,99919.45,0.0,2.2402112
2005-09-10 12:00:00,35.25348,22.976715,258.85886,99896.29,0.0,1.8479954
2005-09-11 12:00:00,31.821075,19.740875,74.5788,100113.53,0.00066273956,1.2719997
2005-09-12 12:00:00,26.389374,16.323517,253.30098,100187.03,5.7887732e-08,1.9536102
2005-09-13 12:00:00,26.03946,14.596069,262.70062,100283.72,0.0,1.6941875
2005-09-14 12:00:00,26.24295,14.328339,261.03137,100462.92,0.0,1.9301339
2005-09-15 12:00:00,25.134918,14.657288,247.81224,100635.086,0.0,2.062653
2005-09-16 12:00:00,25.802246,14.558289,249.17648,100467.33,0.0,1.6401932
2005-09-17 12:00:00,27.335876,15.676727,250.5584,100189.695,0.0,0.6414399
2005-09-18 12:00:00,29.160156,15.428253,251.96492,100139.94,0.0,0.9245858
2005-09-19 12:00:00,25.37497,15.533447,243.6403,100575.03,0.0,3.053546
2005-09-20 12:00:00,20.904205,11.755432,229.8941,101215.21,0.0,2.9218903
2005-09-21 12:00:00,22.818756,8.99292,250.75836,101119.4,0.0,2.1812897
2005-09-22 12:00:00,22.616974,8.944153,172.48087,100699.51,0.0,1.486316
2005-09-23 12:00:00,23.378815,14.993256,119.43669,100287.4,0.0,1.1213374
2005-09-24 12:00:00,26.235382,15.981232,141.172,100047.64,1.8604958e-05,1.8435134
2005-09-25 12:00:00,29.772156,16.28128,224.24812,99771.625,0.0,2.372925
2005-09-26 12:00:00,26.056732,17.487885,156.75496,99882.13,5.929808e-06,2.5658326
2005-09-27 12:00:00,23.024292,17.9664,31.525167,100035.37,0.0001676352,2.8398395
2005-09-28 12:00:00,22.414856,18.614685,65.950005,100091.2,3.64778e-05,1.7663954
2005-09-29 12:00:00,21.114594,18.770508,23.638577,100009.125,0.00092438736,2.009709
2005-09-30 12:00:00,21.906342,18.71756,92.687416,99846.125,4.688364e-05,1.0416814
2005-10-01 12:00:00,19.232422,15.32193,69.13368,100139.484,2.3368835e-05,2.0702357
2005-10-02 12:00:00,19.469086,15.736176,86.9665,100244.84,2.196272e-05,1.5231566
2005-10-03 12:00:00,24.087372,16.021332,171.84634,100254.555,2.9426114e-06,1.2085592
2005-10-04 12:00:00,28.145966,17.645264,188.79427,100013.234,0.0,2.954359
2005-10-05 12:00:00,27.341095,23.188812,138.31812,99895.83,6.3825536e-07,4.0374727
2005-10-06 12:00:00,24.2583,16.641083,72.84482,100514.22,0.0002150308,1.1059394
2005-10-07 12:00:00,23.517975,13.599213,212.42772,101098.55,3.7670194e-08,1.8049463
2005-10-08 12:00:00,18.700806,10.43161,205.57884,101532.29,0.0,3.1383934
2005-10-09 12:00:00,17.561096,9.471008,203.5669,101422.01,2.2447678e-06,2.722408
2005-10-10 12:00:00,18.119354,6.56308,210.10872,101378.56,0.0,2.3588803
2005-10-11 12:00:00,18.925446,6.654022,203.90987,101266.85,0.0,1.837956
2005-10-12 12:00:00,18.21228,7.3129272,147.85475,100925.03,0.0,1.7548385
2005-10-13 12:00:00,19.555481,8.5633545,176.11198,100655.72,0.0,1.6336792
2005-10-14 12:00:00,20.899536,7.6252747,197.52612,100501.22,0.0,1.1382424
2005-10-15 12:00:00,22.71939,9.628387,153.71632,100518.49,0.0,1.1001037
2005-10-16 12:00:00,23.626892,14.176544,162.74936,100514.6,9.511056e-10,1.2515533
2005-10-17 12:00:00,22.386902,14.370636,94.56132,100111.94,5.9112875e-07,0.98876435
2005-10-18 12:00:00,21.646515,14.492462,157.57584,99800.48,2.255623e-06,1.1062301
2005-10-19 12:00:00,21.299072,12.2222595,140.13399,99469.18,2.6563944e-08,1.074098
2005-10-20 12:00:00,19.387665,11.570374,187.42102,99378.68,1.0681665e-06,2.7591286
2005-10-21 12:00:00,19.846924,6.634247,174.23589,99777.51,0.0,0.62957954
2005-10-22 12:00:00,24.261444,10.409393,130.2364,99512.19,0.0,2.2139456
2005-10-23 12:00:00,21.890045,14.378632,164.2668,99451.984,1.5115081e-06,2.2645018
2005-10-24 12:00:00,16.846344,5.430084,179.30246,99942.05,0.0,0.7708812
2005-10-25 12:00:00,21.998749,7.8218384,168.17995,99727.875,0.0,2.3173664
2005-10-26 12:00:00,21.498901,12.931244,85.04763,99299.1,7.776553e-05,1.3239168
2005-10-27 12:00:00,17.562988,15.084015,21.16236,99243.89,0.0003410229,2.7800705
2005-10-28 12:00:00,17.833923,15.3940735,24.461927,99041.92,0.00026519765,3.540262
2005-10-29 12:00:00,19.042511,12.050842,71.95805,98479.625,0.00010130035,1.0819346
2005-10-30 12:00:00,14.495972,6.040497,170.02377,100403.375,2.5034074e-05,2.3269963
2005-10-31 12:00:00,15.064545,5.09552,64.5304,100918.69,3.96781e-06,2.1004133
2005-11-01 12:00:00,20.390778,14.151245,99.15499,100371.02,1.0480577e-06,2.8697813
2005-11-02 12:00:00,17.755432,14.149231,25.7158,99770.84,0.0001099773,1.9102572
2005-11-03 12:00:00,14.586731,6.360199,31.821957,99200.555,2.3996521e-05,2.797569
2005-11-04 12:00:00,15.143677,2.5535889,156.69093,99658.91,3.67332e-07,2.1433966
2005-11-05 12:00:00,13.874237,5.357086,72.21082,99138.35,1.2407494e-06,2.7801406
2005-11-06 12:00:00,15.504089,9.253479,92.45539,99224.84,3.8605367e-06,1.7902366
2005-11-07 12:00:00,18.698883,10.234222,55.49155,99465.5,2.9034703e-05,0.5518592
2005-11-08 12:00:00,14.475586,0.43252563,110.12579,100644.9,1.4854683e-06,3.9930944
2005-11-09 12:00:00,6.9042053,-2.6997375,100.06416,100805.59,1.1973238e-07,1.4485668
2005-11-10 12:00:00,4.4946594,1.3174744,52.521606,101011.195,4.065042e-06,2.3708103
2005-11-11 12:00:00,8.110321,0.44805908,74.35616,101010.06,3.6956906e-06,1.5102608
2005-11-12 12:00:00,7.8034973,2.6655579,102.385994,100694.58,4.2457327e-06,1.8448323
2005-11-13 12:00:00,6.014862,-0.72805786,72.067696,100362.42,4.507899e-06,1.4302392
2005-11-14 12:00:00,7.1755066,1.4142761,62.419224,100028.59,3.4081804e-06,1.2878147
2005-11-15 12:00:00,5.395355,0.056640625,116.628334,101333.85,6.702142e-06,3.0224588
2005-11-16 12:00:00,7.354187,-4.827881,121.56502,101705.234,2.7371112e-07,1.5773919
2005-11-17 12:00:00,9.793671,2.710144,41.437454,100654.42,9.1967646e-05,1.4126931
2005-11-18 12:00:00,11.082001,7.6660156,28.516615,100004.22,2.5517393e-05,1.3162799
2005-11-19 12:00:00,10.5660095,6.6810303,47.864906,99490.02,5.199569e-05,2.0093036
2005-11-20 12:00:00,7.0162964,4.9255676,34.635944,99958.76,9.314681e-06,2.318806
2005-11-21 12:00:00,5.8752747,4.369385,35.14898,100260.07,8.7660865e-06,1.8517585
2005-11-22 12:00:00,8.300568,3.62677,41.65212,100369.58,1.1262966e-05,1.4508946
2005-11-23 12:00:00,10.79129,7.88385,17.273464,99297.875,0.00029259335,3.940746
2005-11-24 12:00:00,12.509949,6.260071,128.81879,98699.45,9.60124e-05,2.2873652
2005-11-25 12:00:00,11.797211,1.9722595,63.4604,99527.48,2.4824798e-05,2.8808947
2005-11-26 12:00:00,14.204651,8.434692,125.19643,98922.61,3.3645578e-05,3.3470306
2005-11-27 12:00:00,10.437195,0.8322449,66.23562,100435.96,2.0275735e-05,4.076596
2005-11-28 12:00:00,5.020996,-3.9155579,89.9942,101368.625,1.6639481e-06,0.98417205
2005-11-29 12:00:00,10.50824,1.9815674,77.857254,100950.89,6.296668e-08,2.2351887
2005-11-30 12:00:00,11.5877075,6.490509,42.30056,100176.1,0.00020294721,1.3762307
2005-12-01 12:00:00,9.276367,4.7433777,58.58125,100431.58,3.3782733e-08,1.3756964
2005-12-02 12:00:00,7.2440186,0.28918457,40.63402,100659.164,5.9784625e-06,1.368788
2005-12-03 12:00:00,8.612122,6.5804443,30.151245,100169.305,0.00021973178,1.5756522
2005-12-04 12:00:00,7.3155823,0.5470886,121.67496,100332.01,3.5844012e-06,2.344406
2005-12-05 12:00:00,5.6684265,-2.2842712,85.05303,100140.914,3.391309e-06,1.5728755
2005-12-06 12:00:00,3.3544922,-0.18838501,30.29606,99876.81,9.6507265e-06,1.4344823
2005-12-07 12:00:00,2.2941284,-0.07260132,53.016308,99406.445,1.7154058e-05,2.3861606
2005-12-08 12:00:00,1.0718994,0.35031128,33.539272,99072.93,0.00015030381,3.6250336
2005-12-09 12:00:00,7.6950684,-0.7156677,114.85258,99571.375,8.022261e-06,3.357732
2005-12-10 12:00:00,6.9493103,-1.9932861,110.59481,100179.96,1.3847989e-08,1.7428205
2005-12-11 12:00:00,14.410034,-2.7617493,104.58906,99677.97,2.074873e-07,3.5732892
2005-12-12 12:00:00,15.181946,6.0128174,99.78146,99054.94,5.9058206e-05,4.1034946
2005-12-13 12:00:00,5.688324,-7.505829,115.856125,101334.79,4.900287e-09,1.8044819
2005-12-14 12:00:00,4.8201904,-3.4561157,38.945766,100745.234,3.81416e-05,2.7545056
2005-12-15 12:00:00,5.742401,3.3362732,17.695223,99039.96,0.00038682864,4.2265058
2005-12-16 12:00:00,3.177002,0.29571533,36.80543,98632.98,0.0001806651,2.890752
2005-12-17 12:00:00,4.712555,-2.3218384,114.327156,99857.48,1.2312213e-05,2.9841928
2005-12-18 12:00:00,2.4293213,-7.174347,112.10033,100398.016,2.075335e-06,1.869142
2005-12-19 12:00:00,2.6271667,-8.948395,101.99174,100674.586,2.6717294e-06,1.8914019
2005-12-20 12:00:00,7.869873,-4.383728,111.11735,100484.81,3.0762035e-09,2.6713898
2005-12-21 12:00:00,10.080292,-6.595093,109.13398,100451.305,3.9239467e-08,0.6796141
2005-12-22 12:00:00,8.722656,2.4582825,114.1111,100389.234,0.0,2.2963774
2005-12-23 12:00:00,4.087799,-7.1680603,93.93764,100972.625,0.0,2.2274544
2005-12-24 12:00:00,0.39022827,-9.294708,117.21458,101359.25,0.0,2.2034357
2005-12-25 12:00:00,0.34677124,-8.68692,54.764984,101139.055,7.4286813e-06,1.2820252
2005-12-26 12:00:00,5.490692,-8.359772,93.17228,101045.54,2.0372315e-06,3.0422597
2005-12-27 12:00:00,10.600525,4.10141,35.72467,99825.6,1.9899764e-05,3.2814257
2005-12-28 12:00:00,11.920715,6.18042,32.084476,98754.45,2.0605135e-05,1.9975499
2005-12-29 12:00:00,10.205048,2.9509888,81.05883,98603.51,1.3670356e-07,3.0316129
2005-12-30 12:00:00,5.4795227,2.6458435,17.816528,98295.34,0.00013429426,0.8958761
2005-12-31 12:00:00,5.866272,-0.15600586,111.47914,99199.625,6.2171202e-06,3.3031454
2006-01-01 12:00:00,6.8749695,-4.867737,55.61667,100267.76,6.559672e-08,1.5859157
2006-01-02 12:00:00,5.095703,1.6129456,33.71403,100633.33,4.576057e-05,2.5558562
2006-01-03 12:00:00,9.439484,4.005432,17.707247,99751.266,0.00027847636,1.9440099
2006-01-04 12:00:00,8.003082,1.6172485,51.831264,99097.04,0.0002135134,4.0406446
2006-01-05 12:00:00,5.5295105,-5.020172,112.82136,100718.93,2.2362628e-06,2.1243107
2006-01-06 12:00:00,4.8955994,-2.6445312,72.74004,100953.516,0.0,2.3418288
2006-01-07 12:00:00,3.4438171,0.006286621,37.666298,100264.76,3.5678746e-05,2.0813258
2006-01-08 12:00:00,3.3084412,-2.4074097,97.64483,100092.47,4.35719e-06,2.6145186
2006-01-09 12:00:00,5.7265625,-10.107056,110.5582,100119.62,3.9796342e-07,1.5921886
2006-01-10 12:00:00,7.2617493,-8.85788,118.513626,100457.875,8.9029356e-08,1.5036488
2006-01-11 12:00:00,1.8898315,-6.9785156,71.648926,101065.2,3.2952341e-06,1.6943548
2006-01-12 12:00:00,3.7563171,-8.023987,90.55212,101485.125,2.4110132e-06,0.90034735
2006-01-13 12:00:00,6.374481,-4.8099976,61.566635,100988.52,1.1494957e-08,1.2924576
2006-01-14 12:00:00,5.221466,2.2155762,24.376017,99824.2,0.00010300413,3.561343
2006-01-15 12:00:00,10.445618,4.8456116,66.253494,98245.22,0.00014410421,3.3274786
2006-01-16 12:00:00,6.1898193,0.18191528,40.034416,98299.9,7.868895e-05,0.91802347
2006-01-17 12:00:00,6.052063,3.7155762,26.277548,98105.79,0.00023264639,4.1697283
2006-01-18 12:00:00,3.6033936,1.2707214,31.574636,98828.586,5.6965833e-05,4.7643447
2006-01-19 12:00:00,1.2781372,-4.184326,89.40769,99681.516,4.4370377e-06,4.1518116
2006-01-20 12:00:00,0.41705322,-9.096619,136.38249,100198.734,8.3383874e-08,2.8917804
2006-01-21 12:00:00,4.308655,-5.7582703,135.98953,99724.625,0.0,3.1898737
2006-01-22 12:00:00,6.6263123,-7.557068,135.84006,99338.53,0.0,1.7058972
2006-01-23 12:00:00,0.77700806,-8.673889,130.49469,99745.484,7.866075e-07,2.1117778
2006-01-24 12:00:00,-2.7504578,-6.5362244,51.742558,100195.414,1.7482074e-05,1.7923326
2006-01-25 12:00:00,-3.4216309,-15.202759,143.67647,100726.77,1.9876651e-07,2.1035867
2006-01-26 12:00:00,0.49572754,-11.20459,143.33302,100669.97,3.7316287e-08,1.9124103
2006-01-27 12:00:00,1.9030762,-13.396637,146.9352,100302.336,0.0,1.6679046
2006-01-28 12:00:00,3.9032593,-9.173645,103.84592,100110.234,0.0,2.004207
2006-01-29 12:00:00,6.068329,-8.076935,147.98058,100450.16,3.9105416e-10,1.55695
2006-01-30 12:00:00,8.100128,-8.767395,149.31752,100685.65,1.1545053e-10,1.3600932
2006-01-31 12:00:00,9.931732,-7.2388,146.04768,100367.484,0.0,1.6606798
2006-02-01 12:00:00,9.377228,-3.868103,122.388466,100073.07,0.0,1.7926745
2006-02-02 12:00:00,5.185608,-2.3956604,151.07182,100236.99,1.7169452e-06,2.4658663
2006-02-03 12:00:00,7.1387024,-9.380768,150.9938,100309.64,7.497077e-07,1.126335
2006-02-04 12:00:00,6.671051,-1.2927246,39.22264,99447.7,3.0120102e-05,2.6071148
2006-02-05 12:00:00,11.093292,5.1476135,43.71592,98330.06,0.00014432323,1.6956207
2006-02-06 12:00:00,9.064667,5.5670776,52.17069,98039.984,0.00013756652,2.4132543
2006-02-07 12:00:00,5.486969,-1.6023254,165.81273,100143.58,3.164557e-05,4.8578467
2006-02-08 12:00:00,7.3152466,-7.0594482,162.05292,100718.69,1.2517978e-06,1.5678551
2006-02-09 12:00:00,11.709961,-0.25012207,139.42795,100065.18,0.0,3.8330104
2006-02-10 12:00:00,13.583618,7.6169434,107.90998,99892.86,1.4499687e-05,3.0223145
2006-02-11 12:00:00,9.209778,-8.179626,162.89093,100436.23,7.122756e-05,5.7132206
2006-02-12 12:00:00,-8.293823,-14.211426,143.25797,100446.35,3.679487e-07,4.4341908
2006-02-13 12:00:00,-4.484375,-13.237518,168.4555,100021.73,2.4491995e-09,3.4554837
2006-02-14 12:00:00,2.577118,-15.567627,181.71518,100211.21,0.0,2.0494983
2006-02-15 12:00:00,9.686554,-8.930634,179.22562,100246.875,0.0,2.0452065
2006-02-16 12:00:00,9.92099,-5.213379,93.54602,100087.016,0.0,1.1270028
2006-02-17 12:00:00,11.067932,-1.5865479,179.88795,99192.336,1.0620942e-06,1.841591
2006-02-18 12:00:00,8.226624,0.5964966,72.23675,98711.734,1.2195819e-05,3.682672
2006-02-19 12:00:00,4.8773804,-2.9943542,105.25582,98858.22,4.7557246e-06,2.8401144
2006-02-20 12:00:00,1.8128052,-11.5841675,194.15163,99871.47,4.582481e-07,0.70436555
2006-02-21 12:00:00,8.790649,-3.6696167,127.02344,99784.445,1.0927181e-06,2.012986
2006-02-22 12:00:00,12.996582,-5.3401184,194.86896,99994.22,1.3051888e-08,2.4237993
2006-02-23 12:00:00,13.432343,-3.765747,193.27658,99868.08,0.0,2.3493848
2006-02-24 12:00:00,11.995789,-1.8226318,189.54741,99863.84,2.2366422e-08,0.72920895
2006-02-25 12:00:00,19.53891,1.4804382,199.62132,99250.414,0.0,2.7093565
2006-02-26 12:00:00,18.39035,8.077576,201.13458,99157.28,0.0,3.0605955
2006-02-27 12:00:00,13.861481,0.8539429,82.75703,99884.03,6.665345e-05,1.8295025
2006-02-28 12:00:00,0.79678345,-3.0483704,89.21113,100768.19,1.5721787e-05,4.0129147
2006-03-01 12:00:00,1.9494019,-4.415283,191.69998,101021.09,4.5526945e-06,3.2811558
2006-03-02 12:00:00,-0.61431885,-6.190857,75.46698,100892.234,3.0246774e-05,2.3118844
2006-03-03 12:00:00,3.3395996,-10.745422,191.03922,100838.51,3.926642e-07,1.5246179
2006-03-04 12:00:00,6.13266,-6.837616,213.51701,101016.75,9.438574e-08,1.8750317
2006-03-05 12:00:00,4.8816833,-6.7134705,198.26146,101863.18,8.547814e-08,2.696452
2006-03-06 12:00:00,2.3236694,-5.3563843,193.00284,102163.8,0.0,3.6114156
2006-03-07 12:00:00,3.480713,-9.518219,226.52098,101576.055,0.0,3.1555417
2006-03-08 12:00:00,4.3193054,-7.973999,178.7535,100499.35,0.0,1.8936555
2006-03-09 12:00:00,7.6497498,-9.164795,225.16267,100057.03,0.0,1.4747497
2006-03-10 12:00:00,3.6219788,-1.9360046,129.28975,99805.7,7.978639e-06,2.0705285
2006-03-11 12:00:00,6.084839,-8.663513,235.63329,99525.86,5.0569053e-08,2.268241
2006-03-12 12:00:00,7.2187805,-5.492859,238.31355,99328.484,7.554876e-08,1.5515517
2006-03-13 12:00:00,4.5481873,-10.748016,197.0444,100089.78,1.1682308e-07,1.5735197
2006-03-14 12:00:00,7.290802,-1.508667,173.30368,100157.945,0.0,3.0793543
2006-03-15 12:00:00,8.371216,-7.1819763,237.33617,100276.125,0.0,2.3796594
2006-03-16 12:00:00,8.493561,-3.6870117,215.30728,100779.05,0.0,2.7495267
2006-03-17 12:00:00,7.6152954,-3.9723206,243.61006,100903.195,0.0,1.9717257
2006-03-18 12:00:00,9.965912,-5.741791,200.91167,100226.664,4.1478362e-08,1.3704181
2006-03-19 12:00:00,10.624023,1.6731873,110.72898,99409.164,2.0244997e-06,1.2382418
2006-03-20 12:00:00,7.175171,0.8524475,198.96634,99492.484,1.2038004e-05,3.4364922
2006-03-21 12:00:00,8.788147,-4.0369873,260.4013,100244.0,5.5221006e-09,2.3813124
2006-03-22 12:00:00,8.768799,-5.3409424,245.76884,100513.53,1.8835447e-08,1.7247887
2006-03-23 12:00:00,11.913452,-2.3789978,258.65082,100672.76,0.0,1.5135351
2006-03-24 12:00:00,10.26947,0.7111511,166.11807,100520.96,1.0952025e-08,2.7333174
2006-03-25 12:00:00,9.818024,7.3613586,56.278473,99245.49,0.00013863429,4.7184725
2006-03-26 12:00:00,10.825531,3.6319275,141.88405,98520.12,6.1754e-05,2.2251756
2006-03-27 12:00:00,6.7566223,2.1125793,76.49159,99088.805,1.837112e-05,3.940415
2006-03-28 12:00:00,7.4212646,1.602478,162.55922,99418.7,1.261948e-05,2.5738215
2006-03-29 12:00:00,11.542145,-0.83477783,256.11203,99100.195,5.319408e-06,1.2302083
2006-03-30 12:00:00,9.441956,3.816681,148.88686,98809.23,1.8379713e-05,1.3822974
2006-03-31 12:00:00,16.747711,2.175537,268.44028,99203.71,0.0,1.8408872
2006-04-01 12:00:00,22.916443,4.7681885,249.26424,99209.26,0.0,2.137169
2006-04-02 12:00:00,20.141663,14.169159,153.22311,98805.94,2.8878995e-07,3.6470091
2006-04-03 12:00:00,19.727722,11.812714,180.96704,98537.164,0.00016916693,3.1109803
2006-04-04 12:00:00,14.3506775,9.064117,57.95499,98624.39,0.00017158466,0.79373175
2006-04-05 12:00:00,9.154114,4.860138,92.78532,99616.195,2.104816e-05,2.5188808
2006-04-06 12:00:00,13.8229065,3.6872864,258.65543,99968.414,1.5206812e-06,1.2487916
2006-04-07 12:00:00,16.30423,3.017395,215.46638,99831.15,6.3024984e-08,1.8905069
2006-04-08 12:00:00,20.953308,8.698517,229.58124,99059.05,1.1797055e-06,2.7124925
2006-04-09 12:00:00,20.263458,14.565979,172.93738,98280.266,1.0979596e-05,4.541362
2006-04-10 12:00:00,20.904144,10.186981,252.90416,98098.89,1.5771113e-05,1.8469485
2006-04-11 12:00:00,16.776886,6.7368164,232.19012,98389.82,1.7354125e-05,1.3123981
2006-04-12 12:00:00,15.977264,8.474823,213.97195,99048.375,2.033456e-05,3.2554386
2006-04-13 12:00:00,20.370544,7.462982,296.19672,99289.94,7.317062e-08,2.4066086
2006-04-14 12:00:00,19.049011,8.553955,124.78574,99405.09,0.0001039046,0.93646026
2006-04-15 12:00:00,13.672058,10.071991,85.271706,99384.57,0.0002332646,2.6463141
2006-04-16 12:00:00,14.3479,1.888977,282.32623,99737.56,8.692654e-08,1.2499615
2006-04-17 12:00:00,23.551666,8.007904,255.27681,98494.93,5.4598274e-07,3.1814628
2006-04-18 12:00:00,25.08374,16.004913,207.3227,97605.36,2.3191356e-05,3.3841908
2006-04-19 12:00:00,16.06253,5.6412964,101.286476,97819.27,0.00068958726,6.2014394
2006-04-20 12:00:00,13.545166,4.155884,317.54306,99473.2,4.153679e-06,3.2235098
2006-04-21 12:00:00,17.62851,5.533783,144.91597,99549.97,0.0,3.220897
2006-04-22 12:00:00,16.639069,10.896545,60.3259,98552.67,8.7180866e-05,1.5562274
2006-04-23 12:00:00,12.352875,5.423767,120.72844,98987.24,3.482464e-05,5.1610107
2006-04-24 12:00:00,11.6145935,2.3701782,320.17865,99843.31,1.4957318e-07,3.6088986
2006-04-25 12:00:00,15.803833,-1.6243896,329.0631,100095.766,0.0,0.9384939
2006-04-26 12:00:00,16.563965,6.26178,155.38342,99557.56,2.4000628e-09,2.1739802
2006-04-27 12:00:00,14.6744995,6.838745,134.7556,99193.35,3.2528347e-05,1.6723013
2006-04-28 12:00:00,13.093384,6.051056,225.15118,99487.92,2.6640548e-06,2.5269725
2006-04-29 12:00:00,16.746399,2.709198,328.46744,99857.586,3.844506e-08,2.1900308
2006-04-30 12:00:00,22.534332,4.0901794,326.05423,99571.484,0.0,1.8012625
2006-05-01 12:00:00,23.85376,9.740509,299.68402,98800.79,4.4512594e-09,1.3982594
2006-05-02 12:00:00,26.155396,13.383026,307.65558,98520.914,0.0,0.33604088
2006-05-03 12:00:00,24.668488,14.021484,196.96877,98546.58,3.3661614e-05,1.8819761
2006-05-04 12:00:00,21.950409,16.213104,200.82594,98645.08,1.7391063e-05,2.650762
2006-05-05 12:00:00,25.972595,13.135254,243.9538,99564.45,1.3465242e-05,1.4406883
2006-05-06 12:00:00,26.037537,13.680634,235.84442,100119.984,7.500392e-06,1.6914731
2006-05-07 12:00:00,20.376251,16.67688,73.65685,99553.25,0.00012663848,1.8997757
2006-05-08 12:00:00,24.41919,15.7413025,240.59529,99174.84,6.391315e-05,1.3485575
2006-05-09 12:00:00,23.970367,13.782379,299.14606,99336.55,6.354419e-05,1.2053349
2006-05-10 12:00:00,24.793549,14.514526,243.50339,99483.18,1.7383354e-05,1.4958904
2006-05-11 12:00:00,29.489594,15.203644,327.5991,99541.69,0.0,1.1390135
2006-05-12 12:00:00,30.834381,18.300385,295.959,99315.0,0.0,3.1293876
2006-05-13 12:00:00,28.444244,18.418945,185.36687,98999.02,1.7587074e-05,2.4301445
2006-05-14 12:00:00,24.339874,16.191498,121.53265,99025.83,4.8669448e-05,1.8140765
2006-05-15 12:00:00,21.155884,14.380188,137.66167,99164.016,0.0005794555,0.5044242
2006-05-16 12:00:00,20.262878,12.777191,180.971,100210.93,3.8095008e-05,2.2678318
2006-05-17 12:00:00,19.978882,9.123047,346.38336,100525.46,6.171634e-07,2.6459248
2006-05-18 12:00:00,21.669891,9.559113,352.59555,100468.19,0.0,2.264243
2006-05-19 12:00:00,24.685486,8.72995,354.26666,100275.69,0.0,1.9981328
2006-05-20 12:00:00,26.453247,10.159943,350.91882,100169.39,0.0,1.5660111
2006-05-21 12:00:00,27.721619,12.137756,351.38876,99855.03,0.0,0.8560473
2006-05-22 12:00:00,28.553589,13.302643,258.7428,99694.52,0.0,1.123776
2006-05-23 12:00:00,29.090729,14.512512,213.72813,99587.875,1.3385637e-06,0.8792806
2006-05-24 12:00:00,31.740051,14.862549,273.76135,99138.07,4.6084224e-08,2.5506818
2006-05-25 12:00:00,32.13086,22.776031,269.8205,98588.96,1.2870687e-05,3.3452277
2006-05-26 12:00:00,29.770111,17.664246,142.48381,99105.98,0.00012156743,1.5373716
2006-05-27 12:00:00,19.223145,12.434814,175.88126,99873.86,3.0090482e-06,2.63287
2006-05-28 12:00:00,22.888855,10.435425,323.55353,100119.45,0.0,2.7840583
2006-05-29 12:00:00,24.487213,9.794312,360.5216,100371.97,0.0,3.0051749
2006-05-30 12:00:00,24.198273,11.346863,153.53853,100313.6,1.7250949e-07,2.0561826
2006-05-31 12:00:00,23.789917,16.856995,76.140236,99710.31,0.00028906128,2.0194132
2006-06-01 12:00:00,28.394928,16.342072,337.11755,99014.26,2.3856533e-08,2.7872086
2006-06-02 12:00:00,26.605255,15.395813,306.0872,99432.1,0.0,2.7302663
2006-06-03 12:00:00,24.700623,14.388794,335.355,100135.266,0.0,1.8916078
2006-06-04 12:00:00,27.972809,14.844543,336.78308,100176.27,0.0,1.7303061
2006-06-05 12:00:00,31.418152,16.536621,352.14685,99951.76,0.0,0.74422
2006-06-06 12:00:00,32.66336,19.100159,348.08658,99812.555,0.0,1.0321579
2006-06-07 12:00:00,34.382965,20.863861,345.25052,99593.43,0.0,2.3599603
2006-06-08 12:00:00,32.93051,22.083893,330.89206,99378.07,6.723294e-07,3.1737964
2006-06-09 12:00:00,33.82242,24.003418,277.3746,99520.37,1.1153669e-05,2.323921
2006-06-10 12:00:00,31.747467,21.274414,170.7442,99825.36,7.960554e-05,1.5920058
2006-06-11 12:00:00,27.4234,19.545746,340.2282,100011.33,4.6733192e-05,4.027443
2006-06-12 12:00:00,25.168,12.943146,366.3771,100328.04,0.0,3.0221164
2006-06-13 12:00:00,26.637573,10.843933,359.9366,100456.484,0.0,2.0164087
2006-06-14 12:00:00,27.996368,14.537384,340.79147,100620.96,0.0,2.345402
2006-06-15 12:00:00,30.425781,14.170654,360.12085,100644.63,0.0,2.7029042
2006-06-16 12:00:00,31.075989,15.684906,359.63968,100517.55,0.0,3.0262206
2006-06-17 12:00:00,31.132599,16.582031,304.34485,100166.47,0.0,1.9465531
2006-06-18 12:00:00,32.538177,17.91156,343.85928,99941.36,5.0801723e-06,1.0281714
2006-06-19 12:00:00,33.33612,20.161041,248.07138,99868.56,4.2155978e-05,0.811497
2006-06-20 12:00:00,29.659637,19.008698,297.5071,99933.39,5.3369156e-05,1.6932532
2006-06-21 12:00:00,30.080353,19.145538,329.06497,100128.49,0.00015882144,1.6403277
2006-06-22 12:00:00,33.072357,20.715027,335.2337,100143.09,0.0,2.3692014
2006-06-23 12:00:00,31.351562,21.18631,220.91614,100012.61,8.692619e-06,1.3325925
2006-06-24 12:00:00,30.369293,16.798431,153.00922,99994.766,1.1725407e-06,1.4227431
2006-06-25 12:00:00,36.045624,23.423737,340.9415,99451.664,9.954033e-07,3.010346
2006-06-26 12:00:00,34.58615,24.207306,204.19576,99559.19,0.00011284533,1.7030333
2006-06-27 12:00:00,27.853302,17.94983,247.92354,100358.734,1.2740655e-05,2.4830906
2006-06-28 12:00:00,31.80252,16.06009,352.8599,100396.33,0.0,1.5296652
2006-06-29 12:00:00,36.071198,19.631897,339.2013,100076.59,0.0,1.1953729
2006-06-30 12:00:00,35.098633,23.468414,219.18341,100083.34,0.0,0.22862229
2006-07-01 12:00:00,34.117004,21.218384,272.93204,100120.47,0.000118925265,0.80563825
2006-07-02 12:00:00,33.32013,24.955994,284.45703,100039.734,2.4189033e-06,2.3063807
2006-07-03 12:00:00,32.987274,23.055328,298.84158,99801.68,0.0,2.6526635
2006-07-04 12:00:00,35.18866,24.654694,322.18323,99569.06,0.0,2.6113596
2006-07-05 12:00:00,37.048706,24.817505,320.04385,99626.695,1.1655121e-06,2.2004776
2006-07-06 12:00:00,36.731506,24.958954,270.9438,99930.96,7.0398555e-06,1.5680391
2006-07-07 12:00:00,38.778595,26.420197,342.24545,100016.305,0.0,1.8947507
2006-07-08 12:00:00,39.160187,25.638672,344.26215,99600.875,0.0,2.5622525
2006-07-09 12:00:00,37.335907,27.212555,328.75232,99177.836,3.4599e-05,2.0737631
2006-07-10 12:00:00,35.63562,21.779968,318.66425,99343.22,2.3120183e-05,1.2229407
2006-07-11 12:00:00,31.293396,21.039734,214.94284,99252.42,0.00022865759,1.6814001
2006-07-12 12:00:00,33.221954,22.611816,293.00015,99609.96,3.399424e-05,2.1163735
2006-07-13 12:00:00,32.501038,20.930054,216.81378,99845.65,9.003837e-05,1.4394221
2006-07-14 12:00:00,35.932068,24.352264,331.98965,99969.23,8.434703e-08,0.579967
2006-07-15 12:00:00,35.523193,21.75061,319.3991,100177.69,0.000120446115,1.8535819
2006-07-16 12:00:00,34.780457,20.327698,345.476,100246.95,0.0,2.1365848
2006-07-17 12:00:00,33.8732,21.917725,334.7961,100097.42,0.0,2.122275
2006-07-18 12:00:00,34.791626,23.65216,334.65253,99810.71,0.0,2.303902
2006-07-19 12:00:00,37.59308,25.018524,336.04752,99600.56,0.0,2.8715582
2006-07-20 12:00:00,38.922943,27.638916,307.89017,99605.41,1.4040397e-05,2.5463636
2006-07-21 12:00:00,34.705353,19.966034,319.47675,100251.21,9.821185e-05,2.7941802
2006-07-22 12:00:00,28.212036,16.174438,259.93567,100498.37,0.0,2.8278909
2006-07-23 12:00:00,30.000122,15.554108,346.07028,100161.04,0.0,2.6455853
2006-07-24 12:00:00,32.129883,16.354034,343.84262,100048.15,0.0,1.5015762
2006-07-25 12:00:00,34.57428,17.882538,337.62735,100139.68,0.0,0.415821
2006-07-26 12:00:00,36.351257,19.818695,340.31314,100312.68,0.0,1.813994
2006-07-27 12:00:00,39.10965,20.572906,328.5739,100270.04,0.0,1.5965335
2006-07-28 12:00:00,39.51538,22.349915,331.13812,100139.31,0.0,1.9048144
2006-07-29 12:00:00,39.248627,25.685028,314.32443,99905.016,0.0,2.5620487
2006-07-30 12:00:00,40.595795,29.736633,302.53494,99588.79,0.0,2.961572
2006-07-31 12:00:00,38.3804,22.955414,274.2966,99689.46,2.9074487e-05,0.4724167
2006-08-01 12:00:00,36.60556,22.420746,318.6341,99765.29,0.00011083208,1.3464801
2006-08-02 12:00:00,40.75992,24.45102,314.39282,99454.625,3.5122618e-08,0.8121802
2006-08-03 12:00:00,38.941223,23.492706,262.45898,99478.586,5.347995e-05,0.6403001
2006-08-04 12:00:00,33.608948,23.223572,279.9297,99774.95,7.0855494e-05,2.1022475
2006-08-05 12:00:00,32.528534,23.47351,256.0884,99914.06,8.2124716e-05,1.6095247
2006-08-06 12:00:00,28.272797,22.526886,116.88377,100087.72,1.3534507e-05,1.0929843
2006-08-07 12:00:00,31.03357,23.41867,171.41867,100264.77,8.871053e-06,1.311823
2006-08-08 12:00:00,34.043854,21.626038,248.13162,100238.98,5.617483e-06,1.7280691
2006-08-09 12:00:00,35.274384,21.406738,309.44977,100075.734,2.2590752e-06,1.4889864
2006-08-10 12:00:00,36.05307,24.394257,275.9824,99933.92,4.4874623e-06,1.6224532
2006-08-11 12:00:00,36.993317,22.295013,293.21146,99963.79,0.0,1.5039201
2006-08-12 12:00:00,36.95819,23.367523,252.24315,100151.5,3.1082564e-07,1.8011523
2006-08-13 12:00:00,36.29834,23.315094,274.6666,100367.55,7.965997e-06,1.5846152
2006-08-14 12:00:00,35.834137,24.607391,181.14499,100398.0,2.641771e-07,1.1705244
2006-08-15 12:00:00,36.818817,19.754639,315.2462,100365.414,0.0,1.9892752
2006-08-16 12:00:00,36.819916,18.045654,313.9311,100358.84,0.0,1.2784644
2006-08-17 12:00:00,37.45523,21.776978,253.29239,100195.86,0.0,1.3820312
2006-08-18 12:00:00,37.56836,26.477753,258.97928,100009.18,0.0,1.2425522
2006-08-19 12:00:00,35.84726,23.24112,181.85295,99930.98,5.7631264e-06,1.3636134
2006-08-20 12:00:00,34.187164,23.795105,249.7961,99859.2,6.746065e-05,1.923387
2006-08-21 12:00:00,30.596313,22.600159,229.62238,99849.53,4.076544e-05,0.9217993
2006-08-22 12:00:00,34.797302,22.955048,257.09155,100084.62,0.0,1.9448191
2006-08-23 12:00:00,36.600403,24.831573,231.3868,100048.3,2.4425115e-05,1.5323757
2006-08-24 12:00:00,37.093384,23.318512,274.38043,99845.6,4.072057e-07,1.3138816
2006-08-25 12:00:00,38.501587,24.340393,285.7336,99978.37,1.2788307e-06,0.82303673
2006-08-26 12:00:00,37.56955,23.073425,284.46106,100471.12,1.9854782e-05,1.8085753
2006-08-27 12:00:00,37.857666,22.358398,286.74506,100460.63,0.0,1.7900572
2006-08-28 12:00:00,38.075043,23.185669,285.16287,100076.08,0.0,1.6378607
2006-08-29 12:00:00,39.74518,23.786865,282.37216,99853.305,0.0,1.5152906
2006-08-30 12:00:00,36.70706,26.17871,247.68266,99994.45,1.4168683e-06,2.2808855
2006-08-31 12:00:00,33.313416,23.080933,284.10144,100341.67,0.0,3.1485372
2006-09-01 12:00:00,31.72638,15.990509,289.8795,100257.39,0.0,2.043258
2006-09-02 12:00:00,32.72632,16.081818,277.4961,100098.805,0.0,1.780752
2006-09-03 12:00:00,33.05002,19.828217,263.38843,100129.04,0.0,2.069223
2006-09-04 12:00:00,31.335327,18.818115,233.2641,100196.055,0.0,2.1372938
2006-09-05 12:00:00,32.249603,15.399597,267.85608,100014.914,0.0,2.0735898
2006-09-06 12:00:00,30.120026,20.755829,238.50195,100080.945,2.1593494e-05,2.521347
2006-09-07 12:00:00,27.588074,19.06253,181.56342,100339.4,1.0460055e-05,2.1521907
2006-09-08 12:00:00,28.142242,17.36612,215.47371,100471.82,3.7911097e-05,1.3831172
2006-09-09 12:00:00,27.98993,17.530487,238.64647,100336.03,0.0,0.8180092
2006-09-10 12:00:00,29.575012,19.167206,194.38568,99983.01,7.5947405e-06,1.4332051
2006-09-11 12:00:00,30.77826,17.698639,232.8643,100050.28,8.579465e-07,1.811726
2006-09-12 12:00:00,29.022064,21.029816,177.32071,100300.92,2.5192742e-07,2.0016465
2006-09-13 12:00:00,28.207367,22.246796,150.41376,100309.21,0.0,2.128084
2006-09-14 12:00:00,28.415558,17.357422,169.35115,99996.96,0.0,1.9381393
2006-09-15 12:00:00,30.351562,15.360199,241.99362,99780.445,0.0,1.5763195
2006-09-16 12:00:00,31.85675,16.26593,230.70291,99845.53,0.0,1.56382
2006-09-17 12:00:00,28.345276,18.913666,42.946323,99858.266,0.0005975147,1.7965416
2006-09-18 12:00:00,23.581482,19.473175,130.72958,99608.25,9.312073e-05,1.3778517
2006-09-19 12:00:00,24.796509,18.881256,156.88121,99428.73,2.7859978e-05,1.2617321
2006-09-20 12:00:00,22.14505,18.826904,55.984646,99269.17,0.0001821442,0.6430875
2006-09-21 12:00:00,27.38559,18.538727,229.2715,99336.23,2.3397335e-05,1.9592493
2006-09-22 12:00:00,30.120544,14.418671,220.5948,99572.086,0.0,1.7588387
2006-09-23 12:00:00,29.800934,22.1268,166.41571,99478.62,4.2064626e-06,1.7306322
2006-09-24 12:00:00,31.87088,23.134003,193.22804,99582.445,1.069503e-05,1.9785836
2006-09-25 12:00:00,25.318726,16.734467,149.12325,100349.734,5.181967e-05,2.9509113
2006-09-26 12:00:00,22.728394,10.238373,240.90741,100865.44,0.0,2.1379786
2006-09-27 12:00:00,23.70752,10.591675,234.5471,101173.375,0.0,1.9217843
2006-09-28 12:00:00,22.703888,10.443787,235.70699,101191.37,0.0,2.1625373
2006-09-29 12:00:00,24.613739,11.02301,206.80646,100843.664,8.093835e-09,1.6207874
2006-09-30 12:00:00,24.380981,15.179749,163.99318,100789.52,0.0,2.1869304
2006-10-01 12:00:00,21.890686,18.060577,53.136112,100547.23,0.00012417036,2.4094944
2006-10-02 12:00:00,20.7258,16.494629,93.17223,100323.05,1.616776e-05,1.4159828
2006-10-03 12:00:00,23.433105,13.541168,213.04019,99824.695,0.0,1.7876498
2006-10-04 12:00:00,20.766357,8.541962,216.36566,99940.02,0.0,2.14352
2006-10-05 12:00:00,19.21283,7.4310303,219.71834,100065.45,0.0,0.8929694
2006-10-06 12:00:00,21.852661,9.965851,193.72437,100110.92,0.0,1.0934031
2006-10-07 12:00:00,20.756866,12.221008,195.84663,100169.445,0.0,1.5608187
2006-10-08 12:00:00,19.65802,9.945068,166.11308,100803.25,1.7469723e-08,1.5655432
2006-10-09 12:00:00,20.033081,11.36795,183.19226,101074.77,1.9510182e-08,1.5209087
2006-10-10 12:00:00,19.982544,9.4618225,200.17697,101047.08,0.0,1.1823355
2006-10-11 12:00:00,18.385529,7.6946716,196.77306,100903.81,1.5617417e-08,1.9138442
2006-10-12 12:00:00,16.641022,8.334259,102.80894,100778.56,1.6506895e-07,1.5732175
2006-10-13 12:00:00,20.427216,10.620544,182.8204,100476.375,0.0,1.5017016
2006-10-14 12:00:00,19.392456,10.325104,81.193054,100302.445,0.0,1.7468175
2006-10-15 12:00:00,21.46103,6.950989,195.82338,99923.586,0.0,0.68437564
2006-10-16 12:00:00,22.376251,7.559906,160.27094,99986.78,0.0,1.7380787
2006-10-17 12:00:00,23.41394,10.772919,146.31859,99895.125,0.0,2.1980114
2006-10-18 12:00:00,19.97464,14.18634,78.38633,99440.48,4.171992e-05,1.1846713
2006-10-19 12:00:00,20.028992,13.281891,188.33046,99545.484,4.1921914e-05,1.3863555
2006-10-20 12:00:00,22.287048,12.76944,140.85336,99517.16,0.0,2.7669683
2006-10-21 12:00:00,19.262085,11.659851,173.49367,100323.2,0.0,1.5473133
2006-10-22 12:00:00,23.305695,6.599304,176.4394,100795.02,0.0,1.890504
2006-10-23 12:00:00,23.49466,16.085754,84.72253,100326.984,0.0,2.6996162
2006-10-24 12:00:00,20.512512,11.682434,58.984673,100677.625,1.2136446e-05,2.0298603
2006-10-25 12:00:00,19.649078,9.415283,87.15107,100585.97,1.05533495e-07,1.6835297
2006-10-26 12:00:00,20.076782,15.82785,48.18602,99755.14,0.00034635444,1.4628208
2006-10-27 12:00:00,21.411285,17.365906,60.38897,99533.58,0.00031174748,1.3147825
2006-10-28 12:00:00,21.616974,18.118927,64.034294,99477.266,6.1352393e-06,2.4176753
2006-10-29 12:00:00,19.994263,7.692688,90.63398,99940.59,9.475168e-05,3.1573222
2006-10-30 12:00:00,13.266571,0.9692383,168.23254,101261.195,1.602932e-07,0.6840818
2006-10-31 12:00:00,14.659515,1.643219,159.35722,101048.54,1.2820973e-07,1.1307138
2006-11-01 12:00:00,13.493927,4.406128,154.21524,100838.41,0.0,2.4444382
2006-11-02 12:00:00,12.671387,7.36322,68.653275,100843.87,4.3280406e-06,2.8016617
2006-11-03 12:00:00,12.502899,4.000458,118.23065,100582.02,1.3147329e-06,1.9328743
2006-11-04 12:00:00,13.820038,2.360077,151.89125,100578.86,2.1724412e-07,1.1944284
2006-11-05 12:00:00,17.617096,4.9196777,154.04625,100306.266,0.0,2.0683627
2006-11-06 12:00:00,19.60376,5.992737,154.24625,99753.6,0.0,2.5259418
2006-11-07 12:00:00,15.48999,7.691803,100.50591,100229.81,4.3668897e-06,2.544993
2006-11-08 12:00:00,11.246277,-0.97387695,151.53888,101425.08,2.1820425e-07,1.4314104
2006-11-09 12:00:00,12.054321,-1.6705627,145.24286,101184.97,2.530531e-07,1.4289106
2006-11-10 12:00:00,14.744293,3.2622986,146.08403,100821.39,0.0,1.6199605
2006-11-11 12:00:00,16.112396,3.5283813,137.54408,100588.02,1.7438566e-08,1.6882617
2006-11-12 12:00:00,16.051575,2.3304138,135.25229,100117.23,0.0,1.6288813
2006-11-13 12:00:00,17.664825,7.4381714,123.549416,99559.016,8.224417e-07,1.6187509
2006-11-14 12:00:00,15.811371,11.226349,48.56869,98584.0,4.204551e-05,2.5121346
2006-11-15 12:00:00,14.474487,8.458832,106.30068,98687.945,1.6593192e-05,4.4204307
2006-11-16 12:00:00,15.2829895,0.9783325,132.55708,99522.65,0.0,2.210945
2006-11-17 12:00:00,13.283264,5.6930847,122.3259,99591.07,8.035919e-10,1.543356
2006-11-18 12:00:00,6.098297,-3.2041626,141.58554,100716.25,3.241495e-06,1.872837
2006-11-19 12:00:00,8.259857,-3.441864,87.27647,100428.375,4.924617e-07,1.8597898
2006-11-20 12:00:00,6.867096,0.9375,111.58084,100508.305,6.1153387e-06,3.899332
2006-11-21 12:00:00,9.090637,-4.272644,127.70678,100405.69,1.40182e-06,2.265283
2006-11-22 12:00:00,9.767212,2.9365234,71.07295,99766.92,6.8499276e-07,2.2616959
2006-11-23 12:00:00,6.2124634,4.0628357,19.665659,99488.35,0.00030814685,3.1227088
2006-11-24 12:00:00,17.104675,5.4230347,28.813673,97478.414,0.0008051113,2.9947152
2006-11-25 12:00:00,9.602356,1.8485413,63.72496,98276.37,1.7160317e-05,5.0375
2006-11-26 12:00:00,4.036316,-1.1199951,127.54015,99458.53,6.926298e-08,3.7804306
2006-11-27 12:00:00,1.1853333,-4.9578857,129.443,99786.17,0.0,2.8091521
2006-11-28 12:00:00,0.89520264,-6.37973,123.35236,99459.484,3.069688e-07,1.5838069
2006-11-29 12:00:00,-0.3559265,-5.7056274,86.37379,99688.375,1.3823457e-06,2.1439996
2006-11-30 12:00:00,5.507721,-4.8661804,118.170395,99550.836,4.6769793e-07,1.9707873
2006-12-01 12:00:00,10.069122,1.9545288,62.207516,98882.23,3.8753996e-07,3.5084107
2006-12-02 12:00:00,8.519043,-1.75,32.344624,98468.164,0.00030596668,2.9011645
2006-12-03 12:00:00,1.4693909,-8.164551,117.72725,98659.74,0.0,2.891129
2006-12-04 12:00:00,11.69223,0.8596802,86.22586,98588.86,2.3023274e-05,3.2928998
2006-12-05 12:00:00,0.9649048,-12.230652,122.39474,99911.91,7.833895e-10,2.0121806
2006-12-06 12:00:00,-2.3303833,-7.7962646,34.462383,100160.23,8.1644386e-05,2.7059982
2006-12-07 12:00:00,-0.74716187,-2.6646423,33.639095,99000.93,0.0001950504,4.1505857
2006-12-08 12:00:00,-1.6940002,-11.889496,62.629025,99794.83,2.5210733e-05,3.9520974
2006-12-09 12:00:00,-2.1953735,-17.600204,85.78082,101524.23,7.519655e-07,1.5297925
2006-12-10 12:00:00,-3.272644,-11.225494,96.05673,101531.27,1.2046279e-06,0.9921474
2006-12-11 12:00:00,0.1138916,-14.246887,60.102135,101082.74,5.370832e-06,1.5193385
2006-12-12 12:00:00,0.073913574,-14.705597,93.58542,101120.164,2.1464712e-06,0.91028154
2006-12-13 12:00:00,-0.21456909,-11.687561,68.12203,101056.59,5.9502772e-06,1.2521861
2006-12-14 12:00:00,2.7531433,-10.241638,59.87397,100925.0,6.155969e-06,1.4282558
2006-12-15 12:00:00,1.9869385,-8.564423,50.041485,100570.05,3.3715028e-06,1.5591229
2006-12-16 12:00:00,2.596283,-1.0974731,49.809387,100372.53,6.0189263e-06,1.3914614
2006-12-17 12:00:00,7.1993713,-2.872467,87.08224,100220.086,2.5692434e-06,2.4955144
2006-12-18 12:00:00,10.789185,1.7224426,76.23687,100110.28,0.0,3.0660043
2006-12-19 12:00:00,14.820435,7.7756653,80.222206,100001.5,7.259507e-06,3.1611931
2006-12-20 12:00:00,12.594513,-1.0066833,99.84723,100542.13,0.00014146286,3.6352031
2006-12-21 12:00:00,3.6480408,-12.051605,112.29115,100550.14,1.6587562e-08,1.8405093
2006-12-22 12:00:00,2.5412598,-6.149933,116.848755,100992.74,8.522488e-06,4.303183
2006-12-23 12:00:00,0.7701416,-13.802063,113.74962,102164.2,1.1644475e-07,1.11751
2006-12-24 12:00:00,5.3505554,-9.365112,113.87791,101968.875,2.377764e-10,2.160645
2006-12-25 12:00:00,4.272461,-9.52005,72.51094,101841.63,0.0,1.6209618
2006-12-26 12:00:00,8.118622,-5.692383,78.630394,101819.37,0.0,1.652716
2006-12-27 12:00:00,4.4556885,1.4699097,24.21517,101055.81,6.561938e-05,1.6158756
2006-12-28 12:00:00,5.1048584,3.4380798,18.972288,99613.83,9.851005e-05,1.1038626
2006-12-29 12:00:00,4.809906,1.7106934,35.077938,99989.91,1.07941405e-05,2.8500388
2006-12-30 12:00:00,5.3494873,-7.114197,106.335365,100582.34,8.520217e-07,1.4734852
2006-12-31 12:00:00,10.417725,-4.495575,111.4679,100521.766,2.3243254e-08,1.5909885
2007-01-01 12:00:00,7.0940247,-0.3262329,116.402885,101111.016,0.0,2.6595337
2007-01-02 12:00:00,5.1380005,-4.822296,111.72109,101524.945,1.2242343e-06,2.1104443
2007-01-03 12:00:00,4.9034424,-5.168213,99.94104,101689.69,2.4860049e-06,1.6246638
2007-01-04 12:00:00,4.4120483,-5.527771,96.23472,101228.45,1.9684815e-06,1.6636113
2007-01-05 12:00:00,9.394196,-4.416565,116.832,100611.82,0.0,1.6150768
2007-01-06 12:00:00,5.90036,-4.520355,116.16843,100543.13,0.0,1.9490534
2007-01-07 12:00:00,9.018433,-3.0372314,106.51898,100059.41,2.0321586e-06,1.1288303
2007-01-08 12:00:00,5.6174316,-2.8128662,80.66244,100192.87,4.3746963e-06,1.6037703
2007-01-09 12:00:00,6.2285767,0.20541382,32.139847,100359.336,9.5584755e-06,1.9591993
2007-01-10 12:00:00,6.239441,3.9502869,17.673336,100225.94,9.476303e-05,2.976002
2007-01-11 12:00:00,6.8988953,5.009491,38.640804,100524.76,6.906716e-05,2.1182568
2007-01-12 12:00:00,6.289612,2.6517944,26.051287,100387.54,2.1601692e-05,2.9057443
2007-01-13 12:00:00,13.754913,6.4046936,100.63041,98917.9,7.810915e-05,3.110703
2007-01-14 12:00:00,11.594055,-0.25326538,113.57412,99662.89,0.0,2.5312555
2007-01-15 12:00:00,13.262054,0.6979065,98.058136,100241.17,0.0,1.1059538
2007-01-16 12:00:00,12.905182,-2.103241,121.85337,100257.945,2.8478715e-07,1.5963025
2007-01-17 12:00:00,9.943481,-3.3201294,122.914345,100148.93,7.998267e-07,1.7907299
2007-01-18 12:00:00,8.887054,-1.4801941,79.34916,99777.234,4.641933e-08,1.7213854
2007-01-19 12:00:00,6.890381,3.3319092,21.607635,99505.73,0.000105417355,2.16169
2007-01-20 12:00:00,6.6322327,-2.162323,35.824486,97996.484,0.0006104373,5.505905
2007-01-21 12:00:00,-2.2330017,-10.399536,85.77808,99569.72,1.6695725e-05,5.190056
2007-01-22 12:00:00,-7.9026184,-17.366455,142.27602,100996.516,2.3693271e-06,2.8660874
2007-01-23 12:00:00,0.30096436,-11.860077,136.14476,100697.69,0.0,2.1264904
2007-01-24 12:00:00,11.113068,-7.872467,135.4228,100608.42,1.0157391e-07,2.4479408
2007-01-25 12:00:00,13.973938,7.428131,99.78409,100376.516,0.0,4.099367
2007-01-26 12:00:00,12.359161,2.9264832,96.768196,100464.51,1.3550409e-05,2.1579168
2007-01-27 12:00:00,12.291565,5.701721,42.039288,99892.3,0.0002590963,1.1395532
2007-01-28 12:00:00,5.7394714,-3.255066,93.61645,100080.695,0.000184647,4.295205
2007-01-29 12:00:00,1.0810852,-10.05072,149.7565,100687.125,6.8879427e-09,2.1760442
2007-01-30 12:00:00,3.2375488,-8.369263,146.51398,100448.805,6.6004725e-07,1.9933641
2007-01-31 12:00:00,3.9296265,-7.660492,148.01778,100947.06,1.7926062e-07,1.0537512
2007-02-01 12:00:00,3.0361938,-8.44577,155.41302,101259.84,1.9120561e-08,2.425647
2007-02-02 12:00:00,5.900116,-8.750427,123.64248,100734.86,4.3213952e-09,2.0320654
2007-02-03 12:00:00,6.7151184,-2.2504578,80.92315,100205.664,6.279487e-08,0.6580254
2007-02-04 12:00:00,6.0404053,-4.562317,107.37227,99755.62,6.065118e-06,2.6547277
2007-02-05 12:00:00,7.212799,-5.836029,150.51892,99604.46,7.454913e-07,1.8477831
2007-02-06 12:00:00,7.78537,-3.9796448,91.79291,100093.92,3.4416641e-06,1.3387426
2007-02-07 12:00:00,11.694946,0.11129761,119.72535,100071.46,1.5433588e-05,1.5461116
2007-02-08 12:00:00,8.344421,3.9470825,24.445015,99250.68,0.00019039726,2.0261106
2007-02-09 12:00:00,8.159515,0.848999,109.28828,98493.12,2.0967906e-05,2.125649
2007-02-10 12:00:00,3.032318,-1.4122009,133.30672,99668.27,8.677324e-06,3.4641938
2007-02-11 12:00:00,-1.3232727,-7.7735596,168.14972,100696.93,5.890585e-06,1.4867542
2007-02-12 12:00:00,-3.094513,-10.424683,180.4151,100999.43,4.278954e-06,1.9532497
2007-02-13 12:00:00,-0.29751587,-12.280518,106.4273,100830.38,2.8871436e-06,1.8232627
2007-02-14 12:00:00,-2.7817993,-11.060059,114.62916,100981.41,6.678397e-06,4.328512
2007-02-15 12:00:00,2.8735352,-13.261658,181.72754,100928.22,2.377764e-10,2.2694683
2007-02-16 12:00:00,13.50238,-5.3677673,180.71617,99576.25,0.0,2.1649709
2007-02-17 12:00:00,16.00354,-0.54473877,179.6108,99048.8,1.0242026e-09,3.001826
2007-02-18 12:00:00,12.402679,-3.6337585,188.54149,100158.89,1.6367667e-06,2.787091
2007-02-19 12:00:00,3.6047363,-8.460388,172.18484,100819.48,4.362404e-08,1.6114017
2007-02-20 12:00:00,1.2958069,-4.989319,60.011494,100241.78,4.7921483e-05,2.0015779
2007-02-21 12:00:00,-5.116394,-12.934387,184.96443,100942.4,1.5896801e-06,3.8042328
2007-02-22 12:00:00,-4.5782166,-19.79683,138.5351,101027.79,2.6401829e-06,0.8964469
2007-02-23 12:00:00,-0.37127686,-5.4387817,85.2103,99859.94,8.1131206e-05,1.9376708
2007-02-24 12:00:00,0.81762695,-6.6051636,204.77805,100430.555,3.148442e-06,2.6275125
2007-02-25 12:00:00,7.9603577,-9.414612,166.52234,100432.17,1.9001727e-07,1.1819725
2007-02-26 12:00:00,3.0082703,-7.3962708,196.8646,100152.94,1.3637086e-07,2.9580448
2007-02-27 12:00:00,-4.8307495,-12.271118,215.09584,101070.52,2.242462e-07,3.7113726
2007-02-28 12:00:00,-3.3121033,-12.427734,193.07576,100801.6,4.0374325e-06,1.6348218
2007-03-01 12:00:00,-3.318695,-19.06488,213.97034,100827.1,1.3447767e-08,2.2645664
2007-03-02 12:00:00,3.2697144,-17.851852,141.37064,100384.84,1.6460738e-06,0.97536874
2007-03-03 12:00:00,19.941315,0.74768066,202.00768,98836.49,4.447479e-08,3.861482
2007-03-04 12:00:00,17.149292,0.28515625,119.11828,99483.26,9.167728e-05,2.4263897
2007-03-05 12:00:00,9.659973,-4.9241333,207.04005,100482.95,1.4555983e-09,1.7374628
2007-03-06 12:00:00,8.422485,-4.8939514,210.03127,100566.31,5.704657e-08,1.9080275
2007-03-07 12:00:00,10.683014,-0.3081665,170.35765,100295.7,1.7640001e-07,0.5904767
2007-03-08 12:00:00,7.4967957,2.2626038,44.424843,100001.086,6.0888688e-05,0.75017035
2007-03-09 12:00:00,3.8934631,-8.304535,226.13118,100293.71,8.6358156e-08,1.963997
2007-03-10 12:00:00,13.451202,-3.3823242,227.84885,99447.336,2.377764e-10,1.0005978
2007-03-11 12:00:00,18.899109,2.2337341,225.12549,99125.86,0.0,3.0760596
2007-03-12 12:00:00,16.377502,3.4739075,173.26663,99381.27,6.811136e-07,2.5820074
2007-03-13 12:00:00,15.523193,4.9061584,170.76366,99208.336,1.9319932e-06,2.350382
2007-03-14 12:00:00,19.772797,11.236023,163.16173,98429.57,1.2972087e-05,2.5396576
2007-03-15 12:00:00,14.478607,6.373108,32.584255,98593.14,0.00030385127,1.4154419
2007-03-16 12:00:00,12.0963745,1.750885,201.39362,99364.51,1.9566498e-05,3.747294
2007-03-17 12:00:00,3.5326538,-4.574646,249.48616,100805.41,0.0,3.4705117
2007-03-18 12:00:00,4.4111023,-5.1809998,240.67448,101571.71,0.0,1.5349995
2007-03-19 12:00:00,8.887939,-3.2141418,238.07939,101621.586,9.080918e-08,1.3991368
2007-03-20 12:00:00,10.589325,-1.3602295,156.62029,101397.74,0.0,2.0708196
2007-03-21 12:00:00,12.34845,2.251587,206.63753,99887.65,5.098315e-06,2.1148276
2007-03-22 12:00:00,10.598999,3.1513062,260.25168,100202.34,8.681923e-06,2.9864683
2007-03-23 12:00:00,20.201508,2.8553772,255.4303,99612.96,0.0,2.986613
2007-03-24 12:00:00,20.294098,12.483337,218.07439,99016.695,0.0,4.4740825
2007-03-25 12:00:00,23.33023,7.901184,248.1133,99623.03,3.2442213e-06,3.0829654
2007-03-26 12:00:00,23.316498,16.672272,181.37613,99766.31,4.0400696e-06,5.3076153
2007-03-27 12:00:00,21.835663,14.87262,152.51161,99522.97,0.00015283817,3.5369406
2007-03-28 12:00:00,22.803192,8.611816,245.89354,100207.05,0.0,1.5953915
2007-03-29 12:00:00,19.671082,11.831451,112.44994,100333.86,4.4774224e-09,3.379805
2007-03-30 12:00:00,17.731232,10.662598,25.47788,100093.836,0.00040176194,4.4085526
2007-03-31 12:00:00,16.938416,9.04187,152.72957,99954.15,0.00020045873,2.4903555
2007-04-01 12:00:00,12.419891,3.5223389,100.611626,100417.96,1.869249e-05,2.6836565
2007-04-02 12:00:00,4.856659,-0.6091614,139.00046,100873.2,1.2205723e-05,3.3879347
2007-04-03 12:00:00,8.993408,-3.8024292,280.11023,100600.1,1.2617936e-06,1.7562594
2007-04-04 12:00:00,12.670227,-2.2600403,283.0301,100184.14,4.126362e-07,0.6195792
2007-04-05 12:00:00,19.528961,2.6940613,222.22606,99515.74,0.0,2.589556
2007-04-06 12:00:00,24.72873,11.557373,225.57774,98776.4,5.452706e-06,2.096299
2007-04-07 12:00:00,18.97696,8.451813,42.127586,99288.63,0.00021798289,2.402417
2007-04-08 12:00:00,12.573853,4.402893,294.92014,99670.875,3.5484989e-06,2.3287714
2007-04-09 12:00:00,18.599426,3.5221558,294.25406,99878.45,1.188882e-10,2.4130461
2007-04-10 12:00:00,21.73059,6.01416,285.08368,99715.086,0.0,3.047351
2007-04-11 12:00:00,23.992615,12.134613,205.94339,99333.055,0.00027542317,2.5080297
2007-04-12 12:00:00,13.861938,6.991394,167.12288,99745.19,3.436092e-05,4.213328
2007-04-13 12:00:00,13.538422,7.2250977,282.7988,99820.02,4.4167305e-07,3.5215259
2007-04-14 12:00:00,12.234924,0.045959473,299.84225,99760.336,1.3632244e-08,2.0151784
2007-04-15 12:00:00,10.156616,4.8857727,65.98946,99879.164,0.00023066091,1.8775021
2007-04-16 12:00:00,8.740051,5.882904,93.97862,100090.43,2.7341834e-05,2.3089092
2007-04-17 12:00:00,12.631439,5.018219,254.79878,100218.945,3.939705e-06,2.4876332
2007-04-18 12:00:00,19.491943,2.9403381,281.87238,100085.48,0.0,2.699814
2007-04-19 12:00:00,22.42575,12.85376,254.4428,99893.11,0.0,3.7898188
2007-04-20 12:00:00,18.701202,10.402405,51.462204,100004.75,0.00020571444,1.4276348
2007-04-21 12:00:00,17.401978,6.040161,313.48712,100308.61,3.2755335e-07,2.3551445
2007-04-22 12:00:00,20.245514,4.0794983,320.40482,100331.48,0.0,0.5857101
2007-04-23 12:00:00,20.075989,7.9262695,185.71129,99973.734,0.0,2.208713
2007-04-24 12:00:00,18.95343,12.449707,274.6463,100348.22,1.0658162e-05,1.8163211
2007-04-25 12:00:00,22.348541,5.375122,320.53546,100803.08,0.0,1.5420384
2007-04-26 12:00:00,25.659393,8.239716,319.6771,100653.93,0.0,2.38357
2007-04-27 12:00:00,25.435211,11.902496,265.17905,100525.4,0.0,2.6288705
2007-04-28 12:00:00,24.736206,13.907867,276.83862,100477.6,6.9389125e-07,2.5093977
2007-04-29 12:00:00,23.256775,13.397217,212.66164,100454.81,7.91605e-05,0.6288298
2007-04-30 12:00:00,17.79245,9.014343,238.73598,100528.08,9.919134e-05,3.7654052
2007-05-01 12:00:00,20.325653,5.8033752,331.47693,100748.766,0.0,1.974723
2007-05-02 12:00:00,22.99057,6.634674,332.08978,100845.95,0.0,1.9239755
2007-05-03 12:00:00,24.131927,8.391998,320.2599,100711.8,0.0,2.3664908
2007-05-04 12:00:00,23.725952,9.912964,224.77959,100590.93,0.0,2.139572
2007-05-05 12:00:00,24.968964,13.9844055,272.10608,100456.67,0.0,2.0957742
2007-05-06 12:00:00,25.516998,12.677032,264.49167,100499.52,6.388491e-08,1.9876611
2007-05-07 12:00:00,26.394867,9.636536,340.97568,100586.29,0.0,2.5347292
2007-05-08 12:00:00,25.330688,11.094299,289.21152,100738.64,0.0,2.3055944
2007-05-09 12:00:00,24.387299,15.731384,156.2227,101005.98,5.525687e-05,1.8425878
2007-05-10 12:00:00,30.36679,15.236664,327.92087,100670.28,0.0,0.76471734
2007-05-11 12:00:00,29.790741,17.757599,316.50867,100238.266,4.88729e-06,2.0716763
2007-05-12 12:00:00,27.123016,18.236267,329.79654,100152.98,2.4715064e-07,2.6611094
2007-05-13 12:00:00,25.604736,7.0164795,352.17798,100357.42,0.0,1.4580852
2007-05-14 12:00:00,29.328918,13.256531,224.13889,99308.64,4.008982e-05,3.3018172
2007-05-15 12:00:00,25.517792,13.976013,210.91574,99703.38,5.884834e-06,2.1557713
2007-05-16 12:00:00,20.331665,8.215332,285.65045,100239.61,1.2196482e-06,2.6393852
2007-05-17 12:00:00,16.343475,10.846313,52.127415,99861.74,0.00025111364,3.1684623
2007-05-18 12:00:00,20.790497,9.743622,283.2606,99575.555,6.769253e-05,2.5661879
2007-05-19 12:00:00,24.51886,10.466919,326.04294,99442.81,0.0,1.2939323
2007-05-20 12:00:00,27.033997,13.6796875,329.68182,99306.79,0.0,2.0757353
2007-05-21 12:00:00,28.181915,16.147827,261.02988,99296.35,4.655877e-05,1.5930556
2007-05-22 12:00:00,24.283356,17.047607,231.9584,99418.75,0.00031225858,1.8928298
2007-05-23 12:00:00,28.10794,15.833801,341.68527,99465.18,2.1282798e-05,0.9625719
2007-05-24 12:00:00,27.501282,17.615356,227.67456,99145.13,0.0001582333,1.6798196
2007-05-25 12:00:00,26.964264,17.825409,90.67805,99423.445,0.00023879409,2.1261215
2007-05-26 12:00:00,25.958374,15.100983,278.535,99916.88,3.1644763e-07,1.6855849
2007-05-27 12:00:00,26.968384,16.47995,257.32562,100138.56,4.940201e-08,1.5182617
2007-05-28 12:00:00,28.28598,14.629242,326.1621,100080.97,0.0,0.35416034
2007-05-29 12:00:00,30.409088,17.900604,330.55566,99730.984,0.0,1.9580096
2007-05-30 12:00:00,29.008392,17.454193,83.2321,99594.93,0.00019116781,0.62738913
2007-05-31 12:00:00,30.617584,17.117462,286.9502,99007.67,0.00020953806,2.790691
2007-06-01 12:00:00,28.93097,18.974731,345.0483,98876.47,0.00020556092,3.7862597
2007-06-02 12:00:00,29.298706,16.084991,351.8111,99491.31,0.0,1.722498
2007-06-03 12:00:00,28.498535,18.446503,198.63074,100038.06,0.00015651948,0.622733
2007-06-04 12:00:00,31.614868,17.467133,328.71814,100004.55,1.1759552e-05,0.9620074
2007-06-05 12:00:00,32.91452,16.81961,353.11392,100188.66,0.0,1.0622035
2007-06-06 12:00:00,33.06546,18.096313,332.48358,100353.88,0.0,2.078935
2007-06-07 12:00:00,32.93036,17.395721,313.823,100157.0,0.0,2.0962832
2007-06-08 12:00:00,31.139496,18.361053,322.1081,99731.81,0.0,1.213198
2007-06-09 12:00:00,32.57199,19.445892,306.66782,99512.15,0.0,0.38006583
2007-06-10 12:00:00,35.140198,22.680298,323.60626,99368.77,0.0,1.2807068
2007-06-11 12:00:00,36.147583,24.468384,325.24933,99411.05,0.0,1.10686
2007-06-12 12:00:00,36.55603,21.042786,349.3975,99373.19,0.0,0.28277954
2007-06-13 12:00:00,36.803467,22.912933,316.48022,99170.11,1.112742e-05,1.2431065
2007-06-14 12:00:00,35.14676,21.527466,333.4288,99373.79,3.363285e-05,1.8476826
2007-06-15 12:00:00,32.666656,21.5979,307.92795,99965.55,0.0,2.5092113
2007-06-16 12:00:00,34.238525,22.574951,338.42737,100018.74,0.0,2.5412123
2007-06-17 12:00:00,33.35205,23.812927,300.91003,99711.77,0.0,2.7427948
2007-06-18 12:00:00,37.04721,25.015167,339.23404,99261.12,0.0,2.2231882
2007-06-19 12:00:00,38.010986,26.393066,347.80533,99153.24,2.5380217e-07,2.7262719
2007-06-20 12:00:00,38.62729,24.845276,303.608,99361.016,0.000115030336,1.530629
2007-06-21 12:00:00,35.902435,22.789429,339.33194,99613.06,0.0,1.5939664
2007-06-22 12:00:00,38.122253,25.641663,333.40866,99338.77,0.0,2.1394784
2007-06-23 12:00:00,34.70105,23.538483,290.39273,99775.88,0.0,1.7948054
2007-06-24 12:00:00,37.772736,26.118774,341.86148,99417.32,0.0,3.1279953
2007-06-25 12:00:00,40.472412,26.647552,353.51666,99445.0,0.0,2.6808827
2007-06-26 12:00:00,40.125397,24.91043,353.22363,99656.305,0.0,2.547076
2007-06-27 12:00:00,39.130035,25.050354,348.53308,99747.53,0.0,2.8495204
2007-06-28 12:00:00,39.50705,26.583557,318.87704,99878.85,0.0,2.4608731
2007-06-29 12:00:00,39.155396,28.726562,336.48642,99930.68,0.0,2.9806514
2007-06-30 12:00:00,37.797333,25.848816,288.19696,100007.36,0.0,1.8414315
2007-07-01 12:00:00,38.619507,23.820526,339.17667,99608.18,1.8915354e-05,1.1572245
2007-07-02 12:00:00,35.47174,20.914734,327.5533,99276.58,3.756942e-05,1.1166286
2007-07-03 12:00:00,33.117737,22.13211,326.59836,99756.36,3.173521e-05,1.6371273
2007-07-04 12:00:00,32.27411,21.077087,258.24353,99885.91,4.0480376e-05,0.8632513
2007-07-05 12:00:00,38.0058,22.832275,331.0431,99647.78,0.0,2.4959583
2007-07-06 12:00:00,39.78659,27.005707,344.5968,99538.875,0.0,3.0847075
2007-07-07 12:00:00,40.684418,27.098053,344.14832,99549.74,0.0,2.8240058
2007-07-08 12:00:00,40.67453,27.012573,341.6518,99459.82,0.0,2.4985788
2007-07-09 12:00:00,39.17343,24.376556,326.2048,99539.34,5.574807e-05,0.8666206
2007-07-10 12:00:00,38.486572,22.411896,290.7927,99659.195,3.245992e-05,1.473632
2007-07-11 12:00:00,39.70215,22.71762,302.4444,99498.734,4.8210022e-05,0.88964903
2007-07-12 12:00:00,40.60202,24.345612,329.31534,99466.914,5.572996e-06,1.569412
2007-07-13 12:00:00,40.99597,27.595245,325.35995,99601.52,9.684407e-06,1.646865
2007-07-14 12:00:00,41.10971,24.361725,311.79868,99639.625,4.834776e-05,0.7064456
2007-07-15 12:00:00,40.932556,23.7583,331.20444,99514.414,1.118414e-05,0.7683544
2007-07-16 12:00:00,39.383606,22.50882,265.1141,99669.68,3.2496424e-05,1.5560025
2007-07-17 12:00:00,38.331543,25.06839,217.87631,99682.73,7.5366543e-06,2.5076113
2007-07-18 12:00:00,36.727448,22.15857,314.46783,99847.28,5.885365e-05,1.3498869
2007-07-19 12:00:00,37.750793,24.893555,333.74222,99742.445,0.0,1.6445911
2007-07-20 12:00:00,40.731934,25.911682,324.89847,99434.586,0.0,0.8146007
2007-07-21 12:00:00,42.157867,23.314545,320.68466,99463.2,6.987916e-05,1.051192
2007-07-22 12:00:00,43.41162,26.890717,329.09067,99544.57,3.3646806e-08,1.248425
2007-07-23 12:00:00,41.924194,23.29419,329.81372,99723.45,7.43976e-05,0.9471618
2007-07-24 12:00:00,40.040527,25.110931,284.5085,99948.55,0.0,2.5501964
2007-07-25 12:00:00,38.134186,25.15689,198.93701,100074.984,0.0,0.4530913
2007-07-26 12:00:00,37.633698,24.25879,233.12737,100043.766,6.942408e-05,0.6854335
2007-07-27 12:00:00,41.529144,26.272491,283.38043,99549.71,1.6943322e-05,1.9618549
2007-07-28 12:00:00,36.988953,23.708954,304.27505,99230.234,8.656074e-06,2.0962188
2007-07-29 12:00:00,33.54315,22.473541,247.23874,99537.78,0.0,2.2507205
2007-07-30 12:00:00,34.05487,21.006989,333.3841,99653.84,0.0,1.2657356
2007-07-31 12:00:00,37.859283,20.43158,332.03485,99665.125,0.0,0.5325559
2007-08-01 12:00:00,36.9093,23.793182,180.98067,99790.336,0.0,0.39480135
2007-08-02 12:00:00,39.402527,22.343689,282.47162,99800.125,1.7048165e-05,1.221898
2007-08-03 12:00:00,38.11145,25.282501,316.63754,99529.84,8.305616e-08,3.3337936
2007-08-04 12:00:00,36.603424,26.409088,151.47485,99364.29,1.1528103e-05,3.5620754
2007-08-05 12:00:00,36.301086,24.373383,313.5479,99799.91,0.0,2.0700593
2007-08-06 12:00:00,30.604187,18.735321,240.21747,100612.34,4.3861368e-05,2.5022135
2007-08-07 12:00:00,29.269562,18.619507,252.60571,100594.016,2.9119366e-05,0.4401659
2007-08-08 12:00:00,33.246338,18.924286,320.68634,100258.67,0.0,1.4926577
2007-08-09 12:00:00,34.19873,21.477112,300.15237,100009.88,0.0,1.1927816
2007-08-10 12:00:00,36.48181,20.177246,320.881,99988.8,0.0,0.28996933
2007-08-11 12:00:00,37.178375,20.34845,273.32178,99943.29,0.0,0.47129124
2007-08-12 12:00:00,38.922913,25.108429,249.05507,99783.305,0.0,1.3693918
2007-08-13 12:00:00,39.808533,23.049988,226.50554,99722.27,1.6326675e-06,0.45847026
2007-08-14 12:00:00,41.99292,27.604156,300.16666,99802.44,0.0,2.3766954
2007-08-15 12:00:00,41.24652,30.294159,202.22585,99805.33,0.0,2.7854912
2007-08-16 12:00:00,39.263855,26.274628,230.94824,99546.86,3.410539e-05,2.4472413
2007-08-17 12:00:00,35.06494,20.527985,302.85806,99454.28,3.8462813e-06,0.81632113
2007-08-18 12:00:00,33.67328,22.313202,229.56898,99604.67,2.4434676e-05,1.687799
2007-08-19 12:00:00,34.453156,21.896484,271.39862,99805.79,9.754098e-06,1.3976433
2007-08-20 12:00:00,34.725586,24.091003,266.12747,100058.28,2.9108942e-05,1.7084337
2007-08-21 12:00:00,37.81189,22.942444,285.88824,100028.516,0.0,1.0264308
2007-08-22 12:00:00,39.401855,25.223114,251.70457,99820.9,0.0,1.5409205
2007-08-23 12:00:00,40.58557,27.8638,194.7012,99587.61,0.0,1.4295509
2007-08-24 12:00:00,41.52655,23.340485,269.6491,99494.88,0.0,1.6570514
2007-08-25 12:00:00,39.62152,23.337067,292.90768,99588.16,0.0,2.0626228
2007-08-26 12:00:00,42.23886,24.735535,290.71555,99372.32,0.0,1.5596604
2007-08-27 12:00:00,42.54184,28.55664,288.26245,99244.69,0.0,2.6270823
2007-08-28 12:00:00,39.34726,29.381561,134.54547,99289.516,0.0,2.687569
2007-08-29 12:00:00,38.78656,24.075195,206.60924,99214.65,7.4110336e-05,1.718713
2007-08-30 12:00:00,31.334686,22.448761,218.86856,99291.87,7.884847e-05,1.7370232
2007-08-31 12:00:00,29.208984,22.509064,242.16034,99842.11,0.0,2.9534895
2007-09-01 12:00:00,29.641815,15.497345,287.9142,100054.41,0.0,2.7381165
2007-09-02 12:00:00,30.881042,15.105621,283.5259,99892.83,0.0,1.8381515
2007-09-03 12:00:00,33.352905,19.290283,277.2377,99786.39,0.0,1.522736
2007-09-04 12:00:00,37.37256,18.964722,275.6768,99778.05,0.0,1.4875541
2007-09-05 12:00:00,33.789185,21.02356,236.11443,99721.76,8.4121876e-07,1.3049221
2007-09-06 12:00:00,27.99234,17.969696,147.81897,99905.66,0.00024270671,3.041744
2007-09-07 12:00:00,25.206024,15.1197815,268.10205,100185.46,0.0,2.513024
2007-09-08 12:00:00,26.88507,11.79126,277.1589,100138.51,0.0,1.8014886
2007-09-09 12:00:00,26.529572,10.534302,277.52515,100239.69,0.0,1.428721
2007-09-10 12:00:00,27.71164,14.0720825,231.30602,100367.64,0.0,1.7478812
2007-09-11 12:00:00,28.790344,12.810181,216.62975,100418.195,0.0,1.2925917
2007-09-12 12:00:00,29.41867,17.610382,164.17212,100305.1,0.0,1.3554423
2007-09-13 12:00:00,31.743011,18.478485,147.35864,100192.555,0.0,1.9860941
2007-09-14 12:00:00,30.226196,20.214447,128.02063,99865.01,0.0,2.5736575
2007-09-15 12:00:00,25.453125,21.287048,76.10431,99626.305,0.000118334494,2.561879
2007-09-16 12:00:00,26.373901,18.68277,178.76247,99548.05,3.0918545e-05,0.4900402
2007-09-17 12:00:00,28.861176,16.84671,214.99901,99591.414,6.083456e-08,1.4319038
2007-09-18 12:00:00,26.075256,18.919128,130.51828,99418.445,0.00019475928,2.3346553
2007-09-19 12:00:00,23.815247,16.392517,182.05307,100098.13,1.4276586e-07,1.327434
2007-09-20 12:00:00,25.13855,12.108185,246.33322,100664.54,0.0,2.0035434
2007-09-21 12:00:00,27.751434,12.3628235,243.77478,100501.39,0.0,1.7369459
2007-09-22 12:00:00,29.334167,14.773285,220.32674,100251.99,0.0,1.6573805
2007-09-23 12:00:00,30.559692,17.630981,231.35747,100281.46,0.0,2.0516772
2007-09-24 12:00:00,29.977783,18.520752,233.8419,100188.59,0.0,2.6498003
2007-09-25 12:00:00,26.98938,19.484894,140.55566,100165.25,1.1412611e-05,2.1711798
2007-09-26 12:00:00,29.289032,19.530945,207.64357,100288.41,1.8527384e-05,1.6558789
2007-09-27 12:00:00,27.326447,19.501007,119.05604,100348.51,2.5786854e-05,1.869634
2007-09-28 12:00:00,27.51242,19.953064,184.16168,100267.805,4.2597763e-05,1.2379297
2007-09-29 12:00:00,30.533722,18.338837,225.74522,100114.33,0.0,1.7825505
2007-09-30 12:00:00,31.837524,19.798187,207.31021,100282.336,0.0,2.0734732
2007-10-01 12:00:00,32.082153,20.05133,209.96848,100010.96,0.0,2.5129075
2007-10-02 12:00:00,29.249634,12.602112,39.067013,99863.875,0.00019422635,2.8415136
2007-10-03 12:00:00,14.633972,10.251312,138.4615,100273.46,1.8055144e-06,3.9730403
2007-10-04 12:00:00,11.673645,7.429718,132.07031,100355.82,1.4873118e-05,2.9410381
2007-10-05 12:00:00,21.068604,4.1576843,219.77415,100422.39,0.0,2.5500462
2007-10-06 12:00:00,18.422668,7.256592,221.02258,100833.31,0.0,1.6929275
2007-10-07 12:00:00,23.262115,6.395111,213.52568,100892.02,0.0,0.9662868
2007-10-08 12:00:00,27.802124,10.847351,212.24597,100367.69,0.0,2.825726
2007-10-09 12:00:00,28.71579,13.343994,210.884,100054.195,0.0,3.0474267
2007-10-10 12:00:00,28.648193,12.646423,206.94539,100000.69,0.0,2.3817081
2007-10-11 12:00:00,23.588074,12.343048,207.15532,100230.21,0.0,2.619881
2007-10-12 12:00:00,22.959564,7.294739,203.80864,100453.58,0.0,0.7955915
2007-10-13 12:00:00,28.814331,9.962524,199.37578,100207.51,0.0,2.0177035
2007-10-14 12:00:00,24.006348,12.362762,201.85011,100484.44,0.0,2.7354267
2007-10-15 12:00:00,23.59793,5.6576843,203.03171,100287.7,0.0,0.6760824
2007-10-16 12:00:00,25.906647,7.2650757,196.27179,99977.45,0.0,1.8415276
2007-10-17 12:00:00,27.681152,11.2352295,189.39352,99917.05,0.0,2.0903893
2007-10-18 12:00:00,25.794617,15.288818,90.464195,99728.42,0.0,2.9352524
2007-10-19 12:00:00,23.095795,17.72409,113.642494,99361.914,4.5343468e-06,3.7801404
2007-10-20 12:00:00,20.502258,17.61615,80.06285,98847.82,0.000202486,4.836378
2007-10-21 12:00:00,17.526672,7.716339,161.50969,99496.36,2.0745024e-06,2.454455
2007-10-22 12:00:00,12.40741,3.9448242,140.39618,99645.18,1.0432337e-06,1.9192528
2007-10-23 12:00:00,12.511047,8.100403,26.425457,99770.02,4.9018603e-05,2.2931416
2007-10-24 12:00:00,12.755676,10.05954,51.143875,100151.87,1.5674514e-05,2.0724523
2007-10-25 12:00:00,16.389252,5.455078,150.54362,100403.54,1.092156e-06,0.65081465
2007-10-26 12:00:00,21.811707,6.8505554,166.67444,100376.336,0.0,1.5848316
2007-10-27 12:00:00,21.57016,13.423676,109.8679,100121.8,0.0,1.0374132
2007-10-28 12:00:00,20.275024,17.291626,42.485626,99500.73,3.9005605e-05,3.284776
2007-10-29 12:00:00,25.35492,17.914185,157.59976,99634.875,1.3213212e-05,2.8797097
2007-10-30 12:00:00,24.299255,18.32666,94.00405,100202.414,3.374066e-05,2.8014326
2007-10-31 12:00:00,24.541107,16.558624,93.05658,99858.55,9.243054e-05,2.1118658
2007-11-01 12:00:00,16.228851,7.070221,105.01403,100896.836,3.4822103e-06,1.8175983
2007-11-02 12:00:00,15.380585,5.279663,156.30951,100501.125,2.1496496e-06,1.7136049
2007-11-03 12:00:00,22.432281,9.987366,128.87978,99335.05,1.0516548e-09,3.396762
2007-11-04 12:00:00,21.088715,12.777252,23.228537,97948.086,0.0005438035,2.698828
2007-11-05 12:00:00,12.539124,1.405426,153.21977,98945.34,0.00025605664,4.813204
2007-11-06 12:00:00,11.722839,-1.7139893,149.32762,100120.83,6.20114e-07,1.4910853
2007-11-07 12:00:00,15.735626,2.6626587,154.18729,100620.375,0.0,2.4766712
2007-11-08 12:00:00,14.266724,2.3215332,115.726166,100791.93,0.0,2.1049511
2007-11-09 12:00:00,12.00061,6.685486,16.633997,99337.63,0.0004391273,2.5774927
2007-11-10 12:00:00,12.62973,9.745758,65.57281,99084.94,0.00013442001,3.666389
2007-11-11 12:00:00,11.489014,5.2466736,145.92146,100453.28,1.2094192e-06,3.3365335
2007-11-12 12:00:00,7.800537,1.8851318,94.01549,100767.586,2.528508e-05,3.383037
2007-11-13 12:00:00,5.1523438,-4.138214,137.56741,101382.9,1.0016736e-06,1.4411031
2007-11-14 12:00:00,11.380859,-1.9300537,137.515,101233.125,1.09796e-06,2.635785
2007-11-15 12:00:00,14.90863,3.6105652,118.093285,100985.04,0.0,2.6214895
2007-11-16 12:00:00,16.445068,6.1030884,121.422585,100751.54,0.0,2.335266
2007-11-17 12:00:00,12.51767,7.2578735,106.611565,100490.32,1.2146052e-05,0.9583136
2007-11-18 12:00:00,8.716827,-1.7037659,128.83887,100757.875,1.3859482e-06,0.4097596
2007-11-19 12:00:00,14.713745,2.8034058,84.10765,100501.625,1.2848993e-05,2.4183073
2007-11-20 12:00:00,17.416962,7.198181,123.06239,100592.7,9.428859e-08,2.2340252
2007-11-21 12:00:00,15.78656,6.914673,75.85674,100142.4,4.5749555e-05,2.5879228
2007-11-22 12:00:00,12.760345,3.0505981,87.90183,100297.14,5.630564e-05,6.3796997
2007-11-23 12:00:00,5.648285,-3.330719,103.47647,100383.875,9.144222e-09,2.1551785
2007-11-24 12:00:00,10.023407,-2.682953,119.24031,100339.414,1.2358921e-06,1.8704743
2007-11-25 12:00:00,10.276337,2.6240234,126.36502,100655.79,3.0619447e-09,2.3464472
2007-11-26 12:00:00,11.195953,-2.012329,118.08883,100922.52,5.1602166e-07,1.9937192
2007-11-27 12:00:00,16.063904,6.6199646,121.53274,99998.805,0.0,3.7063994
2007-11-28 12:00:00,13.796234,2.9285278,124.77191,100608.945,1.9212473e-06,2.0565262
2007-11-29 12:00:00,7.508301,-1.5688171,57.05293,100843.5,5.200658e-06,1.4227313
2007-11-30 12:00:00,9.5303955,0.8095093,74.73819,100786.79,3.095652e-06,1.51736
2007-12-01 12:00:00,13.850067,2.175476,116.91268,100455.73,6.785426e-08,2.1708426
2007-12-02 12:00:00,11.6875,3.5777588,57.821136,100004.92,9.052807e-07,1.6431292
2007-12-03 12:00:00,13.508545,6.2731934,109.03677,99239.01,4.2815564e-06,1.319875
2007-12-04 12:00:00,10.902527,0.46539307,56.570477,99506.27,1.7922704e-06,1.274703
2007-12-05 12:00:00,9.58783,1.9441528,25.03369,99252.7,0.00029752712,2.7574914
2007-12-06 12:00:00,2.000763,-0.31948853,50.65606,99690.33,8.004612e-06,5.45284
2007-12-07 12:00:00,10.249756,-3.0058289,115.41569,100192.91,0.0,1.6241778
2007-12-08 12:00:00,5.297119,-4.10849,86.54686,101328.875,6.468442e-07,0.32034722
2007-12-09 12:00:00,6.563019,-3.7869873,111.39846,101667.95,6.2425863e-07,1.0994816
2007-12-10 12:00:00,7.213043,-3.073944,112.04743,101077.24,3.5469589e-07,3.1432996
2007-12-11 12:00:00,6.1395874,0.33444214,18.624014,100491.125,0.00014198713,0.8500574
2007-12-12 12:00:00,0.3859253,-5.108032,38.347404,100744.61,9.089248e-05,4.4207325
2007-12-13 12:00:00,-2.8128052,-14.214844,107.76124,101106.65,1.6553923e-06,2.975944
2007-12-14 12:00:00,-0.51034546,-12.336456,116.86356,101079.66,1.3892917e-06,2.501508
2007-12-15 12:00:00,2.7438965,-12.441254,108.609764,101229.84,2.0920547e-08,1.5676271
2007-12-16 12:00:00,0.44573975,-5.601166,59.287296,101497.5,4.2828306e-06,1.2885045
2007-12-17 12:00:00,-3.454193,-13.586151,116.95976,102158.61,5.5640108e-08,3.047323
2007-12-18 12:00:00,1.3371277,-12.409851,117.33567,101710.28,0.0,2.5749485
2007-12-19 12:00:00,5.89151,-11.1866455,117.00156,100414.22,0.0,3.0110118
2007-12-20 12:00:00,3.913269,-4.4386597,110.78346,100151.18,7.2346815e-08,2.6319
2007-12-21 12:00:00,2.415039,-11.607574,112.71158,101249.03,6.826788e-08,1.8342899
2007-12-22 12:00:00,7.2531433,-8.222809,112.41388,101020.0,0.0,1.6251783
2007-12-23 12:00:00,8.171753,-7.771759,103.0842,100942.805,6.7265917e-09,0.80543625
2007-12-24 12:00:00,6.7348022,-3.9266663,36.562523,100411.76,8.542385e-06,1.2115482
2007-12-25 12:00:00,9.565063,-2.685028,99.73721,100560.8,4.754622e-07,1.7941668
2007-12-26 12:00:00,8.292328,-4.458374,100.67129,100867.6,2.4496212e-06,0.9863115
2007-12-27 12:00:00,10.89447,-3.052948,101.93167,100577.086,2.3564057e-06,1.7082422
2007-12-28 12:00:00,10.898254,-2.3459778,69.1715,100047.92,4.8279094e-06,2.3472805
2007-12-29 12:00:00,11.608826,2.2488098,23.232328,99287.68,0.00016324845,2.8651192
2007-12-30 12:00:00,2.214386,-1.1204224,85.82025,99350.08,2.9150013e-05,5.8945837
2007-12-31 12:00:00,-0.403656,-3.6638794,63.80327,99686.5,3.067954e-06,4.55216
2008-01-01 12:00:00,1.4374695,-8.957977,82.2853,99250.31,1.1707649e-06,0.48483014
2008-01-02 12:00:00,-0.13571167,-4.372528,58.27739,99120.74,1.4160386e-06,1.6454405
2008-01-03 12:00:00,-0.016723633,-9.4748535,59.605854,99942.89,6.276292e-06,0.8842101
2008-01-04 12:00:00,1.5245667,-4.7819214,76.90183,100086.57,3.6990225e-06,2.0095208
2008-01-05 12:00:00,1.2315979,-3.6322632,64.864944,100529.36,1.7612123e-06,2.1100183
2008-01-06 12:00:00,3.4042664,-6.4182434,105.872154,101031.79,2.868692e-06,1.1222717
2008-01-07 12:00:00,4.6326904,-1.689209,28.460566,100041.28,6.2807536e-05,3.4557474
2008-01-08 12:00:00,12.283447,4.729187,24.118753,98737.15,0.00025402213,2.9276698
2008-01-09 12:00:00,13.961975,3.6715698,23.081762,98186.74,0.00013604328,2.1122918
2008-01-10 12:00:00,8.061523,-3.0963745,90.91152,98785.555,1.3253178e-05,6.0541067
2008-01-11 12:00:00,7.281769,-1.7622986,125.262505,99657.086,0.0,3.8969414
2008-01-12 12:00:00,13.201965,-2.7493896,120.25574,99273.19,0.0,2.7447526
2008-01-13 12:00:00,9.827637,-4.9134827,114.05426,99044.31,9.664075e-05,2.5639367
2008-01-14 12:00:00,0.44500732,-5.6119385,64.380264,98874.875,8.329932e-06,1.3221213
2008-01-15 12:00:00,0.46517944,-0.75079346,44.11659,99187.95,4.5640965e-05,4.1612673
2008-01-16 12:00:00,-0.347229,-3.84375,43.797195,99935.055,1.0619213e-05,2.690066
2008-01-17 12:00:00,-2.4515991,-9.128204,71.88196,100011.88,4.226955e-06,0.6930329
2008-01-18 12:00:00,3.8144836,-7.3276978,105.73223,99945.78,2.919642e-06,3.4135597
2008-01-19 12:00:00,6.703583,0.89242554,62.16443,100179.73,0.00015904367,3.9140353
2008-01-20 12:00:00,8.540741,3.7990723,26.053839,100080.586,0.0002729699,4.227738
2008-01-21 12:00:00,12.167999,8.175415,18.968925,99723.414,0.00042460856,3.5480568
2008-01-22 12:00:00,8.871216,0.44961548,50.406166,99291.234,0.00034387255,3.18022
2008-01-23 12:00:00,5.05954,0.37698364,44.43509,100437.67,5.0868526e-05,3.8833063
2008-01-24 12:00:00,5.5209656,-2.584198,69.433304,101776.3,4.5076436e-06,2.1168683
2008-01-25 12:00:00,5.076874,-2.647522,140.23296,102231.086,2.3013583e-06,2.0948324
2008-01-26 12:00:00,5.3137817,-7.2534485,130.72781,101898.56,9.38509e-07,1.4947851
2008-01-27 12:00:00,5.72937,-6.7591553,128.89926,101696.46,1.7085719e-07,1.6992964
2008-01-28 12:00:00,4.683197,-2.2694397,50.44394,101758.53,7.566245e-07,1.4857914
2008-01-29 12:00:00,5.901581,-1.8390808,58.547405,101602.31,1.0750259e-05,0.4891913
2008-01-30 12:00:00,4.369934,-4.7724,96.915344,101498.96,2.4474757e-06,1.4049861
2008-01-31 12:00:00,10.510834,-4.668762,131.26254,101217.22,2.3657283e-09,1.1475223
2008-02-01 12:00:00,6.047577,-7.077881,151.45013,101838.79,9.119447e-08,1.9980696
2008-02-02 12:00:00,6.952942,-5.401123,68.47357,101038.93,7.4388868e-06,2.4686825
2008-02-03 12:00:00,13.677307,2.3663025,123.82659,99817.55,3.952513e-07,2.9542947
2008-02-04 12:00:00,17.18927,9.986084,74.50429,99401.7,9.047715e-06,1.5712062
2008-02-05 12:00:00,9.718597,-1.0124817,121.814865,100125.91,1.9422093e-07,2.5491679
2008-02-06 12:00:00,7.0382996,-1.9643555,165.38669,100665.1,0.0,2.879351
2008-02-07 12:00:00,10.355743,-4.199951,142.2098,100792.3,0.0,1.606386
2008-02-08 12:00:00,11.097321,3.5050354,165.19841,100706.46,5.065485e-08,1.3749506
2008-02-09 12:00:00,11.375549,-1.9395752,135.90668,101053.73,2.299133e-06,1.5630736
2008-02-10 12:00:00,12.647705,7.46344,152.57968,100294.79,8.758165e-06,3.2499974
2008-02-11 12:00:00,9.810333,-3.693512,152.32416,101127.45,5.957112e-07,0.55476606
2008-02-12 12:00:00,13.452393,1.355072,97.80276,100409.055,2.1828857e-05,2.917567
2008-02-13 12:00:00,15.793121,11.908051,40.87672,99330.89,0.00016072862,5.6236506
2008-02-14 12:00:00,17.633179,12.859894,93.56874,99414.74,5.6067183e-05,3.3150265
2008-02-15 12:00:00,14.728638,6.199646,31.480116,99764.9,6.557989e-05,1.1862942
2008-02-16 12:00:00,8.986267,1.7139587,181.53368,100279.23,4.2806314e-06,1.8775934
2008-02-17 12:00:00,6.932953,-0.12094116,188.84497,100384.914,1.5913665e-07,1.1993496
2008-02-18 12:00:00,15.515015,-0.23101807,183.86023,99935.78,0.0,3.0736923
2008-02-19 12:00:00,16.525604,2.5624695,184.46852,99093.23,0.0,3.4856453
2008-02-20 12:00:00,15.225708,5.5782166,122.224106,98877.72,9.0769964e-07,2.678106
2008-02-21 12:00:00,7.1619873,-3.506134,152.95625,99914.06,1.2922419e-06,0.7772941
2008-02-22 12:00:00,11.340576,-2.0156555,184.91472,100811.55,1.0494452e-06,0.4903503
2008-02-23 12:00:00,16.19754,1.6491699,190.67915,100960.53,0.0,3.1786206
2008-02-24 12:00:00,12.916168,7.6996765,67.92042,100888.305,6.2061536e-06,2.8603344
2008-02-25 12:00:00,12.54361,7.8946533,44.82148,100648.04,4.510774e-05,1.9033393
2008-02-26 12:00:00,16.749817,11.673645,41.324818,99121.555,6.86451e-05,3.5781496
2008-02-27 12:00:00,16.378204,7.830475,186.18228,99362.07,4.121805e-06,2.602151
2008-02-28 12:00:00,15.248413,3.3458252,127.51595,100326.83,3.6941772e-06,1.0409937
2008-02-29 12:00:00,,,,,,
2008-03-01 12:00:00,22.006744,6.8331604,205.49802,100461.625,0.0,2.7650323
2008-03-02 12:00:00,23.233673,15.804962,202.49655,99955.266,6.475211e-08,4.296493
2008-03-03 12:00:00,20.808136,7.320587,165.5586,100636.625,7.126534e-05,1.851535
2008-03-04 12:00:00,17.106659,1.9697571,179.71724,100645.555,0.0,2.1398418
2008-03-05 12:00:00,18.856293,13.458069,55.697292,99236.1,0.0001259347,4.572032
2008-03-06 12:00:00,18.55008,4.316498,216.17728,99793.945,0.00011309712,2.1764927
2008-03-07 12:00:00,20.964478,6.5086365,192.12598,99466.03,3.8190356e-07,3.239717
2008-03-08 12:00:00,19.35382,4.0609436,224.62622,100282.85,6.7324113e-06,0.89834124
2008-03-09 12:00:00,22.44571,11.106445,151.35707,99832.21,1.2750443e-05,3.3869593
2008-03-10 12:00:00,21.787903,18.1969,79.71173,99397.484,2.188224e-05,4.995884
2008-03-11 12:00:00,21.05362,6.1236877,57.55629,100209.9,0.0006056037,2.7933776
2008-03-12 12:00:00,6.862213,0.6665039,232.89465,101741.125,1.6594262e-05,3.8801947
2008-03-13 12:00:00,9.9774475,-3.9515686,239.02916,102190.336,1.5150117e-07,2.2660866
2008-03-14 12:00:00,12.510651,-1.4405518,166.18,101559.32,2.5647031e-08,1.9385216
2008-03-15 12:00:00,11.984375,8.017548,63.434086,100584.734,7.286206e-05,0.35688502
2008-03-16 12:00:00,13.018066,4.749237,194.42397,100362.14,4.07153e-05,1.8128021
2008-03-17 12:00:00,15.558685,3.1155396,240.03235,100582.43,9.652241e-09,1.6782467
2008-03-18 12:00:00,22.07727,5.4506226,240.13768,100142.87,0.0,1.9946939
2008-03-19 12:00:00,24.3526,10.351501,245.28323,99567.28,0.0,2.9098945
2008-03-20 12:00:00,20.68155,16.417877,178.40877,98942.875,0.0,4.908582
2008-03-21 12:00:00,22.724426,11.150787,253.43457,98929.016,5.0901217e-05,4.1773496
2008-03-22 12:00:00,21.904785,11.813171,212.50742,99188.7,0.0,3.4990363
2008-03-23 12:00:00,21.990814,12.998413,219.64912,98425.9,1.706534e-05,4.075765
2008-03-24 12:00:00,13.236633,3.459381,88.94967,99607.305,0.00011745658,3.5928557
2008-03-25 12:00:00,6.9375916,0.4466858,131.56342,100500.28,7.4687773e-06,2.9928753
2008-03-26 12:00:00,7.175934,-4.1124268,242.37831,101157.37,1.5033845e-06,1.8184053
2008-03-27 12:00:00,17.789917,-1.5762329,267.52106,101014.35,0.0,2.102295
2008-03-28 12:00:00,23.543732,6.9068604,269.77005,100508.31,0.0,3.2265441
2008-03-29 12:00:00,24.492188,11.763947,270.1959,99815.305,0.0,3.3145351
2008-03-30 12:00:00,22.207764,9.786346,275.0554,100078.836,0.0,2.7315338
2008-03-31 12:00:00,16.45816,2.933319,275.39975,100638.625,0.0,1.779712
2008-04-01 12:00:00,20.845215,4.295227,277.76935,100438.61,0.0,1.6020306
2008-04-02 12:00:00,24.380554,6.1801147,274.9327,100085.19,0.0,1.9581451
2008-04-03 12:00:00,24.931427,10.390442,262.33322,99719.08,0.0,3.2182221
2008-04-04 12:00:00,22.474274,14.990509,81.613335,99474.4,0.00017164237,3.3348043
2008-04-05 12:00:00,21.576813,13.5243225,256.87384,99031.09,3.9063223e-05,1.4824324
2008-04-06 12:00:00,18.821747,10.034821,172.19739,98558.914,6.7558634e-05,1.9251403
2008-04-07 12:00:00,15.541321,5.7869873,235.35059,99465.35,2.025185e-09,2.838789
2008-04-08 12:00:00,15.951294,5.741028,293.83783,100336.38,1.785807e-07,2.349491
2008-04-09 12:00:00,20.518066,4.1246033,296.6936,100310.81,0.0,1.0917516
2008-04-10 12:00:00,25.26065,7.849182,294.11832,99576.4,0.0,2.6635537
2008-04-11 12:00:00,27.987732,12.765808,294.4296,99184.02,0.0,3.3199735
2008-04-12 12:00:00,26.403107,19.552643,294.0595,99107.13,0.0,4.8969345
2008-04-13 12:00:00,23.307556,13.261749,279.12274,99567.45,0.0004977482,2.6397164
2008-04-14 12:00:00,21.559906,6.3290405,305.82523,100278.1,0.0,1.9679378
2008-04-15 12:00:00,24.145966,9.917786,251.25844,99790.234,0.0,3.6974897
2008-04-16 12:00:00,22.93509,9.496735,92.59568,100660.13,1.3981368e-05,1.692756
2008-04-17 12:00:00,17.302582,3.0601807,314.08588,101668.73,0.0,1.2468338
2008-04-18 12:00:00,20.513428,3.3502197,314.22003,101092.73,0.0,1.7590889
2008-04-19 12:00:00,25.649933,8.482178,302.63766,100115.14,0.0,3.2697175
2008-04-20 12:00:00,24.13263,10.397919,258.94315,100321.43,0.0003318794,2.3070154
2008-04-21 12:00:00,21.669891,8.377563,193.42653,100070.914,1.3752453e-05,2.6459923
2008-04-22 12:00:00,26.479065,17.85846,289.91965,99395.64,1.612658e-06,4.3809633
2008-04-23 12:00:00,23.389587,14.120148,64.83004,99535.945,7.588664e-05,1.5383482
2008-04-24 12:00:00,21.75827,8.446075,223.37294,100115.766,0.0,2.2913327
2008-04-25 12:00:00,23.0466,12.086761,136.4897,99940.15,4.9198097e-05,2.6305778
2008-04-26 12:00:00,22.18338,13.7048645,113.01675,99356.04,9.9227895e-05,1.503048
2008-04-27 12:00:00,23.925446,12.004639,292.149,99442.805,1.4208608e-08,1.731293
2008-04-28 12:00:00,26.587097,14.161194,295.07123,99831.125,0.0,1.4567823
2008-04-29 12:00:00,30.449799,18.182983,278.49692,100145.4,7.93689e-07,2.5046723
2008-04-30 12:00:00,29.510773,16.813263,207.7175,100321.375,3.90811e-05,0.86883885
2008-05-01 12:00:00,31.21463,19.245667,309.27097,100055.875,1.4132063e-05,1.8457633
2008-05-02 12:00:00,23.249664,15.127594,105.02939,100268.15,5.722683e-05,2.8856542
2008-05-03 12:00:00,22.503906,10.171783,302.6822,100627.06,0.0,2.437128
2008-05-04 12:00:00,24.607819,8.17865,335.55194,100346.03,0.0,1.5680718
2008-05-05 12:00:00,27.761414,11.021759,328.42197,99880.24,0.0,1.1417266
2008-05-06 12:00:00,30.55246,15.4001465,324.48627,99602.85,4.989374e-07,1.5883023
2008-05-07 12:00:00,29.789124,17.384277,275.51385,99698.85,2.1904247e-05,1.4062634
2008-05-08 12:00:00,29.554382,17.970093,289.3443,99594.086,7.0948754e-06,1.5924677
2008-05-09 12:00:00,30.693481,18.854797,316.5749,99507.016,4.7587444e-05,1.488797
2008-05-10 12:00:00,26.7901,17.961456,302.88635,99609.375,4.317955e-05,1.6410453
2008-05-11 12:00:00,25.557556,14.6579895,340.76633,100003.03,0.0,3.1786296
2008-05-12 12:00:00,24.858002,13.664429,333.66837,100301.05,0.0,3.2725635
2008-05-13 12:00:00,21.457245,8.041534,351.08145,100888.41,0.0,3.641372
2008-05-14 12:00:00,22.045593,7.6278687,352.30783,101098.35,0.0,2.8953962
2008-05-15 12:00:00,24.745209,7.198395,335.09482,100784.77,0.0,2.0724418
2008-05-16 12:00:00,27.835785,10.380371,338.93866,100129.77,0.0,1.4904088
2008-05-17 12:00:00,30.54242,12.008667,344.26205,99508.74,0.0,1.1059475
2008-05-18 12:00:00,34.947327,16.514526,309.26044,99140.01,3.0596068e-05,1.5909113
2008-05-19 12:00:00,34.174774,14.6892395,342.1324,99437.195,2.3753062e-06,1.3961854
2008-05-20 12:00:00,33.906647,19.591156,340.607,99693.38,0.0,3.3271365
2008-05-21 12:00:00,33.68756,23.264252,290.4454,99861.984,0.0,3.137674
2008-05-22 12:00:00,33.17032,20.387512,306.4229,99818.8,0.0,2.58123
2008-05-23 12:00:00,34.179962,17.191132,340.42123,99858.05,0.0,1.4861511
2008-05-24 12:00:00,33.919525,21.049652,310.08243,99774.125,0.0,3.1366348
2008-05-25 12:00:00,33.645752,19.105896,301.9634,99750.58,0.0,2.9894545
2008-05-26 12:00:00,32.04593,19.895844,224.24957,99762.35,1.9121453e-05,3.7377224
2008-05-27 12:00:00,29.08023,18.41504,154.48793,99800.7,0.0002518282,2.6658902
2008-05-28 12:00:00,25.257019,18.722107,231.95221,99514.836,1.5664814e-06,3.1751268
2008-05-29 12:00:00,28.080872,17.656525,270.37778,99512.58,8.7059146e-07,2.107636
2008-05-30 12:00:00,30.118713,18.21048,329.06567,99637.945,3.1479707e-05,0.6126043
2008-05-31 12:00:00,31.959778,19.12616,290.97455,100052.27,1.1123727e-06,0.9206788
2008-06-01 12:00:00,34.165802,19.53836,316.71286,100360.77,9.312169e-06,1.259634
2008-06-02 12:00:00,33.23474,21.648712,231.6374,100155.086,3.847387e-06,0.6316399
2008-06-03 12:00:00,33.813538,21.53415,304.84763,99729.63,6.959818e-05,1.5898631
2008-06-04 12:00:00,31.76648,19.617645,274.45047,99538.09,0.00010622899,1.2318907
2008-06-05 12:00:00,30.238037,18.898376,349.35028,99923.08,2.1171413e-06,2.2446606
2008-06-06 12:00:00,32.292877,15.6310425,352.8854,100068.086,0.0,2.186915
2008-06-07 12:00:00,31.076538,20.352875,176.2495,100202.31,2.6821474e-06,2.0522704
2008-06-08 12:00:00,32.204712,20.059174,255.63792,100020.44,4.6682406e-05,1.143855
2008-06-09 12:00:00,31.635803,21.632202,243.27473,99794.54,8.19883e-05,1.3356818
2008-06-10 12:00:00,28.129883,20.607788,222.21066,99511.52,1.9238849e-05,1.5721105
2008-06-11 12:00:00,28.62381,18.426666,345.4021,100052.55,1.752766e-05,4.216855
2008-06-12 12:00:00,29.330719,15.588684,360.31174,100381.49,0.0,2.957183
2008-06-13 12:00:00,32.17337,16.744171,318.99692,100003.94,0.0,2.2758217
2008-06-14 12:00:00,33.538696,20.647064,340.29007,99926.82,1.2579e-07,2.2924767
2008-06-15 12:00:00,32.410645,20.497253,345.0857,99857.414,0.0,2.3230104
2008-06-16 12:00:00,31.0206,19.508575,341.88644,99495.2,0.0,2.1718354
2008-06-17 12:00:00,33.06891,19.678802,309.7834,98956.164,5.8009588e-05,2.2747307
2008-06-18 12:00:00,28.106323,17.232391,361.7218,99723.71,2.1030644e-05,2.390828
2008-06-19 12:00:00,29.35913,14.788849,353.53894,100197.08,0.0,1.6574165
2008-06-20 12:00:00,28.499146,16.359314,212.70854,99875.195,1.3664294e-06,2.000188
2008-06-21 12:00:00,31.842926,20.212646,291.91144,99244.11,5.1669413e-05,1.131128
2008-06-22 12:00:00,28.944427,21.067535,211.43199,99102.41,0.00015447676,1.0650069
2008-06-23 12:00:00,28.228516,19.84491,198.01425,99523.27,2.6616815e-05,1.4169267
2008-06-24 12:00:00,29.843567,20.87497,280.6835,99906.086,1.8822804e-05,1.1616471
2008-06-25 12:00:00,35.33081,22.44928,349.4232,99729.81,0.0,2.6935754
2008-06-26 12:00:00,37.128876,22.76056,349.80078,99784.06,0.0,1.5385648
2008-06-27 12:00:00,35.78882,20.948273,270.43103,99821.945,2.648657e-05,2.2042677
2008-06-28 12:00:00,37.289795,24.250488,348.00226,99507.86,0.0,2.6333072
2008-06-29 12:00:00,38.181763,29.386261,343.8416,99129.47,0.0,4.6731143
2008-06-30 12:00:00,37.39096,27.47403,350.55164,99463.66,0.0,3.2940938
2008-07-01 12:00:00,36.38388,25.469818,346.45392,99780.79,0.0,3.5461566
2008-07-02 12:00:00,37.60623,27.710175,345.87445,100116.836,0.0,3.1793478
2008-07-03 12:00:00,38.433167,26.489136,345.081,100225.38,0.0,2.6632164
2008-07-04 12:00:00,39.147217,26.404266,346.3732,100017.11,0.0,2.5751956
2008-07-05 12:00:00,39.67801,27.206879,308.83755,99768.88,2.4115478e-05,2.2018955
2008-07-06 12:00:00,40.111877,24.06131,319.71613,99679.7,6.7325855e-05,1.1669971
2008-07-07 12:00:00,36.194122,22.231934,232.29102,99779.51,5.924745e-05,0.7685055
2008-07-08 12:00:00,39.08899,23.480377,325.69894,99859.29,2.483237e-06,0.91149175
2008-07-09 12:00:00,40.033478,25.065308,316.35275,99757.91,2.2686541e-05,0.8147203
2008-07-10 12:00:00,39.153137,25.070557,340.0712,99628.4,9.134402e-06,1.8639213
2008-07-11 12:00:00,39.192657,28.226532,340.9497,99506.5,0.0,2.9340322
2008-07-12 12:00:00,38.74298,25.614258,349.12213,99703.82,0.0,3.17936
2008-07-13 12:00:00,37.56717,26.012726,340.60406,99797.3,0.0,3.357541
2008-07-14 12:00:00,36.74002,27.600159,342.40125,99710.3,0.0,3.6678836
2008-07-15 12:00:00,36.75641,28.818756,283.79144,99748.75,9.297058e-08,2.90024
2008-07-16 12:00:00,37.897827,27.847717,339.932,99846.26,0.0,3.4094977
2008-07-17 12:00:00,39.006287,29.593262,321.35712,100093.2,0.0,3.3359551
2008-07-18 12:00:00,40.662872,27.063446,297.3839,100186.49,3.0047284e-05,1.665357
2008-07-19 12:00:00,40.458374,24.614288,325.06976,99986.7,1.6517462e-05,1.2489192
2008-07-20 12:00:00,41.31308,21.877808,334.7216,100162.23,0.0,2.1544757
2008-07-21 12:00:00,41.33777,22.713593,340.27908,100316.18,0.0,1.7954667
2008-07-22 12:00:00,41.62851,24.52301,339.2488,100349.29,0.0,1.684481
2008-07-23 12:00:00,41.860596,24.90628,335.9724,100148.06,0.0,1.9499241
2008-07-24 12:00:00,39.72296,24.29721,333.5903,99997.64,0.0,2.4819467
2008-07-25 12:00:00,38.283386,27.697601,330.27588,99814.19,0.0,3.301507
2008-07-26 12:00:00,36.88498,22.436981,244.57396,99827.266,0.00015397285,0.33820042
2008-07-27 12:00:00,29.65799,20.715942,286.12457,100225.49,2.6662761e-05,2.8975263
2008-07-28 12:00:00,32.00522,17.697113,339.84097,100103.19,0.0,2.7194293
2008-07-29 12:00:00,33.56845,17.32257,335.38657,99697.12,0.0,1.645276
2008-07-30 12:00:00,36.694916,20.103241,262.1613,99300.375,0.0,1.5538503
2008-07-31 12:00:00,39.12912,21.167389,320.76123,99281.13,0.0,1.9549453
2008-08-01 12:00:00,40.620636,23.998932,327.83496,99402.49,0.0,1.5506335
2008-08-02 12:00:00,41.757965,28.39392,310.1428,99471.54,1.5249849e-06,1.2883477
2008-08-03 12:00:00,39.59604,23.78476,298.81262,99793.24,1.4784549e-06,0.48232803
2008-08-04 12:00:00,40.24701,25.951172,247.35992,99765.625,2.549673e-07,1.8625473
2008-08-05 12:00:00,43.506165,27.466553,303.46918,99684.664,6.0836896e-07,1.543877
2008-08-06 12:00:00,43.75583,26.42215,319.12918,99790.54,0.0,2.2592728
2008-08-07 12:00:00,42.550323,29.10968,290.2055,99953.01,0.0,2.2699404
2008-08-08 12:00:00,42.82263,29.340485,304.86252,99775.414,1.0907758e-07,2.280689
2008-08-09 12:00:00,42.61618,31.773926,293.88782,99306.375,6.781864e-07,2.8708472
2008-08-10 12:00:00,40.93744,30.430573,315.99673,98932.42,0.0,3.0664818
2008-08-11 12:00:00,39.36618,26.422882,236.57935,98846.945,5.8204078e-05,2.753672
2008-08-12 12:00:00,34.47586,22.266113,290.41226,99329.25,2.9052382e-05,0.9508137
2008-08-13 12:00:00,35.1438,18.581146,260.77444,99597.93,5.790425e-08,0.40868437
2008-08-14 12:00:00,32.740967,22.81488,290.9886,99925.914,0.0,2.0658212
2008-08-15 12:00:00,33.60254,18.82425,313.65778,100239.98,0.0,2.055975
2008-08-16 12:00:00,35.5448,21.33252,219.35803,100077.26,3.522953e-05,1.5265788
2008-08-17 12:00:00,36.46405,16.678223,285.2857,99778.016,3.8411705e-05,2.0079322
2008-08-18 12:00:00,33.84604,18.222656,192.4477,99703.03,5.5588157e-07,3.0055962
2008-08-19 12:00:00,32.675507,20.20758,245.56403,99868.805,4.87042e-06,1.4832275
2008-08-20 12:00:00,32.561615,19.991577,211.23955,99959.62,6.477397e-05,2.520228
2008-08-21 12:00:00,34.517975,21.759521,249.1349,99928.984,0.0,1.9434718
2008-08-22 12:00:00,35.66745,22.473083,275.87485,99846.96,0.0,1.8785757
2008-08-23 12:00:00,37.075745,24.021057,265.95248,99762.78,0.0,2.2778454
2008-08-24 12:00:00,33.275665,23.020447,200.15068,99539.93,0.0,1.4202788
2008-08-25 12:00:00,30.291199,19.91629,237.06102,99664.07,5.7062894e-05,2.2076669
2008-08-26 12:00:00,28.268433,15.120392,294.6936,99925.945,0.0,2.32344
2008-08-27 12:00:00,28.991882,15.027832,296.42203,100143.71,0.0,1.5495518
2008-08-28 12:00:00,29.850555,14.746063,253.4784,100436.92,0.0,1.3876218
2008-08-29 12:00:00,31.63382,16.38974,273.32428,100541.0,0.0,1.6398114
2008-08-30 12:00:00,33.972565,18.743805,282.63892,100249.445,0.0,1.586273
2008-08-31 12:00:00,35.241516,23.778412,282.07733,99770.305,1.2314724e-09,1.5786728
2008-09-01 12:00:00,32.557922,19.606384,202.89445,99706.875,1.5583695e-05,1.4531969
2008-09-02 12:00:00,26.60617,19.572601,147.77501,99979.08,7.731528e-05,1.2997249
2008-09-03 12:00:00,29.909485,16.110443,279.44025,100070.22,0.0,1.4227676
2008-09-04 12:00:00,30.177856,17.656952,266.8553,100085.19,0.0,1.6308258
2008-09-05 12:00:00,31.174255,15.4904785,209.68825,99980.75,0.0,0.19312112
2008-09-06 12:00:00,32.99176,19.604492,207.58882,99961.4,0.0,0.8753858
2008-09-07 12:00:00,34.39624,20.984253,241.69563,100016.04,0.0,2.441082
2008-09-08 12:00:00,36.620026,24.767181,242.487,99467.31,6.841352e-05,2.7136865
2008-09-09 12:00:00,31.376953,21.039185,252.36458,99234.984,8.979486e-11,3.3008094
2008-09-10 12:00:00,30.911163,18.84961,233.33383,98901.67,1.4299712e-05,2.0868785
2008-09-11 12:00:00,27.223145,14.173096,270.6058,99701.93,3.8660433e-05,1.6512951
2008-09-12 12:00:00,30.35971,13.519623,265.21503,100116.36,0.0,1.8311675
2008-09-13 12:00:00,32.349335,17.937286,260.18173,99747.32,0.0,2.8751929
2008-09-14 12:00:00,34.989563,24.648193,248.47452,99358.06,0.0,3.496188
2008-09-15 12:00:00,34.405334,22.26767,242.24599,99584.625,2.6872827e-05,0.4432071
2008-09-16 12:00:00,31.917175,20.194519,232.44858,99974.414,0.0,2.2352412
2008-09-17 12:00:00,37.245544,26.36493,234.33743,99581.29,1.188882e-10,3.1053836
2008-09-18 12:00:00,34.460175,25.541992,244.99051,99897.195,0.0,0.6341467
2008-09-19 12:00:00,29.05777,18.370575,116.441635,100899.125,3.8032633e-06,3.6365387
2008-09-20 12:00:00,25.164795,14.431427,243.1802,101081.58,0.0,3.24335
2008-09-21 12:00:00,32.842896,15.528198,236.24557,100437.31,0.0,2.3754973
2008-09-22 12:00:00,32.92386,22.12146,155.98465,99930.26,6.44492e-05,2.6835504
2008-09-23 12:00:00,25.714142,20.109344,136.29475,99972.586,6.903625e-05,1.2079232
2008-09-24 12:00:00,24.51535,18.30185,123.0387,99779.46,7.364252e-05,1.387771
2008-09-25 12:00:00,23.803314,19.347382,81.596695,99585.04,9.43216e-06,1.2448674
2008-09-26 12:00:00,22.687988,16.700012,155.43031,99469.78,4.23179e-05,1.228585
2008-09-27 12:00:00,22.268219,15.8437805,142.24513,99551.164,4.2042837e-05,1.8514811
2008-09-28 12:00:00,27.855743,12.889801,228.67455,99717.58,0.0,1.0244944
2008-09-29 12:00:00,24.613068,17.512512,140.93266,99665.55,8.857375e-05,1.3277202
2008-09-30 12:00:00,27.965454,13.417053,168.8698,99813.96,1.0161635e-05,1.1010025
2008-10-01 12:00:00,26.480377,18.387726,204.1993,99568.91,0.0,2.7510178
2008-10-02 12:00:00,29.340576,19.744446,214.52492,99222.22,6.3660684e-07,3.447178
2008-10-03 12:00:00,31.159607,22.062286,217.45572,99180.516,0.0,3.5153494
2008-10-04 12:00:00,30.61737,22.330383,183.49614,99721.09,0.0,2.9468195
2008-10-05 12:00:00,30.513214,23.67154,190.14253,99823.3,3.043414e-05,3.629088
2008-10-06 12:00:00,23.388885,14.132202,145.07143,100412.32,5.898941e-05,2.0054317
2008-10-07 12:00:00,17.276428,10.154755,159.42361,100649.24,0.0,2.296662
2008-10-08 12:00:00,20.18106,10.295349,165.94249,100251.57,1.5662113e-08,1.6309406
2008-10-09 12:00:00,21.287262,11.827576,92.62634,99872.73,3.849539e-05,1.5687776
2008-10-10 12:00:00,18.583252,14.411438,73.75016,99858.586,7.949314e-05,1.6767395
2008-10-11 12:00:00,14.742462,11.840454,50.769157,99667.82,0.00025428706,2.6661644
2008-10-12 12:00:00,16.265625,8.284302,202.81033,99826.734,4.7301906e-08,3.275068
2008-10-13 12:00:00,18.991272,4.765991,201.07866,100123.55,0.0,1.1668259
2008-10-14 12:00:00,23.554321,9.410156,182.3137,99999.04,0.0,3.1759944
2008-10-15 12:00:00,23.21408,16.498169,149.1502,99950.17,0.0,4.5201664
2008-10-16 12:00:00,21.554565,14.410278,48.68712,100671.37,7.734886e-05,0.6744723
2008-10-17 12:00:00,18.470032,11.601013,82.159935,101222.01,3.3688048e-07,1.6352891
2008-10-18 12:00:00,20.120514,11.552307,119.23908,100498.664,2.6788935e-06,2.0801451
2008-10-19 12:00:00,22.5932,17.84137,161.64008,99675.07,0.0003077898,2.3454366
2008-10-20 12:00:00,25.180084,11.363953,185.19614,99766.12,0.0,2.7147942
2008-10-21 12:00:00,24.681915,14.09552,144.72578,99555.43,4.2141774e-06,2.2035275
2008-10-22 12:00:00,26.361938,16.609222,151.44695,99382.34,6.940685e-05,1.8614198
2008-10-23 12:00:00,25.065826,15.744141,155.62956,99659.83,7.729567e-07,1.1822822
2008-10-24 12:00:00,20.341125,8.214111,182.98296,101043.33,0.0,2.3059397
2008-10-25 12:00:00,16.911926,6.8933105,141.29301,101656.67,0.0,1.378623
2008-10-26 12:00:00,16.482086,4.931549,160.71762,101832.75,1.9571594e-07,1.8027396
2008-10-27 12:00:00,18.376495,6.0911865,170.41913,101385.375,0.0,2.6291025
2008-10-28 12:00:00,23.887756,11.769226,164.96245,100610.336,0.0,3.4089355
2008-10-29 12:00:00,21.918213,15.019318,107.08267,100204.89,0.0,3.1950293
2008-10-30 12:00:00,23.47403,14.996246,114.30451,99751.74,0.0,3.1526222
2008-10-31 12:00:00,23.579163,16.523956,141.21165,99598.0,1.2827837e-11,2.542099
2008-11-01 12:00:00,26.052368,15.482544,139.05772,99588.71,1.1074377e-06,2.1667292
2008-11-02 12:00:00,23.5531,13.139099,72.35659,99069.86,3.443084e-05,2.5369053
2008-11-03 12:00:00,12.937744,7.5898438,145.77884,100317.52,8.866341e-06,5.7322865
2008-11-04 12:00:00,9.657257,1.1132507,162.35556,101183.164,0.0,3.0142593
2008-11-05 12:00:00,7.18219,-1.2930298,161.1335,101412.69,2.5264127e-08,1.3788433
2008-11-06 12:00:00,10.234863,-0.60287476,116.38387,101239.85,4.3484864e-08,2.500633
2008-11-07 12:00:00,14.966461,-0.46835327,141.90775,100671.34,7.1433326e-09,2.974468
2008-11-08 12:00:00,16.558228,7.237793,134.92409,100349.68,0.0,3.3240774
2008-11-09 12:00:00,19.503082,11.510895,107.79731,100039.94,1.8138141e-07,2.732137
2008-11-10 12:00:00,17.179321,11.96637,39.7923,100165.305,4.360706e-05,1.3581568
2008-11-11 12:00:00,13.779297,4.1419067,79.84183,100551.49,7.944423e-05,3.5584526
2008-11-12 12:00:00,9.327393,-1.1893005,114.36231,100544.04,2.4438432e-06,1.2529289
2008-11-13 12:00:00,15.6640625,0.6531677,136.79355,100106.01,3.7651685e-07,2.2488172
2008-11-14 12:00:00,18.840881,5.219055,127.660545,100281.555,0.0,2.065376
2008-11-15 12:00:00,17.41983,9.483826,81.99165,100272.664,1.882253e-06,2.3508909
2008-11-16 12:00:00,19.380768,14.397919,81.23183,100135.99,5.7206278e-05,1.557319
2008-11-17 12:00:00,21.662506,17.77771,57.03684,100136.59,1.009708e-05,3.0812325
2008-11-18 12:00:00,20.259033,16.345459,81.36935,99669.55,0.00014058362,2.6432812
2008-11-19 12:00:00,16.272919,9.540039,66.80545,100395.24,4.8701418e-06,1.5188849
2008-11-20 12:00:00,12.791229,4.236084,66.713066,100779.05,9.4054116e-07,1.3990698
2008-11-21 12:00:00,14.560211,5.577606,74.49933,100601.04,4.7386984e-06,1.425771
2008-11-22 12:00:00,15.307983,11.903198,41.625595,100733.234,3.879339e-05,1.2572832
2008-11-23 12:00:00,11.896759,8.433716,31.296797,101614.89,2.9532168e-05,3.5995708
2008-11-24 12:00:00,11.695923,4.0333557,80.80036,101393.016,1.8197763e-06,0.9220509
2008-11-25 12:00:00,11.545929,6.751007,60.86363,101304.93,7.5646817e-06,1.0828829
2008-11-26 12:00:00,9.817444,7.2746887,39.144154,101378.32,1.1500381e-05,1.4783136
2008-11-27 12:00:00,9.497803,7.9032593,33.55636,101342.49,1.4781784e-05,1.9558648
2008-11-28 12:00:00,11.949341,7.4260864,52.901848,101017.43,1.2825977e-05,1.7006308
2008-11-29 12:00:00,14.186737,4.0671997,120.0793,100563.16,2.7159315e-06,2.393547
2008-11-30 12:00:00,16.176086,6.301605,116.39162,100418.92,0.0,2.005709
2008-12-01 12:00:00,16.757416,6.392761,111.69246,100322.85,5.1245177e-08,1.7774069
2008-12-02 12:00:00,11.650269,7.947693,29.617214,100082.875,4.0730894e-05,1.1354982
2008-12-03 12:00:00,11.104187,5.9058228,105.64793,101212.62,6.2159115e-06,2.0854268
2008-12-04 12:00:00,8.545319,-0.7196045,103.16912,101819.32,5.4707226e-07,1.687306
2008-12-05 12:00:00,11.061371,-0.82250977,106.77003,101227.734,9.3719885e-09,2.491134
2008-12-06 12:00:00,14.003571,9.257568,49.349583,100392.77,1.8269631e-05,5.0345364
2008-12-07 12:00:00,13.572998,2.8973083,101.080894,101020.29,0.00013400815,2.3680549
2008-12-08 12:00:00,5.3891296,-2.8026428,109.25065,101554.51,2.037732e-06,1.209709
2008-12-09 12:00:00,7.27124,-2.393097,93.73093,101160.14,1.4201828e-06,1.6027594
2008-12-10 12:00:00,7.5661316,-1.7728271,27.075417,100458.28,0.00012780666,1.6136794
2008-12-11 12:00:00,11.983337,7.4495544,45.07739,99942.77,2.34483e-05,0.72251004
2008-12-12 12:00:00,10.994385,5.501587,84.27087,100099.836,6.1766136e-06,0.23982689
2008-12-13 12:00:00,14.839844,2.9224854,103.04458,99681.42,2.055083e-07,2.529599
2008-12-14 12:00:00,10.818695,3.9658508,78.95352,100079.516,3.148559e-05,1.9565023
2008-12-15 12:00:00,5.721649,-0.99645996,102.11861,100802.11,1.1183844e-06,3.3882234
2008-12-16 12:00:00,7.9630127,-4.9891663,109.051414,100812.32,1.7163049e-07,1.9186991
2008-12-17 12:00:00,11.462128,-2.461609,108.21064,100338.56,6.5384356e-08,1.6841762
2008-12-18 12:00:00,16.462677,8.914429,109.07483,99774.125,0.0,3.995297
2008-12-19 12:00:00,14.865173,10.129822,47.236362,99337.12,2.022275e-05,3.7735043
2008-12-20 12:00:00,14.139465,-7.118805,58.524025,99378.63,5.5191882e-05,4.0390177
2008-12-21 12:00:00,-7.14624,-15.056641,118.94373,100959.47,6.1084056e-06,3.841949
2008-12-22 12:00:00,-0.7586365,-17.771606,106.37964,101009.61,2.9604755e-07,2.0192237
2008-12-23 12:00:00,-1.7246399,-5.251068,111.533554,100595.516,2.9125263e-06,2.5635767
2008-12-24 12:00:00,-1.6280518,-17.012787,114.44661,101085.36,1.2571886e-07,1.2184886
2008-12-25 12:00:00,0.6210022,-2.603485,32.507008,99935.92,6.0696497e-05,3.2847915
2008-12-26 12:00:00,2.7996826,-0.7424011,48.402027,99587.65,8.38794e-06,0.68873245
2008-12-27 12:00:00,0.9449463,-0.37982178,33.64439,99662.55,4.8659473e-05,1.6985627
2008-12-28 12:00:00,0.17297363,-2.8667603,67.5874,100423.14,6.2044855e-06,2.4326828
2008-12-29 12:00:00,-1.3160095,-8.1484375,73.06304,101302.32,2.7180413e-06,1.8624083
2008-12-30 12:00:00,-2.0933838,-11.201874,70.47468,101095.24,2.1931779e-05,1.5037556
2008-12-31 12:00:00,-1.6874695,-7.005554,66.54644,100885.91,2.560393e-05,1.4743487
2009-01-01 12:00:00,5.81958,-2.1840515,46.76251,100133.27,3.8277278e-05,2.0455396
2009-01-02 12:00:00,10.5383,1.3556213,23.107496,99660.93,0.00022576816,0.60255575
2009-01-03 12:00:00,1.2398071,-7.967926,116.05631,100516.8,5.6743315e-06,2.8849268
2009-01-04 12:00:00,6.753357,-10.009033,94.24881,99644.98,6.821141e-07,2.4097455
2009-01-05 12:00:00,6.6180115,-3.3849487,103.754684,99752.11,1.3457894e-06,1.8078482
2009-01-06 12:00:00,3.5942078,-11.627502,114.2516,100779.22,2.9652603e-07,0.4085977
2009-01-07 12:00:00,8.040863,-2.8299255,49.211567,100251.49,4.9297996e-06,0.7410266
2009-01-08 12:00:00,-2.5029297,-10.286041,123.59974,101695.77,2.3764378e-06,2.8483098
2009-01-09 12:00:00,0.6913147,-11.161713,116.40226,102046.625,6.063974e-07,1.8139925
2009-01-10 12:00:00,5.6425476,-6.220337,113.89625,101712.195,0.0,1.323396
2009-01-11 12:00:00,10.210907,-3.6471863,119.06565,101356.125,0.0,2.0524178
2009-01-12 12:00:00,13.479523,1.0689392,109.55681,100506.7,0.0,2.963671
2009-01-13 12:00:00,14.864441,6.533966,83.04419,99955.62,9.956889e-07,3.4073868
2009-01-14 12:00:00,13.901001,11.478088,39.19522,99730.4,5.1503008e-05,3.862547
2009-01-15 12:00:00,12.220245,5.670624,35.51598,99005.09,0.00010461799,1.7751741
2009-01-16 12:00:00,5.547455,0.29037476,48.77562,99167.64,2.352747e-05,4.2595544
2009-01-17 12:00:00,0.40597534,-0.8624573,56.075947,99672.56,8.317647e-06,5.1470866
2009-01-18 12:00:00,0.76031494,-2.8197327,57.97438,100664.05,3.964249e-06,2.798921
2009-01-19 12:00:00,2.057373,-8.012634,130.8998,100879.48,9.1770596e-07,1.7955172
2009-01-20 12:00:00,5.518585,-8.180267,84.65193,100057.2,2.8127167e-07,2.350193
2009-01-21 12:00:00,4.8926697,-3.8869019,135.68236,100259.336,3.5883178e-07,2.3895419
2009-01-22 12:00:00,6.996063,-8.557465,131.03035,100423.44,1.7779963e-06,1.3650911
2009-01-23 12:00:00,13.719696,-2.390564,90.13317,99001.84,2.3935952e-08,2.0398428
2009-01-24 12:00:00,11.638611,2.164978,122.92194,99158.54,3.932907e-06,3.249542
2009-01-25 12:00:00,4.901123,-2.4691467,86.82329,99710.375,7.564885e-07,2.39508
2009-01-26 12:00:00,9.252808,0.74594116,82.40116,99502.32,1.147031e-08,4.357938
2009-01-27 12:00:00,9.786957,1.3389587,44.47552,98866.305,8.9566565e-05,1.1938522
2009-01-28 12:00:00,1.1615906,-6.9990234,68.5115,99470.9,1.9197409e-05,5.16029
2009-01-29 12:00:00,-6.015991,-8.502716,69.69306,99933.26,1.2381813e-05,4.434821
2009-01-30 12:00:00,-3.256775,-12.296448,152.91988,100959.35,1.5306051e-06,1.5526564
2009-01-31 12:00:00,1.0178833,-7.530365,100.15822,100392.03,9.683077e-06,3.736513
2009-02-01 12:00:00,3.733551,-10.918793,157.16672,99859.34,0.000115829214,3.347589
2009-02-02 12:00:00,-9.362091,-19.32602,162.2123,101482.78,0.0,2.732607
2009-02-03 12:00:00,3.1096497,-17.41719,128.90602,100884.13,0.0,2.0271547
2009-02-04 12:00:00,15.863831,2.300415,81.68586,99559.08,9.991309e-10,3.5927026
2009-02-05 12:00:00,20.592712,8.576721,141.527,99581.81,0.0,3.8276448
2009-02-06 12:00:00,20.295105,13.051819,140.34114,99745.516,3.463516e-10,3.4776661
2009-02-07 12:00:00,16.886993,14.256256,47.23479,99643.2,6.983385e-05,3.2630002
2009-02-08 12:00:00,15.0668335,6.601837,58.87274,99690.04,6.1006587e-05,1.822461
2009-02-09 12:00:00,7.4849854,1.3601379,125.99894,100552.1,3.11625e-06,1.7394494
2009-02-10 12:00:00,13.889587,0.022521973,147.09096,100397.26,2.568827e-06,1.8710173
2009-02-11 12:00:00,16.261505,3.286255,163.58653,100011.82,0.0,1.6542633
2009-02-12 12:00:00,14.069458,-1.0981445,168.51282,99874.62,4.8406875e-08,1.4885885
2009-02-13 12:00:00,14.357452,1.0848083,164.21698,99477.81,1.7621132e-07,1.195157
2009-02-14 12:00:00,15.621185,5.369812,167.51749,99169.68,0.0,1.3939518
2009-02-15 12:00:00,15.854889,6.96756,117.87291,99347.67,3.2345918e-06,1.1049306
2009-02-16 12:00:00,12.458282,4.6984253,41.36562,99795.195,2.8582566e-05,3.6215549
2009-02-17 12:00:00,4.799347,0.27444458,71.76526,100169.26,4.744777e-06,3.2048292
2009-02-18 12:00:00,4.8014526,-0.8505249,39.937645,99839.27,0.00011279158,1.8702081
2009-02-19 12:00:00,7.0152893,-0.9890442,149.13428,99634.74,1.2050895e-05,3.9902327
2009-02-20 12:00:00,3.5901794,-5.2882385,167.06474,100345.97,2.8147524e-06,1.5462508
2009-02-21 12:00:00,0.6227722,-1.0498657,46.852024,100296.28,0.00015602382,3.33652
2009-02-22 12:00:00,1.8291321,-0.78900146,93.655815,99835.43,7.3253264e-05,0.90035194
2009-02-23 12:00:00,3.1282043,-1.5545044,114.938835,100541.1,5.849244e-06,1.4106909
2009-02-24 12:00:00,8.53537,-5.1329956,127.59633,100578.99,2.0155387e-06,1.6313876
2009-02-25 12:00:00,7.8102417,4.041687,39.21464,100034.586,0.00022375447,1.3678799
2009-02-26 12:00:00,7.349243,3.1773682,52.389317,99429.34,0.00019810727,3.573565
2009-02-27 12:00:00,9.214081,1.7333069,186.69017,100095.42,1.3975586e-05,3.7049315
2009-02-28 12:00:00,10.783722,-5.4813232,191.73782,100102.16,1.03003444e-07,1.4855723
2009-03-01 12:00:00,9.092346,-0.89785767,152.13567,100109.99,2.3030323e-06,0.37339252
2009-03-02 12:00:00,18.647888,5.1139526,125.975174,99642.234,2.3739673e-05,0.78349555
2009-03-03 12:00:00,7.86261,-4.1280823,212.94972,100630.25,3.0109953e-07,2.2355635
2009-03-04 12:00:00,4.82251,-2.6264343,163.17432,100864.664,4.0622822e-08,2.0656035
2009-03-05 12:00:00,5.655365,-6.3867188,220.92111,100492.94,1.9135123e-07,2.9117413
2009-03-06 12:00:00,2.6038818,-5.8780212,166.32635,99735.336,1.3732247e-06,3.7198663
2009-03-07 12:00:00,3.9566345,-7.3322144,230.22954,99433.67,1.1795522e-07,2.9394412
2009-03-08 12:00:00,7.9167786,-8.259338,217.19199,99429.88,4.5345405e-07,0.86140996
2009-03-09 12:00:00,8.498627,1.8721008,98.02888,99112.25,1.2219159e-06,2.0656352
2009-03-10 12:00:00,11.317291,-3.3296204,200.79724,99634.52,3.2741633e-07,1.7083752
2009-03-11 12:00:00,20.609467,0.9293823,181.83708,99753.805,0.0,1.2919451
2009-03-12 12:00:00,15.978943,9.228912,44.73898,98934.625,0.00017871166,2.6691968
2009-03-13 12:00:00,15.453552,6.500122,63.977192,98440.53,0.00010537631,1.8782915
2009-03-14 12:00:00,6.5785522,-0.10189819,75.98812,99356.58,9.323466e-05,4.2951345
2009-03-15 12:00:00,3.877411,-9.034943,243.23405,101450.875,9.4287094e-07,2.473733
2009-03-16 12:00:00,6.6724243,-9.337769,241.74289,101941.414,5.821689e-07,1.7184883
2009-03-17 12:00:00,13.657227,-6.396881,226.68617,101190.99,0.0,1.2597427
2009-03-18 12:00:00,11.400543,-3.2470398,244.20995,101057.48,1.110769e-06,2.0921228
2009-03-19 12:00:00,19.515594,4.07724,220.44293,100029.91,0.0,2.3397472
2009-03-20 12:00:00,21.029236,2.9018555,243.98709,100328.51,0.0,1.7553864
2009-03-21 12:00:00,21.305542,5.6871643,248.9028,100666.04,0.0,2.1682827
2009-03-22 12:00:00,18.676819,7.949707,119.38241,100451.44,1.9247647e-05,2.1351368
2009-03-23 12:00:00,15.610199,7.795807,75.328964,100085.766,0.00016698385,2.0500407
2009-03-24 12:00:00,9.664459,0.8579407,234.7315,100692.11,3.384829e-07,5.67758
2009-03-25 12:00:00,11.265503,-0.79034424,254.03833,100450.45,0.0,4.44995
2009-03-26 12:00:00,10.654755,5.6259766,106.2906,100290.45,4.3962586e-06,3.0740774
2009-03-27 12:00:00,12.995392,6.4472656,162.46297,100457.99,1.2063158e-05,3.3080006
2009-03-28 12:00:00,12.065155,2.2010803,271.93262,100622.57,2.9189853e-10,2.9001112
2009-03-29 12:00:00,11.406555,-1.8966064,273.37497,100954.15,1.7233663e-07,1.7993293
2009-03-30 12:00:00,14.985321,-1.3830261,269.2786,101399.43,2.5666552e-08,1.4011041
2009-03-31 12:00:00,14.428986,1.2407532,261.10217,101626.38,1.0224123e-07,2.389624
2009-04-01 12:00:00,16.328156,2.1646423,277.72937,101452.09,0.0,2.7352653
2009-04-02 12:00:00,14.934143,3.9427185,216.63211,101022.82,0.0,1.9373178
2009-04-03 12:00:00,20.19461,3.0887756,280.73422,100952.94,0.0,1.0412958
2009-04-04 12:00:00,22.955292,5.504547,279.9223,101016.625,0.0,1.6009822
2009-04-05 12:00:00,23.711182,10.678986,187.4665,101047.83,2.8015125e-05,1.9772489
2009-04-06 12:00:00,21.38034,12.29306,122.74847,101186.805,6.8632603e-06,0.99214643
2009-04-07 12:00:00,19.577179,11.122284,125.44159,101139.97,7.911737e-07,1.5928125
2009-04-08 12:00:00,17.003265,12.426392,86.45859,100786.5,6.709783e-05,0.9856815
2009-04-09 12:00:00,15.310944,3.6975098,282.29352,100956.76,1.3532328e-07,2.408699
2009-04-10 12:00:00,18.42981,2.8877869,293.47675,100988.42,0.0,1.2110982
2009-04-11 12:00:00,19.828186,6.335602,295.20663,100717.8,0.0,1.621206
2009-04-12 12:00:00,19.959137,4.625885,280.28192,100380.734,0.0,1.884757
2009-04-13 12:00:00,18.94455,6.4497986,276.24936,100182.88,1.4152313e-07,2.5916977
2009-04-14 12:00:00,20.904724,6.7929077,306.54102,100047.25,0.0,2.9163237
2009-04-15 12:00:00,18.794373,5.740265,305.26974,99900.875,0.0,2.1889277
2009-04-16 12:00:00,18.370697,2.8668823,309.2692,99708.79,0.0,1.633286
2009-04-17 12:00:00,19.44049,3.5571594,279.60712,99378.945,3.9105416e-10,1.5520353
2009-04-18 12:00:00,20.569824,6.77771,200.64569,99115.55,1.626663e-05,1.7148968
2009-04-19 12:00:00,26.654327,12.172211,295.13824,99075.91,1.3113806e-08,3.1367693
2009-04-20 12:00:00,26.862457,16.201416,224.75644,99144.08,4.3012504e-05,2.2555854
2009-04-21 12:00:00,18.974152,14.051605,108.56463,99237.64,3.7234608e-05,1.9370904
2009-04-22 12:00:00,17.408173,12.092133,48.317993,98815.086,0.0003048816,2.8403678
2009-04-23 12:00:00,17.365784,12.926727,134.014,98457.31,0.00015373666,1.8191069
2009-04-24 12:00:00,21.596619,9.966064,241.24168,99395.14,2.6659474e-05,1.811693
2009-04-25 12:00:00,20.161346,11.554535,170.68272,100067.17,3.7086995e-06,1.022667
2009-04-26 12:00:00,22.299744,11.576324,296.4124,100188.49,2.7641196e-05,1.2599423
2009-04-27 12:00:00,20.431488,13.217163,244.47551,100131.16,3.2953145e-07,2.5282505
2009-04-28 12:00:00,20.455902,8.903107,302.72894,100120.58,1.1586007e-07,1.9137944
2009-04-29 12:00:00,18.701843,10.7048645,281.9762,100075.15,6.074709e-06,2.04817
2009-04-30 12:00:00,20.801422,9.910858,326.74243,99974.25,6.361666e-09,1.2759713
2009-05-01 12:00:00,21.00772,7.868683,298.86868,99990.84,0.0,1.9965392
2009-05-02 12:00:00,23.943726,8.255768,329.65097,100085.04,0.0,1.416441
2009-05-03 12:00:00,24.629242,7.886627,335.43164,100073.61,0.0,1.6145086
2009-05-04 12:00:00,26.588135,9.930695,332.72427,99877.45,0.0,1.1893166
2009-05-05 12:00:00,27.97696,10.061462,334.7704,99262.49,0.0,0.7754582
2009-05-06 12:00:00,28.167145,12.063599,250.66875,98556.57,0.0,0.9711467
2009-05-07 12:00:00,19.435547,6.598175,336.59888,99233.07,0.0,4.5760884
2009-05-08 12:00:00,18.50473,3.7419739,335.0984,99403.1,0.0,2.7313592
2009-05-09 12:00:00,20.956207,9.919922,282.6588,99223.27,8.229862e-09,1.9342375
2009-05-10 12:00:00,22.768555,12.787231,170.3813,99334.45,0.0,1.0321867
2009-05-11 12:00:00,20.543976,12.72641,136.99557,99427.586,3.7996e-05,2.2012353
2009-05-12 12:00:00,18.344238,15.39624,66.73581,98700.09,9.121487e-05,3.2947905
2009-05-13 12:00:00,25.752045,15.003357,275.88245,98848.01,7.68009e-05,3.0930746
2009-05-14 12:00:00,29.425934,14.65509,319.77722,99282.66,8.366728e-05,2.5243077
2009-05-15 12:00:00,25.868317,15.69458,244.98357,99444.23,3.5349804e-05,0.79654026
2009-05-16 12:00:00,27.942474,14.757294,275.05734,99886.77,1.3453626e-06,1.2742001
2009-05-17 12:00:00,26.471832,16.758942,309.3841,100288.52,7.362356e-05,1.9036062
2009-05-18 12:00:00,24.285217,14.330811,305.78503,100509.67,0.0,2.30074
2009-05-19 12:00:00,24.78241,13.504639,352.08868,100362.42,0.0,3.1135736
2009-05-20 12:00:00,26.492188,9.537933,356.39316,99636.44,0.0,2.4871478
2009-05-21 12:00:00,28.118195,11.667175,319.4251,99108.35,0.0,2.2752602
2009-05-22 12:00:00,24.980621,13.303406,349.5439,99700.01,0.0,2.590921
2009-05-23 12:00:00,27.823883,10.8776245,334.80692,100036.77,0.0,1.9959639
2009-05-24 12:00:00,30.330994,13.352966,354.31805,100135.42,0.0,1.9231125
2009-05-25 12:00:00,31.957367,17.731445,329.68744,99729.28,0.0,2.9145536
2009-05-26 12:00:00,33.329803,21.85971,287.04306,99606.62,1.6478383e-05,3.2068548
2009-05-27 12:00:00,30.95581,18.58313,336.93463,100028.63,6.754893e-05,1.3567672
2009-05-28 12:00:00,33.4097,19.435944,316.39618,100200.305,0.0,1.2840389
2009-05-29 12:00:00,33.01764,20.324982,297.29388,100077.13,3.6876063e-05,1.4587387
2009-05-30 12:00:00,29.685242,18.713074,350.82135,100194.81,1.937511e-05,2.5793376
2009-05-31 12:00:00,27.276031,13.374268,358.6433,100546.2,0.0,2.018052
2009-06-01 12:00:00,26.141418,16.369385,239.75064,100596.914,0.0,2.292515
2009-06-02 12:00:00,27.602386,11.641296,361.23315,100544.26,0.0,2.2099004
2009-06-03 12:00:00,26.167908,14.15036,271.6454,100580.06,2.6148292e-08,2.355619
2009-06-04 12:00:00,30.677795,14.833069,329.38254,100433.03,0.0,1.1347674
2009-06-05 12:00:00,30.995148,15.691101,320.04865,100213.984,0.0,1.9525968
2009-06-06 12:00:00,29.265045,20.752136,233.23521,100122.25,1.4299819e-06,1.425575
2009-06-07 12:00:00,31.333923,19.00653,267.26947,100042.555,1.0524092e-05,1.3220958
2009-06-08 12:00:00,34.62903,19.994904,305.60138,100088.445,0.0,0.58711183
2009-06-09 12:00:00,34.894165,23.850891,237.10818,100041.96,0.0,1.4629778
2009-06-10 12:00:00,35.878357,21.618805,312.04712,99998.984,0.0,2.1686983
2009-06-11 12:00:00,34.183502,26.089813,235.75243,100017.72,0.0,3.0063913
2009-06-12 12:00:00,34.011475,26.30661,262.53128,99855.18,3.5858946e-07,3.0191696
2009-06-13 12:00:00,32.603638,21.472504,81.59264,99601.38,0.00032037834,2.3149316
2009-06-14 12:00:00,30.231476,20.072632,284.737,99645.55,2.9999554e-05,3.1376674
2009-06-15 12:00:00,32.402496,18.991943,353.6933,99676.68,0.0,0.34246323
2009-06-16 12:00:00,31.591675,20.788635,292.43893,99487.82,0.0,0.98014843
2009-06-17 12:00:00,31.144257,18.693146,348.7543,99651.016,0.0,1.9846196
2009-06-18 12:00:00,33.76718,17.42868,353.62482,99615.34,0.0,1.9174415
2009-06-19 12:00:00,34.881744,19.998291,296.76755,99396.484,0.0,2.4730499
2009-06-20 12:00:00,34.671844,23.370758,248.4293,99098.84,0.00012992969,2.5756679
2009-06-21 12:00:00,28.515045,20.817474,247.64001,99302.72,0.00015746373,0.25795293
2009-06-22 12:00:00,31.152313,20.476288,303.504,99343.32,4.0469175e-09,1.1886574
2009-06-23 12:00:00,29.728668,19.720642,89.10815,99208.17,0.0005095124,1.2881606
2009-06-24 12:00:00,30.635254,20.452698,231.11234,99475.65,0.00036868546,1.1979854
2009-06-25 12:00:00,29.999695,21.616913,152.41916,99549.086,2.9549272e-05,1.1478348
2009-06-26 12:00:00,27.559357,18.859375,190.24216,99962.48,4.8234666e-05,2.572866
2009-06-27 12:00:00,26.947327,21.374756,188.48575,99952.164,1.978525e-06,2.2164726
2009-06-28 12:00:00,30.13974,17.49701,348.71738,99859.27,0.0,1.3075416
2009-06-29 12:00:00,29.531525,20.868591,213.31685,99540.71,6.494662e-05,1.4772875
2009-06-30 12:00:00,32.620117,18.504486,349.329,99940.72,0.0,1.6990713
2009-07-01 12:00:00,31.581116,20.343964,197.01854,100098.61,8.351017e-05,1.6704916
2009-07-02 12:00:00,36.363007,21.753967,340.45294,99871.21,0.0,2.0047684
2009-07-03 12:00:00,35.633575,26.127472,336.4407,99643.695,0.0,3.2781262
2009-07-04 12:00:00,36.109985,24.318207,345.17047,99700.49,0.0,2.760759
2009-07-05 12:00:00,37.412445,25.723145,342.5878,99687.99,0.0,2.6651106
2009-07-06 12:00:00,37.901062,26.044159,337.28894,99488.94,0.0,2.808139
2009-07-07 12:00:00,36.226562,23.322845,306.5747,99692.11,4.8586313e-05,1.1762474
2009-07-08 12:00:00,32.337067,23.092682,250.56415,99971.59,0.00011703133,0.4677283
2009-07-09 12:00:00,35.251587,24.520752,323.21335,99962.98,0.0,1.4534994
2009-07-10 12:00:00,36.000824,24.143372,334.422,100087.59,0.0,1.4302579
2009-07-11 12:00:00,35.164886,23.758514,213.02763,100135.64,1.2596193e-05,1.6229674
2009-07-12 12:00:00,38.12549,23.784088,338.50375,99782.664,0.0,1.2170402
2009-07-13 12:00:00,42.303223,25.279816,325.36157,99475.945,5.2714575e-05,1.7792071
2009-07-14 12:00:00,34.155396,22.604004,318.1954,100012.24,7.963542e-05,1.6680119
2009-07-15 12:00:00,35.022247,21.60492,336.9841,100195.38,0.0,1.9677036
2009-07-16 12:00:00,39.209534,24.264984,323.35925,99821.87,2.8415143e-05,1.1541073
2009-07-17 12:00:00,34.693024,23.354462,241.02669,99701.36,2.0850855e-05,0.53988445
2009-07-18 12:00:00,34.523193,23.191528,286.77844,99644.93,6.008766e-05,0.7452725
2009-07-19 12:00:00,34.438385,22.02417,331.37698,99852.234,0.0,1.7295511
2009-07-20 12:00:00,36.790955,23.630676,265.03436,99593.31,6.032031e-07,1.7609814
2009-07-21 12:00:00,36.68857,23.304321,333.34824,99612.77,0.0,1.7327638
2009-07-22 12:00:00,36.115265,22.897736,245.85687,99638.22,2.2851324e-05,0.36302257
2009-07-23 12:00:00,39.990936,28.150452,282.79974,99307.555,0.0,3.1490977
2009-07-24 12:00:00,39.185577,23.218292,312.1115,99379.83,9.509644e-05,1.5086778
2009-07-25 12:00:00,36.713715,23.445923,333.86856,99547.17,0.0,1.8934544
2009-07-26 12:00:00,38.048157,22.562286,333.28854,99600.76,0.0,1.965087
2009-07-27 12:00:00,38.38263,25.48169,326.5086,99722.836,0.0,2.4575598
2009-07-28 12:00:00,39.33914,25.592285,331.69012,99811.28,0.0,2.396956
2009-07-29 12:00:00,39.96057,26.387299,328.94495,99837.62,0.0,2.473116
2009-07-30 12:00:00,40.55896,25.150787,328.61945,99904.766,0.0,2.2294497
2009-07-31 12:00:00,39.30063,27.330658,289.4805,99972.13,0.0,2.6608706
2009-08-01 12:00:00,39.08319,27.747711,265.38358,99973.54,0.0,2.4038908
2009-08-02 12:00:00,40.711,25.111847,279.66486,99961.66,2.9229552e-05,1.2683307
2009-08-03 12:00:00,40.020844,25.770996,225.37494,99820.56,7.894706e-06,1.0831795
2009-08-04 12:00:00,39.99817,27.240051,299.33893,99876.02,7.70193e-06,1.6155636
2009-08-05 12:00:00,39.882904,25.430817,302.0997,100175.61,6.1330356e-06,1.8019645
2009-08-06 12:00:00,37.936157,26.836761,295.0054,100388.88,0.0,2.3290298
2009-08-07 12:00:00,35.29535,25.349579,224.71066,100323.05,0.0,1.7867674
2009-08-08 12:00:00,34.33383,26.242737,239.0881,100239.0,0.00013113074,1.465237
2009-08-09 12:00:00,32.408295,23.229858,227.58316,100332.33,0.0002484712,1.6586301
2009-08-10 12:00:00,34.322784,24.07309,278.2491,100081.64,0.00020409713,1.2183172
2009-08-11 12:00:00,36.66559,22.996155,298.76956,99711.27,3.393143e-05,0.6981877
2009-08-12 12:00:00,33.247345,22.428741,275.59256,99593.32,7.264213e-05,0.7450975
2009-08-13 12:00:00,30.685272,22.253265,207.46107,99468.18,2.815018e-05,0.86914605
2009-08-14 12:00:00,32.643585,22.31247,290.9562,99547.71,1.7888564e-06,0.20653062
2009-08-15 12:00:00,36.163086,23.005188,303.3856,99732.87,0.0,0.5215246
2009-08-16 12:00:00,34.66977,21.668549,302.77542,100010.07,6.6319967e-06,2.6843364
2009-08-17 12:00:00,28.772064,19.109772,212.00116,100171.5,0.0,2.2851021
2009-08-18 12:00:00,30.559265,15.171143,311.06964,100065.17,0.0,2.0139878
2009-08-19 12:00:00,32.39688,17.116089,311.93457,100023.07,0.0,1.6226819
2009-08-20 12:00:00,33.772583,17.086334,305.44043,100043.04,0.0,1.2774943
2009-08-21 12:00:00,35.260773,20.69397,292.69318,100088.83,0.0,2.1181736
2009-08-22 12:00:00,38.353546,24.470947,279.58234,99964.29,0.0,2.058796
2009-08-23 12:00:00,35.941437,18.641785,162.77661,100410.57,1.9217254e-05,3.2448022
2009-08-24 12:00:00,25.055267,13.3461,304.98285,101123.195,0.0,2.9567554
2009-08-25 12:00:00,26.165619,11.011261,303.19122,100871.64,0.0,2.1598969
2009-08-26 12:00:00,26.746552,11.300659,218.06342,100376.8,0.0,1.5257738
2009-08-27 12:00:00,31.899872,13.563202,290.7281,100002.11,0.0,0.588696
2009-08-28 12:00:00,36.247406,19.404755,292.1414,99766.055,0.0,0.3633155
2009-08-29 12:00:00,32.87848,18.66095,291.94156,100059.13,0.0,2.9255497
2009-08-30 12:00:00,33.235565,16.223633,288.50296,100137.03,0.0,1.8688076
2009-08-31 12:00:00,38.119843,18.68872,257.10593,99831.91,0.0,0.82007706
2009-09-01 12:00:00,34.349,21.455475,188.79999,99785.766,0.0,0.54038316
2009-09-02 12:00:00,32.018036,20.736237,166.92905,100131.6,2.0454421e-05,2.2004611
2009-09-03 12:00:00,28.744751,17.573181,240.19293,100191.664,1.6433016e-06,2.57668
2009-09-04 12:00:00,30.469666,18.83023,256.63333,100080.36,0.0,2.9177983
2009-09-05 12:00:00,30.164886,20.484833,246.26764,100243.8,0.0,2.554209
2009-09-06 12:00:00,30.916779,21.788483,198.83134,100505.79,4.81302e-06,2.0490582
2009-09-07 12:00:00,30.153198,20.29596,219.91055,100414.39,7.130919e-06,2.1279445
2009-09-08 12:00:00,29.038544,21.159912,177.79518,100105.44,5.3870386e-05,1.4775298
2009-09-09 12:00:00,31.950012,20.008118,241.00378,99910.71,3.325863e-06,1.3861039
2009-09-10 12:00:00,34.57361,21.280182,229.22826,99990.11,0.0,1.3338705
2009-09-11 12:00:00,34.677673,21.700562,223.10974,100074.22,7.321177e-05,0.89329743
2009-09-12 12:00:00,32.599426,20.913147,247.62286,100197.59,1.0914137e-05,1.2851082
2009-09-13 12:00:00,30.567993,20.922638,220.31856,100505.72,6.9573016e-06,1.2560761
2009-09-14 12:00:00,30.760406,21.39212,188.30783,100641.87,1.1034127e-06,1.6067748
2009-09-15 12:00:00,30.442444,20.195923,243.67703,100613.27,7.4933734e-05,1.2043256
2009-09-16 12:00:00,31.65625,19.109863,250.6527,100359.516,0.0,1.5848479
2009-09-17 12:00:00,32.341003,19.344452,239.9777,99986.65,0.0,1.623761
2009-09-18 12:00:00,34.078217,20.081543,236.22554,99914.54,0.0,2.008836
2009-09-19 12:00:00,35.124878,24.03421,220.10774,99931.08,0.0,2.4418385
2009-09-20 12:00:00,35.21631,26.31076,205.45815,99676.77,0.0,2.0698044
2009-09-21 12:00:00,35.572845,23.934845,224.00925,99347.89,0.0,2.5101438
2009-09-22 12:00:00,35.381836,23.834412,192.82242,99311.14,0.00012006795,1.9697671
2009-09-23 12:00:00,23.958527,16.105103,79.61399,100009.73,0.00021066242,3.2350552
2009-09-24 12:00:00,19.224396,11.79422,233.03157,100280.46,3.8459692e-07,2.9997706
2009-09-25 12:00:00,23.00766,9.497406,243.37148,100354.68,0.0,1.4508718
2009-09-26 12:00:00,26.657715,11.270569,233.19104,100446.805,0.0,1.0742215
2009-09-27 12:00:00,27.80423,11.673859,233.72472,100868.22,0.0,0.82445884
2009-09-28 12:00:00,28.098694,12.939331,194.41026,100951.74,0.0,1.9630419
2009-09-29 12:00:00,28.54486,17.041412,177.67815,100809.32,0.0,1.9226032
2009-09-30 12:00:00,30.070404,13.988586,224.44142,100467.29,0.0,1.3917553
2009-10-01 12:00:00,31.117188,15.153687,223.84996,100267.48,0.0,0.46853805
2009-10-02 12:00:00,32.649017,16.975372,220.43913,99955.05,0.0,1.4272666
2009-10-03 12:00:00,32.706146,15.670227,218.46303,99709.36,0.0,1.4745569
2009-10-04 12:00:00,27.107635,16.595154,75.898094,99683.43,0.0,0.6894808
2009-10-05 12:00:00,26.026855,19.113464,120.2841,99723.1,1.4797115e-07,1.5377051
2009-10-06 12:00:00,23.493256,16.362,117.662674,99829.016,2.229369e-05,1.7458565
2009-10-07 12:00:00,24.844635,10.134186,213.37152,100063.32,0.0,0.65513813
2009-10-08 12:00:00,27.890076,11.902893,131.74467,99910.516,0.0,1.6742866
2009-10-09 12:00:00,29.488556,19.742706,158.02615,99490.37,7.34407e-06,2.8261151
2009-10-10 12:00:00,26.131012,17.618805,107.599205,99412.12,2.008661e-05,2.342448
2009-10-11 12:00:00,20.819641,12.222778,152.04015,99209.164,0.00014213695,3.4169974
2009-10-12 12:00:00,22.999481,10.396088,204.0667,99991.79,3.0608416e-09,2.8642538
2009-10-13 12:00:00,26.34143,10.196442,199.91612,100409.86,0.0,1.8860033
2009-10-14 12:00:00,26.399475,10.745514,198.9911,100306.17,0.0,2.3677385
2009-10-15 12:00:00,19.65741,12.294098,196.02704,100995.58,0.0,3.1754038
2009-10-16 12:00:00,16.622406,7.2165527,196.3407,101400.42,0.0,2.865917
2009-10-17 12:00:00,16.223358,3.2436829,197.05995,101526.72,0.0,1.7967544
2009-10-18 12:00:00,18.607788,3.3022156,193.19287,101228.336,0.0,0.37651953
2009-10-19 12:00:00,22.11319,5.633087,169.05577,100712.74,0.0,1.2862928
2009-10-20 12:00:00,23.510254,7.5230713,185.33427,100593.75,0.0,2.11592
2009-10-21 12:00:00,27.51236,9.023407,183.68561,100574.05,0.0,2.3726268
2009-10-22 12:00:00,22.462769,10.6441345,177.74681,100923.805,0.0,0.9541476
2009-10-23 12:00:00,18.237091,6.0594177,183.40869,101410.234,0.0,2.5908964
2009-10-24 12:00:00,19.16098,2.5907288,182.62889,100440.086,0.0,1.4299473
2009-10-25 12:00:00,14.534973,4.171814,175.85287,100322.22,0.0,2.2654474
2009-10-26 12:00:00,12.915527,-0.18493652,175.68439,100968.86,0.0,1.33923
2009-10-27 12:00:00,17.847809,1.8197327,173.36935,100739.89,0.0,2.0444798
2009-10-28 12:00:00,20.852661,1.908844,171.55661,100836.625,0.0,1.1094737
2009-10-29 12:00:00,21.430817,5.434265,167.42773,100909.68,0.0,2.046142
2009-10-30 12:00:00,16.450134,4.594513,141.06433,100646.805,0.0,0.9120536
2009-10-31 12:00:00,12.452332,8.263611,49.05793,100480.875,1.50266405e-05,2.8543737
2009-11-01 12:00:00,9.605835,2.1332397,162.9108,100923.34,7.161903e-06,3.7278972
2009-11-02 12:00:00,11.860107,-3.0916443,165.06468,100720.82,0.0,1.9016254
2009-11-03 12:00:00,16.55841,-0.7224121,164.01328,99814.26,0.0,2.8862085
2009-11-04 12:00:00,15.778595,9.022186,90.09851,99596.63,0.0,3.3159297
2009-11-05 12:00:00,18.110962,9.074341,110.5327,100130.58,0.0,2.781524
2009-11-06 12:00:00,15.336029,11.385345,13.72039,99703.14,0.0004280695,1.1489061
2009-11-07 12:00:00,14.605286,8.819733,139.06604,100038.96,1.0226928e-05,2.142925
2009-11-08 12:00:00,16.57013,4.7392883,149.09067,100063.97,0.0,1.766466
2009-11-09 12:00:00,12.663208,5.4912415,145.7492,100136.23,0.0,1.0509639
2009-11-10 12:00:00,11.155792,2.3146362,118.17206,101005.46,0.0,2.2082088
2009-11-11 12:00:00,12.166779,5.6435547,44.34471,100195.74,8.260861e-05,2.6987188
2009-11-12 12:00:00,13.25766,5.514801,42.345158,99603.12,0.00013811278,2.3159215
2009-11-13 12:00:00,7.313843,0.0005493164,121.053986,100561.32,1.5114434e-06,2.0785863
2009-11-14 12:00:00,6.6224365,2.7539062,61.094677,101044.41,0.0,2.5443056
2009-11-15 12:00:00,6.8163757,3.8087463,18.947512,100214.91,5.2073614e-05,4.3990726
2009-11-16 12:00:00,10.442352,6.192749,136.36345,99160.63,8.486108e-05,1.484883
2009-11-17 12:00:00,9.294281,-0.17019653,89.389305,100113.164,9.2057456e-07,0.8652789
2009-11-18 12:00:00,6.216736,3.9081726,34.77535,100331.32,0.000105611376,2.9988866
2009-11-19 12:00:00,6.6801453,5.002014,16.983662,100035.734,0.00025007577,4.021435
2009-11-20 12:00:00,6.8434143,4.1488953,39.278023,100015.805,0.00012964848,3.149255
2009-11-21 12:00:00,9.097412,-0.34625244,122.1398,100416.74,5.438486e-08,1.8474289
2009-11-22 12:00:00,8.777405,-2.4388123,123.3748,100441.96,1.3608743e-06,0.70840454
2009-11-23 12:00:00,13.011383,1.8722534,93.55838,99388.45,1.494497e-08,2.097669
2009-11-24 12:00:00,9.823364,-2.2383423,81.922455,99425.49,3.3998283e-05,3.8040323
2009-11-25 12:00:00,3.7753296,-2.2418213,51.452774,100005.69,3.9691645e-06,4.066583
2009-11-26 12:00:00,2.684143,-0.90649414,62.03575,99840.86,4.124856e-06,0.14331408
2009-11-27 12:00:00,5.360077,-1.1513062,38.96517,98774.81,0.0001069158,3.3186767
2009-11-28 12:00:00,7.432678,5.109436,27.304703,97853.664,0.00014894304,4.42792
2009-11-29 12:00:00,10.430176,4.826782,58.53392,96956.195,0.00020027277,3.741917
2009-11-30 12:00:00,5.1829224,1.9496155,82.07418,97943.17,9.524984e-06,3.0212483
2009-12-01 12:00:00,9.796051,-3.3830872,107.03429,98712.78,1.8960321e-06,1.5603473
2009-12-02 12:00:00,13.604828,5.964966,56.018215,98559.63,0.0,1.0132873
2009-12-03 12:00:00,8.399353,2.9866333,24.455778,98451.51,6.7374356e-05,1.5664419
2009-12-04 12:00:00,9.297424,4.2041016,114.35565,98456.36,3.20663e-05,3.0573149
2009-12-05 12:00:00,7.8341675,3.3032837,27.624794,99001.94,0.00013764981,1.5595479
2009-12-06 12:00:00,5.983673,-2.6147156,56.596466,98479.99,0.00028174152,5.3490386
2009-12-07 12:00:00,1.6816406,-11.963562,111.48759,100266.5,2.8006326e-07,1.2042636
2009-12-08 12:00:00,5.103058,-5.2034607,95.624016,101002.92,3.5465374e-07,0.5353292
2009-12-09 12:00:00,0.46081543,-1.1378479,35.7452,101573.14,4.2387255e-05,2.4817467
2009-12-10 12:00:00,0.0692749,-5.2753906,68.11468,101681.32,3.7471983e-07,1.8249382
2009-12-11 12:00:00,6.1776123,-9.05661,72.075325,100662.086,2.2998536e-06,2.3558402
2009-12-12 12:00:00,14.150848,3.475006,57.612743,98793.6,0.00014618775,2.2125685
2009-12-13 12:00:00,6.500458,-1.0999451,106.065636,100156.375,5.2672463e-06,3.4780335
2009-12-14 12:00:00,3.675293,-8.030975,64.661156,100684.16,1.023529e-06,1.190837
2009-12-15 12:00:00,7.1820374,-1.6870117,44.229553,99795.37,1.4445478e-05,2.8875072
2009-12-16 12:00:00,5.9468994,1.4535217,16.359053,99432.67,0.0002428994,2.6355157
2009-12-17 12:00:00,2.3151855,0.1734314,13.084173,98915.23,0.00041380402,4.4685016
2009-12-18 12:00:00,0.9779358,-3.3241272,107.52775,98999.72,4.7582886e-05,4.7366486
2009-12-19 12:00:00,-1.072998,-8.086517,51.55874,100580.42,9.7228585e-06,2.3968744
2009-12-20 12:00:00,2.6747131,-9.457184,107.36091,100779.09,5.0305533e-07,2.3482485
2009-12-21 12:00:00,3.8141174,-10.824036,61.945236,100820.35,1.4558068e-06,1.6643721
2009-12-22 12:00:00,9.439758,0.42401123,105.51414,100179.555,2.3750228e-05,3.2399113
2009-12-23 12:00:00,8.16037,-7.5744324,116.5123,100878.336,0.0,3.4018939
2009-12-24 12:00:00,-5.4855957,-14.756714,111.79572,101617.234,5.4012997e-08,1.5749327
2009-12-25 12:00:00,-1.4035645,-11.411499,103.07213,101703.41,3.7983062e-07,1.3739513
2009-12-26 12:00:00,3.7623596,-6.6850586,88.96454,101542.33,5.1007316e-07,2.7480142
2009-12-27 12:00:00,8.867828,-4.83197,97.58891,101133.16,2.4095013e-09,2.5590584
2009-12-28 12:00:00,11.17627,3.2576294,45.66055,100259.9,6.6309716e-05,2.4997096
2009-12-29 12:00:00,10.4418335,-0.24673462,21.60393,98755.0,0.00034396473,1.6675583
2009-12-30 12:00:00,-0.36297607,-6.130249,118.73896,99894.805,1.8965724e-05,5.0438256
2009-12-31 12:00:00,0.36746216,-10.577545,41.71642,100001.67,2.4284189e-05,1.9952288
2010-01-01 12:00:00,0.16516113,-12.964844,47.50643,100036.86,2.9698409e-05,3.4756863
2010-01-02 12:00:00,-11.171783,-18.161316,115.62367,100746.92,4.5972806e-07,2.8263488
2010-01-03 12:00:00,-12.395203,-20.184906,124.01429,101379.56,2.5154577e-07,2.7587867
2010-01-04 12:00:00,-11.79657,-24.50206,105.24851,101338.89,1.1681136e-06,1.4362199
2010-01-05 12:00:00,-7.815613,-12.0989685,69.36527,100523.78,1.6568782e-05,1.4933845
2010-01-06 12:00:00,-6.0750427,-18.156647,120.61611,100279.195,2.1237766e-07,2.3640685
2010-01-07 12:00:00,-2.716858,-17.936874,101.42507,100389.81,0.0,1.6259298
2010-01-08 12:00:00,-1.120758,-20.854385,122.305855,100463.8,2.3067724e-07,0.36587733
2010-01-09 12:00:00,3.4362183,-10.968597,113.40866,99832.62,7.4826836e-08,2.5142474
2010-01-10 12:00:00,1.9910278,-2.7627258,68.816925,99572.42,2.0457242e-05,1.2218348
2010-01-11 12:00:00,6.5628967,-10.554871,72.07722,99827.65,0.0,2.2120886
2010-01-12 12:00:00,9.889679,-6.9565125,120.55568,99380.3,1.3722034e-08,1.0584843
2010-01-13 12:00:00,18.983246,7.1760254,122.392586,98531.234,1.0220161e-05,3.1445196
2010-01-14 12:00:00,10.911438,-5.9219055,74.46057,100080.81,2.014129e-09,4.0744457
2010-01-15 12:00:00,-5.985321,-11.983154,133.16614,100542.35,0.0,4.7668247
2010-01-16 12:00:00,-5.2419434,-15.406067,101.911995,101239.805,0.0,0.81739277
2010-01-17 12:00:00,2.6428833,-5.6955566,119.257286,100980.625,1.0890079e-05,2.6850982
2010-01-18 12:00:00,11.22345,-0.5715637,130.15312,100644.16,4.778188e-06,3.080535
2010-01-19 12:00:00,13.817291,-4.4000854,128.71149,100820.6,0.0,2.2380173
2010-01-20 12:00:00,13.64563,-2.4855957,121.46803,100627.2,1.3184147e-07,2.4942346
2010-01-21 12:00:00,10.63324,2.5385437,120.29723,100503.14,0.00010196265,1.6994244
2010-01-22 12:00:00,6.966278,-5.942993,134.01514,100657.93,3.9395243e-08,1.8016198
2010-01-23 12:00:00,2.9280396,-7.9753113,139.29688,100474.65,0.0,1.141188
2010-01-24 12:00:00,13.023956,-4.0096436,135.79851,99255.13,0.0,2.2182152
2010-01-25 12:00:00,12.578857,-4.9334717,132.43193,99565.38,8.285523e-07,0.65558666
2010-01-26 12:00:00,13.297119,1.5005493,109.14962,99616.64,4.618416e-07,2.0028486
2010-01-27 12:00:00,12.604492,4.8378296,110.369255,100051.19,6.1796317e-07,2.1653898
2010-01-28 12:00:00,10.058044,-1.5839539,112.14743,100221.44,3.1941906e-07,1.713805
2010-01-29 12:00:00,11.805237,5.5498047,43.398777,99401.41,6.533192e-05,3.4580805
2010-01-30 12:00:00,11.910095,6.249054,70.244316,98614.766,0.00016904472,1.5342091
2010-01-31 12:00:00,5.9204407,0.008270264,40.04562,99521.31,2.615951e-05,3.2701156
2010-02-01 12:00:00,0.80874634,-6.073517,94.75766,100499.5,4.7985145e-06,2.548104
2010-02-02 12:00:00,1.4605713,-8.616119,126.34466,99752.38,3.359784e-06,1.0388945
2010-02-03 12:00:00,1.7235413,-0.6404724,68.32798,99858.14,1.2762947e-05,3.4113925
2010-02-04 12:00:00,7.6014404,-8.67749,120.009445,99980.61,9.012261e-07,2.9340775
2010-02-05 12:00:00,9.710144,0.1383667,156.13329,99619.53,7.8972735e-06,2.227118
2010-02-06 12:00:00,16.428802,5.763794,112.5152,99448.414,0.0,2.5579598
2010-02-07 12:00:00,10.210968,-5.518158,124.42052,100635.4,3.469426e-06,3.6688304
2010-02-08 12:00:00,-0.07437134,-3.7250366,34.632786,100476.12,5.419521e-05,2.8892083
2010-02-09 12:00:00,9.743317,-0.06427002,31.182486,98994.38,0.00042636995,0.61427665
2010-02-10 12:00:00,14.873444,2.8716736,58.055206,98356.336,1.5458047e-05,2.1430712
2010-02-11 12:00:00,13.52533,4.6314087,25.479218,97766.0,0.00020806129,4.8496346
2010-02-12 12:00:00,5.0518494,1.1611328,44.273457,98296.02,0.00015411832,4.595864
2010-02-13 12:00:00,1.3328247,-0.8713379,53.783154,99505.04,1.3369421e-05,2.2938719
2010-02-14 12:00:00,1.8949585,-0.22335815,35.19626,100030.86,3.691273e-05,1.8637885
2010-02-15 12:00:00,0.545166,-2.3727417,62.500786,100109.445,2.1463009e-05,2.9572427
2010-02-16 12:00:00,-1.7997437,-10.408081,168.86028,100228.15,3.1292207e-06,2.4772427
2010-02-17 12:00:00,8.998474,-7.9043884,176.52657,99802.984,3.5024752e-07,2.0208864
2010-02-18 12:00:00,3.5995178,-1.1235352,87.69785,99959.11,7.143722e-05,1.9974539
2010-02-19 12:00:00,0.56326294,-9.571869,137.41162,100478.76,5.805549e-07,2.201214
2010-02-20 12:00:00,-0.99972534,-9.992035,167.92375,100154.07,2.6801585e-05,1.4057585
2010-02-21 12:00:00,-0.7125244,-8.176392,194.67206,100040.31,3.9991905e-06,4.144766
2010-02-22 12:00:00,-1.0371704,-16.641144,66.756035,100574.98,3.4034663e-05,1.2977929
2010-02-23 12:00:00,0.62454224,-12.470184,197.7714,100798.47,8.5527364e-07,1.3597275
2010-02-24 12:00:00,8.435394,-9.2100525,113.875565,99702.05,2.1735834e-06,2.4062297
2010-02-25 12:00:00,5.8112183,-6.1072083,210.43652,99592.81,2.1525188e-06,4.5076942
2010-02-26 12:00:00,-5.7085266,-17.548035,170.68576,100421.77,1.05542e-05,4.08869
2010-02-27 12:00:00,-1.5249329,-15.931335,136.75127,100665.44,7.782056e-06,4.665934
2010-02-28 12:00:00,-1.302002,-10.7013855,177.37785,101048.2,5.6610185e-07,2.677204
2010-03-01 12:00:00,-0.9352417,-6.102112,105.15043,100861.664,2.114005e-06,1.6197537
2010-03-02 12:00:00,4.0458374,-12.298218,166.43108,100202.85,3.7594816e-06,1.6378502
2010-03-03 12:00:00,0.2920227,-8.007141,194.63097,100270.875,3.530261e-05,2.5849812
2010-03-04 12:00:00,3.653473,-13.71048,222.55687,100631.72,3.6293608e-07,0.76543856
2010-03-05 12:00:00,8.071136,-10.97702,223.03606,100097.14,0.0,1.6242112
2010-03-06 12:00:00,8.8689575,-6.375458,108.9839,99078.195,4.9990325e-07,1.873701
2010-03-07 12:00:00,4.639679,-2.104889,110.763214,99065.95,1.1926679e-06,2.2931015
2010-03-08 12:00:00,4.154999,-8.915009,222.51279,100000.28,0.0,2.000324
2010-03-09 12:00:00,4.4200745,-3.6762695,178.31355,100496.21,3.0461365e-09,2.8311157
2010-03-10 12:00:00,6.356537,-6.671417,233.8006,100381.414,0.0,2.8349261
2010-03-11 12:00:00,8.315979,-7.559601,191.27795,100158.664,0.0,1.8008941
2010-03-12 12:00:00,12.195007,-4.8226624,137.39972,99792.92,5.0803906e-06,3.033352
2010-03-13 12:00:00,9.352081,8.307312,28.222624,98917.945,0.00039731796,4.8795466
2010-03-14 12:00:00,10.909332,4.219452,36.941254,97500.43,0.0004832103,1.4538559
2010-03-15 12:00:00,4.613739,1.70401,80.24428,98929.45,4.147971e-05,4.690004
2010-03-16 12:00:00,8.366089,0.96640015,240.8422,100264.48,3.4935028e-06,4.184523
2010-03-17 12:00:00,10.379425,-5.6447754,196.37192,100591.11,3.6454617e-07,1.7028967
2010-03-18 12:00:00,12.372009,3.9856873,108.63005,99655.35,6.371835e-05,2.6935108
2010-03-19 12:00:00,10.500977,0.5918884,53.86824,99592.42,0.00021355323,3.2639725
2010-03-20 12:00:00,10.393524,0.4651184,188.48328,99894.336,1.6933416e-05,2.4834905
2010-03-21 12:00:00,9.827087,-0.10510254,261.19067,99730.73,2.3547532e-06,3.6211627
2010-03-22 12:00:00,14.9105835,-6.296997,257.90085,99938.95,0.0,0.84015
2010-03-23 12:00:00,21.502228,6.7122498,254.39598,99475.91,0.0,3.3771603
2010-03-24 12:00:00,18.981812,10.531158,202.73979,99312.83,8.282921e-06,3.7544622
2010-03-25 12:00:00,14.048737,7.7628784,65.45082,99062.01,0.00021438934,2.454433
2010-03-26 12:00:00,13.596466,9.540802,120.53553,99406.84,7.8322155e-05,1.5825036
2010-03-27 12:00:00,11.852051,3.9011536,32.56753,99477.91,0.0003238842,3.3751276
2010-03-28 12:00:00,7.3101196,0.6184082,169.62381,99708.016,9.101332e-06,3.2082436
2010-03-29 12:00:00,16.419312,-1.3921204,277.57678,101109.21,0.0,0.52322155
2010-03-30 12:00:00,15.384949,3.5317993,128.15874,101705.11,0.0,3.147999
2010-03-31 12:00:00,20.009308,1.8713074,270.061,101450.93,0.0,2.1756175
2010-04-01 12:00:00,23.360718,4.201355,278.32025,100770.22,0.0,1.8436806
2010-04-02 12:00:00,22.097717,10.473572,170.69173,100166.21,4.0667903e-05,2.0954192
2010-04-03 12:00:00,22.679413,15.508301,188.07684,99806.39,0.00011472248,2.4332354
2010-04-04 12:00:00,21.108185,17.127625,121.46878,99607.44,2.2052825e-05,4.1447024
2010-04-05 12:00:00,21.861145,16.799805,115.86984,99821.414,0.000119901844,3.639408
2010-04-06 12:00:00,19.895447,13.535034,53.89344,100612.49,0.00017319006,1.4300262
2010-04-07 12:00:00,26.078827,14.117981,269.84235,100282.5,9.005225e-06,1.948319
2010-04-08 12:00:00,26.553802,12.031006,246.06075,99835.25,1.0152118e-05,2.395109
2010-04-09 12:00:00,18.468506,16.215546,53.122696,99545.46,5.5471803e-05,2.7991436
2010-04-10 12:00:00,17.539856,12.316467,38.769295,99476.78,0.00060609006,4.1215243
2010-04-11 12:00:00,13.943665,9.70697,71.19979,99655.97,2.7427623e-05,3.5664585
2010-04-12 12:00:00,18.501007,9.495972,283.1061,99697.484,3.0052693e-06,2.8137424
2010-04-13 12:00:00,18.75418,7.144348,225.31268,99594.195,3.664879e-08,1.679027
2010-04-14 12:00:00,20.392456,6.7504883,299.24045,99447.66,2.6624283e-10,0.810936
2010-04-15 12:00:00,23.729523,9.2760315,303.47498,99504.15,0.0,1.4919302
2010-04-16 12:00:00,25.533142,10.043884,297.11984,99625.234,0.0,0.8563798
2010-04-17 12:00:00,27.132538,12.22403,295.63953,99754.81,0.0,0.9614917
2010-04-18 12:00:00,24.352234,13.906616,244.76056,99763.52,3.241003e-06,1.9187847
2010-04-19 12:00:00,17.639954,7.697632,318.23923,100354.26,0.0,3.0881991
2010-04-20 12:00:00,20.403229,4.2667236,316.25153,100228.945,0.0,0.72605777
2010-04-21 12:00:00,23.128723,6.3902283,316.55368,100144.125,0.0,1.8600146
2010-04-22 12:00:00,23.715302,7.5281067,317.37668,100012.87,0.0,1.9331686
2010-04-23 12:00:00,24.220337,7.460327,323.80634,99981.35,0.0,1.1875299
2010-04-24 12:00:00,25.384857,9.841919,318.25067,99932.35,0.0,1.4542402
2010-04-25 12:00:00,26.092743,10.732239,313.88712,99820.66,0.0,1.7946191
2010-04-26 12:00:00,26.635864,13.43985,288.0973,99584.0,0.0,1.7886746
2010-04-27 12:00:00,25.537628,11.614014,309.1409,99070.984,0.0,2.6081185
2010-04-28 12:00:00,24.080933,13.459381,223.22464,98848.01,3.8792397e-05,2.0718963
2010-04-29 12:00:00,22.737183,14.57785,145.33495,98984.1,0.00023169536,0.6713297
2010-04-30 12:00:00,24.172546,13.536102,197.23105,99019.15,3.456648e-05,1.8272244
2010-05-01 12:00:00,23.02771,13.129211,273.05414,98875.414,8.4225685e-05,1.3493142
2010-05-02 12:00:00,14.384125,7.8933105,107.78383,99326.59,4.8172653e-05,3.1279395
2010-05-03 12:00:00,19.229797,5.0210876,329.97986,99838.54,0.0,0.63901865
2010-05-04 12:00:00,25.126404,10.081268,324.3956,100096.34,0.0,3.2710972
2010-05-05 12:00:00,28.289246,14.286987,321.94055,99974.17,0.0,3.1809795
2010-05-06 12:00:00,25.882416,16.153381,236.21777,100145.766,4.2089352e-05,1.8833812
2010-05-07 12:00:00,24.394257,14.25528,175.6602,100332.086,6.118336e-08,1.5318967
2010-05-08 12:00:00,26.801727,14.895691,316.23758,100038.48,3.7799584e-06,0.46518993
2010-05-09 12:00:00,29.599487,16.929932,311.90042,99585.04,0.0,1.9013989
2010-05-10 12:00:00,29.940826,18.859222,281.98685,99144.07,9.9925664e-08,2.8170598
2010-05-11 12:00:00,29.634949,21.300201,229.85251,98674.18,1.9752933e-05,3.2409635
2010-05-12 12:00:00,25.394165,14.247223,302.73816,98897.62,0.00018953366,2.4733875
2010-05-13 12:00:00,20.631226,11.804901,226.4689,99095.875,4.504176e-05,0.3837693
2010-05-14 12:00:00,20.43573,7.850708,327.70346,99660.98,2.196536e-08,2.6480248
2010-05-15 12:00:00,23.744537,8.554596,285.0668,100322.05,0.0,1.499739
2010-05-16 12:00:00,21.855927,11.868042,310.93915,100510.13,1.2785301e-06,2.3110716
2010-05-17 12:00:00,24.671844,10.263123,276.1291,100297.87,0.0,2.8401167
2010-05-18 12:00:00,22.601166,9.517212,242.24454,100195.31,0.0,3.8582113
2010-05-19 12:00:00,19.984009,13.561096,221.60826,99961.586,0.00014030284,3.2915998
2010-05-20 12:00:00,20.556,9.879486,285.65964,100384.55,8.495533e-06,2.0774727
2010-05-21 12:00:00,23.899628,14.078857,163.88054,100610.76,6.792053e-05,2.0967443
2010-05-22 12:00:00,23.32901,14.203583,259.27072,100560.58,0.00012431915,0.86694795
2010-05-23 12:00:00,24.077515,12.7621155,324.1974,100266.54,0.0,1.8013401
2010-05-24 12:00:00,22.758331,14.68457,219.22658,99864.8,1.9884388e-05,2.7874887
2010-05-25 12:00:00,22.93219,11.29007,311.39944,99553.086,5.658857e-07,1.5664434
2010-05-26 12:00:00,27.252289,14.3532715,215.56725,98987.06,0.00018079528,0.5272322
2010-05-27 12:00:00,18.935547,10.122101,356.9031,99491.086,3.510572e-05,3.431049
2010-05-28 12:00:00,19.12738,8.221558,222.71472,99442.36,0.0,1.3513576
2010-05-29 12:00:00,24.110168,10.490082,351.9295,99361.516,0.0,0.75924563
2010-05-30 12:00:00,24.858063,13.597961,238.16626,99679.89,0.0,2.4879072
2010-05-31 12:00:00,25.939087,16.753845,217.66988,99315.266,0.00037936273,1.0665329
2010-06-01 12:00:00,27.958374,16.887695,337.71478,99560.8,0.00017933369,1.8876863
2010-06-02 12:00:00,27.69049,16.192139,347.28784,100213.97,0.0,1.9956764
2010-06-03 12:00:00,25.621857,16.704193,191.0312,100537.87,1.5468151e-05,2.3995667
2010-06-04 12:00:00,20.366028,16.85022,91.7774,100032.42,0.00030108972,2.5615602
2010-06-05 12:00:00,23.960236,15.616974,164.27257,99575.92,0.0002280623,1.1727277
2010-06-06 12:00:00,32.788788,17.862244,289.44943,99139.016,6.9819766e-06,1.0969374
2010-06-07 12:00:00,32.180817,18.891113,305.9023,99430.07,9.602135e-05,0.6301715
2010-06-08 12:00:00,30.285004,20.486969,249.0961,99166.05,0.00017292623,1.5317427
2010-06-09 12:00:00,32.06781,20.165283,294.75958,99447.3,1.0884154e-05,1.1394334
2010-06-10 12:00:00,33.727386,23.540222,335.7632,99625.2,0.0,2.9345624
2010-06-11 12:00:00,33.78827,24.0,340.71277,99852.23,0.0,2.9375622
2010-06-12 12:00:00,33.19992,22.314026,332.5894,99999.26,7.2424414e-06,1.7911224
2010-06-13 12:00:00,34.97708,22.29358,345.859,99899.69,1.0751977e-05,1.8031936
2010-06-14 12:00:00,35.81189,21.924011,346.53394,99882.19,8.610273e-06,1.315474
2010-06-15 12:00:00,36.055756,22.140411,345.75916,100057.07,0.0,2.3282356
2010-06-16 12:00:00,37.126373,22.693878,323.90613,100232.195,2.4273166e-05,1.1103263
2010-06-17 12:00:00,37.225464,23.379517,335.7118,100274.664,3.771087e-05,1.3204691
2010-06-18 12:00:00,36.24048,22.556488,320.9603,100042.05,5.3713982e-05,1.1694771
2010-06-19 12:00:00,36.979553,22.879822,290.0203,99456.46,3.2369164e-05,2.1916482
2010-06-20 12:00:00,35.236877,20.180664,179.6246,99360.67,4.5071905e-05,2.2386422
2010-06-21 12:00:00,30.547058,16.883545,352.29373,99774.31,0.0,2.10379
2010-06-22 12:00:00,32.607513,16.74823,358.57358,99776.14,0.0,1.7383478
2010-06-23 12:00:00,34.363342,19.173676,319.99173,99793.92,0.0,0.63853616
2010-06-24 12:00:00,34.62744,20.780426,320.747,99797.42,5.0544522e-06,1.1688292
2010-06-25 12:00:00,36.624176,19.652222,339.39676,99490.77,0.0,1.8902854
2010-06-26 12:00:00,36.159485,18.708984,284.0238,99372.22,0.0,0.68623257
2010-06-27 12:00:00,34.044373,19.412994,61.066227,99062.56,0.00019503066,2.0145247
2010-06-28 12:00:00,25.757385,15.926544,284.22797,100022.375,2.9310291e-05,3.9757879
2010-06-29 12:00:00,29.236786,14.179993,348.1757,100327.62,0.0,1.4704014
2010-06-30 12:00:00,31.352936,17.567993,346.3355,100060.48,0.0,1.645747
2010-07-01 12:00:00,33.060608,17.626068,355.87692,99901.85,0.0,1.9031857
2010-07-02 12:00:00,34.918243,18.401947,355.228,100103.586,0.0,1.847809
2010-07-03 12:00:00,35.43155,20.518463,307.5122,100333.84,0.0,2.0769897
2010-07-04 12:00:00,34.65802,23.38028,275.38397,100153.01,0.0,3.1116226
2010-07-05 12:00:00,36.412872,26.119171,331.6533,99954.29,0.0,3.3365202
2010-07-06 12:00:00,37.204987,27.699127,331.73627,99965.07,0.0,3.0207236
2010-07-07 12:00:00,38.14557,26.721832,323.00815,100091.555,0.0,2.3101492
2010-07-08 12:00:00,38.317383,25.762207,314.85135,100088.43,7.2411785e-06,2.0530052
2010-07-09 12:00:00,37.696198,26.597015,255.26237,99950.66,0.0,2.2573712
2010-07-10 12:00:00,37.978973,26.084229,268.3625,99847.3,1.5217711e-05,1.8553363
2010-07-11 12:00:00,37.705475,26.15509,280.1281,99818.195,0.0,1.9563316
2010-07-12 12:00:00,37.012512,23.243439,231.04369,99881.164,7.106559e-05,1.815259
2010-07-13 12:00:00,36.651978,24.171387,296.4523,99823.03,2.5980049e-05,1.8793858
2010-07-14 12:00:00,37.202637,27.64447,307.7652,99890.32,9.15164e-07,2.7956154
2010-07-15 12:00:00,36.407043,29.788788,259.79022,99858.81,1.829959e-06,2.8481352
2010-07-16 12:00:00,38.003418,26.058441,289.941,99699.44,3.868238e-05,1.8114381
2010-07-17 12:00:00,34.57071,22.024048,193.29114,99710.875,0.00016900642,1.7840219
2010-07-18 12:00:00,37.745026,22.73642,339.14948,99722.33,0.0,0.75541294
2010-07-19 12:00:00,38.52191,22.645844,338.48825,99883.17,0.0,1.7010033
2010-07-20 12:00:00,39.24167,24.47702,309.9733,99803.62,6.44425e-06,0.7109445
2010-07-21 12:00:00,37.965973,22.920685,324.09616,99669.586,2.677734e-05,0.52996635
2010-07-22 12:00:00,37.919556,25.338959,223.20726,99476.57,0.0,1.037566
2010-07-23 12:00:00,38.29239,23.042877,312.32324,99695.44,2.9257453e-05,1.0080706
2010-07-24 12:00:00,41.632477,27.586243,330.2653,99669.02,0.0,1.9321951
2010-07-25 12:00:00,40.36847,28.130371,319.89734,99640.914,0.0,2.9497511
2010-07-26 12:00:00,40.477936,28.10196,327.7958,99697.516,4.7503318e-06,2.4860325
2010-07-27 12:00:00,40.696075,24.984406,329.3926,99649.04,7.197021e-09,1.9866804
2010-07-28 12:00:00,40.441284,27.944,327.1917,99598.51,0.0,2.3239594
2010-07-29 12:00:00,38.67621,24.335785,286.83282,99683.086,9.621711e-05,1.9499269
2010-07-30 12:00:00,37.55951,25.466278,311.82477,99767.43,0.0,1.7212527
2010-07-31 12:00:00,36.192566,22.218048,259.45685,99966.52,0.00012855306,2.2620468
2010-08-01 12:00:00,34.194458,21.170868,324.5955,100137.695,0.0,2.1976233
2010-08-02 12:00:00,35.46759,20.70102,301.38696,100261.84,0.0,2.6120276
2010-08-03 12:00:00,34.31189,21.60147,322.85098,100457.31,0.0,2.8563445
2010-08-04 12:00:00,35.367767,22.576233,322.50378,100166.305,0.0,2.3633382
2010-08-05 12:00:00,36.442078,22.009155,305.44644,99526.92,1.7591272e-05,0.71339124
2010-08-06 12:00:00,35.95883,24.189392,254.7376,99116.3,6.5845335e-05,2.061256
2010-08-07 12:00:00,35.579193,21.134369,309.07318,99247.016,0.0,1.2202586
2010-08-08 12:00:00,33.739105,21.811676,317.25693,99844.734,0.0,1.6570419
2010-08-09 12:00:00,32.18512,22.950806,171.96587,99978.85,0.0,2.8476105
2010-08-10 12:00:00,31.829407,22.934174,228.79378,100020.16,9.591596e-06,1.9173234
2010-08-11 12:00:00,35.329376,24.811615,277.39288,99875.86,0.0,2.3987339
2010-08-12 12:00:00,37.743805,26.768707,308.15073,99640.26,0.0,2.6262124
2010-08-13 12:00:00,36.54361,21.486053,228.24272,99542.72,0.00018873272,1.3256004
2010-08-14 12:00:00,34.889313,21.737,294.55627,99643.71,1.3662475e-07,1.7899257
2010-08-15 12:00:00,32.433075,17.476044,314.45773,99920.94,0.0,2.506645
2010-08-16 12:00:00,30.31189,17.16922,300.35574,100167.1,0.0,1.7797109
2010-08-17 12:00:00,28.989044,18.127106,97.78132,100144.72,0.0,1.989142
2010-08-18 12:00:00,30.239716,24.67566,53.848644,99680.92,5.865268e-06,0.89543945
2010-08-19 12:00:00,29.673584,21.566406,173.2777,99539.42,1.9814563e-05,1.6423813
2010-08-20 12:00:00,27.669464,21.666565,102.467804,99804.29,0.00026401368,2.0185447
2010-08-21 12:00:00,29.425995,21.610413,133.6841,100076.875,4.3181288e-05,1.1503761
2010-08-22 12:00:00,30.862213,22.40393,168.91487,99977.445,9.98226e-05,2.047553
2010-08-23 12:00:00,36.655273,26.272583,290.71423,99498.33,0.0,2.2923856
2010-08-24 12:00:00,34.549103,20.667755,276.9304,99676.125,1.2046104e-05,0.93707454
2010-08-25 12:00:00,32.485077,19.490845,200.00145,99917.13,8.688208e-05,0.87816864
2010-08-26 12:00:00,28.303467,21.837494,189.9269,99925.64,8.908576e-05,1.3980192
2010-08-27 12:00:00,28.602203,21.738495,197.91034,99822.96,6.6663633e-06,0.9267284
2010-08-28 12:00:00,29.808624,21.893799,236.21501,99958.805,0.0,1.8606253
2010-08-29 12:00:00,32.437256,18.913208,266.396,100128.23,0.0,1.8018023
2010-08-30 12:00:00,33.351257,19.773315,254.64136,100096.81,0.0,1.7201467
2010-08-31 12:00:00,34.515533,19.778534,284.31818,100130.3,0.0,1.6571487
2010-09-01 12:00:00,34.497772,18.944641,284.20877,100159.66,0.0,1.7012911
2010-09-02 12:00:00,34.28894,18.927399,281.52213,100050.73,0.0,1.4126822
2010-09-03 12:00:00,35.217438,19.980927,275.5023,100140.32,0.0,1.026538
2010-09-04 12:00:00,35.091705,24.713531,216.88385,100206.91,3.309582e-09,1.5010967
2010-09-05 12:00:00,34.9151,20.900604,253.2207,100079.7,0.0,1.6087064
2010-09-06 12:00:00,34.208862,23.573517,232.30087,99965.13,0.0,1.9997711
2010-09-07 12:00:00,33.022827,22.146545,247.31157,100036.37,0.0,2.070824
2010-09-08 12:00:00,32.698364,21.201385,202.11461,100080.016,4.173902e-08,1.5066586
2010-09-09 12:00:00,33.84909,20.47818,218.73964,99980.93,0.0,1.1083171
2010-09-10 12:00:00,31.909546,22.794037,200.78311,99957.7,0.0,1.8436038
2010-09-11 12:00:00,31.25235,22.23529,189.14989,99910.36,0.0001041456,1.680459
2010-09-12 12:00:00,32.43918,22.955658,205.01587,99665.99,3.056476e-05,1.4709578
2010-09-13 12:00:00,32.95926,22.686401,223.38014,99480.0,5.1846924e-05,2.1029117
2010-09-14 12:00:00,30.540344,22.166077,137.87335,99659.984,8.5767315e-05,0.879021
2010-09-15 12:00:00,33.664368,21.634125,242.77684,99590.68,6.7056076e-06,1.0512868
2010-09-16 12:00:00,32.799377,21.057434,237.70787,99703.445,8.024729e-06,1.5076861
2010-09-17 12:00:00,29.623932,22.840057,178.97954,100076.81,0.0,2.1612115
2010-09-18 12:00:00,24.708893,14.862854,192.93315,100403.52,0.0,1.944281
2010-09-19 12:00:00,24.366821,15.589661,217.35759,100190.734,0.0,1.757057
2010-09-20 12:00:00,27.191528,12.053558,249.69827,99602.984,0.0,1.0769739
2010-09-21 12:00:00,28.48758,14.916016,220.7332,99122.5,2.564622e-06,2.629557
2010-09-22 12:00:00,26.437317,19.329529,124.44604,98852.914,0.00087817176,2.355587
2010-09-23 12:00:00,28.692993,23.081604,100.9704,99676.08,2.0224588e-05,3.7306178
2010-09-24 12:00:00,30.560303,22.907684,186.03185,100244.7,1.816141e-06,2.572795
2010-09-25 12:00:00,30.182617,22.034698,214.01767,100279.04,8.153884e-08,2.6465504
2010-09-26 12:00:00,29.379333,20.654724,135.07434,100086.26,5.5455293e-05,2.6791043
2010-09-27 12:00:00,25.890839,20.062958,148.79892,99850.67,0.0004338409,1.5943406
2010-09-28 12:00:00,24.251343,18.76236,128.5613,99599.45,0.00038253583,1.2970314
2010-09-29 12:00:00,22.869965,14.939301,171.42064,99695.07,2.9398061e-05,2.822246
2010-09-30 12:00:00,23.682556,13.508148,224.69286,99641.39,0.0,1.5600498
2010-10-01 12:00:00,26.746277,13.678833,194.67015,99702.41,0.0,1.3837949
2010-10-02 12:00:00,23.724945,18.822144,70.19223,99827.32,0.0002581747,1.3322951
2010-10-03 12:00:00,25.146484,17.67743,159.03474,100266.25,2.5490492e-06,0.7656859
2010-10-04 12:00:00,26.896484,18.6969,155.86378,100136.29,1.7716749e-06,2.0198305
2010-10-05 12:00:00,28.757324,21.74881,138.91498,99596.336,2.0491714e-10,3.1087322
2010-10-06 12:00:00,26.37561,12.994232,215.37129,99761.13,0.00015025298,2.0298283
2010-10-07 12:00:00,21.80603,10.412567,207.09134,99972.836,0.0,0.76465553
2010-10-08 12:00:00,24.930328,11.694641,208.01617,100371.74,0.0,0.8574526
2010-10-09 12:00:00,27.192322,12.346832,206.80518,100570.36,0.0,2.076937
2010-10-10 12:00:00,29.327576,14.354492,198.70096,100344.91,0.0,2.3162553
2010-10-11 12:00:00,28.939423,18.788788,194.55713,100015.875,0.0,2.8693926
2010-10-12 12:00:00,28.048279,21.609833,163.87383,99689.04,7.0807823e-07,2.7147546
2010-10-13 12:00:00,27.322083,21.279022,138.4302,99729.086,2.9174765e-07,1.9980468
2010-10-14 12:00:00,27.496246,22.463318,145.46016,99137.195,1.4518327e-05,3.4524732
2010-10-15 12:00:00,23.68689,17.207916,80.64342,99330.81,0.00032091112,1.4331803
2010-10-16 12:00:00,21.681488,16.70758,88.29906,99964.92,0.00014147938,1.1043961
2010-10-17 12:00:00,20.80481,16.273254,69.93633,99552.28,9.173682e-05,2.5052526
2010-10-18 12:00:00,21.45697,12.423218,187.98462,99758.96,0.0,2.5122123
2010-10-19 12:00:00,23.131348,11.019623,183.3789,100549.95,0.0,0.34985036
2010-10-20 12:00:00,25.710144,12.138245,172.12605,100184.5,0.0,2.502618
2010-10-21 12:00:00,22.390198,13.905579,94.558945,99785.555,6.28684e-05,1.7216376
2010-10-22 12:00:00,14.087341,6.338379,92.0342,100395.71,3.520273e-05,1.3931242
2010-10-23 12:00:00,18.654633,8.805206,72.61168,99562.93,0.0006285742,1.7397605
2010-10-24 12:00:00,19.070984,11.492645,174.20206,99574.55,6.246435e-05,2.892478
2010-10-25 12:00:00,17.447876,7.023285,177.1431,100356.52,0.0,2.3657753
2010-10-26 12:00:00,20.800537,6.6641235,172.60205,100749.9,0.0,1.5619072
2010-10-27 12:00:00,20.925201,8.303253,165.52989,100640.27,4.6069254e-06,2.3644423
2010-10-28 12:00:00,21.76715,10.008118,163.4236,100406.266,2.2098156e-08,1.9085765
2010-10-29 12:00:00,19.749512,11.553101,101.5132,99890.99,8.633937e-08,1.6347963
2010-10-30 12:00:00,21.174927,12.471771,129.45062,99692.484,6.1238894e-09,2.85333
2010-10-31 12:00:00,19.31076,14.147217,25.710178,99657.805,0.00015736066,3.2174366
2010-11-01 12:00:00,19.654297,15.430511,36.337517,99206.42,0.0002326604,2.7569723
2010-11-02 12:00:00,22.352417,18.593567,83.066345,98910.086,0.0005638188,2.4012592
2010-11-03 12:00:00,19.022522,11.848114,98.16676,99287.56,1.590309e-05,3.4246695
2010-11-04 12:00:00,15.13443,9.561676,61.16575,100098.984,1.6950773e-05,3.0001025
2010-11-05 12:00:00,10.869843,4.996216,146.94894,100940.03,4.9153687e-06,1.8901199
2010-11-06 12:00:00,9.6571045,3.5332031,83.2786,101095.23,2.7881669e-07,1.509373
2010-11-07 12:00:00,12.791748,4.1586914,94.50018,100202.03,1.2395533e-06,2.1786628
2010-11-08 12:00:00,17.517853,10.4461975,75.588615,99056.99,9.462357e-06,2.3142128
2010-11-09 12:00:00,15.805725,10.121674,139.7862,99353.49,1.950219e-05,2.1336315
2010-11-10 12:00:00,17.927368,9.240326,129.64624,100026.125,1.9700818e-07,1.7331574
2010-11-11 12:00:00,17.181396,11.954285,46.248413,100591.71,1.2950614e-05,2.1127634
2010-11-12 12:00:00,22.167664,15.906006,66.58331,100098.984,1.17652535e-05,4.003044
2010-11-13 12:00:00,21.518768,17.86734,69.42129,99244.68,0.00040647457,4.590826
2010-11-14 12:00:00,17.942444,5.3318787,70.72011,99834.95,3.3164165e-06,3.248524
2010-11-15 12:00:00,7.12442,1.82901,144.14279,100681.836,4.380509e-06,4.140244
2010-11-16 12:00:00,8.5651245,-1.761322,130.65195,100611.03,1.8795058e-06,0.42528722
2010-11-17 12:00:00,9.069122,0.10424805,93.74925,100422.914,4.2860026e-07,1.5425308
2010-11-18 12:00:00,11.063843,1.0324402,117.60359,100311.94,7.2476445e-07,1.1725345
2010-11-19 12:00:00,14.218536,3.0174866,98.663,100600.86,5.276802e-07,1.5542876
2010-11-20 12:00:00,16.982452,9.790192,67.87023,100250.42,0.000111692985,2.1503167
2010-11-21 12:00:00,14.593658,7.9572144,30.53391,99747.51,0.000188999,1.8204231
2010-11-22 12:00:00,8.060822,1.7683105,40.3429,100365.16,1.2331547e-05,3.0554614
2010-11-23 12:00:00,4.270111,-1.5470581,49.963543,100456.93,3.0621235e-05,1.306643
2010-11-24 12:00:00,3.878479,-0.7315979,78.9168,100138.37,2.6295049e-05,1.4095054
2010-11-25 12:00:00,3.991333,-4.269623,61.633533,99960.22,1.8486488e-06,2.097796
2010-11-26 12:00:00,1.3674316,-6.560547,130.55762,100568.875,1.8597888e-08,2.7890134
2010-11-27 12:00:00,0.34854126,-11.104187,70.02933,101358.05,0.0,1.3171933
2010-11-28 12:00:00,4.179596,-4.704834,123.14958,100908.875,0.0,1.1448951
2010-11-29 12:00:00,7.8175354,-7.880005,119.65746,101223.21,8.8602286e-07,1.5668014
2010-11-30 12:00:00,4.1277466,-4.317444,44.855156,101290.414,3.506563e-06,1.0737405
2010-12-01 12:00:00,5.477173,-3.1745605,103.543,100625.56,6.648032e-07,1.1621959
2010-12-02 12:00:00,6.843628,-4.6545715,58.750942,100371.9,6.6868465e-06,1.7121991
2010-12-03 12:00:00,7.0916443,-6.7087097,113.30603,101288.35,9.886807e-07,1.106323
2010-12-04 12:00:00,7.290619,-4.016693,118.195816,101219.98,0.0,1.5145262
2010-12-05 12:00:00,7.2612915,-3.3072815,74.32067,100402.26,8.470195e-06,1.3077638
2010-12-06 12:00:00,5.9823303,-5.4791565,110.76176,100413.41,1.9426984e-06,1.2517818
2010-12-07 12:00:00,6.0049133,-2.573761,37.348106,100075.555,3.5949834e-06,2.7870662
2010-12-08 12:00:00,13.070618,4.81427,24.902046,99453.45,0.00030961866,2.938457
2010-12-09 12:00:00,12.768555,8.813293,25.571753,98856.07,0.00024228591,0.8773708
2010-12-10 12:00:00,8.904999,-1.6184082,90.22803,99673.25,1.215221e-05,5.1602426
2010-12-11 12:00:00,4.5533447,-5.565735,115.468056,100469.57,2.0131432e-07,1.7080784
2010-12-12 12:00:00,6.539459,-4.73172,112.3027,100243.516,1.9641331e-07,2.100967
2010-12-13 12:00:00,8.829987,-3.223816,101.242775,100230.13,1.3956003e-06,1.8814623
2010-12-14 12:00:00,11.262878,2.4341736,87.75555,99568.164,0.0,2.7826881
2010-12-15 12:00:00,8.255829,1.5988464,107.538956,100123.3,3.7656607e-06,1.5740709
2010-12-16 12:00:00,4.920807,-3.508606,58.260727,100905.125,1.9518056e-05,2.220893
2010-12-17 12:00:00,11.959991,4.328827,25.983044,99795.49,0.00035827802,2.9586303
2010-12-18 12:00:00,15.613098,5.7977905,110.47622,98956.086,8.949657e-05,3.358847
2010-12-19 12:00:00,5.544403,-3.311676,115.89836,100922.69,4.8447174e-07,4.5837345
2010-12-20 12:00:00,3.2634583,-5.0894165,109.54922,101435.83,5.626759e-07,1.445396
2010-12-21 12:00:00,3.8664856,-3.7024536,50.59498,101131.586,0.0,1.0829358
2010-12-22 12:00:00,2.2254028,-0.8898926,40.53371,99592.57,0.00027197672,0.98562145
2010-12-23 12:00:00,0.18572998,-5.9667664,90.60393,100303.86,5.3971758e-06,1.4462278
2010-12-24 12:00:00,1.3065796,-6.5297546,50.31895,100702.164,4.8132897e-06,1.5533739
2010-12-25 12:00:00,1.8480835,-2.3646545,47.185375,100381.51,1.4921467e-06,1.5290821
2010-12-26 12:00:00,4.5591125,-2.1528625,98.38262,100132.23,8.080527e-07,1.8397319
2010-12-27 12:00:00,4.4093323,-4.722809,98.50446,100203.43,2.6965447e-06,2.095954
2010-12-28 12:00:00,6.709259,-7.166443,107.32927,100728.52,1.6920822e-06,0.67296016
2010-12-29 12:00:00,10.878693,2.290741,69.27856,99531.13,0.0,3.3589265
2010-12-30 12:00:00,11.063446,6.6256104,15.393565,98159.21,0.00052106637,0.76167697
2010-12-31 12:00:00,6.317688,-2.782318,116.634926,98495.98,9.833109e-05,3.602643
2011-01-01 12:00:00,3.8894348,-10.124725,94.76557,100016.37,3.0438702e-07,1.1641037
2011-01-02 12:00:00,2.3565674,-1.8540955,53.22786,99857.305,1.796275e-05,0.9526024
2011-01-03 12:00:00,1.4407043,-9.518158,117.35105,100296.06,8.067562e-07,2.707817
2011-01-04 12:00:00,3.884552,-1.4924622,117.16224,100067.64,5.3148284e-08,4.61175
2011-01-05 12:00:00,6.7427063,-11.005951,117.76839,100283.01,2.2822073e-08,0.87404907
2011-01-06 12:00:00,4.7448425,-3.0630798,117.731674,99972.36,4.223817e-08,2.0825253
2011-01-07 12:00:00,-0.22976685,-10.758972,107.80186,101287.46,5.303926e-07,3.5062814
2011-01-08 12:00:00,-10.06308,-18.439804,126.98941,102089.21,2.5655674e-11,2.5883937
2011-01-09 12:00:00,-3.2636108,-15.076599,110.23532,101301.94,0.0,1.8624097
2011-01-10 12:00:00,-1.5038147,-4.8957214,47.806774,100420.46,1.6628461e-06,1.5959088
2011-01-11 12:00:00,-0.123687744,-10.890259,126.02444,99782.36,0.0,2.4164186
2011-01-12 12:00:00,8.9982605,-8.311127,120.869156,99069.39,2.7462934e-07,2.489177
2011-01-13 12:00:00,11.868164,3.370758,87.89672,98533.46,0.0,3.2979078
2011-01-14 12:00:00,12.566742,-4.080841,53.2351,98366.11,4.823619e-05,2.833353
2011-01-15 12:00:00,-4.2841187,-10.032684,80.24028,99988.445,2.4271833e-06,4.1588135
2011-01-16 12:00:00,-5.666687,-11.074127,116.35981,99985.664,2.713695e-06,3.9885995
2011-01-17 12:00:00,8.696869,-10.269653,91.37944,99773.89,3.7185196e-06,2.149023
2011-01-18 12:00:00,7.88797,-3.6699524,125.8371,100676.15,1.1669279e-05,1.9063551
2011-01-19 12:00:00,4.680084,-7.9988403,123.50516,101614.984,0.0,2.0542047
2011-01-20 12:00:00,2.416565,-1.4691162,19.396181,101108.84,7.345897e-05,2.1908393
2011-01-21 12:00:00,14.769226,1.8561401,102.11133,100760.75,2.5745574e-05,2.4396834
2011-01-22 12:00:00,13.69104,2.8425598,76.089035,100411.805,0.0,1.927549
2011-01-23 12:00:00,8.449432,1.1657104,19.415926,99420.9,7.273673e-05,1.7563177
2011-01-24 12:00:00,10.169952,4.569397,38.659405,97776.35,5.4233155e-05,0.77701163
2011-01-25 12:00:00,8.632385,3.3936157,66.1061,97527.41,4.052497e-05,2.7230332
2011-01-26 12:00:00,3.3380432,0.3010559,42.185707,98835.41,4.9047994e-05,3.7308037
2011-01-27 12:00:00,2.3823242,-8.773376,130.34758,100141.6,1.8931115e-06,2.012728
2011-01-28 12:00:00,1.4144287,-6.6023254,96.14638,100746.63,2.3053801e-06,1.2393821
2011-01-29 12:00:00,5.6142273,-8.633148,148.71205,100895.67,9.7922745e-09,1.9429353
2011-01-30 12:00:00,9.812866,-2.4718323,137.99423,100212.52,5.098605e-07,1.9067537
2011-01-31 12:00:00,4.7071533,-6.725281,150.57272,100026.01,2.1523093e-08,2.121059
2011-02-01 12:00:00,3.144287,-5.559967,75.59757,99711.3,3.5316552e-06,2.7844818
2011-02-02 12:00:00,0.47143555,-7.684021,121.68343,100001.89,8.080485e-06,1.6632334
2011-02-03 12:00:00,-0.3534851,-12.787048,158.24565,99932.805,3.1424753e-07,1.5804114
2011-02-04 12:00:00,0.4159546,-14.1710205,161.57916,100100.625,3.4877756e-10,1.2658197
2011-02-05 12:00:00,4.284851,-11.487701,163.28638,100322.625,3.989316e-09,1.1012139
2011-02-06 12:00:00,6.483246,-8.5971985,148.372,100060.54,1.2827837e-11,1.0181074
2011-02-07 12:00:00,8.0659485,-8.042175,168.31537,100395.3,0.0,1.7363312
2011-02-08 12:00:00,7.523987,-9.005981,168.4267,100720.03,2.9105903e-08,1.5801322
2011-02-09 12:00:00,9.153412,-7.040741,130.8388,100480.1,0.0,1.6708308
2011-02-10 12:00:00,7.197418,-3.7602844,121.84127,99919.664,2.2287834e-07,3.5980413
2011-02-11 12:00:00,4.706787,-4.48584,81.11436,99434.86,3.2533012e-06,2.6685941
2011-02-12 12:00:00,0.6314392,-6.1908875,179.97263,99703.57,1.6914726e-06,3.6134052
2011-02-13 12:00:00,-3.0766296,-12.887299,184.13179,100925.305,1.0555438e-07,3.5432646
2011-02-14 12:00:00,4.711334,-13.220337,184.39905,100897.54,0.0,2.5703003
2011-02-15 12:00:00,10.436981,-4.754944,178.90839,100464.95,0.0,2.4080596
2011-02-16 12:00:00,13.156189,-2.0908508,177.80069,99879.77,0.0,2.096155
2011-02-17 12:00:00,17.055908,-3.06781,179.47702,99897.87,0.0,1.3324822
2011-02-18 12:00:00,12.539215,1.9003296,186.52505,100153.6,0.0,1.7878718
2011-02-19 12:00:00,11.653107,-5.3912354,172.73003,100896.01,5.938374e-07,1.1436855
2011-02-20 12:00:00,17.00821,2.2841797,161.73553,100002.56,0.0,2.398168
2011-02-21 12:00:00,15.748718,4.5715027,89.863686,99305.125,0.00013623502,2.232951
2011-02-22 12:00:00,12.100403,-1.6367493,41.49104,98037.42,0.0006330169,5.7697854
2011-02-23 12:00:00,-1.7214661,-6.1825256,83.93586,99401.92,1.3863365e-05,5.5886703
2011-02-24 12:00:00,-3.200348,-10.998993,206.62344,100340.695,1.8918977e-08,3.0679083
2011-02-25 12:00:00,11.3376465,-11.858765,199.3239,100073.016,0.0,2.167264
2011-02-26 12:00:00,16.97461,-5.7776794,188.87503,99996.61,9.0260155e-09,2.1460054
2011-02-27 12:00:00,13.465363,10.859711,51.213707,99702.05,3.7872735e-05,3.6239736
2011-02-28 12:00:00,13.800659,12.120544,25.360384,98990.234,0.0003467227,3.5974329
2011-03-01 12:00:00,14.626251,7.7130127,49.246513,98096.125,0.00016218906,0.59787124
2011-03-02 12:00:00,7.7754517,-3.3267212,133.63754,99454.17,1.4551608e-05,4.5750003
2011-03-03 12:00:00,-1.6925964,-9.403595,165.4098,100100.65,1.3245585e-07,2.3995662
2011-03-04 12:00:00,0.61279297,-10.135101,214.70755,100476.3,0.0,2.4118242
2011-03-05 12:00:00,2.5444946,-5.929596,158.97478,100509.94,0.0,1.8246431
2011-03-06 12:00:00,6.813568,-7.389679,222.73097,100153.82,8.397603e-08,1.6628917
2011-03-07 12:00:00,8.549957,-2.5718079,119.184326,99730.39,1.8113802e-05,2.3523614
2011-03-08 12:00:00,10.293579,-4.1348267,227.69385,100401.32,0.0,1.8004445
2011-03-09 12:00:00,18.533386,1.3383179,209.72932,99847.05,0.0,3.2358313
2011-03-10 12:00:00,16.849762,8.916748,130.17047,99420.914,3.276957e-06,3.2769513
2011-03-11 12:00:00,19.114563,12.230072,202.63603,99198.305,0.000110387766,2.6953988
2011-03-12 12:00:00,15.139252,1.5570068,190.52466,100539.43,1.8629771e-06,2.739511
2011-03-13 12:00:00,12.4436035,2.5593567,118.43016,100404.29,1.9922413e-06,3.1941772
2011-03-14 12:00:00,16.982819,8.604187,94.02222,98932.69,0.00038302268,1.5260648
2011-03-15 12:00:00,13.394318,5.7521667,96.9834,98935.95,1.4735612e-05,2.4093208
2011-03-16 12:00:00,13.366089,5.379181,180.69012,99739.99,9.8260725e-06,3.5202456
2011-03-17 12:00:00,15.328339,5.7808533,206.74786,100163.59,3.6704552e-08,2.200887
2011-03-18 12:00:00,15.54718,4.6021423,205.417,99877.85,7.3257925e-06,2.6125572
2011-03-19 12:00:00,11.456512,2.7644958,210.8986,100220.6,4.6040228e-07,2.3829486
2011-03-20 12:00:00,11.572662,-0.6925049,241.75273,100626.484,6.720299e-07,1.4603068
2011-03-21 12:00:00,13.89212,0.5645447,181.709,100440.74,0.0,2.1010277
2011-03-22 12:00:00,15.226288,4.888336,237.28769,100259.805,0.0,2.708183
2011-03-23 12:00:00,16.478241,3.1963196,257.14868,100228.336,0.0,2.5869539
2011-03-24 12:00:00,17.319672,5.176117,237.85759,99687.72,0.0,3.4502892
2011-03-25 12:00:00,15.631073,11.026489,65.13596,99187.98,9.268055e-05,2.4707084
2011-03-26 12:00:00,14.851898,10.158234,87.48282,98729.72,0.000122233,1.8891023
2011-03-27 12:00:00,13.432587,8.332977,76.53483,98800.195,0.00011611375,2.9570172
2011-03-28 12:00:00,11.493622,6.600952,58.04498,99227.086,6.58214e-05,2.4871306
2011-03-29 12:00:00,9.363159,2.0280762,150.68265,99363.59,2.3395112e-06,1.7682974
2011-03-30 12:00:00,13.534119,2.7679138,258.26233,99489.3,3.0409888e-06,1.4955549
2011-03-31 12:00:00,20.446167,4.77713,268.96725,99327.7,0.0,3.3369508
2011-04-01 12:00:00,24.321045,14.513245,148.9199,99212.516,5.3084426e-05,2.4488275
2011-04-02 12:00:00,15.38562,5.8759155,45.25802,100027.23,0.00018191096,3.531273
2011-04-03 12:00:00,14.62854,5.0543823,95.80424,100142.89,6.74231e-06,2.5443819
2011-04-04 12:00:00,13.885834,8.623535,74.10721,99744.46,9.895821e-05,2.5785344
2011-04-05 12:00:00,11.908569,5.523285,135.25623,99915.164,9.7974425e-06,2.3589349
2011-04-06 12:00:00,16.407013,3.7516785,205.88048,99830.0,0.0,1.3249872
2011-04-07 12:00:00,14.901276,9.039856,77.659775,99286.91,2.7980974e-05,1.8882769
2011-04-08 12:00:00,13.795898,5.552948,155.94972,98884.016,3.3790235e-05,2.3133883
2011-04-09 12:00:00,15.91684,4.894989,297.49777,99184.984,0.0,2.5489528
2011-04-10 12:00:00,22.613586,5.7970276,293.68777,99078.08,0.0,3.031782
2011-04-11 12:00:00,20.33139,6.3678894,293.10245,99848.01,9.115023e-05,3.389733
2011-04-12 12:00:00,16.414185,0.86486816,304.98053,100424.27,4.3808397e-09,1.4882135
2011-04-13 12:00:00,21.34262,5.8005066,244.3703,100275.76,4.2374353e-09,1.5329287
2011-04-14 12:00:00,24.64972,10.394043,296.76584,100281.43,0.0,1.930046
2011-04-15 12:00:00,24.38852,10.027466,300.43832,100625.24,0.0,2.2667458
2011-04-16 12:00:00,24.006409,7.40036,308.9025,100662.195,0.0,2.1710331
2011-04-17 12:00:00,24.836945,7.859955,307.96136,100421.414,0.0,1.7711341
2011-04-18 12:00:00,25.746887,10.264679,255.63132,99692.32,2.1292242e-06,1.2111046
2011-04-19 12:00:00,22.834045,15.190399,126.300896,98845.3,9.0111265e-05,1.7718209
2011-04-20 12:00:00,15.9817505,8.095551,124.09211,99135.53,0.000115065865,3.3517056
2011-04-21 12:00:00,18.42865,2.932129,320.05084,99682.266,0.0,2.0611596
2011-04-22 12:00:00,18.168427,8.474335,129.14938,99311.18,4.150969e-05,3.2786152
2011-04-23 12:00:00,22.59845,13.597015,239.04303,99304.125,0.00032452,3.6366453
2011-04-24 12:00:00,19.64798,12.243195,249.66037,99819.95,1.7682267e-05,1.4230449
2011-04-25 12:00:00,24.742004,9.100098,291.11554,100094.82,0.0,0.9423661
2011-04-26 12:00:00,23.180725,15.982178,122.42563,100019.625,2.6455602e-05,3.0825198
2011-04-27 12:00:00,25.512268,14.741272,261.07193,100022.48,0.000102460515,2.626212
2011-04-28 12:00:00,28.075378,14.47467,302.1245,100063.6,1.4195253e-07,2.2617884
2011-04-29 12:00:00,26.078918,15.023926,258.4506,99774.19,5.899729e-07,2.4291654
2011-04-30 12:00:00,23.904663,15.703247,35.388855,99230.664,0.00047174408,1.94522
2011-05-01 12:00:00,24.099915,11.532074,230.78406,99652.47,4.1671075e-07,0.9662837
2011-05-02 12:00:00,27.315887,15.194153,311.09763,99657.81,4.903594e-06,1.5518049
2011-05-03 12:00:00,29.704681,15.81955,320.2477,99210.85,0.0,1.0436767
2011-05-04 12:00:00,29.503845,17.79187,296.5324,98608.15,0.0,2.4186254
2011-05-05 12:00:00,30.357635,17.738403,312.39883,98450.38,0.0,1.0720192
2011-05-06 12:00:00,29.812561,16.587494,311.68033,98549.695,1.6213604e-05,2.3278153
2011-05-07 12:00:00,27.672363,16.477997,293.5496,98379.27,0.00010317711,4.3121123
2011-05-08 12:00:00,22.650757,13.102509,326.746,99439.44,5.708836e-06,3.181786
2011-05-09 12:00:00,21.764343,12.381897,137.98473,100261.125,1.1740706e-06,2.0550416
2011-05-10 12:00:00,16.772522,11.805206,95.496414,100438.07,7.9561614e-05,1.6952573
2011-05-11 12:00:00,18.41983,7.920807,255.21626,100157.49,6.9289863e-06,1.2000142
2011-05-12 12:00:00,23.194244,9.545685,304.94373,100241.94,1.0358147e-08,1.7420473
2011-05-13 12:00:00,24.092712,11.084534,338.36737,100603.29,0.0,1.7061037
2011-05-14 12:00:00,23.509125,12.323883,334.39047,100789.164,0.0,2.367758
2011-05-15 12:00:00,25.532288,12.865601,297.7651,100679.99,0.0,2.5421605
2011-05-16 12:00:00,26.24646,11.793793,346.31442,100590.125,0.0,1.9397467
2011-05-17 12:00:00,27.834106,12.665894,311.0771,100646.31,0.0,0.948933
2011-05-18 12:00:00,29.913513,18.091095,265.1851,100304.18,0.0,1.0654886
2011-05-19 12:00:00,28.94104,16.816925,264.6199,99977.87,0.0,2.2537282
2011-05-20 12:00:00,29.205719,13.035004,348.94888,99801.7,0.0,1.8262691
2011-05-21 12:00:00,30.284485,12.61969,351.91873,99555.375,0.0,1.7564704
2011-05-22 12:00:00,29.091827,16.14804,160.87161,99403.78,3.2459036e-05,1.2039623
2011-05-23 12:00:00,25.91156,17.998718,213.6118,98901.695,0.00048256377,1.2382398
2011-05-24 12:00:00,25.078918,17.018646,160.72836,98950.13,0.00046220256,1.6108187
2011-05-25 12:00:00,21.335876,11.283508,316.99918,99781.85,4.8028834e-08,2.7277708
2011-05-26 12:00:00,23.427124,8.48941,356.06024,100014.8,0.0,1.8110962
2011-05-27 12:00:00,27.57785,10.916962,355.3296,99889.85,0.0,1.6095732
2011-05-28 12:00:00,26.220642,13.059326,322.018,99877.86,0.0,1.6357763
2011-05-29 12:00:00,23.278625,9.034576,362.75525,100341.88,0.0,1.7282739
2011-05-30 12:00:00,26.292511,9.949585,359.42432,100122.195,0.0,1.3797355
2011-05-31 12:00:00,29.660614,14.694824,285.52377,99566.82,0.0,3.2897823
2011-06-01 12:00:00,27.524292,19.758423,154.77873,99208.375,3.472437e-06,3.5731552
2011-06-02 12:00:00,24.719635,17.774628,125.560394,99268.32,0.00032869034,2.472496
2011-06-03 12:00:00,22.503662,16.417786,207.32341,99971.19,7.8303465e-06,1.6869154
2011-06-04 12:00:00,26.67215,15.345856,346.83243,100231.195,4.3614645e-10,1.4584216
2011-06-05 12:00:00,29.678375,16.524078,288.12003,100089.2,0.0,2.1417015
2011-06-06 12:00:00,28.322113,19.686005,178.83807,99398.84,0.00025938405,2.6623135
2011-06-07 12:00:00,26.243927,18.13211,266.7745,99682.32,6.009294e-06,2.0903478
2011-06-08 12:00:00,29.686981,17.810394,359.9138,100176.836,0.0,1.5315913
2011-06-09 12:00:00,32.447906,18.519531,349.31744,100214.15,0.0,1.5717497
2011-06-10 12:00:00,33.662872,19.33789,349.17148,100152.58,0.0,1.5537745
2011-06-11 12:00:00,35.263306,19.89328,351.4955,100099.07,0.0,1.7694553
2011-06-12 12:00:00,35.212433,21.022095,332.47144,100170.08,0.0,1.6899965
2011-06-13 12:00:00,35.97278,23.067017,259.22818,99978.79,1.8177002e-06,0.7972004
2011-06-14 12:00:00,33.750397,22.66632,278.77277,99993.336,1.6508062e-06,2.2024271
2011-06-15 12:00:00,33.111572,20.501556,351.5886,100059.39,0.0,1.8813765
2011-06-16 12:00:00,34.649475,19.120422,340.82666,100066.69,0.0,1.8567265
2011-06-17 12:00:00,33.69629,24.117126,335.05746,100003.805,0.0,2.4480095
2011-06-18 12:00:00,34.185394,23.594727,321.3157,99831.98,2.4758438e-05,2.1065137
2011-06-19 12:00:00,32.927826,22.22525,223.0,99694.164,6.260909e-05,0.8929409
2011-06-20 12:00:00,32.570587,22.347107,285.06256,99683.3,4.5633413e-05,0.40812004
2011-06-21 12:00:00,34.785492,23.276245,325.05685,99556.445,2.112206e-06,2.2516823
2011-06-22 12:00:00,33.94333,24.64331,313.9509,99515.06,0.0,2.9564512
2011-06-23 12:00:00,34.08838,23.995209,329.28537,99732.37,0.0,2.8840203
2011-06-24 12:00:00,35.739563,25.547913,291.22916,99784.63,5.0375867e-05,1.7410561
2011-06-25 12:00:00,32.406708,20.771942,281.17047,100161.03,3.4926583e-05,2.0516849
2011-06-26 12:00:00,36.388794,22.433044,340.02475,99886.5,1.3166889e-06,1.2297603
2011-06-27 12:00:00,35.015747,25.211609,256.36737,99559.24,6.925479e-05,2.0909982
2011-06-28 12:00:00,34.832977,23.362213,300.15866,99480.875,3.463155e-05,1.4921594
2011-06-29 12:00:00,34.360962,25.47525,203.27998,99528.27,2.859771e-07,2.1294525
2011-06-30 12:00:00,34.06189,19.272491,359.68945,99950.6,0.0,3.2724555
2011-07-01 12:00:00,32.18033,18.643646,358.78638,100360.98,0.0,2.6359212
2011-07-02 12:00:00,33.90674,18.918732,356.03708,100249.05,0.0,2.0681758
2011-07-03 12:00:00,35.507233,19.571106,354.5695,99909.84,0.0,0.87547475
2011-07-04 12:00:00,37.437958,21.185455,354.61316,99713.77,0.0,1.9123119
2011-07-05 12:00:00,38.826477,22.805725,352.1264,99838.71,0.0,2.396609
2011-07-06 12:00:00,38.400635,24.87677,303.076,100194.31,0.0,2.1889186
2011-07-07 12:00:00,39.048676,24.49942,310.24146,100234.125,7.4220143e-06,1.3598621
2011-07-08 12:00:00,39.932404,24.556824,322.66177,100013.48,0.0,2.1586425
2011-07-09 12:00:00,40.90695,25.928558,321.54816,99758.56,1.4303347e-08,2.4530203
2011-07-10 12:00:00,40.562897,27.270264,317.8829,99850.02,9.096573e-06,2.12414
2011-07-11 12:00:00,40.89212,25.609344,292.56604,99980.52,2.1432887e-05,1.079914
2011-07-12 12:00:00,40.888,25.040833,268.48044,99915.09,8.2942635e-05,0.48469087
2011-07-13 12:00:00,40.186188,24.483063,319.8959,99943.39,1.6258962e-05,1.1179732
2011-07-14 12:00:00,40.776276,24.974274,321.72617,99887.69,6.098002e-06,0.81480443
2011-07-15 12:00:00,41.380096,28.080505,318.58362,99965.21,6.895881e-07,1.8143848
2011-07-16 12:00:00,40.39691,26.94342,263.3983,100081.37,1.3879064e-05,1.3221412
2011-07-17 12:00:00,38.33255,24.957703,304.6811,100048.15,3.3835627e-06,2.1040266
2011-07-18 12:00:00,36.271484,24.062653,340.60266,100198.24,0.0,3.892877
2011-07-19 12:00:00,31.59372,18.382477,352.19098,100424.03,0.0,3.290583
2011-07-20 12:00:00,32.896423,16.734467,345.1417,100552.234,0.0,2.4782863
2011-07-21 12:00:00,36.63205,20.017303,276.58487,100003.77,5.3916386e-07,1.2257929
2011-07-22 12:00:00,35.625397,21.361725,88.85499,99549.58,0.00012968706,0.74220127
2011-07-23 12:00:00,35.09543,21.070618,313.42725,99328.375,1.7922843e-05,1.1088893
2011-07-24 12:00:00,39.024414,21.784332,334.63474,99522.11,0.0,1.4978342
2011-07-25 12:00:00,40.543457,24.795197,270.31552,99597.016,3.1904277e-05,0.6333256
2011-07-26 12:00:00,41.166992,23.619171,327.7878,99617.36,3.352205e-05,1.8248026
2011-07-27 12:00:00,41.40155,27.232513,330.70154,99763.95,0.0,2.212406
2011-07-28 12:00:00,41.86023,27.031708,331.04465,99842.15,0.0,2.112973
2011-07-29 12:00:00,41.93463,23.744751,309.66913,99903.53,1.3155266e-05,0.71291524
2011-07-30 12:00:00,38.787567,23.160461,299.30023,100197.75,2.4131414e-05,1.6702594
2011-07-31 12:00:00,38.47177,23.301819,320.80914,100140.23,0.0,0.5988667
2011-08-01 12:00:00,39.52057,25.2388,323.6758,99615.7,0.0,2.0921218
2011-08-02 12:00:00,40.273468,27.535522,265.02533,99053.56,3.6006488e-06,3.0783565
2011-08-03 12:00:00,38.585175,24.003876,312.02844,98958.19,1.9318108e-05,2.7457392
2011-08-04 12:00:00,36.503387,22.644745,254.29109,99340.73,2.7549946e-05,2.0941706
2011-08-05 12:00:00,39.51422,24.636719,244.88121,99708.79,5.5621695e-06,1.3613878
2011-08-06 12:00:00,39.518463,23.512115,288.9178,99970.87,3.4639426e-05,1.4083087
2011-08-07 12:00:00,33.745483,21.565826,248.50185,100253.55,6.490031e-05,0.4647464
2011-08-08 12:00:00,38.141388,23.339539,321.15338,100151.61,0.0,0.81899196
2011-08-09 12:00:00,37.425385,25.28238,266.53122,100002.17,2.2898037e-07,1.713226
2011-08-10 12:00:00,38.12442,25.192963,267.99762,99936.586,0.0,0.97018856
2011-08-11 12:00:00,38.414917,25.728455,309.04984,99944.914,0.0,1.7811979
2011-08-12 12:00:00,38.793976,27.605408,285.42368,99911.72,0.0,1.4682119
2011-08-13 12:00:00,37.68402,24.059875,249.33548,99888.516,0.00010727949,1.1613773
2011-08-14 12:00:00,40.47873,26.248138,303.88474,99762.28,0.0,1.4613951
2011-08-15 12:00:00,41.05838,23.413513,296.68372,99782.1,0.0,0.8225439
2011-08-16 12:00:00,40.948517,25.615875,257.10883,99744.76,2.5035786e-07,0.63539106
2011-08-17 12:00:00,40.665405,24.974426,287.42664,99677.76,0.0,1.7379345
2011-08-18 12:00:00,41.211456,25.98407,292.84128,99544.33,6.354653e-06,1.4806535
2011-08-19 12:00:00,39.86975,24.978485,285.75708,99605.414,5.2962067e-05,0.7649135
2011-08-20 12:00:00,38.206482,25.345459,290.84335,99769.33,0.0,2.5780053
2011-08-21 12:00:00,35.735687,25.572601,244.71999,100035.1,0.0,2.8932211
2011-08-22 12:00:00,35.511444,23.829132,242.9763,99941.96,0.0,1.7529676
2011-08-23 12:00:00,37.248077,25.137573,292.83414,99842.38,0.0,2.3025997
2011-08-24 12:00:00,38.690704,27.385834,289.737,99908.74,0.0,2.5325317
2011-08-25 12:00:00,39.45404,27.496826,283.8876,100141.63,0.0,1.8720429
2011-08-26 12:00:00,39.897247,28.20279,276.56134,100315.766,0.0,1.3999503
2011-08-27 12:00:00,39.916443,26.862885,262.10416,100322.27,9.717328e-06,1.7289991
2011-08-28 12:00:00,39.4281,26.588318,277.93066,100374.67,0.0,1.914721
2011-08-29 12:00:00,39.948975,27.005707,276.88004,100207.42,0.0,1.7734165
2011-08-30 12:00:00,40.535095,27.165009,239.18886,99811.51,0.0,1.3224097
2011-08-31 12:00:00,40.191193,30.665924,202.42078,99445.44,0.0,1.6468767
2011-09-01 12:00:00,40.331146,27.691498,247.26222,99248.38,3.750042e-06,1.8929638
2011-09-02 12:00:00,39.56537,26.100159,199.74593,99136.68,2.9969608e-05,1.1637703
2011-09-03 12:00:00,38.2493,22.343048,273.33258,99324.17,1.3369723e-05,1.4196188
2011-09-04 12:00:00,35.444244,21.078308,280.1649,99739.36,0.0,2.387395
2011-09-05 12:00:00,37.62738,17.420929,279.78268,99435.77,0.0,0.93797016
2011-09-06 12:00:00,33.734497,20.091248,260.80444,99601.8,1.9411997e-08,4.181567
2011-09-07 12:00:00,24.905243,15.555695,277.87906,100263.88,3.8772323e-09,2.831377
2011-09-08 12:00:00,29.16623,13.070923,277.23352,100375.125,0.0,1.4909056
2011-09-09 12:00:00,33.67099,16.154236,274.105,100344.125,0.0,1.1205218
2011-09-10 12:00:00,32.39258,17.405334,263.44122,100393.79,0.0,1.7789471
2011-09-11 12:00:00,35.927307,16.916504,265.6378,100055.81,0.0,1.5931374
2011-09-12 12:00:00,36.537476,20.079498,265.0205,99901.18,0.0,2.7119567
2011-09-13 12:00:00,35.88089,22.389221,260.62567,99991.086,0.0,2.5013702
2011-09-14 12:00:00,36.526978,20.16092,259.44263,100022.05,0.0,1.82338
2011-09-15 12:00:00,37.058258,18.992493,244.90938,100040.1,0.0,1.8320075
2011-09-16 12:00:00,37.995575,20.64746,233.74643,100017.055,3.9687866e-06,1.8152654
2011-09-17 12:00:00,35.343384,19.293823,227.3364,100141.43,6.9828835e-05,1.4486153
2011-09-18 12:00:00,34.84427,19.99997,244.11244,100011.234,1.2745459e-05,1.8535489
2011-09-19 12:00:00,35.78662,24.034424,237.5317,99813.31,0.0,2.9176366
2011-09-20 12:00:00,36.236755,25.017456,213.72475,100009.375,1.1364156e-05,2.407592
2011-09-21 12:00:00,34.085266,21.899292,158.70383,100178.68,4.784107e-06,1.6167983
2011-09-22 12:00:00,33.17737,23.697052,207.19646,99942.23,1.1557375e-05,1.9255512
2011-09-23 12:00:00,33.742584,22.348846,214.5951,99588.734,0.0,2.1197693
2011-09-24 12:00:00,35.616455,24.364166,229.7049,99289.58,0.0,2.9470937
2011-09-25 12:00:00,33.23001,20.590637,225.2921,99615.89,2.9858315e-05,0.48771107
2011-09-26 12:00:00,32.617004,20.457672,195.62712,99711.695,3.828579e-05,1.7951452
2011-09-27 12:00:00,34.47577,26.806885,222.43965,99534.445,3.944356e-06,3.828904
2011-09-28 12:00:00,27.809814,18.349335,159.44637,99857.17,1.1612831e-05,1.9161893
2011-09-29 12:00:00,21.766846,17.451355,62.75356,99661.12,9.433209e-05,0.5589108
2011-09-30 12:00:00,18.180176,11.065186,59.40713,99981.46,2.0516685e-05,3.145861
2011-10-01 12:00:00,15.872681,9.332764,165.91824,99846.02,2.1037927e-06,2.5126963
2011-10-02 12:00:00,14.039795,6.9611206,107.87454,99606.336,6.7501605e-06,2.178689
2011-10-03 12:00:00,23.086517,5.3533936,221.65715,99951.875,2.377764e-10,1.6195276
2011-10-04 12:00:00,22.378967,8.762024,217.77295,101057.01,0.0,1.7960988
2011-10-05 12:00:00,23.336487,9.326782,218.53764,101256.086,0.0,1.9012913
2011-10-06 12:00:00,24.123077,7.6375427,219.83879,100905.43,0.0,1.9391822
2011-10-07 12:00:00,22.65918,12.282684,141.17581,100387.164,0.0,2.06617
2011-10-08 12:00:00,22.618347,16.417297,89.50514,100025.586,5.8047335e-06,1.4739838
2011-10-09 12:00:00,24.065857,16.182922,163.97697,99870.25,3.1345728e-05,1.3886348
2011-10-10 12:00:00,27.161713,13.636017,197.73383,99788.664,0.0,1.4599364
2011-10-11 12:00:00,32.823364,14.539001,201.58276,99567.89,0.0,2.4748108
2011-10-12 12:00:00,35.086212,13.8862915,201.09503,99445.46,0.0,1.8890178
2011-10-13 12:00:00,33.094177,15.366516,200.08203,99342.266,0.0,1.6402417
2011-10-14 12:00:00,29.104462,19.806274,106.44757,98933.96,3.3080048e-06,4.4811487
2011-10-15 12:00:00,23.889648,18.063873,74.63277,98699.08,0.00013922961,5.7068357
2011-10-16 12:00:00,18.52594,8.652832,198.89575,99570.94,1.5635247e-05,3.0142343
2011-10-17 12:00:00,13.179016,3.4806824,195.886,100039.55,0.0,2.5707886
2011-10-18 12:00:00,11.985626,1.4507751,177.19344,100406.09,7.913062e-06,2.6278641
2011-10-19 12:00:00,9.808716,0.67819214,192.87242,101388.31,1.4829979e-07,2.3572693
2011-10-20 12:00:00,15.243683,-1.0802612,181.82993,102031.414,7.773817e-09,1.0871371
2011-10-21 12:00:00,19.144958,4.17334,172.5382,101736.72,0.0,2.6165147
2011-10-22 12:00:00,24.51181,7.014374,179.37439,101120.21,0.0,2.2128177
2011-10-23 12:00:00,25.742004,7.998413,178.37323,100463.086,0.0,1.6117209
2011-10-24 12:00:00,27.19043,9.3927,176.35,100195.85,0.0,1.8465751
2011-10-25 12:00:00,24.17331,11.018188,122.219795,99969.45,0.0,2.5694077
2011-10-26 12:00:00,20.866852,10.014709,65.12489,99685.99,0.00017643908,2.3502812
2011-10-27 12:00:00,16.506836,5.4447937,170.86458,99727.016,1.9251033e-06,1.38036
2011-10-28 12:00:00,18.314606,10.140564,89.743195,99462.57,5.753787e-06,3.2529993
2011-10-29 12:00:00,22.04306,16.260986,105.193474,99357.484,2.1613085e-05,3.448317
2011-10-30 12:00:00,19.150604,15.825806,62.912083,98845.89,0.00030330505,3.6144874
2011-10-31 12:00:00,15.679016,9.252716,98.5791,99252.29,5.616491e-05,1.8480732
2011-11-01 12:00:00,13.78067,6.5422974,65.82945,99522.93,2.4602374e-05,2.2321634
2011-11-02 12:00:00,14.662109,6.963745,162.29585,100702.53,0.0,2.7357285
2011-11-03 12:00:00,16.710022,3.4033508,128.60826,100841.836,0.0,1.9537705
2011-11-04 12:00:00,18.068848,8.843292,154.34956,100233.74,0.0,0.74154305
2011-11-05 12:00:00,21.27069,6.8956604,129.21886,100111.516,0.0,1.9542128
2011-11-06 12:00:00,20.873932,11.353973,96.30181,99869.76,0.0,2.5686455
2011-11-07 12:00:00,20.91452,15.395813,64.815125,99902.54,2.1638202e-06,1.5321938
2011-11-08 12:00:00,18.743622,15.874512,29.892818,99919.23,5.1298364e-05,2.896182
2011-11-09 12:00:00,19.847107,16.788696,33.84785,99829.414,0.00012722994,1.9618045
2011-11-10 12:00:00,18.646973,16.241608,25.339048,99883.4,7.559786e-05,1.0968382
2011-11-11 12:00:00,18.963226,14.492432,77.91616,99310.29,0.0002360902,0.39081234
2011-11-12 12:00:00,17.431458,10.002197,91.09172,98789.086,0.00018690749,3.1048212
2011-11-13 12:00:00,14.229889,5.766693,94.453026,98748.12,6.695933e-06,3.0478432
2011-11-14 12:00:00,10.1762085,2.1672974,141.48424,99881.92,0.0,2.0739055
2011-11-15 12:00:00,16.588837,5.9086914,109.48888,99392.164,0.0,4.080316
2011-11-16 12:00:00,15.892395,5.7469482,31.533588,97846.875,0.0002757298,3.1372323
2011-11-17 12:00:00,9.6657715,1.6637878,122.85591,98803.03,9.828911e-06,3.2331393
2011-11-18 12:00:00,12.841675,1.3231812,77.38335,99541.3,5.8665937e-06,3.0586655
2011-11-19 12:00:00,17.791565,3.8666687,44.38803,99552.2,0.00012814005,1.5722952
2011-11-20 12:00:00,3.991516,0.14682007,29.47496,100588.54,0.00045793472,3.634733
2011-11-21 12:00:00,0.56640625,-0.032196045,36.64016,99927.7,0.00036045638,4.347726
2011-11-22 12:00:00,0.22525024,-4.4013977,69.83442,99694.27,3.938734e-05,2.9917176
2011-11-23 12:00:00,3.168518,-12.367462,132.31111,99978.77,3.5729207e-07,2.0383108
2011-11-24 12:00:00,5.7106934,-4.240906,129.27463,100203.61,0.0,1.2327616
2011-11-25 12:00:00,2.3437805,-11.694214,120.013374,101146.15,2.6799358e-07,0.5493705
2011-11-26 12:00:00,6.642456,-2.1044922,113.73269,100431.484,0.0,1.0557401
2011-11-27 12:00:00,8.259491,-5.3145447,114.45178,100556.23,0.0,2.2256951
2011-11-28 12:00:00,14.196014,7.362152,70.89438,99747.95,2.786837e-05,4.432166
2011-11-29 12:00:00,12.451172,-1.9885559,51.739437,100615.8,0.0001237926,3.347212
2011-11-30 12:00:00,3.4517212,-10.605988,124.63844,101641.27,3.649694e-08,1.5295858
2011-12-01 12:00:00,10.93045,-6.5537415,121.97317,100845.37,0.0,2.5130112
2011-12-02 12:00:00,11.464813,-3.5977783,105.158356,100196.73,0.0,2.3007514
2011-12-03 12:00:00,8.651764,2.3377686,61.942413,100320.195,0.00012831946,2.620139
2011-12-04 12:00:00,3.3868103,-6.2424927,122.58909,101424.93,3.4789933e-09,2.0271094
2011-12-05 12:00:00,2.1134949,-7.292053,107.394745,101428.51,5.3823646e-07,1.8064162
2011-12-06 12:00:00,2.3008423,-7.8323975,112.60583,101568.234,1.3928009e-06,0.31324553
2011-12-07 12:00:00,6.465149,-4.8434143,112.33725,101032.984,4.7440307e-07,1.9453893
2011-12-08 12:00:00,7.9837646,-3.8536072,83.322395,100473.14,1.5094585e-07,2.1559818
2011-12-09 12:00:00,7.715576,4.3450623,91.88532,99894.49,5.0927715e-06,3.0197356
2011-12-10 12:00:00,6.727722,2.052185,115.842735,100293.65,2.58796e-07,4.441706
2011-12-11 12:00:00,3.7686768,-2.015747,40.585064,100546.16,4.1901094e-06,3.747716
2011-12-12 12:00:00,1.5873718,-3.3950195,89.99343,100605.29,2.3589519e-06,2.4257069
2011-12-13 12:00:00,0.24658203,-4.964142,51.702385,100366.1,5.9103727e-06,1.673365
2011-12-14 12:00:00,-1.6213379,-11.476257,112.430145,100880.08,5.2150165e-07,1.3230326
2011-12-15 12:00:00,2.4439697,-8.9036255,92.43281,100984.23,1.2549621e-07,1.8741877
2011-12-16 12:00:00,5.194153,-7.763672,110.91707,100844.805,6.7972206e-07,1.9723806
2011-12-17 12:00:00,3.0445251,-7.8612976,68.57478,100506.305,9.765272e-07,0.9269958
2011-12-18 12:00:00,3.3793945,-5.666565,90.89771,100466.28,1.6313519e-06,2.2089505
2011-12-19 12:00:00,8.078217,-7.2187195,102.92036,100011.82,1.1212638e-06,2.0526998
2011-12-20 12:00:00,16.911102,5.0610046,107.74231,98798.97,0.0,2.8846366
2011-12-21 12:00:00,21.086182,4.240448,101.70538,98047.516,0.0,2.793629
2011-12-22 12:00:00,15.881531,1.8633118,48.013252,98179.52,8.247545e-05,2.6925356
2011-12-23 12:00:00,8.112427,0.56185913,112.01197,99512.21,1.3899806e-07,3.0601676
2011-12-24 12:00:00,8.049011,0.71487427,44.02081,99189.1,3.7367354e-06,2.3490062
2011-12-25 12:00:00,6.9348145,2.4121094,91.06345,99467.01,2.0471996e-06,4.8383884
2011-12-26 12:00:00,2.5533142,-3.813385,109.135376,100546.305,3.3768877e-06,3.1670785
2011-12-27 12:00:00,-0.4918213,-8.154999,42.85885,100912.32,1.1766506e-05,1.0224663
2011-12-28 12:00:00,-0.2649231,-3.0465393,54.862724,100948.2,3.860777e-05,1.6360017
2011-12-29 12:00:00,-0.3136902,-4.229126,49.937946,100893.57,5.0724743e-06,0.8026995
2011-12-30 12:00:00,1.4999695,-4.363922,45.229298,99881.78,2.6434948e-06,3.0405056
2011-12-31 12:00:00,10.951965,1.5290222,27.770256,98981.95,5.069374e-05,3.7456205
2012-01-01 12:00:00,11.828827,-1.6359253,68.724365,98412.54,0.00020650882,3.4587207
2012-01-02 12:00:00,4.33136,-4.1168823,117.785,99928.5,1.0428033e-06,4.157051
2012-01-03 12:00:00,0.18136597,-8.982208,67.06044,100914.72,1.483636e-06,1.2917161
2012-01-04 12:00:00,-2.8442993,-7.557068,101.99171,100953.39,4.681486e-06,2.0465178
2012-01-05 12:00:00,-1.2210999,-12.889526,81.32364,100443.13,5.004214e-08,1.4181943
2012-01-06 12:00:00,8.314209,-3.3310242,116.12518,100071.58,0.0,2.2080462
2012-01-07 12:00:00,10.308624,-2.8860168,99.599434,99643.24,0.0,1.497917
2012-01-08 12:00:00,4.1571655,-4.471039,122.80259,100189.98,0.0,3.6730316
2012-01-09 12:00:00,4.981262,-9.028046,64.370094,99765.75,2.6881576e-06,1.2360547
2012-01-10 12:00:00,1.5836182,-4.0102844,124.113976,99676.83,6.426363e-05,1.9509624
2012-01-11 12:00:00,-0.53448486,-9.87442,119.61268,101033.805,1.7914107e-06,3.8177602
2012-01-12 12:00:00,-0.4614563,-16.297028,125.38894,101784.6,3.2492666e-09,1.2115786
2012-01-13 12:00:00,0.19979858,-4.920471,33.390663,101325.27,9.417073e-05,2.7644198
2012-01-14 12:00:00,0.27072144,-2.2918396,80.60688,100755.016,1.5188564e-05,1.7259201
2012-01-15 12:00:00,0.027526855,-9.091034,132.03804,100985.305,8.613293e-07,3.4435303
2012-01-16 12:00:00,4.7701416,-12.79126,80.226006,100219.086,0.0,2.1036117
2012-01-17 12:00:00,8.141388,-3.3177795,52.227043,99311.49,1.36853905e-05,2.0029123
2012-01-18 12:00:00,7.7756042,1.269165,81.798744,99318.65,0.00012150061,0.7526599
2012-01-19 12:00:00,15.751465,-0.6251831,125.70903,100023.74,0.0,2.6925507
2012-01-20 12:00:00,17.128906,1.0803223,115.01954,100064.086,0.0,2.5288196
2012-01-21 12:00:00,17.358368,5.307007,93.61414,99495.23,0.0,3.0502043
2012-01-22 12:00:00,16.57724,3.118042,26.3285,99502.766,6.742503e-05,2.3717206
2012-01-23 12:00:00,3.1063538,-7.60614,129.50508,100947.76,1.8541805e-06,2.4763184
2012-01-24 12:00:00,-1.3720703,-10.287842,141.5284,101297.4,3.927993e-07,3.5851862
2012-01-25 12:00:00,1.8206787,-9.135834,144.47592,100770.66,0.0,2.0879416
2012-01-26 12:00:00,10.966644,-5.7002563,138.71593,100321.875,0.0,2.1816423
2012-01-27 12:00:00,15.719513,-0.2609558,140.13542,99487.07,0.0,2.519918
2012-01-28 12:00:00,15.381744,4.921417,123.927765,98488.98,0.0,3.5743067
2012-01-29 12:00:00,13.726166,0.1979065,89.416725,98970.7,6.8677855e-06,5.238866
2012-01-30 12:00:00,2.7553406,-4.298401,152.06667,99996.97,3.5666464e-10,3.4979205
2012-01-31 12:00:00,1.9809875,-2.273346,67.71849,99792.35,2.1484739e-05,0.27932242
2012-02-01 12:00:00,4.5516663,-2.7747192,132.54141,99985.12,1.194826e-05,1.7680374
2012-02-02 12:00:00,5.9468994,-8.640961,148.267,100238.33,5.7568883e-07,0.4002216
2012-02-03 12:00:00,3.4565125,-2.147522,48.40211,99673.54,2.964904e-05,1.8549689
2012-02-04 12:00:00,5.221863,-0.46603394,81.21504,99710.49,8.923193e-06,1.7401066
2012-02-05 12:00:00,11.209595,1.3301086,72.57653,98833.9,0.00013492651,3.6824558
2012-02-06 12:00:00,8.849121,1.7793579,117.61119,99297.54,4.4464055e-06,3.5357726
2012-02-07 12:00:00,2.5983582,-4.9527893,106.35599,99773.79,4.112138e-06,2.8453083
2012-02-08 12:00:00,4.1523743,-6.0971375,156.99088,100343.27,1.9875438e-06,2.6597884
2012-02-09 12:00:00,2.3206787,-4.5661926,121.75077,100974.79,1.1998945e-05,2.4013894
2012-02-10 12:00:00,1.7115479,-10.17334,174.43262,101317.94,5.8067856e-10,2.712236
2012-02-11 12:00:00,7.872864,-8.844879,114.36173,100627.71,2.4095013e-09,2.8976133
2012-02-12 12:00:00,7.0459595,2.7245789,22.475668,98833.3,0.00043107072,1.9032595
2012-02-13 12:00:00,7.6481934,0.6659241,152.83014,98732.99,0.00012217442,4.6859617
2012-02-14 12:00:00,4.116791,-3.0353699,85.92354,100245.055,2.9925452e-05,2.5528562
2012-02-15 12:00:00,4.500824,-5.228943,173.19281,100845.94,1.7975113e-05,1.7385968
2012-02-16 12:00:00,2.0377808,-6.6387634,167.34592,101617.58,1.3879526e-06,2.0651913
2012-02-17 12:00:00,8.324738,-7.365326,185.85876,101742.4,0.0,2.8604085
2012-02-18 12:00:00,12.077942,-0.13146973,161.42914,101026.32,2.2617024e-07,3.7589514
2012-02-19 12:00:00,13.488342,7.466339,79.45724,100750.375,1.0555571e-05,3.8095195
2012-02-20 12:00:00,16.56073,9.902679,90.69045,100267.89,5.777936e-06,3.5722165
2012-02-21 12:00:00,14.771362,4.178833,183.87175,100347.914,8.198059e-05,1.9091331
2012-02-22 12:00:00,12.715759,-4.3320007,177.69623,99981.88,1.6451654e-07,1.1488355
2012-02-23 12:00:00,17.428925,0.28128052,181.17389,99550.04,0.0,1.9279332
2012-02-24 12:00:00,15.375366,8.35965,125.35654,99264.805,0.0,1.3586702
2012-02-25 12:00:00,10.570526,-0.85928345,109.04446,99859.8,3.9242087e-07,0.9455031
2012-02-26 12:00:00,6.8782043,2.6729126,70.4052,99717.84,3.248818e-05,2.7532725
2012-02-27 12:00:00,7.1120605,-4.8809204,208.1336,100376.7,2.0868633e-07,1.3599416
2012-02-28 12:00:00,10.575043,-2.8670044,201.3663,100100.48,1.2047506e-09,2.98517
2012-02-29 12:00:00,,,,,,
2012-03-01 12:00:00,9.919952,5.425232,83.43501,99846.39,2.1912028e-05,3.2325213
2012-03-02 12:00:00,9.446381,2.9259338,46.962593,99580.766,5.049279e-05,2.8409061
2012-03-03 12:00:00,3.017395,0.2953186,55.74668,99556.695,0.0002529442,5.838142
2012-03-04 12:00:00,8.444763,-1.5601501,220.82127,100116.914,1.532696e-05,3.1077344
2012-03-05 12:00:00,15.104248,-5.903656,219.01408,100221.37,0.0,1.9527429
2012-03-06 12:00:00,19.705902,-0.06442261,219.8936,99497.35,0.0,2.562757
2012-03-07 12:00:00,17.891327,10.149384,109.580635,98374.59,3.0746025e-05,3.7494614
2012-03-08 12:00:00,17.339233,11.509735,115.458786,98116.2,1.064886e-05,2.8359447
2012-03-09 12:00:00,15.44342,4.934387,153.64626,98589.445,0.00010417851,2.9475372
2012-03-10 12:00:00,4.832855,0.4168396,118.17534,99641.29,1.1422995e-05,3.9492576
2012-03-11 12:00:00,3.687683,-5.8349304,221.39485,100523.02,1.830497e-06,2.6910696
2012-03-12 12:00:00,2.5644531,-7.671051,123.31355,100793.48,1.6017408e-05,0.9000836
2012-03-13 12:00:00,4.0015564,-0.47009277,69.416916,100597.28,4.4485034e-05,1.3802629
2012-03-14 12:00:00,6.4090576,2.6796875,46.35585,99683.02,0.00032749702,3.471159
2012-03-15 12:00:00,5.027191,0.7722473,126.48306,100075.1,1.6926842e-05,3.4942672
2012-03-16 12:00:00,8.585876,-10.504272,244.98317,100128.72,8.9108234e-08,1.748247
2012-03-17 12:00:00,6.9353333,-9.931946,80.17583,100211.26,5.5442182e-05,2.5318208
2012-03-18 12:00:00,-4.557831,-15.963135,257.65656,101400.74,0.000107639906,3.095892
2012-03-19 12:00:00,-1.7784729,-20.298615,255.91516,101373.02,3.2001356e-07,1.343301
2012-03-20 12:00:00,6.5388794,-14.464447,257.95264,100792.12,0.0,0.6922737
2012-03-21 12:00:00,15.9027405,-4.7630005,246.42943,100508.56,0.0,2.7666519
2012-03-22 12:00:00,20.99939,6.691803,249.11632,99890.805,0.0,3.6168349
2012-03-23 12:00:00,22.66858,12.387604,252.37053,98834.516,0.0,4.03094
2012-03-24 12:00:00,22.010315,14.740662,154.25742,98134.9,3.3105985e-05,3.7963247
2012-03-25 12:00:00,18.727325,13.996155,71.79591,97930.53,0.00019263048,2.4327452
2012-03-26 12:00:00,15.935608,6.550812,151.88928,98284.88,0.00012897665,3.0493324
2012-03-27 12:00:00,15.578033,2.7185974,268.42572,99542.125,1.9737068e-05,3.1600342
2012-03-28 12:00:00,20.32428,5.4429626,132.467,99996.06,2.2700342e-06,1.8029833
2012-03-29 12:00:00,13.912842,5.6340637,133.76155,99207.47,0.000104069484,2.5275266
2012-03-30 12:00:00,7.6578064,1.5189819,173.02945,100010.48,8.061339e-06,2.4128907
2012-03-31 12:00:00,7.437866,-1.7122498,130.5233,100485.91,2.6711612e-06,1.5057147
2012-04-01 12:00:00,10.048553,0.31536865,216.25276,100656.22,1.7349308e-06,2.0874932
2012-04-02 12:00:00,13.089203,-1.1207886,281.98532,100747.1,1.02589695e-07,1.7930026
2012-04-03 12:00:00,19.368011,3.765747,183.1814,100253.805,1.3844091e-09,2.2476692
2012-04-04 12:00:00,19.347504,11.249786,225.04355,99333.87,5.7260317e-05,0.9229617
2012-04-05 12:00:00,14.796997,4.1478577,288.97903,99727.195,3.2403885e-05,3.742782
2012-04-06 12:00:00,13.506653,2.2497559,290.46896,100136.59,1.6555806e-08,3.5010078
2012-04-07 12:00:00,16.24353,5.134094,285.26755,100425.9,0.0,3.8255122
2012-04-08 12:00:00,18.365662,4.89505,291.43155,100339.44,0.0,2.9842396
2012-04-09 12:00:00,18.693665,5.6498413,293.43307,100387.92,1.536304e-09,2.1557782
2012-04-10 12:00:00,18.46289,4.642212,294.6837,100426.695,0.0,1.6941164
2012-04-11 12:00:00,22.16449,6.5435486,294.26016,100317.57,0.0,1.461257
2012-04-12 12:00:00,21.18573,8.750977,204.79239,100367.41,5.052171e-06,1.3690708
2012-04-13 12:00:00,17.273865,4.148407,305.6923,100929.414,1.6047277e-07,2.6362474
2012-04-14 12:00:00,17.503967,2.6437988,308.6602,100996.55,0.0,2.4360075
2012-04-15 12:00:00,20.41925,3.8311157,308.95386,100951.29,0.0,2.607743
2012-04-16 12:00:00,24.435913,5.4067383,300.7998,100907.664,0.0,1.8516715
2012-04-17 12:00:00,26.243835,11.130951,291.67685,100795.47,0.0,1.6459688
2012-04-18 12:00:00,26.166138,14.057434,208.68729,100132.36,3.3611861e-06,3.0712998
2012-04-19 12:00:00,24.10559,14.988037,261.33447,99582.0,1.4032936e-05,1.3815608
2012-04-20 12:00:00,22.321625,9.978088,217.2685,99845.125,0.0,3.027478
2012-04-21 12:00:00,19.967377,8.159332,141.77379,100240.5,0.0,2.4933414
2012-04-22 12:00:00,24.009705,10.55127,231.44582,99883.96,2.4616043e-08,2.1364644
2012-04-23 12:00:00,28.010437,10.707397,302.27252,99301.19,8.450827e-06,1.530757
2012-04-24 12:00:00,27.522644,14.350464,204.63776,98742.98,1.0775383e-09,2.6974707
2012-04-25 12:00:00,28.095886,16.868744,314.745,98333.945,4.887137e-06,3.6021929
2012-04-26 12:00:00,28.534546,14.77179,245.22719,97964.6,5.485217e-06,2.3054643
2012-04-27 12:00:00,18.779419,3.9394836,214.30244,99107.02,1.7553208e-05,4.766382
2012-04-28 12:00:00,18.176971,4.3354797,296.32422,99069.984,0.0,2.4412518
2012-04-29 12:00:00,24.789429,6.5599976,328.21518,99215.09,0.0,2.7363563
2012-04-30 12:00:00,25.644989,11.168335,264.98334,99171.68,0.0,3.366367
2012-05-01 12:00:00,23.614594,11.203217,198.40204,98346.66,0.00026891739,3.3374045
2012-05-02 12:00:00,22.47116,11.017853,319.5993,99344.945,0.0,4.1503634
2012-05-03 12:00:00,29.479553,12.9079895,213.25827,99182.49,0.0,3.2230299
2012-05-04 12:00:00,31.227356,22.156982,321.94284,98760.18,0.0,4.783745
2012-05-05 12:00:00,28.51715,16.317505,155.03415,99344.24,7.865743e-05,2.676914
2012-05-06 12:00:00,21.6521,8.691864,343.7432,101093.45,2.3859776e-09,2.14621
2012-05-07 12:00:00,24.417053,8.797424,237.70015,101223.29,3.0619447e-09,1.7469845
2012-05-08 12:00:00,23.041443,13.901428,82.69402,99941.83,0.00013909469,2.4552271
2012-05-09 12:00:00,27.103638,17.91513,225.88625,98645.68,4.6552028e-05,4.059086
2012-05-10 12:00:00,25.592682,13.456482,125.452225,98563.66,0.00056832825,3.2367141
2012-05-11 12:00:00,17.861053,8.709564,330.47348,99423.97,3.8618065e-05,1.9924725
2012-05-12 12:00:00,26.926422,12.306061,220.49615,99035.89,0.0,1.9172504
2012-05-13 12:00:00,32.485138,17.139374,318.4331,98597.98,0.0,2.686706
2012-05-14 12:00:00,30.661621,20.450958,226.55959,98938.97,2.4793032e-06,3.0006607
2012-05-15 12:00:00,30.564331,17.811981,287.26074,99202.56,0.000100155994,1.9063531
2012-05-16 12:00:00,25.20871,19.204102,160.1488,99333.96,9.39396e-05,1.8702278
2012-05-17 12:00:00,26.78537,14.341553,303.05423,100142.08,6.2959526e-07,0.88326234
2012-05-18 12:00:00,32.253326,20.95514,242.60733,99485.53,2.7049139e-06,3.5616782
2012-05-19 12:00:00,34.543488,24.784546,336.2856,99134.25,0.0,3.7859502
2012-05-20 12:00:00,32.39865,19.619995,284.36438,99524.96,1.2249091e-05,1.8088297
2012-05-21 12:00:00,24.648499,18.159668,80.24176,100089.63,0.00050591474,1.5870253
2012-05-22 12:00:00,20.961609,18.132233,106.251915,100150.79,0.00020874229,1.9284049
2012-05-23 12:00:00,26.395355,17.439209,249.28867,99847.95,1.1501286e-05,1.4776444
2012-05-24 12:00:00,22.370636,15.4219055,45.95805,98661.4,0.00043803177,2.3082442
2012-05-25 12:00:00,25.03717,14.52594,347.59106,99106.06,3.74536e-05,3.3258052
2012-05-26 12:00:00,26.679535,12.345245,326.1969,99580.64,0.0,2.2586122
2012-05-27 12:00:00,26.207855,15.714874,159.52689,99709.28,1.4346863e-05,2.276599
2012-05-28 12:00:00,25.41925,17.888824,201.06726,99783.15,3.6054364e-05,2.0744498
2012-05-29 12:00:00,23.764954,17.53894,187.89438,99298.21,0.00023042172,3.2681346
2012-05-30 12:00:00,24.263367,12.623993,338.3106,99853.664,5.0122244e-06,2.9046369
2012-05-31 12:00:00,29.781769,15.073883,283.70206,99526.45,0.0,3.063283
2012-06-01 12:00:00,31.872925,23.804108,328.62012,99167.69,0.0,2.4421465
2012-06-02 12:00:00,32.150513,15.520203,325.10837,99516.34,0.0,1.0095705
2012-06-03 12:00:00,31.04889,18.747559,305.4587,99618.84,7.039377e-07,2.6741493
2012-06-04 12:00:00,29.080963,17.274994,216.58517,100106.195,0.00040240766,3.4878
2012-06-05 12:00:00,25.802979,14.09906,332.38785,100506.2,0.0,3.096648
2012-06-06 12:00:00,24.695831,17.418121,50.95022,100179.12,0.00020424028,3.0963674
2012-06-07 12:00:00,23.711517,17.23404,171.14116,99876.05,1.7762848e-05,1.8728758
2012-06-08 12:00:00,29.080048,18.611908,178.90968,99619.84,0.00015409748,1.1332971
2012-06-09 12:00:00,29.521912,19.785889,262.71075,99720.47,4.273107e-06,1.8187834
2012-06-10 12:00:00,29.644714,21.446991,208.0763,99650.33,0.00010106933,2.940196
2012-06-11 12:00:00,26.898468,18.326263,221.24869,99926.66,0.0,1.1677455
2012-06-12 12:00:00,25.611877,17.81073,175.50446,99767.49,1.2536357e-05,1.466973
2012-06-13 12:00:00,30.071411,19.725494,332.6064,99603.914,1.7717357e-05,1.40771
2012-06-14 12:00:00,30.27304,20.750488,335.93527,99523.7,1.1272387e-05,1.7031246
2012-06-15 12:00:00,33.35565,17.436096,359.25998,99988.125,0.0,1.5837083
2012-06-16 12:00:00,32.751495,16.786957,359.958,100453.484,0.0,2.2566845
2012-06-17 12:00:00,32.49518,18.517212,351.91974,100621.64,0.0,2.1288748
2012-06-18 12:00:00,32.85724,15.597504,364.3728,100366.84,0.0,1.777008
2012-06-19 12:00:00,35.347534,19.860016,354.20844,99986.18,0.0,2.1920035
2012-06-20 12:00:00,35.046936,22.697449,268.62173,100070.9,1.4954523e-05,1.8701609
2012-06-21 12:00:00,34.93918,21.947632,343.36838,100060.13,0.0,2.0459397
2012-06-22 12:00:00,33.420563,23.472778,276.73596,100001.59,0.0,2.3781219
2012-06-23 12:00:00,35.594666,24.680267,344.35306,100208.914,0.0,2.4912145
2012-06-24 12:00:00,37.031006,23.66568,341.38638,100349.73,0.0,2.1378634
2012-06-25 12:00:00,35.559937,25.128784,354.5119,100114.48,0.0,2.3646154
2012-06-26 12:00:00,35.401062,18.160889,358.58875,100129.945,0.0,1.5338396
2012-06-27 12:00:00,34.21292,19.311035,359.49792,100311.19,0.0,2.3119864
2012-06-28 12:00:00,36.092987,19.477936,361.71,100416.22,0.0,2.0312922
2012-06-29 12:00:00,37.175293,18.465729,361.83005,100356.37,0.0,1.7286854
2012-06-30 12:00:00,38.04129,21.37741,351.9643,100168.92,0.0,1.457723
2012-07-01 12:00:00,38.610077,23.15393,291.5103,100056.58,5.481615e-07,1.5722506
2012-07-02 12:00:00,36.69638,25.694641,287.64224,100048.33,8.936692e-07,2.5055683
2012-07-03 12:00:00,33.0701,21.381592,254.58163,100019.24,4.81189e-05,1.8811126
2012-07-04 12:00:00,34.2753,18.474945,356.58185,99913.6,0.0,2.1278362
2012-07-05 12:00:00,36.38501,19.184082,355.83572,99805.13,0.0,1.8404509
2012-07-06 12:00:00,36.254425,24.58487,216.69395,99694.01,0.0,1.3039261
2012-07-07 12:00:00,36.066803,25.06189,338.80643,99507.46,1.7481126e-06,2.288763
2012-07-08 12:00:00,34.748657,23.346924,207.57607,99597.664,3.0301588e-05,1.7990103
2012-07-09 12:00:00,35.06418,21.266022,342.82288,99776.68,1.8053173e-06,1.7258521
2012-07-10 12:00:00,35.98758,22.907837,307.39804,99944.805,0.0,2.439854
2012-07-11 12:00:00,36.124573,28.063934,231.18117,99751.45,3.7552059e-06,1.615044
2012-07-12 12:00:00,35.39676,20.626312,349.81543,99753.62,0.0,2.117359
2012-07-13 12:00:00,35.498474,19.913666,269.22855,99578.53,0.0,0.6987394
2012-07-14 12:00:00,39.068085,24.989685,306.30246,99104.0,1.3738577e-05,1.535884
2012-07-15 12:00:00,38.878326,20.585632,349.33087,98875.96,7.0361507e-06,2.131554
2012-07-16 12:00:00,37.243713,24.921783,332.21893,99242.266,0.0,2.851813
2012-07-17 12:00:00,35.142822,22.654114,256.66248,99944.414,0.0,1.54946
2012-07-18 12:00:00,33.67981,22.832855,347.23245,100645.664,0.0,3.306827
2012-07-19 12:00:00,33.266724,18.881134,350.25153,100625.55,0.0,2.9929144
2012-07-20 12:00:00,33.714874,19.36615,311.42682,100208.14,1.8859597e-05,2.1377428
2012-07-21 12:00:00,33.047302,20.849579,253.27713,100383.42,5.239134e-05,0.88511884
2012-07-22 12:00:00,32.31671,21.274078,228.20064,100787.21,6.788037e-05,1.7684761
2012-07-23 12:00:00,35.523987,24.037994,305.13785,100766.02,1.6113669e-05,1.4427418
2012-07-24 12:00:00,37.17151,23.293732,332.5203,100350.13,0.0,1.3037852
2012-07-25 12:00:00,35.26645,24.002167,246.5694,100048.79,3.3077817e-05,1.5419836
2012-07-26 12:00:00,34.544434,23.483734,239.41096,100035.61,6.592205e-06,1.2727821
2012-07-27 12:00:00,34.940765,22.254211,266.24326,100208.7,3.3368073e-05,1.5952638
2012-07-28 12:00:00,36.784332,23.004547,310.02835,100127.15,9.625933e-06,1.6030399
2012-07-29 12:00:00,38.12802,22.161407,314.80893,99807.336,0.0,0.84314334
2012-07-30 12:00:00,37.850372,24.683014,265.4027,99630.445,3.155648e-09,1.6206557
2012-07-31 12:00:00,38.75586,24.989502,283.50366,99717.266,8.31679e-06,1.5459081
2012-08-01 12:00:00,38.029602,25.36258,318.06873,99861.03,5.3499694e-08,2.2223487
2012-08-02 12:00:00,37.446564,25.127289,272.49573,99843.984,5.579997e-05,1.6081601
2012-08-03 12:00:00,35.50467,24.313782,185.51668,99771.15,5.4554446e-05,1.5295686
2012-08-04 12:00:00,36.258545,26.501495,282.53436,99877.12,0.0,2.7600737
2012-08-05 12:00:00,34.95987,26.914276,131.95245,100070.8,0.0,2.6004326
2012-08-06 12:00:00,31.64215,21.44159,169.94972,100022.875,9.736575e-05,1.9232951
2012-08-07 12:00:00,36.038483,23.747894,237.20616,99851.8,1.7302042e-05,0.730372
2012-08-08 12:00:00,33.96112,23.335114,253.31593,99864.05,9.026582e-06,1.3435702
2012-08-09 12:00:00,33.60501,22.373535,318.42825,99946.92,2.988232e-06,1.8934388
2012-08-10 12:00:00,35.385834,18.79544,321.17426,99721.93,0.0,0.92658573
2012-08-11 12:00:00,35.158295,23.00296,303.83038,99430.914,0.0,1.4009805
2012-08-12 12:00:00,35.634094,20.44397,313.6919,99504.89,6.8423624e-06,0.8286655
2012-08-13 12:00:00,38.161224,21.540558,312.68494,99719.1,3.5789665e-09,0.7655575
2012-08-14 12:00:00,39.362915,23.2984,302.95074,100041.87,0.0,1.3886489
2012-08-15 12:00:00,39.92691,26.715118,304.17896,99968.375,0.0,2.922162
2012-08-16 12:00:00,38.20981,22.94992,305.69058,99596.016,8.9919104e-07,0.8850639
2012-08-17 12:00:00,38.740387,21.730011,303.72592,99678.9,0.0,1.861901
2012-08-18 12:00:00,42.23239,29.982483,274.88077,99493.766,5.017467e-06,1.8733062
2012-08-19 12:00:00,40.232086,21.731995,298.0076,99601.37,6.916503e-05,1.4693905
2012-08-20 12:00:00,41.354492,24.697113,290.76965,99467.21,1.9594481e-05,1.9100221
2012-08-21 12:00:00,31.452057,22.70575,232.7646,100141.38,3.2594992e-06,3.135178
2012-08-22 12:00:00,31.040375,16.703278,310.87927,100574.7,0.0,2.8792462
2012-08-23 12:00:00,32.812775,14.5069275,306.56537,100603.64,0.0,1.9150522
2012-08-24 12:00:00,34.79547,16.05429,305.74615,100478.21,0.0,1.6830517
2012-08-25 12:00:00,36.80658,16.33609,300.75507,100250.875,0.0,0.8244151
2012-08-26 12:00:00,38.29364,18.54004,299.2945,100040.91,0.0,1.2602167
2012-08-27 12:00:00,39.162445,19.721771,282.6579,100179.88,0.0,1.3276775
2012-08-28 12:00:00,39.21631,20.84793,238.9444,100348.75,0.0,1.4850188
2012-08-29 12:00:00,39.58737,22.0607,256.7179,100259.734,0.0,1.7831036
2012-08-30 12:00:00,40.324158,24.144531,258.08588,100126.1,0.0,1.1497475
2012-08-31 12:00:00,40.907715,23.644958,274.75983,100041.89,0.0,0.9168314
2012-09-01 12:00:00,40.102264,25.244354,202.758,100051.72,0.0,1.0740613
2012-09-02 12:00:00,40.32065,24.070068,263.8485,99835.305,0.0,0.46538934
2012-09-03 12:00:00,39.73465,28.58551,243.46198,99574.99,3.473658e-07,2.5267785
2012-09-04 12:00:00,38.58026,24.88916,268.10214,99499.14,0.0,1.7365127
2012-09-05 12:00:00,36.18805,26.189545,249.75899,99451.01,0.0,3.0186286
2012-09-06 12:00:00,37.785492,27.607605,266.51233,99442.29,0.0,3.47537
2012-09-07 12:00:00,38.76358,29.649841,256.46585,99570.945,0.0,3.2250755
2012-09-08 12:00:00,36.714996,22.41742,218.68196,100105.45,5.8808786e-05,1.0576347
2012-09-09 12:00:00,35.414795,22.492523,261.45032,100534.34,0.0,1.7075093
2012-09-10 12:00:00,32.426178,21.626251,245.52295,100644.22,0.0,2.5366092
2012-09-11 12:00:00,33.71112,16.431244,266.7008,100404.836,0.0,1.7842495
2012-09-12 12:00:00,37.262207,18.339111,252.63084,100097.33,0.0,1.4538915
2012-09-13 12:00:00,35.188263,25.475006,181.9402,99945.09,6.3280436e-06,1.8871176
2012-09-14 12:00:00,32.845245,20.134186,220.60123,99972.47,5.655689e-05,0.41232783
2012-09-15 12:00:00,30.474854,22.261078,162.6283,99703.08,1.4249895e-05,0.5798249
2012-09-16 12:00:00,30.799164,20.143341,229.25371,99399.68,8.162315e-05,0.8997501
2012-09-17 12:00:00,28.932129,16.338898,255.74889,100008.31,0.0,2.335426
2012-09-18 12:00:00,28.349335,13.640198,252.09572,100444.96,0.0,1.2642028
2012-09-19 12:00:00,30.81607,14.305176,249.51404,100136.875,0.0,2.1087158
2012-09-20 12:00:00,25.60913,18.136261,185.04996,100162.83,1.9666594e-07,2.085991
2012-09-21 12:00:00,22.32605,10.829956,252.52689,100783.1,0.0,1.9294021
2012-09-22 12:00:00,27.056488,9.465637,221.08963,100593.055,0.0,1.7673991
2012-09-23 12:00:00,28.580597,17.81546,159.15698,100494.01,0.0,0.9182443
2012-09-24 12:00:00,28.119019,17.08667,164.90982,100301.94,0.0,1.4709452
2012-09-25 12:00:00,31.04831,19.548615,221.0378,100024.87,0.0,1.728992
2012-09-26 12:00:00,27.235138,12.7854,237.90901,100669.97,0.0,2.1772954
2012-09-27 12:00:00,26.608215,9.882172,235.1175,100637.44,0.0,1.4278411
2012-09-28 12:00:00,29.11795,11.811249,224.84978,100115.75,0.0,2.3259077
2012-09-29 12:00:00,31.080536,13.038605,227.66682,99801.7,0.0,3.0749447
2012-09-30 12:00:00,31.485352,22.322784,184.27444,99633.8,3.5482757e-05,4.5074925
2012-10-01 12:00:00,23.994263,17.835724,166.721,99922.99,0.000110798246,1.4800365
2012-10-02 12:00:00,25.03711,11.929169,222.26904,100000.55,0.0,1.4171414
2012-10-03 12:00:00,27.200348,16.069092,206.05156,99502.12,4.5056285e-07,1.7516183
2012-10-04 12:00:00,24.026642,11.332336,211.1991,99860.58,3.1200445e-05,3.5149436
2012-10-05 12:00:00,18.887238,6.6032715,222.8808,100333.12,0.0,2.5752141
2012-10-06 12:00:00,21.446167,6.1157227,216.2039,100184.44,0.0,1.6029946
2012-10-07 12:00:00,23.791626,8.478546,212.24307,100398.164,0.0,0.90178776
2012-10-08 12:00:00,29.674164,11.807526,211.12578,100309.57,0.0,2.189301
2012-10-09 12:00:00,25.714386,11.723663,206.48117,100576.88,0.0,1.0506167
2012-10-10 12:00:00,29.296143,10.75705,204.9015,100458.0,0.0,0.6517727
2012-10-11 12:00:00,24.327057,13.6736145,203.5124,100380.37,0.0,1.7212046
2012-10-12 12:00:00,22.524597,6.1479797,207.43532,100544.305,0.0,1.5073886
2012-10-13 12:00:00,24.211395,7.404541,204.3257,100556.78,0.0,1.7643553
2012-10-14 12:00:00,25.924988,7.5809937,198.53583,100091.05,0.0,1.8669876
2012-10-15 12:00:00,22.230988,16.265808,82.14666,99854.3,1.3808505e-05,1.8801907
2012-10-16 12:00:00,26.18869,14.83963,162.76456,100137.24,0.0,1.6634716
2012-10-17 12:00:00,22.531372,18.073547,67.95304,99272.586,0.00036081034,2.492668
2012-10-18 12:00:00,21.764893,16.824524,79.774254,99026.72,9.231411e-06,2.5168285
2012-10-19 12:00:00,16.653748,6.4536743,195.22206,100095.51,1.1613747e-06,2.20142
2012-10-20 12:00:00,19.968262,4.7423706,187.08907,100079.02,0.0,2.2659893
2012-10-21 12:00:00,18.912048,13.79538,91.07913,99874.414,4.0307123e-06,0.885717
2012-10-22 12:00:00,15.8776245,5.663971,184.32353,100826.66,0.0,1.9171375
2012-10-23 12:00:00,18.555084,4.6483765,140.85509,100297.45,0.0,2.6840029
2012-10-24 12:00:00,20.664581,12.395264,32.447887,99468.664,0.00010554737,1.7903991
2012-10-25 12:00:00,16.196564,9.187927,100.25422,99805.6,0.0,1.1219068
2012-10-26 12:00:00,17.743744,11.239471,83.32144,99621.086,8.08488e-06,0.57361704
2012-10-27 12:00:00,23.764954,12.144165,151.54114,99862.61,1.8273623e-06,1.7432804
2012-10-28 12:00:00,25.976349,13.425262,163.33894,100306.33,0.0,1.8999134
2012-10-29 12:00:00,25.215057,14.782257,162.40645,100485.01,4.283812e-08,2.2647543
2012-10-30 12:00:00,24.614777,13.6605835,158.08328,100198.95,0.0,2.3119268
2012-10-31 12:00:00,20.786255,12.852539,28.411497,100010.52,5.0067585e-05,2.0561163
2012-11-01 12:00:00,16.445099,11.511658,30.600407,99638.98,0.00040937736,5.20972
2012-11-02 12:00:00,17.037048,13.538452,71.37251,99119.0,0.00018442118,1.8600254
2012-11-03 12:00:00,13.675415,9.938202,54.03271,100039.805,6.9078433e-06,0.6314852
2012-11-04 12:00:00,20.10675,11.697845,88.70982,100108.55,3.5359353e-06,1.8475589
2012-11-05 12:00:00,19.914093,15.802887,62.620457,99752.73,4.6393284e-06,3.2471018
2012-11-06 12:00:00,16.138824,6.2736816,147.50826,100789.28,0.0,1.9235373
2012-11-07 12:00:00,15.139435,2.7524414,153.75572,100982.24,0.0,0.9288485
2012-11-08 12:00:00,16.492737,3.1694336,148.12935,100546.945,0.0,1.824726
2012-11-09 12:00:00,15.899811,7.357147,86.077446,99729.84,1.50224905e-05,1.9556615
2012-11-10 12:00:00,12.37973,3.4850464,146.72478,100186.086,2.1509024e-05,3.7981026
2012-11-11 12:00:00,9.341705,-0.7792969,147.51485,100529.016,3.2496358e-10,2.2270765
2012-11-12 12:00:00,14.508148,-1.4578247,131.21396,99732.97,4.8674007e-08,2.1068382
2012-11-13 12:00:00,12.259796,8.451965,145.02345,99377.68,0.0,3.1620579
2012-11-14 12:00:00,10.994812,0.92822266,55.689697,100512.62,0.0,1.2628003
2012-11-15 12:00:00,14.722107,9.558624,57.832962,100172.54,2.2378781e-05,3.8228362
2012-11-16 12:00:00,18.020264,14.700378,31.11137,99356.34,0.00018898885,5.7171326
2012-11-17 12:00:00,16.583984,3.7248535,55.142517,99631.14,5.947945e-05,3.4378078
2012-11-18 12:00:00,8.725342,1.7603455,137.93275,100814.87,2.4390592e-06,3.3804243
2012-11-19 12:00:00,8.932373,-1.8696289,92.95458,101058.56,1.8397562e-06,1.6861492
2012-11-20 12:00:00,10.580902,5.499481,54.448597,100028.96,1.2736378e-06,2.1733954
2012-11-21 12:00:00,8.434235,5.7896423,51.83282,99737.734,1.03506245e-05,1.466988
2012-11-22 12:00:00,8.65802,2.4406433,132.89894,99976.49,1.2293884e-08,1.8845465
2012-11-23 12:00:00,12.161621,0.20062256,76.251015,99873.08,1.41988945e-08,2.2147639
2012-11-24 12:00:00,17.04071,7.9496765,65.858955,99338.516,3.3222332e-06,2.8548834
2012-11-25 12:00:00,17.17575,13.935486,45.844635,99062.984,3.8223814e-05,3.7491636
2012-11-26 12:00:00,23.574554,16.628693,109.4327,98596.36,1.2435814e-05,4.131476
2012-11-27 12:00:00,16.774506,0.41644287,40.231007,99887.07,0.00027082878,2.680259
2012-11-28 12:00:00,2.2492676,-5.178955,116.56596,100795.45,3.4619407e-06,1.9550033
2012-11-29 12:00:00,3.2339172,-10.24881,118.85685,100897.445,8.632037e-07,1.4957181
2012-11-30 12:00:00,7.7202454,-8.583313,118.14907,100668.62,1.3228122e-07,1.9532797
2012-12-01 12:00:00,8.70639,-6.4925537,113.9373,100824.84,6.1565356e-07,1.1113317
2012-12-02 12:00:00,8.997406,-4.7789307,109.491974,101378.94,2.6779187e-06,1.3648547
2012-12-03 12:00:00,10.123596,-2.2236328,109.40572,101247.19,8.6986466e-07,1.8138018
2012-12-04 12:00:00,12.203705,-0.51834106,111.01372,100824.46,1.7272673e-07,2.2902482
2012-12-05 12:00:00,14.83429,1.8236389,111.30421,100392.734,1.3173822e-07,2.5797462
2012-12-06 12:00:00,16.727814,10.601807,74.84472,99591.6,1.5483725e-07,4.442017
2012-12-07 12:00:00,16.836853,9.658905,25.202982,98974.17,0.00019358862,2.6999154
2012-12-08 12:00:00,9.449066,-1.4487305,51.322132,99858.15,3.9480343e-05,4.165751
2012-12-09 12:00:00,1.8536987,-5.553833,118.26407,100110.94,9.825433e-07,2.1763446
2012-12-10 12:00:00,6.2179565,-3.9701843,79.6785,100726.99,1.6584748e-08,0.34954607
2012-12-11 12:00:00,5.211212,-3.7164612,93.414856,102135.72,3.2513742e-07,1.5549414
2012-12-12 12:00:00,9.7439575,1.0830688,85.424194,102068.01,4.6552394e-08,2.4028144
2012-12-13 12:00:00,14.526947,5.169159,57.137264,100698.19,6.59579e-08,3.4305015
2012-12-14 12:00:00,16.583374,10.069702,57.084515,98778.81,0.00045408265,4.669464
2012-12-15 12:00:00,10.786407,1.7756653,113.77909,100049.234,0.0,3.534376
2012-12-16 12:00:00,1.8904724,-5.6941223,104.50837,101025.5,1.0100952e-07,1.1907485
2012-12-17 12:00:00,5.8703003,-2.5708923,91.35006,100032.31,3.39424e-08,1.0781503
2012-12-18 12:00:00,3.1324158,-4.4968567,93.33753,100515.68,4.537971e-06,3.740871
2012-12-19 12:00:00,-2.6766663,-7.965576,99.61568,101802.85,0.0,1.6379418
2012-12-20 12:00:00,-1.2033081,-5.0767517,53.156807,101254.24,2.9581022e-06,1.4247102
2012-12-21 12:00:00,-1.582489,-7.1573486,114.33298,100969.52,1.0953911e-06,1.2784009
2012-12-22 12:00:00,4.428467,-3.6128235,79.7128,99877.25,3.4376987e-07,2.666554
2012-12-23 12:00:00,2.339203,-7.8279724,111.62474,100643.1,2.6622274e-06,2.9987676
2012-12-24 12:00:00,-0.33322144,-7.705902,89.643005,100711.19,8.015256e-06,2.142609
2012-12-25 12:00:00,3.947937,-1.1493835,71.23684,99731.68,3.976797e-05,1.8975385
2012-12-26 12:00:00,10.250092,1.8868713,62.6011,98698.63,0.0001572712,0.2922913
2012-12-27 12:00:00,3.448761,-0.29788208,35.635803,98878.8,5.333086e-05,3.3469377
2012-12-28 12:00:00,0.37731934,-7.6486206,61.59982,99674.19,1.6024046e-06,1.7748426
2012-12-29 12:00:00,6.5562744,-6.908661,114.00665,99408.625,1.4571155e-07,1.4826003
2012-12-30 12:00:00,10.000946,-4.751404,66.900665,99158.484,3.580019e-05,1.3716255
2012-12-31 12:00:00,6.3851013,-0.28808594,78.79974,99669.06,6.218354e-05,4.2703147
2013-01-01 12:00:00,9.10788,-6.18219,101.64242,100018.03,2.2821407e-08,1.14112
2013-01-02 12:00:00,3.9177551,-3.4664001,113.03035,100174.32,5.1194906e-08,2.0206215
2013-01-03 12:00:00,2.6181946,-6.62027,57.296608,100503.19,4.8588113e-06,2.6922302
2013-01-04 12:00:00,15.899506,1.9939575,84.72377,99565.6,2.1394639e-05,1.5937848
2013-01-05 12:00:00,10.584503,1.2133179,117.0949,100520.24,0.0,1.1684515
2013-01-06 12:00:00,15.16861,-0.6371765,48.290188,99792.5,1.644658e-05,3.7288167
2013-01-07 12:00:00,15.252045,6.3602295,73.05867,98661.35,0.00020403892,4.0251374
2013-01-08 12:00:00,6.139923,-3.2661743,91.05309,99444.97,3.7350837e-06,3.9210463
2013-01-09 12:00:00,-3.2886353,-6.2917786,63.566322,99976.9,9.835749e-06,3.8753724
2013-01-10 12:00:00,-1.5240173,-12.163971,110.52265,100814.445,2.7237112e-07,2.3343253
2013-01-11 12:00:00,3.4829712,-8.565277,122.98549,100701.64,1.31317e-06,2.5804539
2013-01-12 12:00:00,7.4544373,-7.751587,123.277306,100087.0,5.481705e-08,2.042339
2013-01-13 12:00:00,9.1145935,-5.0921936,123.822685,99081.26,0.0,1.7487855
2013-01-14 12:00:00,12.62384,-1.8158875,116.92389,98849.15,0.0,2.7977626
2013-01-15 12:00:00,10.692261,1.7025146,119.28946,99266.555,2.1478421e-05,3.157556
2013-01-16 12:00:00,14.073303,-1.3138123,125.33471,99599.61,0.0,3.6720843
2013-01-17 12:00:00,19.085602,10.504761,118.81392,98931.17,0.0,3.9132276
2013-01-18 12:00:00,16.740417,2.239746,37.798153,99597.016,7.117599e-05,2.1538863
2013-01-19 12:00:00,7.3344116,-2.6862793,122.90277,100816.71,1.8759909e-05,2.03296
2013-01-20 12:00:00,13.863373,3.8729248,33.34829,99864.34,8.4670384e-05,3.3317182
2013-01-21 12:00:00,13.822235,1.4146118,104.94547,99912.8,5.732049e-06,4.4788885
2013-01-22 12:00:00,2.7375488,-5.899414,102.268776,101419.03,1.2017304e-07,0.9562445
2013-01-23 12:00:00,8.705322,-0.914917,120.88068,101158.59,4.976363e-07,1.9621389
2013-01-24 12:00:00,10.505676,-0.08041382,133.62367,100939.86,8.229862e-09,1.7614977
2013-01-25 12:00:00,11.933228,-1.3044434,135.09656,100939.44,2.475626e-07,2.1487818
2013-01-26 12:00:00,9.499023,0.4624939,75.28593,100652.16,0.0001026625,2.1040301
2013-01-27 12:00:00,9.877441,7.269562,31.022408,100726.195,0.00017789657,1.9348111
2013-01-28 12:00:00,9.567932,8.095673,24.590654,100874.69,0.00030438168,3.4994812
2013-01-29 12:00:00,9.484009,6.318268,63.41664,100717.27,9.6871e-06,1.4602329
2013-01-30 12:00:00,8.337982,4.9696655,38.98733,100438.016,2.1580992e-05,1.8611991
2013-01-31 12:00:00,16.410736,8.067657,42.776237,99568.22,0.00010485041,3.6655636
2013-02-01 12:00:00,17.51828,13.374634,48.086067,100086.25,2.7519278e-05,3.0872874
2013-02-02 12:00:00,19.923004,15.6996765,69.54642,100529.0,8.941672e-06,4.3396554
2013-02-03 12:00:00,18.171234,5.511383,41.564606,101769.664,0.00016403945,2.7404566
2013-02-04 12:00:00,10.8349,1.8495178,155.57285,102141.12,8.817253e-07,2.15944
2013-02-05 12:00:00,11.951752,2.8753662,77.0379,100834.37,0.0,1.9892304
2013-02-06 12:00:00,16.196838,10.352631,99.57246,99750.61,0.00016571746,3.6783104
2013-02-07 12:00:00,10.070068,0.45361328,95.103455,101577.87,1.4599517e-05,3.667632
2013-02-08 12:00:00,6.7608337,-4.705719,164.06815,101854.164,2.432029e-10,2.0577016
2013-02-09 12:00:00,8.997101,-3.2893677,156.18097,101775.55,1.9547863e-06,1.1742538
2013-02-10 12:00:00,12.099121,1.4974365,105.96409,101443.555,0.0,1.9929159
2013-02-11 12:00:00,13.087524,-1.0532837,169.40083,101383.92,0.0,1.2303095
2013-02-12 12:00:00,11.080536,-1.0675964,157.92401,100975.76,7.726919e-07,1.8238682
2013-02-13 12:00:00,8.427521,0.106170654,176.33553,100541.12,0.0,1.9823987
2013-02-14 12:00:00,12.266937,4.5319214,175.82301,99449.07,0.0,4.1255574
2013-02-15 12:00:00,9.089691,-5.659729,170.66776,100142.99,3.2619791e-09,2.4921198
2013-02-16 12:00:00,0.104644775,-5.90094,186.59277,100742.016,0.0,2.2319574
2013-02-17 12:00:00,7.2443237,-5.1363525,177.58102,100567.0,0.0,2.20637
2013-02-18 12:00:00,5.538025,1.2469788,58.828472,99944.914,6.247617e-05,0.5509036
2013-02-19 12:00:00,9.328033,2.3495789,184.23508,100706.875,3.5635705e-06,1.9478378
2013-02-20 12:00:00,10.547089,-5.760193,180.8581,101048.7,5.104286e-07,1.4825599
2013-02-21 12:00:00,15.233917,-2.0905762,185.87793,100800.23,0.0,2.142687
2013-02-22 12:00:00,16.480194,3.155304,159.38393,100231.81,1.1391052e-07,2.8973775
2013-02-23 12:00:00,13.87973,4.8647766,45.145493,100267.51,0.00013282197,1.3577099
2013-02-24 12:00:00,10.619568,1.6038513,189.71834,100608.45,1.6895463e-07,2.3487344
2013-02-25 12:00:00,9.695251,-1.2395935,186.53738,101055.984,1.6669763e-06,1.4845238
2013-02-26 12:00:00,13.660095,-0.7486572,195.20865,100783.25,1.2304062e-09,2.4309344
2013-02-27 12:00:00,16.747528,4.074829,205.43626,99791.16,0.0,3.5129004
2013-02-28 12:00:00,13.964539,9.165222,86.56215,98741.336,2.5173771e-05,4.496246
2013-03-01 12:00:00,10.861176,-0.7271118,201.40535,99333.66,3.0908577e-05,2.3386853
2013-03-02 12:00:00,4.422455,0.17068481,52.159286,99647.56,0.00019175462,3.4627562
2013-03-03 12:00:00,4.3786926,0.35482788,30.35254,98360.44,0.0003171183,3.803952
2013-03-04 12:00:00,3.9914246,0.5880127,87.37166,98783.65,8.0032965e-05,4.041133
2013-03-05 12:00:00,9.209259,-7.232422,172.36543,99754.85,2.3657835e-06,1.5625226
2013-03-06 12:00:00,12.620941,3.8656006,220.23949,98989.25,2.585858e-05,2.2292297
2013-03-07 12:00:00,16.9346,-2.8982239,199.10051,99053.57,0.0,2.3374324
2013-03-08 12:00:00,18.644135,4.224365,221.01941,98287.39,0.0,2.9629242
2013-03-09 12:00:00,15.436493,2.7052002,58.04473,98552.98,4.7839083e-05,2.1580284
2013-03-10 12:00:00,2.5852356,-2.132019,118.282486,99373.26,8.074353e-05,4.2770305
2013-03-11 12:00:00,8.30188,-7.211548,203.28325,99742.81,2.0646328e-06,2.2348394
2013-03-12 12:00:00,6.3247375,-1.762146,239.72102,100782.734,3.22538e-07,4.1608467
2013-03-13 12:00:00,12.633331,-6.727844,224.07265,101367.93,0.0,3.0147407
2013-03-14 12:00:00,19.80716,10.554871,203.88719,100091.016,1.188882e-10,5.0515256
2013-03-15 12:00:00,17.363922,15.343994,92.20786,99628.164,1.2331265e-05,6.2625523
2013-03-16 12:00:00,15.3160095,4.519989,136.04153,99574.39,0.0003924311,2.3046029
2013-03-17 12:00:00,15.804413,0.21472168,245.3818,100990.164,0.0,2.353237
2013-03-18 12:00:00,12.363495,7.305603,54.745224,100346.86,8.3060244e-05,2.4980783
2013-03-19 12:00:00,19.673767,8.925293,168.29395,99718.31,3.8735684e-06,2.3304825
2013-03-20 12:00:00,18.959473,14.881775,61.203587,99318.8,8.15145e-05,1.933397
2013-03-21 12:00:00,20.0289,13.383026,145.6023,99074.73,5.4834145e-05,2.275903
2013-03-22 12:00:00,17.68451,4.530426,237.52136,99593.78,0.0,1.0539588
2013-03-23 12:00:00,19.888916,9.676575,112.735756,98743.234,0.00020476115,2.2125933
2013-03-24 12:00:00,19.76184,9.5578,263.39105,98216.98,2.6003706e-06,3.3924499
2013-03-25 12:00:00,15.0781555,3.7640686,201.68529,98688.71,9.054218e-05,3.7654412
2013-03-26 12:00:00,8.803558,-3.0271606,184.33354,99893.12,1.2483081e-06,0.94836384
2013-03-27 12:00:00,11.884827,2.0107422,262.8678,99619.18,1.6634016e-05,2.058445
2013-03-28 12:00:00,11.419586,-1.9961243,274.0014,100352.81,0.0,1.4289848
2013-03-29 12:00:00,16.757568,5.606415,175.29689,99627.46,1.4334705e-06,3.8300233
2013-03-30 12:00:00,20.024963,13.525452,152.32507,99122.305,6.7529785e-05,4.5604568
2013-03-31 12:00:00,19.566498,14.9765625,77.69867,98670.13,0.00024796586,3.3730006
2013-04-01 12:00:00,15.919281,2.302246,251.69106,99616.2,0.00023772623,3.503643
2013-04-02 12:00:00,12.715668,-1.6484985,277.7375,100467.6,4.0734685e-07,0.4683621
2013-04-03 12:00:00,18.187225,3.4118347,284.5153,100501.414,0.0,2.5290766
2013-04-04 12:00:00,20.768524,4.077759,285.54858,99988.95,0.0,2.9485774
2013-04-05 12:00:00,21.09021,13.798798,129.37555,99343.21,5.102685e-05,1.9406096
2013-04-06 12:00:00,23.455017,14.650879,149.15764,99104.76,0.00037692333,1.3369533
2013-04-07 12:00:00,14.741943,6.2497864,297.55768,100781.35,1.8943929e-05,3.8074954
2013-04-08 12:00:00,16.059967,0.37338257,300.37387,101703.51,0.0,0.57323337
2013-04-09 12:00:00,18.892609,3.003662,260.26468,101360.34,0.0,3.0463884
2013-04-10 12:00:00,22.876709,13.294739,287.8861,100768.91,0.0,4.553322
2013-04-11 12:00:00,21.210999,18.69757,89.18573,100142.414,7.0109827e-06,5.1511374
2013-04-12 12:00:00,20.480804,13.883728,65.256546,100263.06,0.0004477877,1.8377886
2013-04-13 12:00:00,17.97934,11.689545,74.95905,99710.94,0.00025898725,2.2937233
2013-04-14 12:00:00,16.612701,5.514618,306.4804,100731.234,1.2827837e-11,2.3846228
2013-04-15 12:00:00,19.36618,4.946869,301.29367,100772.45,0.0,0.28844246
2013-04-16 12:00:00,23.978912,8.669922,294.5461,100345.93,0.0,2.2185178
2013-04-17 12:00:00,22.626434,10.26123,185.50139,100459.29,0.0,1.0993731
2013-04-18 12:00:00,24.05545,10.59787,296.32526,100409.766,0.0,2.2833
2013-04-19 12:00:00,26.366425,14.58136,264.88916,100325.75,0.0,2.7637746
2013-04-20 12:00:00,27.019043,19.048798,294.2244,99860.89,0.0,4.258791
2013-04-21 12:00:00,26.298126,19.821991,233.37057,99450.44,2.9704127e-06,4.2222414
2013-04-22 12:00:00,26.452393,22.763702,250.83598,99310.28,0.0,4.887136
2013-04-23 12:00:00,24.012634,9.827362,318.89096,100395.86,0.0,1.9372202
2013-04-24 12:00:00,23.11148,11.698273,117.438065,100355.95,0.00012369914,2.8218822
2013-04-25 12:00:00,22.370178,17.31482,144.26408,99610.74,0.0001906893,1.8891047
2013-04-26 12:00:00,22.72232,16.623444,139.11765,99569.984,0.0003506021,0.59578884
2013-04-27 12:00:00,21.16214,8.978851,217.10854,99864.62,4.825722e-07,2.175264
2013-04-28 12:00:00,18.915436,10.665375,107.629,99003.76,0.0003077471,2.8541665
2013-04-29 12:00:00,15.313934,8.825745,127.96046,99345.02,9.870888e-05,2.9877968
2013-04-30 12:00:00,20.351166,6.834717,326.9029,100060.4,9.886849e-08,1.0341227
2013-05-01 12:00:00,27.349457,11.091614,322.21298,100427.26,0.0,3.0128608
2013-05-02 12:00:00,30.7453,15.464905,318.25204,100394.21,0.0,2.624571
2013-05-03 12:00:00,32.418457,17.695923,284.11655,100037.96,0.0,2.236862
2013-05-04 12:00:00,33.62213,18.275024,276.99832,99783.41,2.4182169e-05,1.2090575
2013-05-05 12:00:00,32.61081,18.053741,319.0994,99324.09,4.1968735e-05,2.2498858
2013-05-06 12:00:00,31.31247,20.917297,312.9718,99086.54,0.0,3.1745496
2013-05-07 12:00:00,29.380554,18.031647,249.27362,99069.69,8.661859e-05,1.3519694
2013-05-08 12:00:00,24.04663,13.830109,339.7262,99449.31,7.8406465e-06,3.376123
2013-05-09 12:00:00,17.842499,9.659637,337.23398,99834.9,0.0,3.044111
2013-05-10 12:00:00,22.953888,6.655792,343.3325,100355.96,0.0,0.9539314
2013-05-11 12:00:00,27.017578,10.891235,342.99014,100557.55,0.0,3.2140605
2013-05-12 12:00:00,29.240265,15.179749,331.48187,100634.98,0.0,3.4710832
2013-05-13 12:00:00,28.719543,16.737854,272.46625,100696.41,0.0,3.0542479
2013-05-14 12:00:00,30.85608,20.741302,284.60568,100416.65,1.0829881e-05,2.6681788
2013-05-15 12:00:00,29.417236,17.72049,270.40134,100211.06,0.00018868383,0.82498306
2013-05-16 12:00:00,30.808136,18.172058,232.79124,99540.34,4.439203e-05,2.0796804
2013-05-17 12:00:00,29.135498,17.908264,179.9621,99265.63,7.946931e-06,1.8722104
2013-05-18 12:00:00,28.715485,17.596252,313.2321,98650.07,0.000102024555,2.5167665
2013-05-19 12:00:00,26.248993,14.280457,293.0246,98938.99,2.1129908e-06,2.9559922
2013-05-20 12:00:00,23.43393,13.900452,219.1606,99938.54,3.3395054e-06,2.4581478
2013-05-21 12:00:00,25.470428,11.54007,346.43832,100311.41,0.0,1.7705957
2013-05-22 12:00:00,28.394073,12.579346,300.95566,99634.68,0.0,2.2103307
2013-05-23 12:00:00,23.7807,18.20996,93.4566,98776.984,0.0004041458,1.7610929
2013-05-24 12:00:00,25.174835,18.263916,187.18742,98723.46,0.000106867796,1.9157802
2013-05-25 12:00:00,23.811249,13.08847,299.3866,99737.39,1.38044856e-08,2.4624236
2013-05-26 12:00:00,23.65506,11.318329,311.95786,100575.44,6.902496e-08,1.5550393
2013-05-27 12:00:00,23.831268,17.192657,105.92101,100257.53,7.8739315e-05,1.1143419
2013-05-28 12:00:00,32.263733,18.87976,296.7498,99171.9,0.00036527382,2.2073696
2013-05-29 12:00:00,33.66327,21.91977,257.60922,98841.94,7.767646e-06,2.378479
2013-05-30 12:00:00,30.760681,18.669312,220.68178,99058.07,0.00011812482,0.99804515
2013-05-31 12:00:00,30.599304,17.91269,344.80984,99100.35,6.686274e-05,1.6082096
2013-06-01 12:00:00,31.096893,17.51175,275.8127,99234.766,5.8145015e-05,1.024582
2013-06-02 12:00:00,29.606232,18.343414,264.38336,99190.125,0.00011320318,1.4251386
2013-06-03 12:00:00,28.802856,16.618225,295.4975,99779.805,1.2882745e-06,2.6799524
2013-06-04 12:00:00,26.26773,14.384186,248.85152,100075.305,9.394828e-09,1.61401
2013-06-05 12:00:00,27.999725,17.147125,192.0684,99407.19,6.055269e-05,2.0155618
2013-06-06 12:00:00,31.904297,18.724579,291.03586,98749.99,0.00035577395,2.064219
2013-06-07 12:00:00,29.935028,18.399567,269.2011,98888.66,1.1420662e-05,1.1921155
2013-06-08 12:00:00,29.116333,16.722015,340.0948,99279.805,1.6771539e-05,1.2110597
2013-06-09 12:00:00,32.07489,21.053314,272.70123,99047.78,2.459239e-05,2.2013927
2013-06-10 12:00:00,29.071411,20.10263,173.73003,98975.6,0.00025138492,2.427455
2013-06-11 12:00:00,24.07843,18.641968,119.3271,99556.66,5.1875795e-05,1.2395816
2013-06-12 12:00:00,26.128906,18.18811,256.91446,99939.65,5.7606758e-05,2.44589
2013-06-13 12:00:00,24.389832,17.392487,91.57617,99884.28,2.4249595e-05,3.4425817
2013-06-14 12:00:00,25.351837,11.620605,360.70615,100156.73,0.0,2.8720703
2013-06-15 12:00:00,26.772064,13.282043,353.1605,100167.34,0.0,1.9491961
2013-06-16 12:00:00,29.738617,18.120789,253.23381,100081.91,0.0,1.4940455
2013-06-17 12:00:00,31.593414,19.701355,257.2639,99845.625,0.0,2.0565872
2013-06-18 12:00:00,33.201782,24.089294,302.01224,99518.75,0.0,2.91693
2013-06-19 12:00:00,32.671356,19.095917,325.54446,99779.195,8.7232336e-05,1.1390934
2013-06-20 12:00:00,29.956757,19.878296,224.64328,100004.84,6.300117e-05,1.3096538
2013-06-21 12:00:00,32.901184,21.11673,277.26755,99945.19,0.00015671416,1.8072916
2013-06-22 12:00:00,28.55307,20.097382,193.35326,100249.445,0.00040755738,0.67755795
2013-06-23 12:00:00,30.591919,19.956024,228.02945,100165.766,7.594669e-05,0.7943207
2013-06-24 12:00:00,33.567078,22.252106,335.94363,99773.37,9.537285e-08,1.845604
2013-06-25 12:00:00,28.500671,15.092285,360.5686,100537.36,0.0,1.9866879
2013-06-26 12:00:00,27.582458,16.031342,162.44699,100333.66,3.4937767e-07,1.5044403
2013-06-27 12:00:00,33.302246,19.075134,271.64883,99825.07,3.9476847e-05,1.5895671
2013-06-28 12:00:00,32.048706,20.220459,324.38525,99590.56,0.00019289595,1.8070852
2013-06-29 12:00:00,31.992523,18.701752,357.6313,99567.58,0.0,2.1070437
2013-06-30 12:00:00,32.025665,18.17099,354.38043,99814.125,0.0,1.8437686
2013-07-01 12:00:00,33.72632,18.88971,354.80258,100215.82,0.0,1.9469405
2013-07-02 12:00:00,35.348755,18.967377,351.09857,100713.57,0.0,1.8711461
2013-07-03 12:00:00,36.17926,20.802307,347.34106,100659.95,0.0,0.90995085
2013-07-04 12:00:00,38.611847,23.448425,347.23477,99958.36,0.0,2.0341654
2013-07-05 12:00:00,38.029907,24.144531,340.3798,99447.03,1.5198905e-06,1.3759015
2013-07-06 12:00:00,40.701965,24.55658,338.64008,99352.44,2.265496e-06,0.51736444
2013-07-07 12:00:00,38.861176,25.184479,210.8296,99293.54,3.2214678e-07,0.6124701
2013-07-08 12:00:00,39.35205,25.061981,282.7726,99488.164,0.0,0.37309134
2013-07-09 12:00:00,41.39798,27.377258,342.97357,99532.305,0.0,2.5030859
2013-07-10 12:00:00,41.513824,25.313599,336.46597,99730.77,3.2211752e-05,0.93624675
2013-07-11 12:00:00,39.52542,21.866333,334.55057,99949.16,1.9533749e-05,1.6230607
2013-07-12 12:00:00,40.147644,25.095795,342.1655,99720.13,0.0,1.6303556
2013-07-13 12:00:00,40.537964,24.724823,342.39374,99540.63,0.0,2.1873903
2013-07-14 12:00:00,39.91507,26.394958,337.812,99479.19,0.0,2.9234407
2013-07-15 12:00:00,38.003662,25.739288,227.45448,99559.28,7.619464e-05,2.7526922
2013-07-16 12:00:00,36.579834,24.96408,336.6169,99593.836,7.897933e-06,2.5084498
2013-07-17 12:00:00,36.42859,22.825531,307.07367,99764.95,4.7882062e-05,1.1299074
2013-07-18 12:00:00,38.27179,22.323914,339.5218,99814.7,0.0,2.2367568
2013-07-19 12:00:00,39.569214,24.135437,342.874,99937.64,0.0,2.804459
2013-07-20 12:00:00,40.77588,24.21875,344.32944,100013.836,0.0,2.7153432
2013-07-21 12:00:00,42.334473,24.507385,342.2466,100018.95,0.0,1.8928251
2013-07-22 12:00:00,42.417297,27.451569,320.89297,100053.84,2.1796594e-05,0.7849491
2013-07-23 12:00:00,38.644897,24.424347,262.3966,100149.94,2.7117772e-05,0.8550094
2013-07-24 12:00:00,38.085693,21.510162,331.4301,99967.34,7.119908e-05,1.2873433
2013-07-25 12:00:00,36.93994,21.744537,326.79837,99681.67,0.0,1.5845345
2013-07-26 12:00:00,39.634644,23.603546,301.4476,99419.84,3.2288328e-05,1.8008661
2013-07-27 12:00:00,30.2659,22.155243,307.7032,99639.23,1.6504104e-05,1.9212302
2013-07-28 12:00:00,31.332275,16.53238,337.84537,99825.875,0.0,1.0167855
2013-07-29 12:00:00,34.80002,23.193237,279.91476,99647.266,0.0,2.2119644
2013-07-30 12:00:00,39.77768,24.367432,263.38568,99607.73,5.9592567e-06,2.9401708
2013-07-31 12:00:00,41.0614,30.453522,322.13364,99847.79,0.0,2.7572234
2013-08-01 12:00:00,41.936584,27.92334,319.00708,100129.86,0.0,1.9413763
2013-08-02 12:00:00,41.83676,27.248627,294.4962,100195.95,1.8186483e-05,1.7352885
2013-08-03 12:00:00,39.7554,24.658356,271.8661,100096.66,6.570961e-05,1.6258972
2013-08-04 12:00:00,40.666412,25.34732,302.0929,100023.25,7.005537e-05,1.627307
2013-08-05 12:00:00,39.442413,23.805847,310.84793,100042.95,3.5445253e-05,1.3151898
2013-08-06 12:00:00,40.44986,24.904724,311.31082,100058.234,3.0225789e-05,1.4983042
2013-08-07 12:00:00,41.718903,26.56845,313.00952,100007.76,0.0,1.3136134
2013-08-08 12:00:00,42.48645,26.74112,311.03116,99781.94,9.703873e-06,1.379129
2013-08-09 12:00:00,41.165253,25.00412,298.5846,99738.664,8.470324e-05,0.9999423
2013-08-10 12:00:00,38.189484,23.670166,305.06772,99880.16,3.5760142e-05,1.5957353
2013-08-11 12:00:00,37.28479,23.395142,286.22577,99878.41,8.892293e-05,0.9337993
2013-08-12 12:00:00,38.845734,26.580597,304.70248,99462.07,0.0,2.3736954
2013-08-13 12:00:00,37.47809,23.407349,225.32251,99451.6,5.9997354e-05,1.5580753
2013-08-14 12:00:00,33.297516,22.137207,310.8793,99882.32,0.0,2.2868543
2013-08-15 12:00:00,34.88858,20.031464,305.30017,99853.984,0.0,1.4555954
2013-08-16 12:00:00,36.211243,24.223328,312.20557,99399.59,0.0,1.8230525
2013-08-17 12:00:00,32.910095,18.823334,314.2138,99757.8,0.0,2.6884606
2013-08-18 12:00:00,32.64621,18.252594,285.29077,99968.19,0.0,1.7158716
2013-08-19 12:00:00,36.862305,18.81018,298.03937,100089.13,0.0,1.9001836
2013-08-20 12:00:00,37.436096,26.014496,127.15393,100080.95,0.0,1.7153419
2013-08-21 12:00:00,37.180634,23.01236,198.43417,99888.164,0.00010664545,2.0538208
2013-08-22 12:00:00,39.45166,25.439056,292.37396,99701.16,0.0,2.258853
2013-08-23 12:00:00,39.996124,27.683167,292.6355,99726.875,0.0,2.90407
2013-08-24 12:00:00,39.086823,28.353058,290.83145,99947.01,0.0,2.810353
2013-08-25 12:00:00,39.78418,29.263885,284.634,100018.1,2.7264488e-08,1.896049
2013-08-26 12:00:00,39.8201,27.94748,247.2854,100112.46,6.938812e-05,0.6322701
2013-08-27 12:00:00,39.855774,23.339294,286.70435,100173.016,9.924273e-06,1.8080702
2013-08-28 12:00:00,39.937073,22.964539,286.07535,100177.27,0.0,1.8608519
2013-08-29 12:00:00,40.794952,23.695648,287.00388,100000.67,0.0,1.184983
2013-08-30 12:00:00,43.11093,24.997955,273.30927,99561.484,0.0,2.004926
2013-08-31 12:00:00,41.085022,30.112915,205.61833,99270.945,0.0,3.142467
2013-09-01 12:00:00,36.05838,27.221466,228.00652,99511.35,7.5843577e-06,2.5102549
2013-09-02 12:00:00,36.887543,25.260468,222.94037,99543.484,4.0259513e-07,2.524014
2013-09-03 12:00:00,34.3125,21.647705,196.29684,99415.8,0.00010263787,1.641439
2013-09-04 12:00:00,31.255585,19.383911,276.51743,99674.83,2.8036047e-07,1.0439395
2013-09-05 12:00:00,32.289,21.210846,230.13681,99850.664,0.0,0.9563129
2013-09-06 12:00:00,31.93634,18.582123,210.90512,99931.14,0.0,2.0468967
2013-09-07 12:00:00,31.669006,23.24704,246.27635,99602.24,0.0,1.0688162
2013-09-08 12:00:00,27.857605,17.26358,165.56245,100170.81,0.0,1.7212181
2013-09-09 12:00:00,25.244019,17.886475,97.40519,100156.4,1.1211284e-05,1.8817059
2013-09-10 12:00:00,35.926117,20.636719,224.40456,99989.695,0.0,2.2447057
2013-09-11 12:00:00,39.049744,23.253693,241.52512,99822.51,0.0,1.9393873
2013-09-12 12:00:00,36.11963,23.656616,237.41827,99901.984,0.0,2.0625203
2013-09-13 12:00:00,34.533997,24.435364,221.20752,99952.766,0.0,1.5377021
2013-09-14 12:00:00,36.363556,22.995544,252.96507,99969.9,0.0,1.6942517
2013-09-15 12:00:00,37.131073,23.849487,236.50438,100059.875,0.0,1.2944998
2013-09-16 12:00:00,35.125946,22.150269,210.34067,100275.57,0.0,1.9616024
2013-09-17 12:00:00,37.27188,22.787354,203.08005,99800.19,0.0,1.5156031
2013-09-18 12:00:00,35.14435,22.829865,166.6582,99016.12,3.5770707e-05,1.7610335
2013-09-19 12:00:00,27.283356,15.622833,256.2459,99587.73,0.0,3.2659934
2013-09-20 12:00:00,27.26184,11.994659,250.63687,99864.97,0.0,1.4627774
2013-09-21 12:00:00,33.798798,16.203491,235.27809,99679.34,0.0,2.1692557
2013-09-22 12:00:00,34.162872,18.691833,199.49153,99772.29,0.0,1.379998
2013-09-23 12:00:00,34.90091,21.600494,174.91077,99709.38,0.0,3.2702687
2013-09-24 12:00:00,32.03653,23.078674,116.12587,99698.9,4.9894574e-05,3.7195497
2013-09-25 12:00:00,28.98465,19.66034,159.21823,99798.52,0.00014787063,1.8103379
2013-09-26 12:00:00,24.998322,19.202393,114.2329,99990.46,8.041206e-05,0.26592815
2013-09-27 12:00:00,29.283081,18.489777,171.36395,100367.6,0.0,1.7397983
2013-09-28 12:00:00,31.658203,20.92865,208.21432,99945.234,1.9551549e-06,1.8877517
2013-09-29 12:00:00,27.472351,19.394897,59.5449,99439.34,0.00047605182,1.4784595
2013-09-30 12:00:00,19.927032,12.959015,71.00881,99635.36,0.00010427243,4.197082
2013-10-01 12:00:00,15.287048,10.186707,131.24701,100315.84,5.7624084e-06,2.3666983
2013-10-02 12:00:00,20.023071,8.033478,225.5359,100561.62,0.0,1.7325592
2013-10-03 12:00:00,21.577637,8.514893,221.85439,100393.96,0.0,1.438913
2013-10-04 12:00:00,23.200012,9.946564,219.81206,99778.19,0.0,0.6979443
2013-10-05 12:00:00,27.310669,12.053986,214.09961,99419.59,0.0,2.8457093
2013-10-06 12:00:00,30.20401,14.693756,211.16438,99400.89,0.0,3.367343
2013-10-07 12:00:00,27.023071,15.097168,212.85878,99358.43,2.6274322e-06,2.3197846
2013-10-08 12:00:00,23.644958,13.089294,138.40508,99647.36,0.0,0.27094898
2013-10-09 12:00:00,20.940369,17.355011,67.787796,100084.68,4.2364136e-05,0.68527436
2013-10-10 12:00:00,22.723145,17.08139,102.26875,100313.875,1.4395481e-05,0.93492895
2013-10-11 12:00:00,20.174408,16.183655,42.77707,99874.78,0.00026907306,1.6315607
2013-10-12 12:00:00,18.354828,16.161957,29.72564,99236.95,0.00033925008,2.076348
2013-10-13 12:00:00,18.084167,11.671143,43.101425,99067.125,3.3226584e-05,2.360247
2013-10-14 12:00:00,13.340149,8.100098,162.78407,99762.56,2.1134215e-06,2.6998875
2013-10-15 12:00:00,17.17981,4.6863403,197.44073,100808.83,0.0,0.9570707
2013-10-16 12:00:00,13.808289,5.770508,194.34836,101323.055,0.0,2.350874
2013-10-17 12:00:00,15.838654,3.8211365,190.68835,100709.266,0.0,2.0395415
2013-10-18 12:00:00,18.03061,4.7118225,193.37445,100089.39,0.0,0.91566044
2013-10-19 12:00:00,20.212494,6.1275635,166.54202,100163.85,0.0,1.3233062
2013-10-20 12:00:00,21.881714,8.345245,142.63934,99957.516,0.0,1.9614593
2013-10-21 12:00:00,22.355652,11.432556,138.45645,100390.81,1.1474942e-06,0.7265784
2013-10-22 12:00:00,21.01471,12.523651,166.12685,100862.77,0.0,2.0658813
2013-10-23 12:00:00,22.019958,8.381989,175.44107,100959.02,0.0,1.4930606
2013-10-24 12:00:00,24.190063,7.1436462,180.5596,100880.38,0.0,1.3622106
2013-10-25 12:00:00,24.412018,7.998596,176.0628,100695.11,0.0,1.0228244
2013-10-26 12:00:00,22.49237,9.465485,118.67662,100190.52,0.0,2.4557626
2013-10-27 12:00:00,19.600464,9.730164,25.9038,100229.25,0.00017144807,1.0737892
2013-10-28 12:00:00,14.903229,4.206299,172.81433,101042.73,0.0,2.3045285
2013-10-29 12:00:00,15.479645,5.50296,117.416435,100652.086,7.814322e-10,1.9581305
2013-10-30 12:00:00,14.89566,11.178894,44.59897,99576.336,0.00028176114,0.26523852
2013-10-31 12:00:00,18.742004,10.727112,160.8619,99823.87,6.7086867e-06,2.769135
2013-11-01 12:00:00,15.679016,4.930481,162.71791,100414.86,0.0,1.3396255
2013-11-02 12:00:00,14.406891,5.8158264,161.13962,100508.81,0.0,1.516824
2013-11-03 12:00:00,12.946625,0.7529602,156.67946,100915.17,7.265323e-08,1.0157543
2013-11-04 12:00:00,15.8038025,5.388855,155.82065,100750.54,5.6019684e-07,0.64114314
2013-11-05 12:00:00,18.572052,4.7362366,153.14325,100847.59,0.0,1.5668118
2013-11-06 12:00:00,19.462372,6.513672,152.59741,100649.69,0.0,1.8633373
2013-11-07 12:00:00,19.3768,6.548004,138.66325,100402.45,0.0,1.4494805
2013-11-08 12:00:00,15.445831,8.4566345,41.584366,100011.016,5.9418493e-05,1.5613929
2013-11-09 12:00:00,12.935425,12.209625,24.756666,99471.08,0.00032082968,3.9868486
2013-11-10 12:00:00,12.339386,9.91687,43.74471,100091.875,2.2533075e-05,3.7323148
2013-11-11 12:00:00,13.2256775,7.5479736,143.34267,100509.46,1.7311307e-06,2.470643
2013-11-12 12:00:00,9.872894,5.154663,146.3758,101184.98,3.0806148e-06,3.5582619
2013-11-13 12:00:00,6.1100464,-0.9960327,115.57822,101131.48,6.1155583e-07,1.7242467
2013-11-14 12:00:00,6.6140137,-1.8112488,121.60493,100307.9,2.4837682e-06,1.6964852
2013-11-15 12:00:00,6.0480957,-1.0138245,35.169727,100296.14,7.065423e-06,1.6868309
2013-11-16 12:00:00,5.7754517,-1.7026978,123.09986,100733.92,2.4274889e-06,1.7687922
2013-11-17 12:00:00,6.164337,-2.395691,87.73071,100392.336,1.3064599e-06,2.5186262
2013-11-18 12:00:00,9.836884,3.9779053,39.54975,99391.0,9.598954e-05,4.0094557
2013-11-19 12:00:00,11.009369,4.7767334,90.78337,99170.37,9.566003e-05,2.6383998
2013-11-20 12:00:00,9.569214,3.2020264,55.414246,100271.32,1.5387466e-05,2.275163
2013-11-21 12:00:00,15.174988,5.3067627,53.849155,98678.586,0.00019977421,3.4591236
2013-11-22 12:00:00,10.939148,1.3458252,105.96618,100124.94,3.355207e-07,2.4795747
2013-11-23 12:00:00,11.499329,-0.9305725,124.16968,101352.61,7.2833224e-08,0.7938311
2013-11-24 12:00:00,7.2448425,-0.24975586,117.23237,102163.59,7.7962153e-07,2.1367722
2013-11-25 12:00:00,9.119537,-2.7424011,115.99326,102275.03,2.1016422e-06,1.8264093
2013-11-26 12:00:00,12.512421,-1.7316589,107.44557,101562.81,1.8559575e-06,1.9438059
2013-11-27 12:00:00,13.8185425,6.2486267,35.78743,101129.65,4.163458e-05,2.168417
2013-11-28 12:00:00,12.342255,5.976898,25.113674,101577.41,4.046987e-05,2.1109352
2013-11-29 12:00:00,6.843292,3.2304077,83.153564,102061.07,6.327467e-06,4.012075
2013-11-30 12:00:00,6.393982,-0.114593506,109.26014,101669.65,0.0,2.9464006
2013-12-01 12:00:00,8.576538,-0.3043518,115.60108,100806.57,9.453733e-08,0.78277487
2013-12-02 12:00:00,10.963562,-0.3869934,70.94041,100028.4,2.5102568e-07,1.6116921
2013-12-03 12:00:00,15.860352,6.7755737,115.73284,99035.62,1.0996441e-06,2.9496133
2013-12-04 12:00:00,13.622498,4.6368713,112.01731,99512.266,2.574801e-07,3.0633278
2013-12-05 12:00:00,6.0921326,-0.7807617,66.724266,100091.34,2.5654804e-06,1.527162
2013-12-06 12:00:00,6.4574585,3.837555,23.780598,100063.39,2.593671e-05,1.9615502
2013-12-07 12:00:00,4.277466,1.0204773,37.658234,100550.5,7.766612e-06,2.4740682
2013-12-08 12:00:00,5.796173,-0.8051758,61.101135,100515.05,4.010339e-06,1.8632456
2013-12-09 12:00:00,4.964447,-1.1578064,97.37649,100676.89,0.0,2.7279103
2013-12-10 12:00:00,3.1028748,-1.3323059,38.92259,100318.5,2.3650478e-05,1.0983044
2013-12-11 12:00:00,0.6932068,0.28405762,18.71405,99044.99,0.0005751427,3.8352528
2013-12-12 12:00:00,0.7398071,0.024169922,48.87139,99775.92,4.168951e-05,4.637811
2013-12-13 12:00:00,0.6144409,-8.445923,115.86025,100854.19,3.6406598e-07,1.812844
2013-12-14 12:00:00,6.6870117,-8.487152,83.5054,100471.234,1.7821239e-07,2.1712248
2013-12-15 12:00:00,9.411194,2.109497,46.910942,100016.21,4.5219917e-05,2.7915063
2013-12-16 12:00:00,12.437836,-0.25598145,113.60033,100124.11,2.6490256e-05,3.178554
2013-12-17 12:00:00,7.9858704,-7.6572266,104.92096,100754.664,3.2830593e-07,1.4799153
2013-12-18 12:00:00,10.806274,1.4475708,13.216157,99792.97,0.0002854565,2.9805613
2013-12-19 12:00:00,19.12439,10.913452,75.83785,98620.88,0.00012019794,4.344348
2013-12-20 12:00:00,11.817505,2.2960205,39.94329,100145.33,1.12896405e-05,2.1248083
2013-12-21 12:00:00,5.7485657,4.0621643,20.323172,99755.74,0.00011243278,2.0879073
2013-12-22 12:00:00,8.172821,-1.4959717,102.17615,100283.78,2.4760602e-06,1.6880487
2013-12-23 12:00:00,14.581451,3.3429565,109.41091,100310.72,1.2827837e-11,1.4460483
2013-12-24 12:00:00,4.8112183,-6.6042175,112.91085,101507.82,1.1573581e-08,1.2364634
2013-12-25 12:00:00,8.863983,-4.5308533,110.22222,99920.99,3.7122473e-07,3.0710022
2013-12-26 12:00:00,12.228607,0.39709473,114.34254,100163.84,1.8323848e-06,4.342617
2013-12-27 12:00:00,0.21554565,-8.110779,73.68116,102251.05,0.0,3.362339
2013-12-28 12:00:00,-0.23617554,-8.312347,106.8717,102256.3,0.0,1.6364053
2013-12-29 12:00:00,3.0406494,-7.7938843,118.60187,102085.96,0.0,1.1476477
2013-12-30 12:00:00,4.7766724,-6.8840027,117.74913,101578.94,0.0,1.3903819
2013-12-31 12:00:00,5.548065,-5.7646484,78.63697,100991.55,0.0,1.6808507
2014-01-01 12:00:00,5.788788,0.33389282,61.46442,99353.65,0.00014268242,1.0902365
2014-01-02 12:00:00,3.9560852,-0.24768066,60.81013,99849.92,2.857301e-06,1.5993052
2014-01-03 12:00:00,-0.2029419,-7.230896,119.30713,100698.94,1.170578e-05,1.7180341
2014-01-04 12:00:00,-2.0494995,-12.17868,120.76686,101246.75,5.9908116e-06,3.8202238
2014-01-05 12:00:00,3.6643066,-4.6156616,119.63766,100445.82,5.30127e-07,3.1702063
2014-01-06 12:00:00,10.38089,-5.772461,94.03256,99701.63,2.5066667e-08,3.252852
2014-01-07 12:00:00,9.122925,4.745331,18.373417,99013.54,0.00023763528,1.3689561
2014-01-08 12:00:00,5.5707397,-3.5527344,83.74342,99470.39,0.00010587224,3.390403
2014-01-09 12:00:00,6.619385,-9.487183,117.36757,100566.94,1.6002076e-06,1.9450341
2014-01-10 12:00:00,11.044403,-2.000122,81.38546,100148.82,3.7404572e-08,2.8846898
2014-01-11 12:00:00,9.769043,3.1123962,43.56555,99880.38,1.4027396e-05,1.447351
2014-01-12 12:00:00,3.5371094,1.0454102,31.857456,99794.23,8.368068e-06,1.7293804
2014-01-13 12:00:00,11.5486145,0.9090576,46.672646,99072.875,6.9907455e-06,2.7629998
2014-01-14 12:00:00,11.162109,-0.8590698,111.99674,99967.54,8.451804e-06,4.104338
2014-01-15 12:00:00,2.3163757,-6.226074,130.79344,101297.81,0.0,2.614775
2014-01-16 12:00:00,3.6357422,-8.256165,126.917946,101238.945,1.2815442e-06,2.1095166
2014-01-17 12:00:00,6.7841187,-4.8220825,74.04088,100203.375,2.5655674e-11,2.1615257
2014-01-18 12:00:00,3.6912537,0.10083008,30.200018,99997.836,0.00020531303,2.2792044
2014-01-19 12:00:00,0.88339233,-10.10556,134.0206,100387.59,0.0,2.276616
2014-01-20 12:00:00,1.6026917,-9.039246,137.07632,100158.984,4.755528e-10,3.5636215
2014-01-21 12:00:00,5.859894,-12.847839,134.06743,100190.98,0.0,2.7339978
2014-01-22 12:00:00,10.556763,1.8866577,128.36073,99738.77,4.102716e-07,3.4587796
2014-01-23 12:00:00,12.059143,7.5148315,20.847414,99270.78,0.00020476099,4.0966806
2014-01-24 12:00:00,11.174957,-4.509369,91.36399,99507.3,8.2127626e-05,4.6764235
2014-01-25 12:00:00,3.6522217,-7.2770386,141.89363,100385.23,1.1923264e-06,2.0326767
2014-01-26 12:00:00,11.16452,-5.3951416,136.5579,100663.71,1.03688215e-07,2.2393305
2014-01-27 12:00:00,13.567108,-2.1414795,138.84006,101161.984,8.675525e-08,2.6645918
2014-01-28 12:00:00,12.200195,0.12649536,79.48374,100902.12,0.0,3.2206335
2014-01-29 12:00:00,11.407318,3.5135193,32.891888,100866.5,3.543569e-05,1.3556417
2014-01-30 12:00:00,9.478302,0.49649048,30.915321,100873.87,0.00017189185,1.5532465
2014-01-31 12:00:00,12.588654,9.462097,23.31512,99763.57,0.0001524771,3.5815089
2014-02-01 12:00:00,11.998199,-2.3472595,78.5544,100044.71,5.843985e-05,3.6990204
2014-02-02 12:00:00,8.475464,-4.1763916,153.5061,100254.695,0.0,2.3043895
2014-02-03 12:00:00,2.500946,-1.6835022,82.88323,100060.3,1.1306043e-06,2.9342673
2014-02-04 12:00:00,0.5791931,-7.774658,160.2239,100602.84,0.0,2.5810633
2014-02-05 12:00:00,5.5915833,-4.42688,58.80153,99892.42,1.4842828e-08,3.3824842
2014-02-06 12:00:00,5.398407,0.6083679,49.683605,100022.01,5.9791564e-05,1.0944675
2014-02-07 12:00:00,6.986145,3.4456787,54.95651,99683.04,0.00023195911,1.1145887
2014-02-08 12:00:00,5.2036133,0.49172974,87.61915,100939.24,5.9595363e-06,0.7611163
2014-02-09 12:00:00,9.75827,0.61120605,42.858875,100502.16,2.657628e-05,2.897171
2014-02-10 12:00:00,15.892273,9.727936,35.9163,98398.76,0.00039588482,5.762775
2014-02-11 12:00:00,10.135437,3.53714,173.89679,98517.83,0.0,4.7101727
2014-02-12 12:00:00,3.7107239,-0.8594055,94.99336,99129.7,1.3436878e-06,4.467543
2014-02-13 12:00:00,2.8755188,-2.4276428,179.30728,99960.56,5.994146e-07,3.3595588
2014-02-14 12:00:00,3.4997253,-3.7818604,56.648495,99752.34,2.535336e-05,2.3381784
2014-02-15 12:00:00,2.693573,-9.195343,119.935974,99753.76,7.057497e-05,4.959894
2014-02-16 12:00:00,-1.5617676,-10.095551,179.60397,99970.84,1.5293387e-10,3.78824
2014-02-17 12:00:00,-3.0841064,-10.33548,183.13872,100818.234,3.1316536e-06,2.4269004
2014-02-18 12:00:00,-0.18707275,-15.739349,187.76883,101438.37,5.3196462e-08,1.3039242
2014-02-19 12:00:00,5.035309,-12.779968,191.31566,101004.48,8.4663634e-07,1.2870337
2014-02-20 12:00:00,11.759644,-7.963135,189.76517,100751.22,0.0,1.7246765
2014-02-21 12:00:00,9.246979,-4.9507446,125.81581,100677.49,0.0,1.3701922
2014-02-22 12:00:00,5.138794,-3.0790405,144.51024,100439.7,0.0,1.9223764
2014-02-23 12:00:00,-1.4537354,-6.1237793,101.628784,100966.67,2.3738519e-06,3.8369358
2014-02-24 12:00:00,-3.4049988,-13.637512,208.41176,102125.14,9.116302e-07,2.235219
2014-02-25 12:00:00,5.61499,-10.083984,203.21443,101125.79,0.0,2.6275947
2014-02-26 12:00:00,10.042023,-6.4154663,187.00589,100992.28,0.0,0.68429977
2014-02-27 12:00:00,5.861145,-3.356659,137.94412,101049.88,0.0,2.3959148
2014-02-28 12:00:00,3.0369263,-6.441681,182.91653,101305.43,1.6536908e-06,2.0044744
2014-03-01 12:00:00,6.854004,-10.192841,208.92325,100898.24,1.7145618e-07,1.0719448
2014-03-02 12:00:00,2.7557068,-0.15524292,48.722324,99804.13,0.0001540914,2.7694802
2014-03-03 12:00:00,4.5419006,0.25057983,33.685024,99190.28,0.00023452705,2.1135678
2014-03-04 12:00:00,9.391693,1.7405396,161.69836,99870.11,2.9357388e-05,1.290394
2014-03-05 12:00:00,12.193146,-1.5829468,91.09609,99881.46,3.3051718e-05,2.4913592
2014-03-06 12:00:00,16.694153,9.618866,124.47628,99098.33,0.00016864498,3.0181682
2014-03-07 12:00:00,12.440369,0.0904541,213.52509,100279.94,1.8450332e-06,2.7019262
2014-03-08 12:00:00,9.115753,-4.502075,229.06654,101538.89,0.0,1.7684633
2014-03-09 12:00:00,13.102325,-4.805176,226.93936,101630.2,0.0,0.19952613
2014-03-10 12:00:00,15.765442,2.5369568,176.784,100712.51,2.0234587e-09,3.2622943
2014-03-11 12:00:00,16.299683,8.967651,156.65407,100060.28,9.4433e-09,2.9781113
2014-03-12 12:00:00,17.231842,10.480957,97.21685,100007.445,3.9410945e-05,1.7788912
2014-03-13 12:00:00,13.954071,0.4071045,84.59499,100804.95,7.593109e-05,4.736941
2014-03-14 12:00:00,7.8268433,-5.082367,245.8441,100889.74,2.2542465e-06,2.3740437
2014-03-15 12:00:00,13.296417,-3.0922852,222.80739,100661.92,1.0969173e-06,1.8722755
2014-03-16 12:00:00,18.208527,5.1259155,169.46503,100246.97,0.0,2.6268752
2014-03-17 12:00:00,17.0914,5.242462,137.20909,99826.51,1.228135e-05,2.7454116
2014-03-18 12:00:00,18.707153,10.542053,184.34358,99084.06,6.171607e-05,2.2849307
2014-03-19 12:00:00,20.69696,8.425232,231.21843,99012.17,2.6074454e-07,1.1894025
2014-03-20 12:00:00,19.905853,7.151581,235.88554,99389.266,0.0,1.5280505
2014-03-21 12:00:00,23.37732,9.976593,207.74893,100148.17,0.0,2.1402721
2014-03-22 12:00:00,20.506805,14.57251,62.71398,100272.48,3.4593817e-05,2.431089
2014-03-23 12:00:00,21.529572,14.615997,82.384056,99872.54,8.321354e-05,3.3106174
2014-03-24 12:00:00,21.627869,14.369019,135.57852,99211.08,0.0002094532,3.640442
2014-03-25 12:00:00,26.623169,11.634552,260.1447,99777.125,0.0,2.674594
2014-03-26 12:00:00,22.576477,16.670074,43.449356,99860.32,0.00027366873,2.3721542
2014-03-27 12:00:00,20.463928,12.638458,262.1437,99632.35,0.00012705127,3.0868022
2014-03-28 12:00:00,21.220825,8.672058,264.11594,100835.71,0.0,1.1199617
2014-03-29 12:00:00,20.907257,7.122284,265.79587,101143.695,0.0,1.8175688
2014-03-30 12:00:00,19.31784,8.799591,102.40462,100115.97,3.8487507e-08,3.161575
2014-03-31 12:00:00,20.387543,15.579163,116.105515,98672.74,3.6233363e-05,4.5117373
2014-04-01 12:00:00,18.456726,9.693298,219.49411,98985.945,2.1636475e-05,3.1201093
2014-04-02 12:00:00,18.372803,5.23761,275.34375,99863.28,3.1816973e-07,0.6911317
2014-04-03 12:00:00,23.736908,9.632172,231.42201,99214.38,0.0,3.1815784
2014-04-04 12:00:00,21.806458,9.994995,285.62405,98600.2,1.7856677e-05,3.9999714
2014-04-05 12:00:00,24.927277,6.4289856,271.8009,98997.31,0.0,2.742021
2014-04-06 12:00:00,22.611237,13.874908,181.1221,98546.25,0.0001048298,1.3085058
2014-04-07 12:00:00,20.00644,13.910034,90.841995,98195.28,5.2725663e-05,3.119696
2014-04-08 12:00:00,19.46106,10.527863,291.86972,98571.945,4.2296513e-09,3.985199
2014-04-09 12:00:00,25.136322,6.4682007,296.25632,99360.43,0.0,2.8242943
2014-04-10 12:00:00,25.969086,15.866699,288.3427,99217.95,2.699542e-06,4.126311
2014-04-11 12:00:00,22.340515,5.558075,306.88202,100608.695,0.0,5.353003
2014-04-12 12:00:00,15.350983,1.4772034,236.85931,100449.336,0.0,2.777434
2014-04-13 12:00:00,13.7543335,7.7729187,308.16763,100378.19,4.026144e-09,3.8395977
2014-04-14 12:00:00,13.405334,-0.4237976,308.0,101071.93,4.2606256e-09,1.7260555
2014-04-15 12:00:00,16.534607,1.5825195,212.13383,100993.77,0.0,1.607735
2014-04-16 12:00:00,22.116333,10.939453,234.7601,100851.516,0.0,1.8159388
2014-04-17 12:00:00,26.162018,9.446289,296.72507,100930.61,0.0,2.0458663
2014-04-18 12:00:00,23.916168,13.810364,225.7658,100611.664,2.7814056e-07,2.8473384
2014-04-19 12:00:00,23.860138,12.589874,203.17607,100001.41,9.244257e-05,1.1212662
2014-04-20 12:00:00,18.12201,12.391022,99.42082,99848.75,5.3271455e-05,1.254316
2014-04-21 12:00:00,23.778748,16.830383,150.3415,98743.86,0.00045424796,2.3351123
2014-04-22 12:00:00,23.183105,16.298828,123.54108,98758.43,0.00027731492,1.0110362
2014-04-23 12:00:00,19.967346,12.365997,276.74838,99407.68,2.4667368e-06,2.33615
2014-04-24 12:00:00,18.248505,9.517944,81.341866,99598.34,3.7323054e-05,2.7305286
2014-04-25 12:00:00,15.898834,11.358002,110.766785,98987.016,0.0004334574,2.516039
2014-04-26 12:00:00,15.014526,8.508606,199.91125,99643.57,3.9379134e-05,2.6553438
2014-04-27 12:00:00,19.070862,6.7630005,325.91113,100308.41,6.558774e-07,1.655142
2014-04-28 12:00:00,23.074799,8.004211,295.01242,100444.86,0.0,1.9445449
2014-04-29 12:00:00,20.893524,10.475922,116.6149,99984.36,1.7908675e-05,2.4837382
2014-04-30 12:00:00,24.291107,16.424805,178.75587,99645.586,1.2379939e-05,1.9143517
2014-05-01 12:00:00,29.405487,15.893585,301.38892,100008.63,1.983131e-06,2.2039878
2014-05-02 12:00:00,26.37619,17.575562,165.75247,99922.33,0.00010705063,0.4536866
2014-05-03 12:00:00,29.355652,18.554138,307.04736,99640.625,1.2295636e-06,1.6763339
2014-05-04 12:00:00,29.99533,20.772522,290.5432,99255.58,1.8013475e-08,3.1922553
2014-05-05 12:00:00,29.975098,20.263702,312.87106,99478.48,0.0,3.387199
2014-05-06 12:00:00,29.945618,19.702393,259.19788,99810.516,5.596688e-08,2.4147792
2014-05-07 12:00:00,31.404816,19.514587,310.42645,99542.7,0.0,3.0427237
2014-05-08 12:00:00,29.998962,22.813599,257.71765,99084.375,8.9187233e-07,4.44942
2014-05-09 12:00:00,28.202759,19.988068,286.26242,99328.55,3.2217624e-05,3.7574818
2014-05-10 12:00:00,21.861877,8.311096,346.98242,100755.51,2.230567e-09,3.4801924
2014-05-11 12:00:00,21.532532,7.760895,290.94992,100640.836,0.0,0.8888895
2014-05-12 12:00:00,17.713196,9.006653,342.986,100085.016,1.9616509e-07,3.4153674
2014-05-13 12:00:00,20.669922,6.090973,222.19075,99136.24,9.0173935e-06,2.9103746
2014-05-14 12:00:00,16.894012,5.297821,340.0127,99399.586,0.0,3.327501
2014-05-15 12:00:00,21.408752,2.7847595,335.48553,99437.67,0.0,1.2435027
2014-05-16 12:00:00,30.825378,15.294952,275.78293,98665.234,5.9953976e-07,3.982069
2014-05-17 12:00:00,31.582275,17.875153,292.12747,98474.85,0.0001161345,4.399301
2014-05-18 12:00:00,28.712982,19.935974,349.04807,99036.62,9.122528e-06,3.8263395
2014-05-19 12:00:00,27.75827,13.313721,352.8851,100026.52,0.0,3.0973086
2014-05-20 12:00:00,26.07428,13.5720825,103.80528,100373.24,0.0,0.48705193
2014-05-21 12:00:00,23.528137,12.5112,249.7738,100158.92,2.1131975e-05,0.45924804
2014-05-22 12:00:00,27.752869,12.204285,330.59058,100055.23,2.0549549e-09,1.8521303
2014-05-23 12:00:00,30.044647,11.557159,349.67773,100371.89,0.0,0.808335
2014-05-24 12:00:00,31.987396,18.232727,184.3059,100104.695,9.317451e-06,3.0205162
2014-05-25 12:00:00,32.10254,24.216064,181.4218,99470.78,0.0,3.7713861
2014-05-26 12:00:00,31.261322,23.324768,227.66554,99099.19,3.3752305e-05,2.8885062
2014-05-27 12:00:00,30.74054,16.399078,309.91522,99313.6,3.176564e-05,1.8801029
2014-05-28 12:00:00,29.923157,19.091217,237.4903,99543.555,3.725206e-06,0.56028044
2014-05-29 12:00:00,28.60672,18.430573,243.60303,99399.31,0.0004165168,1.5838305
2014-05-30 12:00:00,30.894775,17.196503,345.6156,99561.914,0.0,1.4238824
2014-05-31 12:00:00,29.352234,19.387054,117.55139,99465.11,0.00013495593,1.764177
2014-06-01 12:00:00,26.519989,17.043213,349.31482,99628.21,9.707997e-05,3.583096
2014-06-02 12:00:00,26.445526,13.394897,355.7142,99824.89,0.0,2.309726
2014-06-03 12:00:00,26.148132,13.213623,269.14642,99797.79,0.0,1.9467957
2014-06-04 12:00:00,30.021637,14.911591,343.67535,99846.92,0.0,0.5418031
2014-06-05 12:00:00,32.78705,19.572083,344.27347,99631.805,0.0,2.065921
2014-06-06 12:00:00,32.830322,20.717651,306.6911,99445.8,0.0,2.1285496
2014-06-07 12:00:00,34.192352,23.104858,289.01453,99585.7,7.667226e-05,1.7696444
2014-06-08 12:00:00,33.479767,21.132843,305.72882,99911.02,6.519244e-05,1.7545121
2014-06-09 12:00:00,32.088318,23.601868,260.89645,100030.164,0.00010631281,2.2938583
2014-06-10 12:00:00,35.565216,22.628052,343.46658,99860.37,7.1123904e-06,1.4879712
2014-06-11 12:00:00,33.550995,21.822327,340.5739,99603.7,3.7296755e-05,1.1637975
2014-06-12 12:00:00,31.062256,19.59549,336.86682,99646.016,0.0,1.9851435
2014-06-13 12:00:00,29.648987,18.86615,117.179306,99690.0,0.00019071207,0.77653956
2014-06-14 12:00:00,31.053131,19.991302,248.56163,99425.26,1.151029e-05,0.4751649
2014-06-15 12:00:00,28.22348,20.626526,131.01817,99338.9,9.08526e-05,2.6247282
2014-06-16 12:00:00,30.813782,20.329895,277.86252,99122.945,4.5171975e-05,2.5671372
2014-06-17 12:00:00,31.263428,20.159515,269.78375,98855.164,3.5854555e-05,1.6253281
2014-06-18 12:00:00,30.120941,20.838226,293.7716,99411.11,2.534835e-05,1.4245224
2014-06-19 12:00:00,27.706879,17.008728,132.30403,100344.45,2.1024074e-05,2.2054875
2014-06-20 12:00:00,24.130463,13.5448,360.72665,100775.48,1.3173779e-07,1.5608963
2014-06-21 12:00:00,26.20465,11.880615,366.72522,100840.24,0.0,1.9183259
2014-06-22 12:00:00,28.399475,12.3402405,365.5456,100397.984,0.0,1.7719394
2014-06-23 12:00:00,32.72278,17.141418,352.39722,99645.79,0.0,3.2783027
2014-06-24 12:00:00,34.920074,23.547089,347.59113,99464.11,0.0,3.40784
2014-06-25 12:00:00,33.614594,24.142609,352.53436,99656.64,0.0,3.9513443
2014-06-26 12:00:00,31.91388,22.244507,156.91487,99924.88,4.1238935e-05,3.5773752
2014-06-27 12:00:00,33.08368,22.507446,336.71848,100033.59,0.0,3.2761643
2014-06-28 12:00:00,32.529663,23.54599,247.32957,100068.766,2.3323471e-05,3.8870554
2014-06-29 12:00:00,36.13623,26.234497,322.54715,100024.0,9.55254e-08,3.0137703
2014-06-30 12:00:00,37.30945,26.291718,336.92966,99884.195,0.0,2.9185467
2014-07-01 12:00:00,37.99756,25.618286,257.88306,99793.87,0.0,2.11669
2014-07-02 12:00:00,37.69742,24.609406,334.66782,99646.49,0.0,1.0821557
2014-07-03 12:00:00,35.898956,20.588043,358.92673,99769.67,0.0,2.6269703
2014-07-04 12:00:00,33.60501,17.75644,361.51892,99829.766,0.0,2.607429
2014-07-05 12:00:00,34.338196,17.369598,349.28687,99916.08,0.0,1.6671298
2014-07-06 12:00:00,34.250427,22.156036,309.68173,100009.83,5.9540347e-05,0.73901546
2014-07-07 12:00:00,37.008698,23.156708,330.60696,99866.63,1.707901e-05,0.27366552
2014-07-08 12:00:00,37.676758,23.196869,319.8242,99652.445,3.573811e-05,0.91519237
2014-07-09 12:00:00,38.019104,21.748108,326.30197,99519.875,4.218681e-05,0.5748233
2014-07-10 12:00:00,39.05252,24.363647,326.98672,99578.39,7.117955e-06,1.2324007
2014-07-11 12:00:00,38.88028,25.795624,302.5479,99859.45,4.579786e-05,0.982092
2014-07-12 12:00:00,38.30133,25.701263,324.08856,99887.5,3.667802e-05,1.6285608
2014-07-13 12:00:00,37.909027,25.00235,274.8969,99636.195,7.769417e-05,1.3812948
2014-07-14 12:00:00,34.735382,24.373322,336.18857,99699.91,0.0,2.3781269
2014-07-15 12:00:00,30.193115,15.850647,347.70792,100159.54,0.0,2.46737
2014-07-16 12:00:00,32.68625,15.977875,327.57916,99888.96,0.0,0.49874204
2014-07-17 12:00:00,35.703705,21.534943,291.56967,99375.21,4.2987645e-07,2.3284116
2014-07-18 12:00:00,35.248505,21.206207,319.20294,99198.87,5.2339537e-09,2.4153516
2014-07-19 12:00:00,33.26779,20.694458,295.80188,99486.87,0.0,2.348195
2014-07-20 12:00:00,31.591827,24.562225,231.02924,99652.51,2.0011426e-09,2.4090633
2014-07-21 12:00:00,33.941986,20.701904,324.31134,99673.74,0.0,2.3592055
2014-07-22 12:00:00,35.266266,21.637909,246.27466,99607.66,0.0,0.6694666
2014-07-23 12:00:00,38.67743,24.705994,279.09314,99666.38,4.972407e-05,1.8756727
2014-07-24 12:00:00,35.593872,21.36673,275.97736,100013.984,0.00019521012,1.0077679
2014-07-25 12:00:00,34.04242,21.405914,197.05598,100105.94,7.758834e-05,1.0703423
2014-07-26 12:00:00,35.728607,22.480316,294.0444,99991.586,2.1937818e-05,1.0158472
2014-07-27 12:00:00,36.47336,22.41388,304.43005,100014.3,2.3005101e-05,1.5314282
2014-07-28 12:00:00,34.05667,23.965271,285.40616,99876.664,5.3388878e-05,1.8147706
2014-07-29 12:00:00,34.591644,23.449768,273.6298,99821.99,1.2030491e-05,2.1042209
2014-07-30 12:00:00,36.498962,25.816559,321.6809,99910.4,3.7571233e-05,2.5522132
2014-07-31 12:00:00,39.980194,27.926147,322.1551,99805.555,0.0,2.9549592
2014-08-01 12:00:00,38.959137,22.33313,324.8056,99902.15,8.087489e-06,1.7084607
2014-08-02 12:00:00,35.23181,21.510773,319.82468,100104.836,0.0,2.1973288
2014-08-03 12:00:00,36.69452,22.76352,294.20316,99959.61,0.0,1.962598
2014-08-04 12:00:00,40.41086,22.09964,303.67438,99587.57,2.4717021e-05,1.5899111
2014-08-05 12:00:00,38.939026,23.494476,308.50952,99560.28,0.0,2.1768663
2014-08-06 12:00:00,36.618042,25.44226,314.71503,99275.06,0.0,1.3314342
2014-08-07 12:00:00,33.70935,21.973267,311.57535,99603.98,4.8787445e-08,3.1186495
2014-08-08 12:00:00,31.339325,15.355621,328.1969,99974.7,0.0,1.2906618
2014-08-09 12:00:00,30.904388,14.868011,326.9083,100285.72,0.0,1.9376553
2014-08-10 12:00:00,33.24521,17.503204,301.76697,100267.32,0.0,1.728582
2014-08-11 12:00:00,34.31488,19.046753,299.2171,99971.53,0.0,1.9712106
2014-08-12 12:00:00,36.398438,20.968628,311.96075,99693.875,0.0,2.6356444
2014-08-13 12:00:00,35.11856,28.226807,141.27168,99670.1,9.127812e-07,3.3630533
2014-08-14 12:00:00,31.424744,20.15744,291.48294,99941.84,0.00013723862,1.2798518
2014-08-15 12:00:00,32.64151,21.032104,308.9913,99853.89,0.0,1.8522214
2014-08-16 12:00:00,31.41861,21.822632,122.94382,99803.945,2.49146e-05,1.5138086
2014-08-17 12:00:00,29.152771,20.335205,210.4488,99931.89,6.0865164e-05,0.9245314
2014-08-18 12:00:00,28.883453,21.08368,219.53487,100106.82,0.00041475042,1.3015846
2014-08-19 12:00:00,33.75943,22.07016,267.2532,100151.87,0.000105132065,1.6225144
2014-08-20 12:00:00,35.1882,23.66861,260.46234,99978.74,4.1462386e-06,1.0154196
2014-08-21 12:00:00,34.19345,23.238312,231.11003,99762.12,0.0,1.2039834
2014-08-22 12:00:00,35.460205,22.142487,291.90778,99747.83,0.0,1.2330058
2014-08-23 12:00:00,37.45685,22.644379,296.98627,99828.234,0.0,0.6431891
2014-08-24 12:00:00,37.753662,22.80307,292.42,99838.8,0.0,1.2941004
2014-08-25 12:00:00,36.875153,20.33258,293.2642,99957.33,0.0,2.2922006
2014-08-26 12:00:00,37.318542,23.057068,277.25797,99849.05,0.0,0.48326647
2014-08-27 12:00:00,37.692474,23.877838,270.12384,99688.62,0.0,1.0744947
2014-08-28 12:00:00,38.996185,23.452972,276.73077,99781.12,0.0,1.5127887
2014-08-29 12:00:00,38.116547,23.823181,252.75035,100023.625,0.0,2.1474116
2014-08-30 12:00:00,37.506927,23.819824,266.89874,100202.82,0.0,2.122269
2014-08-31 12:00:00,37.656403,24.610474,279.59393,100139.22,0.0,2.1764522
2014-09-01 12:00:00,37.954742,24.247406,248.15128,99965.875,9.2360425e-10,1.4221927
2014-09-02 12:00:00,35.096375,23.155945,226.69069,99793.35,7.448708e-07,2.3299813
2014-09-03 12:00:00,32.500153,21.9487,220.76784,99822.484,4.133564e-07,1.4537591
2014-09-04 12:00:00,34.980133,23.86081,207.88138,99689.16,0.0,1.8540144
2014-09-05 12:00:00,34.994934,22.014465,224.37059,99648.5,5.244414e-05,1.5276604
2014-09-06 12:00:00,32.259888,24.14447,239.83435,99651.33,0.0,1.8880614
2014-09-07 12:00:00,34.55948,20.759277,261.79245,100128.52,3.2499403e-05,1.0168723
2014-09-08 12:00:00,33.92166,21.852325,194.1948,100407.23,5.5348803e-05,0.69122654
2014-09-09 12:00:00,34.604065,23.367645,244.15053,100532.15,2.8165573e-08,1.9325604
2014-09-10 12:00:00,35.335358,21.574158,264.29965,100291.266,0.0,1.3041167
2014-09-11 12:00:00,36.180023,21.57373,204.39853,99844.05,0.0,2.0629766
2014-09-12 12:00:00,36.054565,22.512634,233.18272,99688.0,1.5478403e-05,1.4346408
2014-09-13 12:00:00,34.825287,24.048126,204.83244,99628.12,0.0,1.6069981
2014-09-14 12:00:00,36.493774,26.227264,249.09996,99454.945,0.0,3.0282886
2014-09-15 12:00:00,34.222595,20.779755,152.66414,99791.29,0.00021830894,1.2925423
2014-09-16 12:00:00,26.846344,19.601685,153.95488,99545.88,0.00033133157,0.94951653
2014-09-17 12:00:00,28.927551,19.762177,242.30617,99498.41,0.0,1.8763598
2014-09-18 12:00:00,34.015076,20.680328,245.89314,99630.516,0.0,1.9410872
2014-09-19 12:00:00,32.624146,21.938843,222.78381,99918.21,0.00011590471,2.586869
2014-09-20 12:00:00,31.561523,21.593689,217.51155,100248.2,2.8926293e-05,1.9804096
2014-09-21 12:00:00,32.455383,23.01886,219.58156,100503.86,0.0,1.114449
2014-09-22 12:00:00,32.14264,22.190704,221.26253,100460.625,0.0,1.7736496
2014-09-23 12:00:00,32.861572,22.704346,216.87396,100245.016,0.0,1.7459823
2014-09-24 12:00:00,29.362366,20.509521,121.26459,100236.945,7.5638556e-05,1.279889
2014-09-25 12:00:00,21.878693,17.296295,180.07324,100718.64,4.689388e-06,3.4498334
2014-09-26 12:00:00,19.944489,14.603516,174.82672,100416.76,2.3553013e-05,1.4650741
2014-09-27 12:00:00,22.435059,11.254303,234.04251,100217.73,0.0,1.2054974
2014-09-28 12:00:00,25.904358,11.3289795,232.65509,100241.58,0.0,1.1766287
2014-09-29 12:00:00,28.0625,12.86145,211.24318,100045.33,0.0,1.730114
2014-09-30 12:00:00,28.625183,15.47113,174.80333,99584.68,0.0,2.8865864
2014-10-01 12:00:00,29.790253,21.195099,171.14835,99175.34,2.8577067e-05,2.4244254
2014-10-02 12:00:00,22.419739,15.575287,147.88232,99573.34,2.1592165e-05,0.85110664
2014-10-03 12:00:00,29.720673,16.19867,170.82912,99698.13,0.00020082317,1.2880663
2014-10-04 12:00:00,26.595734,17.841858,142.35542,99981.79,0.00018547916,1.118372
2014-10-05 12:00:00,27.633331,20.826324,109.14942,99651.8,0.00017756333,2.7994795
2014-10-06 12:00:00,24.198303,18.661285,196.74498,100018.62,1.5826117e-09,1.0415803
2014-10-07 12:00:00,24.135284,14.60611,193.43724,100487.91,0.0,0.74716705
2014-10-08 12:00:00,19.374176,13.819122,216.27591,100640.05,1.3255325e-05,3.0108526
2014-10-09 12:00:00,18.667969,6.1310425,213.49606,100984.266,0.0,1.0187337
2014-10-10 12:00:00,23.733246,7.732605,203.47543,100464.055,0.0,2.3873851
2014-10-11 12:00:00,25.351562,11.484528,164.80591,100626.54,0.0,1.3149617
2014-10-12 12:00:00,26.649292,11.135132,199.42747,100865.664,0.0,1.5856451
2014-10-13 12:00:00,26.90689,10.586975,200.79977,100793.01,0.0,1.6621276
2014-10-14 12:00:00,27.137177,11.365662,199.37074,100256.664,0.0,1.9194456
2014-10-15 12:00:00,20.42456,11.870789,152.45274,100266.2,1.7574036e-09,1.3995918
2014-10-16 12:00:00,24.053436,9.728424,184.00009,100545.94,0.0,1.8080901
2014-10-17 12:00:00,27.213745,15.583374,140.85054,99896.03,2.2297824e-08,3.1758032
2014-10-18 12:00:00,25.54181,17.63739,176.45703,100205.92,2.312893e-05,0.88644546
2014-10-19 12:00:00,24.205475,8.250641,183.27682,100367.87,0.0,1.5117804
2014-10-20 12:00:00,23.116486,17.17691,90.53941,99842.125,4.9070095e-06,0.56307197
2014-10-21 12:00:00,20.162842,9.006256,170.5361,100236.664,0.0,1.6519381
2014-10-22 12:00:00,20.608551,11.631683,93.9959,99912.22,0.0,1.9169765
2014-10-23 12:00:00,25.232056,14.935822,101.23423,99415.78,4.6090602e-07,2.854436
2014-10-24 12:00:00,23.904724,15.107941,37.670456,99452.445,0.00019640938,1.8175333
2014-10-25 12:00:00,16.690643,5.7560425,178.33496,100643.48,4.4487127e-08,1.9042143
2014-10-26 12:00:00,18.593689,4.9259033,167.46791,100480.234,0.0,0.35822612
2014-10-27 12:00:00,21.055878,8.052643,113.96704,100060.875,0.0,1.945107
2014-10-28 12:00:00,21.97467,13.411926,98.951126,99755.03,0.000107578686,1.0923725
2014-10-29 12:00:00,18.920868,13.751068,61.266792,99973.836,8.145304e-06,1.4013193
2014-10-30 12:00:00,17.184814,12.862396,100.143105,99900.49,1.0505957e-05,1.3498466
2014-10-31 12:00:00,21.442047,11.675995,145.92683,99674.41,3.4276308e-08,0.61397773
2014-11-01 12:00:00,17.812317,13.643921,61.381035,100116.195,1.5357857e-05,1.4866239
2014-11-02 12:00:00,15.531128,11.451019,74.21086,100220.15,1.39903095e-05,2.737021
2014-11-03 12:00:00,14.521576,5.9687805,159.34857,100473.695,5.0915755e-08,2.0495057
2014-11-04 12:00:00,16.335815,3.735138,156.04465,100666.74,0.0,1.4718566
2014-11-05 12:00:00,19.27591,5.562042,154.65457,100497.42,0.0,3.3027859
2014-11-06 12:00:00,21.385132,14.851685,99.00982,100614.33,4.0865918e-05,2.85694
2014-11-07 12:00:00,14.668671,6.2265015,57.970623,101620.96,3.5018843e-06,3.7101467
2014-11-08 12:00:00,6.495178,0.45117188,98.790245,101571.64,4.682841e-08,2.6388483
2014-11-09 12:00:00,5.7803955,3.1436157,23.895397,100287.44,5.8976908e-05,2.5369697
2014-11-10 12:00:00,10.583893,5.0615234,39.878685,99237.93,3.802839e-05,0.7658467
2014-11-11 12:00:00,12.8715515,1.9198303,130.90923,100061.97,1.1850581e-06,1.2267373
2014-11-12 12:00:00,13.998077,3.0119324,94.77349,100139.71,4.0285235e-05,3.098019
2014-11-13 12:00:00,17.75882,13.907318,16.373268,98590.23,0.00062263827,4.1589265
2014-11-14 12:00:00,17.253082,9.345825,136.00891,98385.77,5.9040267e-06,3.2624297
2014-11-15 12:00:00,14.941803,6.301758,136.37605,99853.55,4.8267833e-07,3.5929217
2014-11-16 12:00:00,10.612366,-0.009796143,104.48604,100451.52,4.6137535e-07,1.4657198
2014-11-17 12:00:00,13.228912,7.3733215,19.46903,98684.586,0.00039154527,3.2938418
2014-11-18 12:00:00,12.160461,1.4562683,135.41783,99923.36,1.6627588e-05,4.2923155
2014-11-19 12:00:00,10.454163,-1.0254822,126.141716,100609.914,4.5614854e-08,2.5750308
2014-11-20 12:00:00,13.940002,7.3334045,76.91191,99155.66,0.000104719846,2.4793437
2014-11-21 12:00:00,10.208038,3.900116,91.46809,100042.15,6.798915e-06,4.5731993
2014-11-22 12:00:00,13.118317,-1.8800964,125.814575,100766.84,1.12206266e-07,1.4591268
2014-11-23 12:00:00,13.334473,0.72177124,121.10551,100529.07,1.0242026e-09,2.7012599
2014-11-24 12:00:00,11.139648,7.3917847,22.669079,99652.63,0.00020718132,2.182201
2014-11-25 12:00:00,9.303253,3.07193,50.420727,99710.23,0.00013396027,3.6031203
2014-11-26 12:00:00,7.188446,0.7988281,59.79031,100620.54,2.5898473e-06,0.52373874
2014-11-27 12:00:00,6.2879333,0.4616089,75.92517,100500.82,5.6943495e-06,1.7407281
2014-11-28 12:00:00,7.519989,-1.7931519,123.26862,100548.375,3.2298635e-06,1.5310968
2014-11-29 12:00:00,11.336121,0.3913269,121.24872,100338.55,3.0481264e-09,2.8918297
2014-11-30 12:00:00,8.362335,-0.2649536,122.6811,101379.99,4.086839e-06,2.7243145
2014-12-01 12:00:00,4.9253845,-4.614258,112.41086,101501.46,8.2817763e-07,0.5831825
2014-12-02 12:00:00,3.7154236,-0.043701172,56.587852,100037.21,5.881515e-06,1.0734507
2014-12-03 12:00:00,1.9032593,-0.60549927,43.989002,99535.914,2.447523e-05,4.650354
2014-12-04 12:00:00,1.9797058,-6.6684875,95.70208,100207.38,2.539525e-06,2.2456622
2014-12-05 12:00:00,4.613159,-9.403839,70.450226,100236.8,2.998253e-06,2.3610003
2014-12-06 12:00:00,6.409546,1.2052307,62.14646,99750.81,2.81315e-05,2.259439
2014-12-07 12:00:00,6.74234,2.4153748,37.81443,99408.125,3.2666027e-05,0.9929888
2014-12-08 12:00:00,4.038666,-6.705139,56.420784,100144.16,7.234074e-07,0.9232523
2014-12-09 12:00:00,6.2925415,-0.29922485,28.502424,99444.05,4.584754e-05,1.983656
2014-12-10 12:00:00,6.911804,-1.0671082,44.759544,99446.766,3.3588674e-06,0.62875146
2014-12-11 12:00:00,6.821808,0.3713684,96.28069,99588.58,6.8343084e-06,1.5402726
2014-12-12 12:00:00,10.258057,-0.90200806,107.18545,99362.766,7.9536005e-07,4.0255055
2014-12-13 12:00:00,10.198639,1.9837036,113.91822,99057.9,1.0401686e-05,3.7179239
2014-12-14 12:00:00,8.125916,-3.8370972,78.30442,99762.14,1.5185024e-07,1.9823325
2014-12-15 12:00:00,4.9930725,-5.3024597,111.355446,100244.88,1.2155789e-07,0.4260828
2014-12-16 12:00:00,16.165192,1.3983154,85.60706,99843.48,3.419313e-07,3.7168202
2014-12-17 12:00:00,14.702179,12.365021,36.980713,99638.05,1.0459357e-05,4.679048
2014-12-18 12:00:00,17.448761,4.776245,46.63691,98439.47,0.000517368,3.2766078
2014-12-19 12:00:00,4.5126343,-9.846649,63.15291,99725.484,3.2255696e-06,5.298863
2014-12-20 12:00:00,0.5302124,-7.5598145,116.58435,100480.92,1.374358e-07,3.5899508
2014-12-21 12:00:00,0.31195068,-8.4618225,90.82835,101137.17,1.6003336e-08,1.1388243
2014-12-22 12:00:00,4.983368,-1.7009888,47.367584,100221.33,8.661862e-06,2.6837785
2014-12-23 12:00:00,4.764801,-2.2890015,113.49745,100015.06,2.6269649e-05,3.2260783
2014-12-24 12:00:00,7.0690002,-3.6387634,95.52388,99329.47,3.022581e-07,2.6682572
2014-12-25 12:00:00,4.8521423,-1.9690857,108.252396,98889.195,5.520626e-07,3.7146387
2014-12-26 12:00:00,7.6011963,-5.161621,113.63128,99763.38,0.0,2.644476
2014-12-27 12:00:00,1.671051,-3.2669067,30.64275,99463.234,0.00020987572,1.3610972
2014-12-28 12:00:00,0.06765747,-8.544586,99.25193,100240.945,1.0132277e-05,0.9606481
2014-12-29 12:00:00,0.92718506,-4.5706177,114.02661,100013.59,1.4842766e-05,1.6808035
2014-12-30 12:00:00,8.825867,-4.48822,70.5906,99743.05,1.5941276e-06,2.8272836
2014-12-31 12:00:00,8.919312,-0.32577515,24.33315,99287.55,0.00013019257,0.83392113
2015-01-01 12:00:00,-0.2807312,-4.4832153,90.54016,99433.25,4.630916e-06,4.239522
2015-01-02 12:00:00,-0.31558228,-7.879181,109.31741,99728.75,1.5517383e-06,2.1763718
2015-01-03 12:00:00,-2.2911072,-9.548645,103.910934,100344.77,8.426644e-07,1.9889357
2015-01-04 12:00:00,-0.6199951,-11.417023,73.255295,100550.56,1.8182147e-06,0.49577457
2015-01-05 12:00:00,-0.4253235,-3.4521484,26.396019,100176.164,3.88751e-05,1.6512771
2015-01-06 12:00:00,-0.9709778,-14.006683,121.4209,100952.43,2.0881947e-07,2.0271606
2015-01-07 12:00:00,-0.15667725,-14.119019,116.02604,100912.81,4.0100895e-07,1.0456921
2015-01-08 12:00:00,4.5768127,-8.558044,100.27134,100667.555,3.60613e-08,1.9997622
2015-01-09 12:00:00,2.7585144,-4.5220947,42.39244,100316.836,2.7778811e-05,1.0578953
2015-01-10 12:00:00,2.7375488,-2.40448,91.24407,100283.84,3.4250684e-06,1.9460065
2015-01-11 12:00:00,6.9793396,-6.878998,104.19022,100133.46,2.133092e-06,2.0155964
2015-01-12 12:00:00,4.957672,-4.7069397,91.61564,99942.57,2.039815e-07,2.8996916
2015-01-13 12:00:00,6.2869873,-10.708191,120.112045,100355.73,0.0,1.165258
2015-01-14 12:00:00,13.32547,-3.1947327,120.920586,100002.27,0.0,2.081517
2015-01-15 12:00:00,15.632721,-0.6668396,107.57402,99895.086,0.0,1.963627
2015-01-16 12:00:00,16.210297,8.245544,71.40663,99726.27,9.493328e-06,2.6571183
2015-01-17 12:00:00,16.17987,11.015991,77.06307,98993.88,2.1221938e-05,3.905237
2015-01-18 12:00:00,19.102844,12.706909,99.53853,97859.79,9.712636e-05,4.045415
2015-01-19 12:00:00,14.134277,4.5293274,51.24286,98326.34,0.000102499274,2.3170125
2015-01-20 12:00:00,6.3379517,-2.95755,61.78154,99881.28,2.392077e-05,3.7347496
2015-01-21 12:00:00,-0.7758484,-2.9158936,39.245758,100375.766,5.826789e-05,3.4015925
2015-01-22 12:00:00,0.13796997,-4.3931274,57.38684,99995.78,9.913569e-05,4.364902
2015-01-23 12:00:00,-2.0536194,-15.877747,130.52383,100943.83,1.6777731e-06,1.5111705
2015-01-24 12:00:00,-0.7049866,-5.380707,74.03762,101046.375,4.0773065e-07,1.9205403
2015-01-25 12:00:00,-0.5555115,-2.6785889,53.851147,100202.82,2.4892997e-05,2.5125554
2015-01-26 12:00:00,-1.105133,-8.703491,146.45352,100561.24,1.2018687e-09,2.9457886
2015-01-27 12:00:00,7.0797424,-16.521423,124.08111,100171.14,1.1897289e-07,1.5093482
2015-01-28 12:00:00,3.4125366,-8.679504,141.29982,100016.03,7.1720166e-08,1.844892
2015-01-29 12:00:00,-0.8043518,-7.0596313,51.36859,100320.13,2.4370709e-06,2.634692
2015-01-30 12:00:00,1.2449951,-0.8609314,61.15007,100112.61,7.158967e-05,1.2201068
2015-01-31 12:00:00,2.528778,-8.165039,98.456154,101100.08,1.0104457e-06,1.6824731
2015-02-01 12:00:00,6.300232,0.24163818,18.591429,100736.16,0.00017511647,2.9388645
2015-02-02 12:00:00,13.356018,6.409973,45.446705,99235.28,0.00034516703,3.5362027
2015-02-03 12:00:00,8.9626465,1.5644531,136.86201,99299.125,1.4667791e-05,4.5744677
2015-02-04 12:00:00,9.706024,-4.6632385,123.57305,99542.11,0.0,1.1364261
2015-02-05 12:00:00,13.680634,-1.9088745,145.28714,99561.57,1.8277434e-07,1.1092852
2015-02-06 12:00:00,11.76474,2.959015,69.09397,99769.195,6.217319e-05,5.1751313
2015-02-07 12:00:00,2.9007568,-2.352295,113.80045,100862.23,7.3407655e-06,4.5871835
2015-02-08 12:00:00,1.7086487,-5.792633,168.3313,101703.945,1.1968622e-07,3.34454
2015-02-09 12:00:00,4.9282227,-7.1624756,164.67677,101725.63,7.5247664e-07,0.9267911
2015-02-10 12:00:00,7.527588,-6.519104,149.56851,101393.01,9.1524335e-08,1.1475277
2015-02-11 12:00:00,8.738373,-4.4089966,142.68202,100815.48,2.1381022e-07,1.0456934
2015-02-12 12:00:00,4.2650146,-0.23495483,67.73781,100158.7,1.5808515e-05,3.144926
2015-02-13 12:00:00,-0.3052063,-11.458984,179.00021,100691.22,7.699492e-06,2.251104
2015-02-14 12:00:00,1.2841797,-11.511353,132.44548,100132.31,3.6781134e-06,1.6797742
2015-02-15 12:00:00,2.0489807,-10.299469,124.77281,99775.55,1.2771745e-06,1.5455897
2015-02-16 12:00:00,3.0877075,-7.892151,141.67216,100090.516,4.824753e-07,1.6128339
2015-02-17 12:00:00,9.9045105,-6.5249023,169.08759,99964.03,0.0,2.5130324
2015-02-18 12:00:00,6.0599365,-7.289276,187.47116,100051.195,2.4630172e-06,1.2470175
2015-02-19 12:00:00,10.53949,-4.4488525,150.24324,99663.09,9.9686204e-08,2.5767348
2015-02-20 12:00:00,8.378632,-5.7686768,195.65448,100263.71,1.0190619e-05,2.165654
2015-02-21 12:00:00,6.759918,-1.0743408,38.755775,99946.65,0.00016266164,2.0344822
2015-02-22 12:00:00,5.1420593,-5.055237,74.21466,99474.27,0.00029252958,4.6241198
2015-02-23 12:00:00,-2.784851,-10.115112,138.10997,101124.23,4.2158013e-06,1.5949758
2015-02-24 12:00:00,8.042664,-10.63858,189.68054,101338.71,5.484424e-07,2.7634172
2015-02-25 12:00:00,14.180267,5.3075867,165.22142,100933.875,3.4189397e-06,2.4279957
2015-02-26 12:00:00,16.995178,-3.9978943,204.16505,100970.56,0.0,2.2014365
2015-02-27 12:00:00,18.283508,1.3696594,204.00465,100423.18,0.0,1.7785697
2015-02-28 12:00:00,13.530945,2.6854553,190.9515,99927.86,6.413633e-08,2.077691
2015-03-01 12:00:00,11.802277,-1.1658325,213.02058,99964.45,3.1973098e-08,3.3429003
2015-03-02 12:00:00,9.469299,-4.089966,197.65999,99882.06,0.0,2.5890312
2015-03-03 12:00:00,6.920746,-4.5676575,211.76248,100558.23,4.8992183e-06,2.0064042
2015-03-04 12:00:00,5.145691,-6.752472,218.44382,100931.99,5.120586e-07,1.774376
2015-03-05 12:00:00,6.7879944,-6.6243286,116.360794,100835.695,3.6915128e-07,1.6334012
2015-03-06 12:00:00,17.199493,3.3908386,157.57094,99988.164,7.564887e-08,2.9865735
2015-03-07 12:00:00,14.078247,0.41967773,57.199028,99261.33,0.00018567397,2.1043973
2015-03-08 12:00:00,8.365509,-2.6304321,205.11835,99539.39,3.3815923e-07,3.6838639
2015-03-09 12:00:00,9.657471,-6.824402,229.07703,100006.66,0.0,2.1798565
2015-03-10 12:00:00,16.812683,-0.4798584,168.26138,99383.35,0.0,2.8253486
2015-03-11 12:00:00,14.62439,8.741058,152.67604,98472.7,1.3887575e-05,1.6540254
2015-03-12 12:00:00,9.12265,0.051971436,53.696976,98305.234,0.00020506117,5.418104
2015-03-13 12:00:00,0.5553894,-2.4837952,100.72683,99518.13,2.9315794e-05,5.3798885
2015-03-14 12:00:00,-0.6376343,-5.809845,114.191284,100392.664,3.6374934e-06,3.390232
2015-03-15 12:00:00,3.3105469,-12.70816,239.98787,100629.22,2.8043758e-07,1.8130654
2015-03-16 12:00:00,5.6684875,-9.620514,141.39355,100580.86,5.5649125e-05,1.9532813
2015-03-17 12:00:00,8.783478,0.630249,239.86786,100720.4,0.0001064797,1.7676535
2015-03-18 12:00:00,9.116333,-8.625885,246.14333,101483.83,2.3713557e-08,1.4134556
2015-03-19 12:00:00,14.541107,1.4683533,145.78703,99970.2,5.986526e-06,2.8500803
2015-03-20 12:00:00,16.097046,5.9750366,86.84302,98025.77,0.00013009549,2.0876188
2015-03-21 12:00:00,5.764374,-3.044403,90.03123,99510.43,8.8898014e-05,3.8287685
2015-03-22 12:00:00,-1.2572327,-8.128998,135.13022,100702.75,6.080031e-06,2.0671303
2015-03-23 12:00:00,7.482025,-12.263275,266.7561,100883.73,2.6918022e-07,1.8198242
2015-03-24 12:00:00,15.692352,-1.7577515,259.68045,100022.46,0.0,3.5687032
2015-03-25 12:00:00,18.406708,10.560303,236.05234,99249.57,0.0,5.104865
2015-03-26 12:00:00,17.433258,5.269745,51.720753,98847.88,0.00035701055,2.6927824
2015-03-27 12:00:00,7.015045,0.86221313,212.3539,99948.94,0.00012470043,2.8598897
2015-03-28 12:00:00,12.102539,-5.073456,268.11862,100865.664,5.953866e-09,2.790556
2015-03-29 12:00:00,18.55368,-2.8826904,274.51398,100768.81,0.0,2.5858445
2015-03-30 12:00:00,21.786621,11.749878,197.04558,100253.2,5.6583656e-07,3.8230753
2015-03-31 12:00:00,20.504272,13.999573,85.03227,99615.82,0.00022396285,3.6260798
2015-04-01 12:00:00,21.39505,6.505554,280.02368,99873.34,0.0,2.932222
2015-04-02 12:00:00,24.60373,5.795532,267.5696,100810.66,0.0,1.0613035
2015-04-03 12:00:00,21.35617,6.385071,274.2698,101435.3,0.0,1.3745952
2015-04-04 12:00:00,18.974335,4.424011,289.35486,101552.375,0.0,2.62431
2015-04-05 12:00:00,20.42871,2.730072,283.63297,101003.07,0.0,1.9954613
2015-04-06 12:00:00,27.294647,10.394043,272.30722,100165.15,0.0,1.3867575
2015-04-07 12:00:00,21.391602,6.772705,270.2657,101117.375,0.0,3.0156522
2015-04-08 12:00:00,17.72998,1.8239441,279.30847,100654.18,2.4307177e-05,0.7570819
2015-04-09 12:00:00,12.00058,4.086334,276.56116,100452.98,4.325636e-06,4.4484577
2015-04-10 12:00:00,13.598694,-2.1868286,303.93518,100670.53,0.0,0.65060186
2015-04-11 12:00:00,19.958649,2.9301453,297.45798,100028.63,0.0,2.8698416
2015-04-12 12:00:00,23.711426,8.748596,277.05222,99512.31,0.0,2.2907014
2015-04-13 12:00:00,23.193756,9.885437,258.33163,99445.33,1.1225552e-05,1.8993734
2015-04-14 12:00:00,20.177002,13.670166,97.002365,99301.54,0.00026994513,3.4214604
2015-04-15 12:00:00,23.773163,16.570435,208.41068,99605.99,9.599329e-07,3.2752638
2015-04-16 12:00:00,21.635986,15.768524,81.331795,100014.516,9.073466e-05,1.7715944
2015-04-17 12:00:00,20.477264,13.981384,136.54303,99742.24,0.00020993642,0.72833127
2015-04-18 12:00:00,26.390747,14.207703,286.83585,99523.46,0.00011159319,1.3762167
2015-04-19 12:00:00,25.886047,15.058319,256.0848,99554.64,3.658496e-05,1.4026321
2015-04-20 12:00:00,25.548218,14.065704,286.81717,99326.26,2.3921095e-05,0.7913979
2015-04-21 12:00:00,29.5542,16.244354,298.78314,98737.7,0.0,2.5400517
2015-04-22 12:00:00,27.024231,18.0383,189.70125,98503.97,4.9622862e-08,3.7653568
2015-04-23 12:00:00,25.426025,14.970825,309.36917,98701.445,8.543622e-06,4.0152755
2015-04-24 12:00:00,26.948517,13.104828,294.352,99238.33,6.3218125e-05,1.9951581
2015-04-25 12:00:00,24.915833,14.761108,318.41412,99657.695,5.30585e-06,2.4205651
2015-04-26 12:00:00,18.23172,6.5919495,324.29108,100743.32,0.0,2.3047674
2015-04-27 12:00:00,16.737823,8.528442,95.22102,100866.24,8.511626e-05,2.1961534
2015-04-28 12:00:00,12.494598,9.415314,46.16559,100413.12,0.00042009947,2.46855
2015-04-29 12:00:00,16.577545,8.474274,261.55258,100075.73,3.908395e-05,3.2567868
2015-04-30 12:00:00,19.963898,7.711975,304.00226,100256.93,0.0,1.454521
2015-05-01 12:00:00,21.913055,9.110779,314.81366,99996.29,0.0,1.5601351
2015-05-02 12:00:00,25.373657,8.885345,316.65918,99723.07,0.0,1.9116852
2015-05-03 12:00:00,26.1734,14.665741,248.19916,99569.59,0.0,3.2743769
2015-05-04 12:00:00,25.496338,14.230743,160.5235,99448.09,0.00020406101,1.7693166
2015-05-05 12:00:00,27.759064,10.515137,327.89972,99475.84,0.0,3.1563761
2015-05-06 12:00:00,29.55127,17.407104,317.5751,99289.11,0.0,3.608097
2015-05-07 12:00:00,31.288696,20.695068,299.84436,99185.12,0.0,3.0295715
2015-05-08 12:00:00,29.4068,19.390442,287.023,98951.5,5.3528023e-05,3.783409
2015-05-09 12:00:00,25.509247,13.663361,325.27243,99570.46,4.936905e-08,2.6902215
2015-05-10 12:00:00,30.903229,15.435883,305.84094,99913.11,0.0,2.2066145
2015-05-11 12:00:00,33.39615,16.747345,329.01553,100210.875,0.0,1.7837229
2015-05-12 12:00:00,31.429688,18.549988,291.20355,99965.625,2.0252368e-05,1.5471078
2015-05-13 12:00:00,27.934448,17.152649,80.97702,99387.695,0.00015133248,1.6602648
2015-05-14 12:00:00,17.3266,10.273193,111.028946,99339.914,7.7652636e-05,4.480153
2015-05-15 12:00:00,15.287994,9.235077,213.62062,99557.8,1.0005128e-05,3.7300856
2015-05-16 12:00:00,13.338257,8.009949,100.220055,99433.5,3.439084e-05,2.5551243
2015-05-17 12:00:00,18.170197,9.722717,214.40869,99913.05,1.5283151e-06,1.9293271
2015-05-18 12:00:00,22.779205,10.038513,296.75443,100265.34,7.136854e-08,2.1909144
2015-05-19 12:00:00,26.801453,11.476288,324.98752,100339.86,0.0,1.4617709
2015-05-20 12:00:00,29.41513,18.223267,340.5119,100059.35,0.0,1.1817031
2015-05-21 12:00:00,30.05075,13.035278,340.85638,99735.664,0.0,1.0459776
2015-05-22 12:00:00,29.375916,17.85434,245.80363,99301.516,0.0,2.0912268
2015-05-23 12:00:00,27.532318,18.19397,223.13531,99072.36,3.3211e-05,2.8572662
2015-05-24 12:00:00,27.229034,17.49945,295.87003,99097.664,0.000101716505,1.0579414
2015-05-25 12:00:00,31.304382,17.204407,342.81995,99383.55,0.0,1.6252259
2015-05-26 12:00:00,31.295593,18.483734,252.49985,99688.71,0.0,1.3268683
2015-05-27 12:00:00,29.181427,19.738586,144.36055,100020.77,0.00016423182,2.0686803
2015-05-28 12:00:00,25.127625,19.330627,100.99418,100383.11,0.00026452375,3.30712
2015-05-29 12:00:00,26.249268,15.372406,341.7613,100483.336,0.0,3.485514
2015-05-30 12:00:00,26.193054,14.992401,351.58768,100439.83,0.0,3.3634987
2015-05-31 12:00:00,25.038239,12.868774,273.29175,100411.4,0.0,2.5234053
2015-06-01 12:00:00,29.132965,11.873779,357.5735,100188.62,0.0,1.6024952
2015-06-02 12:00:00,30.54132,15.54007,339.15897,100061.375,0.0,1.329286
2015-06-03 12:00:00,32.152313,18.283203,339.67834,99817.39,0.0,1.6333716
2015-06-04 12:00:00,33.043304,19.794495,345.33395,99567.53,0.0,1.7192837
2015-06-05 12:00:00,34.95926,20.348083,349.07495,99774.72,0.0,1.8790956
2015-06-06 12:00:00,33.34662,23.278015,275.47595,99983.836,0.0,2.8358498
2015-06-07 12:00:00,26.798859,16.894379,361.5376,100265.734,0.0,3.1436684
2015-06-08 12:00:00,29.48529,11.676178,367.69043,100218.01,0.0,1.9237288
2015-06-09 12:00:00,32.80966,14.170319,360.91788,100179.95,0.0,1.5708286
2015-06-10 12:00:00,34.555115,15.68988,333.86624,100186.625,0.0,1.810339
2015-06-11 12:00:00,33.295288,21.392792,343.5078,100306.016,1.7413909e-08,2.4730701
2015-06-12 12:00:00,31.69748,20.812073,299.41824,100327.87,8.483512e-05,0.9210519
2015-06-13 12:00:00,31.927917,20.78183,294.88657,100119.78,5.912889e-07,1.3798298
2015-06-14 12:00:00,36.138702,24.191254,334.179,99524.73,9.5286026e-07,3.2228463
2015-06-15 12:00:00,37.902863,23.716492,303.11133,99621.18,1.2268735e-05,1.3090811
2015-06-16 12:00:00,38.658325,18.640625,353.4287,100008.11,0.0,1.6403966
2015-06-17 12:00:00,36.54715,20.177307,287.26132,99859.13,0.00010471679,1.1276149
2015-06-18 12:00:00,34.647858,22.664276,313.81512,99678.195,1.6342417e-05,1.3270794
2015-06-19 12:00:00,36.781006,23.688354,335.73773,99767.72,2.884228e-07,1.9216199
2015-06-20 12:00:00,37.44211,24.723389,291.5111,100061.305,6.5142995e-05,1.3998634
2015-06-21 12:00:00,33.464294,20.22934,296.11453,100098.52,0.00011146172,1.5069791
2015-06-22 12:00:00,34.223206,21.236328,235.61179,99624.78,3.0760839e-06,0.8358423
2015-06-23 12:00:00,33.269897,21.15561,243.61996,99372.586,0.00012994047,0.8083431
2015-06-24 12:00:00,33.906677,20.916748,340.67426,99239.28,1.0211138e-05,0.8666337
2015-06-25 12:00:00,35.304596,21.694489,320.63464,99224.15,5.6185927e-09,2.8189416
2015-06-26 12:00:00,37.073517,25.970886,300.55637,99217.07,6.503003e-05,2.9517598
2015-06-27 12:00:00,35.3497,22.35669,325.65323,99700.4,2.496999e-05,1.578154
2015-06-28 12:00:00,38.18521,28.390503,344.46646,99539.24,0.0,3.1101549
2015-06-29 12:00:00,39.01581,26.898254,341.2654,99470.4,0.0,2.4143925
2015-06-30 12:00:00,37.442566,25.091492,339.13342,99768.26,0.0,1.2962891
2015-07-01 12:00:00,39.556152,25.492615,329.093,100090.734,1.1791899e-05,1.00783
2015-07-02 12:00:00,41.29245,24.685272,349.06885,99975.37,0.0,1.4957547
2015-07-03 12:00:00,41.57086,24.18872,349.5801,99820.25,0.0,2.2860186
2015-07-04 12:00:00,39.159668,24.645355,315.75253,100035.61,0.0,1.8688357
2015-07-05 12:00:00,33.51306,22.102753,308.01816,100416.08,0.0,1.9034282
2015-07-06 12:00:00,37.247314,20.456726,346.83472,100199.234,0.0,1.8430343
2015-07-07 12:00:00,35.61783,24.254486,253.28465,99988.52,0.0,2.8607626
2015-07-08 12:00:00,39.14389,23.41043,299.37354,99907.266,0.0,1.5198642
2015-07-09 12:00:00,41.13318,24.121094,263.7599,99861.12,7.338636e-05,1.6610274
2015-07-10 12:00:00,40.084747,22.489716,329.109,99877.484,3.949522e-05,1.1176054
2015-07-11 12:00:00,39.956177,24.77124,328.0812,99873.734,2.6908432e-05,1.2547415
2015-07-12 12:00:00,41.197723,24.398407,332.45694,99851.55,5.2010428e-06,1.5682964
2015-07-13 12:00:00,39.54782,24.067291,334.86453,100030.12,5.7727997e-05,2.246202
2015-07-14 12:00:00,37.77005,26.401398,277.6678,100106.33,1.5765685e-05,2.5967503
2015-07-15 12:00:00,37.562347,25.841797,281.80304,100044.83,3.0530446e-05,2.7694342
2015-07-16 12:00:00,36.425293,23.51532,210.19012,100090.78,7.977645e-05,1.3770467
2015-07-17 12:00:00,38.005493,26.007355,296.40195,100144.52,0.0,1.7508239
2015-07-18 12:00:00,39.27835,25.76239,317.23685,100151.08,8.280153e-08,1.4923618
2015-07-19 12:00:00,40.477417,26.912018,303.5365,99895.914,0.0,0.9583446
2015-07-20 12:00:00,41.497253,24.60971,280.07748,99702.85,7.226464e-05,0.36498657
2015-07-21 12:00:00,35.892517,23.626648,290.22992,99667.33,1.64543e-05,2.0218143
2015-07-22 12:00:00,30.80838,22.05307,196.02979,99598.445,9.03195e-06,2.014693
2015-07-23 12:00:00,29.752197,18.113586,346.12558,100036.03,0.0,4.0705857
2015-07-24 12:00:00,29.42807,17.82257,347.0804,100276.266,0.0,3.575427
2015-07-25 12:00:00,30.596375,16.345764,324.4055,100322.984,0.0,2.3606288
2015-07-26 12:00:00,32.128754,20.892609,285.90143,100521.305,0.0,2.0245037
2015-07-27 12:00:00,34.293427,19.68628,312.39853,100417.81,0.0,1.7589211
2015-07-28 12:00:00,35.7135,22.052124,271.0481,100065.84,0.0,0.83150613
2015-07-29 12:00:00,35.83737,25.125671,254.80667,99803.73,1.4471387e-05,1.6466538
2015-07-30 12:00:00,36.04242,22.467407,283.63864,99690.195,1.250766e-07,2.354485
2015-07-31 12:00:00,33.252808,22.308044,226.29048,99474.664,0.00014034777,2.5723505
2015-08-01 12:00:00,34.21109,22.511047,313.6087,99274.836,0.00014802594,1.7601461
2015-08-02 12:00:00,37.823303,23.98584,323.91675,99634.84,0.0,2.2209053
2015-08-03 12:00:00,38.869995,27.071503,317.09006,99859.914,0.0,2.3499734
2015-08-04 12:00:00,39.54593,26.958069,320.63882,99816.91,0.0,2.220515
2015-08-05 12:00:00,40.710846,27.480255,320.45465,99651.92,0.0,2.2628448
2015-08-06 12:00:00,41.729706,25.096252,321.15714,99667.47,0.0,1.8197132
2015-08-07 12:00:00,41.452057,27.129517,318.86,99637.7,0.0,2.2866652
2015-08-08 12:00:00,41.303406,27.228119,310.6554,99527.66,0.0,2.115232
2015-08-09 12:00:00,41.871033,28.156952,306.463,99582.516,9.147085e-06,0.68284214
2015-08-10 12:00:00,40.800262,23.37738,268.65027,99818.69,4.659906e-05,1.2075655
2015-08-11 12:00:00,34.656708,23.149689,271.09985,99771.88,1.9571739e-07,2.1863382
2015-08-12 12:00:00,34.77408,23.854187,309.69458,99618.41,1.4296896e-05,2.4856753
2015-08-13 12:00:00,37.887817,25.04602,306.95325,99260.19,0.0,0.545331
2015-08-14 12:00:00,34.83658,19.979187,275.5787,99620.02,0.0,2.4540854
2015-08-15 12:00:00,34.308197,21.918732,284.66934,99638.89,0.0,2.6494467
2015-08-16 12:00:00,36.033752,18.855865,312.94354,99563.7,0.0,1.2409137
2015-08-17 12:00:00,38.977966,19.763855,310.78387,99588.76,0.0,0.20023517
2015-08-18 12:00:00,40.37918,25.206848,280.43103,99559.164,0.0,1.6398352
2015-08-19 12:00:00,39.856384,30.264679,237.69489,99490.08,0.0,3.3108468
2015-08-20 12:00:00,40.4375,30.66632,277.77386,99380.266,0.0,3.2216866
2015-08-21 12:00:00,39.64981,30.974487,292.6609,99347.09,5.480439e-06,3.8502102
2015-08-22 12:00:00,37.434296,23.506042,281.49448,99691.336,1.0268259e-05,1.1221479
2015-08-23 12:00:00,39.61554,24.566406,290.44598,99807.14,4.7790593e-08,1.7408596
2015-08-24 12:00:00,37.75876,27.542847,245.54509,100016.38,0.0,2.1672764
2015-08-25 12:00:00,34.52005,22.644073,296.77267,100428.52,0.0,2.930913
2015-08-26 12:00:00,34.241028,19.716309,298.543,100574.43,0.0,2.9426796
2015-08-27 12:00:00,35.64734,19.61087,296.74002,100665.195,0.0,2.7684011
2015-08-28 12:00:00,34.8331,21.183197,290.8567,100473.14,0.0,2.742793
2015-08-29 12:00:00,35.613037,22.064514,278.49268,100324.24,0.0,2.05365
2015-08-30 12:00:00,35.7554,24.482117,237.34573,100354.92,0.0,1.829564
2015-08-31 12:00:00,36.347626,21.672363,279.61264,100500.67,0.0,1.9222397
2015-09-01 12:00:00,35.566864,22.844116,212.84987,100612.04,0.0,2.3137035
2015-09-02 12:00:00,33.470154,23.073029,275.48666,100964.13,0.0,3.849512
2015-09-03 12:00:00,32.067535,18.639618,279.85605,100944.24,0.0,2.5992496
2015-09-04 12:00:00,33.763702,16.425995,272.94028,100689.57,0.0,2.0715742
2015-09-05 12:00:00,35.8472,17.77945,270.21262,100332.336,0.0,1.5986198
2015-09-06 12:00:00,36.263397,23.651154,258.6303,100072.35,0.0,2.520096
2015-09-07 12:00:00,37.036835,26.715302,233.87209,99843.234,4.3936093e-06,3.0164034
2015-09-08 12:00:00,33.38263,20.72345,184.53038,99875.07,2.5177274e-05,1.7188692
2015-09-09 12:00:00,31.33899,17.91211,249.65733,100036.375,5.7697475e-06,1.440074
2015-09-10 12:00:00,33.120514,18.741882,264.2979,99836.49,0.0,0.9809544
2015-09-11 12:00:00,34.25296,19.864594,212.21207,99685.48,0.0,0.4359677
2015-09-12 12:00:00,35.847992,19.703308,258.23074,99863.68,0.0,0.6705208
2015-09-13 12:00:00,36.437195,22.29718,217.33778,100247.516,0.0,2.4563065
2015-09-14 12:00:00,34.707428,20.6568,251.33621,100730.02,0.0,2.586801
2015-09-15 12:00:00,31.218323,16.870544,260.97293,100939.305,0.0,2.3678732
2015-09-16 12:00:00,30.869934,13.462311,259.35864,100754.81,0.0,2.0465686
2015-09-17 12:00:00,29.014282,14.3402405,192.86438,100676.555,4.388301e-07,1.8018861
2015-09-18 12:00:00,33.208252,17.365051,235.77649,100683.6,1.3388218e-06,0.48698857
2015-09-19 12:00:00,32.335938,16.043182,247.53287,100553.88,0.0,2.2353978
2015-09-20 12:00:00,32.796448,17.728424,242.46834,100324.86,0.0,2.313446
2015-09-21 12:00:00,31.480804,18.759064,236.6958,100329.4,0.0,2.5193136
2015-09-22 12:00:00,33.447052,18.494873,236.21304,100339.25,0.0,2.2786052
2015-09-23 12:00:00,35.921112,20.182953,226.61884,100045.05,0.0,2.4030502
2015-09-24 12:00:00,34.43338,26.633636,206.22975,99841.445,0.0,3.712528
2015-09-25 12:00:00,32.15146,20.103577,55.1899,99835.67,0.00022476533,2.2892811
2015-09-26 12:00:00,25.510834,19.80722,137.95717,99659.57,7.440828e-05,1.5190232
2015-09-27 12:00:00,31.19049,21.184937,224.05305,99409.52,1.8249042e-07,2.1195345
2015-09-28 12:00:00,30.434143,23.45755,189.62198,99264.555,0.0,3.2731917
2015-09-29 12:00:00,28.559998,24.979126,86.663315,99216.91,5.131135e-10,4.028682
2015-09-30 12:00:00,25.185883,16.329254,73.631714,99820.6,3.742934e-05,2.1545594
2015-10-01 12:00:00,23.297516,15.769318,113.804504,100091.734,6.4450506e-07,1.6003301
2015-10-02 12:00:00,23.859222,19.26056,84.06125,99533.26,0.00012033356,2.283016
2015-10-03 12:00:00,19.7471,16.063171,76.67419,99743.87,1.2310193e-05,1.2243158
2015-10-04 12:00:00,22.992249,10.022125,219.20422,100384.14,0.0,0.59944296
2015-10-05 12:00:00,26.007782,13.670563,210.30305,100521.04,0.0,0.65625316
2015-10-06 12:00:00,27.732666,14.207245,200.93541,100432.31,0.0,2.4852004
2015-10-07 12:00:00,24.65683,18.591675,31.789352,99500.01,0.00067206623,2.120736
2015-10-08 12:00:00,25.397095,18.218323,166.98653,99244.39,4.9249866e-05,2.7309873
2015-10-09 12:00:00,24.898346,19.900665,107.00792,99119.4,0.00012867406,2.4765763
2015-10-10 12:00:00,23.882782,18.033752,72.98765,98695.25,0.0004934744,2.800219
2015-10-11 12:00:00,19.156189,11.088989,202.76564,99814.484,1.3011526e-06,3.0742683
2015-10-12 12:00:00,19.01004,8.488525,199.69852,100630.84,0.0,1.1362395
2015-10-13 12:00:00,20.391113,9.738617,168.20413,100527.125,0.0,1.6609694
2015-10-14 12:00:00,18.794739,13.117706,58.394962,99746.19,9.4838484e-05,2.8570347
2015-10-15 12:00:00,24.296692,16.140625,172.14397,99221.89,0.00027172832,4.1418276
2015-10-16 12:00:00,22.65268,11.197571,181.33446,100209.75,2.6394904e-05,1.5486811
2015-10-17 12:00:00,13.100983,4.1926575,199.02443,101624.76,0.0,3.3482668
2015-10-18 12:00:00,14.640259,1.4336243,192.90903,101222.57,0.0,1.8501959
2015-10-19 12:00:00,16.724182,4.300354,187.0136,100628.77,0.0,1.4303293
2015-10-20 12:00:00,19.441162,5.926819,168.62717,100500.39,1.188882e-10,0.60280955
2015-10-21 12:00:00,13.891357,3.3641052,189.37822,101257.766,0.0,2.5485675
2015-10-22 12:00:00,16.99469,-0.08325195,179.19066,100768.06,1.1693765e-08,1.4217678
2015-10-23 12:00:00,19.003204,6.6678467,179.05734,100287.75,0.0,1.8411465
2015-10-24 12:00:00,18.628174,7.869873,107.41359,100469.27,6.156862e-06,2.1503685
2015-10-25 12:00:00,20.609283,16.310516,91.06761,100298.22,1.5753281e-05,2.7550714
2015-10-26 12:00:00,19.023071,16.97461,22.912012,99989.5,0.00059086503,1.503093
2015-10-27 12:00:00,18.651459,12.313538,29.400036,99921.05,0.00034741382,1.6692898
2015-10-28 12:00:00,17.435303,9.307495,86.369865,99223.125,0.00019039797,1.8041532
2015-10-29 12:00:00,11.91806,7.954468,115.06001,99288.53,7.71119e-06,4.1250815
2015-10-30 12:00:00,18.399872,4.7068787,162.781,99120.49,0.0,2.309133
2015-10-31 12:00:00,16.005463,10.712372,166.6891,99101.34,0.0,3.7918954
2015-11-01 12:00:00,13.042938,2.9523315,163.37132,100050.69,0.0,1.9813333
2015-11-02 12:00:00,15.693848,6.0924377,111.44059,99788.266,0.0,3.2778418
2015-11-03 12:00:00,16.836243,6.818115,85.64651,99106.55,0.00019057775,3.7576454
2015-11-04 12:00:00,10.922302,4.2594604,161.65149,100244.64,4.242181e-06,4.3590703
2015-11-05 12:00:00,16.830963,1.291565,153.27467,100809.33,0.0,2.020859
2015-11-06 12:00:00,16.78067,3.9656372,152.14987,100732.516,0.0,1.7146624
2015-11-07 12:00:00,18.303497,4.019165,130.18994,100377.47,0.0,1.2098837
2015-11-08 12:00:00,13.741364,9.324066,30.860277,99332.9,0.00013163494,2.9768507
2015-11-09 12:00:00,14.899139,1.3222656,44.266037,98802.62,0.00040804595,4.1390395
2015-11-10 12:00:00,4.8739014,-3.8721313,148.92809,100728.64,1.1417098e-06,2.3561368
2015-11-11 12:00:00,4.4012756,-1.6291504,118.214035,100741.81,3.9961046e-07,1.8520439
2015-11-12 12:00:00,7.000641,-3.2955627,138.96082,100312.91,2.0292061e-06,0.80191433
2015-11-13 12:00:00,11.566437,-2.582611,137.85129,100060.64,1.5178283e-06,2.139491
2015-11-14 12:00:00,11.9028015,-0.4875183,96.05137,99900.87,6.411918e-08,2.4374266
2015-11-15 12:00:00,9.013336,3.5127258,38.350258,99225.24,9.832514e-05,2.5592413
2015-11-16 12:00:00,8.334198,4.03183,37.126995,98863.96,0.00011603664,1.8776417
2015-11-17 12:00:00,7.335846,3.409027,41.87641,100088.766,1.0115738e-05,2.7127173
2015-11-18 12:00:00,6.574585,2.9925232,41.998337,100534.51,1.0247883e-05,1.2138474
2015-11-19 12:00:00,7.7542114,2.828003,61.130814,100162.914,9.894229e-06,0.3463448
2015-11-20 12:00:00,5.529114,3.360382,32.168552,100203.67,1.2968244e-05,2.227528
2015-11-21 12:00:00,4.0733643,1.0506592,62.460896,100653.33,1.0963805e-05,2.4330323
2015-11-22 12:00:00,3.665741,0.5567627,69.58617,100686.84,7.683944e-06,1.9618416
2015-11-23 12:00:00,4.8936462,-3.11438,76.87146,100482.336,2.1087037e-06,0.94892466
2015-11-24 12:00:00,7.389435,-1.2416382,77.8563,100367.06,1.361009e-06,0.6339214
2015-11-25 12:00:00,7.6651,3.6641846,35.128017,100387.305,5.3791468e-05,1.486999
2015-11-26 12:00:00,7.573059,3.9936523,40.756767,99824.36,0.0001933379,3.0013392
2015-11-27 12:00:00,7.6808777,1.2438354,14.959376,98286.086,0.00033950387,3.6626072
2015-11-28 12:00:00,1.1825256,-1.3374634,102.85335,99115.125,6.24892e-05,5.3816113
2015-11-29 12:00:00,-0.18273926,-4.643982,82.40116,99497.71,1.5405427e-06,3.0224216
2015-11-30 12:00:00,-0.006225586,-8.77124,115.42437,100048.68,2.4438572e-07,2.194032
2015-12-01 12:00:00,-0.27737427,-2.4578247,38.002083,100146.266,1.6228536e-05,2.2977998
2015-12-02 12:00:00,-0.48928833,-2.5172424,52.42765,99432.28,1.942882e-05,3.5847878
2015-12-03 12:00:00,1.3316345,-9.280884,111.977585,99772.05,1.1389209e-06,1.7622006
2015-12-04 12:00:00,2.3075562,-0.8696289,25.76035,99297.164,0.00012833069,2.191734
2015-12-05 12:00:00,4.2136536,2.155426,26.155106,99157.14,4.3650994e-05,1.5596263
2015-12-06 12:00:00,3.7648926,2.1600952,40.86312,99195.195,0.00015596312,2.4333794
2015-12-07 12:00:00,2.5552368,-2.0852356,52.211456,100143.59,6.599427e-06,3.2129562
2015-12-08 12:00:00,-1.2263489,-8.2612,96.94667,100158.32,1.6173221e-06,1.9863031
2015-12-09 12:00:00,-2.4177856,-7.098938,46.186394,100261.17,3.875366e-06,2.2063556
2015-12-10 12:00:00,0.7684021,-9.78302,115.114365,100399.055,2.2186084e-07,1.8332424
2015-12-11 12:00:00,4.9737854,-7.8446045,107.696594,100587.48,3.5677508e-07,2.7181616
2015-12-12 12:00:00,5.5059814,-5.9095764,83.88539,100721.68,0.0,2.2375872
2015-12-13 12:00:00,5.387726,1.1383667,17.16732,99365.24,0.0003714826,1.912608
2015-12-14 12:00:00,3.905243,0.46554565,43.132736,99812.26,6.004531e-06,2.2789526
2015-12-15 12:00:00,2.8506165,-3.2738647,50.78631,99811.805,4.0055284e-06,1.1915249
2015-12-16 12:00:00,5.170807,-5.894867,101.806725,99558.62,1.4663257e-06,1.242851
2015-12-17 12:00:00,1.6069946,0.09854126,23.930117,99312.0,0.00010514532,0.5299571
2015-12-18 12:00:00,0.2770691,-5.892761,44.46306,99927.914,4.255173e-05,5.2126055
2015-12-19 12:00:00,-2.5640259,-6.5444336,90.036804,100982.445,4.7599606e-06,4.380376
2015-12-20 12:00:00,-3.3440247,-14.886322,115.94023,101309.18,6.604855e-09,1.8460828
2015-12-21 12:00:00,4.6819153,-11.260803,110.58617,100625.06,4.9445077e-08,2.3630676
2015-12-22 12:00:00,10.929291,3.5475159,113.82252,99737.875,2.738504e-06,2.97309
2015-12-23 12:00:00,12.10199,-6.7178955,110.996895,100344.42,0.0,1.4134737
2015-12-24 12:00:00,14.770874,6.9502563,48.629135,100086.29,4.2069452e-05,2.4572377
2015-12-25 12:00:00,12.444458,0.6217346,72.46218,100932.414,8.9410525e-05,2.4051607
2015-12-26 12:00:00,5.8431396,-6.6595764,95.30665,100875.09,6.954886e-07,0.96372217
2015-12-27 12:00:00,3.5933228,-1.0522766,17.696344,99872.61,0.0001315663,1.9107293
2015-12-28 12:00:00,4.301697,2.0372314,38.138397,99172.77,6.807019e-05,1.7945955
2015-12-29 12:00:00,3.6404724,-1.0281372,100.026306,100175.86,5.1701704e-06,3.1584446
2015-12-30 12:00:00,-0.18591309,-6.4575806,44.67767,100486.06,1.22553765e-05,1.9426532
2015-12-31 12:00:00,-0.86880493,-3.4865417,51.228542,100289.46,1.1806973e-05,2.2183402
2016-01-01 12:00:00,-1.8658752,-9.697571,68.28127,101022.77,3.4857708e-06,1.1476878
2016-01-02 12:00:00,-0.3664856,-8.948212,89.91434,100816.41,5.141983e-07,1.4252733
2016-01-03 12:00:00,3.097046,-8.656586,112.59402,100885.45,1.1903408e-06,1.7803524
2016-01-04 12:00:00,4.3595276,-9.777496,97.291916,100959.56,3.6037991e-07,0.9529726
2016-01-05 12:00:00,-1.2750244,-5.6073303,51.820812,100352.16,5.2890637e-06,1.7427999
2016-01-06 12:00:00,1.1549072,-7.949524,96.055756,99220.53,1.380886e-06,1.9988174
2016-01-07 12:00:00,2.9847412,-9.754883,65.95367,98643.73,8.452941e-06,1.8929806
2016-01-08 12:00:00,1.2193298,-6.7000427,99.10578,99186.48,3.9102804e-05,2.8331504
2016-01-09 12:00:00,-4.067322,-10.195374,61.184772,100114.01,3.3483186e-05,0.96036845
2016-01-10 12:00:00,-1.3908386,-18.610626,70.56523,100791.62,5.564484e-06,1.829847
2016-01-11 12:00:00,12.000153,-1.324646,66.10829,100214.195,1.2404597e-05,2.8064845
2016-01-12 12:00:00,9.90567,-9.753998,81.33911,100692.31,0.00018399696,3.369903
2016-01-13 12:00:00,-8.145294,-22.794403,129.83623,101361.56,6.4355056e-08,1.6048036
2016-01-14 12:00:00,-4.292938,-16.91159,39.79619,100771.375,2.128175e-05,1.8051952
2016-01-15 12:00:00,-3.4776917,-5.3340454,62.024586,99929.44,0.00010476836,1.7257702
2016-01-16 12:00:00,-4.1356506,-8.47995,56.20256,100518.58,5.273811e-06,1.5959748
2016-01-17 12:00:00,-0.14303589,-5.4117737,53.227135,100450.24,6.0012985e-06,1.4615295
2016-01-18 12:00:00,0.20892334,-1.8894348,46.594154,99659.555,0.00026263433,2.2330587
2016-01-19 12:00:00,0.18652344,-1.9640808,51.088127,99768.93,3.6269474e-05,1.6015037
2016-01-20 12:00:00,0.15429688,-4.528412,121.111275,100071.92,3.9333678e-05,3.1192272
2016-01-21 12:00:00,-2.279358,-17.189606,131.81989,99732.11,8.528329e-07,1.012368
2016-01-22 12:00:00,3.3241882,-12.911072,96.320335,99318.914,8.400438e-07,1.5456032
2016-01-23 12:00:00,8.137573,-5.913269,78.62559,99461.18,0.0,2.1846933
2016-01-24 12:00:00,5.861786,-0.7915344,112.26439,99487.73,8.25664e-06,0.8415624
2016-01-25 12:00:00,3.6727295,-3.3494873,76.64348,99834.375,2.5632496e-06,0.5005269
2016-01-26 12:00:00,7.7998047,1.4245605,97.85144,99629.15,4.7391368e-05,2.6630406
2016-01-27 12:00:00,6.031006,3.2530212,22.414526,99307.34,0.00012986221,3.5375636
2016-01-28 12:00:00,5.988495,3.9238586,26.58598,98962.34,0.00022915406,4.859658
2016-01-29 12:00:00,3.8286438,-0.4630127,40.70233,98859.12,0.00016080405,5.4900746
2016-01-30 12:00:00,0.19970703,-10.176178,135.79544,100297.09,1.9679503e-06,2.0797923
2016-01-31 12:00:00,-2.1946716,-12.31012,98.19233,100329.555,7.928755e-06,2.175501
2016-02-01 12:00:00,-3.2678528,-6.51886,78.11141,99526.68,5.579175e-05,3.1786773
2016-02-02 12:00:00,-3.9207458,-12.346283,160.64545,99647.516,6.765467e-07,3.1245131
2016-02-03 12:00:00,-5.9172974,-18.237228,116.472336,100063.8,5.9351686e-07,1.8012388
2016-02-04 12:00:00,-1.6062317,-17.610062,154.72977,100073.63,3.082876e-08,1.3417116
2016-02-05 12:00:00,7.365967,-10.63678,156.693,100087.44,4.0837454e-06,2.2615402
2016-02-06 12:00:00,10.846619,-2.7272034,130.64146,99847.49,2.5691728e-07,3.5092425
2016-02-07 12:00:00,11.001099,2.699707,101.489586,99257.89,0.00014003344,2.9297936
2016-02-08 12:00:00,11.44342,-8.406067,148.98145,99813.0,1.8336914e-08,1.7064582
2016-02-09 12:00:00,15.566986,1.0541077,154.51163,99734.87,0.0,2.8568654
2016-02-10 12:00:00,13.249329,3.8547058,30.074375,99380.47,0.00015824845,2.8293333
2016-02-11 12:00:00,12.025513,9.116943,36.623962,99268.336,0.00016587353,1.3984693
2016-02-12 12:00:00,9.296387,4.9226074,45.362877,99766.33,3.555757e-05,2.4436479
2016-02-13 12:00:00,5.7643127,2.6082458,55.192467,99986.87,1.4919996e-05,2.1933587
2016-02-14 12:00:00,6.1567383,-0.18408203,159.88344,99833.67,5.558314e-06,2.6251857
2016-02-15 12:00:00,14.479004,-4.191681,177.06183,99482.56,0.0,2.0072575
2016-02-16 12:00:00,12.5815735,-2.3388062,123.488464,99181.58,1.7711128e-09,0.98392403
2016-02-17 12:00:00,8.17511,-3.6724548,140.33987,99543.34,6.300818e-07,1.8481654
2016-02-18 12:00:00,8.675354,-4.081024,176.18617,99918.305,1.2554815e-06,1.6162007
2016-02-19 12:00:00,4.7999268,-5.183014,183.77434,100256.016,3.6597115e-07,2.010079
2016-02-20 12:00:00,5.072174,-7.8965454,192.41495,100275.73,5.7405424e-07,2.2513933
2016-02-21 12:00:00,3.2056885,-7.5012817,196.25006,100533.0,1.9477542e-07,2.0601208
2016-02-22 12:00:00,5.9080505,-7.530884,177.66316,100421.84,5.3029424e-07,1.1893138
2016-02-23 12:00:00,11.863403,-2.2757568,154.99956,99486.555,6.892871e-06,2.163714
2016-02-24 12:00:00,8.8532715,-3.165039,198.27539,100042.945,5.2762755e-07,1.8332981
2016-02-25 12:00:00,8.850555,1.1828918,113.05115,99924.32,7.1421437e-07,3.6608517
2016-02-26 12:00:00,7.845276,3.2259827,93.27541,99208.945,3.660045e-07,2.5742486
2016-02-27 12:00:00,3.8804626,-4.447296,188.6674,99963.57,6.9580515e-06,4.4334445
2016-02-28 12:00:00,-3.5266724,-9.256256,110.17682,100062.63,7.0461233e-06,2.5294576
2016-02-29 12:00:00,,,,,,
2016-03-01 12:00:00,-2.7267761,-6.421417,74.40146,99437.91,7.579759e-05,2.969883
2016-03-02 12:00:00,-0.03878784,-14.709564,206.45609,100048.3,8.116782e-07,0.7072207
2016-03-03 12:00:00,10.337097,-12.344452,212.30858,99811.99,0.0,1.9210316
2016-03-04 12:00:00,12.4122925,6.5397034,57.112144,98421.3,4.3789532e-05,3.731186
2016-03-05 12:00:00,12.192535,3.1054382,150.27982,98326.08,0.00012601318,3.8061593
2016-03-06 12:00:00,13.898315,-3.8994446,225.64194,100435.99,0.0,2.8563707
2016-03-07 12:00:00,16.666504,1.7073059,213.41081,100321.305,0.0,2.7636316
2016-03-08 12:00:00,16.22638,4.6437073,175.78374,99529.66,2.32779e-06,2.3044899
2016-03-09 12:00:00,14.630524,8.252838,106.464935,98842.77,8.21085e-06,1.9814434
2016-03-10 12:00:00,17.979736,9.275543,219.1396,98639.375,9.0680056e-05,1.6055422
2016-03-11 12:00:00,14.458221,6.1138306,218.33307,98618.19,2.9083456e-08,2.1821723
2016-03-12 12:00:00,9.761841,-1.6896973,122.33927,98782.125,4.0166386e-05,3.5315762
2016-03-13 12:00:00,-0.9694824,-9.890533,167.30125,98879.4,3.597988e-06,2.9328175
2016-03-14 12:00:00,2.145935,-2.3083496,139.17935,99215.84,4.311901e-06,4.1041284
2016-03-15 12:00:00,8.068207,-4.314789,241.14067,99702.02,2.8830855e-06,1.4658312
2016-03-16 12:00:00,16.583893,0.7156067,133.89409,99176.914,4.9923023e-05,3.1713066
2016-03-17 12:00:00,17.493011,9.760712,121.90903,99454.16,3.904444e-05,3.4854596
2016-03-18 12:00:00,17.880432,6.322632,109.89731,99321.23,0.00016664166,2.433149
2016-03-19 12:00:00,6.0055237,-4.8081665,257.50357,101089.086,9.3099366e-08,4.2521763
2016-03-20 12:00:00,6.960846,-6.0035706,259.57486,101247.42,2.011215e-08,1.9493839
2016-03-21 12:00:00,12.427246,-4.343048,259.7645,100655.44,7.5125946e-08,1.5808
2016-03-22 12:00:00,15.271759,7.4838257,187.35893,99207.98,2.4361324e-10,3.540031
2016-03-23 12:00:00,14.337921,6.1025696,158.01918,99149.445,5.0964853e-05,0.511589
2016-03-24 12:00:00,10.872223,1.8461304,263.71326,99760.05,4.6051056e-07,2.0104496
2016-03-25 12:00:00,13.954468,3.6515198,171.30348,99907.586,2.2712034e-06,2.9398956
2016-03-26 12:00:00,13.013611,7.731598,85.06233,98648.984,0.00035423442,0.45488968
2016-03-27 12:00:00,10.1996765,3.0250244,191.59866,99760.32,2.025075e-06,1.8397478
2016-03-28 12:00:00,13.881195,2.948944,246.53061,100193.13,1.4030579e-05,1.8146385
2016-03-29 12:00:00,13.897217,8.121979,81.17568,99534.37,0.00023643683,2.299471
2016-03-30 12:00:00,17.406006,10.416138,175.02513,98926.586,0.00023323511,2.6363251
2016-03-31 12:00:00,10.172546,-1.6679382,238.07658,100850.92,3.816833e-08,2.2866886
2016-04-01 12:00:00,11.054749,4.6116943,124.93849,100216.96,0.000102465936,3.0310075
2016-04-02 12:00:00,20.344208,9.343536,126.69968,98248.664,0.0002641509,3.4178183
2016-04-03 12:00:00,17.790741,2.3312683,275.28958,100151.79,3.1458146e-06,4.588944
2016-04-04 12:00:00,13.194305,-3.2233887,290.27878,100330.97,7.475672e-08,0.8107377
2016-04-05 12:00:00,16.381348,6.756531,197.88695,99333.08,5.030308e-08,2.3359342
2016-04-06 12:00:00,15.2430725,2.107788,265.12857,99534.86,0.0,2.7194762
2016-04-07 12:00:00,17.570984,6.900177,259.2307,99803.69,3.5614978e-06,0.6301335
2016-04-08 12:00:00,20.167542,10.809998,159.20267,99076.18,6.870765e-07,5.040349
2016-04-09 12:00:00,20.02533,9.7421875,190.12901,98850.39,0.00024690514,4.2589097
2016-04-10 12:00:00,14.727875,3.071228,296.1688,100309.414,3.6323252e-07,2.4126914
2016-04-11 12:00:00,20.055786,6.7958984,190.44829,100305.37,0.0,2.7753925
2016-04-12 12:00:00,20.284607,10.128571,249.10297,99787.305,0.0,0.8269459
2016-04-13 12:00:00,24.198761,16.071747,193.2704,98758.41,4.9456994e-05,3.7927697
2016-04-14 12:00:00,20.331604,7.043976,281.54523,99795.555,0.0,1.5471569
2016-04-15 12:00:00,23.616974,15.395447,147.51622,99388.695,0.00010907233,3.3971834
2016-04-16 12:00:00,22.91449,10.446533,138.42111,99408.94,0.00040844275,2.2690704
2016-04-17 12:00:00,10.866455,2.9227905,183.3578,100481.25,3.8196977e-05,3.973051
2016-04-18 12:00:00,10.252991,0.09515381,123.46463,100218.766,6.253921e-05,1.9277099
2016-04-19 12:00:00,8.9192505,-1.4391174,321.23672,100450.62,3.272217e-07,2.6998389
2016-04-20 12:00:00,11.401398,-0.20288086,297.09735,100908.21,4.755528e-10,1.6557835
2016-04-21 12:00:00,14.628113,4.408081,202.92593,100962.06,1.3111402e-05,2.4291682
2016-04-22 12:00:00,15.091644,8.281891,129.70428,100435.54,8.415986e-05,1.4092939
2016-04-23 12:00:00,18.863007,6.6576843,285.68286,100182.805,0.0,1.0483329
2016-04-24 12:00:00,19.011536,5.341919,323.5361,100172.234,0.0,2.0878565
2016-04-25 12:00:00,18.928375,4.4903564,325.88452,100578.76,0.0,2.5436826
2016-04-26 12:00:00,21.40622,5.987854,301.2838,100608.36,0.0,2.1301768
2016-04-27 12:00:00,25.42743,10.682648,300.1745,100399.25,0.0,2.045132
2016-04-28 12:00:00,25.653961,14.958435,294.96103,100174.914,0.0,3.781214
2016-04-29 12:00:00,26.82251,16.845734,320.9289,100061.57,0.0,3.7909224
2016-04-30 12:00:00,27.266296,17.005127,307.0225,100018.914,0.0,3.5022237
2016-05-01 12:00:00,27.73758,15.18158,305.0838,99951.91,0.0,3.4968562
2016-05-02 12:00:00,28.236633,18.380188,313.34137,99970.8,0.0,3.1148202
2016-05-03 12:00:00,27.271667,17.58136,273.71075,99951.945,9.5814094e-08,3.4212613
2016-05-04 12:00:00,25.976624,18.72641,109.6577,100158.11,7.78083e-05,2.6689153
2016-05-05 12:00:00,21.879425,17.049255,72.015915,100451.734,0.0001718931,1.0840374
2016-05-06 12:00:00,23.25769,16.24411,128.96448,100062.78,0.0001338928,1.0885442
2016-05-07 12:00:00,24.939148,18.087921,146.9089,99518.805,0.000111062305,2.4137912
2016-05-08 12:00:00,28.408966,17.971039,297.30862,99346.31,2.1913102e-06,1.8052069
2016-05-09 12:00:00,27.555603,18.37909,232.43237,99370.66,0.00012353227,0.9747479
2016-05-10 12:00:00,29.245026,17.088654,329.0166,99944.26,0.0,1.344288
2016-05-11 12:00:00,31.380096,18.465118,318.92148,99425.38,0.0,3.2755914
2016-05-12 12:00:00,34.54785,25.312134,242.31715,99081.0,0.0,3.4619787
2016-05-13 12:00:00,33.662964,23.414795,308.24548,99276.07,0.0,3.496309
2016-05-14 12:00:00,31.230652,24.744019,195.93274,99514.625,0.0,4.147483
2016-05-15 12:00:00,27.164948,16.259949,128.6484,100758.516,7.1848312e-06,1.6282656
2016-05-16 12:00:00,26.704437,14.36142,285.6264,100904.55,0.0,2.1657488
2016-05-17 12:00:00,24.698975,18.369019,149.78789,100270.266,0.00023762305,1.3845664
2016-05-18 12:00:00,25.568115,17.956665,258.55646,100029.77,0.00010613663,1.0487497
2016-05-19 12:00:00,28.025146,17.039154,261.7037,100007.8,8.769186e-05,0.6131517
2016-05-20 12:00:00,28.852875,18.167664,318.44598,99602.93,2.4709265e-05,2.186978
2016-05-21 12:00:00,29.937225,20.278778,276.70258,99676.94,0.0,3.0610478
2016-05-22 12:00:00,30.492249,23.346405,271.06638,99656.62,0.0,3.049033
2016-05-23 12:00:00,28.65982,19.15561,220.8749,99327.24,0.000259579,3.4691088
2016-05-24 12:00:00,31.422577,21.032867,288.89172,99486.79,0.00012036032,2.2782366
2016-05-25 12:00:00,31.772522,20.793732,274.6502,99466.64,0.00017559687,2.2797277
2016-05-26 12:00:00,30.375427,18.133026,305.63525,99850.71,0.0005211496,0.38285616
2016-05-27 12:00:00,29.63144,19.288055,109.86224,100073.06,0.00054045825,0.87099534
2016-05-28 12:00:00,32.23526,19.114197,303.83054,99928.77,2.1486214e-06,1.0805261
2016-05-29 12:00:00,32.39908,21.877502,334.13318,99527.64,5.3781165e-05,2.812883
2016-05-30 12:00:00,23.299591,16.481812,157.26694,99947.15,0.00017272044,2.168116
2016-05-31 12:00:00,23.39621,14.249298,234.5058,100135.68,0.0,2.3149638
2016-06-01 12:00:00,26.62738,17.250061,186.84583,99710.07,1.2854997e-05,1.4689118
2016-06-02 12:00:00,22.165771,18.002136,117.37293,99535.88,1.7147635e-05,2.393194
2016-06-03 12:00:00,24.16101,13.321136,245.77702,100100.32,0.0,3.1626465
2016-06-04 12:00:00,25.658905,15.7677,239.59639,99928.805,0.0,2.664522
2016-06-05 12:00:00,29.02826,20.827545,200.00856,99367.23,0.000190767,2.1069906
2016-06-06 12:00:00,24.894379,19.283691,254.81651,99389.79,2.92724e-05,2.1071136
2016-06-07 12:00:00,22.098236,12.884613,163.82536,99968.28,1.765083e-05,3.6932404
2016-06-08 12:00:00,25.452148,11.193329,351.57513,100242.2,0.0,1.7016525
2016-06-09 12:00:00,25.092072,10.00177,366.8554,100522.67,0.0,1.3123553
2016-06-10 12:00:00,28.243073,11.788879,361.0741,100623.36,0.0,0.71105385
2016-06-11 12:00:00,26.914703,13.39624,208.65529,100511.86,0.0,2.3573244
2016-06-12 12:00:00,25.460968,18.668121,125.904175,100208.58,0.000111451416,1.6388229
2016-06-13 12:00:00,26.651703,18.590363,161.82262,99785.37,4.552804e-05,0.44246194
2016-06-14 12:00:00,27.787323,20.305084,202.03009,99403.99,0.00010611268,2.0513408
2016-06-15 12:00:00,29.996399,21.346436,233.0241,99564.31,1.013872e-05,2.0468383
2016-06-16 12:00:00,32.340637,23.016998,307.49802,99891.27,9.137689e-08,2.269708
2016-06-17 12:00:00,34.782623,22.931976,341.138,99864.59,4.3894637e-05,1.546841
2016-06-18 12:00:00,35.434387,21.627655,301.7509,99745.27,1.5917669e-05,0.92357564
2016-06-19 12:00:00,34.78705,22.354736,271.75552,99779.08,5.7848934e-05,0.91016877
2016-06-20 12:00:00,36.09085,22.0625,350.2057,99789.23,0.0,1.2807077
2016-06-21 12:00:00,37.022217,21.061829,347.56705,99657.2,3.6085716e-08,1.5980124
2016-06-22 12:00:00,37.493042,21.869537,350.61063,99384.984,1.0386879e-07,1.7276529
2016-06-23 12:00:00,36.191162,26.85257,338.93472,99405.53,0.0,3.2586937
2016-06-24 12:00:00,35.426575,25.21576,293.60364,99629.85,0.0,2.9472883
2016-06-25 12:00:00,35.27826,25.776978,310.99368,99540.61,4.7439785e-06,2.4840598
2016-06-26 12:00:00,34.676178,21.56549,297.2842,99428.38,4.4852488e-05,1.5093436
2016-06-27 12:00:00,36.991028,23.33905,324.68042,99430.06,1.8886512e-05,1.7676558
2016-06-28 12:00:00,34.291138,22.788086,329.31787,99722.37,1.0709062e-05,1.8822745
2016-06-29 12:00:00,36.665283,24.68277,238.63123,99750.5,1.6892038e-05,1.5114843
2016-06-30 12:00:00,35.26181,22.075836,291.01215,99820.01,0.000113725655,1.0791659
2016-07-01 12:00:00,36.546295,25.354889,294.9913,99833.51,5.8403857e-06,0.6855887
2016-07-02 12:00:00,38.698486,24.278381,302.07336,99835.13,3.666674e-05,1.3128685
2016-07-03 12:00:00,39.917206,23.688293,325.88928,99615.67,2.06914e-06,0.5033423
2016-07-04 12:00:00,40.232727,23.363983,334.205,99452.73,8.3672885e-06,1.2504824
2016-07-05 12:00:00,36.98712,26.332306,346.25113,99855.83,0.0,2.5146246
2016-07-06 12:00:00,38.47757,21.544373,349.67233,99977.836,0.0,0.8913459
2016-07-07 12:00:00,37.556824,26.213257,234.55843,99938.58,6.644853e-05,1.6002398
2016-07-08 12:00:00,31.6156,23.61145,276.65082,99824.97,0.0,1.3738327
2016-07-09 12:00:00,35.8649,22.216766,349.75897,99915.19,9.673988e-08,1.5807072
2016-07-10 12:00:00,37.05362,21.23816,345.3446,99841.766,0.0,1.0070302
2016-07-11 12:00:00,37.407257,23.231567,305.61166,99530.74,0.0,1.5810987
2016-07-12 12:00:00,37.779053,23.560822,292.77463,99421.06,1.1324502e-05,0.9894931
2016-07-13 12:00:00,38.003784,21.88388,316.60852,99512.98,5.3260527e-07,0.39747298
2016-07-14 12:00:00,39.663177,25.999939,331.55878,99668.59,0.0,2.0667572
2016-07-15 12:00:00,40.958405,28.172821,286.82623,99658.81,2.1508255e-07,2.7590096
2016-07-16 12:00:00,39.5943,24.614594,255.33041,100203.3,3.1536313e-06,3.56406
2016-07-17 12:00:00,30.472534,16.91388,358.20694,100729.234,0.0,3.0490994
2016-07-18 12:00:00,34.9162,15.842285,348.91544,100266.234,0.0,1.2106278
2016-07-19 12:00:00,37.762146,22.93216,334.60593,99832.484,0.0,1.7852179
2016-07-20 12:00:00,36.952545,25.209717,243.73996,99529.234,2.1016733e-06,2.01478
2016-07-21 12:00:00,38.61154,26.224243,299.2931,99389.66,0.0,2.172927
2016-07-22 12:00:00,38.49579,28.09613,219.67487,99490.555,3.162614e-05,2.109841
2016-07-23 12:00:00,37.46982,25.753235,303.48428,99685.875,0.00018680391,1.6374701
2016-07-24 12:00:00,30.471985,22.816437,179.08154,99710.54,0.0002479457,0.8620212
2016-07-25 12:00:00,34.48883,23.996857,324.88983,99643.36,0.0,1.440103
2016-07-26 12:00:00,35.007996,24.093689,238.48172,99528.12,0.0,1.8944998
2016-07-27 12:00:00,37.052856,25.783691,325.58774,99464.695,2.608921e-05,1.8178961
2016-07-28 12:00:00,35.603516,23.716797,325.76266,99557.08,1.7689015e-05,1.6292717
2016-07-29 12:00:00,33.171936,23.490875,287.51294,99707.13,0.0,1.8159176
2016-07-30 12:00:00,36.46463,24.487915,223.7625,99587.21,0.0,1.3095171
2016-07-31 12:00:00,40.099396,26.493439,234.51796,99542.695,4.8232667e-09,0.92769796
2016-08-01 12:00:00,39.87146,25.554626,266.1533,99821.24,7.499964e-06,1.7352816
2016-08-02 12:00:00,38.923157,27.079102,288.05045,99893.99,2.643777e-05,2.005717
2016-08-03 12:00:00,36.908356,23.759155,278.5761,99951.59,7.751905e-05,1.6207607
2016-08-04 12:00:00,36.47229,25.198883,297.59583,99971.97,3.2498579e-06,1.512286
2016-08-05 12:00:00,36.976807,23.11856,287.54514,100009.3,0.00021838216,0.656598
2016-08-06 12:00:00,35.266144,19.239502,321.39755,100305.38,0.0,1.1006922
2016-08-07 12:00:00,34.898834,24.016449,248.01582,100145.35,5.931417e-07,1.2722071
2016-08-08 12:00:00,35.073242,20.24582,318.1439,100150.71,0.0,1.7815591
2016-08-09 12:00:00,37.919952,19.608582,309.55066,99760.23,0.0,0.7256357
2016-08-10 12:00:00,34.43628,21.251465,223.50717,99589.164,0.00010881699,1.5271219
2016-08-11 12:00:00,33.51184,22.820923,266.57812,99602.1,0.0,2.526977
2016-08-12 12:00:00,36.144714,22.266602,192.73033,99841.83,8.529943e-05,1.6087826
2016-08-13 12:00:00,37.90973,27.2146,304.7905,99857.914,0.0,1.5227729
2016-08-14 12:00:00,35.495056,24.862122,295.35025,100028.81,2.1350372e-08,1.8353095
2016-08-15 12:00:00,37.737885,24.485748,306.03903,100008.68,0.0,1.3398858
2016-08-16 12:00:00,38.227875,23.132874,308.41324,99982.49,0.0,1.9684163
2016-08-17 12:00:00,37.14206,25.32788,244.07962,100065.58,4.4280227e-05,2.2712853
2016-08-18 12:00:00,34.783264,22.78244,302.63235,100034.69,7.466831e-06,2.5352035
2016-08-19 12:00:00,34.929077,19.548126,268.14578,99759.26,0.0,1.8737441
2016-08-20 12:00:00,36.799347,23.235626,292.66916,99797.27,0.0,1.6201926
2016-08-21 12:00:00,39.104492,25.318787,251.22412,99967.27,3.3492066e-07,0.3318916
2016-08-22 12:00:00,38.134827,27.293854,234.20917,100108.266,1.0495501e-05,2.05489
2016-08-23 12:00:00,37.480835,26.288544,195.7173,100077.54,1.5293988e-05,1.9632674
2016-08-24 12:00:00,36.261078,27.967499,186.55646,99840.79,2.9999675e-05,1.9938602
2016-08-25 12:00:00,35.32968,26.556458,284.52402,99669.71,7.877019e-08,1.4851512
2016-08-26 12:00:00,30.911072,20.088867,290.13715,100325.625,0.0,2.8898904
2016-08-27 12:00:00,31.463196,17.67157,276.63635,100446.62,0.0,1.8203789
2016-08-28 12:00:00,35.20755,19.2612,290.8307,100073.25,0.0,1.6914606
2016-08-29 12:00:00,37.78128,23.257233,281.07288,99874.83,0.0,2.1655836
2016-08-30 12:00:00,36.211,25.577545,269.09366,100004.29,0.0,2.50499
2016-08-31 12:00:00,35.717407,24.336334,246.39859,100201.3,0.0,2.3516393
2016-09-01 12:00:00,34.463196,24.51706,258.21094,100374.16,6.7462524e-09,2.5166564
2016-09-02 12:00:00,34.472443,22.436829,264.42072,100579.53,0.0,2.1059542
2016-09-03 12:00:00,35.35324,23.547394,249.74344,100699.88,8.683359e-05,1.4535341
2016-09-04 12:00:00,35.18927,22.131775,241.21942,100529.414,5.3454132e-05,0.931222
2016-09-05 12:00:00,34.671753,22.430206,238.40005,100236.86,3.7180624e-05,0.5964826
2016-09-06 12:00:00,35.128784,21.954498,264.55292,100142.484,0.0,0.7713405
2016-09-07 12:00:00,36.16342,22.62262,238.4899,100181.44,3.6320296e-05,0.49271736
2016-09-08 12:00:00,36.86737,22.942902,259.31348,100165.484,0.0,1.0639608
2016-09-09 12:00:00,35.84482,21.982727,268.11423,100021.32,0.0,1.8519309
2016-09-10 12:00:00,36.907288,20.361115,266.80905,99930.87,0.0,1.8272297
2016-09-11 12:00:00,35.788055,20.976349,250.59555,99955.19,0.0,1.918696
2016-09-12 12:00:00,35.30606,22.171051,207.22122,99922.64,0.0,1.6984648
2016-09-13 12:00:00,33.23929,23.961212,183.14088,100040.06,4.7884463e-05,1.9112474
2016-09-14 12:00:00,31.665344,22.006134,206.10226,100165.555,1.7026297e-05,1.7460263
2016-09-15 12:00:00,32.73178,22.231293,224.22757,100268.914,3.270071e-05,1.6041689
2016-09-16 12:00:00,33.910614,22.58191,234.54091,100405.67,0.0,0.67110014
2016-09-17 12:00:00,33.626984,22.625916,221.7226,100329.09,3.5998764e-07,1.5821321
2016-09-18 12:00:00,34.608124,23.379852,199.80334,100082.81,9.188121e-05,1.0090728
2016-09-19 12:00:00,32.479553,22.269775,195.00735,100038.234,0.00011078401,0.7994773
2016-09-20 12:00:00,28.64331,21.413452,145.10573,99908.69,0.00018640143,0.5336774
2016-09-21 12:00:00,29.053223,20.864227,238.62547,99843.555,2.2653962e-06,2.2738864
2016-09-22 12:00:00,29.045074,21.0354,217.82498,99769.984,6.03843e-06,0.97244114
2016-09-23 12:00:00,31.149841,18.371826,238.61101,99911.91,0.0,0.26919383
2016-09-24 12:00:00,32.84723,18.290192,233.27133,100142.11,1.3057829e-06,1.2149775
2016-09-25 12:00:00,27.32257,15.319702,243.83203,100775.24,1.1836996e-05,3.491862
2016-09-26 12:00:00,24.084717,10.575287,237.6614,100855.49,0.0,1.4794608
2016-09-27 12:00:00,26.088593,11.314789,236.44032,100785.7,0.0,1.5240694
2016-09-28 12:00:00,29.924347,13.709076,230.79137,100423.945,0.0,2.040648
2016-09-29 12:00:00,32.994354,16.70456,202.58263,99855.47,0.0,2.3136282
2016-09-30 12:00:00,28.242859,19.29483,137.6447,99631.79,0.00017353742,1.8486445
2016-10-01 12:00:00,22.947266,16.181885,92.09761,100030.016,7.7962126e-05,1.97315
2016-10-02 12:00:00,28.84665,19.549713,161.72264,99649.016,3.072608e-09,3.3069758
2016-10-03 12:00:00,26.522797,19.699402,124.114624,99410.2,0.0002052248,2.229525
2016-10-04 12:00:00,23.611572,11.631866,189.44934,99887.42,0.0,2.8632424
2016-10-05 12:00:00,18.910889,8.304962,216.505,100122.34,0.0,0.62316704
2016-10-06 12:00:00,25.285248,12.335663,193.32632,99938.21,0.0,3.6313899
2016-10-07 12:00:00,28.388641,20.827423,171.10866,99881.49,4.4863427e-07,3.523275
2016-10-08 12:00:00,28.72287,21.576416,160.00752,100026.98,0.0,2.3956196
2016-10-09 12:00:00,26.166077,19.329407,78.598145,99731.75,0.0001437264,1.8134681
2016-10-10 12:00:00,19.20935,11.033905,155.74043,100274.1,1.5986187e-06,3.2686615
2016-10-11 12:00:00,13.274811,5.3134766,139.07745,100859.51,7.696702e-11,1.9307824
2016-10-12 12:00:00,13.90506,6.744171,114.34764,100745.2,0.0,1.7102394
2016-10-13 12:00:00,16.473328,8.537659,93.836624,100235.51,2.2832559e-07,1.5751069
2016-10-14 12:00:00,18.082245,12.739197,102.21496,100191.62,3.2391843e-06,1.6355981
2016-10-15 12:00:00,17.818756,9.914368,102.76544,100321.16,4.2000424e-06,1.079431
2016-10-16 12:00:00,20.750702,10.144653,164.08646,100745.875,2.9885786e-07,0.8114443
2016-10-17 12:00:00,18.521515,5.307434,196.05222,101158.34,0.0,1.374146
2016-10-18 12:00:00,22.748993,5.7169495,191.24062,100849.73,0.0,1.5941187
2016-10-19 12:00:00,24.538208,7.9953613,188.0954,100554.89,0.0,1.904717
2016-10-20 12:00:00,24.021942,7.8566284,187.93916,100131.39,0.0,1.8877981
2016-10-21 12:00:00,25.29596,11.8342285,181.74455,99814.51,0.0,1.6222509
2016-10-22 12:00:00,19.75595,10.686829,176.41528,100358.68,0.0,2.0809057
2016-10-23 12:00:00,24.205872,8.675537,138.54369,100175.55,0.0,2.0988715
2016-10-24 12:00:00,21.43631,15.182953,25.947008,99354.41,0.00012158472,2.4103844
2016-10-25 12:00:00,19.304352,14.98288,93.391,99499.72,8.6043e-05,2.1706777
2016-10-26 12:00:00,22.72406,10.434509,162.6901,99670.22,0.0,2.3978453
2016-10-27 12:00:00,25.127686,18.42575,91.59445,98695.59,0.0,4.3546767
2016-10-28 12:00:00,23.953156,11.087585,37.54181,98851.03,0.00041286566,2.162831
2016-10-29 12:00:00,13.321259,11.029633,36.044426,98816.04,5.581795e-05,2.4713368
2016-10-30 12:00:00,18.35315,11.743408,159.0527,99451.99,0.00013920967,2.5617692
2016-10-31 12:00:00,21.382172,14.971924,117.89141,99861.13,0.0,4.2588844
2016-11-01 12:00:00,21.698792,13.452637,72.79203,99516.195,0.00020664645,2.8512547
2016-11-02 12:00:00,15.493622,7.0455933,160.1313,100666.84,0.0002418037,0.5951662
2016-11-03 12:00:00,18.232513,7.857086,47.562798,100840.39,7.656992e-06,2.367684
2016-11-04 12:00:00,18.588074,6.440216,118.96865,101482.27,0.00011570977,3.5735195
2016-11-05 12:00:00,11.714325,1.2927246,154.67587,102321.57,6.2963943e-07,1.9857451
2016-11-06 12:00:00,12.036804,-0.3046875,150.90254,101807.11,2.0701698e-07,1.3318639
2016-11-07 12:00:00,14.646759,1.0186462,141.01445,100987.6,7.2285036e-09,2.1223886
2016-11-08 12:00:00,17.829407,10.570984,90.3919,99873.56,4.72076e-06,4.52818
2016-11-09 12:00:00,17.390717,12.6874695,89.679405,99623.38,8.809851e-05,1.9224845
2016-11-10 12:00:00,12.557098,5.59552,138.41289,100409.51,0.0,2.778597
2016-11-11 12:00:00,11.284515,-0.13345337,127.54162,100934.17,6.764179e-07,1.5060096
2016-11-12 12:00:00,15.93512,7.2423706,19.082245,99703.43,0.0003643214,3.1364121
2016-11-13 12:00:00,17.276611,11.464172,141.51471,99355.01,1.2990346e-05,2.4066846
2016-11-14 12:00:00,17.7641,2.9152527,141.71072,100666.75,0.0,1.5505
2016-11-15 12:00:00,15.275818,6.953644,47.2936,100639.7,0.00016911095,1.7730844
2016-11-16 12:00:00,17.044556,10.6197815,42.325436,99547.09,0.0005292309,1.6686367
2016-11-17 12:00:00,12.9348755,6.741272,119.90985,100174.586,4.9902337e-06,1.3516575
2016-11-18 12:00:00,13.869934,4.574951,135.0033,100472.94,0.0,0.27941063
2016-11-19 12:00:00,17.476227,4.58432,133.0276,100299.86,3.1140108e-09,2.094477
2016-11-20 12:00:00,18.417389,9.518707,56.0593,99979.31,8.215739e-06,2.1122665
2016-11-21 12:00:00,19.798492,17.119263,47.65697,99713.836,4.7383637e-05,2.5002568
2016-11-22 12:00:00,18.372925,7.984253,130.7776,100348.27,0.00022374229,3.0268734
2016-11-23 12:00:00,12.539734,3.382141,116.47841,100522.58,0.0,2.179209
2016-11-24 12:00:00,18.302246,9.232269,20.14683,98776.086,0.00037483947,3.7928102
2016-11-25 12:00:00,14.040558,8.301727,86.473434,99541.48,1.5073756e-05,2.7302406
2016-11-26 12:00:00,16.428345,5.4877625,122.94522,100215.49,0.0,2.6999683
2016-11-27 12:00:00,17.940765,10.214752,106.64065,99661.39,0.0,4.228319
2016-11-28 12:00:00,16.044647,4.3571777,57.441185,99645.18,0.00020818852,2.1637375
2016-11-29 12:00:00,8.889038,-0.12695312,97.29071,100318.41,1.7775519e-06,1.7049882
2016-11-30 12:00:00,15.7612,4.1466064,45.159454,99554.67,8.885856e-06,2.3166254
2016-12-01 12:00:00,17.088531,8.211365,79.57364,98648.76,8.452496e-05,4.3303027
2016-12-02 12:00:00,16.008942,6.377228,102.2966,99562.125,0.0,3.3650157
2016-12-03 12:00:00,19.05545,7.4617004,106.67487,100650.62,2.4714294e-07,1.9580283
2016-12-04 12:00:00,18.292542,11.603149,35.86064,100693.54,9.714521e-06,2.7069826
2016-12-05 12:00:00,19.89441,14.167877,27.040752,99653.98,0.00020778122,3.2801552
2016-12-06 12:00:00,15.062683,4.7512207,96.64338,100058.53,8.966407e-05,0.95447785
2016-12-07 12:00:00,9.122833,7.6807556,23.525724,99133.11,0.0003227914,1.7764558
2016-12-08 12:00:00,8.508179,3.829193,106.65313,98838.4,5.7761995e-06,3.5338454
2016-12-09 12:00:00,7.98114,-3.604828,113.0932,99528.57,4.1250394e-07,1.8333479
2016-12-10 12:00:00,11.6137085,4.105072,32.03449,98521.51,0.0003336733,4.5822277
2016-12-11 12:00:00,11.9534,0.19888306,95.124214,98381.49,0.00016956675,3.2755156
2016-12-12 12:00:00,3.8721619,-0.867218,89.91354,99099.76,5.120145e-07,3.5154648
2016-12-13 12:00:00,11.617645,-1.8400269,111.563484,99739.13,0.0,2.3325572
2016-12-14 12:00:00,9.532227,-1.5643616,108.92262,100143.2,4.7446136e-07,1.1545764
2016-12-15 12:00:00,12.125671,4.033081,111.027145,100041.97,4.3114917e-10,1.2779598
2016-12-16 12:00:00,7.2351074,-1.2361145,100.51015,100998.87,3.5083372e-07,2.0617588
2016-12-17 12:00:00,5.239502,2.330719,35.152973,100725.39,1.926586e-05,3.958129
2016-12-18 12:00:00,10.400604,3.45401,16.55783,98928.91,0.00017609114,4.807223
2016-12-19 12:00:00,12.354187,4.8171997,113.29014,98622.44,4.6033742e-06,3.4060748
2016-12-20 12:00:00,4.777771,-1.5131836,108.58827,99526.22,7.472018e-07,3.0253255
2016-12-21 12:00:00,1.0170593,-4.2744446,80.508804,99977.555,1.2343311e-06,1.8121283
2016-12-22 12:00:00,0.6689148,-4.4798584,65.68556,100838.555,1.6683366e-06,1.9200878
2016-12-23 12:00:00,0.33413696,-1.3447571,18.188599,100704.81,0.000102635415,4.271445
2016-12-24 12:00:00,0.30569458,-0.18450928,27.848866,99347.734,0.00019729801,2.3898501
2016-12-25 12:00:00,0.26541138,-2.6377258,59.11219,99416.914,2.5323086e-05,5.484122
2016-12-26 12:00:00,-1.4516602,-7.4719543,109.86489,100392.695,1.3677113e-06,2.4378362
2016-12-27 12:00:00,0.20462036,-7.1629944,36.98727,100798.875,8.68526e-05,1.4288558
2016-12-28 12:00:00,7.738434,0.03982544,16.379162,99995.766,0.00037541016,3.2944238
2016-12-29 12:00:00,13.370361,1.517395,31.14132,99387.984,0.00016064473,0.8333709
2016-12-30 12:00:00,3.0271912,-7.3889465,117.16013,100658.17,0.0,2.2308178
2016-12-31 12:00:00,5.333313,-7.866638,114.533,101166.44,0.0,1.0676225
2017-01-01 12:00:00,-0.7406006,-9.13089,116.56591,101489.95,3.157105e-08,1.8384898
2017-01-02 12:00:00,-2.598938,-10.318481,99.601135,101625.266,1.1067089e-06,2.1424766
2017-01-03 12:00:00,-1.8121338,-7.5679626,85.90445,102070.125,2.368938e-06,3.3664799
2017-01-04 12:00:00,-0.19494629,-11.595917,118.774826,102465.05,2.461924e-07,1.4695797
2017-01-05 12:00:00,1.9719238,-8.806702,74.177315,102077.2,0.0,0.32535523
2017-01-06 12:00:00,5.2012024,-4.9578247,108.07379,101802.49,0.0,1.3179407
2017-01-07 12:00:00,3.9649963,-4.6830444,92.535194,101566.336,0.0,1.4777594
2017-01-08 12:00:00,2.8681946,-7.70166,116.54156,101197.23,1.6037632e-07,1.7740475
2017-01-09 12:00:00,1.6879272,-6.5781555,72.29604,101224.06,7.552541e-07,2.708564
2017-01-10 12:00:00,-0.9243164,-9.338837,103.82128,101604.38,7.180767e-09,2.9721332
2017-01-11 12:00:00,1.2725525,-9.117798,111.68802,100917.81,0.0,2.4148455
2017-01-12 12:00:00,2.9823608,-6.871002,119.30483,100535.0,0.0,3.5989401
2017-01-13 12:00:00,-0.1427002,-6.6411743,103.32274,100695.234,5.458435e-07,3.2598927
2017-01-14 12:00:00,-1.5680237,-7.062744,112.895935,100646.26,6.4178244e-07,2.9765189
2017-01-15 12:00:00,-0.17047119,-7.135132,127.987206,100943.48,6.9748353e-07,2.5629127
2017-01-16 12:00:00,0.55233765,-11.442352,127.82673,101087.66,1.3780425e-07,1.8385781
2017-01-17 12:00:00,1.5913086,-12.030151,130.55838,100896.47,5.716021e-10,1.5775597
2017-01-18 12:00:00,2.9294434,-10.847717,114.71089,100832.43,5.2537096e-08,1.7713823
2017-01-19 12:00:00,2.9406738,-2.088745,131.08305,101015.24,2.918246e-06,2.4493113
2017-01-20 12:00:00,0.15914917,-5.5779114,77.7183,101329.42,2.3195212e-06,2.215371
2017-01-21 12:00:00,0.16522217,-12.014709,136.95811,101487.36,3.8523643e-07,1.9131463
2017-01-22 12:00:00,-2.2977905,-13.223755,77.52754,101385.234,5.4041397e-08,1.5924381
2017-01-23 12:00:00,-1.8659058,-6.516449,96.76464,101112.29,1.8190917e-06,2.6852417
2017-01-24 12:00:00,-3.6593018,-12.388733,128.91002,101013.33,3.1179007e-07,2.6769602
2017-01-25 12:00:00,-0.5795593,-15.107544,134.72658,100561.56,0.0,2.02572
2017-01-26 12:00:00,-2.0060425,-12.79541,146.45694,100875.336,1.3655e-07,2.2194383
2017-01-27 12:00:00,4.4193726,-11.423737,148.91447,101000.45,0.0,2.1938915
2017-01-28 12:00:00,1.8380127,-9.2178955,133.16817,100513.21,0.0,0.96065646
2017-01-29 12:00:00,0.18145752,-9.5946045,148.17514,100176.23,0.0,2.3086572
2017-01-30 12:00:00,-0.13961792,-10.419678,80.07582,100165.22,3.566009e-06,1.5454848
2017-01-31 12:00:00,-0.2503357,-10.422516,152.42159,100032.35,1.1620516e-05,1.9952177
2017-02-01 12:00:00,4.554657,-16.01764,156.0018,100421.34,0.0,0.40687343
2017-02-02 12:00:00,7.195862,-4.2490234,95.33381,100041.766,0.0,1.792305
2017-02-03 12:00:00,6.413788,-2.7994995,125.7727,100227.07,6.4339405e-09,1.2947408
2017-02-04 12:00:00,4.1265564,-4.527008,57.282448,99891.984,3.6310452e-05,2.590712
2017-02-05 12:00:00,1.8044128,0.11755371,47.52926,98708.36,0.00029033268,3.1351697
2017-02-06 12:00:00,0.45684814,-0.85253906,58.60555,100238.35,9.874177e-05,3.1007369
2017-02-07 12:00:00,-0.8517151,-13.437073,127.89099,101569.62,1.4013222e-06,1.2060592
2017-02-08 12:00:00,4.232483,-15.316711,148.71971,101920.15,7.094695e-07,1.3497517
2017-02-09 12:00:00,10.773743,-8.017303,154.11307,101498.07,3.6002795e-08,2.460547
2017-02-10 12:00:00,13.4964905,-1.3815613,165.08025,100658.914,0.0,1.5338951
2017-02-11 12:00:00,16.357391,-2.598236,168.31407,100110.1,0.0,1.9051734
2017-02-12 12:00:00,10.052368,-1.203949,174.62877,100109.61,0.0,3.3269806
2017-02-13 12:00:00,5.3301697,-5.068573,105.65389,100033.87,4.8961892e-06,3.2525973
2017-02-14 12:00:00,1.5046997,-6.206726,181.94063,100180.93,2.7720885e-06,3.1666675
2017-02-15 12:00:00,8.9339905,-7.0655518,180.29314,99597.484,0.0,1.7153189
2017-02-16 12:00:00,12.669006,-2.7749329,171.356,99426.7,1.02651356e-07,2.1009605
2017-02-17 12:00:00,13.729065,1.4761353,101.20198,99471.03,2.6851008e-05,2.607252
2017-02-18 12:00:00,11.35907,6.256775,75.74574,98795.95,6.979038e-05,2.1308157
2017-02-19 12:00:00,8.287659,0.17086792,69.88912,99558.76,3.670482e-05,4.067568
2017-02-20 12:00:00,3.1605225,-5.130493,155.44168,99897.17,3.9728678e-07,1.9735489
2017-02-21 12:00:00,3.558136,-7.3461914,197.17162,99772.68,3.4782133e-09,2.7967608
2017-02-22 12:00:00,3.381775,-3.6645203,199.12111,99333.016,0.0,2.27471
2017-02-23 12:00:00,-0.800354,-6.0072937,121.77749,99261.06,6.600819e-05,2.3022735
2017-02-24 12:00:00,-6.1433716,-21.148376,211.72119,100292.11,0.0,2.7989671
2017-02-25 12:00:00,-2.6590576,-15.913025,120.46757,100492.91,1.48467125e-05,1.1437225
2017-02-26 12:00:00,-5.382538,-14.513214,215.99522,101540.99,0.0,2.3244262
2017-02-27 12:00:00,3.8253784,-17.863678,152.98395,101296.07,0.0,2.4217567
2017-02-28 12:00:00,17.681458,1.8825378,203.28244,100326.54,0.0,2.5549324
2017-03-01 12:00:00,18.489838,-2.3708801,174.5047,100582.32,0.0,1.5180018
2017-03-02 12:00:00,17.92453,8.310944,147.21992,100236.3,1.5562453e-05,3.317699
2017-03-03 12:00:00,21.466522,11.851654,185.63675,100026.125,3.563115e-06,3.4415126
2017-03-04 12:00:00,21.375275,15.845551,118.85985,99823.13,1.3503308e-06,3.4373085
2017-03-05 12:00:00,21.28189,13.452545,197.92503,100016.34,3.4990538e-07,3.1382005
2017-03-06 12:00:00,22.012512,13.316162,174.35994,99921.13,5.587092e-06,2.9598262
2017-03-07 12:00:00,19.510529,15.4053955,91.21041,99276.19,3.6270467e-05,2.1230328
2017-03-08 12:00:00,18.508453,10.879089,126.64162,99231.73,4.2725196e-06,1.6650256
2017-03-09 12:00:00,22.547241,8.43689,211.95433,99794.84,3.8916383e-08,1.3963245
2017-03-10 12:00:00,21.767334,12.829651,94.60199,99926.83,5.4825114e-07,1.610039
2017-03-11 12:00:00,18.845795,13.810547,49.29022,98703.195,0.0002524267,3.157905
2017-03-12 12:00:00,17.599396,11.293732,155.7311,98475.82,1.7569739e-05,1.0664531
2017-03-13 12:00:00,14.105896,8.05603,38.52613,99528.62,8.553943e-05,4.1291223
2017-03-14 12:00:00,10.419617,4.072418,169.62627,100128.77,6.2364165e-06,2.4410934
2017-03-15 12:00:00,10.601318,0.08227539,194.9864,100412.29,4.463271e-07,1.8328159
2017-03-16 12:00:00,13.108582,3.1721802,93.93665,100529.555,1.6290584e-05,1.5211059
2017-03-17 12:00:00,18.700073,11.221619,65.53817,99968.414,3.2421594e-05,3.2378063
2017-03-18 12:00:00,18.814392,11.381409,217.44907,99403.09,9.852909e-05,2.9917908
2017-03-19 12:00:00,14.021759,2.959381,251.06342,100251.26,1.4233736e-09,2.4543703
2017-03-20 12:00:00,18.135498,1.7446289,179.87476,100457.09,0.0,1.2699152
2017-03-21 12:00:00,20.18039,7.542267,195.1344,100072.94,0.0,3.6875298
2017-03-22 12:00:00,20.589966,14.904572,120.899734,99532.625,0.00011025752,4.2945514
2017-03-23 12:00:00,18.170929,13.034302,251.65408,99155.03,9.7307035e-05,2.6930575
2017-03-24 12:00:00,15.213715,3.8163452,136.38704,99660.22,8.2558387e-07,2.6445417
2017-03-25 12:00:00,16.81076,4.569092,265.2814,100470.1,4.8275915e-08,2.6991346
2017-03-26 12:00:00,21.47107,6.0301514,232.83138,100575.78,0.0,3.1874
2017-03-27 12:00:00,22.550964,14.872955,236.46475,100175.305,0.0,4.6487517
2017-03-28 12:00:00,20.631836,10.394257,265.50473,100385.09,5.5066186e-05,3.07054
2017-03-29 12:00:00,16.653137,5.093811,270.08395,100797.56,0.0,2.4860175
2017-03-30 12:00:00,14.8871155,9.693268,83.650475,100508.92,4.6085082e-05,0.27314
2017-03-31 12:00:00,15.202881,9.437164,117.90698,99964.29,5.9621834e-05,2.7628312
2017-04-01 12:00:00,19.808533,11.402191,112.29307,98861.164,2.646794e-06,2.713017
2017-04-02 12:00:00,24.527924,11.328033,263.31442,99062.93,5.362246e-08,2.37858
2017-04-03 12:00:00,21.213104,11.868744,133.81902,98701.31,0.0005067407,3.581422
2017-04-04 12:00:00,19.01477,10.726379,216.4561,99397.484,2.5019293e-05,3.8927178
2017-04-05 12:00:00,23.660797,7.611023,235.22275,100089.21,4.3614645e-10,2.2818074
2017-04-06 12:00:00,22.566162,15.4548645,163.852,99895.664,1.3376418e-05,3.9601493
2017-04-07 12:00:00,25.173676,19.126953,270.96188,99832.56,0.0,5.2519298
2017-04-08 12:00:00,22.793182,14.286713,85.31944,100096.77,7.6840646e-05,0.2720328
2017-04-09 12:00:00,21.714905,16.160767,145.16336,100415.97,0.0001684835,0.93587375
2017-04-10 12:00:00,20.668854,13.18042,115.359474,100824.32,2.6326743e-05,2.3706472
2017-04-11 12:00:00,26.541107,11.356232,250.8229,100490.46,0.0,2.1389766
2017-04-12 12:00:00,24.582367,15.392334,127.54046,100107.98,0.0,2.7001824
2017-04-13 12:00:00,25.156097,16.679352,193.68965,100183.02,1.2529741e-06,2.3050315
2017-04-14 12:00:00,27.618774,16.661621,270.9912,100077.29,0.0,3.3621151
2017-04-15 12:00:00,28.254608,17.66858,291.61,100112.42,0.0,3.4568477
2017-04-16 12:00:00,28.322418,16.539764,251.5103,100070.43,0.0,2.081643
2017-04-17 12:00:00,25.966705,14.866272,138.96184,99587.97,6.4870693e-07,1.7790875
2017-04-18 12:00:00,22.499481,14.902618,155.02582,100010.516,4.6279434e-05,2.40755
2017-04-19 12:00:00,19.524017,8.006287,317.80405,101148.97,0.0,2.7957993
2017-04-20 12:00:00,22.534302,6.0392456,313.0836,100880.26,0.0,1.8068366
2017-04-21 12:00:00,26.238281,8.343292,304.01166,100318.92,0.0,2.300582
2017-04-22 12:00:00,27.256989,17.06546,307.88046,99845.17,0.0,4.2234507
2017-04-23 12:00:00,25.27472,20.705261,137.2253,99741.02,6.9832146e-07,4.109735
2017-04-24 12:00:00,23.818634,5.9179688,133.93642,100111.53,0.00032508787,3.564544
2017-04-25 12:00:00,12.129669,1.4542236,325.99762,100639.98,0.0,2.3339856
2017-04-26 12:00:00,19.375916,3.4715576,300.37604,100446.6,0.0,1.7590073
2017-04-27 12:00:00,23.710297,7.9553833,319.2909,100395.78,4.0469175e-09,2.9906414
2017-04-28 12:00:00,22.901093,12.909546,241.6762,99874.44,0.0,3.4890418
2017-04-29 12:00:00,21.10382,13.071899,85.216125,99358.72,6.643216e-05,2.0584865
2017-04-30 12:00:00,16.546967,13.360474,180.20503,98781.15,8.635783e-05,2.5026033
2017-05-01 12:00:00,22.278534,10.967163,320.18576,99502.28,6.0270863e-06,4.627777
2017-05-02 12:00:00,20.964966,11.121185,102.746124,99853.64,5.8810547e-05,1.7072296
2017-05-03 12:00:00,26.733887,10.896606,322.47464,100014.01,1.1001642e-06,1.3649879
2017-05-04 12:00:00,30.142548,16.280823,285.69937,99792.06,0.0,3.0771303
2017-05-05 12:00:00,28.176697,17.585297,195.95197,99850.914,1.1667497e-05,1.9342074
2017-05-06 12:00:00,18.87677,8.38031,341.44626,100423.67,0.0,3.743052
2017-05-07 12:00:00,17.164734,11.921204,218.3008,99733.55,3.5179899e-06,4.339374
2017-05-08 12:00:00,19.145447,11.09967,100.67208,99867.94,3.060294e-05,3.5746665
2017-05-09 12:00:00,22.926971,11.932861,261.85495,99958.56,4.979569e-09,3.46257
2017-05-10 12:00:00,23.61905,13.889954,249.36671,100241.305,1.0963122e-06,3.032426
2017-05-11 12:00:00,23.467407,15.937592,140.02615,100202.76,0.0001118237,1.8740638
2017-05-12 12:00:00,23.251892,17.004059,172.4065,99828.984,0.00014291248,2.0384288
2017-05-13 12:00:00,22.111237,15.494171,202.53987,99458.586,1.964584e-05,1.063026
2017-05-14 12:00:00,27.265625,14.292603,277.56857,98873.87,1.642794e-06,1.0631902
2017-05-15 12:00:00,26.380981,14.457275,284.7174,98728.76,0.0,1.8044055
2017-05-16 12:00:00,22.259857,12.477295,188.84286,99130.58,3.570006e-05,3.2742171
2017-05-17 12:00:00,22.657196,6.880615,356.1295,99013.85,0.0,1.2763307
2017-05-18 12:00:00,28.174957,12.3828125,332.16397,98833.78,3.7857365e-07,1.14047
2017-05-19 12:00:00,28.290527,15.002045,246.67703,99255.375,1.4813752e-07,2.550708
2017-05-20 12:00:00,27.306366,17.427307,122.61814,99090.68,1.3788757e-05,2.987714
2017-05-21 12:00:00,22.362152,16.290619,230.57991,99180.35,1.0454234e-05,1.9117383
2017-05-22 12:00:00,21.29477,12.182861,115.56522,99535.07,8.62613e-05,2.0915403
2017-05-23 12:00:00,25.19577,11.711395,326.29425,100051.766,3.4084571e-06,1.1986226
2017-05-24 12:00:00,27.491547,17.6055,293.91162,100011.4,1.4610314e-06,1.2436098
2017-05-25 12:00:00,30.492554,19.405487,310.3692,99994.54,3.6205563e-07,1.8168303
2017-05-26 12:00:00,31.898132,18.31427,350.88373,100026.02,0.0,1.5636017
2017-05-27 12:00:00,34.59375,18.952332,340.95667,99832.42,0.0,2.132083
2017-05-28 12:00:00,34.48065,22.100006,326.76343,99564.766,0.0,3.101578
2017-05-29 12:00:00,33.684113,20.168762,309.00198,99702.875,0.00012213839,2.0815606
2017-05-30 12:00:00,34.410492,21.088074,323.68185,100070.18,1.23170985e-05,2.4919486
2017-05-31 12:00:00,34.119446,22.093567,334.1232,100221.19,0.0,3.170679
2017-06-01 12:00:00,34.190704,22.670166,329.35367,100022.07,0.0,2.9668624
2017-06-02 12:00:00,32.444122,19.537903,120.24677,100132.766,6.5833476e-05,1.5113903
2017-06-03 12:00:00,28.815948,13.062897,326.26013,100490.09,0.0,2.121009
2017-06-04 12:00:00,30.1539,14.677124,354.05414,100396.234,0.0,2.1291099
2017-06-05 12:00:00,32.9588,18.639618,336.84268,100087.62,2.6810179e-09,1.0560031
2017-06-06 12:00:00,35.681885,20.530182,299.73404,99758.82,0.00010532621,2.7310345
2017-06-07 12:00:00,26.663177,19.35141,357.95132,100102.8,8.364053e-06,4.0451097
2017-06-08 12:00:00,28.471771,12.938629,347.7966,100379.15,0.0,2.2742443
2017-06-09 12:00:00,29.578033,14.970306,342.48047,100294.266,0.0,2.2303376
2017-06-10 12:00:00,32.993683,14.861694,352.3437,99832.914,0.0,1.5217103
2017-06-11 12:00:00,35.19037,21.261536,337.71182,99325.38,0.0,3.2531643
2017-06-12 12:00:00,33.592285,22.683868,241.31714,99491.13,7.578741e-05,2.865445
2017-06-13 12:00:00,34.271545,24.274933,262.36313,99802.41,8.818111e-05,1.8704039
2017-06-14 12:00:00,36.187225,25.652466,318.82315,99894.96,0.0,2.3294919
2017-06-15 12:00:00,37.375397,26.279694,343.80066,99698.805,0.0,2.889269
2017-06-16 12:00:00,36.83191,23.85028,326.8292,99713.23,7.2462008e-06,1.9748585
2017-06-17 12:00:00,34.382965,21.955353,328.55225,99807.21,1.5165671e-05,1.0845793
2017-06-18 12:00:00,33.623383,21.677124,244.48492,99898.32,4.8357426e-05,1.8651807
2017-06-19 12:00:00,32.00711,21.727081,300.291,100096.02,1.6762989e-06,2.1857958
2017-06-20 12:00:00,34.41269,19.183502,311.2619,100087.445,2.977993e-05,1.2471317
2017-06-21 12:00:00,32.839447,21.804688,233.93823,99925.5,4.6805646e-05,1.2866919
2017-06-22 12:00:00,35.967133,21.060791,327.5762,99843.57,3.7273998e-07,0.4227219
2017-06-23 12:00:00,38.354156,26.596375,334.21188,99411.086,3.0830277e-05,2.0133402
2017-06-24 12:00:00,35.059174,20.34378,305.77087,99418.26,8.433965e-05,0.73176444
2017-06-25 12:00:00,37.405853,26.691437,255.34529,99103.12,0.0,2.3881004
2017-06-26 12:00:00,36.532257,26.711792,279.14575,99121.18,6.056021e-05,2.359624
2017-06-27 12:00:00,29.536438,22.291565,150.24738,99612.22,0.0003122571,1.0529535
2017-06-28 12:00:00,30.91919,22.205383,253.26486,99631.08,7.832734e-05,1.6259193
2017-06-29 12:00:00,37.2045,23.37439,339.18436,99355.14,1.2929842e-06,3.0827768
2017-06-30 12:00:00,38.055695,28.132751,343.18835,99363.76,0.0,3.3196964
2017-07-01 12:00:00,35.904236,21.107635,184.7258,99835.984,4.2885677e-06,2.7095928
2017-07-02 12:00:00,31.121948,17.367523,352.26978,100061.28,0.0,1.3205729
2017-07-03 12:00:00,33.276733,18.001343,343.2735,99712.63,0.0,1.7392098
2017-07-04 12:00:00,32.205597,19.79776,118.381065,99762.39,0.00011436378,1.6355281
2017-07-05 12:00:00,35.802734,23.55075,288.1388,99932.27,5.027464e-05,1.4552169
2017-07-06 12:00:00,36.466583,22.56128,299.9199,100243.48,0.0,1.7282946
2017-07-07 12:00:00,36.869873,25.240356,340.66608,100344.0,0.0,2.6334321
2017-07-08 12:00:00,37.522125,25.54184,343.43304,100416.164,0.0,2.880033
2017-07-09 12:00:00,38.843994,25.664948,342.6014,100448.83,0.0,2.3797505
2017-07-10 12:00:00,39.939728,25.414825,342.50858,100438.555,0.0,1.6075009
2017-07-11 12:00:00,40.419617,25.417114,291.65527,100389.945,4.2595628e-05,0.46082792
2017-07-12 12:00:00,39.51654,24.965912,302.53998,100214.77,5.506671e-05,0.82195604
2017-07-13 12:00:00,38.886963,23.678955,329.55212,99799.15,1.1406542e-05,1.0631046
2017-07-14 12:00:00,37.994995,27.007355,337.9402,99544.9,0.0,2.8198934
2017-07-15 12:00:00,40.523376,26.033173,309.5312,99413.64,2.6409863e-05,2.1918569
2017-07-16 12:00:00,33.709106,22.159515,212.33098,99374.836,0.00017781137,1.5735662
2017-07-17 12:00:00,34.630646,24.505432,281.9419,99353.984,1.1361881e-05,1.7331053
2017-07-18 12:00:00,31.76651,22.089447,179.92319,100025.21,4.130554e-06,3.33233
2017-07-19 12:00:00,28.972473,16.935242,338.67624,100701.03,1.4878096e-06,2.5581286
2017-07-20 12:00:00,30.765839,16.597229,348.04343,100616.19,0.0,2.2676897
2017-07-21 12:00:00,30.790405,17.886047,227.32295,100301.71,0.0,1.5838624
2017-07-22 12:00:00,28.868195,19.406097,116.44104,100000.85,4.0484247e-05,1.8433869
2017-07-23 12:00:00,32.448395,17.570679,337.40796,99813.27,0.0,1.4159466
2017-07-24 12:00:00,37.82437,23.016449,333.8702,99909.23,0.0,3.181229
2017-07-25 12:00:00,39.21289,26.371796,241.6709,100121.18,0.0,2.4302104
2017-07-26 12:00:00,40.328156,23.628906,302.95407,100201.914,4.006021e-05,1.3840172
2017-07-27 12:00:00,39.391632,24.270905,291.08633,100130.41,7.3015355e-05,1.3787653
2017-07-28 12:00:00,38.897675,22.59314,321.34827,100024.88,4.4000942e-07,0.98961383
2017-07-29 12:00:00,40.28784,22.91333,317.56107,99949.07,3.3208722e-05,1.1057171
2017-07-30 12:00:00,39.56314,27.179504,308.56085,100222.836,0.0,2.3459153
2017-07-31 12:00:00,38.66516,27.283325,321.55838,100554.23,0.0,2.3575678
2017-08-01 12:00:00,38.516693,27.000183,321.595,100518.89,0.0,2.3226182
2017-08-02 12:00:00,38.10263,27.43573,291.17468,100166.87,1.0228295e-05,2.351398
2017-08-03 12:00:00,37.122833,24.968048,225.33023,99845.195,0.00013511149,0.9680755
2017-08-04 12:00:00,36.523865,23.045502,309.65234,99824.41,2.7493239e-05,0.99034536
2017-08-05 12:00:00,39.73639,24.58725,300.25336,99651.125,5.398851e-05,0.94391775
2017-08-06 12:00:00,35.80539,24.09436,296.44824,99632.98,5.5668323e-07,1.179456
2017-08-07 12:00:00,38.38858,24.161682,297.13333,99583.37,8.415061e-09,1.1941437
2017-08-08 12:00:00,37.775177,23.904266,208.19786,99689.89,5.2719195e-05,1.6737229
2017-08-09 12:00:00,36.520782,23.233734,295.94043,99570.984,3.251609e-05,1.5782878
2017-08-10 12:00:00,35.13791,22.333344,272.82086,99486.98,3.8156508e-05,1.358726
2017-08-11 12:00:00,36.248535,27.016418,243.5644,99599.664,0.0,2.0482671
2017-08-12 12:00:00,37.363647,25.383575,276.09732,99832.484,0.0,1.8135442
2017-08-13 12:00:00,37.221466,27.244019,228.28763,99760.13,1.1880996e-05,1.9848341
2017-08-14 12:00:00,39.615448,26.970184,264.54745,99571.37,8.632074e-06,2.0663967
2017-08-15 12:00:00,39.38742,28.834106,278.60904,99537.78,6.9768853e-06,2.7635233
2017-08-16 12:00:00,38.6893,29.032623,291.88882,99640.7,0.0,2.432085
2017-08-17 12:00:00,37.071198,25.61673,210.99776,99798.81,3.9069757e-05,2.0812178
2017-08-18 12:00:00,37.573486,25.422821,245.57632,99701.24,4.594182e-05,0.9345743
2017-08-19 12:00:00,36.708282,24.06662,285.1888,99634.37,0.0,1.6914251
2017-08-20 12:00:00,35.21039,25.155914,250.56987,99719.08,0.0,2.8587658
2017-08-21 12:00:00,33.792816,23.73996,257.38138,99820.59,2.8394727e-09,2.2651103
2017-08-22 12:00:00,35.81653,26.694061,234.55086,99765.914,2.3995147e-08,1.54579
2017-08-23 12:00:00,37.35504,25.501587,263.32837,99603.28,0.0,1.2802758
2017-08-24 12:00:00,35.556396,26.079132,217.985,99570.63,1.5754966e-07,2.2407224
2017-08-25 12:00:00,35.17874,18.377136,301.3407,99745.125,0.0,2.068266
2017-08-26 12:00:00,36.6044,19.322876,296.97498,99796.375,0.0,1.7820837
2017-08-27 12:00:00,39.344208,19.867126,293.86578,99614.88,0.0,1.0393586
2017-08-28 12:00:00,39.86447,23.416534,262.9512,99604.09,0.0,1.2333272
2017-08-29 12:00:00,40.032837,27.257935,267.02545,99727.984,1.2879633e-06,1.3410747
2017-08-30 12:00:00,39.201965,22.438324,253.26392,99827.94,4.812367e-05,1.0166035
2017-08-31 12:00:00,37.57602,23.722412,220.13264,99858.234,6.3573344e-07,1.8929746
2017-09-01 12:00:00,37.703003,25.779968,253.00356,100229.04,0.0,2.480491
2017-09-02 12:00:00,37.063446,25.578003,264.2876,100515.59,0.0,2.586182
2017-09-03 12:00:00,37.359833,26.880585,259.47507,100313.15,0.0,2.0756261
2017-09-04 12:00:00,37.370697,27.208435,235.0796,100094.02,1.8610446e-05,1.6099757
2017-09-05 12:00:00,34.60553,22.888,184.82158,100058.79,0.00016903091,1.2954788
2017-09-06 12:00:00,31.614014,23.659637,212.99295,100288.77,7.133293e-10,2.7466373
2017-09-07 12:00:00,28.041138,17.013123,277.08218,100490.195,0.0,2.379178
2017-09-08 12:00:00,30.105743,14.964996,260.53357,100159.94,0.0,1.7798833
2017-09-09 12:00:00,35.78247,19.264801,177.67978,99862.914,0.0,1.7226702
2017-09-10 12:00:00,38.08841,24.075989,223.09602,99765.04,2.8845875e-06,2.1604824
2017-09-11 12:00:00,36.9075,29.332214,217.2391,99392.8,0.0,3.75225
2017-09-12 12:00:00,34.32422,22.303406,148.32375,99522.984,1.7567769e-05,2.5769548
2017-09-13 12:00:00,30.603027,15.980438,258.43683,99988.555,0.0,1.4742581
2017-09-14 12:00:00,30.881195,17.785217,258.59167,100383.47,0.0,2.194635
2017-09-15 12:00:00,29.947601,18.382416,254.1893,100839.6,0.0,2.6745021
2017-09-16 12:00:00,31.148743,14.608917,254.19145,100944.19,0.0,2.0393672
2017-09-17 12:00:00,34.0502,16.51941,252.84425,100665.18,0.0,1.2515329
2017-09-18 12:00:00,36.33618,18.106995,248.83466,100221.28,0.0,1.2018548
2017-09-19 12:00:00,37.42755,21.221008,249.59079,99620.01,0.0,1.27299
2017-09-20 12:00:00,31.770508,22.740387,218.8428,99517.4,0.0,1.8671618
2017-09-21 12:00:00,28.650726,14.178986,252.93016,100050.34,0.0,2.5366201
2017-09-22 12:00:00,26.905304,12.45694,245.39825,100476.055,0.0,2.5448866
2017-09-23 12:00:00,27.999939,12.414642,242.25734,100772.35,0.0,1.9855549
2017-09-24 12:00:00,30.055145,12.912689,241.19684,100685.16,0.0,1.3798205
2017-09-25 12:00:00,34.64868,16.6604,184.35553,100218.58,9.52124e-07,1.0692508
2017-09-26 12:00:00,30.5878,15.688232,213.50403,100533.42,2.1211448e-05,2.9708076
2017-09-27 12:00:00,25.146606,12.248596,237.38115,100624.41,0.0,1.9626348
2017-09-28 12:00:00,30.67273,14.171082,186.48416,100216.8,0.0,2.2967129
2017-09-29 12:00:00,35.73697,20.206848,203.34239,99898.23,0.0,2.4496918
2017-09-30 12:00:00,35.472107,19.877655,209.54063,99857.64,0.0,2.1578088
2017-10-01 12:00:00,30.423096,18.262634,227.71866,100112.18,0.0,3.5306325
2017-10-02 12:00:00,24.518951,11.569916,228.45512,100564.414,0.0,2.2596688
2017-10-03 12:00:00,26.328583,8.797577,229.44052,100555.12,0.0,1.4433753
2017-10-04 12:00:00,28.677338,10.127838,220.58482,100509.24,0.0,1.2818661
2017-10-05 12:00:00,30.436249,13.376648,215.60754,100225.48,0.0,0.9030101
2017-10-06 12:00:00,32.863007,13.278687,211.84749,100047.56,0.0,0.791203
2017-10-07 12:00:00,34.28949,14.439392,212.4525,100106.35,0.0,0.73566383
2017-10-08 12:00:00,35.152344,17.779022,207.27779,99750.99,0.0,2.0337265
2017-10-09 12:00:00,30.923584,15.713409,207.43513,99775.04,0.0,1.9474857
2017-10-10 12:00:00,31.756317,10.996735,204.66719,99849.05,0.0,1.7988665
2017-10-11 12:00:00,27.388367,20.304108,127.54628,100105.81,0.0,0.95139647
2017-10-12 12:00:00,26.368225,11.191193,206.25983,100437.945,0.0,1.8558216
2017-10-13 12:00:00,23.537903,8.474152,202.67482,100788.266,0.0,1.9640713
2017-10-14 12:00:00,24.736267,6.7313538,201.49004,100867.53,0.0,1.8235823
2017-10-15 12:00:00,27.89212,8.871765,192.42754,100499.59,0.0,1.0349572
2017-10-16 12:00:00,24.222076,9.625366,197.23271,100812.11,0.0,2.8546748
2017-10-17 12:00:00,21.562439,4.3036804,198.21347,100747.2,0.0,1.4268662
2017-10-18 12:00:00,24.68222,5.0992737,188.13582,100370.02,0.0,1.6164521
2017-10-19 12:00:00,27.54181,7.066345,189.75291,100218.75,0.0,1.6778557
2017-10-20 12:00:00,27.526611,7.716614,188.53224,100180.19,0.0,1.3311607
2017-10-21 12:00:00,17.909027,9.888977,119.8097,100009.086,4.551777e-06,1.1295215
2017-10-22 12:00:00,18.32486,2.394226,186.16629,100205.77,0.0,1.4606646
2017-10-23 12:00:00,20.98819,7.7289734,113.79209,99838.57,0.0,2.908874
2017-10-24 12:00:00,19.281097,7.7669373,54.7615,98934.01,9.8469594e-05,3.321647
2017-10-25 12:00:00,16.126465,7.229065,176.8167,99504.24,2.5179937e-05,5.6929355
2017-10-26 12:00:00,20.216583,2.9688416,172.78438,100696.83,0.0,0.68400353
2017-10-27 12:00:00,21.456268,7.9556274,131.92166,101017.94,0.0,1.6443137
2017-10-28 12:00:00,20.651123,6.566925,159.83647,100471.86,0.0,2.5216348
2017-10-29 12:00:00,17.900635,10.052216,29.753443,99391.92,0.00020817948,3.2022643
2017-10-30 12:00:00,11.258453,9.486694,43.652985,100132.5,4.229417e-05,3.9380796
2017-10-31 12:00:00,14.744629,7.2367554,164.59595,100737.055,3.557468e-06,2.8784842
2017-11-01 12:00:00,14.751099,2.8995972,162.90865,100689.984,0.0,1.5820142
2017-11-02 12:00:00,17.165466,2.3049927,161.63773,100631.4,0.0,0.34246683
2017-11-03 12:00:00,17.640137,3.8609009,158.24828,100633.7,0.0,1.5052314
2017-11-04 12:00:00,17.371704,5.5744324,94.90576,100521.45,0.0,1.2614127
2017-11-05 12:00:00,21.163086,6.1264954,152.58398,100548.695,0.0,1.3019885
2017-11-06 12:00:00,21.8685,8.51944,153.45901,100420.39,0.0,2.7975492
2017-11-07 12:00:00,20.53479,8.422272,147.49268,100337.195,0.0,2.7509608
2017-11-08 12:00:00,18.974792,10.874817,73.72847,100302.81,0.0,1.9037048
2017-11-09 12:00:00,18.697205,14.049438,17.528227,99608.734,0.00028429678,3.7952633
2017-11-10 12:00:00,21.379242,14.686768,126.08524,99349.086,6.917886e-05,2.960079
2017-11-11 12:00:00,22.677094,15.0868225,141.47159,99893.39,3.1488527e-09,3.5225194
2017-11-12 12:00:00,19.67514,10.196228,139.64362,100244.41,0.0001851633,2.5897589
2017-11-13 12:00:00,11.314117,2.7496033,142.36208,100724.88,0.0,1.7677788
2017-11-14 12:00:00,12.391602,2.4144592,139.49043,100799.0,0.0,1.0965092
2017-11-15 12:00:00,9.32605,-0.9579773,143.77904,101353.58,0.0,2.4128172
2017-11-16 12:00:00,8.577484,-1.2023315,140.3334,101181.02,6.5089054e-08,1.9715676
2017-11-17 12:00:00,8.774414,-2.0447693,130.46185,101168.2,2.1655378e-06,1.1834472
2017-11-18 12:00:00,13.982391,2.4127502,127.88945,100277.87,0.0,3.4844558
2017-11-19 12:00:00,13.357819,8.065857,35.07255,99915.45,0.00018107443,3.238969
2017-11-20 12:00:00,12.038513,3.4021606,136.50488,100424.086,5.659225e-05,3.3804903
2017-11-21 12:00:00,7.7413025,-0.074035645,73.03193,99685.3,4.1638295e-06,1.6487944
2017-11-22 12:00:00,6.7025757,3.1905212,50.67055,99315.125,1.18351945e-05,1.8864509
2017-11-23 12:00:00,4.0317993,-0.13070679,108.74929,100001.98,3.27322e-05,3.7775738
2017-11-24 12:00:00,11.366577,-7.000519,129.5902,100042.78,2.9060645e-06,2.4936244
2017-11-25 12:00:00,14.898285,6.573578,126.524414,99877.4,0.0,3.0523684
2017-11-26 12:00:00,15.368469,1.0470581,49.92376,99040.695,1.8173256e-05,2.9843228
2017-11-27 12:00:00,15.409546,-3.9157715,92.47595,99452.6,4.448487e-06,3.9299927
2017-11-28 12:00:00,1.8454285,-3.085785,72.88168,99415.33,5.727399e-06,1.6529609
2017-11-29 12:00:00,1.5551758,-7.0698853,50.57138,99176.99,3.6928926e-05,1.2465689
2017-11-30 12:00:00,0.31402588,-2.8858337,81.62382,99553.54,0.000119405755,2.236916
2017-12-01 12:00:00,-1.1890869,-9.336548,124.04117,100665.7,7.5656715e-07,1.6739957
2017-12-02 12:00:00,8.670258,-4.0452576,114.36089,99811.125,3.5403826e-08,3.7961788
2017-12-03 12:00:00,14.857147,8.713898,37.79283,99001.125,9.872879e-05,5.9292216
2017-12-04 12:00:00,15.031677,-3.0221863,61.228764,99562.95,0.00022902038,3.7161732
2017-12-05 12:00:00,-2.149475,-7.705597,90.72276,100745.57,3.5005714e-06,3.243581
2017-12-06 12:00:00,4.10083,-9.361572,80.41321,100797.03,1.0458152e-06,2.1046875
2017-12-07 12:00:00,5.32843,-8.629608,107.26926,100898.33,1.5561801e-07,2.4490817
2017-12-08 12:00:00,7.535675,-3.0835876,66.515434,100077.31,4.6811515e-06,1.947773
2017-12-09 12:00:00,1.5291138,-13.788666,54.651707,100167.914,2.2423574e-05,1.0358505
2017-12-10 12:00:00,2.2732544,-9.520355,112.39081,100151.7,9.560046e-08,1.284238
2017-12-11 12:00:00,10.60022,-2.8176575,45.734318,100403.336,1.4332088e-05,2.6353393
2017-12-12 12:00:00,14.062744,6.1263733,46.069244,99740.6,5.4465298e-05,3.475327
2017-12-13 12:00:00,12.703888,4.6480713,64.85373,98813.03,0.000102617625,2.260105
2017-12-14 12:00:00,7.847473,1.6535339,13.030627,98545.59,0.0004582482,4.4283757
2017-12-15 12:00:00,4.87973,1.1078796,74.71559,98675.15,0.00011765812,5.072084
2017-12-16 12:00:00,4.272705,-5.640106,68.74681,100121.65,3.3548426e-06,0.07524254
2017-12-17 12:00:00,7.579773,1.8119202,68.51682,99445.38,0.00015657193,0.7885199
2017-12-18 12:00:00,3.6908264,-4.8259277,90.34061,99818.305,8.911472e-07,1.5432676
2017-12-19 12:00:00,4.3074036,-4.1980896,60.935097,99920.62,1.20109e-05,0.2705242
2017-12-20 12:00:00,0.90216064,-6.33374,102.09349,100448.055,2.385137e-06,2.2901938
2017-12-21 12:00:00,6.9594116,-9.781189,100.17445,100457.41,1.0772932e-06,1.3077985
2017-12-22 12:00:00,7.933258,-0.0028076172,48.262936,99382.59,7.3542847e-06,3.1151514
2017-12-23 12:00:00,9.737122,1.8770447,49.618393,97900.83,0.00015174809,2.9234383
2017-12-24 12:00:00,10.051453,-0.8109741,72.536026,98293.11,1.3730787e-05,2.7064853
2017-12-25 12:00:00,12.934509,4.4450073,112.41153,98365.46,7.502466e-06,3.7778304
2017-12-26 12:00:00,4.357788,-4.098419,116.58697,100409.65,0.0,3.3682442
2017-12-27 12:00:00,-1.7808838,-7.1609497,58.136845,100917.07,3.491142e-10,2.1794834
2017-12-28 12:00:00,-1.5725403,-6.432556,106.65322,100144.805,2.0650137e-07,4.576927
2017-12-29 12:00:00,-1.8608093,-6.9005737,102.31523,99800.82,7.5657575e-10,3.6396606
2017-12-30 12:00:00,-0.3965454,-7.941101,118.49878,99780.41,0.0,3.5738428
2017-12-31 12:00:00,4.310608,-5.0831604,51.98492,98980.984,1.5260093e-05,2.0709605
2018-01-01 12:00:00,1.89505,-4.7530212,116.483376,99630.76,6.897522e-05,4.2373166
2018-01-02 12:00:00,-2.851654,-13.7395935,115.28088,101075.22,0.0,1.0235027
2018-01-03 12:00:00,-0.30014038,-7.19928,51.787212,101277.4,4.4152625e-06,2.3977747
2018-01-04 12:00:00,0.06375122,-3.5142822,48.144016,100963.67,1.7947648e-06,3.1171536
2018-01-05 12:00:00,3.8255005,-7.610443,116.50044,100838.484,4.0469175e-09,2.8542793
2018-01-06 12:00:00,2.292389,-9.351471,115.3906,100663.61,4.5481943e-07,2.5695202
2018-01-07 12:00:00,3.8536072,-5.6519165,57.45985,100585.15,0.0,2.3619995
2018-01-08 12:00:00,4.6667175,-9.444031,103.37307,100767.445,1.0994099e-06,1.3834931
2018-01-09 12:00:00,6.7164,-4.809723,111.07634,100431.16,8.948531e-08,1.4459342
2018-01-10 12:00:00,9.154358,-6.194336,116.832184,99885.54,9.197699e-08,2.0418627
2018-01-11 12:00:00,5.4450073,-3.8448792,92.38956,99351.27,1.3058315e-06,0.28005803
2018-01-12 12:00:00,6.695587,0.5940857,72.70579,99684.31,3.6224217e-06,2.103816
2018-01-13 12:00:00,5.390808,-4.9361877,75.86668,100131.33,3.9648228e-07,1.4156457
2018-01-14 12:00:00,6.380493,-5.0403137,117.665726,99997.64,2.2670063e-06,1.6555556
2018-01-15 12:00:00,7.1155396,-5.5024414,119.68717,99744.27,1.6483424e-06,0.63922894
2018-01-16 12:00:00,10.269714,-4.7422485,121.3768,99521.15,8.488115e-07,1.3393455
2018-01-17 12:00:00,13.541931,-0.7350769,110.11907,98993.516,6.6524194e-07,2.749167
2018-01-18 12:00:00,11.211334,-0.6317444,132.08,99438.94,6.98416e-07,3.0860064
2018-01-19 12:00:00,4.754486,-6.35141,116.0272,100119.55,7.261258e-08,1.732818
2018-01-20 12:00:00,5.939209,-6.084442,131.65202,100069.45,2.2575424e-08,2.141165
2018-01-21 12:00:00,5.190857,-5.1179504,108.32736,99693.88,1.1341125e-06,2.397068
2018-01-22 12:00:00,3.2680664,0.20968628,30.408987,99216.03,7.1942064e-05,2.6457176
2018-01-23 12:00:00,0.24679565,-0.7037964,42.358746,99494.52,6.204524e-05,4.5859222
2018-01-24 12:00:00,0.07128906,-2.0814514,102.20128,100061.61,1.3309929e-05,4.2083473
2018-01-25 12:00:00,0.45162964,-9.848846,134.71117,100097.67,1.2398464e-06,1.5233124
2018-01-26 12:00:00,4.6523438,-7.9741516,87.941055,99807.57,1.0515702e-06,2.3189783
2018-01-27 12:00:00,9.496918,0.14300537,92.94228,99764.42,1.920574e-05,2.294685
2018-01-28 12:00:00,6.972168,0.9393921,58.06747,100038.31,2.3129109e-05,1.2089369
2018-01-29 12:00:00,5.033844,1.0010681,30.438927,99888.04,0.00018840496,3.5365915
2018-01-30 12:00:00,8.361694,2.1568909,53.93915,98378.914,0.00017511878,0.6047634
2018-01-31 12:00:00,2.0623474,0.38528442,37.968914,98461.08,5.702138e-05,4.6628404
2018-02-01 12:00:00,0.4883423,-0.7427368,45.431595,99303.29,1.7806096e-05,4.243697
2018-02-02 12:00:00,0.010314941,-3.2113037,70.8333,99621.97,5.626487e-06,2.2541602
2018-02-03 12:00:00,-1.270752,-5.333496,118.753395,99926.375,2.9362427e-06,1.9688104
2018-02-04 12:00:00,-3.8553162,-12.527527,131.50284,100410.23,1.1519024e-06,1.664897
2018-02-05 12:00:00,0.07992554,-12.405579,160.44707,100150.95,6.1162325e-07,1.7406168
2018-02-06 12:00:00,3.8619995,-12.162842,148.78719,100335.516,5.2372275e-07,0.39664003
2018-02-07 12:00:00,7.37973,-4.6870117,122.34505,100724.414,0.0,1.7144322
2018-02-08 12:00:00,2.902649,-1.9359131,41.988987,100146.664,5.3288833e-05,3.07693
2018-02-09 12:00:00,2.2391663,0.14926147,51.994156,99654.04,6.942686e-05,2.7711017
2018-02-10 12:00:00,5.146759,0.1505127,92.54709,100410.586,1.1855199e-05,2.621488
2018-02-11 12:00:00,7.791443,-6.549286,165.6156,101075.8,1.8313482e-09,1.9300787
2018-02-12 12:00:00,6.8643494,-8.468292,142.93015,100809.33,7.441135e-08,1.9880892
2018-02-13 12:00:00,7.097595,-0.50582886,96.18091,100375.04,0.0,2.8632712
2018-02-14 12:00:00,11.968536,-2.8596802,178.72246,100451.33,0.0,2.0330713
2018-02-15 12:00:00,12.913757,-1.2831116,125.6673,100152.266,0.0,0.9249912
2018-02-16 12:00:00,13.722565,-3.206665,153.52582,99934.234,3.5198095e-08,0.31205937
2018-02-17 12:00:00,7.752014,-4.099701,103.433556,100958.32,3.9852875e-06,4.4321856
2018-02-18 12:00:00,5.264679,-4.062561,178.38123,100689.84,2.4711032e-06,3.7892785
2018-02-19 12:00:00,5.2752075,-0.58987427,82.192184,99532.51,5.5515798e-06,3.6722927
2018-02-20 12:00:00,5.049469,-0.5024719,80.709114,99110.5,5.2894775e-06,2.9378018
2018-02-21 12:00:00,7.072876,0.36798096,97.403145,99244.11,1.5633132e-05,2.6174479
2018-02-22 12:00:00,12.368164,-4.5769653,187.83665,99523.72,8.364013e-06,2.797608
2018-02-23 12:00:00,6.111206,-3.2259827,164.63747,99645.43,1.2595727e-06,3.124076
2018-02-24 12:00:00,7.7186584,-7.536499,187.4157,100394.266,2.1565229e-07,1.1848953
2018-02-25 12:00:00,8.694397,-0.15237427,58.97314,99828.64,4.8514034e-05,2.4686682
2018-02-26 12:00:00,7.2636414,0.086120605,121.17319,99503.18,5.061671e-05,2.7237127
2018-02-27 12:00:00,1.8590088,-10.902557,203.13591,100467.98,9.407561e-08,2.1137125
2018-02-28 12:00:00,9.526123,-7.108795,185.88382,100260.77,7.6346265e-07,2.8538783
2018-03-01 12:00:00,14.812836,-3.4293823,205.26553,100292.6,0.0,2.2220385
2018-03-02 12:00:00,12.2612,-1.0295105,103.10101,100678.8,7.793566e-08,0.9912921
2018-03-03 12:00:00,8.681915,0.06719971,156.29207,100904.164,9.282361e-06,2.989425
2018-03-04 12:00:00,9.26712,-6.626404,217.01501,100872.98,5.4635404e-07,1.4534291
2018-03-05 12:00:00,14.936371,-0.2574463,145.52412,100324.87,1.18580665e-07,0.55953395
2018-03-06 12:00:00,17.655945,3.9712524,201.54199,100282.125,0.0,2.0007484
2018-03-07 12:00:00,17.976746,6.840088,216.18864,99957.836,0.0,3.6894515
2018-03-08 12:00:00,20.660828,9.247772,160.09917,99893.836,0.0,2.60149
2018-03-09 12:00:00,17.763763,8.109772,128.97758,99985.39,7.858903e-07,1.3554306
2018-03-10 12:00:00,12.270691,6.504303,71.07098,100252.93,5.644251e-05,1.5175214
2018-03-11 12:00:00,10.641052,6.542755,94.90519,100522.305,3.0413075e-05,1.5576115
2018-03-12 12:00:00,9.13858,6.2852173,35.205227,100530.484,0.00014011683,3.0042615
2018-03-13 12:00:00,11.238342,8.081848,35.69452,99453.195,0.00050031894,2.8107545
2018-03-14 12:00:00,12.223602,4.525116,117.58438,99622.695,2.6888454e-05,4.1915617
2018-03-15 12:00:00,13.934418,2.2481995,240.60925,100156.49,0.0,2.7767205
2018-03-16 12:00:00,13.526794,1.2268066,184.60194,100853.31,0.0,1.4204692
2018-03-17 12:00:00,13.936279,2.2792664,228.70465,100841.06,0.0,1.990024
2018-03-18 12:00:00,15.815674,4.0358887,199.81606,100293.766,0.0,2.6016848
2018-03-19 12:00:00,15.674347,7.5755005,125.24557,99563.625,4.596341e-06,2.6861079
2018-03-20 12:00:00,14.139801,4.2970276,73.23095,99695.2,0.00014216041,3.3350935
2018-03-21 12:00:00,10.714752,-2.4898376,257.07068,100671.01,6.9149547e-10,1.8483553
2018-03-22 12:00:00,14.742493,0.36105347,213.54333,100475.914,0.0,1.8973771
2018-03-23 12:00:00,17.027405,6.040344,146.02226,100244.93,8.211241e-06,2.780315
2018-03-24 12:00:00,17.72351,10.460785,128.1286,100524.98,7.0938377e-06,3.2624588
2018-03-25 12:00:00,17.049316,10.197754,101.965004,100562.53,2.7856251e-05,2.1110322
2018-03-26 12:00:00,14.497101,10.94696,49.45052,99854.31,7.915048e-05,2.6869776
2018-03-27 12:00:00,16.683777,12.1427,155.39703,99238.77,0.00023679268,2.2045586
2018-03-28 12:00:00,15.475616,11.812439,178.85394,99455.12,1.3327544e-05,2.6877687
2018-03-29 12:00:00,15.937164,1.8901978,259.99652,99550.65,2.2454424e-05,1.8762789
2018-03-30 12:00:00,10.78302,4.631256,136.16699,100140.09,1.483352e-05,3.625562
2018-03-31 12:00:00,13.348633,-1.7483826,269.84244,100368.695,2.5973114e-07,0.82200617
2018-04-01 12:00:00,22.550476,4.941101,276.15665,99713.125,0.0,2.8181136
2018-04-02 12:00:00,22.154846,7.5646973,269.2198,99237.97,0.0,2.557171
2018-04-03 12:00:00,20.910889,11.346405,185.99492,98927.57,4.2969015e-05,2.6445756
2018-04-04 12:00:00,19.400818,15.714203,57.08166,98504.266,0.000113407805,3.9154813
2018-04-05 12:00:00,16.931213,9.146576,42.40938,98952.445,0.00023982921,1.3298914
2018-04-06 12:00:00,13.939362,6.1262207,232.46638,100478.67,3.809082e-06,2.6610615
2018-04-07 12:00:00,14.4599,1.5126953,296.72342,100713.28,0.0,2.8011847
2018-04-08 12:00:00,19.147614,2.3569336,294.7563,100527.17,0.0,2.355545
2018-04-09 12:00:00,21.88797,5.0541687,292.1378,100260.65,0.0,1.2680651
2018-04-10 12:00:00,24.28897,6.8950806,296.09167,99935.914,0.0,1.9954108
2018-04-11 12:00:00,26.605011,11.880188,236.63087,99536.53,0.0,3.295656
2018-04-12 12:00:00,27.062744,16.854858,247.2649,99551.086,0.0,3.770458
2018-04-13 12:00:00,26.53366,16.419098,245.96245,99689.03,0.0,3.7030692
2018-04-14 12:00:00,23.77475,14.807922,106.63578,99770.95,3.821619e-05,2.251162
2018-04-15 12:00:00,20.235382,10.024231,258.91885,100351.445,0.0,1.5663831
2018-04-16 12:00:00,17.58429,10.419495,77.118286,100393.7,5.5601286e-05,2.4813595
2018-04-17 12:00:00,17.45819,12.607361,76.87497,99831.1,0.00053123856,1.0433643
2018-04-18 12:00:00,18.850372,14.228973,132.94879,99550.61,0.0001309345,1.7106332
2018-04-19 12:00:00,14.717255,8.013336,74.896065,100126.734,5.5992863e-05,2.5691829
2018-04-20 12:00:00,14.120941,3.2444763,322.5496,100855.54,6.828668e-07,3.2717297
2018-04-21 12:00:00,18.612152,1.7470398,321.98077,100449.96,0.0,0.56815225
2018-04-22 12:00:00,24.840942,7.649292,312.25955,99673.516,0.0,2.888641
2018-04-23 12:00:00,26.159576,12.843903,311.44504,99109.42,0.0,3.6460333
2018-04-24 12:00:00,26.672455,18.913788,234.46326,99195.02,0.0,1.7665917
2018-04-25 12:00:00,20.213776,5.3323364,70.44379,100028.56,0.00018868178,4.0719514
2018-04-26 12:00:00,15.616791,4.501831,298.62558,99997.64,4.894147e-05,3.0713356
2018-04-27 12:00:00,19.626709,4.061798,310.8182,99903.13,0.0,2.8114114
2018-04-28 12:00:00,24.17743,15.318939,176.46481,99224.3,0.0,3.1406734
2018-04-29 12:00:00,26.35254,10.554474,247.91702,99009.11,0.0,1.7253085
2018-04-30 12:00:00,27.527588,16.49762,230.9491,98980.055,0.00014752947,2.045498
2018-05-01 12:00:00,24.897858,15.238373,271.71768,99353.91,3.7798214e-05,0.7108131
2018-05-02 12:00:00,25.457886,14.565918,312.393,99702.17,5.919459e-09,1.6344016
2018-05-03 12:00:00,29.480927,14.40863,298.621,99451.79,0.0,2.0644946
2018-05-04 12:00:00,27.14154,13.8715515,135.50969,99130.32,0.00021870725,2.4515188
2018-05-05 12:00:00,18.221222,9.124634,74.18544,99729.086,3.9020375e-05,3.2739592
2018-05-06 12:00:00,20.316742,8.172668,340.10764,99958.84,1.5524757e-06,4.0666027
2018-05-07 12:00:00,24.61728,6.733185,345.97498,99754.31,0.0,1.8939043
2018-05-08 12:00:00,28.640167,9.479767,342.31818,99530.34,0.0,1.7067682
2018-05-09 12:00:00,29.925781,12.551056,337.71384,99728.586,0.0,2.133613
2018-05-10 12:00:00,30.735168,14.511169,335.8238,99973.484,0.0,0.5572431
2018-05-11 12:00:00,31.286438,15.745728,336.06592,100061.91,0.0,2.3052104
2018-05-12 12:00:00,28.36383,18.572144,275.7519,100132.18,2.6504207e-05,2.627132
2018-05-13 12:00:00,26.942871,17.359222,266.6221,99927.14,1.5787857e-05,2.2917054
2018-05-14 12:00:00,25.823456,17.797882,172.44682,99915.6,5.8447873e-05,1.8838153
2018-05-15 12:00:00,25.660706,18.191925,198.59065,99921.94,3.070428e-05,1.7181289
2018-05-16 12:00:00,28.987335,17.773712,292.77557,99507.29,5.7971583e-06,1.4164511
2018-05-17 12:00:00,29.440094,19.109558,315.86334,99210.305,2.000541e-05,2.986329
2018-05-18 12:00:00,32.200073,22.676178,303.6519,99101.17,2.0906235e-05,3.5734608
2018-05-19 12:00:00,25.720825,17.79776,267.29785,99534.76,2.0170019e-05,1.5955871
2018-05-20 12:00:00,18.463776,9.905121,286.4556,100291.234,3.3875722e-06,4.1725655
2018-05-21 12:00:00,20.217712,7.4403076,356.83408,100394.945,0.0,3.1145759
2018-05-22 12:00:00,22.6362,6.364685,359.89996,100249.56,0.0,1.8691639
2018-05-23 12:00:00,27.176697,10.558441,272.10165,99733.38,0.0,2.834002
2018-05-24 12:00:00,30.829926,20.669922,308.47134,99421.69,0.0,3.4797058
2018-05-25 12:00:00,28.657837,18.473663,237.19722,99154.47,0.00019772741,2.6255848
2018-05-26 12:00:00,26.063904,17.159698,220.30882,99567.79,9.218223e-05,1.7500733
2018-05-27 12:00:00,23.690704,16.25708,163.81926,99773.83,0.00019295843,3.20817
2018-05-28 12:00:00,16.07373,12.968384,81.71646,99200.52,0.0006042665,4.274259
2018-05-29 12:00:00,22.986847,14.680756,237.6905,99502.695,6.8165514e-06,3.313636
2018-05-30 12:00:00,29.343536,13.86319,333.19507,99510.36,0.0,0.97531873
2018-05-31 12:00:00,27.135681,16.387268,305.25296,99050.54,3.2022965e-07,1.5093317
2018-06-01 12:00:00,25.06363,15.662079,291.30276,99179.805,1.7422715e-05,2.2261012
2018-06-02 12:00:00,23.565216,11.181335,362.23227,99790.48,0.0,2.1321511
2018-06-03 12:00:00,22.675598,11.679779,144.12653,99972.24,2.4894682e-05,2.1272395
2018-06-04 12:00:00,29.139038,17.526215,205.23701,99807.1,0.00010465256,1.3003914
2018-06-05 12:00:00,33.234467,21.314941,325.04044,99871.16,6.9039636e-08,2.8394136
2018-06-06 12:00:00,31.26477,22.175446,310.04907,99968.62,0.0,3.0522385
2018-06-07 12:00:00,31.57724,22.90741,301.00186,99846.75,6.496616e-06,1.8292392
2018-06-08 12:00:00,33.685028,24.018036,341.11618,99416.805,2.0952426e-05,2.7839108
2018-06-09 12:00:00,27.394806,19.575409,348.08463,100024.22,8.7765235e-05,2.0068798
2018-06-10 12:00:00,31.900848,15.085449,357.61716,100317.79,0.0,1.4004177
2018-06-11 12:00:00,34.128235,20.396667,342.6385,99792.49,0.0,2.8470721
2018-06-12 12:00:00,35.09552,23.714233,342.53964,99777.34,0.0,3.0366864
2018-06-13 12:00:00,35.71991,21.279266,353.6909,100083.93,0.0,2.8465686
2018-06-14 12:00:00,37.062897,23.619263,337.06998,99966.4,0.0,2.6210506
2018-06-15 12:00:00,37.12021,24.218567,330.72827,99689.234,4.9879967e-05,1.9130462
2018-06-16 12:00:00,36.90204,23.275208,335.2958,99544.81,6.473174e-06,0.42509398
2018-06-17 12:00:00,35.972565,20.462372,357.796,99672.16,0.0,2.4833155
2018-06-18 12:00:00,38.684113,20.28125,344.63388,99671.336,1.6303431e-08,1.177131
2018-06-19 12:00:00,40.704285,25.041138,338.63986,99455.78,1.2871858e-05,2.0051847
2018-06-20 12:00:00,33.664215,20.227417,351.01782,99824.63,3.44324e-05,1.996414
2018-06-21 12:00:00,36.602203,20.215729,312.39255,99624.94,0.0,2.1240976
2018-06-22 12:00:00,39.03427,29.484802,219.66335,99294.13,0.0,3.0507998
2018-06-23 12:00:00,38.63553,24.31842,249.76926,99324.41,1.9198154e-05,1.1003636
2018-06-24 12:00:00,39.260223,23.210754,311.2543,99414.414,2.70926e-06,0.71154255
2018-06-25 12:00:00,39.248383,24.089996,348.68945,99482.89,2.7724107e-07,2.5491269
2018-06-26 12:00:00,37.87616,27.93805,250.90387,99555.21,0.0,3.0970669
2018-06-27 12:00:00,35.999084,22.88684,113.9221,99054.24,0.0001868235,2.5042536
2018-06-28 12:00:00,30.377594,19.589722,347.1937,99674.24,0.0,1.009849
2018-06-29 12:00:00,31.582397,19.384857,343.68298,99917.15,0.0,1.9218453
2018-06-30 12:00:00,32.655853,18.850311,300.28247,100396.2,0.0,1.1292533
2018-07-01 12:00:00,30.592865,18.300934,189.02661,100639.01,0.00012200856,2.7578568
2018-07-02 12:00:00,32.907654,20.240173,219.2485,100260.0,6.2832914e-05,3.0660608
2018-07-03 12:00:00,36.05362,24.197601,275.654,99914.43,3.3804565e-05,2.5170755
2018-07-04 12:00:00,37.012726,27.22165,309.43933,100049.97,1.15065195e-05,2.332234
2018-07-05 12:00:00,37.242493,24.682037,323.79123,100215.99,0.0,1.7569895
2018-07-06 12:00:00,37.85977,26.804047,344.82837,99994.77,0.0,2.8529217
2018-07-07 12:00:00,38.326324,27.052673,340.76447,99845.64,0.0,2.5586002
2018-07-08 12:00:00,39.190033,27.521545,342.71136,99858.445,0.0,2.6022487
2018-07-09 12:00:00,39.84195,26.136902,336.93604,99962.74,9.389977e-09,2.3975925
2018-07-10 12:00:00,38.633667,26.43338,283.1953,99990.59,6.9640104e-05,1.3117722
2018-07-11 12:00:00,38.756073,25.830963,337.86758,99796.43,2.817136e-06,1.521094
2018-07-12 12:00:00,39.564056,25.548218,322.3291,99637.76,5.2395706e-07,1.1244723
2018-07-13 12:00:00,39.927185,27.899323,276.68198,99637.2,0.0,0.5436953
2018-07-14 12:00:00,38.440277,25.790955,245.14417,99664.09,3.107363e-05,1.8449743
2018-07-15 12:00:00,40.380554,26.53424,279.04837,99554.445,3.9391798e-05,0.6669688
2018-07-16 12:00:00,40.638184,25.435822,318.70953,99625.52,1.6389133e-05,1.3862627
2018-07-17 12:00:00,39.24579,25.111664,284.7618,99639.336,5.554953e-06,1.2524655
2018-07-18 12:00:00,40.10678,26.48175,323.40613,99590.59,8.8669645e-07,0.74040586
2018-07-19 12:00:00,40.24951,25.305786,333.85382,99576.15,0.0,1.9224248
2018-07-20 12:00:00,41.433716,26.893738,337.18326,99708.58,0.0,2.0321934
2018-07-21 12:00:00,41.57956,26.244202,310.6176,99771.91,0.0,1.9018563
2018-07-22 12:00:00,41.861786,27.347504,286.78635,99637.75,4.3579843e-05,1.1521214
2018-07-23 12:00:00,37.14972,22.393524,319.42838,99570.42,7.475953e-05,0.4220198
2018-07-24 12:00:00,39.347168,26.468933,332.25098,99362.94,0.0,1.5906975
2018-07-25 12:00:00,41.50589,26.853424,309.90152,99278.53,9.947826e-06,0.8313013
2018-07-26 12:00:00,38.284515,24.509644,328.69797,99448.195,3.1412285e-06,1.8596654
2018-07-27 12:00:00,37.04828,21.85675,337.09866,99784.3,0.0,2.0692427
2018-07-28 12:00:00,40.365723,22.466827,325.67554,99891.48,0.0,0.7166283
2018-07-29 12:00:00,39.270874,24.52591,173.00262,99942.05,7.1504724e-07,1.8592136
2018-07-30 12:00:00,36.35544,23.628754,328.39502,99965.69,0.0,2.6835606
2018-07-31 12:00:00,37.299957,20.645416,335.41492,99726.875,0.0,2.2018979
2018-08-01 12:00:00,36.405365,23.058685,125.65351,99532.83,3.2057542e-07,2.127942
2018-08-02 12:00:00,40.505127,26.044586,263.78394,99373.086,1.9259396e-06,0.95254123
2018-08-03 12:00:00,40.933594,27.068207,274.44562,99344.66,7.480454e-05,1.1767235
2018-08-04 12:00:00,41.614532,28.045929,265.60764,99290.95,0.0,2.014836
2018-08-05 12:00:00,42.2789,29.919281,313.4178,99318.445,0.0,1.9611417
2018-08-06 12:00:00,42.767883,30.174774,299.395,99476.71,4.501367e-05,0.6059554
2018-08-07 12:00:00,43.046967,28.553192,302.38165,99695.52,1.9657695e-05,1.6266896
2018-08-08 12:00:00,43.94629,27.878082,313.90805,99744.51,0.0,1.1318073
2018-08-09 12:00:00,43.796875,29.116058,279.73184,99492.75,0.0,1.4090616
2018-08-10 12:00:00,39.487976,27.01889,315.7167,99781.61,0.0,3.0206294
2018-08-11 12:00:00,39.02646,22.727173,316.67746,99919.59,0.0,1.6438147
2018-08-12 12:00:00,41.908295,23.556366,301.62607,99756.54,0.0,1.859609
2018-08-13 12:00:00,43.61624,26.414093,305.99734,99447.54,0.0,2.2816422
2018-08-14 12:00:00,43.789,29.947845,305.88553,99260.38,0.0,2.8068137
2018-08-15 12:00:00,44.032654,30.847107,289.9681,99329.47,0.0,2.4401424
2018-08-16 12:00:00,41.938965,28.421692,253.76271,99478.41,0.0,0.6207996
2018-08-17 12:00:00,42.60022,27.733643,236.78044,99451.38,0.0,1.7123963
2018-08-18 12:00:00,43.078033,30.16269,228.20459,99168.836,6.6326666e-06,2.1148195
2018-08-19 12:00:00,38.55713,28.466187,287.34583,99495.266,0.0,2.5563848
2018-08-20 12:00:00,41.045715,24.008636,296.75433,99666.086,2.196492e-06,1.6308235
2018-08-21 12:00:00,39.019287,27.71518,195.6177,99505.06,7.02814e-05,1.9844719
2018-08-22 12:00:00,35.786835,22.799103,268.5644,99792.86,1.3516049e-05,1.5240029
2018-08-23 12:00:00,33.52896,21.753876,294.30814,100244.3,0.0,3.291511
2018-08-24 12:00:00,31.11316,18.660492,274.05298,100516.09,0.0,2.4970932
2018-08-25 12:00:00,34.36084,17.379547,274.58066,100371.5,0.0,1.7107799
2018-08-26 12:00:00,36.84381,21.04721,284.8693,100154.22,0.0,1.4919081
2018-08-27 12:00:00,37.752716,24.012238,239.56075,99777.13,4.1627464e-07,1.0659275
2018-08-28 12:00:00,35.791595,21.898743,257.71603,99619.93,4.19733e-05,1.401713
2018-08-29 12:00:00,33.90219,20.800873,289.28812,100042.766,0.0,2.0509548
2018-08-30 12:00:00,34.02588,17.687592,289.11084,100461.195,0.0,2.185794
2018-08-31 12:00:00,36.996338,21.115204,266.89236,100441.984,0.0,0.752733
2018-09-01 12:00:00,34.421783,25.60141,202.34914,100016.51,1.2988086e-05,0.67472225
2018-09-02 12:00:00,30.628418,19.20163,180.05202,100042.85,4.7915542e-05,0.93082637
2018-09-03 12:00:00,31.355316,20.136322,241.67886,100235.28,2.4616407e-05,2.658018
2018-09-04 12:00:00,27.690948,19.535034,100.37766,100156.2,0.00014110073,1.9054426
2018-09-05 12:00:00,28.188873,19.65155,172.12862,100092.31,0.00010100449,1.0789392
2018-09-06 12:00:00,30.447113,19.924103,206.52684,100418.0,3.626897e-05,1.7882127
2018-09-07 12:00:00,32.251587,21.437805,230.04974,100549.88,2.9830335e-06,1.5759243
2018-09-08 12:00:00,31.682495,22.789337,184.99481,100478.74,1.5704867e-05,1.4522668
2018-09-09 12:00:00,31.271332,21.910187,193.16003,100475.5,1.0289399e-05,1.4171041
2018-09-10 12:00:00,32.088898,22.443848,208.45805,100649.984,1.0177499e-05,1.5707127
2018-09-11 12:00:00,33.144012,22.947052,221.0314,100699.69,2.4119769e-05,1.5270246
2018-09-12 12:00:00,33.528687,22.08258,223.87018,100359.336,1.8430655e-05,0.6891277
2018-09-13 12:00:00,33.77478,21.884125,231.43509,99982.7,2.6234022e-06,0.46581012
2018-09-14 12:00:00,29.705261,21.036682,133.18257,99660.445,3.663939e-05,2.147835
2018-09-15 12:00:00,27.948883,21.295258,242.15024,99617.68,9.9190256e-05,2.5021129
2018-09-16 12:00:00,28.138367,15.775055,255.54274,100308.2,0.0,1.6922606
2018-09-17 12:00:00,30.102509,16.430634,237.20078,100627.36,0.0,1.3114507
2018-09-18 12:00:00,34.057312,18.6828,228.98494,100235.95,1.0446867e-07,1.8456903
2018-09-19 12:00:00,30.700684,20.182037,249.31844,100099.27,0.0,1.7283722
2018-09-20 12:00:00,29.251892,15.547272,129.68237,100006.47,4.335472e-06,0.2613773
2018-09-21 12:00:00,32.22815,18.839905,201.80551,100121.195,5.66382e-06,0.82494086
2018-09-22 12:00:00,28.744171,18.769257,221.81056,100542.05,3.7142422e-06,1.7060803
2018-09-23 12:00:00,28.559387,15.650024,236.8756,100445.52,0.0,2.0294073
2018-09-24 12:00:00,34.338898,17.707245,210.47954,99913.64,1.6349868e-05,1.4545014
2018-09-25 12:00:00,29.741821,21.093292,183.61174,99942.305,3.0528467e-05,0.39021108
2018-09-26 12:00:00,29.246246,18.357544,174.72482,100137.64,8.46197e-09,0.52002686
2018-09-27 12:00:00,33.29178,20.923126,191.09047,100104.68,0.0,2.0035682
2018-09-28 12:00:00,32.26535,15.806702,179.15479,99998.38,0.0,1.9877663
2018-09-29 12:00:00,27.854279,15.318512,83.83742,100107.97,1.7395889e-05,1.4785726
2018-09-30 12:00:00,24.187195,9.752197,227.82251,100388.18,5.1311348e-11,2.1926005
2018-10-01 12:00:00,23.664642,8.170898,231.9101,100378.32,0.0,2.3324187
2018-10-02 12:00:00,26.622406,8.555603,223.37837,99875.89,0.0,1.8291622
2018-10-03 12:00:00,24.224518,16.77182,168.82748,99627.43,1.6119143e-06,1.7343231
2018-10-04 12:00:00,31.092804,17.167297,206.98546,99779.88,1.4190616e-07,3.0081952
2018-10-05 12:00:00,29.18338,23.774353,95.61625,99844.92,7.0790935e-05,3.3141754
2018-10-06 12:00:00,23.7872,13.938263,41.47577,100742.19,0.00068183476,2.9381561
2018-10-07 12:00:00,14.742004,9.7771,23.011374,100959.336,0.0006992633,4.531384
2018-10-08 12:00:00,13.843628,11.335144,36.33304,99842.86,0.00044289246,2.3703628
2018-10-09 12:00:00,13.685425,9.804718,110.67888,99906.016,5.0453323e-06,1.792192
2018-10-10 12:00:00,18.152527,6.3673096,203.92241,100094.41,3.2907093e-07,0.44669038
2018-10-11 12:00:00,15.6716,11.050781,178.40324,100412.734,4.9869627e-06,1.5587032
2018-10-12 12:00:00,20.51056,7.694641,198.2917,101111.516,5.121013e-10,1.4093665
2018-10-13 12:00:00,22.687927,10.513794,171.60481,101069.055,0.0,1.4530375
2018-10-14 12:00:00,23.725128,10.870789,198.00339,100499.09,2.5655674e-11,1.1807766
2018-10-15 12:00:00,20.055359,13.922607,196.55794,99950.625,0.0,2.0050273
2018-10-16 12:00:00,21.412964,8.741516,190.98888,100043.76,0.0,1.6646032
2018-10-17 12:00:00,20.000122,10.797302,191.39682,100527.69,0.0,2.226518
2018-10-18 12:00:00,21.583618,7.319824,184.03375,100724.84,0.0,1.9748563
2018-10-19 12:00:00,23.871124,9.570526,181.50494,100418.87,0.0,2.4902987
2018-10-20 12:00:00,23.72702,14.512451,152.94528,100343.65,0.0,2.2834687
2018-10-21 12:00:00,19.49472,15.411346,154.95259,100515.02,2.003632e-06,1.349537
2018-10-22 12:00:00,19.565674,10.14856,122.2337,100644.586,2.3004842e-08,1.5093533
2018-10-23 12:00:00,23.193207,14.522125,96.04167,100485.24,0.0,1.4386371
2018-10-24 12:00:00,25.783447,18.241638,131.61781,99833.62,1.8426822e-06,1.5746104
2018-10-25 12:00:00,27.34253,18.027832,165.52165,99538.84,0.0,2.8977401
2018-10-26 12:00:00,24.381073,13.349548,46.81837,99589.87,8.140462e-05,2.1969335
2018-10-27 12:00:00,13.187622,5.127655,171.53348,100905.3,0.0,2.350929
2018-10-28 12:00:00,15.704987,3.6539307,164.53459,100888.305,2.377764e-10,1.3903507
2018-10-29 12:00:00,16.268066,9.700104,46.896328,100472.08,1.8445953e-05,1.413202
2018-10-30 12:00:00,15.189209,12.581543,63.361866,100823.21,2.95545e-05,2.104444
2018-10-31 12:00:00,16.178894,10.772949,85.355316,100949.29,7.3521537e-06,1.083552
2018-11-01 12:00:00,19.264923,11.692017,96.639015,100511.93,5.653936e-06,1.5159248
2018-11-02 12:00:00,22.164154,12.151154,129.48509,100331.86,7.371463e-08,1.5513963
2018-11-03 12:00:00,24.319092,13.208679,123.33386,100064.52,1.195927e-07,1.6585212
2018-11-04 12:00:00,22.310516,18.684723,41.48135,99787.44,0.000105817446,2.777786
2018-11-05 12:00:00,23.144196,16.921356,124.86267,100159.15,7.116228e-07,1.8814105
2018-11-06 12:00:00,23.70514,15.627167,116.5602,100425.195,1.474022e-06,2.2686615
2018-11-07 12:00:00,20.811066,10.663269,54.702244,100638.28,0.00040140178,1.5958221
2018-11-08 12:00:00,10.6033325,5.930786,60.892563,101661.625,1.0342027e-06,3.9079912
2018-11-09 12:00:00,7.9688416,4.68631,40.9075,101357.38,2.5435631e-05,3.773384
2018-11-10 12:00:00,9.798035,6.1176453,19.63167,100201.02,0.0003139665,4.4011497
2018-11-11 12:00:00,13.679077,9.814178,72.33385,100090.3,5.06645e-05,2.683268
2018-11-12 12:00:00,15.912628,7.570923,86.57074,100535.0,0.0,1.8988388
2018-11-13 12:00:00,17.289001,7.539673,109.383415,100337.54,2.4233037e-07,2.2013617
2018-11-14 12:00:00,14.075531,6.024292,102.97545,100198.43,9.823025e-05,3.3019972
2018-11-15 12:00:00,14.785858,1.40802,130.83644,100126.0,0.0,1.4041787
2018-11-16 12:00:00,9.335785,3.6733093,25.199106,99180.086,0.00016832654,2.066256
2018-11-17 12:00:00,5.84729,0.4355774,106.25972,99489.55,1.6128428e-05,4.6121545
2018-11-18 12:00:00,8.791718,-7.7018127,124.87283,99807.2,1.0674468e-06,1.5650104
2018-11-19 12:00:00,11.322693,3.256195,133.33063,99724.73,0.0,1.40117
2018-11-20 12:00:00,10.090698,-3.9617615,73.081406,100362.06,3.1989217e-05,2.1709044
2018-11-21 12:00:00,12.283386,9.09314,34.40144,100115.58,0.000120729084,2.7949817
2018-11-22 12:00:00,10.626221,5.7740784,61.847603,100208.0,7.3083924e-05,1.2474025
2018-11-23 12:00:00,5.800537,3.6686096,28.777056,100389.39,3.856563e-05,2.0841
2018-11-24 12:00:00,6.7788696,4.03244,81.516815,99777.44,8.041361e-05,4.4383388
2018-11-25 12:00:00,6.401703,-0.5628967,60.893696,100185.44,1.39112e-06,0.85170776
2018-11-26 12:00:00,9.632538,0.76242065,70.65978,99675.4,7.506706e-06,1.4839498
2018-11-27 12:00:00,12.627594,3.374878,117.51111,99567.875,1.403934e-06,1.8143563
2018-11-28 12:00:00,17.60434,3.1853943,119.955925,99764.93,0.0,3.089901
2018-11-29 12:00:00,16.13565,5.1896667,38.934685,98957.03,7.2495735e-05,3.8543775
2018-11-30 12:00:00,5.586853,1.5828247,60.44498,99963.83,1.4811978e-06,5.06499
2018-12-01 12:00:00,3.0983582,-4.916748,123.82884,100496.15,8.188868e-08,2.0920577
2018-12-02 12:00:00,9.88266,-2.4363403,111.70116,99688.54,2.377764e-10,2.9721801
2018-12-03 12:00:00,9.918762,5.554413,95.28991,99667.52,5.519299e-06,3.0584493
2018-12-04 12:00:00,5.4349976,-4.1124268,114.256836,100410.41,2.8134855e-07,3.1703386
2018-12-05 12:00:00,4.4035645,-5.93573,116.101685,100493.48,7.0596104e-07,0.7692365
2018-12-06 12:00:00,4.0036316,-5.9468994,115.87896,100920.47,7.10681e-08,1.1181796
2018-12-07 12:00:00,13.930206,-0.9925537,107.37029,99972.69,6.365961e-08,2.70848
2018-12-08 12:00:00,16.719208,10.093231,53.713684,99385.51,4.9962626e-05,3.3757195
2018-12-09 12:00:00,16.426208,13.971222,18.307295,98774.4,0.00021814147,4.1619835
2018-12-10 12:00:00,15.089508,-3.1721497,110.96547,99460.76,0.00030599075,3.633245
2018-12-11 12:00:00,2.35672,-6.1418457,115.64085,100107.81,7.930162e-08,2.6984818
2018-12-12 12:00:00,2.2885437,-7.4963684,112.75347,100400.914,3.5335216e-07,2.4701877
2018-12-13 12:00:00,6.4317017,-9.054016,92.56945,100754.05,1.04986405e-07,1.2971032
2018-12-14 12:00:00,1.2801208,-5.907837,94.76194,101050.59,9.465693e-07,1.1388217
2018-12-15 12:00:00,1.1383057,-8.467621,55.20359,101163.2,4.2957117e-06,0.69942105
2018-12-16 12:00:00,0.1204834,-4.9765015,69.86105,101137.45,6.2193417e-06,2.0664651
2018-12-17 12:00:00,-5.085388,-9.978455,64.53778,101557.87,4.5878032e-06,3.9685304
2018-12-18 12:00:00,-0.96777344,-9.017761,80.57447,102264.0,3.8792496e-06,3.656354
2018-12-19 12:00:00,-2.351471,-11.55777,116.02218,102801.24,0.0,2.6535513
2018-12-20 12:00:00,0.53756714,-12.529724,112.47415,102206.28,5.397449e-07,0.4693775
2018-12-21 12:00:00,3.9496765,-7.782074,86.04363,101384.8,0.0,2.4345398
2018-12-22 12:00:00,7.8009033,-2.7960205,90.87148,101039.11,1.2037022e-07,2.0077138
2018-12-23 12:00:00,12.035156,-1.0843811,85.2271,100802.2,1.6269106e-06,3.418949
2018-12-24 12:00:00,11.752197,6.5951843,42.380573,99943.31,2.4121859e-05,4.46301
2018-12-25 12:00:00,11.137573,2.1441345,102.82224,99278.18,5.6737645e-05,3.1535556
2018-12-26 12:00:00,13.895874,0.4520874,92.079796,99070.26,0.0,1.2280445
2018-12-27 12:00:00,7.762085,3.7121277,98.96224,99472.45,4.62347e-06,2.4958026
2018-12-28 12:00:00,6.3134155,-4.999542,115.319275,100100.695,0.0,2.9997587
2018-12-29 12:00:00,4.6922607,-6.583008,87.734085,100689.43,0.0,0.8042039
2018-12-30 12:00:00,12.786835,1.04599,42.66218,99472.56,1.3548575e-05,2.995398
2018-12-31 12:00:00,13.15329,-0.72402954,69.64465,99772.55,2.784037e-05,5.874735
2019-01-01 12:00:00,-0.46749878,-7.0052795,102.708466,101029.125,4.2044476e-07,3.3301744
2019-01-02 12:00:00,-2.497345,-7.1926575,112.96624,101068.95,2.924493e-07,2.5587907
2019-01-03 12:00:00,-1.5935669,-8.690857,112.431496,101510.336,1.256632e-08,1.2709543
2019-01-04 12:00:00,5.260254,-5.1900024,112.82671,101155.805,0.0,2.4470737
2019-01-05 12:00:00,11.9236145,-2.9601746,111.86908,100335.65,0.0,2.5619378
2019-01-06 12:00:00,11.448669,8.746033,24.68105,100032.3,7.391485e-05,3.3594077
2019-01-07 12:00:00,10.769531,8.092102,19.332018,99397.61,0.00017825628,1.1384872
2019-01-08 12:00:00,9.667694,5.5494385,67.50893,99283.8,0.00028393144,3.2557802
2019-01-09 12:00:00,9.421509,-1.3753052,96.92632,100383.09,2.1871576e-06,1.3620775
2019-01-10 12:00:00,14.118927,5.5749817,93.07312,99976.13,0.0,2.611284
2019-01-11 12:00:00,10.33017,6.1736755,20.940529,100552.04,9.483763e-05,1.9060503
2019-01-12 12:00:00,6.8661804,5.600525,23.205519,100607.41,9.313995e-05,1.9993522
2019-01-13 12:00:00,5.736786,3.21167,42.284946,100617.32,3.9194063e-05,2.1477723
2019-01-14 12:00:00,5.3884277,2.5387573,31.368454,100093.305,4.432957e-05,1.1453164
2019-01-15 12:00:00,12.310303,5.3435974,62.84431,99008.33,0.00018354526,0.8383256
2019-01-16 12:00:00,10.735046,0.81188965,49.57475,98928.49,9.663965e-05,2.5855715
2019-01-17 12:00:00,0.76083374,-4.200012,132.16933,100074.984,2.5298268e-05,4.127642
2019-01-18 12:00:00,1.4188232,-3.50531,131.51161,100441.25,2.011087e-06,3.7314203
2019-01-19 12:00:00,5.428467,-12.288666,74.55926,100371.53,1.0265107e-05,1.7461627
2019-01-20 12:00:00,9.370758,-2.0812683,131.47826,100340.88,0.0,2.6742706
2019-01-21 12:00:00,13.013336,-2.478119,132.44115,100480.03,1.188882e-10,3.1074688
2019-01-22 12:00:00,14.206543,8.073181,60.83035,99890.7,8.176612e-06,3.9873734
2019-01-23 12:00:00,13.408661,1.8256226,47.829395,100495.93,2.2787583e-05,1.8652011
2019-01-24 12:00:00,5.4457703,0.792511,54.07073,100880.51,5.772658e-06,1.9907243
2019-01-25 12:00:00,2.7208862,-5.572693,141.40857,101258.47,6.413919e-11,3.0315845
2019-01-26 12:00:00,4.661499,-8.498596,138.56398,101285.37,9.774186e-07,1.7379112
2019-01-27 12:00:00,3.2978516,-3.5658875,73.1538,100771.31,4.1658236e-08,2.0838962
2019-01-28 12:00:00,0.05621338,-3.4881592,58.56453,101111.14,3.4900825e-06,2.6512783
2019-01-29 12:00:00,-3.0838623,-11.261963,96.0488,101247.63,9.277957e-06,3.7271411
2019-01-30 12:00:00,2.6205444,-11.818054,149.94858,100823.74,2.964142e-07,2.5684218
2019-01-31 12:00:00,0.9274597,-11.3619995,152.52707,101400.664,1.9309507e-08,1.2046089
2019-02-01 12:00:00,6.0066833,-8.158142,86.74237,101207.89,0.0,2.486754
2019-02-02 12:00:00,12.096954,3.7305298,118.173004,100440.06,2.1013304e-05,3.251656
2019-02-03 12:00:00,14.544739,4.5745544,148.57266,99806.55,0.0,3.8109612
2019-02-04 12:00:00,12.166534,5.276642,76.31477,99689.75,5.1311348e-11,1.1856987
2019-02-05 12:00:00,11.026489,-2.977478,150.22198,100608.08,5.417153e-07,1.0336345
2019-02-06 12:00:00,13.212402,-1.5646362,136.40474,100361.34,1.9139375e-07,2.0315917
2019-02-07 12:00:00,12.028046,7.5397034,55.458035,100254.79,5.93667e-05,1.237981
2019-02-08 12:00:00,12.093872,7.8894043,48.621933,100002.14,9.572917e-05,1.1200361
2019-02-09 12:00:00,13.441498,7.776306,122.49631,100334.19,7.759028e-05,1.8954735
2019-02-10 12:00:00,14.143463,0.7163696,161.32811,100386.2,6.3337485e-10,1.2412261
2019-02-11 12:00:00,18.008942,1.9231262,166.96762,100238.3,0.0,1.6381197
2019-02-12 12:00:00,18.187042,4.091034,138.64345,100372.56,0.0,1.9354503
2019-02-13 12:00:00,17.950134,5.6900635,161.97197,99909.414,0.0,1.8929312
2019-02-14 12:00:00,13.601685,6.0344543,20.11714,99507.75,0.00027554462,3.1168857
2019-02-15 12:00:00,13.713898,4.50885,59.956,98918.266,0.00017341033,4.2450643
2019-02-16 12:00:00,16.12555,3.987152,177.3364,99152.45,0.0,2.9831033
2019-02-17 12:00:00,14.061432,7.588562,152.27846,99606.555,9.84229e-06,1.7155223
2019-02-18 12:00:00,16.117859,3.0488281,132.08504,100107.42,8.061948e-06,2.6236463
2019-02-19 12:00:00,12.050903,3.4623413,190.75377,100377.67,2.6236643e-05,3.4178557
2019-02-20 12:00:00,12.605621,-1.3132019,151.51898,100114.69,4.0201877e-07,2.250372
2019-02-21 12:00:00,11.690796,7.8302917,42.171635,99198.82,6.2706466e-05,3.177159
2019-02-22 12:00:00,11.044098,4.2180786,67.55037,99688.96,0.000154747,3.610315
2019-02-23 12:00:00,11.313202,5.6574097,88.65343,100117.74,8.489912e-06,0.89181465
2019-02-24 12:00:00,15.47348,1.530426,144.47466,99868.07,3.8051547e-07,1.2928351
2019-02-25 12:00:00,12.282501,5.3647156,59.488773,99130.2,2.1344662e-05,2.113198
2019-02-26 12:00:00,12.949432,1.6088867,125.2383,98400.58,0.00026459768,3.5737338
2019-02-27 12:00:00,2.2910156,0.6942749,68.87197,99111.555,3.0918494e-05,4.2902403
2019-02-28 12:00:00,6.2528076,-3.3155212,210.6191,100084.39,1.3370518e-06,2.3314662
2019-03-01 12:00:00,3.8245544,-0.52789307,97.35301,100357.71,9.1865775e-05,2.7692757
2019-03-02 12:00:00,1.8655701,-2.377472,69.436455,100861.44,5.071186e-05,4.148147
2019-03-03 12:00:00,0.047790527,-5.146881,163.71254,101745.04,6.107721e-06,2.6646328
2019-03-04 12:00:00,5.265167,-11.654388,217.13164,101293.734,1.1332495e-07,1.5728482
2019-03-05 12:00:00,9.775513,-5.337311,173.43886,100341.75,0.0,1.8483936
2019-03-06 12:00:00,6.2540894,-2.2417603,129.47998,99809.13,1.0207094e-06,1.9291791
2019-03-07 12:00:00,7.2991943,-5.870453,228.9019,100574.6,6.232231e-07,2.2189841
2019-03-08 12:00:00,12.818207,-4.8325195,220.21678,100351.12,0.0,3.091126
2019-03-09 12:00:00,11.07428,0.32577515,206.92422,100204.57,0.0,2.336256
2019-03-10 12:00:00,9.291809,-6.769623,232.37726,100898.14,0.0,1.1793691
2019-03-11 12:00:00,20.318848,1.4996643,229.86957,100284.63,0.0,3.5897262
2019-03-12 12:00:00,20.042877,10.456238,230.71729,99983.39,0.0,3.5482147
2019-03-13 12:00:00,16.365997,6.6441345,223.90573,100251.766,1.1815366e-06,1.9138538
2019-03-14 12:00:00,16.553955,0.73309326,236.03084,100251.914,0.0,1.1123497
2019-03-15 12:00:00,21.589203,9.440155,237.5118,99507.49,0.0,3.8175383
2019-03-16 12:00:00,18.559082,14.186829,84.60395,99104.58,1.2673094e-05,4.515221
2019-03-17 12:00:00,14.861176,6.5468445,59.112946,99477.945,0.00015642027,2.0894887
2019-03-18 12:00:00,9.898926,1.7037659,250.87679,100563.58,1.47401615e-05,2.8126307
2019-03-19 12:00:00,12.675354,-2.252655,160.90788,100434.93,9.446425e-06,1.4089085
2019-03-20 12:00:00,14.811157,2.5930176,246.40097,100003.39,4.59783e-05,1.3762045
2019-03-21 12:00:00,23.545563,11.943268,214.9587,98962.48,0.0,3.9255474
2019-03-22 12:00:00,21.370178,-0.5093689,242.32768,100359.31,2.123107e-05,4.2153077
2019-03-23 12:00:00,8.145233,-4.913513,241.72966,100900.87,1.0041794e-07,0.37531802
2019-03-24 12:00:00,16.474304,3.7047424,246.873,100219.96,0.0,3.890605
2019-03-25 12:00:00,21.752106,10.083618,151.29909,99700.32,0.00012886523,2.546906
2019-03-26 12:00:00,12.433411,1.8465271,268.17178,100524.445,1.0537903e-09,2.0707724
2019-03-27 12:00:00,16.253998,0.7704468,255.31561,100459.17,0.0,1.6586189
2019-03-28 12:00:00,16.032837,6.085602,119.29326,100007.12,1.567662e-05,2.2910168
2019-03-29 12:00:00,17.007874,13.985901,55.35912,99053.55,8.6074186e-05,2.7749045
2019-03-30 12:00:00,20.955872,6.633423,271.3727,99105.71,2.6284237e-05,1.4357443
2019-03-31 12:00:00,23.623535,14.757996,189.07231,98569.24,0.00011047757,3.6384912
2019-04-01 12:00:00,21.967651,9.791504,168.05585,99023.12,1.970353e-06,2.1985419
2019-04-02 12:00:00,13.215729,5.381439,136.87471,99325.15,0.00025374247,3.0831037
2019-04-03 12:00:00,15.12616,0.95599365,276.82376,100293.96,2.4226912e-08,0.72921675
2019-04-04 12:00:00,13.1822815,8.368439,90.13598,99376.07,6.6473454e-05,1.5401031
2019-04-05 12:00:00,16.349304,5.1007385,284.90076,99476.55,5.7262764e-07,2.4690173
2019-04-06 12:00:00,18.924011,3.1840515,267.05655,99405.375,0.0,2.0011806
2019-04-07 12:00:00,16.021759,7.4154663,197.60423,98896.23,8.832965e-05,2.7742329
2019-04-08 12:00:00,20.56607,2.223999,235.81506,99499.63,0.0,1.764242
2019-04-09 12:00:00,18.733032,10.369293,166.53726,99505.77,2.9618535e-05,1.5211606
2019-04-10 12:00:00,17.755554,7.02063,282.14328,100458.086,0.0,2.6101892
2019-04-11 12:00:00,15.255859,8.683411,67.44049,100093.08,0.00027719908,2.6713805
2019-04-12 12:00:00,14.898987,5.7191772,300.38,100561.44,1.3769489e-05,4.483623
2019-04-13 12:00:00,18.15268,2.2591858,301.55026,101126.68,0.0,1.0469562
2019-04-14 12:00:00,22.101135,5.1322327,301.20544,100422.7,0.0,2.4718065
2019-04-15 12:00:00,19.665253,8.823853,86.51809,100084.39,1.261736e-05,0.30693838
2019-04-16 12:00:00,15.093689,3.7344055,298.43442,100679.66,3.245797e-06,2.7055953
2019-04-17 12:00:00,23.081726,8.68457,211.98038,99604.67,3.5164382e-07,3.0277705
2019-04-18 12:00:00,23.056396,17.424927,175.82541,99546.48,4.045576e-05,2.9181857
2019-04-19 12:00:00,26.519623,17.419708,243.43999,99900.59,3.319438e-07,4.027038
2019-04-20 12:00:00,26.514038,21.741241,196.3101,99615.52,0.0,5.2585263
2019-04-21 12:00:00,24.414337,14.317169,166.14197,99440.31,0.00035383963,2.4675581
2019-04-22 12:00:00,19.740784,7.8750305,315.33432,100093.78,0.0,1.9540854
2019-04-23 12:00:00,17.007416,9.64151,83.24387,100360.15,1.1606977e-05,1.6595392
2019-04-24 12:00:00,21.303772,7.9575806,315.86337,100492.19,0.0,0.88803
2019-04-25 12:00:00,19.292938,9.019836,120.387245,100633.62,2.9502653e-06,2.5784492
2019-04-26 12:00:00,28.898224,15.5529175,308.1241,100103.54,0.0,3.5255415
2019-04-27 12:00:00,27.862366,21.777832,227.3747,99842.62,2.5655674e-11,4.540829
2019-04-28 12:00:00,27.388,19.02179,278.08942,99722.14,5.6312256e-06,1.774984
2019-04-29 12:00:00,25.534912,11.038666,298.90863,99732.195,0.0,1.9970833
2019-04-30 12:00:00,25.992157,12.256775,249.25415,99900.164,7.5603367e-07,2.7093043
2019-05-01 12:00:00,27.7753,19.506744,216.7311,99366.484,7.092789e-05,3.028743
2019-05-02 12:00:00,25.684326,14.406555,329.66568,99505.97,0.0,2.00772
2019-05-03 12:00:00,29.681,12.793457,323.90372,99662.41,0.0,0.9833869
2019-05-04 12:00:00,28.254303,14.054382,319.70132,100099.75,0.0,3.6464179
2019-05-05 12:00:00,19.760101,7.125702,339.78232,100674.09,0.0,3.5006845
2019-05-06 12:00:00,19.767181,7.2325745,340.17923,100501.61,0.0,3.4578974
2019-05-07 12:00:00,19.570435,7.757416,280.68542,100146.36,0.0,3.350758
2019-05-08 12:00:00,21.549774,12.854095,223.13078,99955.24,1.2827837e-11,2.4754272
2019-05-09 12:00:00,26.319244,14.907837,277.53992,99798.26,2.968145e-07,1.9780362
2019-05-10 12:00:00,24.945099,12.797882,291.6314,100193.83,1.07571295e-05,1.6761366
2019-05-11 12:00:00,25.451172,12.948914,287.19083,100292.62,7.354564e-06,1.4397193
2019-05-12 12:00:00,27.810822,13.775269,291.83627,100348.555,0.0,1.775107
2019-05-13 12:00:00,30.858917,14.089874,296.3095,100594.97,0.0,1.749082
2019-05-14 12:00:00,28.972137,16.372528,212.02762,100557.82,0.0,1.9896966
2019-05-15 12:00:00,28.759857,14.726654,208.54181,100173.65,5.970792e-08,1.9534173
2019-05-16 12:00:00,28.503235,16.100006,326.05743,99905.74,4.642087e-06,1.4111568
2019-05-17 12:00:00,29.862244,14.002441,341.70392,99738.17,0.0,1.7131339
2019-05-18 12:00:00,31.517334,14.632935,339.34225,99651.94,0.0,1.5504977
2019-05-19 12:00:00,30.282288,15.72467,186.85582,99419.336,3.2069943e-07,0.62383074
2019-05-20 12:00:00,33.184906,16.101074,310.7887,99419.83,0.0,1.7501059
2019-05-21 12:00:00,32.262115,19.41278,330.65643,99783.19,0.0,2.9930139
2019-05-22 12:00:00,34.074615,18.43393,248.39171,99956.43,0.0,1.7008644
2019-05-23 12:00:00,33.382935,21.968445,163.61926,100030.66,5.4735233e-06,1.34944
2019-05-24 12:00:00,34.229706,23.438232,228.5721,99885.266,4.5683246e-05,2.9331548
2019-05-25 12:00:00,33.969757,21.293274,289.954,99697.71,0.0,2.8319592
2019-05-26 12:00:00,34.338562,22.606049,300.84882,99827.305,0.0,3.1669
2019-05-27 12:00:00,33.986877,22.487091,267.06543,99912.21,0.0,2.2053049
2019-05-28 12:00:00,35.683655,21.912018,283.5528,99712.164,7.127442e-05,1.5358979
2019-05-29 12:00:00,35.9805,20.383698,332.01218,99453.88,7.342912e-05,1.1261346
2019-05-30 12:00:00,36.230347,20.045471,303.22726,99570.52,7.798143e-05,0.9805811
2019-05-31 12:00:00,33.04196,21.907288,347.1221,99766.95,1.5334278e-06,2.0878065
2019-06-01 12:00:00,34.813965,18.574524,335.92938,99647.42,0.0,1.7987729
2019-06-02 12:00:00,32.84082,20.944366,351.48734,99731.76,0.0,2.4027972
2019-06-03 12:00:00,33.13214,17.482697,349.77216,100014.125,0.0,0.7379511
2019-06-04 12:00:00,36.447357,19.762756,297.91495,99704.164,0.0,2.9829948
2019-06-05 12:00:00,34.717957,19.724304,176.62465,99245.445,0.00014619742,3.1351023
2019-06-06 12:00:00,24.333649,14.602051,352.5589,99956.45,2.302593e-06,2.4918907
2019-06-07 12:00:00,26.259247,10.556549,360.9915,100200.29,0.0,2.0659409
2019-06-08 12:00:00,32.020935,15.668854,333.04416,99774.07,0.0,3.1417265
2019-06-09 12:00:00,34.64795,24.735565,310.33795,99477.664,0.0,3.3591156
2019-06-10 12:00:00,35.844086,25.522888,270.85956,99461.35,2.2424572e-05,2.0982432
2019-06-11 12:00:00,25.488464,19.672241,81.30627,99722.55,0.0002308373,1.2258853
2019-06-12 12:00:00,29.769928,18.285065,305.34396,99845.32,5.513452e-06,1.3049141
2019-06-13 12:00:00,28.822876,17.090485,342.32062,100396.45,0.0,2.9987216
2019-06-14 12:00:00,30.115448,15.88681,354.28357,100420.47,0.0,3.1997125
2019-06-15 12:00:00,32.296143,17.234802,361.37225,100626.58,0.0,2.5186515
2019-06-16 12:00:00,33.868195,15.67453,362.99304,100732.8,0.0,1.6845734
2019-06-17 12:00:00,33.498413,18.87146,289.88632,100286.59,0.0,1.4484711
2019-06-18 12:00:00,34.312378,21.087067,343.28094,99692.25,0.0,1.8425994
2019-06-19 12:00:00,33.059357,22.258026,339.12686,99740.35,1.3539175e-08,2.8824155
2019-06-20 12:00:00,33.482117,18.734894,361.64133,100109.97,0.0,2.7096927
2019-06-21 12:00:00,32.11255,18.32544,298.25473,99946.94,6.299956e-05,2.108098
2019-06-22 12:00:00,34.404297,23.540741,255.42853,99890.805,3.5316698e-05,2.4458513
2019-06-23 12:00:00,37.252686,25.250916,337.46515,99886.33,0.0,1.9378338
2019-06-24 12:00:00,37.80899,20.345947,346.5273,99909.586,0.0,0.8453681
2019-06-25 12:00:00,38.012543,26.116028,343.90497,99465.56,0.0,1.6895641
2019-06-26 12:00:00,34.984924,22.970154,317.18243,99659.336,0.0,2.3985853
2019-06-27 12:00:00,34.15912,21.72171,325.90787,99672.086,0.0,2.944943
2019-06-28 12:00:00,34.084686,21.318481,338.32788,99881.58,0.0,2.471896
2019-06-29 12:00:00,33.072662,19.265991,358.57217,100151.164,0.0,2.5255716
2019-06-30 12:00:00,35.071045,18.028534,357.3228,100140.484,0.0,0.7234751
2019-07-01 12:00:00,38.29065,21.208008,345.94235,99851.375,0.0,1.1965152
2019-07-02 12:00:00,39.17627,25.57022,245.20052,99753.31,6.0900657e-06,1.196424
2019-07-03 12:00:00,38.72711,21.74112,263.25534,99708.125,7.0898015e-05,0.9297297
2019-07-04 12:00:00,36.305603,22.930725,277.93716,99914.59,6.795804e-05,0.7708317
2019-07-05 12:00:00,33.508728,22.143127,258.5063,100061.164,4.956207e-05,0.12499763
2019-07-06 12:00:00,33.971436,21.246704,252.05612,99875.77,0.00018512015,0.6127276
2019-07-07 12:00:00,37.315918,23.10672,339.34976,99442.78,9.14465e-07,2.0623403
2019-07-08 12:00:00,35.58719,22.955322,257.0974,99415.73,1.50712e-06,2.1395023
2019-07-09 12:00:00,37.170776,23.926819,279.20984,99487.62,0.0,1.7833748
2019-07-10 12:00:00,37.911926,24.710266,324.17804,99564.21,7.3866326e-09,1.5995034
2019-07-11 12:00:00,38.219574,25.803772,320.968,99577.89,0.0,2.2496927
2019-07-12 12:00:00,38.161194,27.58847,299.94247,99494.36,2.6523209e-08,2.1397676
2019-07-13 12:00:00,35.192078,22.437714,275.90686,99727.984,0.0001354227,1.4105512
2019-07-14 12:00:00,38.209106,22.406555,340.50586,99802.25,0.0,0.98089486
2019-07-15 12:00:00,41.063354,28.019348,335.9903,99619.57,0.0,2.3459897
2019-07-16 12:00:00,41.16159,28.59845,326.745,99642.734,0.0,3.0103195
2019-07-17 12:00:00,41.065582,29.59201,309.19196,99699.516,0.0,3.0654638
2019-07-18 12:00:00,39.906677,31.135284,272.3775,99854.58,0.0,3.146059
2019-07-19 12:00:00,40.976288,30.94809,334.06476,99900.08,0.0,2.4627
2019-07-20 12:00:00,41.79297,27.469727,319.23737,99661.195,7.709728e-06,2.0634491
2019-07-21 12:00:00,34.531677,22.094666,217.14423,99916.22,8.319074e-06,3.633305
2019-07-22 12:00:00,33.398956,20.236237,337.13644,100538.18,0.0,1.403258
2019-07-23 12:00:00,34.139496,24.59784,238.82037,100660.66,0.0,0.99021095
2019-07-24 12:00:00,36.86664,21.40329,336.43738,100437.88,0.0,1.7865447
2019-07-25 12:00:00,39.788513,25.82425,265.31165,99951.01,0.0,2.912799
2019-07-26 12:00:00,37.262177,27.237396,279.2842,99956.914,1.6968211e-06,2.5287604
2019-07-27 12:00:00,42.015137,28.115326,320.1495,99948.77,0.0,2.569223
2019-07-28 12:00:00,40.78485,25.887787,268.06824,100044.28,6.700116e-06,1.5598812
2019-07-29 12:00:00,41.27942,29.627258,286.03534,99891.04,5.1873602e-08,2.6240962
2019-07-30 12:00:00,39.190918,24.083374,293.6603,99908.016,8.661934e-05,1.4025955
2019-07-31 12:00:00,33.901,20.399261,290.4541,100312.805,0.0,2.0940163
2019-08-01 12:00:00,31.823334,24.898193,257.05927,100489.64,0.0,1.0185839
2019-08-02 12:00:00,34.10959,19.606506,305.96863,100281.55,0.0,1.3263615
2019-08-03 12:00:00,33.189636,21.841156,240.33882,99965.14,2.3143918e-06,1.750632
2019-08-04 12:00:00,31.792664,23.348267,282.64453,99682.24,7.771313e-05,1.7478456
2019-08-05 12:00:00,34.732666,22.236877,319.12457,99423.02,0.0,1.3605131
2019-08-06 12:00:00,36.10739,20.031982,319.92868,99560.58,0.0,0.8450786
2019-08-07 12:00:00,42.06079,26.00418,287.06918,99371.17,0.0,2.1537206
2019-08-08 12:00:00,39.516693,24.73108,312.2402,99791.57,0.0,2.9381788
2019-08-09 12:00:00,33.344696,19.112823,317.5554,100089.91,0.0,1.8908238
2019-08-10 12:00:00,33.349182,18.427734,322.36398,99993.66,0.0,2.2874613
2019-08-11 12:00:00,31.492859,18.772644,317.29514,100245.18,0.0,2.0728362
2019-08-12 12:00:00,32.65912,18.227722,317.40024,100437.766,0.0,2.0357633
2019-08-13 12:00:00,36.228455,19.048615,315.1633,100245.26,0.0,1.4167246
2019-08-14 12:00:00,39.68448,21.29956,303.44812,99905.63,0.0,1.1320049
2019-08-15 12:00:00,40.40265,24.509796,241.60114,99768.18,0.0,1.2485435
2019-08-16 12:00:00,41.57733,27.099945,245.62817,99861.24,2.195153e-05,0.51926196
2019-08-17 12:00:00,41.018463,26.023865,237.9151,99956.47,1.6024984e-05,0.34676695
2019-08-18 12:00:00,41.063293,28.423218,219.31456,99835.125,6.8161216e-06,1.062219
2019-08-19 12:00:00,40.5094,32.108337,158.12112,99623.48,0.0,1.9760572
2019-08-20 12:00:00,37.91519,23.574677,209.51723,99713.23,6.366726e-05,1.2837456
2019-08-21 12:00:00,33.279175,23.434906,172.32585,99750.734,6.512044e-05,0.7855625
2019-08-22 12:00:00,28.871155,20.96759,166.42801,99667.57,0.00023556474,0.48533508
2019-08-23 12:00:00,34.12332,21.927307,294.2827,99431.83,0.0,0.5792517
2019-08-24 12:00:00,37.194366,22.906097,295.77505,99386.6,0.0,0.55397314
2019-08-25 12:00:00,38.529266,23.239166,240.99664,99483.37,0.0,1.2176862
2019-08-26 12:00:00,39.531525,24.784393,228.80946,99582.74,0.0,0.76445794
2019-08-27 12:00:00,40.294556,23.448212,289.0754,99653.63,0.0,1.1046432
2019-08-28 12:00:00,39.911926,23.933014,231.66762,99444.66,0.0,1.0873446
2019-08-29 12:00:00,35.70529,21.788696,79.63994,99520.67,3.116068e-05,2.3796682
2019-08-30 12:00:00,28.040955,17.799927,264.08472,100028.13,0.0,1.9892577
2019-08-31 12:00:00,30.988556,13.879211,272.46475,100028.945,0.0,1.8956139
2019-09-01 12:00:00,33.48575,17.28482,224.52126,99947.86,0.0,1.4277452
2019-09-02 12:00:00,33.936584,18.627838,224.3638,100109.625,0.0,0.7029881
2019-09-03 12:00:00,36.762573,26.253113,202.67024,99918.445,1.3070218e-05,2.0307071
2019-09-04 12:00:00,35.92404,26.607086,247.32434,99641.84,0.0,3.343346
2019-09-05 12:00:00,37.19449,27.768402,236.64519,99641.305,3.29406e-06,2.4860778
2019-09-06 12:00:00,35.76416,22.51007,239.60594,99745.43,4.0607167e-05,0.98336893
2019-09-07 12:00:00,30.879486,21.490479,261.97183,100108.76,4.1484782e-07,2.7163298
2019-09-08 12:00:00,33.422913,18.927795,231.13464,99936.5,0.0,1.859353
2019-09-09 12:00:00,34.280518,24.036438,181.45439,99597.42,9.469283e-06,0.508461
2019-09-10 12:00:00,32.079224,21.440887,231.22699,99886.07,4.216679e-06,2.7444894
2019-09-11 12:00:00,38.808228,22.414581,241.54794,99793.89,1.741292e-05,2.047362
2019-09-12 12:00:00,32.217194,21.966187,199.3195,99879.836,2.9768722e-05,0.51199627
2019-09-13 12:00:00,28.140411,18.32721,260.20334,100535.34,0.0,2.2893362
2019-09-14 12:00:00,26.385468,13.289246,265.16507,100854.125,0.0,2.0183866
2019-09-15 12:00:00,28.766663,12.442841,251.2439,100469.73,0.0,0.9730099
2019-09-16 12:00:00,31.766052,15.751678,239.71529,99996.875,0.0,1.5897453
2019-09-17 12:00:00,33.498596,15.195648,248.72374,99885.016,0.0,1.0639948
2019-09-18 12:00:00,32.69281,16.113525,230.89699,100213.74,0.0,2.3624656
2019-09-19 12:00:00,28.844208,19.441132,120.506546,100277.77,1.7684491e-05,2.5891323
2019-09-20 12:00:00,31.469849,17.72293,226.04057,100041.16,2.7356764e-06,0.8485988
2019-09-21 12:00:00,34.180267,19.606934,240.1883,100023.33,0.0,0.9226859
2019-09-22 12:00:00,36.868103,20.231018,233.22514,99949.74,0.0,0.90029544
2019-09-23 12:00:00,32.813812,18.886566,238.98453,100183.89,0.0,2.4499364
2019-09-24 12:00:00,29.840057,15.396637,240.31291,100469.64,0.0,2.4367201
2019-09-25 12:00:00,31.239288,14.737976,205.54683,100390.21,0.0,2.2180011
2019-09-26 12:00:00,33.435608,24.600494,229.2827,100095.61,0.0,3.4620967
2019-09-27 12:00:00,31.99649,22.982208,217.57843,99722.35,0.0,3.4576817
2019-09-28 12:00:00,29.401703,20.036072,207.15857,99595.07,1.741705e-09,2.957671
2019-09-29 12:00:00,24.33957,20.641998,81.36024,99525.08,6.318974e-05,0.71246904
2019-09-30 12:00:00,24.407013,13.912933,231.464,100083.64,0.0,2.9782736
2019-10-01 12:00:00,26.000427,10.679169,225.96283,100252.93,0.0,1.8917999
2019-10-02 12:00:00,27.666046,11.64566,224.30692,100607.164,0.0,1.8886199
2019-10-03 12:00:00,27.324554,11.482697,220.57481,100838.7,0.0,1.8095208
2019-10-04 12:00:00,28.813843,12.537109,216.41379,100671.21,0.0,0.37144414
2019-10-05 12:00:00,30.587158,12.2344055,217.70702,100293.875,0.0,1.0150509
2019-10-06 12:00:00,26.993835,10.649261,215.9638,100076.06,0.0,1.186744
2019-10-07 12:00:00,34.401215,18.191711,215.19798,99704.34,0.0,2.2570784
2019-10-08 12:00:00,33.217407,11.838379,172.18689,100107.6,0.0,0.84005207
2019-10-09 12:00:00,28.502625,14.9001465,188.84941,100392.836,0.0,2.5239754
2019-10-10 12:00:00,15.992523,4.952881,212.55989,101188.04,0.0,2.824092
2019-10-11 12:00:00,17.791443,2.7590332,211.30153,101037.22,0.0,1.4944121
2019-10-12 12:00:00,18.750763,3.4537354,138.11908,100562.13,0.0,0.8973962
2019-10-13 12:00:00,19.48059,6.234497,114.44146,99923.74,0.0,1.2259474
2019-10-14 12:00:00,17.425507,7.544403,87.58147,98879.8,5.305454e-06,2.5950642
2019-10-15 12:00:00,21.98413,11.723419,56.483353,97530.78,7.131111e-05,3.2189462
2019-10-16 12:00:00,18.80371,8.262268,120.37796,98393.91,8.253882e-05,2.6510327
2019-10-17 12:00:00,15.482147,8.664612,97.39878,98856.95,0.00016290245,1.2342352
2019-10-18 12:00:00,17.774689,5.060791,191.94305,99389.484,1.337e-06,2.3717477
2019-10-19 12:00:00,20.664032,8.48172,182.7893,100149.805,0.0,3.9174187
2019-10-20 12:00:00,19.184723,10.127411,120.66797,100933.9,0.0,1.3449633
2019-10-21 12:00:00,18.358246,2.40802,190.7317,101416.49,0.0,0.43560424
2019-10-22 12:00:00,20.80371,3.973297,155.67932,100633.78,2.5161705e-06,2.1028564
2019-10-23 12:00:00,18.435547,7.5119934,184.64609,100466.53,2.5883114e-06,3.4746413
2019-10-24 12:00:00,14.491455,2.5371094,176.70456,100176.83,0.0,1.8788767
2019-10-25 12:00:00,14.563629,3.5827026,108.91603,100122.05,0.0,1.1837132
2019-10-26 12:00:00,13.901886,7.246704,88.38685,99991.02,3.5710445e-06,1.1803212
2019-10-27 12:00:00,10.018341,6.3392944,37.59016,99278.9,0.000110343884,2.4916935
2019-10-28 12:00:00,6.4665527,4.30896,42.025906,98661.36,8.932824e-05,5.3020945
2019-10-29 12:00:00,12.46582,5.7079163,168.1676,100191.5,1.3288404e-05,3.725215
2019-10-30 12:00:00,17.651031,5.9531555,126.35838,100763.305,6.3304384e-08,2.3416286
2019-10-31 12:00:00,17.668915,12.717407,111.63254,99868.734,4.404163e-05,2.4926198
2019-11-01 12:00:00,13.775299,3.4212036,163.3252,99946.58,0.0,1.8756382
2019-11-02 12:00:00,18.783142,7.617859,92.02882,99615.91,6.205747e-07,1.0277894
2019-11-03 12:00:00,14.931854,8.531433,124.46927,99851.46,7.774992e-05,1.5388551
2019-11-04 12:00:00,15.736084,2.5653381,128.02817,99816.21,0.0,1.7662381
2019-11-05 12:00:00,20.515137,12.570953,142.30917,99744.36,4.209026e-06,0.22332795
2019-11-06 12:00:00,20.38034,9.009277,138.2815,100422.21,8.1630367e-07,0.36995545
2019-11-07 12:00:00,19.862335,12.507996,113.339,100247.68,3.5340279e-06,3.2075384
2019-11-08 12:00:00,18.787811,6.2993774,63.460606,99419.71,0.0001919117,3.898706
2019-11-09 12:00:00,9.268677,0.8192749,148.97244,100226.484,3.6972622e-06,1.9363377
2019-11-10 12:00:00,14.088989,2.2212524,147.19109,99980.41,0.0,2.1051238
2019-11-11 12:00:00,12.248108,-1.2913208,95.977974,100235.93,2.940938e-07,1.6903285
2019-11-12 12:00:00,15.110504,7.4092407,144.75804,100061.195,4.06778e-05,2.2438126
2019-11-13 12:00:00,10.37912,-1.5692139,140.14926,101207.914,2.536474e-07,0.7387863
2019-11-14 12:00:00,7.9243164,2.5254211,25.994612,100493.555,0.0001906951,2.6137435
2019-11-15 12:00:00,14.606781,5.7444763,41.68933,99296.96,0.0005477286,1.8650615
2019-11-16 12:00:00,12.231079,1.256073,114.800316,99499.6,1.0510109e-07,2.1650453
2019-11-17 12:00:00,10.132019,5.728424,115.93806,99844.15,5.8137008e-05,4.4230704
2019-11-18 12:00:00,11.213684,-1.0787964,104.9508,100402.805,0.0,1.6965344
2019-11-19 12:00:00,11.529633,6.0311584,89.7759,99514.945,5.920569e-06,3.3741026
2019-11-20 12:00:00,8.875732,-0.7576599,117.862595,100150.67,7.4838965e-07,1.4141923
2019-11-21 12:00:00,13.314545,4.2217712,84.27321,99965.586,8.5599076e-08,1.7853667
2019-11-22 12:00:00,12.368286,-0.973938,128.45831,100701.1,3.6038916e-09,1.237242
2019-11-23 12:00:00,8.112305,4.7375183,24.702993,100556.71,1.3318702e-05,1.2789783
2019-11-24 12:00:00,6.9908447,0.9103699,128.36938,101105.51,4.4291141e-07,2.3039033
2019-11-25 12:00:00,1.7897339,-3.0196533,29.579916,100531.53,5.283174e-05,1.6423577
2019-11-26 12:00:00,3.0990295,-2.636963,73.56881,99584.31,8.07576e-06,1.5642126
2019-11-27 12:00:00,1.5956116,-0.87628174,38.53831,99447.49,6.0092272e-05,2.191593
2019-11-28 12:00:00,0.20825195,-7.0689087,94.1865,99730.4,3.1888867e-06,1.5282991
2019-11-29 12:00:00,4.224457,-5.419098,71.39222,99556.86,4.1779526e-06,2.0798953
2019-11-30 12:00:00,11.122437,3.3614502,48.30378,99037.0,9.88403e-06,3.8170846
2019-12-01 12:00:00,10.79541,-0.3991089,122.776924,99942.695,0.0,1.7454301
2019-12-02 12:00:00,10.722809,-4.566986,103.67752,100862.914,2.2514328e-07,1.9446747
2019-12-03 12:00:00,9.441986,2.4345398,38.54939,99723.055,1.3019298e-05,2.0113587
2019-12-04 12:00:00,15.680664,8.110321,108.984314,98425.3,0.00020942675,2.0083544
2019-12-05 12:00:00,10.254211,0.5715637,109.7247,99825.46,7.477292e-08,3.1129966
2019-12-06 12:00:00,5.1275024,-5.5101013,112.33576,100240.125,8.9208356e-07,1.4844652
2019-12-07 12:00:00,9.554138,-3.858429,99.65271,99911.54,9.941733e-07,2.0160906
2019-12-08 12:00:00,3.4524841,-3.8518066,118.95326,100986.84,1.5397333e-08,3.3019333
2019-12-09 12:00:00,3.6127625,-8.783112,111.3309,101993.09,4.8621615e-07,1.3719265
2019-12-10 12:00:00,7.287262,-7.053772,114.11919,101844.06,1.188882e-10,2.0569181
2019-12-11 12:00:00,10.862518,2.2012024,85.93793,100976.97,3.9097873e-08,3.4359782
2019-12-12 12:00:00,12.688812,5.114258,97.059685,100727.0,5.9798626e-06,3.2050138
2019-12-13 12:00:00,14.590363,7.5990295,67.68626,100309.2,8.678661e-05,3.4448864
2019-12-14 12:00:00,13.413696,5.093506,14.948514,99744.77,0.00032494552,2.2949312
2019-12-15 12:00:00,4.9368286,-1.2769165,37.840523,100161.516,8.097583e-05,3.455476
2019-12-16 12:00:00,0.41125488,-2.8078613,42.111332,100412.53,2.0835516e-05,2.09541
2019-12-17 12:00:00,0.22033691,-1.0022888,64.50117,99526.94,0.00021305152,1.8668296
2019-12-18 12:00:00,0.13693237,-6.5360107,77.757675,99757.58,9.837347e-06,3.4215627
2019-12-19 12:00:00,-3.2113037,-14.889709,117.87624,100687.63,4.580865e-07,2.1353905
2019-12-20 12:00:00,-6.3531494,-14.374725,92.33491,100599.44,1.2462541e-06,1.9472196
2019-12-21 12:00:00,-12.089294,-22.896866,120.312195,101262.57,4.2498066e-08,2.1922276
2019-12-22 12:00:00,-2.6941223,-19.085464,117.9837,100443.664,0.0,3.0687008
2019-12-23 12:00:00,4.674408,-7.641266,100.69959,99863.34,0.0,2.682296
2019-12-24 12:00:00,1.4225159,-9.859955,109.97456,100066.984,5.9925105e-07,1.8784691
2019-12-25 12:00:00,2.128479,-12.224487,67.84691,99588.38,1.0784998e-06,1.2439152
2019-12-26 12:00:00,3.1202087,-12.541412,111.741066,100177.66,1.0821141e-06,0.810827
2019-12-27 12:00:00,12.6293335,0.5862427,75.06604,99845.02,0.0,3.4048314
2019-12-28 12:00:00,9.957397,1.8146973,21.597805,100399.195,0.00034772043,1.6780939
2019-12-29 12:00:00,11.497437,3.6080017,24.07097,99618.266,0.000116660354,3.9221368
2019-12-30 12:00:00,12.182678,3.0303955,48.920937,99194.99,0.000113721115,2.957125
2019-12-31 12:00:00,5.9711914,-7.00589,113.010254,100779.31,2.1417192e-08,1.5890515
2020-01-01 12:00:00,7.601013,-3.1576233,108.288246,100686.4,6.5801427e-09,2.700171
2020-01-02 12:00:00,9.552551,0.10379028,40.135563,99675.89,4.0881623e-05,2.7213235
2020-01-03 12:00:00,8.994751,0.41189575,55.11898,99921.914,4.6282084e-06,3.4445078
2020-01-04 12:00:00,2.5118713,-6.5581665,117.480415,100692.76,1.544301e-06,1.8157145
2020-01-05 12:00:00,7.3000183,-6.6854553,119.6019,100157.9,0.0,2.333535
2020-01-06 12:00:00,5.826111,-2.4119263,56.582424,100188.04,7.770811e-07,1.9703244
2020-01-07 12:00:00,3.7070618,-4.829834,104.53691,100001.445,3.141531e-06,2.376738
2020-01-08 12:00:00,6.0566406,-10.122864,114.532974,99944.31,5.653123e-07,1.6664126
2020-01-09 12:00:00,8.703033,-6.317444,116.58115,99867.695,7.985561e-10,1.6340352
2020-01-10 12:00:00,15.223907,6.1263733,110.83965,99261.65,2.3480603e-05,2.7562544
2020-01-11 12:00:00,14.673523,1.2621765,48.41902,100052.76,8.4987405e-06,2.0489235
2020-01-12 12:00:00,16.510406,9.739319,31.509588,98792.016,0.00013961967,5.013981
2020-01-13 12:00:00,9.571716,0.20019531,121.88511,99820.38,1.5072565e-06,5.75334
2020-01-14 12:00:00,2.9265442,-4.9483643,119.4196,100866.055,0.0,2.327354
2020-01-15 12:00:00,4.6165466,-5.117096,125.953,100921.766,5.1912863e-08,1.2829939
2020-01-16 12:00:00,5.8894653,-4.792145,109.50321,100823.484,4.1338487e-07,1.8562424
2020-01-17 12:00:00,0.9472656,-1.1462708,47.088474,99933.06,8.106848e-05,1.5030589
2020-01-18 12:00:00,1.6917725,-2.0575867,99.21082,100380.93,6.224644e-06,2.7692916
2020-01-19 12:00:00,0.34713745,-10.056488,73.73592,101062.84,6.4324706e-07,0.49437368
2020-01-20 12:00:00,1.961731,-2.6055298,84.029045,100499.83,3.5786994e-05,0.6567589
2020-01-21 12:00:00,0.027862549,-5.772522,68.45117,101009.77,6.123919e-06,1.426426
2020-01-22 12:00:00,3.0772705,-12.049927,133.67287,100491.11,8.9889636e-07,1.7210345
2020-01-23 12:00:00,0.8768921,-9.39975,112.94403,99699.086,1.6011525e-06,1.8494678
2020-01-24 12:00:00,-1.0526123,-8.162964,115.61819,99962.75,1.2270658e-05,2.6426177
2020-01-25 12:00:00,4.594879,-8.40567,65.38119,100172.59,1.2466074e-05,2.3607726
2020-01-26 12:00:00,1.6523132,-1.9616699,52.18701,100365.73,0.00019522918,2.7160416
2020-01-27 12:00:00,-2.0305176,-9.774506,112.72359,101117.77,1.4715592e-06,2.0238535
2020-01-28 12:00:00,-2.7016907,-17.55423,149.42667,101153.664,8.180412e-09,1.2744876
2020-01-29 12:00:00,-1.5431519,-8.866852,82.97617,100495.75,9.08384e-06,1.9553561
2020-01-30 12:00:00,3.2486267,-16.367645,149.51292,101050.12,2.5755156e-08,1.700815
2020-01-31 12:00:00,11.680023,-3.4491272,148.8056,100437.52,0.0,2.7782621
2020-02-01 12:00:00,14.847931,-0.92648315,151.17429,100220.24,0.0,2.9717498
2020-02-02 12:00:00,16.152588,6.300476,133.06964,100202.125,2.446345e-06,3.0921092
2020-02-03 12:00:00,13.073273,1.5553589,88.35128,100607.77,3.2464046e-05,1.1490613
2020-02-04 12:00:00,14.69104,8.345734,49.585857,99363.664,4.6232846e-05,4.580068
2020-02-05 12:00:00,14.872406,5.044739,159.35744,99230.74,5.9360795e-05,4.3766284
2020-02-06 12:00:00,11.349884,-5.272827,161.73714,99705.69,8.4019e-09,2.394744
2020-02-07 12:00:00,7.7436523,-3.2013245,164.8866,100028.32,2.377764e-10,2.2259576
2020-02-08 12:00:00,4.1958923,-8.232422,134.03531,101297.6,2.5974845e-07,2.3045428
2020-02-09 12:00:00,6.025177,-8.00415,138.81065,101862.68,5.1679163e-09,1.1519705
2020-02-10 12:00:00,10.370972,1.0577393,144.23576,101783.25,0.0,2.4132586
2020-02-11 12:00:00,13.0243225,0.6810608,145.11366,101383.11,0.0,1.8717529
2020-02-12 12:00:00,13.549347,-2.9978638,152.41779,101109.01,2.5655674e-11,1.7335777
2020-02-13 12:00:00,16.057037,7.768921,97.42879,100477.11,7.76349e-07,2.592574
2020-02-14 12:00:00,14.71228,5.4028015,124.40846,100893.375,8.869487e-07,1.8491861
2020-02-15 12:00:00,14.191376,4.7724,119.8698,100405.26,1.0825495e-06,2.2595384
2020-02-16 12:00:00,11.418457,6.6961975,63.79624,99995.7,5.7917646e-06,1.6175915
2020-02-17 12:00:00,9.665924,4.5599365,124.96282,100111.3,3.5241703e-06,2.9894285
2020-02-18 12:00:00,10.195465,2.0348816,139.93977,100157.83,3.7904085e-06,0.6390789
2020-02-19 12:00:00,17.06839,3.081726,178.43886,99668.04,0.0,2.6578894
2020-02-20 12:00:00,19.987396,10.0060425,179.07054,99302.375,0.0,3.0319533
2020-02-21 12:00:00,20.261688,5.1534424,110.8279,99682.664,5.7967518e-05,1.1240435
2020-02-22 12:00:00,4.925354,-0.7154236,33.159657,101077.695,0.00023166164,4.2368608
2020-02-23 12:00:00,12.17569,-0.11550903,77.56413,100822.65,1.0983926e-05,2.652138
2020-02-24 12:00:00,17.546173,12.094238,40.054367,99650.66,8.763602e-05,4.692892
2020-02-25 12:00:00,18.88144,8.372772,197.08327,99654.555,8.9280704e-08,3.1737883
2020-02-26 12:00:00,18.170685,5.2010193,140.07324,99969.305,3.2995007e-07,1.8789196
2020-02-27 12:00:00,20.13379,8.134644,183.60765,99948.66,1.3089007e-07,3.0844436
2020-02-28 12:00:00,19.4859,17.46936,45.612362,100062.63,1.9472114e-05,4.7931094
2020-02-29 12:00:00,,,,,,
2020-03-01 12:00:00,19.959564,13.069092,19.218594,99570.91,0.0008843829,3.7965481
2020-03-02 12:00:00,13.056122,7.805176,44.319736,100240.164,0.00010365353,2.655167
2020-03-03 12:00:00,10.508545,6.658905,56.874294,100096.79,2.754785e-05,2.9617615
2020-03-04 12:00:00,12.849274,6.108368,186.47766,99704.02,4.621765e-06,1.89826
2020-03-05 12:00:00,13.80191,2.1350098,214.76326,100012.984,0.0,1.4950964
2020-03-06 12:00:00,15.23999,5.3575134,115.60617,99618.56,5.6337518e-05,2.4632215
2020-03-07 12:00:00,14.499329,11.531708,101.68293,98333.39,0.0002699852,2.7695243
2020-03-08 12:00:00,20.91681,6.379944,221.52853,99713.73,1.3792707e-06,1.4461933
2020-03-09 12:00:00,16.590271,8.604431,60.98643,98919.98,0.00019056114,2.8777962
2020-03-10 12:00:00,13.325134,9.107391,153.40248,97722.59,0.00019153435,3.6624928
2020-03-11 12:00:00,10.584442,0.43423462,171.02489,98467.375,6.0846355e-06,3.4995728
2020-03-12 12:00:00,6.0820007,0.17047119,89.32219,99284.234,5.7942657e-06,4.2377276
2020-03-13 12:00:00,9.125122,-4.1610107,243.06404,99862.43,1.7147635e-06,1.873223
2020-03-14 12:00:00,6.618286,1.5604553,64.8142,99280.08,0.00010605751,3.5011978
2020-03-15 12:00:00,6.1593018,1.6716003,96.47837,98913.02,2.2688288e-05,3.6497264
2020-03-16 12:00:00,13.403473,1.8951111,237.992,99092.1,4.276272e-06,0.2685016
2020-03-17 12:00:00,18.266968,5.1405334,152.57977,98525.06,7.523633e-06,2.9147341
2020-03-18 12:00:00,19.809479,13.172424,215.72156,97601.46,0.00039228617,3.7479205
2020-03-19 12:00:00,14.053528,1.1635742,100.22937,99420.71,1.2836079e-05,4.9120555
2020-03-20 12:00:00,8.2499695,-4.350281,257.22202,100899.17,4.676401e-09,1.3686458
2020-03-21 12:00:00,12.983063,0.09310913,157.75093,100506.01,1.188882e-10,3.0918465
2020-03-22 12:00:00,12.424561,8.431946,49.39596,99507.516,0.00013232871,4.1000338
2020-03-23 12:00:00,12.359741,6.588867,170.99944,98897.21,4.4586704e-06,3.5081816
2020-03-24 12:00:00,12.857513,2.3419495,264.48895,99625.4,1.5479142e-06,2.4932659
2020-03-25 12:00:00,20.098541,6.7327576,173.23239,98958.91,0.0,2.895527
2020-03-26 12:00:00,22.322144,9.931732,257.5415,98316.62,7.0584583e-06,3.885438
2020-03-27 12:00:00,17.0354,4.067108,166.14548,99224.76,7.06973e-05,2.6841836
2020-03-28 12:00:00,8.655579,0.39309692,175.90135,99637.64,0.00013005415,2.811435
2020-03-29 12:00:00,14.186768,2.3495483,157.38846,99543.5,2.7544895e-06,3.4663181
2020-03-30 12:00:00,12.29776,0.9447937,192.98874,100269.57,4.2205338e-05,3.5214434
2020-03-31 12:00:00,1.9748535,-2.9472656,205.34695,100671.086,1.03551e-06,3.826712
2020-04-01 12:00:00,6.509613,-10.416504,286.17838,100734.836,1.1122568e-08,1.7949678
2020-04-02 12:00:00,19.996643,-1.5692444,252.42567,100169.24,0.0,3.2352529
2020-04-03 12:00:00,21.083496,8.747925,279.633,99953.52,7.4888336e-09,1.4434975
2020-04-04 12:00:00,22.913574,10.968597,278.54138,99772.586,0.0,3.4542923
2020-04-05 12:00:00,20.662933,14.713989,97.59613,99770.81,3.4657616e-05,4.2947965
2020-04-06 12:00:00,16.44519,11.7308655,36.200317,99726.4,0.00019273142,1.8022137
2020-04-07 12:00:00,11.582123,4.8286133,102.95895,100375.69,6.733583e-05,4.0715466
2020-04-08 12:00:00,6.1391907,0.3321228,112.286316,100974.164,3.3718195e-05,2.554124
2020-04-09 12:00:00,9.437286,-4.0771484,296.5856,101117.06,3.030992e-07,2.894174
2020-04-10 12:00:00,9.371277,-3.5823364,226.36368,101337.52,0.0,3.4087293
2020-04-11 12:00:00,7.2721863,2.247345,123.64366,100850.26,3.8840526e-06,3.0247662
2020-04-12 12:00:00,12.138397,3.5048218,215.60678,100359.984,4.4316066e-06,2.5456123
2020-04-13 12:00:00,20.112335,0.578125,298.19424,100610.09,0.0,1.4997011
2020-04-14 12:00:00,23.73758,5.406189,301.83112,100927.984,0.0,2.1580732
2020-04-15 12:00:00,26.36737,8.467255,266.14914,100799.836,0.0,1.238205
2020-04-16 12:00:00,26.454132,11.300781,290.10522,100405.46,0.0,2.1818626
2020-04-17 12:00:00,27.231354,13.550049,286.0795,100226.195,0.0,2.1893592
2020-04-18 12:00:00,27.165558,13.874908,254.26631,99966.72,7.502081e-07,2.0254338
2020-04-19 12:00:00,25.214233,15.926788,84.05248,99524.77,1.809691e-05,1.5708185
2020-04-20 12:00:00,19.186523,12.289429,153.31961,99451.555,8.087214e-06,3.1747155
2020-04-21 12:00:00,19.52124,6.249054,315.81665,100023.93,0.0,3.7452319
2020-04-22 12:00:00,22.089844,8.194214,287.32797,100219.7,0.0,3.4439378
2020-04-23 12:00:00,22.311462,16.219604,143.8003,100142.555,5.6222474e-05,2.9928875
2020-04-24 12:00:00,20.15213,15.292175,56.722336,99806.29,0.00032221095,2.772698
2020-04-25 12:00:00,17.932037,15.583466,91.47826,99570.52,1.6575867e-05,1.988782
2020-04-26 12:00:00,18.046936,8.184692,190.77954,99961.97,1.5249437e-06,3.7181132
2020-04-27 12:00:00,18.915527,4.6223755,326.752,99862.71,0.0,2.6514945
2020-04-28 12:00:00,21.074188,9.502563,271.2062,99929.97,0.0,1.3939775
2020-04-29 12:00:00,24.625183,8.304352,329.04684,99951.45,0.0,1.0030327
2020-04-30 12:00:00,22.984375,15.348114,92.5569,99273.46,3.2793556e-05,2.6200397
2020-05-01 12:00:00,17.437073,8.290955,323.45328,99132.25,0.0003883571,3.9050317
2020-05-02 12:00:00,14.161926,4.384308,261.9305,99831.055,2.0863792e-08,2.420428
2020-05-03 12:00:00,19.134613,6.84494,308.3053,99854.37,2.4727937e-08,2.4938548
2020-05-04 12:00:00,25.205688,13.543518,265.32944,99771.73,6.0385926e-05,3.995567
2020-05-05 12:00:00,25.151184,18.56842,181.636,100131.125,9.975639e-05,3.0365446
2020-05-06 12:00:00,30.455963,19.656555,310.15955,100624.26,0.0,3.3301435
2020-05-07 12:00:00,30.617523,17.334381,311.42474,101143.98,0.0,1.7158918
2020-05-08 12:00:00,31.410034,15.788544,300.89966,101042.48,0.0,2.2821906
2020-05-09 12:00:00,29.797882,16.544312,276.128,100651.92,0.0,2.2376158
2020-05-10 12:00:00,27.06842,17.30893,135.80049,100397.75,8.867045e-05,1.5372738
2020-05-11 12:00:00,20.97528,11.779144,151.47867,100384.6,2.1025293e-05,2.6129372
2020-05-12 12:00:00,20.055878,10.719086,337.33603,99928.95,1.8371669e-08,1.2625853
2020-05-13 12:00:00,19.097687,12.48703,204.04303,99265.39,1.7289525e-05,2.078151
2020-05-14 12:00:00,16.51413,6.7691956,288.06833,99737.35,1.4949333e-07,2.9262881
2020-05-15 12:00:00,21.216858,8.077332,343.95612,100130.79,2.5655674e-11,2.5651627
2020-05-16 12:00:00,23.324066,7.5389404,346.9042,100106.836,0.0,0.8559165
2020-05-17 12:00:00,24.64383,9.0625305,348.2035,100092.34,0.0,1.3834728
2020-05-18 12:00:00,27.050476,10.576752,349.5379,99885.89,0.0,1.3017888
2020-05-19 12:00:00,29.213501,11.545898,337.3355,99578.12,0.0,1.7674488
2020-05-20 12:00:00,30.450867,15.450745,262.9527,99176.805,0.0,2.7186072
2020-05-21 12:00:00,28.731293,19.412933,170.09386,98636.84,2.5203492e-05,3.5673828
2020-05-22 12:00:00,27.039246,15.259735,345.5423,98657.51,0.00012614591,2.268952
2020-05-23 12:00:00,28.562317,16.318024,268.21692,98488.59,1.5178406e-07,1.2332166
2020-05-24 12:00:00,27.881897,18.543243,334.9876,98405.39,2.1037652e-09,2.9773102
2020-05-25 12:00:00,26.282776,13.826477,346.95248,99086.3,0.0,2.1012244
2020-05-26 12:00:00,27.113617,12.990601,353.1667,99549.63,0.0,2.003525
2020-05-27 12:00:00,25.954254,13.923798,305.67252,99671.625,0.0,0.61857843
2020-05-28 12:00:00,29.601746,16.886383,227.10278,99725.92,6.3124084e-05,1.9384208
2020-05-29 12:00:00,34.419647,20.943268,343.86615,99787.33,0.0,2.781038
2020-05-30 12:00:00,35.40387,20.685974,344.84897,100157.07,0.0,2.0315297
2020-05-31 12:00:00,36.592194,21.726562,340.11243,100071.016,5.7541893e-08,1.783002
2020-06-01 12:00:00,36.33844,21.028717,309.01868,99623.945,5.5335786e-05,0.98427737
2020-06-02 12:00:00,31.190155,20.86145,232.95183,99370.32,6.986823e-05,1.9651189
2020-06-03 12:00:00,29.73169,22.251099,225.73973,99572.86,6.869385e-05,2.4557233
2020-06-04 12:00:00,35.15811,22.951965,341.64307,99672.65,0.0,2.0655363
2020-06-05 12:00:00,36.706512,24.327606,319.08804,99547.14,7.1738104e-05,1.7227596
2020-06-06 12:00:00,31.947815,21.427734,332.7339,99370.63,4.3269218e-05,1.0902184
2020-06-07 12:00:00,35.05194,22.406769,283.45743,98963.89,4.667902e-05,0.50731844
2020-06-08 12:00:00,28.294617,19.918945,314.75278,99148.58,6.3612526e-05,2.1482522
2020-06-09 12:00:00,33.309998,16.224762,353.76166,99340.05,0.0,1.3547467
2020-06-10 12:00:00,34.025757,22.29184,211.71654,99688.21,0.0,1.859345
2020-06-11 12:00:00,32.970245,20.666199,202.86029,100183.055,3.0290515e-05,1.0310055
2020-06-12 12:00:00,26.556305,16.88092,244.93907,100769.36,1.9159103e-05,1.5676392
2020-06-13 12:00:00,25.209015,15.338043,95.97412,100503.65,0.00035574537,2.0128987
2020-06-14 12:00:00,26.86612,15.880615,243.85849,100109.64,2.2113207e-08,0.7041455
2020-06-15 12:00:00,24.190308,15.488861,356.09756,100235.25,7.133293e-10,3.6538095
2020-06-16 12:00:00,23.635254,13.489624,294.34756,100413.99,0.0,2.9501128
2020-06-17 12:00:00,24.158997,13.736755,211.68304,100392.31,0.0,2.100814
2020-06-18 12:00:00,26.885254,14.316956,355.22858,100488.38,0.0,1.5881582
2020-06-19 12:00:00,30.088501,14.141571,345.77365,100624.66,0.0,0.6769003
2020-06-20 12:00:00,29.095825,20.19577,161.76076,100411.17,4.858237e-06,1.9780741
2020-06-21 12:00:00,25.948853,19.428955,111.90639,99860.016,0.0003191973,2.1039777
2020-06-22 12:00:00,27.967804,20.950592,183.75601,99605.914,5.99596e-05,1.8634515
2020-06-23 12:00:00,32.16205,20.398407,293.71704,99920.61,7.9355704e-07,1.1895968
2020-06-24 12:00:00,32.530823,21.6362,281.12054,99912.27,5.7957086e-06,1.9453552
2020-06-25 12:00:00,32.204437,20.416046,252.56757,100017.0,0.00050266,0.8129871
2020-06-26 12:00:00,34.369415,23.08252,339.92047,100108.6,0.0,2.0018928
2020-06-27 12:00:00,34.690613,23.78482,349.6272,100305.945,0.0,2.7536294
2020-06-28 12:00:00,35.81421,24.311096,347.99847,100316.13,0.0,2.5949354
2020-06-29 12:00:00,36.860443,23.83191,348.49954,100374.38,0.0,2.0206513
2020-06-30 12:00:00,38.244354,24.575867,343.71634,100362.016,9.38534e-06,1.4815556
2020-07-01 12:00:00,37.63269,22.383942,237.84616,100077.87,6.2732164e-05,0.6776544
2020-07-02 12:00:00,37.16971,23.414215,332.73358,99661.734,0.0,0.9197346
2020-07-03 12:00:00,36.36853,22.053253,273.36328,99636.17,0.00011500773,0.41485456
2020-07-04 12:00:00,33.80783,24.765442,315.2933,99750.99,0.0,2.3524384
2020-07-05 12:00:00,32.00067,24.657928,219.63237,99782.805,8.612599e-06,2.4463995
2020-07-06 12:00:00,34.437653,23.799316,335.39456,99395.94,4.8669015e-05,0.50398475
2020-07-07 12:00:00,32.904724,21.572998,295.9829,99346.75,0.00011793998,1.2575179
2020-07-08 12:00:00,33.873016,22.397034,337.64594,99593.37,2.9879098e-07,1.5740457
2020-07-09 12:00:00,36.197174,20.74356,345.34253,99536.82,0.0,0.38193244
2020-07-10 12:00:00,37.98239,23.660492,329.09882,99330.07,0.0,1.0764283
2020-07-11 12:00:00,36.702057,25.423218,289.25217,99345.84,2.4170355e-05,2.415937
2020-07-12 12:00:00,35.851715,24.039825,283.60193,99583.68,2.3700159e-05,2.0808358
2020-07-13 12:00:00,36.390778,24.82898,266.9632,99659.38,1.0241603e-05,1.0396702
2020-07-14 12:00:00,37.743896,25.899963,253.9861,99543.055,6.839494e-05,1.1095864
2020-07-15 12:00:00,35.90039,24.648682,326.39447,99271.57,0.0,2.2893376
2020-07-16 12:00:00,35.479095,24.052979,302.52866,98956.43,0.0,2.1407382
2020-07-17 12:00:00,34.365387,23.905304,249.50993,99157.56,4.5840883e-05,2.1583743
2020-07-18 12:00:00,34.10385,23.123291,313.7629,99571.25,0.0,2.329861
2020-07-19 12:00:00,33.51349,19.463654,343.834,99882.45,0.0,2.477807
2020-07-20 12:00:00,35.022125,17.651672,339.66763,99988.03,0.0,1.6773274
2020-07-21 12:00:00,36.1308,21.324646,336.87543,99986.336,0.0,1.8042687
2020-07-22 12:00:00,36.782806,22.021149,312.25372,99824.43,0.0,2.120283
2020-07-23 12:00:00,36.29532,23.979553,309.48264,99782.31,5.563968e-08,2.7042754
2020-07-24 12:00:00,34.843018,24.88733,246.54344,99868.17,1.9396529e-08,2.774047
2020-07-25 12:00:00,32.64926,24.463074,233.13899,100043.766,1.1678399e-05,2.8166733
2020-07-26 12:00:00,35.06787,22.397095,233.51114,100093.164,4.673221e-05,2.9866505
2020-07-27 12:00:00,38.26883,26.1698,324.25992,100014.79,0.0,2.4913554
2020-07-28 12:00:00,38.88571,26.126617,312.2075,99994.09,2.8761395e-05,1.5059842
2020-07-29 12:00:00,39.00052,26.235016,273.92444,100076.62,5.9529837e-05,1.3600672
2020-07-30 12:00:00,39.654602,25.232605,252.63731,100215.125,8.527823e-05,0.5116734
2020-07-31 12:00:00,38.53003,22.430725,312.2496,100148.53,0.00013322035,0.5516412
2020-08-01 12:00:00,36.418762,23.339996,261.48456,99711.7,4.482824e-05,0.70545673
2020-08-02 12:00:00,33.374268,23.245453,244.46236,99441.68,5.1198214e-05,1.2395191
2020-08-03 12:00:00,33.971863,21.862183,307.95233,99501.47,0.0001506556,2.2494812
2020-08-04 12:00:00,34.145233,23.101257,313.3274,99784.23,0.0,1.7828194
2020-08-05 12:00:00,36.542175,23.78775,317.84134,99804.805,8.947726e-07,1.1777383
2020-08-06 12:00:00,37.423737,23.896881,260.16928,99517.05,1.7282711e-06,0.8113876
2020-08-07 12:00:00,39.667816,24.440674,293.86133,99121.28,5.748055e-05,2.4789915
2020-08-08 12:00:00,33.183228,22.256378,303.73013,99279.625,2.5595273e-05,1.3450823
2020-08-09 12:00:00,37.642273,23.12445,296.45538,99407.2,3.2815522e-05,0.54257846
2020-08-10 12:00:00,31.84253,21.630737,173.73264,99410.17,0.00010571427,1.210674
2020-08-11 12:00:00,30.328278,20.104095,240.49286,99653.32,3.699882e-05,1.2074622
2020-08-12 12:00:00,32.370605,18.82483,308.4181,99971.375,7.2598127e-06,0.32202312
2020-08-13 12:00:00,34.11566,20.52246,277.94955,99996.04,3.28796e-06,1.3812709
2020-08-14 12:00:00,34.47525,20.45929,308.84116,99959.516,0.0,1.3727949
2020-08-15 12:00:00,33.775146,22.059723,268.2569,99676.85,0.0,1.6252464
2020-08-16 12:00:00,35.874084,24.83319,303.1801,99408.516,0.0,2.3222091
2020-08-17 12:00:00,34.353912,17.782227,306.824,99618.55,0.0,2.516787
2020-08-18 12:00:00,28.173645,15.540283,314.26266,100127.49,0.0,2.049291
2020-08-19 12:00:00,30.44577,14.803375,312.2471,100121.016,0.0,1.7940168
2020-08-20 12:00:00,32.864594,14.75415,309.3607,100082.06,0.0,1.5366344
2020-08-21 12:00:00,34.495544,16.31903,306.1501,100173.93,0.0,1.3077302
2020-08-22 12:00:00,34.957153,18.70456,302.7471,100179.76,0.0,2.0358794
2020-08-23 12:00:00,35.281982,21.276764,256.15472,100264.51,0.0,1.9181564
2020-08-24 12:00:00,35.639587,23.471893,260.60718,100375.85,2.048076e-07,1.6969333
2020-08-25 12:00:00,34.867004,23.841766,220.19238,100525.625,1.1776095e-05,1.4644184
2020-08-26 12:00:00,35.06128,21.076843,249.79312,100632.945,2.5719096e-06,1.3826517
2020-08-27 12:00:00,34.809753,22.092896,241.33725,100493.57,0.0,1.4144698
2020-08-28 12:00:00,34.553223,23.616455,267.93073,100406.836,2.7186617e-05,1.4605188
2020-08-29 12:00:00,35.792236,23.952484,247.87773,100304.625,5.8464474e-07,1.6572702
2020-08-30 12:00:00,36.406433,22.945587,247.62524,100092.82,4.984949e-07,1.3410698
2020-08-31 12:00:00,37.406708,25.574493,278.09296,99691.414,0.0,1.9473822
2020-09-01 12:00:00,38.4657,26.751038,250.3773,99350.13,1.6937844e-05,1.6844026
2020-09-02 12:00:00,29.674072,20.815704,129.55254,99884.03,2.5352738e-05,3.084692
2020-09-03 12:00:00,29.046753,13.253601,286.1567,100416.57,0.0,1.9745896
2020-09-04 12:00:00,34.790558,16.448029,267.49628,99971.734,0.0,2.230504
2020-09-05 12:00:00,36.69458,23.18216,274.3892,99629.32,0.0,0.43595293
2020-09-06 12:00:00,38.47116,21.635101,241.67993,99647.016,2.6618309e-05,1.3841535
2020-09-07 12:00:00,37.701996,21.863129,266.52005,99368.92,0.0,1.6939869
2020-09-08 12:00:00,32.468964,18.533295,268.93362,99887.914,0.0,1.5259717
2020-09-09 12:00:00,34.912506,18.998016,265.1372,99874.65,0.0,2.0762765
2020-09-10 12:00:00,37.383667,18.944153,262.9731,99745.766,0.0,2.3779094
2020-09-11 12:00:00,36.826904,26.818909,211.745,99786.15,2.072698e-06,2.663271
2020-09-12 12:00:00,36.67459,23.50064,216.76572,99795.76,0.00011875838,2.6839874
2020-09-13 12:00:00,32.73584,21.405548,225.3759,99702.34,9.16505e-06,1.2576816
2020-09-14 12:00:00,32.989075,20.493134,203.03378,99547.78,0.00016391475,1.7548162
2020-09-15 12:00:00,33.20874,20.882324,240.77606,99461.13,0.00017544738,1.702868
2020-09-16 12:00:00,31.295837,20.447815,176.86887,99659.31,0.00013399363,2.3162377
2020-09-17 12:00:00,30.91034,20.681,218.08968,99871.68,0.00012423968,1.3324889
2020-09-18 12:00:00,26.106842,19.983765,151.4641,99992.94,0.00016118227,1.7305156
2020-09-19 12:00:00,29.7146,18.237366,245.0847,100258.21,0.0,1.6757245
2020-09-20 12:00:00,32.21875,18.680298,242.27675,100261.55,0.0,1.4190373
2020-09-21 12:00:00,32.89386,19.15863,234.55457,100178.83,0.0,1.6386399
2020-09-22 12:00:00,32.553467,23.054718,217.33553,100112.71,0.0,1.6641748
2020-09-23 12:00:00,33.85135,21.451538,231.0434,100160.65,0.0,0.9751043
2020-09-24 12:00:00,33.9122,22.483978,226.17291,99996.23,0.0,2.1407773
2020-09-25 12:00:00,31.38028,21.093964,218.86841,100125.78,1.8296561e-05,1.7657454
2020-09-26 12:00:00,29.037323,14.606232,231.77,100072.086,0.0,0.8607587
2020-09-27 12:00:00,27.698639,18.767517,198.74794,100109.5,0.0,2.3436308
2020-09-28 12:00:00,28.104614,18.297394,131.08072,100004.57,0.0,1.9329484
2020-09-29 12:00:00,27.941345,20.71997,83.593895,99531.664,9.184437e-06,2.3803508
2020-09-30 12:00:00,23.895172,13.848755,69.85522,99708.93,0.00035728258,2.0533607
2020-10-01 12:00:00,19.648712,9.618286,218.3096,100209.41,0.0,1.1173342
2020-10-02 12:00:00,23.46466,12.19751,178.30527,99742.99,2.2659216e-10,1.4863977
2020-10-03 12:00:00,21.765442,10.973724,223.97485,99832.39,0.0,2.1681163
2020-10-04 12:00:00,26.788727,10.667694,215.25728,99930.84,0.0,2.5468934
2020-10-05 12:00:00,23.822388,15.746033,197.89922,100590.17,3.5072247e-07,1.6800771
2020-10-06 12:00:00,20.865936,7.8359375,214.6866,100916.91,0.0,0.75035816
2020-10-07 12:00:00,23.858063,10.558228,179.18642,100064.695,0.0,2.3425393
2020-10-08 12:00:00,20.601593,7.856415,215.61745,100424.49,0.0,3.3265104
2020-10-09 12:00:00,17.032196,3.9095154,213.21855,100843.14,0.0,1.6674482
2020-10-10 12:00:00,20.139801,6.3036804,200.78148,100682.125,0.0,1.9090626
2020-10-11 12:00:00,23.850037,9.206146,198.64635,100038.2,0.0,1.6756389
2020-10-12 12:00:00,17.902374,9.619415,40.743496,100203.9,5.146737e-05,2.6986756
2020-10-13 12:00:00,12.328125,3.6857605,179.91446,100503.85,1.782679e-06,2.6597695
2020-10-14 12:00:00,14.842224,2.3394775,203.36893,100672.7,5.7809462e-08,1.5208223
2020-10-15 12:00:00,18.17279,2.0203857,197.54659,100474.01,0.0,1.4766903
2020-10-16 12:00:00,21.934998,7.155426,168.20798,100337.07,0.0,1.7135582
2020-10-17 12:00:00,23.373474,8.559479,181.25911,99787.266,0.0,2.7250369
2020-10-18 12:00:00,24.83194,14.942108,145.36765,99043.695,2.8902983e-05,2.8967385
2020-10-19 12:00:00,23.833923,15.228058,159.1639,98731.67,8.0288444e-08,2.3484962
2020-10-20 12:00:00,21.513885,14.977112,62.647034,98482.664,6.839844e-05,2.8683975
2020-10-21 12:00:00,18.248718,12.058533,93.13633,97970.98,2.816032e-05,3.0330443
2020-10-22 12:00:00,14.026764,8.352112,89.048416,98218.33,3.3481479e-06,2.8070378
2020-10-23 12:00:00,12.759949,8.13147,54.2359,99450.234,8.671994e-05,1.96381
2020-10-24 12:00:00,16.663818,4.4687805,180.16081,100678.99,4.177376e-07,1.2948171
2020-10-25 12:00:00,12.201599,7.9913635,57.035046,100877.91,2.7342327e-05,0.8855858
2020-10-26 12:00:00,18.144562,4.480774,170.04126,100823.89,1.7984569e-08,1.2824988
2020-10-27 12:00:00,22.10028,8.992798,167.88962,100207.72,0.0,3.6383421
2020-10-28 12:00:00,19.142883,9.262146,138.75548,100361.98,1.5377214e-05,2.9318218
2020-10-29 12:00:00,10.405151,1.1116028,173.55826,101024.766,2.006535e-08,1.9838923
2020-10-30 12:00:00,14.150024,0.83221436,168.02832,100179.02,1.4423497e-07,2.490036
2020-10-31 12:00:00,13.666992,5.096527,149.74477,99972.586,0.0,1.3177124
2020-11-01 12:00:00,14.973328,1.9362793,157.56541,100219.83,0.0,1.3285384
2020-11-02 12:00:00,10.98288,7.6246643,40.119087,100007.12,7.8501425e-06,0.5492354
2020-11-03 12:00:00,9.402985,4.4598083,101.107,100480.59,5.8912015e-06,1.646914
2020-11-04 12:00:00,12.439423,0.2562561,118.16301,100502.86,5.6327485e-07,1.3444297
2020-11-05 12:00:00,12.764557,-1.7362976,156.74126,100703.04,0.0,0.84429055
2020-11-06 12:00:00,15.057251,2.0313416,156.52248,100704.84,0.0,2.5098147
2020-11-07 12:00:00,14.485321,0.5238037,124.36701,100840.695,0.0,0.9372419
2020-11-08 12:00:00,11.792328,5.6732483,65.62625,101250.555,0.0,2.9069967
2020-11-09 12:00:00,12.101288,1.2958069,153.34752,101430.625,0.0,2.4653082
2020-11-10 12:00:00,11.888123,-2.8308105,150.55232,101328.86,1.6802089e-07,1.6412681
2020-11-11 12:00:00,12.66095,-2.4950867,147.2532,101010.14,4.2582133e-08,0.90382224
2020-11-12 12:00:00,14.409668,-1.152008,144.60893,100884.016,0.0,1.7297088
2020-11-13 12:00:00,11.780823,0.8253784,131.3202,100609.32,1.2466072e-06,2.0740569
2020-11-14 12:00:00,10.020294,-0.4506836,96.769585,100499.234,1.5178534e-06,1.5378051
2020-11-15 12:00:00,13.476501,5.4305725,100.45695,99999.625,1.410686e-06,2.439404
2020-11-16 12:00:00,16.808533,11.630371,63.90051,99176.484,0.00011019798,3.7487855
2020-11-17 12:00:00,15.14386,11.756531,15.366104,98524.6,0.0006969147,2.525949
2020-11-18 12:00:00,15.405579,9.774384,117.04414,97934.02,0.00015732134,2.9758415
2020-11-19 12:00:00,15.110657,4.6459656,133.85619,99030.03,1.9264787e-06,2.72036
2020-11-20 12:00:00,15.643127,11.218231,46.878433,98874.41,0.00017309091,3.839087
2020-11-21 12:00:00,17.810944,6.235321,70.991875,99163.73,1.5632459e-05,3.7474957
2020-11-22 12:00:00,8.580414,0.9873047,129.17789,100177.51,3.1767362e-07,1.5955683
2020-11-23 12:00:00,5.888611,1.5867004,44.913074,100749.516,8.7633225e-06,3.0872245
2020-11-24 12:00:00,7.2070007,-2.5753784,113.94031,101131.16,2.1565438e-06,1.5058221
2020-11-25 12:00:00,11.004242,0.28164673,97.41431,100806.44,0.0,2.7229364
2020-11-26 12:00:00,12.017395,6.1227417,51.011692,100603.36,1.1201839e-07,1.8513688
2020-11-27 12:00:00,12.172943,6.54718,64.24439,100133.45,5.4219738e-05,1.220907
2020-11-28 12:00:00,10.783142,6.244568,47.97236,100587.805,9.079161e-06,1.1386971
2020-11-29 12:00:00,9.241638,4.8315125,44.73214,100923.33,7.2983084e-06,1.5197678
2020-11-30 12:00:00,8.928955,6.4887695,36.721252,100607.96,1.4528456e-05,1.7333279
2020-12-01 12:00:00,13.966492,8.037628,80.153564,100218.72,7.0150745e-06,2.0114765
2020-12-02 12:00:00,10.367401,4.1661987,101.84602,100573.61,7.6004903e-07,2.7202969
2020-12-03 12:00:00,8.236542,-2.1574707,114.85087,100867.945,1.4162003e-06,1.10045
2020-12-04 12:00:00,8.721466,-2.229126,102.84738,100502.414,9.033846e-07,1.9746442
2020-12-05 12:00:00,10.811951,3.6230469,82.48009,100696.664,2.138005e-06,1.1698588
2020-12-06 12:00:00,11.135345,4.270294,31.150143,100265.64,8.23023e-06,1.9172637
2020-12-07 12:00:00,11.210693,9.425568,28.459377,99145.664,3.2017317e-05,2.27547
2020-12-08 12:00:00,9.557434,3.329956,37.57572,99701.734,5.3045394e-05,2.9065564
2020-12-09 12:00:00,6.256714,-0.9281006,116.70295,100679.125,4.023062e-06,1.6565995
2020-12-10 12:00:00,3.694458,-3.281952,74.01366,100812.06,2.6308555e-06,2.2267516
2020-12-11 12:00:00,4.7364197,-3.572113,108.94514,101077.625,9.0875903e-07,1.8992375
2020-12-12 12:00:00,9.358887,-3.030365,109.48607,100495.375,8.8348617e-07,2.0688117
2020-12-13 12:00:00,4.840088,-1.4949341,38.201332,100695.47,8.538699e-06,2.4940581
2020-12-14 12:00:00,0.96865845,-6.527069,116.54614,101096.72,2.6550337e-09,0.6348837
2020-12-15 12:00:00,1.3244324,-4.998352,39.974625,100414.02,2.5312545e-06,2.1301017
2020-12-16 12:00:00,5.8627014,-2.6974792,108.33857,100258.15,1.2814824e-06,1.0887237
2020-12-17 12:00:00,3.6232605,-4.701416,92.92394,100652.625,1.0115783e-06,1.0961034
2020-12-18 12:00:00,6.8685303,-2.6586304,101.56439,99740.414,6.422438e-07,1.7492226
2020-12-19 12:00:00,7.6208496,-0.19140625,67.300766,99733.13,7.335965e-07,0.65869415
2020-12-20 12:00:00,15.146332,3.8050232,59.177258,99233.06,1.1542515e-05,2.899894
2020-12-21 12:00:00,18.287048,5.3958435,48.64638,98869.4,9.750884e-05,3.2557867
2020-12-22 12:00:00,8.298523,-0.67303467,104.35124,100266.24,7.503401e-07,0.8807966
2020-12-23 12:00:00,7.6954346,-4.640259,108.51387,100578.35,1.0741617e-06,0.58905035
2020-12-24 12:00:00,0.8656616,-6.64447,66.77666,100949.125,2.879489e-08,1.5745872
2020-12-25 12:00:00,8.367767,-1.0494385,88.17027,99951.305,1.8729603e-05,2.5437407
2020-12-26 12:00:00,12.069031,7.260803,20.764135,98840.57,0.0002260995,3.5733154
2020-12-27 12:00:00,15.076538,7.230316,63.289993,97569.47,0.00022770699,3.036709
2020-12-28 12:00:00,6.611084,-2.8912659,52.405243,97828.83,2.7918391e-05,4.471366
2020-12-29 12:00:00,1.7078857,-1.6077576,107.47455,98837.33,5.499143e-06,4.517704
2020-12-30 12:00:00,3.7770996,-7.551117,116.03721,99353.68,7.368802e-08,2.387911
2020-12-31 12:00:00,3.7878418,-6.9060974,118.2005,99682.87,1.3949878e-08,1.8883096
2021-01-01 12:00:00,6.770752,-9.151245,66.96697,100085.305,1.3869031e-07,2.285547
2021-01-02 12:00:00,15.555542,5.538849,109.82933,99853.47,0.0,4.4867826
2021-01-03 12:00:00,16.609497,12.880005,75.56616,100394.56,9.031255e-06,4.126288
2021-01-04 12:00:00,16.853088,9.908508,102.782364,100929.266,1.7812907e-06,3.3457236
2021-01-05 12:00:00,17.021423,8.611328,97.69492,100436.01,0.0,3.3587961
2021-01-06 12:00:00,14.788574,2.2130127,13.211975,99458.76,0.0003752269,1.1147363
2021-01-07 12:00:00,2.348297,-8.482025,79.21314,98925.15,9.4757015e-05,5.180638
2021-01-08 12:00:00,-6.8101196,-18.532318,78.62433,100466.94,4.871801e-06,4.6746254
2021-01-09 12:00:00,-0.22232056,-18.689072,112.503136,100305.4,1.2460726e-08,3.0724015
2021-01-10 12:00:00,3.6330566,-0.40774536,51.057705,99196.35,2.2528218e-05,3.2191525
2021-01-11 12:00:00,1.1255798,-11.317871,116.107155,99873.98,5.359053e-07,3.5185318
2021-01-12 12:00:00,-4.5920715,-14.660919,59.083374,100183.29,3.5099747e-05,0.7661782
2021-01-13 12:00:00,-8.513428,-23.022964,131.74942,101766.46,1.6170183e-05,3.7487953
2021-01-14 12:00:00,-10.814636,-20.614456,34.841537,102032.664,3.8491944e-05,1.9575654
2021-01-15 12:00:00,-2.355011,-17.781113,129.90509,101733.375,5.0207416e-07,1.1906763
2021-01-16 12:00:00,1.793335,-12.269745,124.79104,101419.68,1.8550425e-08,2.0496676
2021-01-17 12:00:00,10.643524,-9.117004,128.69554,100794.25,1.2827837e-11,2.049702
2021-01-18 12:00:00,11.233154,-3.4639893,65.54426,100288.555,8.655516e-06,2.4246366
2021-01-19 12:00:00,6.2333984,0.76101685,22.182,100178.76,0.000102936254,0.1868101
2021-01-20 12:00:00,0.8265686,-0.6716614,50.586826,99863.8,0.00021203201,2.4844415
2021-01-21 12:00:00,7.174408,0.07946777,38.52389,99682.18,3.8567265e-05,1.8180878
2021-01-22 12:00:00,11.365021,2.1125488,117.569626,98693.36,0.00017086066,2.738525
2021-01-23 12:00:00,1.9117737,-4.8084106,140.28067,100174.61,4.718867e-07,3.6165464
2021-01-24 12:00:00,-4.582184,-9.746979,127.87187,101153.42,1.4602246e-06,2.9145844
2021-01-25 12:00:00,0.24676514,-12.006012,142.15356,101424.36,4.5540705e-07,2.8628051
2021-01-26 12:00:00,0.15805054,-1.9970398,34.24998,100206.63,0.00018905089,1.9677272
2021-01-27 12:00:00,0.0028076172,-9.962219,148.73738,100326.16,1.4459305e-05,4.9905653
2021-01-28 12:00:00,-9.209778,-19.820267,148.33212,102082.305,5.4342838e-08,2.7610252
2021-01-29 12:00:00,-10.354095,-20.549225,118.55122,102427.66,0.0,1.9171042
2021-01-30 12:00:00,-6.5588684,-17.000793,51.175724,101917.82,1.1997083e-05,1.1667227
2021-01-31 12:00:00,-2.2797546,-7.2028503,82.3569,100660.68,7.301974e-05,1.0073932
2021-02-01 12:00:00,-3.421692,-6.3847656,115.9698,99949.125,8.511537e-05,3.6119683
2021-02-02 12:00:00,-5.1219482,-10.818665,163.14458,100727.03,3.3371061e-06,3.8123283
2021-02-03 12:00:00,-0.77633667,-18.17482,155.74706,100972.31,2.8696093e-08,1.7254875
2021-02-04 12:00:00,-0.5692749,-16.846191,161.47762,101029.2,1.518096e-07,1.8631465
2021-02-05 12:00:00,6.317871,-13.298218,164.32605,100475.01,0.0,2.4773905
2021-02-06 12:00:00,3.1024475,-9.286865,167.3547,100085.8,2.1250997e-10,1.7601964
2021-02-07 12:00:00,4.670868,-15.115814,170.86734,99737.06,0.0,2.6022134
2021-02-08 12:00:00,2.933258,-8.20459,163.69324,100165.664,1.8177609e-07,3.4590456
2021-02-09 12:00:00,5.976227,-17.629318,167.29543,100180.99,0.0,2.3316264
2021-02-10 12:00:00,2.6217957,-5.770752,69.80136,99535.87,2.5040548e-05,0.23905759
2021-02-11 12:00:00,-0.30526733,-6.6937866,159.12158,100260.22,5.7802157e-05,4.4659834
2021-02-12 12:00:00,-5.2880554,-23.227737,184.0724,101068.82,0.0,1.8630517
2021-02-13 12:00:00,-0.1600647,-20.09784,183.52345,100913.805,0.0,1.7254283
2021-02-14 12:00:00,6.1507874,-15.095184,180.22327,100891.66,0.0,1.626552
2021-02-15 12:00:00,8.390198,-9.308105,182.24327,100588.98,0.0,1.9587548
2021-02-16 12:00:00,14.501251,-2.2375183,179.1893,99716.195,0.0,2.958429
2021-02-17 12:00:00,11.609314,-4.7779236,186.40012,99925.33,1.9755335e-10,2.2628136
2021-02-18 12:00:00,13.006897,-5.013214,168.14081,99731.75,0.0,1.3453813
2021-02-19 12:00:00,5.4217224,-4.5749817,164.22365,100744.01,0.0,4.037286
2021-02-20 12:00:00,-4.5005493,-12.871674,199.12816,101305.984,1.3632244e-08,3.0890691
2021-02-21 12:00:00,8.403473,-9.438171,191.78467,100354.125,0.0,3.0114453
2021-02-22 12:00:00,5.915619,-5.202118,200.17969,100682.36,5.1311348e-11,2.810072
2021-02-23 12:00:00,8.349915,-6.1507263,199.35847,100478.08,0.0,2.6506042
2021-02-24 12:00:00,9.781952,-3.8328552,161.27144,100404.125,0.0,0.7789935
2021-02-25 12:00:00,3.006195,-4.0746155,86.75532,101247.48,3.164839e-05,2.0262756
2021-02-26 12:00:00,6.650757,-6.1171265,139.47421,100905.65,3.5539629e-06,0.9484249
2021-02-27 12:00:00,6.993622,-4.712311,171.04251,100283.25,1.5752348e-06,2.0130055
2021-02-28 12:00:00,9.336121,-9.763153,209.46361,99355.4,5.4997226e-08,2.2265515
2021-03-01 12:00:00,6.378662,-10.28952,220.0474,99864.7,0.0,3.852437
2021-03-02 12:00:00,13.794495,-6.800934,211.95486,99249.82,0.0,3.2761834
2021-03-03 12:00:00,10.111633,-7.489685,208.24525,100079.61,5.4707275e-08,3.8847063
2021-03-04 12:00:00,-4.4809875,-13.496582,228.62996,101368.67,0.0,2.538253
2021-03-05 12:00:00,0.0115356445,-13.252502,136.72128,101528.3,7.3882165e-07,1.1524135
2021-03-06 12:00:00,5.8140564,-6.107544,220.00745,100546.85,1.0657121e-07,1.5848366
2021-03-07 12:00:00,8.936523,-3.1278992,160.57413,99965.81,8.8159237e-07,1.7247945
2021-03-08 12:00:00,2.8128662,-10.340881,238.62027,100785.32,2.7058194e-08,3.7307067
2021-03-09 12:00:00,4.7937927,-10.989929,238.34439,101410.98,2.6624283e-10,0.989409
2021-03-10 12:00:00,7.107483,-7.008606,165.69397,100869.72,7.36249e-09,1.5856236
2021-03-11 12:00:00,7.5992737,-5.65979,241.45636,100798.34,2.5228758e-07,1.7521896
2021-03-12 12:00:00,13.827728,-2.2481384,227.3892,99924.14,0.0,3.2670765
2021-03-13 12:00:00,15.9765625,2.089508,225.2457,99555.695,0.0,2.9629588
2021-03-14 12:00:00,20.71466,8.486664,188.90874,99234.45,9.38709e-07,3.5874107
2021-03-15 12:00:00,18.571747,4.4003296,183.17117,99756.97,0.00013873511,2.3675678
2021-03-16 12:00:00,9.77063,-1.157074,133.5432,99784.77,6.4396445e-06,2.47538
2021-03-17 12:00:00,15.016785,-3.9400635,230.49385,99516.57,8.986582e-05,2.3793018
2021-03-18 12:00:00,7.1912537,3.383728,88.118095,100066.96,2.4319588e-05,4.422893
2021-03-19 12:00:00,9.376373,2.7637024,196.96678,101010.08,8.447553e-06,2.6662111
2021-03-20 12:00:00,15.067322,-2.122345,249.1308,100600.445,7.337476e-07,1.5331486
2021-03-21 12:00:00,12.809296,4.763092,237.57977,99966.46,2.3308246e-07,2.0396316
2021-03-22 12:00:00,10.807159,-1.7450867,258.71222,100410.516,0.0,2.4137716
2021-03-23 12:00:00,9.409485,-3.7816772,260.56964,100617.51,1.2430015e-08,1.7184006
2021-03-24 12:00:00,18.687042,2.2893982,229.41656,99930.53,1.3038895e-06,2.8537629
2021-03-25 12:00:00,16.460266,6.813263,53.049255,99371.21,0.00022580377,0.9604682
2021-03-26 12:00:00,6.7790833,2.651062,49.515312,99579.516,0.0002924934,4.2144523
2021-03-27 12:00:00,10.092621,2.1010132,235.26773,100518.445,1.7510345e-06,3.5913796
2021-03-28 12:00:00,9.478119,-2.2848206,193.10934,100953.57,0.0,2.1779344
2021-03-29 12:00:00,11.681946,2.1013184,266.54114,100656.27,0.0,2.4667811
2021-03-30 12:00:00,12.816559,-0.5789795,275.7405,100846.73,2.1426448e-08,2.3782513
2021-03-31 12:00:00,13.8237915,0.6578369,274.86072,101097.91,0.0,2.1795325
2021-04-01 12:00:00,17.239075,0.6270447,277.40338,101329.68,0.0,1.2292706
2021-04-02 12:00:00,22.041412,6.5691223,276.54602,100830.65,0.0,2.943036
2021-04-03 12:00:00,21.858429,12.398651,152.95224,99911.195,0.0,2.2540865
2021-04-04 12:00:00,22.857391,11.232605,224.26228,99203.45,0.0,2.3770304
2021-04-05 12:00:00,19.593903,3.3973389,185.91411,99630.25,5.4554355e-05,4.867578
2021-04-06 12:00:00,3.2791748,-3.478119,287.7285,100443.23,0.0,4.5582795
2021-04-07 12:00:00,7.6237793,-6.2229004,247.77505,100594.234,1.6537825e-07,1.1003413
2021-04-08 12:00:00,13.359039,1.7295227,243.37627,100356.945,4.253296e-07,3.3319354
2021-04-09 12:00:00,18.793396,8.268341,244.61513,99869.63,4.3175805e-05,2.749953
2021-04-10 12:00:00,22.539642,12.360382,288.07373,99665.98,0.0,1.3806431
2021-04-11 12:00:00,22.156067,13.2778015,174.47028,99242.98,1.6939563e-06,3.6893928
2021-04-12 12:00:00,20.559967,13.674377,119.24826,99105.98,0.0005099136,0.97128314
2021-04-13 12:00:00,16.925293,7.2872925,137.81221,99210.41,0.0004177565,3.0089545
2021-04-14 12:00:00,16.715118,1.2991028,240.4147,100170.19,2.009513e-08,1.804364
2021-04-15 12:00:00,16.091034,8.790894,230.5419,98794.07,0.0002419889,3.3205993
2021-04-16 12:00:00,16.48175,3.9322815,304.3804,100083.1,3.1542943e-06,2.107899
2021-04-17 12:00:00,17.04718,8.646759,175.71638,100364.445,0.0,2.1612186
2021-04-18 12:00:00,19.746765,6.2542114,241.4181,100398.18,0.0,2.0989714
2021-04-19 12:00:00,22.596375,13.958984,276.67612,100159.37,3.859879e-05,1.9613945
2021-04-20 12:00:00,25.40741,10.502441,268.80057,100200.89,0.0,1.1720179
2021-04-21 12:00:00,27.632355,13.889648,292.07855,99779.734,0.0,2.9131663
2021-04-22 12:00:00,26.761505,17.849579,183.90224,99622.83,0.00015544146,3.2022226
2021-04-23 12:00:00,21.378693,11.414307,319.98834,100354.33,1.0473034e-05,2.0132039
2021-04-24 12:00:00,26.374268,9.605408,307.39658,99912.11,0.0,1.9037291
2021-04-25 12:00:00,25.033936,10.78775,320.37396,99858.77,0.0,2.3255596
2021-04-26 12:00:00,23.817963,8.140778,310.2994,100042.57,0.0,1.6156205
2021-04-27 12:00:00,23.61258,12.914734,174.2434,99803.92,1.3361168e-05,1.6409777
2021-04-28 12:00:00,21.589996,13.7091675,191.91376,99642.11,3.5996204e-06,2.1697989
2021-04-29 12:00:00,24.542328,9.40863,324.88348,100264.266,0.0,1.3431149
2021-04-30 12:00:00,25.988922,11.100616,326.58865,100114.67,0.0,2.4425063
2021-05-01 12:00:00,28.926056,12.750122,316.00458,99839.08,0.0,2.6711905
2021-05-02 12:00:00,27.03241,18.672455,162.75787,99775.945,0.00010672484,3.028209
2021-05-03 12:00:00,26.121307,18.062592,201.7898,99931.93,0.0003843714,0.949784
2021-05-04 12:00:00,25.865387,13.128235,298.05917,100526.875,4.6665376e-05,2.8756797
2021-05-05 12:00:00,26.036255,12.213287,309.1801,100609.81,0.0,3.2355812
2021-05-06 12:00:00,24.056763,13.779999,328.75977,100543.62,0.0,3.9516485
2021-05-07 12:00:00,20.953644,7.9435425,348.66977,100601.28,0.0,3.163623
2021-05-08 12:00:00,24.84079,7.72876,341.17038,99887.11,0.0,0.8210546
2021-05-09 12:00:00,27.32904,13.478699,282.389,99279.58,0.0,2.2449007
2021-05-10 12:00:00,28.47409,12.90686,338.25854,99090.43,0.0,2.2866056
2021-05-11 12:00:00,30.650665,14.459717,318.99982,98827.26,0.0,1.4398334
2021-05-12 12:00:00,29.170776,18.515106,287.56195,98688.48,2.4812298e-05,1.7734725
2021-05-13 12:00:00,27.927826,14.546326,194.01575,99377.516,8.526342e-05,3.2672021
2021-05-14 12:00:00,21.490753,10.122833,265.61,99945.33,1.6913954e-06,2.4158752
2021-05-15 12:00:00,27.848572,11.374542,323.18518,99359.76,0.0,2.1312482
2021-05-16 12:00:00,31.702332,19.549164,295.1971,98578.61,9.098904e-05,3.5086412
2021-05-17 12:00:00,31.445587,15.209503,330.20947,98632.836,6.3036296e-06,1.2550192
2021-05-18 12:00:00,29.588959,15.8402405,69.23841,99092.43,9.803862e-05,1.0937771
2021-05-19 12:00:00,27.33374,13.15564,240.92867,99111.625,0.00046827618,2.392188
2021-05-20 12:00:00,24.924103,13.458984,179.43826,99348.57,3.7568145e-06,1.8971313
2021-05-21 12:00:00,23.428314,10.909241,353.8341,100319.79,3.1627628e-06,2.6329868
2021-05-22 12:00:00,26.124084,10.553864,334.9729,100589.79,0.0,0.5611793
2021-05-23 12:00:00,25.555847,17.796387,187.99861,100379.13,0.0,0.2552624
2021-05-24 12:00:00,25.035004,16.03067,161.9173,100073.46,6.6701756e-07,0.7957765
2021-05-25 12:00:00,29.899475,14.481812,249.58965,99664.94,0.0,2.2558284
2021-05-26 12:00:00,25.558655,17.17331,79.74167,99655.01,4.1183725e-05,2.1992683
2021-05-27 12:00:00,27.57785,15.451965,302.68042,99529.99,2.7632694e-07,1.623874
2021-05-28 12:00:00,26.821503,15.31897,78.11453,99580.06,5.5319826e-05,2.6531992
2021-05-29 12:00:00,22.01944,12.481293,352.97995,100111.734,3.922653e-09,3.1314204
2021-05-30 12:00:00,24.055206,9.682648,351.5047,100572.96,0.0,2.3041027
2021-05-31 12:00:00,23.250092,13.797089,138.47705,100552.01,0.0,1.4854068
2021-06-01 12:00:00,24.112976,14.9183655,299.67303,99873.125,5.3818712e-05,1.4299415
2021-06-02 12:00:00,28.100006,14.441925,338.11203,99511.11,0.0,0.5049294
2021-06-03 12:00:00,30.085663,16.905273,287.42227,99398.086,0.00032902032,1.861761
2021-06-04 12:00:00,30.932709,21.50122,239.20172,99107.84,9.7963304e-05,1.5481251
2021-06-05 12:00:00,28.159973,19.947937,277.4471,99357.43,7.132031e-05,0.97075886
2021-06-06 12:00:00,27.193237,16.312103,326.78015,99516.414,0.0,2.1109693
2021-06-07 12:00:00,24.870636,15.565216,135.52763,99886.28,2.2488244e-05,2.5006518
2021-06-08 12:00:00,28.117401,17.942383,241.28503,100140.516,0.0,1.5108865
2021-06-09 12:00:00,33.672638,20.680359,313.1442,99894.8,9.951476e-05,1.7756032
2021-06-10 12:00:00,33.23459,20.604675,319.17142,99630.97,4.1809224e-05,1.3702465
2021-06-11 12:00:00,34.743225,19.613007,332.2711,99806.97,0.00012812129,0.39672887
2021-06-12 12:00:00,32.987244,22.100006,259.6504,99897.96,3.2430362e-05,1.4483057
2021-06-13 12:00:00,36.820343,23.08313,304.3651,99928.734,6.435176e-05,0.8009309
2021-06-14 12:00:00,36.709778,21.622894,343.66336,99988.84,0.0,0.48831865
2021-06-15 12:00:00,36.000977,23.779083,342.94708,99701.375,0.0,2.2469556
2021-06-16 12:00:00,35.60318,25.349762,346.2779,99380.93,0.0,2.8983474
2021-06-17 12:00:00,35.735992,24.993408,336.22696,99155.125,0.0,2.8293743
2021-06-18 12:00:00,34.2175,23.337189,294.20267,99438.48,5.8244163e-06,1.0874026
2021-06-19 12:00:00,37.0766,23.132141,346.23074,99896.086,0.0,2.1215703
2021-06-20 12:00:00,35.206207,23.21167,225.35085,100291.625,1.693532e-05,0.71498156
2021-06-21 12:00:00,30.93814,22.840607,240.68736,100465.45,1.1905221e-05,1.4088963
2021-06-22 12:00:00,31.14618,16.968445,357.66425,100455.62,1.1798843e-07,1.760246
2021-06-23 12:00:00,32.90027,17.493958,347.0393,99971.79,0.0,1.8294796
2021-06-24 12:00:00,37.391876,21.99173,345.4094,99412.04,0.0,3.0406947
2021-06-25 12:00:00,35.69519,21.665955,217.06921,99653.58,7.277389e-05,1.4505497
2021-06-26 12:00:00,38.053436,23.726929,340.77588,99870.79,1.0476609e-05,1.2820339
2021-06-27 12:00:00,37.63022,25.325836,346.09918,99903.664,2.0751302e-05,2.5783992
2021-06-28 12:00:00,36.719635,24.814484,349.08435,100064.58,0.0,2.682979
2021-06-29 12:00:00,38.02301,25.807983,326.08902,100123.1,0.0,2.268779
2021-06-30 12:00:00,39.17334,25.719269,346.06473,100075.21,1.5574356e-08,2.3398678
2021-07-01 12:00:00,40.10608,26.133514,338.43616,99887.664,0.0,2.0786505
2021-07-02 12:00:00,38.561523,26.142792,261.36697,99858.06,2.579805e-05,1.6438705
2021-07-03 12:00:00,39.472595,26.288177,324.59918,99975.01,3.8498918e-05,1.4359286
2021-07-04 12:00:00,39.373474,24.255219,322.58066,99938.44,1.535112e-05,1.3672931
2021-07-05 12:00:00,39.22696,23.962921,326.2186,99675.81,2.9319439e-05,0.6524311
2021-07-06 12:00:00,40.02835,23.511536,334.18628,99346.82,3.6878337e-05,1.4363151
2021-07-07 12:00:00,39.23987,23.677795,327.46396,99376.09,8.160599e-05,1.6574298
2021-07-08 12:00:00,34.7919,23.924744,270.3077,99685.51,7.646678e-05,2.0317988
2021-07-09 12:00:00,35.18811,24.130402,336.37772,99985.48,0.0,2.2533576
2021-07-10 12:00:00,35.6586,23.771973,320.69333,99977.64,0.0,2.0084057
2021-07-11 12:00:00,35.023712,25.817627,289.87228,99906.164,0.0,2.420551
2021-07-12 12:00:00,36.490417,26.431213,227.73419,99775.47,2.8075263e-05,1.9142193
2021-07-13 12:00:00,34.721863,24.74649,262.4089,99739.01,1.13577025e-05,1.3751543
2021-07-14 12:00:00,34.2417,20.9664,336.32138,100170.39,0.0,0.85253847
2021-07-15 12:00:00,36.963287,22.329529,304.57336,99918.21,0.0,2.3189318
2021-07-16 12:00:00,41.911102,29.914673,339.23706,99602.8,0.0,3.1190898
2021-07-17 12:00:00,41.92856,26.125092,335.05933,99918.58,0.0,2.1713119
2021-07-18 12:00:00,42.22296,28.120667,322.09702,100049.63,0.0,2.8215435
2021-07-19 12:00:00,41.271667,26.009857,326.9672,99812.484,1.2609826e-05,0.7498062
2021-07-20 12:00:00,40.99875,23.470978,292.29977,99561.56,2.0040407e-05,1.4279441
2021-07-21 12:00:00,42.679688,27.008972,321.46918,99466.77,4.2478205e-06,1.8904616
2021-07-22 12:00:00,42.664,23.97174,309.6002,99686.43,2.7922642e-05,1.1925188
2021-07-23 12:00:00,41.878906,24.19049,334.9469,99846.62,2.369803e-06,1.4985801
2021-07-24 12:00:00,42.60666,26.937073,334.38422,99911.5,0.0,2.1353261
2021-07-25 12:00:00,43.929016,26.97406,334.50717,99798.28,0.0,1.5307902
2021-07-26 12:00:00,44.002197,28.50293,288.14633,99605.6,0.0,1.484914
2021-07-27 12:00:00,45.55304,29.189972,273.73953,99511.54,0.0,0.6582815
2021-07-28 12:00:00,44.846558,27.627136,312.9625,99451.04,1.25162105e-05,1.49793
2021-07-29 12:00:00,41.305725,24.561127,307.25772,99477.64,5.7954726e-06,2.0600655
2021-07-30 12:00:00,38.242767,25.899902,283.7749,99748.06,4.332404e-05,2.707698
2021-07-31 12:00:00,35.523346,25.730743,260.0331,100055.64,0.0,3.103617
2021-08-01 12:00:00,36.59546,26.984741,250.79204,100011.04,3.481794e-05,1.8403329
2021-08-02 12:00:00,36.47586,23.118011,320.83282,100119.06,7.482134e-05,0.69840676
2021-08-03 12:00:00,39.276794,24.792297,322.38464,99880.54,0.0,0.79292554
2021-08-04 12:00:00,41.585907,26.913208,320.56906,99461.82,0.0,2.211601
2021-08-05 12:00:00,40.33307,23.81247,321.0746,99683.52,6.499681e-07,1.2248834
2021-08-06 12:00:00,37.174316,22.058777,324.91678,99988.195,0.0,2.2393467
2021-08-07 12:00:00,36.25757,22.75946,321.57574,100177.25,0.0,1.8303602
2021-08-08 12:00:00,39.696167,22.54309,317.07468,100074.19,0.0,2.0287325
2021-08-09 12:00:00,39.55844,27.715729,127.485916,99640.12,0.0,0.549672
2021-08-10 12:00:00,39.473755,27.96933,312.46616,99227.83,0.0,1.4850477
2021-08-11 12:00:00,37.037445,21.414246,304.6826,99580.57,0.0,2.3229718
2021-08-12 12:00:00,37.565582,17.969086,315.76913,99647.445,0.0,1.1949778
2021-08-13 12:00:00,40.523346,22.779816,309.9328,99659.64,0.0,1.9209378
2021-08-14 12:00:00,43.265198,25.501892,300.15067,99458.75,0.0,2.2084863
2021-08-15 12:00:00,43.62668,27.457184,300.52744,99353.58,0.0,2.4743922
2021-08-16 12:00:00,43.214386,27.232758,299.9146,99602.03,7.569794e-06,2.16634
2021-08-17 12:00:00,41.03891,23.454193,294.9399,100099.11,5.0035607e-05,0.7432197
2021-08-18 12:00:00,40.175293,22.883545,291.83145,100317.9,3.305213e-05,1.3619626
2021-08-19 12:00:00,40.34317,27.532074,257.46194,100395.984,2.3977012e-05,2.065774
2021-08-20 12:00:00,39.40631,24.621155,291.13406,100642.14,9.8251e-06,1.5849555
2021-08-21 12:00:00,39.786957,25.55017,278.9675,100464.38,0.0,0.7744656
2021-08-22 12:00:00,39.902344,25.256195,286.0616,99970.36,1.7501208e-05,1.5128976
2021-08-23 12:00:00,39.754517,24.2753,296.37924,99730.13,2.9458613e-07,1.6077054
2021-08-24 12:00:00,40.02762,21.976227,300.2138,99756.15,0.0,1.5995375
2021-08-25 12:00:00,37.897675,25.393372,238.0109,99977.1,0.0,1.9115847
2021-08-26 12:00:00,38.472473,26.792725,235.93802,100262.266,4.6316068e-06,1.3204006
2021-08-27 12:00:00,38.70764,24.552032,279.51895,100440.664,0.0,1.3023827
2021-08-28 12:00:00,40.505493,26.89273,258.23007,100449.28,0.0,0.5836575
2021-08-29 12:00:00,40.490845,24.37384,285.95328,100233.625,0.0,1.8193285
2021-08-30 12:00:00,41.323517,23.490997,286.8482,99968.21,0.0,1.6657869
2021-08-31 12:00:00,42.3273,25.516693,280.3489,99785.35,0.0,1.7385362
2021-09-01 12:00:00,41.347565,27.328857,254.64462,99928.32,7.747148e-06,1.6082022
2021-09-02 12:00:00,39.272003,24.552307,236.42715,100195.66,0.0,1.225934
2021-09-03 12:00:00,39.341766,25.232758,223.73799,100261.89,0.0,1.7050403
2021-09-04 12:00:00,39.107513,25.91278,234.53506,100075.79,0.0,1.0221869
2021-09-05 12:00:00,39.636963,25.9729,244.13362,99975.664,2.3585935e-05,1.7887404
2021-09-06 12:00:00,41.08429,24.851776,218.49472,99858.234,0.0,2.0844667
2021-09-07 12:00:00,40.610565,27.224152,256.1138,99642.49,0.0,2.9840543
2021-09-08 12:00:00,38.338867,28.221283,173.88037,99665.04,1.5967758e-05,2.3774784
2021-09-09 12:00:00,38.60913,26.30777,222.8836,99621.91,2.9365194e-06,2.1300068
2021-09-10 12:00:00,40.49643,25.466614,262.75525,99655.15,0.0,1.6744809
2021-09-11 12:00:00,39.860077,25.920166,210.61014,99683.17,0.0,1.6391346
2021-09-12 12:00:00,39.986816,25.262054,238.58835,99679.2,0.0,2.6875334
2021-09-13 12:00:00,37.42328,25.384491,156.39957,99760.1,2.2655082e-05,1.2427877
2021-09-14 12:00:00,30.823944,22.051819,172.62384,99990.78,4.011616e-05,1.5945772
2021-09-15 12:00:00,37.1792,23.27591,238.70294,99992.555,0.0,1.7628164
2021-09-16 12:00:00,33.862457,22.201385,234.2556,100168.33,6.0269813e-05,1.5755435
2021-09-17 12:00:00,28.008545,15.642181,258.05658,100809.234,0.0,2.8616438
2021-09-18 12:00:00,29.177917,10.827911,259.3556,100641.74,0.0,1.6463965
2021-09-19 12:00:00,33.03357,13.086456,254.60542,100432.91,0.0,1.4927104
2021-09-20 12:00:00,35.640533,21.17456,229.5186,100114.95,0.0,2.5126662
2021-09-21 12:00:00,37.050842,24.29425,238.80386,99841.625,0.0,3.0075948
2021-09-22 12:00:00,36.33838,26.910156,195.80716,99896.5,2.5365278e-05,2.7080407
2021-09-23 12:00:00,34.663605,23.010498,195.2452,100051.52,0.0,1.9751462
2021-09-24 12:00:00,35.70627,27.52304,196.18275,99806.78,0.0,2.6113672
2021-09-25 12:00:00,32.21289,21.052551,94.83271,99800.71,0.00012303588,1.4353478
2021-09-26 12:00:00,31.000214,16.324036,236.10645,99887.36,0.0,1.6062887
2021-09-27 12:00:00,30.625305,14.260437,236.7641,99943.62,0.0,1.4152491
2021-09-28 12:00:00,32.957672,15.714081,216.69333,99769.98,0.0,1.2257675
2021-09-29 12:00:00,27.389252,16.941193,224.74619,99819.22,0.0,1.1719886
2021-09-30 12:00:00,23.840302,12.58609,231.15118,100214.72,0.0,2.9188735
2021-10-01 12:00:00,23.852509,9.646515,230.2803,100146.38,0.0,2.2812748
2021-10-02 12:00:00,26.385468,9.1631775,225.02138,99821.016,0.0,1.2958026
2021-10-03 12:00:00,32.857544,13.410004,198.21324,99697.08,0.0,1.7291727
2021-10-04 12:00:00,35.255096,22.129547,183.68214,99513.89,0.0,2.253606
2021-10-05 12:00:00,31.66986,19.205322,106.59361,99910.65,1.7266353e-06,0.4487162
2021-10-06 12:00:00,31.672852,17.67923,207.89914,100484.516,0.0,1.6905701
2021-10-07 12:00:00,33.85083,17.38507,191.3154,100407.75,0.0,1.9156564
2021-10-08 12:00:00,30.390503,20.68045,160.3971,100189.16,5.4395823e-06,2.8035705
2021-10-09 12:00:00,28.779205,22.779999,120.84909,100161.164,4.353422e-08,3.0088716
2021-10-10 12:00:00,25.604675,16.082489,138.40474,100355.055,0.00012111859,2.4839485
2021-10-11 12:00:00,21.918396,8.485565,207.26472,100784.88,0.0,1.9053333
2021-10-12 12:00:00,23.986938,7.876404,204.20543,100553.54,0.0,0.6024815
2021-10-13 12:00:00,24.957947,9.256348,165.93555,99920.61,0.0,2.3429327
2021-10-14 12:00:00,23.828156,19.04602,82.30149,99456.445,0.00014873972,2.6406882
2021-10-15 12:00:00,19.519562,12.240723,78.87349,99649.43,1.6377657e-05,3.337653
2021-10-16 12:00:00,14.192017,10.92392,48.56765,99906.266,1.1775258e-05,2.323461
2021-10-17 12:00:00,16.646576,10.084045,125.31415,99934.02,3.1627549e-06,1.4776732
2021-10-18 12:00:00,18.818542,7.219208,183.38664,99805.5,3.3235157e-08,0.52006316
2021-10-19 12:00:00,21.242554,8.980682,180.18204,99652.78,1.3013923e-07,1.9620914
2021-10-20 12:00:00,17.338715,4.934387,188.8586,100023.05,0.0,0.89007306
2021-10-21 12:00:00,21.975983,5.747711,184.21127,99496.57,0.0,2.4809377
2021-10-22 12:00:00,19.090698,11.885895,82.17924,98487.24,5.6399662e-05,2.5802977
2021-10-23 12:00:00,19.202667,10.449219,120.64963,98036.39,0.0,2.6149197
2021-10-24 12:00:00,16.040497,7.0168457,121.51509,98404.53,0.00025495733,2.544593
2021-10-25 12:00:00,16.466248,3.8265991,148.02753,100506.15,1.1432333e-08,1.448086
2021-10-26 12:00:00,13.0807495,8.238312,25.574295,100566.08,0.00017891322,2.5757864
2021-10-27 12:00:00,9.510895,7.118347,35.02306,100035.61,0.00013089551,3.9945812
2021-10-28 12:00:00,10.962494,6.231964,87.6004,99543.89,0.00021298947,3.281639
2021-10-29 12:00:00,12.758911,0.78115845,170.15515,100772.88,0.0,1.7289522
2021-10-30 12:00:00,16.716858,3.8208923,165.58755,100573.36,0.0,2.3732235
2021-10-31 12:00:00,17.629944,4.0874023,160.62941,100370.81,0.0,0.38617456
2021-11-01 12:00:00,13.680695,6.7459717,103.27535,100567.26,1.4453234e-08,2.1659863
2021-11-02 12:00:00,11.513977,7.0296936,35.69681,100360.6,0.00013094598,2.0930245
2021-11-03 12:00:00,14.172394,6.8306885,66.435135,99515.71,6.4872234e-05,2.25848
2021-11-04 12:00:00,8.0,-1.0418091,162.12274,100941.77,8.7798344e-07,1.575192
2021-11-05 12:00:00,6.2417603,2.3569946,46.713997,100527.42,2.5188589e-05,0.9176451
2021-11-06 12:00:00,6.4344482,4.612671,29.135876,99648.9,5.3010834e-05,0.7730716
2021-11-07 12:00:00,6.1016235,4.3237915,63.084938,99411.914,4.200685e-05,2.783533
2021-11-08 12:00:00,7.0775757,0.90408325,135.83472,100263.71,1.4989673e-05,2.8418808
2021-11-09 12:00:00,15.962311,1.5826416,149.02904,100233.36,0.0,3.1311014
2021-11-10 12:00:00,17.266052,5.0101013,146.11304,100236.91,0.0,2.440501
2021-11-11 12:00:00,15.508179,3.184784,145.92343,100358.05,0.0,1.4673303
2021-11-12 12:00:00,15.105072,3.2200317,117.35238,100172.914,0.0,1.772704
2021-11-13 12:00:00,13.639008,8.059784,56.925278,99970.99,8.809358e-06,1.5071739
2021-11-14 12:00:00,15.806732,5.5598145,141.4451,100486.99,0.0,2.310611
2021-11-15 12:00:00,15.861816,3.2335815,134.36995,101030.8,0.0,2.0286407
2021-11-16 12:00:00,17.121948,10.913239,58.83121,99963.89,0.0,3.7668386
2021-11-17 12:00:00,15.764496,2.4487305,122.19177,100556.3,6.2001e-05,4.217217
2021-11-18 12:00:00,5.732605,-4.0195923,119.15957,101671.71,1.1826049e-07,1.3625525
2021-11-19 12:00:00,7.289154,2.0321045,76.69013,101050.28,0.0,2.1113365
2021-11-20 12:00:00,12.441803,-0.5007019,129.00984,100556.25,2.8205315e-07,1.9973818
2021-11-21 12:00:00,15.067871,0.7147827,126.91627,100571.48,6.329633e-08,1.6502901
2021-11-22 12:00:00,14.664185,2.854004,104.48767,100266.664,0.0,2.3825872
2021-11-23 12:00:00,13.7621765,8.287323,82.81907,100353.14,8.448226e-06,0.7261017
2021-11-24 12:00:00,14.196686,8.320831,84.65966,100713.17,3.9812944e-06,1.501845
2021-11-25 12:00:00,11.417908,4.5783997,60.358112,100360.24,4.5038914e-06,2.546727
2021-11-26 12:00:00,12.13562,8.37619,55.816242,99968.93,7.013803e-06,1.7307998
2021-11-27 12:00:00,10.475983,4.1896667,73.24419,100218.98,1.9816407e-06,1.4106838
2021-11-28 12:00:00,15.478851,9.174927,30.929455,99747.805,0.0002444663,1.7639828
2021-11-29 12:00:00,17.08908,5.6027527,119.703575,99683.36,3.492103e-06,1.796423
2021-11-30 12:00:00,15.796143,7.454773,51.194317,99611.055,1.0763109e-05,2.8965476
2021-12-01 12:00:00,16.207855,13.095459,43.294613,99340.266,0.00015564919,4.932902
2021-12-02 12:00:00,12.916473,7.17749,18.962246,100255.61,0.00026809206,0.7230594
2021-12-03 12:00:00,9.223206,7.248352,19.966686,99933.805,0.00033736337,2.19917
2021-12-04 12:00:00,8.625916,6.7986145,12.748066,98651.84,0.000364832,4.2353854
2021-12-05 12:00:00,6.898987,2.305725,22.405676,97944.43,0.00046298845,6.387385
2021-12-06 12:00:00,2.791687,-0.03756714,48.651127,99288.36,2.6995607e-05,4.040285
2021-12-07 12:00:00,4.4136047,-4.817749,118.2437,99831.266,0.0,1.8151965
2021-12-08 12:00:00,7.0649414,-3.9272766,110.62558,100662.33,2.180606e-06,1.335396
2021-12-09 12:00:00,12.983673,0.7949829,87.14696,99745.02,0.0,3.9298265
2021-12-10 12:00:00,13.960754,7.693695,113.222176,100097.24,1.8509104e-07,2.9776313
2021-12-11 12:00:00,9.288666,-1.5126953,116.02102,101199.945,8.18652e-09,2.596663
2021-12-12 12:00:00,5.89624,-1.5132446,55.529675,101243.79,3.3416322e-06,1.8029569
2021-12-13 12:00:00,4.7081604,-2.9110718,115.40787,100849.27,0.0,2.4229443
2021-12-14 12:00:00,10.107544,-0.9461975,84.812996,99769.625,2.3247363e-08,2.4836934
2021-12-15 12:00:00,7.969116,-3.4993286,107.28147,100610.375,3.3359456e-08,2.076104
2021-12-16 12:00:00,4.457245,-5.25708,102.35305,100940.55,9.3304476e-07,1.9228535
2021-12-17 12:00:00,3.264038,-0.07949829,17.67851,100366.2,0.00015838718,3.0728943
2021-12-18 12:00:00,3.4129944,2.1827698,14.629584,99983.9,0.000489208,4.1572165
2021-12-19 12:00:00,3.3852234,0.96762085,37.916126,99773.06,2.036228e-05,2.6118786
2021-12-20 12:00:00,6.339813,-2.7650146,81.8378,99626.38,8.640091e-10,2.4912531
2021-12-21 12:00:00,8.790405,0.77178955,112.18269,99277.164,6.1101713e-07,2.5298445
2021-12-22 12:00:00,9.276367,0.093048096,90.64746,99364.03,3.3236229e-06,1.9235507
2021-12-23 12:00:00,6.834717,0.5897827,48.86304,99842.19,2.0570046e-06,4.4529676
2021-12-24 12:00:00,4.932312,-5.8607483,99.79317,100060.266,4.3789157e-08,1.788496
2021-12-25 12:00:00,8.385864,3.0979004,34.9605,99221.25,1.0401141e-05,1.5729007
2021-12-26 12:00:00,4.1060486,-5.886017,67.4371,99705.28,1.6184734e-08,1.5134553
2021-12-27 12:00:00,12.082092,0.190094,54.19342,98984.85,0.0,2.1502342
2021-12-28 12:00:00,19.65686,8.097137,81.38326,98036.24,4.6937248e-07,3.4821048
2021-12-29 12:00:00,19.161987,5.539398,78.80556,98912.266,0.0,2.2895525
2021-12-30 12:00:00,7.5983276,-4.9963684,115.79964,100803.3,0.0,2.1439216
2021-12-31 12:00:00,4.160675,-4.024475,18.011961,100484.45,0.00025369538,3.450672
2022-01-01 12:00:00,12.521271,4.275177,109.66275,99134.734,5.43081e-05,1.6570548
2022-01-02 12:00:00,6.358917,-3.941742,68.10084,99893.91,3.1101006e-06,3.538199
2022-01-03 12:00:00,-3.3453674,-8.9086,120.6268,100379.2,0.0,3.2883904
2022-01-04 12:00:00,-0.410614,-8.359589,93.350975,101677.26,1.6411237e-08,1.6279126
2022-01-05 12:00:00,1.4014587,-5.6984253,70.1473,102166.87,1.0520404e-07,2.4107223
2022-01-06 12:00:00,3.0108948,-7.615387,121.012955,101723.586,3.5482455e-09,1.9305723
2022-01-07 12:00:00,3.8009338,-8.084198,120.59101,101329.99,0.0,1.4328002
2022-01-08 12:00:00,6.5595093,-6.0130005,112.64408,100876.65,1.08745155e-07,2.158872
2022-01-09 12:00:00,9.035431,-0.1222229,56.882053,100063.58,2.749306e-06,2.2444637
2022-01-10 12:00:00,10.624664,2.2945251,84.71354,99844.29,1.15436105e-05,2.049994
2022-01-11 12:00:00,9.706482,3.9524536,46.138912,99303.95,0.00012277212,1.1293746
2022-01-12 12:00:00,8.2734375,1.6761475,55.874508,100067.16,5.088391e-06,2.2758567
2022-01-13 12:00:00,6.0499573,2.1524048,38.762558,100293.07,4.788634e-05,2.172166
2022-01-14 12:00:00,4.9551697,2.2548523,39.699497,100167.91,1.4736525e-05,2.5236688
2022-01-15 12:00:00,9.403473,3.0179138,25.742186,98149.54,0.00033961833,2.6763923
2022-01-16 12:00:00,3.3824158,-1.6515198,50.271626,98458.85,6.2865394e-05,5.213041
2022-01-17 12:00:00,-0.11465454,-3.5386658,126.48244,99131.734,5.605049e-06,3.9327319
2022-01-18 12:00:00,3.5954895,-5.2824097,68.23913,99116.03,1.2186325e-07,1.9027464
2022-01-19 12:00:00,4.7738037,-1.529541,54.268085,99631.08,2.7871895e-06,3.4091675
2022-01-20 12:00:00,6.4362183,0.71572876,17.831598,99252.586,0.00042944634,4.608556
2022-01-21 12:00:00,7.556671,4.0938416,18.153996,98114.43,0.00044008446,2.203457
2022-01-22 12:00:00,4.8798523,0.38546753,35.07129,98215.32,0.0002462232,3.1847103
2022-01-23 12:00:00,6.4026794,-3.9406128,131.66376,100404.18,1.6368473e-06,2.0401547
2022-01-24 12:00:00,5.2323,-4.1289062,79.50316,101002.234,3.7855614e-06,1.6830734
2022-01-25 12:00:00,2.7061768,-0.5540161,49.133583,100050.43,0.00014446967,0.32215264
2022-01-26 12:00:00,2.5653381,-0.6549988,67.54803,100106.56,9.587249e-06,2.394502
2022-01-27 12:00:00,2.8044128,0.33969116,45.948044,100386.36,1.1888535e-05,1.5776718
2022-01-28 12:00:00,1.1067505,-4.274719,83.94998,100525.43,4.404005e-06,1.98146
2022-01-29 12:00:00,1.053009,-6.3111877,83.66087,100733.06,1.1406069e-06,1.8322269
2022-01-30 12:00:00,2.3493652,-5.730438,130.30981,101155.695,2.5978936e-06,1.6020647
2022-01-31 12:00:00,3.929718,-8.911713,127.05481,101200.81,5.773047e-07,1.0973029
2022-02-01 12:00:00,11.248596,-4.4158936,146.1833,100559.18,1.1167227e-07,2.309442
2022-02-02 12:00:00,14.762665,-2.2783813,145.83572,100166.95,1.2867433e-07,1.6511042
2022-02-03 12:00:00,16.084076,3.1885986,142.01007,100123.77,3.4781717e-08,3.1438172
2022-02-04 12:00:00,13.013763,8.653839,31.53394,100125.54,0.0003995423,3.31607
2022-02-05 12:00:00,10.696259,0.3027649,38.704956,100353.24,0.00026832073,3.611798
2022-02-06 12:00:00,4.858551,-5.917694,164.46152,101695.16,2.1616904e-06,2.1292017
2022-02-07 12:00:00,8.066895,-9.970642,158.32959,101712.53,2.8284825e-08,0.8733871
2022-02-08 12:00:00,8.625916,-6.890503,71.43915,101278.13,0.0,0.7241941
2022-02-09 12:00:00,13.461884,-4.8420715,143.99675,101199.33,5.401698e-07,1.7646552
2022-02-10 12:00:00,10.925934,2.6419373,145.87029,101091.93,7.429453e-05,2.3866515
2022-02-11 12:00:00,8.028259,-1.0666199,172.16357,101461.19,0.0,3.378613
2022-02-12 12:00:00,6.3978577,-7.2811584,172.03188,101454.2,4.781166e-08,1.4719547
2022-02-13 12:00:00,10.646332,-4.371521,150.60074,100298.99,1.1861911e-09,2.8969553
2022-02-14 12:00:00,10.371979,5.938446,59.59541,99627.45,1.8453904e-06,0.5024876
2022-02-15 12:00:00,10.729462,3.3338318,63.109737,99376.305,3.1246305e-05,1.7572958
2022-02-16 12:00:00,8.807556,-0.4900818,158.24869,99935.695,2.6153077e-05,2.5439396
2022-02-17 12:00:00,9.561584,-3.5519714,178.06456,100201.016,9.283679e-07,1.5117726
2022-02-18 12:00:00,14.436249,-1.0131531,185.63638,99959.07,0.0,2.9041345
2022-02-19 12:00:00,11.5312195,5.0849915,151.25288,99568.805,5.187038e-06,2.4131885
2022-02-20 12:00:00,8.911682,0.8504944,191.08276,100063.97,0.0,3.1640959
2022-02-21 12:00:00,16.995026,0.7281494,181.8121,99503.67,0.0,2.1489875
2022-02-22 12:00:00,16.274963,3.4363098,130.85324,98998.836,0.0,2.6828787
2022-02-23 12:00:00,21.356842,11.554443,166.65819,98510.57,7.622283e-06,3.117294
2022-02-24 12:00:00,18.720581,5.34317,33.908394,99277.055,8.3063314e-05,2.4020822
2022-02-25 12:00:00,5.5026245,-0.19985962,51.50248,99613.0,7.930844e-05,2.7026145
2022-02-26 12:00:00,0.020629883,-2.5083313,74.10102,99115.96,3.5995694e-05,4.390388
2022-02-27 12:00:00,4.208557,-2.5244446,202.53229,99147.65,1.2231599e-05,5.0933094
2022-02-28 12:00:00,13.884979,-4.193054,176.20726,98875.016,0.0,1.9720002
2022-03-01 12:00:00,8.956848,-5.9139404,212.88492,100105.55,0.0,2.7354112
2022-03-02 12:00:00,13.230011,-6.328949,211.98412,100364.42,0.0,2.7790947
2022-03-03 12:00:00,16.88388,4.625122,205.11365,100087.84,0.0,3.94907
2022-03-04 12:00:00,18.151672,8.368042,208.15935,100216.87,0.0,3.7735121
2022-03-05 12:00:00,19.755005,3.121704,217.12756,100386.88,0.0,0.7400282
2022-03-06 12:00:00,21.825531,4.5469055,218.3746,100129.26,0.0,1.9170785
2022-03-07 12:00:00,22.385529,7.090637,218.42407,99996.86,0.0,2.3515742
2022-03-08 12:00:00,18.810577,9.101654,212.66116,100406.27,2.0177828e-07,0.7059178
2022-03-09 12:00:00,14.690918,2.821869,229.06297,100787.08,8.9763944e-07,3.2402706
2022-03-10 12:00:00,11.927734,-0.5810547,221.39952,100846.07,0.0,2.4074247
2022-03-11 12:00:00,18.663788,-0.3303833,232.56886,100603.66,0.0,1.6824766
2022-03-12 12:00:00,19.531067,6.3151245,232.37071,100767.586,0.0,2.772859
2022-03-13 12:00:00,20.572083,6.394867,234.13034,101026.266,0.0,2.2352428
2022-03-14 12:00:00,22.408112,4.1233215,239.04051,100628.53,0.0,1.4669915
2022-03-15 12:00:00,22.630585,5.4900513,239.97003,100114.64,0.0,1.9418577
2022-03-16 12:00:00,19.152618,5.160309,153.30785,99474.95,0.0,2.7420902
2022-03-17 12:00:00,16.138977,5.1724243,70.0299,99412.35,2.253634e-05,4.096491
2022-03-18 12:00:00,8.529022,2.6154785,106.10004,99911.41,3.483866e-05,3.1128602
2022-03-19 12:00:00,10.42337,4.428253,152.65819,100063.3,9.515522e-06,3.078743
2022-03-20 12:00:00,10.810181,5.872528,99.34499,100112.58,8.291669e-06,2.0025563
2022-03-21 12:00:00,13.762848,2.88443,188.16615,99847.24,1.6413968e-06,0.7057776
2022-03-22 12:00:00,13.875397,7.6842957,183.31468,99397.77,1.0169982e-05,1.3933
2022-03-23 12:00:00,13.153931,2.054657,252.03204,99163.81,1.2779609e-06,1.8938814
2022-03-24 12:00:00,14.25531,-1.0342712,245.2265,98757.484,0.0,1.3390733
2022-03-25 12:00:00,10.621124,3.20401,259.39178,98726.21,0.0,3.2150667
2022-03-26 12:00:00,6.256256,-0.16925049,244.45392,99857.695,1.9292584e-06,2.887355
2022-03-27 12:00:00,6.6190186,-6.943115,279.98666,100589.68,0.0,1.7217624
2022-03-28 12:00:00,20.212524,-1.0552673,265.0537,99910.69,0.0,2.7227967
2022-03-29 12:00:00,28.185883,9.698822,266.80197,99392.47,0.0,2.894362
2022-03-30 12:00:00,25.798279,17.337921,243.53969,98834.016,0.0,4.5647197
2022-03-31 12:00:00,27.256683,15.940979,183.01419,98180.95,2.3228044e-05,3.1992497
2022-04-01 12:00:00,20.776978,9.460541,219.76868,98276.055,2.6535095e-05,1.3393477
2022-04-02 12:00:00,15.467987,0.631958,283.8163,99803.47,0.0,0.34526715
2022-04-03 12:00:00,19.25055,4.1319885,282.79437,100602.945,0.0,1.2855697
2022-04-04 12:00:00,16.169037,4.993561,248.27995,101220.17,0.0,2.9502265
2022-04-05 12:00:00,20.940002,4.680664,227.42033,100297.84,0.0,2.245718
2022-04-06 12:00:00,23.79358,12.679932,283.02472,99905.75,0.0,0.7233735
2022-04-07 12:00:00,24.639618,17.210571,193.51442,99455.2,0.0,4.4558687
2022-04-08 12:00:00,23.240631,14.470947,195.21457,98841.82,0.00015752838,4.334229
2022-04-09 12:00:00,21.995087,13.98468,267.99554,98545.7,0.0004360076,3.0917702
2022-04-10 12:00:00,26.808167,12.852356,240.51834,98827.164,4.6043453e-09,2.8972955
2022-04-11 12:00:00,27.72931,19.295013,273.03708,98502.92,5.3769153e-08,4.177736
2022-04-12 12:00:00,24.667084,15.845428,298.0607,98157.18,0.00019482602,3.4663904
2022-04-13 12:00:00,21.578491,11.957855,135.25198,98610.54,8.514653e-06,3.488884
2022-04-14 12:00:00,12.69873,5.644684,165.43034,99458.43,4.996535e-06,2.9315987
2022-04-15 12:00:00,9.589111,5.8144836,105.65305,100192.195,1.0610041e-05,2.5501776
2022-04-16 12:00:00,16.881256,1.8075867,312.21567,100666.02,3.0427236e-07,1.8475583
2022-04-17 12:00:00,19.86148,2.6992493,312.61145,100852.625,0.0,1.3412246
2022-04-18 12:00:00,20.957642,6.630005,230.4087,100518.414,0.0,2.4271588
2022-04-19 12:00:00,23.648651,11.187836,262.48575,99877.47,0.0,3.0754848
2022-04-20 12:00:00,21.486084,14.246979,131.63405,99470.99,1.4514546e-06,3.657967
2022-04-21 12:00:00,25.842438,15.144562,242.43114,99425.91,7.630795e-07,2.1722744
2022-04-22 12:00:00,24.113068,17.38562,70.22236,99255.3,4.11352e-06,2.8777235
2022-04-23 12:00:00,25.779083,17.15274,257.59225,98993.09,2.8763094e-05,3.017787
2022-04-24 12:00:00,25.078491,13.575623,230.89258,98789.734,2.8096994e-05,2.7511728
2022-04-25 12:00:00,23.019379,11.638611,320.57126,99292.586,7.728737e-07,2.4913063
2022-04-26 12:00:00,24.441925,6.3941345,319.4858,100402.97,0.0,1.6536385
2022-04-27 12:00:00,23.177032,15.608917,50.247444,99886.375,0.00014621354,1.9172989
2022-04-28 12:00:00,17.10968,11.449158,172.90596,100205.12,6.760293e-05,2.805038
2022-04-29 12:00:00,18.184265,4.616333,327.54294,100633.414,0.0,2.2285042
2022-04-30 12:00:00,18.07074,6.254364,325.13608,100524.484,0.0,2.2528884
2022-05-01 12:00:00,20.244873,7.22995,243.92435,100305.76,3.0233061e-06,1.8407983
2022-05-02 12:00:00,18.43158,12.22644,156.0636,99935.89,1.5472708e-05,1.5145919
2022-05-03 12:00:00,18.987946,8.905487,243.37758,99997.81,7.87102e-07,1.7306067
2022-05-04 12:00:00,19.9039,10.385193,225.9605,99709.984,0.0,1.4069192
2022-05-05 12:00:00,21.19696,10.686676,289.9709,99564.84,6.625509e-07,2.1337314
2022-05-06 12:00:00,16.052032,3.4436035,337.37616,100446.14,0.0,2.6321077
2022-05-07 12:00:00,14.964355,6.5426025,83.58201,100274.21,0.00011767453,2.7507117
2022-05-08 12:00:00,27.563293,10.628784,288.63428,99612.195,0.0,2.394396
2022-05-09 12:00:00,24.675842,19.078949,135.64163,99429.0,4.0197876e-05,4.6204247
2022-05-10 12:00:00,21.934357,14.598572,256.7288,99560.26,4.562154e-07,2.5539105
2022-05-11 12:00:00,21.093658,11.074127,329.97418,99955.89,3.1655577e-06,3.1636786
2022-05-12 12:00:00,28.732666,9.726227,284.8825,100219.14,0.0,1.2847477
2022-05-13 12:00:00,32.520203,18.352417,330.6959,99843.81,0.0,2.2969265
2022-05-14 12:00:00,34.551117,17.794006,326.254,99769.91,0.0,1.0436132
2022-05-15 12:00:00,35.214844,18.524384,319.3741,99831.44,0.0,1.4833181
2022-05-16 12:00:00,36.388275,20.458221,334.669,99839.98,0.0,2.260258
2022-05-17 12:00:00,36.584503,19.934692,336.76544,99792.0,0.0,2.2992496
2022-05-18 12:00:00,35.56308,22.636108,336.0496,99412.88,0.0,2.731862
2022-05-19 12:00:00,35.059418,23.35727,337.95413,98823.8,1.0434294e-06,2.6199088
2022-05-20 12:00:00,31.779724,17.394775,243.89291,99132.07,2.758011e-05,3.368313
2022-05-21 12:00:00,23.177734,15.068512,334.11197,99467.41,0.0,2.9452293
2022-05-22 12:00:00,25.571198,9.982391,345.93253,99649.55,0.0,0.9710565
2022-05-23 12:00:00,28.329163,11.572662,351.51556,99862.94,0.0,1.3446928
2022-05-24 12:00:00,29.336884,13.6492,340.47546,100266.43,0.0,2.2218683
2022-05-25 12:00:00,28.60083,13.276764,352.29053,100571.375,0.0,2.0543778
2022-05-26 12:00:00,30.68164,13.373199,351.96848,100293.43,0.0,1.1033312
2022-05-27 12:00:00,31.978333,16.161926,281.8708,99858.11,0.0,1.6656675
2022-05-28 12:00:00,29.519592,19.69403,175.17586,99753.23,0.0,1.1550007
2022-05-29 12:00:00,28.043823,18.382843,174.5674,99487.31,2.2799508e-05,1.5755876
2022-05-30 12:00:00,27.712769,17.866364,85.485344,99265.08,0.000317468,0.9321872
2022-05-31 12:00:00,22.096252,15.785553,207.17653,99651.48,9.7025095e-06,3.2967575
2022-06-01 12:00:00,27.355621,15.013275,354.0761,100124.88,1.3854063e-09,2.5701177
2022-06-02 12:00:00,29.168182,12.713074,355.87054,100328.35,0.0,1.7230618
2022-06-03 12:00:00,28.282074,17.880768,122.98274,100256.86,3.3319735e-05,1.4716694
2022-06-04 12:00:00,21.437866,18.921692,80.187706,100027.22,0.00029955345,0.5887741
2022-06-05 12:00:00,29.88388,18.668121,342.91568,99912.03,3.365439e-07,1.7067789
2022-06-06 12:00:00,28.687561,17.263428,357.92688,99652.94,0.0,1.9035224
2022-06-07 12:00:00,31.191711,15.92218,309.95593,99252.03,5.121013e-10,1.8405315
2022-06-08 12:00:00,34.33371,22.932404,261.29456,98792.0,3.5535404e-06,2.7811651
2022-06-09 12:00:00,35.475403,19.794678,344.45566,99157.38,4.3252894e-05,1.8841804
2022-06-10 12:00:00,34.97119,26.87445,329.6861,99374.086,0.0,3.6610618
2022-06-11 12:00:00,35.211792,24.456757,308.93405,99846.01,0.000103478196,2.5178885
2022-06-12 12:00:00,30.585297,21.090973,271.70972,100332.15,0.00020533703,0.9801899
2022-06-13 12:00:00,34.967224,24.309662,302.09845,100058.73,0.0,2.44615
2022-06-14 12:00:00,36.15625,26.406403,324.8378,99696.66,0.0,3.0855865
2022-06-15 12:00:00,36.473145,27.400543,345.01028,99714.6,0.0,3.5546875
2022-06-16 12:00:00,36.10254,27.415314,342.62445,99710.92,0.0,3.307665
2022-06-17 12:00:00,35.77768,25.088287,342.9218,99473.9,0.0,3.305755
2022-06-18 12:00:00,35.450836,28.341125,306.36536,99310.87,0.0,3.90109
2022-06-19 12:00:00,36.11508,26.560425,333.30942,99494.2,0.0,3.0444965
2022-06-20 12:00:00,37.658966,25.959076,290.3988,99828.72,1.2791586e-05,1.7880858
2022-06-21 12:00:00,38.010284,25.993286,233.47849,99780.734,3.568627e-05,0.8327541
2022-06-22 12:00:00,39.07376,23.585938,302.57074,99466.97,3.0487325e-05,1.4932736
2022-06-23 12:00:00,40.144165,28.112274,343.93198,99369.92,0.0,2.5908906
2022-06-24 12:00:00,40.662445,26.103577,337.12097,99588.12,4.6587415e-06,2.024901
2022-06-25 12:00:00,41.202484,28.005493,342.16196,99646.33,2.3064313e-08,1.7784864
2022-06-26 12:00:00,39.00815,26.156311,346.52243,99578.766,0.0,2.332538
2022-06-27 12:00:00,40.57669,23.319824,349.45187,99353.625,0.0,1.8230237
2022-06-28 12:00:00,39.406647,27.11029,247.77283,99233.37,2.0938711e-07,0.80418676
2022-06-29 12:00:00,37.55774,21.834076,324.63757,99493.164,5.468523e-05,1.8434422
2022-06-30 12:00:00,39.80896,25.561401,338.64832,99796.03,0.0,0.9903033
2022-07-01 12:00:00,40.997955,29.124054,323.82562,99649.15,8.395053e-06,2.097375
2022-07-02 12:00:00,36.627747,23.668884,253.91824,99767.73,5.9081325e-05,0.9206385
2022-07-03 12:00:00,41.29782,26.097656,346.37332,99488.484,0.0,1.2048639
2022-07-04 12:00:00,42.174133,26.527771,343.54785,99343.05,3.7876025e-06,1.0767826
2022-07-05 12:00:00,40.171143,25.081726,284.80624,99194.375,3.408496e-05,2.577957
2022-07-06 12:00:00,32.588806,23.149933,343.21597,99541.8,2.4726049e-05,2.6258626
2022-07-07 12:00:00,33.654144,21.934814,334.01868,100081.22,0.0,2.112459
2022-07-08 12:00:00,33.10022,23.187866,209.09377,100382.086,1.389918e-05,2.887537
2022-07-09 12:00:00,34.374756,21.701813,351.48395,100544.086,0.0,2.956622
2022-07-10 12:00:00,35.092773,19.74472,354.71625,100537.445,0.0,2.4015222
2022-07-11 12:00:00,36.49124,20.376984,350.06714,100313.15,0.0,1.646936
2022-07-12 12:00:00,37.17929,21.02826,350.62573,100118.336,0.0,1.7327269
2022-07-13 12:00:00,38.32776,21.49759,295.5887,100035.88,0.0,0.6768769
2022-07-14 12:00:00,40.30539,25.619507,240.01794,99842.36,9.770568e-06,1.6664245
2022-07-15 12:00:00,39.5148,24.429443,326.67282,99864.914,3.337354e-05,0.9572369
2022-07-16 12:00:00,35.612,21.89264,252.25362,100051.75,0.00013709787,0.32149082
2022-07-17 12:00:00,30.393646,21.533844,262.11652,100156.914,2.1088879e-06,2.1522174
2022-07-18 12:00:00,31.310883,20.227844,328.8254,100052.81,0.0,1.8327774
2022-07-19 12:00:00,30.30896,20.253387,195.75258,99942.37,4.4625365e-05,1.8603928
2022-07-20 12:00:00,27.39035,20.428223,178.09001,99942.97,5.5848246e-05,1.7169989
2022-07-21 12:00:00,32.07617,21.059631,323.1617,100146.945,9.318479e-08,0.8474186
2022-07-22 12:00:00,36.774506,23.442139,316.0222,100372.5,6.4066575e-07,0.5737832
2022-07-23 12:00:00,38.104095,25.927338,292.5382,100337.67,4.2923043e-06,2.0133834
2022-07-24 12:00:00,37.23767,25.476562,217.27771,100207.17,1.627671e-05,1.606735
2022-07-25 12:00:00,36.500427,24.850494,227.2263,99937.02,9.5882115e-06,1.5763857
2022-07-26 12:00:00,38.23752,25.474304,250.02643,99626.516,7.4550604e-05,1.8817912
2022-07-27 12:00:00,29.341003,22.843658,143.72375,99745.26,0.00012457924,0.65996003
2022-07-28 12:00:00,31.151642,20.248962,321.97214,100181.09,0.0,1.8208017
2022-07-29 12:00:00,32.353516,18.209015,309.72858,100357.43,0.0,0.40636963
2022-07-30 12:00:00,33.190613,21.132385,301.67334,100027.54,0.0,1.3045624
2022-07-31 12:00:00,34.796936,19.772797,326.04105,99711.41,0.0,1.428419
2022-08-01 12:00:00,35.770966,22.754608,259.69162,99915.49,1.3747271e-05,1.6005802
2022-08-02 12:00:00,36.474823,22.146027,276.92184,100347.07,2.5230906e-06,1.9380015
2022-08-03 12:00:00,33.862762,21.525208,59.823116,100552.62,9.750911e-05,1.2660537
2022-08-04 12:00:00,29.732666,21.117432,223.56812,100129.586,4.210808e-05,2.5257382
2022-08-05 12:00:00,27.864807,21.53955,178.81073,99970.11,1.5088549e-05,2.679331
2022-08-06 12:00:00,32.39142,20.298706,320.90387,99874.805,5.508158e-07,1.5434716
2022-08-07 12:00:00,35.367584,23.007507,286.91336,99767.805,0.0,1.5871844
2022-08-08 12:00:00,35.373413,23.948792,275.7075,99874.48,7.205732e-05,2.156254
2022-08-09 12:00:00,38.105774,25.325684,309.4759,100085.22,1.7907789e-06,2.5370612
2022-08-10 12:00:00,39.592865,23.605774,280.60748,100046.57,8.124861e-05,1.4121118
2022-08-11 12:00:00,40.59839,22.394592,309.8501,99803.02,1.03838875e-05,0.67459124
2022-08-12 12:00:00,40.727814,25.476196,301.1309,99623.01,0.0,1.4351494
2022-08-13 12:00:00,40.513947,27.158295,265.65912,99516.766,0.0,1.433538
2022-08-14 12:00:00,40.54471,28.508698,239.44981,99591.26,0.0,1.4010333
2022-08-15 12:00:00,40.55664,29.500671,304.3914,99525.42,0.0,3.017379
2022-08-16 12:00:00,38.568665,24.863281,212.54648,99551.16,5.2622454e-05,2.0225434
2022-08-17 12:00:00,40.235474,25.759918,290.3364,99864.05,3.3967474e-06,1.444368
2022-08-18 12:00:00,40.667114,25.68274,279.88754,100064.67,2.5529214e-05,1.0967401
2022-08-19 12:00:00,39.05075,23.251099,286.91135,100078.71,1.3360792e-05,1.9655129
2022-08-20 12:00:00,36.628784,20.769165,309.83624,100391.484,0.0,3.3182647
2022-08-21 12:00:00,31.50879,16.284393,304.68878,100553.445,0.0,1.6012264
2022-08-22 12:00:00,35.14383,18.860596,285.32858,100503.29,0.0,2.2131257
2022-08-23 12:00:00,41.38141,22.882507,294.40704,100121.31,0.0,2.7812724
2022-08-24 12:00:00,41.82065,30.87619,215.74947,99529.95,4.540042e-07,2.8519547
2022-08-25 12:00:00,38.252136,21.81958,277.59207,99591.84,4.8608217e-05,1.0978932
2022-08-26 12:00:00,38.01715,23.994293,277.5993,99678.914,0.0,1.1230732
2022-08-27 12:00:00,35.500854,21.843323,287.11417,100271.87,0.0,2.62477
2022-08-28 12:00:00,36.477905,20.871887,245.0692,100477.9,0.0,2.2004962
2022-08-29 12:00:00,34.493378,23.961609,124.01378,100566.88,6.5536454e-07,2.3491218
2022-08-30 12:00:00,34.17285,23.302185,158.72395,100551.73,7.137272e-06,1.9095076
2022-08-31 12:00:00,34.690826,23.458466,201.20757,100363.77,5.34643e-07,2.1568658
2022-09-01 12:00:00,35.11081,24.81253,191.39224,100275.44,0.0,2.5869434
2022-09-02 12:00:00,36.721252,24.75528,177.76094,100249.766,0.0,2.4332657
2022-09-03 12:00:00,34.903625,22.630432,249.41667,100103.42,1.530862e-05,1.4988626
2022-09-04 12:00:00,32.360413,18.033112,277.20163,99944.32,0.0,1.6051881
2022-09-05 12:00:00,32.40091,18.76358,167.96938,99600.43,0.0,0.54240215
2022-09-06 12:00:00,29.445038,19.409027,274.41028,100096.45,0.0,2.6156702
2022-09-07 12:00:00,27.789337,16.806702,269.2059,100506.7,0.0,2.2024565
2022-09-08 12:00:00,30.453003,15.137024,240.12805,100170.984,0.0,2.1410706
2022-09-09 12:00:00,30.908295,22.408447,95.48695,99368.49,1.6657888e-05,1.3176136
2022-09-10 12:00:00,28.737976,20.547852,228.42075,99484.945,4.2174077e-05,1.6395426
2022-09-11 12:00:00,32.674133,16.761292,260.29706,99827.82,0.0,0.96547866
2022-09-12 12:00:00,33.79074,16.195862,261.29147,99982.414,0.0,1.0301042
2022-09-13 12:00:00,34.503143,22.332092,256.80096,99377.414,0.0,2.3870938
2022-09-14 12:00:00,32.010376,18.10968,243.04243,99477.65,6.4277556e-05,3.13143
2022-09-15 12:00:00,22.164612,14.860107,66.312546,99831.88,4.6286605e-05,4.1262383
2022-09-16 12:00:00,18.697754,16.065704,66.598526,99800.83,1.9268603e-06,2.7631018
2022-09-17 12:00:00,23.36673,13.985107,164.20929,99638.88,1.8229153e-05,0.5680713
2022-09-18 12:00:00,23.75299,18.302673,134.44774,99317.8,0.00031423222,0.9417805
2022-09-19 12:00:00,26.88974,17.981354,209.90565,99765.14,2.5558475e-05,2.0212708
2022-09-20 12:00:00,29.054321,17.737274,208.61015,99951.82,0.0,2.6680405
2022-09-21 12:00:00,30.729706,20.655273,227.76973,100118.31,4.09869e-09,2.7350743
2022-09-22 12:00:00,29.470947,21.945068,202.78227,100062.58,0.0,3.227066
2022-09-23 12:00:00,26.295868,19.470001,80.96713,99930.56,7.567995e-05,1.9803094
2022-09-24 12:00:00,21.370361,12.088257,246.43202,100781.46,1.8574834e-06,2.189332
2022-09-25 12:00:00,24.717957,9.342102,193.33154,100897.19,0.0,1.7405485
2022-09-26 12:00:00,23.045197,15.913422,131.72615,100409.05,0.0,1.6126854
2022-09-27 12:00:00,23.568878,14.549988,131.98544,99823.51,2.0911784e-06,1.745167
2022-09-28 12:00:00,26.248138,18.087646,140.57895,99365.836,1.0517888e-06,2.2868502
2022-09-29 12:00:00,24.543793,15.420746,235.02199,100170.48,5.6079816e-06,3.1594949
2022-09-30 12:00:00,25.53946,11.176544,221.28123,100432.32,0.0,1.4755595
2022-10-01 12:00:00,22.658173,13.3871765,41.93242,99642.94,0.00022776956,1.5810682
2022-10-02 12:00:00,17.689453,10.86319,175.01306,100095.125,3.45061e-07,2.834797
2022-10-03 12:00:00,21.081268,7.885803,225.62195,101073.48,0.0,1.5776767
2022-10-04 12:00:00,21.593536,7.3212585,220.29411,101471.98,0.0,1.6269273
2022-10-05 12:00:00,22.006317,7.800812,220.37918,101204.414,0.0,1.6832478
2022-10-06 12:00:00,23.985016,7.900635,216.13795,100652.2,0.0,1.8381846
2022-10-07 12:00:00,24.801483,10.694763,203.65573,100422.305,0.0,1.721277
2022-10-08 12:00:00,27.02884,13.27652,200.01697,100072.57,0.0,2.195198
2022-10-09 12:00:00,26.855743,16.019379,164.79814,100055.02,5.7039975e-05,0.92226547
2022-10-10 12:00:00,20.199646,12.991364,103.421555,100490.88,1.5982872e-05,2.9795752
2022-10-11 12:00:00,22.242767,11.156555,198.32234,100322.34,2.6624283e-10,1.6311566
2022-10-12 12:00:00,24.073486,14.515778,126.092224,100033.97,2.7906806e-08,1.9348102
2022-10-13 12:00:00,24.081207,18.192078,96.25207,99741.63,7.1191475e-06,0.95342815
2022-10-14 12:00:00,25.244995,16.747711,116.31366,99577.31,2.004277e-06,1.3635961
2022-10-15 12:00:00,21.497162,12.174225,181.34766,100493.836,3.1868592e-05,3.4585087
2022-10-16 12:00:00,16.811005,3.3846436,201.37057,101586.96,0.0,2.190408
2022-10-17 12:00:00,17.799286,2.8496094,174.64348,101139.82,0.0,1.5345242
2022-10-18 12:00:00,20.825806,7.134491,175.10045,100737.25,0.0,1.1172041
2022-10-19 12:00:00,16.099762,2.3121033,191.15155,101309.484,0.0,1.9736259
2022-10-20 12:00:00,17.046753,3.1846008,188.2197,101166.76,0.0,1.8727764
2022-10-21 12:00:00,20.222748,4.190674,152.16368,100824.88,0.0,1.703048
2022-10-22 12:00:00,21.60086,5.878113,179.41722,100770.36,0.0,0.7953664
2022-10-23 12:00:00,23.962921,7.002136,180.32938,100781.125,0.0,1.0477364
2022-10-24 12:00:00,26.067474,9.960266,174.35262,100649.11,0.0,1.2108438
2022-10-25 12:00:00,24.549408,9.129211,158.16068,100389.75,0.0,1.4925638
2022-10-26 12:00:00,19.885895,15.033081,48.71051,99834.836,0.00011741896,1.4682177
2022-10-27 12:00:00,17.602142,12.486755,170.10818,100370.69,2.2168642e-06,4.0279975
2022-10-28 12:00:00,13.255341,4.2240295,173.63696,101180.06,0.0,3.159782
2022-10-29 12:00:00,12.589081,0.43078613,175.77054,101259.72,0.0,2.2937853
2022-10-30 12:00:00,13.912079,-1.1484985,172.00987,101080.836,6.856958e-09,2.0463293
2022-10-31 12:00:00,16.599182,0.21469116,164.68556,100633.914,4.8190025e-09,1.6820662
2022-11-01 12:00:00,17.943024,3.6650085,159.68193,100786.93,0.0,0.7606118
2022-11-02 12:00:00,17.998169,6.1197815,133.49722,100342.33,0.0,2.765355
2022-11-03 12:00:00,18.493958,14.203735,41.461678,99871.81,7.5507865e-05,2.990089
2022-11-04 12:00:00,15.190918,7.5198975,28.316889,99937.89,0.00026587426,3.3954008
2022-11-05 12:00:00,9.397827,5.920166,81.062805,100831.234,1.0127318e-05,2.2728312
2022-11-06 12:00:00,9.643951,1.8421326,101.42935,100926.336,7.238568e-07,1.5694897
2022-11-07 12:00:00,10.064606,-0.11373901,140.70357,100638.34,1.5551668e-06,1.8715175
2022-11-08 12:00:00,9.015137,4.097107,82.43167,100269.164,2.4433195e-06,1.3040987
2022-11-09 12:00:00,10.615967,-0.5423584,124.720314,100252.664,2.4164449e-06,1.6589512
2022-11-10 12:00:00,11.295471,0.29559326,134.18909,100434.805,1.4896257e-06,0.89924496
2022-11-11 12:00:00,14.815247,1.8829651,136.80925,100371.44,0.0,1.2076749
2022-11-12 12:00:00,9.481018,1.5212708,142.20567,100951.82,0.0,2.2682583
2022-11-13 12:00:00,12.122986,-1.1421509,124.73922,100794.12,4.659789e-07,1.909498
2022-11-14 12:00:00,16.37918,3.0482483,136.49887,100395.72,0.0,2.5978522
2022-11-15 12:00:00,18.511353,5.463196,133.7564,100368.63,0.0,2.3685932
2022-11-16 12:00:00,18.635284,6.4309998,133.8752,100140.84,0.0,2.0857315
2022-11-17 12:00:00,17.60791,7.6245117,62.538532,100028.13,1.4130934e-09,1.6985611
2022-11-18 12:00:00,19.911346,11.283966,90.70791,99790.26,4.2958136e-06,1.827247
2022-11-19 12:00:00,13.816376,2.986786,131.85951,100529.54,6.4434547e-09,1.998245
2022-11-20 12:00:00,9.910675,2.7289124,58.27901,100335.555,5.8582373e-06,1.4100072
2022-11-21 12:00:00,8.987671,5.7076416,52.222557,99810.055,7.8514924e-05,1.9534341
2022-11-22 12:00:00,6.728485,-1.4178162,94.42689,100534.12,1.3065908e-06,0.39589772
2022-11-23 12:00:00,8.8029785,5.131897,24.973751,99099.75,0.00052319566,1.532365
2022-11-24 12:00:00,13.012482,7.22348,121.87313,99123.805,7.450071e-06,2.2468214
2022-11-25 12:00:00,18.16977,6.6921387,123.12238,99451.8,0.0,2.7119584
2022-11-26 12:00:00,12.261475,2.9134216,116.895744,100738.44,0.0,2.4575129
2022-11-27 12:00:00,9.360779,4.1717224,26.048235,100389.34,5.808048e-05,1.8354334
2022-11-28 12:00:00,9.677338,-0.36520386,40.93497,99969.914,0.00035023707,3.860783
2022-11-29 12:00:00,2.608612,-9.57251,111.391,100400.28,8.262961e-09,2.1884017
2022-11-30 12:00:00,3.54599,-8.648499,89.47187,100520.49,2.790355e-06,1.2888154
2022-12-01 12:00:00,7.9742737,-2.6463928,99.678375,100408.88,1.9086629e-07,0.7800382
2022-12-02 12:00:00,6.099884,-6.7684326,113.79509,100974.336,6.576726e-07,0.35143647
2022-12-03 12:00:00,8.841827,-0.71972656,73.18215,100467.65,1.3770394e-06,2.9989126
2022-12-04 12:00:00,11.468689,5.291443,45.63847,99592.51,0.00023409301,1.9582602
2022-12-05 12:00:00,12.7699585,6.6358337,38.76204,99054.47,5.6467918e-05,1.3479918
2022-12-06 12:00:00,11.300354,2.66156,111.99961,99606.67,2.8293472e-05,2.332928
2022-12-07 12:00:00,6.477356,-1.8285828,62.765213,100567.945,1.5136798e-06,1.3972908
2022-12-08 12:00:00,7.597412,-2.7360535,100.33174,101035.695,6.475422e-07,0.88844824
2022-12-09 12:00:00,9.546478,-0.7292175,42.44408,100666.32,5.024339e-06,1.359384
2022-12-10 12:00:00,12.213074,6.3220215,29.8232,100024.375,6.045133e-06,1.1276637
2022-12-11 12:00:00,11.771118,3.4855347,76.33152,99951.84,1.1011908e-05,1.7220942
2022-12-12 12:00:00,3.3794556,-1.1044922,30.579884,100671.484,7.3215006e-06,2.6586351
2022-12-13 12:00:00,7.659729,1.0153809,32.916794,99340.945,0.00016308263,1.3085625
2022-12-14 12:00:00,6.745819,3.8129578,30.37982,99916.55,1.0780724e-05,0.79371357
2022-12-15 12:00:00,5.443634,1.3235474,37.448116,100464.53,3.6410805e-05,2.4084606
2022-12-16 12:00:00,13.5451355,3.3234253,96.03395,99438.84,0.0001244263,1.1018516
2022-12-17 12:00:00,7.9114685,-2.143402,110.80163,100160.2,1.9211488e-07,2.0234652
2022-12-18 12:00:00,7.684387,1.4100037,113.29469,100318.65,0.0,2.0956428
2022-12-19 12:00:00,13.272919,0.058532715,111.97384,100697.32,0.0,3.3175583
2022-12-20 12:00:00,12.464447,6.6634827,72.63918,99410.02,1.5157295e-05,4.1531677
2022-12-21 12:00:00,13.709106,-6.957489,71.7895,98763.28,6.247172e-05,5.8944387
2022-12-22 12:00:00,-3.8529968,-8.758362,87.66541,100149.09,3.864553e-06,5.518314
2022-12-23 12:00:00,-0.3793335,-9.721344,117.59597,101124.96,0.0,2.0286157
2022-12-24 12:00:00,4.3263245,-4.7753296,89.9796,101200.266,0.0,2.5174541
2022-12-25 12:00:00,7.2328186,-3.1224365,106.087425,100439.586,0.0,2.4727986
2022-12-26 12:00:00,7.1502075,-1.1323547,109.28495,100269.51,2.8101054e-08,1.4841413
2022-12-27 12:00:00,4.774933,-3.8287659,101.272675,100988.41,4.193321e-07,0.47689024
2022-12-28 12:00:00,9.962158,2.02359,36.0496,100001.16,0.00010157338,3.942994
2022-12-29 12:00:00,13.268707,1.9159546,82.49576,99793.89,0.00012898148,4.072312
2022-12-30 12:00:00,4.0162354,-4.0950623,107.64082,101366.5,3.016125e-08,1.7857304
2022-12-31 12:00:00,3.7777405,-3.568512,44.670307,101160.086,7.4285447e-07,1.9517756
2023-01-01 12:00:00,8.799591,2.6506042,54.060303,100012.0,0.00017870909,2.520867
2023-01-02 12:00:00,10.346283,5.225006,54.796333,99427.81,6.4643646e-05,0.86728644
2023-01-03 12:00:00,8.127441,0.6095276,74.85595,99952.016,3.0858691e-06,1.7285539
2023-01-04 12:00:00,4.7193604,-3.750824,116.55907,101232.34,8.7837543e-07,2.5314941
2023-01-05 12:00:00,0.57037354,-3.4906921,39.171738,100910.34,4.0954223e-05,2.636605
2023-01-06 12:00:00,2.6747742,-3.5132446,118.896,100572.484,5.2696607e-05,3.4459963
2023-01-07 12:00:00,2.5498352,-12.293335,113.002365,101460.71,1.066214e-06,0.80947423
2023-01-08 12:00:00,6.547882,-10.2099,116.890854,100938.35,4.044111e-07,1.048228
2023-01-09 12:00:00,9.673126,-5.609375,120.739944,100560.01,7.3863116e-09,2.591958
2023-01-10 12:00:00,10.30246,-5.573456,112.189255,99973.586,1.3808135e-07,2.5521977
2023-01-11 12:00:00,6.7288513,1.3620605,23.334139,99558.02,7.468976e-05,0.5817575
2023-01-12 12:00:00,2.6116333,-7.3005066,126.065956,100353.664,2.7510218e-06,3.1442952
2023-01-13 12:00:00,9.76889,-5.868683,122.74291,100605.9,0.0,2.6358628
2023-01-14 12:00:00,6.9331665,-12.700134,132.65553,101951.13,1.4751876e-07,3.6785598
2023-01-15 12:00:00,3.5388489,-11.843536,127.6752,102057.33,3.102572e-07,2.1907775
2023-01-16 12:00:00,8.145538,-6.317322,127.76517,101516.055,0.0,2.3446255
2023-01-17 12:00:00,6.652313,-4.5174866,79.81871,100978.664,0.0,2.1676729
2023-01-18 12:00:00,8.501678,0.20233154,57.932217,100270.555,1.5478305e-07,2.613005
2023-01-19 12:00:00,10.941376,3.9921265,55.775356,99857.8,2.381007e-06,1.9609315
2023-01-20 12:00:00,8.466614,4.8681946,25.250494,99349.72,0.00012691577,3.3012888
2023-01-21 12:00:00,5.197998,2.742859,44.711884,98929.69,4.5668334e-05,5.5198436
2023-01-22 12:00:00,4.494873,-2.4966736,66.81915,99369.19,8.4314515e-06,4.192436
2023-01-23 12:00:00,-1.0186157,-4.451996,61.418484,100029.18,7.720446e-06,4.0941997
2023-01-24 12:00:00,3.962616,-5.8858643,138.86696,100376.02,6.330952e-07,2.941314
2023-01-25 12:00:00,1.790863,-5.03833,141.63318,100588.4,3.3620587e-08,2.4550552
2023-01-26 12:00:00,2.681549,-6.9759827,142.5925,101133.55,5.131793e-07,0.75935906
2023-01-27 12:00:00,9.2221985,-3.2445679,102.4328,100394.8,0.0,2.5006096
2023-01-28 12:00:00,5.936615,-4.169464,128.42992,100720.62,2.9631433e-10,1.6783063
2023-01-29 12:00:00,0.6811218,-10.052155,151.30484,101393.69,7.726553e-06,2.2978914
2023-01-30 12:00:00,3.1138306,-10.702423,120.513245,101422.766,5.316153e-07,1.8486693
2023-01-31 12:00:00,9.056885,-1.2614441,75.802086,100581.19,7.58397e-07,2.1847794
2023-02-01 12:00:00,16.031921,6.4415283,103.62413,99986.74,1.5658607e-05,3.8089888
2023-02-02 12:00:00,15.722015,6.498108,103.98907,100336.16,8.39919e-07,2.4517355
2023-02-03 12:00:00,18.278564,2.8358154,145.26648,100634.77,0.0,1.1941072
2023-02-04 12:00:00,18.439392,4.492218,128.40338,100535.74,0.0,2.2491753
2023-02-05 12:00:00,16.286407,13.579285,26.966751,100188.39,0.0001381137,3.2016044
2023-02-06 12:00:00,17.453705,12.974487,80.33615,100556.914,3.667694e-05,0.5171924
2023-02-07 12:00:00,15.553223,10.527679,72.94304,100558.28,9.8087885e-06,1.5902144
2023-02-08 12:00:00,19.755035,12.04129,138.70349,100361.04,7.565703e-06,1.9641898
2023-02-09 12:00:00,16.463898,5.5093384,121.352646,100957.64,0.0,2.1730165
2023-02-10 12:00:00,8.89032,5.3911133,60.011536,101125.734,3.3873348e-05,1.1981089
2023-02-11 12:00:00,7.3348694,3.9288025,70.255295,100785.69,0.00015282941,1.8421775
2023-02-12 12:00:00,10.621918,1.7952881,113.4057,100709.414,2.9456676e-06,1.4826623
2023-02-13 12:00:00,14.26059,2.0384521,168.94206,100268.305,3.2271123e-07,2.2050827
2023-02-14 12:00:00,15.052216,6.0590515,90.25586,99483.586,2.9766197e-05,2.5474849
2023-02-15 12:00:00,13.459076,7.2163696,87.8241,99899.59,6.526716e-05,2.093217
2023-02-16 12:00:00,9.575562,4.3151245,58.74836,100645.625,3.4743398e-06,1.6488978
2023-02-17 12:00:00,10.72406,1.9776306,162.84856,100887.35,5.50989e-07,2.1488307
2023-02-18 12:00:00,7.901947,-0.11526489,88.73692,100897.32,5.980636e-07,1.4744896
2023-02-19 12:00:00,12.213776,4.2464294,117.11523,100797.38,0.0,1.4658513
2023-02-20 12:00:00,13.811066,4.9029846,151.94225,100684.33,0.0,1.8806968
2023-02-21 12:00:00,10.8124695,1.7363586,180.6171,100634.695,1.9747414e-07,3.882922
2023-02-22 12:00:00,5.394867,0.4402771,194.61218,100633.016,2.7187639e-06,3.7585294
2023-02-23 12:00:00,5.485443,-4.4313354,199.81433,100238.14,0.0,2.5061438
2023-02-24 12:00:00,10.073883,-4.1307983,198.80952,99934.484,0.0,1.3448559
2023-02-25 12:00:00,14.651855,4.3960266,75.02795,99020.49,0.00010589272,1.7010306
2023-02-26 12:00:00,10.014893,0.29492188,87.17265,99904.04,1.9165445e-05,2.8848667
2023-02-27 12:00:00,8.073975,-3.8840942,174.15749,100324.805,1.5772426e-06,1.2993051
2023-02-28 12:00:00,15.970642,0.7246399,156.69951,99812.2,0.0,3.200955
2023-03-01 12:00:00,15.084076,8.46814,172.66849,98931.93,3.317374e-05,3.8085039
2023-03-02 12:00:00,9.270935,1.5371094,193.04411,100230.43,3.6709919e-06,2.1233876
2023-03-03 12:00:00,7.378296,1.2280579,52.547203,100128.805,2.1708207e-05,2.5693917
2023-03-04 12:00:00,13.216492,3.5424194,213.2063,99708.09,1.344552e-06,1.7270911
2023-03-05 12:00:00,18.671082,-0.61654663,216.9915,100142.96,0.0,1.8273323
2023-03-06 12:00:00,21.396301,2.2341614,196.606,100492.41,0.0,0.94285464
2023-03-07 12:00:00,18.549072,11.322876,77.07247,100391.055,1.518662e-07,1.7901765
2023-03-08 12:00:00,18.264679,10.68454,145.53557,100315.18,1.4579567e-05,0.49759236
2023-03-09 12:00:00,21.217377,9.994568,221.10715,100125.07,5.271703e-06,2.024829
2023-03-10 12:00:00,21.482819,8.377502,219.1864,99778.1,1.7057762e-09,1.2975694
2023-03-11 12:00:00,22.587128,7.8816833,225.60933,99638.86,4.6462012e-10,1.3583227
2023-03-12 12:00:00,24.039307,9.302002,222.59506,99476.8,7.5901914e-07,0.69147986
2023-03-13 12:00:00,22.51587,11.6297,217.05258,99126.07,3.8189143e-07,2.763459
2023-03-14 12:00:00,19.310913,4.4226074,108.53759,98465.11,0.00020596749,3.6332543
2023-03-15 12:00:00,4.301544,-0.81973267,95.52967,98889.09,2.5695272e-05,4.8999715
2023-03-16 12:00:00,4.792877,-1.8362427,137.83122,99694.53,5.0315784e-06,1.500925
2023-03-17 12:00:00,12.339264,-1.0307312,192.24236,99926.01,8.969123e-07,1.6355329
2023-03-18 12:00:00,19.622772,6.7274475,230.7033,99875.24,0.0,3.1199367
2023-03-19 12:00:00,22.907684,12.277069,237.44514,99666.875,9.523384e-06,2.4630957
2023-03-20 12:00:00,21.608215,8.181976,236.58995,99675.36,1.837414e-05,1.9491222
2023-03-21 12:00:00,22.940216,12.776733,245.68156,99410.336,0.0,3.0091903
2023-03-22 12:00:00,22.782104,14.352356,216.32089,98875.08,6.3421464e-07,3.8577075
2023-03-23 12:00:00,20.682495,13.568787,192.25536,98162.63,0.00012699974,5.356937
2023-03-24 12:00:00,16.340637,2.5455017,127.67143,99046.27,1.056261e-05,3.278087
2023-03-25 12:00:00,6.554779,-5.607025,270.24646,100743.74,3.6394558e-09,1.6298034
2023-03-26 12:00:00,8.30014,-0.80133057,160.75081,100746.92,1.8898035e-06,1.8226936
2023-03-27 12:00:00,12.138031,-2.0433655,257.83826,100592.34,1.0680194e-06,1.38568
2023-03-28 12:00:00,16.31195,2.4936829,251.4177,100678.74,0.0,2.1462045
2023-03-29 12:00:00,20.613373,1.225769,272.5805,100484.19,0.0,2.12572
2023-03-30 12:00:00,24.638336,14.174438,225.36021,99799.79,7.909601e-05,2.3874876
2023-03-31 12:00:00,22.815033,14.526489,84.44207,99683.875,0.00031368446,3.2452803
2023-04-01 12:00:00,21.619324,17.420715,96.50741,99103.74,0.0001245094,2.7165368
2023-04-02 12:00:00,18.856873,8.078918,280.4378,99424.02,4.5987814e-09,2.6282651
2023-04-03 12:00:00,23.243713,6.1573486,276.26797,99773.1,0.0,2.5011525
2023-04-04 12:00:00,20.401978,11.008545,132.99564,98937.37,0.00014905544,1.9689986
2023-04-05 12:00:00,14.911896,10.230072,51.29459,98713.766,0.00025990835,1.8087285
2023-04-06 12:00:00,17.853668,8.450012,278.9729,99560.23,4.349838e-06,2.9750254
2023-04-07 12:00:00,21.821167,5.603302,287.929,99888.93,0.0,0.4254324
2023-04-08 12:00:00,27.186127,11.44342,284.31796,99604.805,0.0,2.5217433
2023-04-09 12:00:00,25.743286,11.863098,269.6233,99337.305,0.0,2.469468
2023-04-10 12:00:00,23.20581,14.833984,221.33786,99127.75,2.9892137e-06,1.8583549
2023-04-11 12:00:00,25.682007,9.805328,295.67892,99475.97,0.0,1.9142482
2023-04-12 12:00:00,25.80954,12.818573,300.55365,99191.82,0.0,3.98371
2023-04-13 12:00:00,27.292725,18.821838,239.32417,99075.64,1.2360403e-05,3.4351618
2023-04-14 12:00:00,21.009918,9.175171,292.62808,100087.08,6.236206e-06,2.2469587
2023-04-15 12:00:00,18.835938,10.6249695,64.25703,99607.125,0.00017121556,3.6680079
2023-04-16 12:00:00,17.758026,13.876465,61.142982,98731.0,0.00021425488,4.7106075
2023-04-17 12:00:00,16.799011,4.243042,73.259186,98891.734,0.00018489733,2.947402
2023-04-18 12:00:00,7.9875793,4.0136414,86.1314,99608.51,2.0315128e-05,3.2157457
2023-04-19 12:00:00,11.702209,2.414032,255.81421,99844.414,2.7757326e-06,1.686968
2023-04-20 12:00:00,12.516205,3.9815369,107.06906,99454.29,7.2943665e-05,2.094455
2023-04-21 12:00:00,13.314606,8.938507,155.21893,99107.63,2.7779353e-05,1.7860402
2023-04-22 12:00:00,14.873138,5.07193,308.54932,99415.8,2.8186753e-07,2.5847707
2023-04-23 12:00:00,13.492554,4.8837585,125.19238,99163.805,2.4637608e-05,2.1172905
2023-04-24 12:00:00,14.5737,6.540222,310.83337,98829.14,0.000111769215,3.414758
2023-04-25 12:00:00,16.612366,2.3909302,324.0408,99245.31,0.0,1.0796192
2023-04-26 12:00:00,17.510529,8.576996,185.0946,99237.375,0.0,2.3701284
2023-04-27 12:00:00,17.61499,9.881348,224.77455,99364.59,9.973115e-06,2.0786586
2023-04-28 12:00:00,16.542969,8.293518,328.87027,100015.35,1.6112789e-07,3.9660108
2023-04-29 12:00:00,16.940521,7.6458435,326.17307,100339.38,0.0,3.083053
2023-04-30 12:00:00,17.8815,4.142578,263.89636,100530.22,0.0,1.1309658
2023-05-01 12:00:00,17.745209,10.424164,115.237175,100689.75,8.671893e-07,1.6275629
2023-05-02 12:00:00,16.111053,9.131775,35.368565,100454.58,0.000357881,3.8751905
2023-05-03 12:00:00,9.266968,6.528015,75.44907,99048.875,0.00028238137,3.7847044
2023-05-04 12:00:00,8.894196,5.5842285,55.491634,98937.28,0.0001416023,2.5744758
2023-05-05 12:00:00,8.844452,6.409363,93.80714,99977.35,2.2260983e-05,3.5468967
2023-05-06 12:00:00,10.131134,5.1116943,136.42209,100616.516,2.2658995e-05,2.5960524
2023-05-07 12:00:00,13.523682,5.8934937,232.32828,100580.586,1.9206523e-06,2.100297
2023-05-08 12:00:00,15.05481,7.840271,218.74811,100251.81,2.9003326e-05,1.5121514
2023-05-09 12:00:00,15.557709,4.205261,278.5124,100030.23,5.421292e-06,1.4584482
2023-05-10 12:00:00,16.458893,5.3363037,232.09796,99822.945,0.0,1.0345877
2023-05-11 12:00:00,15.127808,9.741699,77.238754,99724.9,1.17487025e-05,0.99207264
2023-05-12 12:00:00,19.593811,6.9499207,337.35507,99764.695,1.3520973e-05,1.6967854
2023-05-13 12:00:00,21.91269,11.078674,291.8194,99612.65,0.0,1.4787161
2023-05-14 12:00:00,20.389893,12.003937,139.10918,99694.37,5.7470097e-05,1.238351
2023-05-15 12:00:00,18.67517,7.5979614,335.847,100284.98,0.0,2.3211772
2023-05-16 12:00:00,22.272705,7.566742,344.98825,100237.01,0.0,1.4362687
2023-05-17 12:00:00,24.151276,10.960999,188.06764,99581.51,6.2155486e-06,3.2677736
2023-05-18 12:00:00,27.417877,18.597137,245.76106,99056.695,1.8296524e-06,3.3367026
2023-05-19 12:00:00,26.51184,17.225647,86.97096,99189.45,0.00020738445,1.3209326
2023-05-20 12:00:00,21.638855,16.513275,140.00421,98649.66,0.00045249253,2.3424602
2023-05-21 12:00:00,26.653198,14.567627,267.5226,99720.74,0.0,1.7861906
2023-05-22 12:00:00,21.169708,15.652649,115.937744,100171.87,8.301022e-05,1.0838982
2023-05-23 12:00:00,18.74469,13.004913,218.43509,100878.64,0.0001693864,3.4780104
2023-05-24 12:00:00,19.431732,9.129272,331.93753,101442.13,5.9543584e-08,1.6671413
2023-05-25 12:00:00,21.481567,7.985016,357.04385,101214.73,0.0,0.5623806
2023-05-26 12:00:00,25.305084,10.514435,354.85373,100690.72,0.0,1.8527837
2023-05-27 12:00:00,29.093842,14.278412,345.4933,100436.11,0.0,1.8740212
2023-05-28 12:00:00,30.361176,15.858734,350.6729,100269.27,0.0,2.7336738
2023-05-29 12:00:00,31.81186,16.348175,353.19354,100055.11,0.0,2.8674319
2023-05-30 12:00:00,32.16574,18.231781,313.04825,99890.32,6.472961e-07,2.8406246
2023-05-31 12:00:00,30.078064,19.897522,200.23872,99505.15,6.402499e-05,2.7447386
2023-06-01 12:00:00,24.17154,13.768188,359.2777,99930.71,6.8817064e-07,2.449774
2023-06-02 12:00:00,25.892303,11.878021,247.67448,99919.17,0.0,1.9117258
2023-06-03 12:00:00,24.379822,17.02533,175.48053,99163.23,7.113201e-05,1.5154097
2023-06-04 12:00:00,29.861023,14.452332,346.26895,99349.664,0.0,0.57285315
2023-06-05 12:00:00,31.36728,21.0195,217.4244,99219.69,3.3746615e-05,2.830809
2023-06-06 12:00:00,33.283936,25.529877,249.95259,99265.59,0.0,3.7999656
2023-06-07 12:00:00,33.12549,25.94217,305.31323,99409.51,1.7033744e-05,3.1421185
2023-06-08 12:00:00,31.386292,20.287415,334.26505,99740.44,0.00016505859,0.6738664
2023-06-09 12:00:00,29.931396,18.02536,334.8344,100264.62,2.5655674e-11,2.4511302
2023-06-10 12:00:00,29.008972,14.821625,298.03302,100218.05,0.0,2.3570843
2023-06-11 12:00:00,28.810486,21.960327,209.59941,99280.5,0.0001692696,2.2935865
2023-06-12 12:00:00,29.705536,20.155365,340.77365,99231.0,5.0110688e-05,2.20254
2023-06-13 12:00:00,28.61853,16.682861,237.90485,99771.305,5.9848267e-06,1.3069443
2023-06-14 12:00:00,28.89746,18.756927,280.34247,99830.25,1.6772065e-05,1.2844423
2023-06-15 12:00:00,30.376282,18.398926,351.5452,99894.58,1.7526816e-06,1.8566593
2023-06-16 12:00:00,29.212952,17.762756,112.81309,100180.88,8.669809e-06,1.9395623
2023-06-17 12:00:00,34.228577,20.170471,308.4669,99645.77,0.0,3.1782176
2023-06-18 12:00:00,34.77652,21.617035,308.19653,99214.64,5.060766e-05,1.6626626
2023-06-19 12:00:00,37.00479,27.69748,302.69278,99131.31,5.530918e-08,2.7985501
2023-06-20 12:00:00,36.664276,26.277771,259.11432,99101.3,4.085159e-06,2.6143405
2023-06-21 12:00:00,37.33078,25.52005,346.26843,99131.06,2.3626826e-07,1.7462276
2023-06-22 12:00:00,35.739594,21.5206,281.99194,99326.26,4.3658485e-05,1.3279363
2023-06-23 12:00:00,36.650818,29.761017,268.75217,99326.28,0.0,1.9165338
2023-06-24 12:00:00,37.74167,23.619476,338.83408,99515.98,1.565992e-05,0.83227015
2023-06-25 12:00:00,37.84259,25.425201,348.52762,99362.11,0.0,3.2695649
2023-06-26 12:00:00,38.49518,28.399048,344.1328,99384.27,0.0,3.5688298
2023-06-27 12:00:00,36.868195,27.040771,291.17133,99753.49,2.0490848e-05,1.1705648
2023-06-28 12:00:00,37.34854,21.655304,310.51874,100144.46,8.633881e-06,0.5072516
2023-06-29 12:00:00,38.689423,28.309387,341.924,99821.164,0.0,3.3907607
2023-06-30 12:00:00,36.94449,20.984955,254.9012,99920.99,6.291697e-05,0.5416243
2023-07-01 12:00:00,39.322876,23.779205,328.22675,99793.33,2.5734735e-05,1.2351291
2023-07-02 12:00:00,31.058258,21.672394,128.5496,100030.36,0.000120395096,0.9572917
2023-07-03 12:00:00,33.747772,21.737823,300.95605,100097.61,0.0,1.5523407
2023-07-04 12:00:00,34.256775,19.723145,352.50116,100199.79,0.0,1.1450195
2023-07-05 12:00:00,35.031006,20.131927,351.19604,100356.664,0.0,1.9928894
2023-07-06 12:00:00,36.422302,19.52005,353.80048,100532.71,0.0,1.9105049
2023-07-07 12:00:00,36.649017,20.172241,306.54422,100477.59,0.0,2.0777287
2023-07-08 12:00:00,36.377014,22.819366,302.22412,100321.64,0.0,2.1726334
2023-07-09 12:00:00,36.275574,21.469147,299.6869,100294.7,0.0,2.1222
2023-07-10 12:00:00,35.679108,23.325958,258.20544,100304.914,1.3988783e-05,1.2137897
2023-07-11 12:00:00,34.364777,19.869781,346.99,100295.86,5.213317e-06,2.3750186
2023-07-12 12:00:00,36.23996,19.806793,346.08884,100091.875,0.0,1.0456028
2023-07-13 12:00:00,38.48996,25.501038,171.8487,99554.664,0.0,2.982206
2023-07-14 12:00:00,39.530853,21.886597,341.83597,99468.33,7.0020506e-06,0.35734835
2023-07-15 12:00:00,40.90384,25.881165,333.7005,99589.445,3.0050383e-06,2.004125
2023-07-16 12:00:00,38.56964,25.704437,336.60312,99870.086,4.884585e-06,1.0810951
2023-07-17 12:00:00,36.627502,24.12738,338.64368,100220.51,9.940812e-07,2.7646704
2023-07-18 12:00:00,37.563538,21.004517,345.29782,100191.65,0.0,2.01612
2023-07-19 12:00:00,39.43106,21.78247,341.0579,99829.08,0.0,0.4194959
2023-07-20 12:00:00,40.664856,24.217041,338.18127,99723.18,0.0,2.0243402
2023-07-21 12:00:00,41.612854,27.03955,333.91083,99772.79,0.0,2.7550316
2023-07-22 12:00:00,42.013977,29.595367,318.57007,99829.57,2.7101856e-05,2.2356026
2023-07-23 12:00:00,42.661316,26.099579,323.50565,99683.98,1.8455763e-05,2.0889606
2023-07-24 12:00:00,42.859314,27.044373,340.8195,99461.95,3.1957808e-07,1.4501814
2023-07-25 12:00:00,44.116516,26.226166,334.9055,99311.5,0.0,1.8098102
2023-07-26 12:00:00,41.89215,32.13919,314.44272,99569.766,0.0,2.732083
2023-07-27 12:00:00,38.20755,23.668396,318.0699,100046.766,0.0,2.165296
2023-07-28 12:00:00,37.078644,23.500793,328.59476,100060.01,0.0,1.9387612
2023-07-29 12:00:00,34.281982,21.163727,303.15497,100220.33,0.0,2.417929
2023-07-30 12:00:00,39.207397,21.253784,308.02145,99766.01,0.0,1.4073951
2023-07-31 12:00:00,44.02411,24.91098,290.5068,99410.67,7.195305e-05,2.3406105
2023-08-01 12:00:00,36.648773,23.46164,224.89282,99728.195,3.979088e-05,1.9506849
2023-08-02 12:00:00,34.728912,21.306244,314.74588,100088.164,6.026155e-07,2.077444
2023-08-03 12:00:00,32.309357,20.773346,332.5407,100359.375,0.0,2.299066
2023-08-04 12:00:00,33.7482,17.60199,332.2353,100166.375,0.0,1.6673056
2023-08-05 12:00:00,34.11618,18.510681,202.89172,99956.625,0.0,0.98220456
2023-08-06 12:00:00,37.93866,24.439575,255.97559,99756.96,0.0,1.9949
2023-08-07 12:00:00,36.105133,24.956726,161.95175,99413.89,0.0,3.2854111
2023-08-08 12:00:00,35.48932,22.068878,276.98187,99198.56,6.088313e-05,2.4416263
2023-08-09 12:00:00,37.201935,22.838745,312.01257,99315.266,0.0,0.7088169
2023-08-10 12:00:00,38.922577,26.17163,308.26205,99561.85,0.0,1.678664
2023-08-11 12:00:00,38.42395,25.889587,307.3123,99747.15,1.2884357e-05,1.8385167
2023-08-12 12:00:00,41.237427,25.420563,287.14996,99737.664,0.0,1.5259411
2023-08-13 12:00:00,39.408417,21.955261,307.21634,99698.67,5.293157e-05,1.1879141
2023-08-14 12:00:00,35.932007,23.750275,310.3641,99797.4,0.0,2.4173946
2023-08-15 12:00:00,37.220947,21.200165,308.29053,99759.31,0.0,1.7080556
2023-08-16 12:00:00,40.388123,21.797943,302.4998,99455.555,0.0,1.6053122
2023-08-17 12:00:00,42.8497,28.702728,199.61192,99033.266,0.0,1.5504098
2023-08-18 12:00:00,40.243683,25.674133,300.07266,99309.68,0.0,2.249436
2023-08-19 12:00:00,43.583954,25.372406,276.5297,99363.66,1.3730911e-05,1.2072526
2023-08-20 12:00:00,39.908722,24.779999,293.24234,99422.4,1.1446271e-05,1.6119819
2023-08-21 12:00:00,38.42151,23.531128,297.33215,99878.01,0.0,2.496018
2023-08-22 12:00:00,40.88504,24.094727,295.14984,100058.195,0.0,1.8032258
2023-08-23 12:00:00,43.463867,25.173279,294.5459,99864.266,0.0,1.074305
2023-08-24 12:00:00,41.01013,29.26471,166.34523,99763.65,0.0,2.7197695
2023-08-25 12:00:00,40.293518,28.381409,261.95932,99769.83,1.2792371e-07,2.2607985
2023-08-26 12:00:00,40.699432,28.072784,282.46948,99648.984,0.0,2.6549265
2023-08-27 12:00:00,40.682007,26.471375,271.7404,99525.28,5.1995063e-05,2.4206457
2023-08-28 12:00:00,38.674805,22.733429,223.0237,99601.66,7.303847e-05,1.8038169
2023-08-29 12:00:00,37.886047,28.455719,263.24313,99842.49,1.8135406e-05,2.2972271
2023-08-30 12:00:00,38.542908,26.467072,241.08438,100116.69,0.0,2.0779202
2023-08-31 12:00:00,40.44458,28.01709,273.16495,100198.82,0.0,1.4599115
2023-09-01 12:00:00,39.780884,24.941895,258.28415,100194.12,1.0489222e-06,1.5275683
2023-09-02 12:00:00,39.84247,25.227509,223.93114,99972.24,0.0,1.7225344
2023-09-03 12:00:00,39.38669,25.013672,218.82994,99896.13,7.2515724e-07,1.6041012
2023-09-04 12:00:00,39.00824,24.828857,250.7014,100041.19,4.6171852e-05,1.5149441
2023-09-05 12:00:00,37.85266,24.392181,250.34915,100154.94,1.4272878e-05,1.5789717
2023-09-06 12:00:00,37.162415,25.008453,263.16528,100099.98,3.3503596e-07,1.3985941
2023-09-07 12:00:00,37.727356,24.939972,243.08353,99759.63,0.0,1.4195999
2023-09-08 12:00:00,39.917145,26.141602,246.80182,99347.234,0.0,1.0154811
2023-09-09 12:00:00,37.39496,26.352112,266.2711,99504.83,0.0,3.3670359
2023-09-10 12:00:00,31.824738,19.075043,266.07968,100250.24,0.0,3.0113363
2023-09-11 12:00:00,31.635284,18.098724,267.61307,100548.625,0.0,2.237996
2023-09-12 12:00:00,33.72052,15.268341,268.1478,100346.234,0.0,1.6297241
2023-09-13 12:00:00,36.17157,17.083801,263.33414,100098.72,0.0,1.4105253
2023-09-14 12:00:00,37.91089,20.223846,250.46138,100081.65,0.0,1.1147835
2023-09-15 12:00:00,38.995728,19.946228,254.95087,100185.12,0.0,0.99297726
2023-09-16 12:00:00,39.95633,19.932526,254.88268,100048.305,0.0,1.0952907
2023-09-17 12:00:00,40.487274,20.571838,247.06554,99684.6,0.0,1.86309
2023-09-18 12:00:00,40.21875,21.769287,250.0261,99555.13,0.0,2.5329845
2023-09-19 12:00:00,37.299347,23.120544,149.0652,99605.28,6.6446724e-08,2.0552378
2023-09-20 12:00:00,32.75589,21.955841,128.46458,99809.664,4.2664047e-05,2.8292267
2023-09-21 12:00:00,33.230072,23.65802,198.68776,99774.0,1.4737988e-05,3.2783525
2023-09-22 12:00:00,28.006958,19.54126,157.36876,99899.64,0.0005877974,2.3992186
2023-09-23 12:00:00,28.668915,19.106873,146.82787,99846.445,0.0005449738,0.40561515
2023-09-24 12:00:00,23.916718,18.847015,96.011055,99650.88,0.00013008466,1.2141347
2023-09-25 12:00:00,27.879211,20.106232,161.90326,99878.56,8.806639e-05,1.7474263
2023-09-26 12:00:00,29.8219,20.207062,216.69894,99834.73,1.3558485e-05,2.0525308
2023-09-27 12:00:00,32.78705,23.441711,186.2208,99739.45,0.0,2.256042
2023-09-28 12:00:00,33.54706,23.90149,220.56479,99825.64,0.0,2.747116
2023-09-29 12:00:00,33.63791,22.644623,210.59308,99831.75,4.2616125e-07,1.4199656
2023-09-30 12:00:00,31.85263,21.59372,208.88417,99970.13,3.216028e-06,0.61787206
2023-10-01 12:00:00,31.019836,20.979675,193.3868,99481.41,8.024911e-05,1.681031
2023-10-02 12:00:00,23.006927,15.225708,152.8848,99375.82,6.9629477e-06,3.2569714
2023-10-03 12:00:00,22.42749,11.045349,219.26892,99787.77,0.0,1.4128041
2023-10-04 12:00:00,28.549072,14.75293,205.25851,99982.63,0.0,2.1508276
2023-10-05 12:00:00,28.638947,14.279938,213.78836,100059.34,0.0,1.8945912
2023-10-06 12:00:00,29.570007,15.6371155,208.63821,99818.71,0.0,2.316052
2023-10-07 12:00:00,28.372986,20.73706,182.67387,99647.35,0.0,2.2160418
2023-10-08 12:00:00,28.59671,22.052765,169.62341,99829.76,1.0380688e-06,2.6959245
2023-10-09 12:00:00,25.799927,21.479187,88.845505,99892.34,3.096693e-05,3.2231793
2023-10-10 12:00:00,29.35611,23.140137,190.68965,99442.375,0.0,4.5415816
2023-10-11 12:00:00,26.898468,14.616241,161.31668,99614.664,0.0001952898,2.7796805
2023-10-12 12:00:00,20.083527,10.730316,202.21376,100626.82,0.0,1.7391608
2023-10-13 12:00:00,20.52005,10.512848,175.5059,100915.84,0.0,1.591701
2023-10-14 12:00:00,18.430328,6.146759,203.52927,100868.07,0.0,1.366156
2023-10-15 12:00:00,21.19696,6.219818,197.75719,100422.805,0.0,0.6516735
2023-10-16 12:00:00,21.031982,9.706818,115.257256,100185.35,4.9493815e-06,1.6923879
2023-10-17 12:00:00,17.396606,9.586426,169.72054,100257.14,2.4250905e-05,2.7399542
2023-10-18 12:00:00,9.368683,-0.09286499,196.20288,101368.08,0.0,1.992613
2023-10-19 12:00:00,16.297852,1.0218201,183.75621,100626.93,0.0,2.3015168
2023-10-20 12:00:00,13.816254,6.604126,189.04634,100622.61,0.0,1.9409332
2023-10-21 12:00:00,14.736877,1.6224976,185.3808,101163.664,0.0,1.6215008
2023-10-22 12:00:00,16.758179,1.9368896,186.26955,101199.13,0.0,1.8256418
2023-10-23 12:00:00,18.874786,2.9126892,155.54416,100987.305,0.0,1.1906233
2023-10-24 12:00:00,20.679901,6.586334,170.09,100773.01,1.6139363e-09,1.9864247
2023-10-25 12:00:00,17.168274,6.5268555,89.36555,101052.22,1.5476695e-06,3.056314
2023-10-26 12:00:00,16.669556,3.4571838,174.15019,101175.63,0.0,1.493568
2023-10-27 12:00:00,19.46875,4.628357,172.56865,100868.16,0.0,1.2656434
2023-10-28 12:00:00,21.863434,6.6820374,170.81627,100408.305,0.0,1.6464459
2023-10-29 12:00:00,23.15622,7.3525085,167.5292,100244.445,0.0,1.3558081
2023-10-30 12:00:00,23.93219,8.028595,167.2451,99979.42,0.0,1.0471807
2023-10-31 12:00:00,23.818481,7.182434,162.97017,99661.54,0.0,1.1458412
2023-11-01 12:00:00,17.366669,10.479675,112.374405,99759.95,1.4733996e-07,2.168084
2023-11-02 12:00:00,14.290405,4.6375427,150.48366,100334.45,4.6154327e-07,2.490208
2023-11-03 12:00:00,11.10553,0.2008667,161.80986,100972.85,7.9728907e-10,1.8214828
2023-11-04 12:00:00,15.141815,1.7460022,145.50099,101247.39,0.0,2.4789064
2023-11-05 12:00:00,19.220886,2.6654663,146.7105,100797.89,0.0,2.3464446
2023-11-06 12:00:00,15.674652,11.251495,18.0088,100265.08,0.00019729223,2.5875106
2023-11-07 12:00:00,18.30606,13.3750305,96.48261,99925.46,3.6824313e-05,1.5149695
2023-11-08 12:00:00,20.190063,7.773102,147.50343,100573.91,3.0819078e-07,1.7199477
2023-11-09 12:00:00,17.41275,10.596924,31.383389,99984.12,0.00020656125,2.3844373
2023-11-10 12:00:00,22.588196,14.976929,122.6351,99295.2,1.1782686e-06,2.3720915
2023-11-11 12:00:00,23.553192,16.765839,129.6423,99012.64,1.6897732e-06,3.4051528
2023-11-12 12:00:00,22.024414,7.537567,144.75598,100192.57,0.0,1.9060119
2023-11-13 12:00:00,17.519135,5.316223,141.22108,100521.83,0.0,1.8947856
2023-11-14 12:00:00,19.537354,5.8579407,126.57269,99898.12,3.6491783e-06,2.536886
2023-11-15 12:00:00,17.760895,12.806946,13.988555,99287.766,0.00024335219,3.0505097
2023-11-16 12:00:00,12.705719,7.0903015,108.79289,99716.32,3.5250628e-06,1.8915111
2023-11-17 12:00:00,17.036407,3.9891052,138.08675,100281.89,1.1522125e-07,1.7889379
2023-11-18 12:00:00,16.890839,5.209961,106.92003,100513.52,0.0,0.7352725
2023-11-19 12:00:00,13.409546,1.4004822,120.34948,101098.1,1.3226419e-07,3.203393
2023-11-20 12:00:00,9.207214,-0.293396,123.12181,101077.24,1.5902853e-06,1.629418
2023-11-21 12:00:00,11.9609375,-0.28259277,103.997765,101019.64,9.65813e-07,1.9216812
2023-11-22 12:00:00,16.71048,5.498657,120.0421,100714.96,2.5375232e-07,2.9784684
2023-11-23 12:00:00,16.69632,9.120544,99.328354,100879.33,1.4280934e-07,1.4780269
2023-11-24 12:00:00,16.957458,7.395233,105.4853,100950.43,1.964063e-07,1.1151448
2023-11-25 12:00:00,13.149475,9.138702,35.263786,100103.164,3.1065058e-05,2.0831861
2023-11-26 12:00:00,15.153717,10.970459,104.81958,99298.28,2.3022356e-05,3.2134705
2023-11-27 12:00:00,12.731812,3.039734,117.14,99894.32,0.0,1.7515618
2023-11-28 12:00:00,12.072235,3.4313354,123.645454,99667.48,0.0,1.0290775
2023-11-29 12:00:00,16.803345,6.1731873,37.989788,98660.734,0.000119373966,0.89194924
2023-11-30 12:00:00,8.566772,2.7380676,75.45338,98363.2,1.4118416e-05,3.3196974
2023-12-01 12:00:00,2.78479,0.109558105,38.01328,98427.78,5.9174206e-05,4.915059
2023-12-02 12:00:00,0.6876221,-1.9386902,66.896255,99241.38,4.4925555e-06,3.2947664
2023-12-03 12:00:00,6.161865,-5.79422,73.209435,99802.5,9.059588e-06,1.5566987
2023-12-04 12:00:00,6.823883,3.5704956,10.195576,99466.98,0.000291427,1.2385157
2023-12-05 12:00:00,3.387085,-1.719696,70.16249,99858.05,5.1330993e-05,3.7868974
2023-12-06 12:00:00,-1.4290161,-5.893799,56.178543,99899.15,3.9175998e-06,2.6989312
2023-12-07 12:00:00,5.532074,-8.96106,115.634895,100381.95,8.5259904e-07,2.462628
2023-12-08 12:00:00,10.516541,-3.1457214,113.77481,101168.375,0.0,2.1723654
2023-12-09 12:00:00,9.473236,-3.8879395,112.56807,100887.234,1.12058366e-07,2.3000684
2023-12-10 12:00:00,3.8301392,-5.5854187,85.03772,100878.84,0.0,1.5905778
2023-12-11 12:00:00,2.7120667,-6.5578613,116.98799,101048.43,2.315906e-06,1.9828223
2023-12-12 12:00:00,6.5837097,-6.7123413,96.93606,100835.445,1.2430723e-07,2.9190528
2023-12-13 12:00:00,7.733429,0.7992554,53.519688,99953.83,1.1244092e-05,2.602481
2023-12-14 12:00:00,10.021149,0.9236145,30.457134,99494.32,2.5002735e-05,2.2016602
2023-12-15 12:00:00,0.8199463,-6.1159973,45.550846,100255.52,1.7973933e-05,3.942161
2023-12-16 12:00:00,-2.9888306,-14.937775,106.73432,100452.35,4.407237e-07,1.2329487
2023-12-17 12:00:00,-0.78308105,-5.748932,58.6391,100070.34,4.773099e-06,3.265396
2023-12-18 12:00:00,3.417511,-12.090088,99.32736,100443.23,5.792792e-07,1.4842615
2023-12-19 12:00:00,8.375153,0.14022827,111.37279,100214.92,1.1178861e-06,2.2251012
2023-12-20 12:00:00,17.106354,-1.0948181,106.62209,100317.0,0.0,2.521565
2023-12-21 12:00:00,18.137024,3.5807495,108.83359,99752.95,0.0,2.4866571
2023-12-22 12:00:00,18.825897,5.5951233,109.82697,99168.31,0.0,3.0027597
2023-12-23 12:00:00,14.690155,7.226776,90.73066,99149.0,6.5269296e-06,2.45544
2023-12-24 12:00:00,8.537933,0.22640991,80.05157,100021.55,7.4910525e-07,2.2575676
2023-12-25 12:00:00,7.115631,-1.7314453,110.05412,99908.6,1.1083591e-06,2.9269888
2023-12-26 12:00:00,11.033539,3.2616272,65.85957,98815.68,2.04916e-06,4.769417
2023-12-27 12:00:00,11.120239,4.0179443,91.87192,98763.445,0.00010972826,4.536746
2023-12-28 12:00:00,4.294098,1.2850952,56.80131,100055.54,3.9398483e-06,5.888319
2023-12-29 12:00:00,2.1663208,-4.583313,112.19596,100865.36,1.510177e-07,2.344091
2023-12-30 12:00:00,4.2695312,-1.6468506,19.43014,99740.5,0.00021579245,3.8282156
2023-12-31 12:00:00,9.078308,-2.87677,63.617874,99349.32,1.5380308e-05,3.9975314
2024-01-01 12:00:00,2.9198608,-9.995544,116.357895,100446.18,5.03512e-07,2.2121336
2024-01-02 12:00:00,5.431793,-5.4208374,116.304825,100221.36,0.0,2.3980012
2024-01-03 12:00:00,3.0852966,-9.116211,112.618126,100978.85,2.1579244e-07,0.4124454
2024-01-04 12:00:00,3.590393,-3.0003357,51.997875,101238.76,1.3843257e-07,2.4790645
2024-01-05 12:00:00,4.239197,-0.9307556,65.65646,100736.6,6.128049e-06,1.2867452
2024-01-06 12:00:00,3.6114502,-1.3621826,113.753876,100475.74,1.4130906e-05,4.5874195
2024-01-07 12:00:00,7.6834717,-8.242218,117.22435,100463.36,0.0,1.6991727
2024-01-08 12:00:00,5.888489,-4.3874817,120.54714,100624.5,4.570593e-09,2.82268
2024-01-09 12:00:00,2.5160522,-6.4891663,105.122604,101454.9,1.7964012e-06,1.6375549
2024-01-10 12:00:00,5.407776,-8.932037,123.09828,101149.3,1.3053416e-07,1.9439017
2024-01-11 12:00:00,9.960602,-6.788147,120.56521,100773.31,0.0,1.2949646
2024-01-12 12:00:00,10.311157,-5.5986633,112.66435,101032.0,2.0483414e-07,0.45232132
2024-01-13 12:00:00,12.353455,-3.0673828,116.04865,100729.68,0.0,1.2182053
2024-01-14 12:00:00,12.846802,-3.829132,125.066376,100227.19,1.02622695e-10,0.814805
2024-01-15 12:00:00,8.068359,-3.1182556,124.04257,100017.41,4.7560573e-09,1.8034145
2024-01-16 12:00:00,8.812317,-4.557434,122.25739,100036.93,2.1024853e-06,0.9429928
2024-01-17 12:00:00,11.294861,-2.414978,82.42082,99747.875,6.438834e-07,2.3219
2024-01-18 12:00:00,8.643097,3.8394775,36.03513,100094.29,3.2492015e-05,0.8146353
2024-01-19 12:00:00,5.282837,1.7312317,66.26673,100849.29,1.8623927e-05,2.076916
2024-01-20 12:00:00,4.1967773,1.2931213,33.62495,100808.94,6.264448e-05,1.9982666
2024-01-21 12:00:00,10.257263,3.8052979,69.305374,100005.74,4.1889998e-05,0.961207
2024-01-22 12:00:00,8.0095825,0.40322876,34.204533,100013.484,0.000111420195,3.2224345
2024-01-23 12:00:00,0.7440796,-2.8175354,87.95499,100723.945,9.943897e-06,2.5879402
2024-01-24 12:00:00,2.6117249,-9.452301,133.46417,100357.95,1.9667514e-06,0.39376467
2024-01-25 12:00:00,-2.9188538,-7.269623,141.97581,99594.22,1.1510685e-06,2.5784707
2024-01-26 12:00:00,0.84503174,-6.990967,68.72255,99539.25,1.8832554e-05,1.5799
2024-01-27 12:00:00,-3.9972534,-12.636383,148.20416,100762.17,2.1659548e-06,3.3706934
2024-01-28 12:00:00,-2.665863,-14.657898,119.479385,100449.766,1.0065866e-06,1.1150162
2024-01-29 12:00:00,-3.620575,-16.628052,156.02147,100934.41,1.7256622e-05,3.1017225
2024-01-30 12:00:00,-6.0877686,-20.350204,63.87055,101642.74,2.6177151e-05,1.7976468
2024-01-31 12:00:00,-5.1022644,-9.76236,102.11952,102308.875,2.5685995e-05,1.8818313
2024-02-01 12:00:00,-8.898956,-21.954773,148.53372,102765.9,0.0,2.4614065
2024-02-02 12:00:00,-3.906311,-24.444626,161.69395,101712.195,0.0,1.5378475
2024-02-03 12:00:00,-1.1152649,-13.559631,86.67947,100628.37,1.8293118e-06,1.7635341
2024-02-04 12:00:00,2.30188,-13.023193,159.18272,100101.45,9.249943e-06,1.5143452
2024-02-05 12:00:00,6.7155457,-8.431,121.10508,100145.3,4.0689733e-06,1.5477314
2024-02-06 12:00:00,12.306671,-5.389618,142.3199,99709.1,1.7486302e-07,3.2918236
2024-02-07 12:00:00,13.7899475,-0.5999756,45.75788,99306.13,0.00012525638,2.348254
2024-02-08 12:00:00,-0.6937866,-7.6500854,142.33519,101224.78,1.2932222e-05,4.807465
2024-02-09 12:00:00,-5.9061584,-15.489685,175.73936,102148.01,0.0,2.3943665
2024-02-10 12:00:00,-0.4319458,-16.444672,120.9152,101528.21,1.6779114e-06,1.7053244
2024-02-11 12:00:00,9.861572,-0.44726562,99.27863,99978.164,0.0,3.13833
2024-02-12 12:00:00,6.500305,0.4109192,37.84092,100084.555,9.5170086e-05,0.82790947
2024-02-13 12:00:00,1.3248596,-0.90130615,111.32377,100636.18,0.00010070142,3.9181066
2024-02-14 12:00:00,9.035248,-10.778656,175.92215,100639.4,1.15580235e-07,1.3171254
2024-02-15 12:00:00,13.042725,-3.7932434,177.15976,100137.945,0.0,1.1932118
2024-02-16 12:00:00,15.510834,-5.293091,173.09502,100383.72,0.0,1.5220327
2024-02-17 12:00:00,17.954834,-2.0748901,169.58319,100352.9,0.0,1.7421632
2024-02-18 12:00:00,18.654419,1.4039307,161.23956,100357.92,0.0,1.8548435
2024-02-19 12:00:00,16.712616,5.5281067,83.54572,100479.24,5.980925e-09,1.4984742
2024-02-20 12:00:00,17.131226,6.468994,141.71922,100154.734,0.0,0.53535384
2024-02-21 12:00:00,17.979645,3.087616,176.16685,100075.414,3.0619447e-09,2.0239007
2024-02-22 12:00:00,15.364563,10.64151,39.793957,99780.53,0.00014606785,3.1514432
2024-02-23 12:00:00,15.10379,12.2786255,16.887804,99257.0,0.00046859475,4.1263523
2024-02-24 12:00:00,12.368011,7.97641,19.210526,98402.414,0.00083366834,4.8746233
2024-02-25 12:00:00,8.010468,4.9479065,42.57272,98868.336,7.4578726e-05,3.8961303
2024-02-26 12:00:00,7.785614,2.5328674,145.81175,99808.25,3.4851955e-06,2.705208
2024-02-27 12:00:00,7.303589,-1.7286072,122.593155,100025.664,8.374637e-06,0.17177397
2024-02-28 12:00:00,9.942688,1.7901917,192.97981,100229.336,2.3388673e-06,0.8646452
2024-02-29 12:00:00,,,,,,
2024-03-01 12:00:00,8.814789,2.3999023,26.50743,99174.625,0.00032975938,1.5194767
2024-03-02 12:00:00,4.09787,-1.8121643,176.25795,100417.39,1.0033683e-05,3.8982794
2024-03-03 12:00:00,7.845276,-4.9812317,188.31656,100857.55,1.3469989e-06,1.6150042
2024-03-04 12:00:00,12.9158325,1.4690247,80.53586,100107.03,2.474685e-05,2.0134597
2024-03-05 12:00:00,10.096344,3.1665344,107.60004,100220.945,1.4683462e-05,2.2532578
2024-03-06 12:00:00,7.394867,-2.0636597,205.0229,100466.266,1.9747188e-06,2.156478
2024-03-07 12:00:00,11.268677,-2.8050232,192.1349,99624.82,8.49039e-07,1.1160419
2024-03-08 12:00:00,15.783783,0.3547058,216.98428,99326.65,5.209248e-09,1.6159204
2024-03-09 12:00:00,21.439148,4.0813904,223.46092,99166.72,0.0,1.8848903
2024-03-10 12:00:00,17.927582,8.568848,226.84341,99149.9,2.5741464e-08,0.23611294
2024-03-11 12:00:00,21.269043,12.90863,144.02982,99050.445,8.600932e-06,3.1204245
2024-03-12 12:00:00,18.577148,10.897766,84.47808,99230.34,5.5184904e-05,2.046912
2024-03-13 12:00:00,11.1197815,0.83517456,56.434788,98047.586,0.0007268998,3.0168269
2024-03-14 12:00:00,0.6588745,-5.4432373,87.45651,98708.58,5.336181e-05,5.739421
2024-03-15 12:00:00,5.601837,-0.76119995,137.47528,99648.95,3.3036158e-05,3.4988961
2024-03-16 12:00:00,8.146362,-5.100952,229.81477,100623.664,6.0263176e-08,2.443738
2024-03-17 12:00:00,7.1860657,-7.3356934,215.23509,101357.53,2.772088e-07,1.7699968
2024-03-18 12:00:00,9.683563,-5.9691467,243.83691,101296.87,7.35883e-07,1.2064459
2024-03-19 12:00:00,12.58667,-4.874237,252.157,100850.586,3.023618e-08,1.0679398
2024-03-20 12:00:00,17.51065,-0.7963257,255.2122,100297.91,0.0,1.884373
2024-03-21 12:00:00,13.733093,1.7479248,259.67407,100388.14,0.0,1.935347
2024-03-22 12:00:00,20.177368,-1.4598083,245.87029,100020.39,0.0,1.4202987
2024-03-23 12:00:00,22.003418,8.586212,242.48323,99288.97,0.0,2.7898188
2024-03-24 12:00:00,21.07782,11.545624,245.4386,98949.5,5.7857783e-06,1.9997746
2024-03-25 12:00:00,25.136139,8.752869,235.80719,98788.31,0.0,1.1665511
2024-03-26 12:00:00,23.08432,8.232361,260.24207,99126.695,0.0,0.6532621
2024-03-27 12:00:00,28.067352,15.914856,244.5754,98238.5,4.114931e-09,4.177634
2024-03-28 12:00:00,26.038055,15.202179,185.07831,98097.6,8.507081e-05,4.3429537
2024-03-29 12:00:00,14.957214,6.846405,245.69101,99377.63,0.00014566226,4.2734084
2024-03-30 12:00:00,16.605713,5.9058228,169.301,100176.74,0.0,3.1184142
2024-03-31 12:00:00,14.601288,8.114807,86.654106,100089.03,4.3844584e-06,0.7945814
2024-04-01 12:00:00,12.007416,0.5550232,48.128365,99560.46,0.0004149732,5.9990773
2024-04-02 12:00:00,2.2902832,-0.11035156,120.40323,99464.83,0.00010764446,3.7020438
2024-04-03 12:00:00,8.524841,-3.752533,267.33334,100075.68,6.295746e-07,2.232328
2024-04-04 12:00:00,8.842468,-6.5670166,291.04495,100869.234,3.949906e-08,2.0380876
2024-04-05 12:00:00,14.338623,-6.62677,256.2202,101217.71,0.0,2.210924
2024-04-06 12:00:00,17.705597,10.937988,161.20554,100289.1,1.844718e-05,3.0309582
2024-04-07 12:00:00,22.125732,4.3037415,278.66678,99923.414,0.0,2.4479601
2024-04-08 12:00:00,21.45514,14.653931,245.10352,99603.0,4.7415528e-05,2.2173684
2024-04-09 12:00:00,20.599243,5.5964355,273.15265,99766.586,0.0,0.488263
2024-04-10 12:00:00,24.123108,15.096039,169.87585,98423.11,1.0938004e-05,3.7369213
2024-04-11 12:00:00,22.46051,8.057739,241.04657,99060.28,8.013562e-05,5.535189
2024-04-12 12:00:00,14.668213,7.4201965,308.46252,99316.93,2.4095013e-09,4.9833593
2024-04-13 12:00:00,14.09198,0.65682983,228.57552,100102.266,0.0,1.7837807
2024-04-14 12:00:00,12.039825,5.8432007,86.29723,100954.625,8.244345e-06,2.10202
2024-04-15 12:00:00,12.907257,0.7537842,294.3809,101559.695,4.2056402e-07,2.4620328
2024-04-16 12:00:00,15.0312805,0.59017944,303.18622,101469.69,0.0,2.5182526
2024-04-17 12:00:00,15.350922,2.1431274,311.208,100683.45,0.0,2.1290486
2024-04-18 12:00:00,20.301971,4.103119,287.92184,99874.086,2.4287963e-09,0.43504357
2024-04-19 12:00:00,22.90149,7.90802,300.06345,99794.93,4.697414e-09,2.5115008
2024-04-20 12:00:00,23.386627,14.222534,256.38147,99866.13,0.0,3.2900906
2024-04-21 12:00:00,25.524475,12.56308,195.70515,100111.516,0.0,2.8273294
2024-04-22 12:00:00,25.592041,14.189636,206.32167,99919.72,7.1742065e-08,3.024454
2024-04-23 12:00:00,26.76654,13.253601,256.4168,99810.32,1.8496748e-05,2.303739
2024-04-24 12:00:00,26.055145,16.577454,280.94284,99523.234,7.936238e-05,3.0119483
2024-04-25 12:00:00,27.588196,15.327484,302.04794,99702.78,6.5421674e-10,2.139776
2024-04-26 12:00:00,30.306091,16.220428,295.52835,100176.76,3.6979684e-05,1.6947762
2024-04-27 12:00:00,29.969025,16.653381,301.45386,100394.14,9.456285e-07,1.9970425
2024-04-28 12:00:00,30.466187,17.508362,289.4056,100381.13,0.0,2.2549672
2024-04-29 12:00:00,31.119598,19.558716,255.86758,100230.79,9.791419e-06,2.2065477
2024-04-30 12:00:00,32.122406,16.43161,315.91922,100272.24,3.0326728e-06,1.1568167
2024-05-01 12:00:00,30.174713,16.6445,221.77414,100381.08,8.848728e-08,1.3670877
2024-05-02 12:00:00,32.347534,17.520142,311.52557,100236.23,0.0,1.7947476
2024-05-03 12:00:00,31.631805,19.789093,306.21686,99872.7,7.3172637e-06,2.5083277
2024-05-04 12:00:00,30.51828,16.438904,284.75427,99609.53,0.0,2.2014804
2024-05-05 12:00:00,29.307892,19.406586,212.65752,99222.23,0.000102252976,1.8579061
2024-05-06 12:00:00,24.209076,17.426971,163.83362,99026.516,9.240255e-05,1.2456462
2024-05-07 12:00:00,18.6279,11.771912,221.38313,99435.82,3.5981957e-06,4.8614798
2024-05-08 12:00:00,16.934113,8.195343,344.0457,99920.66,0.0,4.374058
2024-05-09 12:00:00,17.961792,5.2609253,331.4773,100007.055,0.0,2.9204588
2024-05-10 12:00:00,20.616943,5.687042,344.05182,100026.25,0.0,1.9390734
2024-05-11 12:00:00,22.287964,10.42868,210.25906,99918.016,0.0,1.1669208
2024-05-12 12:00:00,20.95163,12.432678,47.71132,99910.055,0.00041442775,2.1235306
2024-05-13 12:00:00,18.782867,12.213501,128.24722,99988.26,0.00018199159,2.5259635
2024-05-14 12:00:00,23.28006,12.058441,275.532,100023.266,1.5163247e-08,1.2119361
2024-05-15 12:00:00,28.7471,15.491364,330.7986,99960.47,0.0,1.7141129
2024-05-16 12:00:00,27.332428,14.462402,78.82345,99336.01,0.000515923,0.5156282
2024-05-17 12:00:00,19.849915,8.039825,351.4488,100246.5,3.043848e-05,3.3059387
2024-05-18 12:00:00,24.361328,7.57251,353.48178,100035.86,0.0,1.4527878
2024-05-19 12:00:00,28.827576,10.852264,347.34467,99852.195,0.0,1.5178684
2024-05-20 12:00:00,29.242859,18.013275,303.79028,100342.96,4.0294377e-05,1.3697004
2024-05-21 12:00:00,30.22351,19.16922,304.52612,100570.72,1.6807235e-05,1.6117477
2024-05-22 12:00:00,31.619385,20.692596,306.3195,100278.664,6.732464e-06,2.073488
2024-05-23 12:00:00,31.58847,21.639923,275.19785,99989.51,6.080778e-05,1.951665
2024-05-24 12:00:00,29.963196,19.116608,303.3415,99759.61,0.00014818927,1.3960454
2024-05-25 12:00:00,26.18277,20.022034,136.95244,99862.72,8.04898e-05,1.4529355
2024-05-26 12:00:00,29.58606,20.641663,268.26193,99695.266,1.8734469e-05,1.5703875
2024-05-27 12:00:00,31.753387,23.461273,282.00677,99294.83,5.0852406e-05,3.4216824
2024-05-28 12:00:00,23.855103,15.799011,232.11201,99747.78,9.6721866e-05,2.5628932
2024-05-29 12:00:00,26.319397,13.466522,344.5566,100029.59,0.0,1.674461
2024-05-30 12:00:00,29.359528,15.406067,346.2529,100124.47,0.0,1.5521253
2024-05-31 12:00:00,32.328033,15.977112,347.56934,99997.81,0.0,1.4477347
2024-06-01 12:00:00,29.073914,19.335693,164.48767,99866.43,5.619249e-06,1.7521472
2024-06-02 12:00:00,31.992249,19.658966,324.0751,99637.37,6.3379604e-09,0.87016505
2024-06-03 12:00:00,31.221832,21.588684,261.17847,99737.96,2.3931118e-05,2.0960202
2024-06-04 12:00:00,27.462555,19.959229,75.38886,99392.414,9.547163e-05,2.0193534
2024-06-05 12:00:00,27.516357,19.519257,139.82365,98856.516,0.00023368966,2.2815077
2024-06-06 12:00:00,25.293152,15.971832,358.16064,99457.77,8.7143824e-05,3.5546093
2024-06-07 12:00:00,27.925323,11.288605,361.30286,99947.055,0.0,2.0964568
2024-06-08 12:00:00,29.674713,13.888733,362.78888,99989.3,0.0,2.193956
2024-06-09 12:00:00,32.381165,14.526062,350.3842,99942.16,0.0,1.5831175
2024-06-10 12:00:00,33.127747,17.77182,355.70874,100046.97,0.0,2.0055153
2024-06-11 12:00:00,32.597076,17.871735,311.45728,100116.14,0.0,2.1770902
2024-06-12 12:00:00,30.834839,22.542145,116.98049,99792.445,5.4686327e-05,2.8274302
2024-06-13 12:00:00,32.74521,22.046051,208.57506,99252.39,8.722318e-05,2.4020228
2024-06-14 12:00:00,35.806854,25.391235,322.86752,99253.12,1.5094076e-05,2.5886996
2024-06-15 12:00:00,34.973297,24.729248,344.88574,99524.305,0.0,2.4930332
2024-06-16 12:00:00,36.111176,23.995117,345.92682,99742.1,0.0,1.8733281
2024-06-17 12:00:00,36.62726,24.292145,325.96725,99802.29,9.34707e-05,1.1048038
2024-06-18 12:00:00,32.51895,19.810486,355.72778,100183.586,1.587273e-05,2.1941242
2024-06-19 12:00:00,30.341736,15.751038,289.67056,100261.625,0.0,2.0860045
2024-06-20 12:00:00,29.415588,19.610657,180.15852,99866.96,2.6153622e-05,2.0436013
2024-06-21 12:00:00,33.56726,18.941467,352.22635,99744.12,2.6630303e-06,1.8418291
2024-06-22 12:00:00,34.83008,21.172882,355.48477,99819.18,0.0,2.3066444
2024-06-23 12:00:00,36.256256,21.408112,352.68683,99812.34,0.0,1.8445444
2024-06-24 12:00:00,38.159515,21.564362,346.20837,99632.67,0.0,0.7113175
2024-06-25 12:00:00,36.904114,26.094482,231.34424,99494.37,2.2817517e-06,1.3168197
2024-06-26 12:00:00,36.979065,23.254517,280.442,99322.34,9.924659e-07,0.6261218
2024-06-27 12:00:00,40.309235,26.160492,324.77338,98898.45,4.4654502e-05,2.3564193
2024-06-28 12:00:00,37.99295,25.256134,237.483,98909.85,1.2838094e-05,2.0931098
2024-06-29 12:00:00,35.75836,23.735962,243.88737,99196.96,3.8710874e-05,0.6238928
2024-06-30 12:00:00,37.61972,23.723969,333.0987,99237.45,5.843583e-06,1.6224047
2024-07-01 12:00:00,39.77829,27.027771,311.3353,99289.67,4.6444846e-05,0.9875486
2024-07-02 12:00:00,38.575287,24.94223,320.9654,99616.8,2.9299013e-05,1.5417254
2024-07-03 12:00:00,39.447296,23.560638,352.44275,99708.336,0.0,2.389421
2024-07-04 12:00:00,40.587677,24.147797,292.77225,99494.63,7.0279475e-07,0.65615565
2024-07-05 12:00:00,38.96991,25.610535,122.9394,99460.22,8.042363e-07,0.7826669
2024-07-06 12:00:00,36.942596,22.247162,192.1198,99333.06,1.0518464e-05,1.5796944
2024-07-07 12:00:00,35.471405,21.129425,349.04874,99571.38,0.0,2.853822
2024-07-08 12:00:00,36.638885,20.960876,323.89755,99589.37,0.0,1.5324653
2024-07-09 12:00:00,42.0271,26.547028,332.98288,99353.21,0.0,1.8484062
2024-07-10 12:00:00,41.960175,25.576508,344.60254,99353.81,0.0,2.334905
2024-07-11 12:00:00,41.70996,28.586853,344.48535,99358.66,0.0,3.001906
2024-07-12 12:00:00,41.866028,28.982452,342.0699,99377.5,0.0,2.705641
2024-07-13 12:00:00,41.279816,27.013214,340.36877,99513.52,0.0,2.7078354
2024-07-14 12:00:00,41.95462,26.551392,320.90875,99556.75,0.0,2.0153308
2024-07-15 12:00:00,40.57309,27.115631,246.3225,99643.2,2.8270255e-05,0.646411
2024-07-16 12:00:00,37.336426,24.568726,259.10223,99823.48,3.420521e-05,1.8614861
2024-07-17 12:00:00,39.064148,25.22757,333.0821,99653.88,0.0,2.3269818
2024-07-18 12:00:00,39.17621,30.3125,235.90244,99503.38,0.0,3.0220287
2024-07-19 12:00:00,40.439697,28.888245,302.95203,99450.94,1.3108904e-05,1.9516157
2024-07-20 12:00:00,40.863373,28.349243,334.00998,99395.59,4.709836e-07,1.9958193
2024-07-21 12:00:00,38.487793,27.48703,265.28842,99806.92,1.9233217e-05,1.2999463
2024-07-22 12:00:00,35.287262,25.19812,202.86177,99986.97,5.8834634e-05,0.7413831
2024-07-23 12:00:00,29.95282,21.617706,161.92125,100045.164,8.97464e-05,1.8097874
2024-07-24 12:00:00,36.052185,22.290833,327.78165,99777.16,0.0,1.5859172
2024-07-25 12:00:00,36.58664,25.531464,307.4217,99559.734,2.5254541e-05,1.6904765
2024-07-26 12:00:00,36.473877,23.145142,275.87473,99345.61,0.000366719,1.1935419
2024-07-27 12:00:00,31.132019,22.524536,203.99432,99628.055,3.573579e-05,3.1378565
2024-07-28 12:00:00,32.436737,17.507416,337.3916,99995.14,0.0,1.9986565
2024-07-29 12:00:00,34.275726,17.52127,337.07538,100054.42,0.0,1.5931237
2024-07-30 12:00:00,34.88327,19.528992,146.11565,99815.35,0.0,0.7725068
2024-07-31 12:00:00,36.40619,22.763,256.48087,99768.016,2.1699955e-06,1.2447962
2024-08-01 12:00:00,36.435547,24.316406,238.18181,99976.52,1.8836797e-06,0.3496702
2024-08-02 12:00:00,39.31967,24.811096,260.17365,99942.83,1.1211581e-06,0.90991175
2024-08-03 12:00:00,39.80008,27.56903,286.0174,99776.0,1.0062498e-06,1.1262726
2024-08-04 12:00:00,39.174408,26.11679,254.8948,99640.52,0.0,0.983663
2024-08-05 12:00:00,37.758057,25.85138,317.44742,99516.92,0.0,2.0196984
2024-08-06 12:00:00,37.35208,22.023315,319.43344,99735.49,3.4718342e-09,1.6950744
2024-08-07 12:00:00,38.01886,23.767334,307.2395,99629.85,0.0,1.6842965
2024-08-08 12:00:00,38.339386,20.66452,323.4177,99756.16,0.0,1.544508
2024-08-09 12:00:00,41.1243,21.196564,317.40775,99667.5,0.0,0.69048893
2024-08-10 12:00:00,40.97415,29.831757,305.02567,99572.836,6.1584096e-08,2.8690543
2024-08-11 12:00:00,38.982056,23.050446,301.90353,99740.44,4.311414e-05,2.203286
2024-08-12 12:00:00,32.350952,19.70697,321.01852,100008.945,0.0,2.6288328
2024-08-13 12:00:00,33.138397,17.01004,319.0732,99928.516,0.0,2.1549985
2024-08-14 12:00:00,33.85309,18.616241,316.19745,99978.03,0.0,2.3058426
2024-08-15 12:00:00,34.855408,18.79419,313.4908,100056.46,0.0,1.760348
2024-08-16 12:00:00,37.567566,18.944458,309.5452,99905.08,0.0,1.0388422
2024-08-17 12:00:00,41.31418,25.017975,301.94302,99559.2,0.0,2.1811063
2024-08-18 12:00:00,42.638214,28.987854,298.0647,99446.5,0.0,2.2509773
2024-08-19 12:00:00,41.176636,28.485657,277.66742,99806.6,1.1505614e-05,1.5025303
2024-08-20 12:00:00,39.6586,24.013184,255.07939,100211.08,1.3505802e-06,1.7886852
2024-08-21 12:00:00,41.181396,26.587189,290.87064,100021.586,0.0,2.0986426
2024-08-22 12:00:00,42.947266,27.77414,280.04187,99617.414,0.0,1.9848806
2024-08-23 12:00:00,43.109283,30.377838,204.51668,99381.98,3.0414535e-06,1.6317965
2024-08-24 12:00:00,41.444916,26.826508,226.16907,99415.69,3.5374564e-05,1.3996458
2024-08-25 12:00:00,34.504395,21.67453,184.79019,99341.87,4.1487154e-05,1.3395985
2024-08-26 12:00:00,32.14557,19.755737,293.53247,99814.78,0.0,2.4451292
2024-08-27 12:00:00,33.16754,19.26294,294.3808,99905.85,0.0,1.5419978
2024-08-28 12:00:00,36.22348,18.945679,292.632,99977.09,0.0,1.7499746
2024-08-29 12:00:00,39.77722,20.378937,286.08792,100036.32,0.0,1.8808886
2024-08-30 12:00:00,41.579468,24.273956,283.2957,99940.336,0.0,1.9057713
2024-08-31 12:00:00,42.571167,27.108063,271.01984,99589.53,0.0,1.4450289
2024-09-01 12:00:00,41.35666,26.818268,247.00996,99386.22,3.5474838e-07,1.3461063
2024-09-02 12:00:00,38.233246,23.794556,238.48494,99385.6,1.4337249e-05,2.9514313
2024-09-03 12:00:00,39.360443,25.623383,218.73024,99614.36,4.7671332e-07,2.3506122
2024-09-04 12:00:00,37.249268,28.589233,270.6223,99957.44,0.0,3.166985
2024-09-05 12:00:00,35.286865,26.830994,147.45093,100084.99,2.9728006e-05,2.0269084
2024-09-06 12:00:00,31.610016,21.742126,217.58064,100296.53,1.9149259e-06,1.7355535
2024-09-07 12:00:00,34.76062,19.954315,269.0804,100109.98,0.0,1.6449552
2024-09-08 12:00:00,37.06839,22.626648,263.15228,99864.89,0.0,2.1547892
2024-09-09 12:00:00,38.419098,27.634064,249.1167,99680.75,0.0,2.7726018
2024-09-10 12:00:00,37.10089,27.167267,197.85365,99587.55,2.4274323e-05,2.2776122
2024-09-11 12:00:00,39.12976,25.356964,251.51572,99326.96,0.0,2.0260987
2024-09-12 12:00:00,37.836487,29.385498,205.20918,99157.78,0.0,2.3297846
2024-09-13 12:00:00,39.096985,27.918274,241.69345,99141.2,0.0,2.8011117
2024-09-14 12:00:00,38.229126,28.949707,253.7776,99284.9,0.0,3.8136852
2024-09-15 12:00:00,38.068787,27.7641,250.27571,99634.125,0.0,3.5929735
2024-09-16 12:00:00,38.519196,28.274963,247.00584,99797.31,0.0,3.4475722
2024-09-17 12:00:00,38.47574,28.033081,242.39207,99909.17,0.0,2.3872619
2024-09-18 12:00:00,35.80481,26.236908,214.795,99945.805,2.7492146e-05,1.8819528
2024-09-19 12:00:00,31.918274,22.258728,190.64935,100254.125,1.0676495e-05,2.3340237
2024-09-20 12:00:00,28.026947,16.243439,247.40765,100921.766,0.0,2.8917637
2024-09-21 12:00:00,27.74466,13.80426,247.03058,101132.164,0.0,2.3101578
2024-09-22 12:00:00,27.29779,13.595123,247.62306,101126.33,0.0,1.922622
2024-09-23 12:00:00,29.82611,14.9114685,188.51988,100971.66,0.0,1.5339606
2024-09-24 12:00:00,32.136993,19.571136,170.61775,100758.36,0.0,1.3665477
2024-09-25 12:00:00,33.44049,19.63974,149.44208,100531.65,0.0,1.8801252
2024-09-26 12:00:00,36.167877,21.938293,199.40837,100139.99,0.0,2.8920338
2024-09-27 12:00:00,37.17505,25.02005,229.64796,99785.95,0.0,2.7501304
2024-09-28 12:00:00,31.681885,20.398224,115.53495,100093.55,0.0,2.261425
2024-09-29 12:00:00,24.455841,15.806244,151.3255,100366.07,5.841952e-06,3.0878708
2024-09-30 12:00:00,34.82257,17.067566,207.06528,99888.25,0.0,2.4169617
2024-10-01 12:00:00,32.510895,24.96054,128.82056,99215.74,1.0825571e-05,3.281883
2024-10-02 12:00:00,32.288666,21.805847,161.34119,99001.734,3.373376e-05,2.883572
2024-10-03 12:00:00,24.996582,19.389893,38.359024,99148.22,0.00029508883,0.5714308
2024-10-04 12:00:00,22.161957,15.165619,118.216324,99356.766,0.00016292698,1.6836945
2024-10-05 12:00:00,19.119324,11.301636,194.27107,100869.19,4.184249e-06,2.5628042
2024-10-06 12:00:00,18.608032,9.6267395,190.98785,100987.91,0.0,1.2686195
2024-10-07 12:00:00,14.664246,4.791046,217.04382,101049.13,7.007335e-08,2.1026835
2024-10-08 12:00:00,12.421478,4.9150085,212.27698,100892.695,4.4383114e-06,1.8355438
2024-10-09 12:00:00,16.563385,2.4817505,213.94589,100621.77,0.0,1.3419622
2024-10-10 12:00:00,20.538513,5.1163635,204.91302,100495.32,0.0,1.8913683
2024-10-11 12:00:00,20.694519,7.190033,151.53232,100661.484,0.0,2.0577579
2024-10-12 12:00:00,23.763763,10.094177,119.93618,100673.414,0.0,1.9347028
2024-10-13 12:00:00,25.21579,11.680664,167.68896,100618.016,0.0,1.5085965
2024-10-14 12:00:00,21.713348,13.008484,127.01342,100466.1,0.0,0.7063683
2024-10-15 12:00:00,23.161865,12.914642,146.05937,100230.695,0.0,0.4226742
2024-10-16 12:00:00,22.212097,11.820648,137.30974,100106.58,0.0,0.57852066
2024-10-17 12:00:00,23.393799,10.7083435,144.78102,100145.695,0.0,1.87859
2024-10-18 12:00:00,25.186005,13.230652,136.51944,99942.68,0.0,1.9243662
2024-10-19 12:00:00,24.368073,14.201172,113.11544,99979.555,5.057493e-07,2.5226011
2024-10-20 12:00:00,22.11792,15.030609,54.869602,100046.75,0.00015720437,3.0963356
2024-10-21 12:00:00,15.957794,14.553711,25.4127,99963.26,0.0004559438,4.197052
2024-10-22 12:00:00,15.776978,14.0451355,48.396107,99908.54,3.3349224e-05,2.0762184
2024-10-23 12:00:00,16.19812,14.35083,53.54785,99770.5,1.51225395e-05,1.7447251
2024-10-24 12:00:00,20.683777,10.292755,126.907364,99986.234,1.3804822e-06,1.4495516
2024-10-25 12:00:00,18.837372,12.630371,72.60668,99901.93,9.850685e-06,1.7493327
2024-10-26 12:00:00,15.687775,9.357361,108.251686,99582.92,8.039578e-08,2.2896013
2024-10-27 12:00:00,12.968353,7.4716187,102.69352,99274.14,2.923798e-06,3.1990733
2024-10-28 12:00:00,15.308289,3.719696,169.20529,99541.52,0.0,1.9661397
2024-10-29 12:00:00,18.864716,5.015259,163.55702,99631.23,0.0,1.6954767
2024-10-30 12:00:00,25.18863,12.105896,164.21355,99283.086,0.0,2.7959883
2024-10-31 12:00:00,20.667969,12.982849,162.21027,100028.27,0.0,1.7320884
2024-11-01 12:00:00,17.844513,4.0474854,161.88779,100814.836,0.0,1.1330819
2024-11-02 12:00:00,25.449982,13.58493,151.36926,99974.26,0.0,3.9808342
2024-11-03 12:00:00,22.294586,8.172852,77.52788,100084.95,4.429941e-05,1.1798844
2024-11-04 12:00:00,11.917297,5.871155,109.208115,100583.375,7.174959e-05,2.0904927
2024-11-05 12:00:00,13.737396,7.5872498,139.0059,100292.12,1.3905393e-06,1.5194638
2024-11-06 12:00:00,15.581696,3.8592224,47.60855,99736.29,4.621555e-05,2.013052
2024-11-07 12:00:00,17.2388,7.3593445,28.10274,99093.21,0.00023011879,3.0912852
2024-11-08 12:00:00,15.917633,2.579895,149.74843,99913.664,3.0228065e-07,1.9411035
2024-11-09 12:00:00,17.19519,4.883148,144.15004,99853.55,0.0,3.6151104
2024-11-10 12:00:00,19.815094,10.125214,79.73127,99329.55,2.5733087e-05,2.496757
2024-11-11 12:00:00,9.8819275,4.2690125,65.492256,100434.76,2.8968943e-05,2.2107382
2024-11-12 12:00:00,10.989655,-0.47183228,132.987,100352.71,1.32071e-06,1.9824474
2024-11-13 12:00:00,8.381409,2.1158142,20.734997,99934.34,0.00028770734,0.99069524
2024-11-14 12:00:00,14.463806,2.9173584,132.1779,100430.38,3.5047797e-05,1.1425221
2024-11-15 12:00:00,14.766083,4.8336487,36.569237,100415.29,6.662486e-05,2.5064356
2024-11-16 12:00:00,16.248108,14.211975,19.083061,100128.375,8.036945e-05,0.6192269
2024-11-17 12:00:00,18.6391,14.485687,28.744131,99397.83,0.0005456259,0.42769915
2024-11-18 12:00:00,16.01944,6.7487793,95.04367,100510.02,7.586772e-05,2.9442308
2024-11-19 12:00:00,6.6639404,2.8538818,35.24817,101244.52,6.909648e-05,0.9453991
2024-11-20 12:00:00,8.538391,4.2411194,69.804474,101130.266,5.5898595e-06,1.4270362
2024-11-21 12:00:00,10.489349,0.34204102,122.59822,101686.7,1.5579274e-06,0.30673292
2024-11-22 12:00:00,14.792969,1.0638123,116.52825,101540.98,0.0,2.2810225
2024-11-23 12:00:00,17.37146,10.616852,42.42905,100393.83,4.3026066e-06,4.3909264
2024-11-24 12:00:00,20.886505,14.717285,95.59859,100233.16,2.8586604e-05,2.6017127
2024-11-25 12:00:00,21.899933,16.944336,34.881832,99600.08,7.417784e-05,4.6629996
2024-11-26 12:00:00,21.579773,12.550781,19.086739,99516.84,0.0005683898,1.8269613
2024-11-27 12:00:00,13.827881,4.489258,100.68819,99970.32,0.00012917686,2.8915045
2024-11-28 12:00:00,11.518738,1.1010437,123.62446,100756.86,0.0,1.9538693
2024-11-29 12:00:00,13.144745,3.5289612,109.31627,100040.15,0.0,2.7579663
2024-11-30 12:00:00,13.786743,1.7241516,103.916306,99608.07,1.0242026e-09,1.999871
2024-12-01 12:00:00,14.890228,9.094391,13.690889,98388.22,0.00020347108,3.2061152
2024-12-02 12:00:00,12.908264,2.5378723,93.78908,98558.54,2.389026e-05,6.969036
2024-12-03 12:00:00,10.929077,-1.835022,120.25277,99804.54,0.0,2.4037468
2024-12-04 12:00:00,10.422668,6.77713,38.172764,99471.68,6.780961e-05,3.3209577
2024-12-05 12:00:00,10.435028,3.030304,51.4933,99459.45,5.1819312e-05,1.3052053
2024-12-06 12:00:00,10.064697,-0.6877136,115.58119,100325.984,2.496581e-08,1.6210787
2024-12-07 12:00:00,13.411652,2.0275574,114.455734,100149.64,0.0,3.308599
2024-12-08 12:00:00,14.520355,8.90625,91.73219,99475.74,2.5604584e-07,3.77481
2024-12-09 12:00:00,15.723816,12.129761,21.62701,98973.42,0.00017941068,3.9020245
2024-12-10 12:00:00,15.552887,4.3974304,90.10783,99482.13,2.903744e-06,2.1052399
2024-12-11 12:00:00,4.281708,0.21374512,28.31264,99443.83,0.00029643546,3.5274513
2024-12-12 12:00:00,0.80618286,-4.8099976,116.93217,100148.164,2.8849895e-06,2.1731048
2024-12-13 12:00:00,3.9990845,-7.8068542,107.12774,100612.88,3.0013557e-06,2.2998657
2024-12-14 12:00:00,8.429077,1.7277832,48.8119,100056.8,7.4587474e-06,2.1483324
2024-12-15 12:00:00,4.802185,0.9125366,13.740581,98740.42,0.00044646976,5.398209
2024-12-16 12:00:00,3.5403137,-1.1397095,115.630554,99138.71,4.1235715e-05,4.4602666
2024-12-17 12:00:00,9.681213,-7.47818,111.63949,99898.52,0.0,0.9609855
2024-12-18 12:00:00,13.029327,-0.4628601,77.61231,99376.46,5.481512e-07,3.3065448
2024-12-19 12:00:00,12.767609,3.180542,91.827286,98967.53,0.00015164289,3.0245955
2024-12-20 12:00:00,9.857025,-5.164612,87.28493,100118.97,0.0,1.9755293
2024-12-21 12:00:00,12.5390625,-2.4037476,60.43846,100038.445,0.0,2.3461933
2024-12-22 12:00:00,14.073273,-0.34765625,113.82354,100249.59,0.00013891458,3.53923
2024-12-23 12:00:00,2.3998718,-7.046234,115.13656,101356.984,3.374351e-09,2.1937015
2024-12-24 12:00:00,6.7374573,-6.7450256,115.377335,100738.02,0.0,2.121504
2024-12-25 12:00:00,5.6368103,-4.8605347,55.642075,99369.91,1.621763e-08,2.4568064
2024-12-26 12:00:00,3.8982544,-1.210144,43.10538,99064.16,3.2441436e-05,3.3135352
2024-12-27 12:00:00,2.8668518,-11.600159,91.89243,100248.95,2.6900753e-07,0.7766527
2024-12-28 12:00:00,4.155487,-7.7134094,110.33256,100360.62,8.839539e-07,1.4946357
2024-12-29 12:00:00,5.7300415,-10.492004,111.109,100012.27,1.4737627e-06,0.7282833
2024-12-30 12:00:00,11.750519,1.0190125,110.461426,99154.82,0.0,3.4720993
2024-12-31 12:00:00,13.238098,-1.4924622,43.309235,99407.62,9.872678e-05,1.865961
2025-01-01 12:00:00,-0.6056824,-10.154297,107.39645,100628.02,7.7984544e-07,2.30156
2025-01-02 12:00:00,0.4170227,-7.745392,119.88068,100941.86,1.1907363e-09,2.6569772
2025-01-03 12:00:00,5.2760315,-9.506897,115.6261,100965.75,1.0835065e-09,1.952178
2025-01-04 12:00:00,6.829132,-0.45080566,112.513,100315.87,0.0,2.3907273
2025-01-05 12:00:00,8.248657,-0.32583618,34.607586,99916.14,1.7330805e-05,2.3528876
2025-01-06 12:00:00,18.393127,7.8158875,103.86051,99183.62,2.0582263e-05,2.8241272
2025-01-07 12:00:00,14.501495,2.004242,119.224495,99989.13,0.0,2.5917084
2025-01-08 12:00:00,9.4653015,-3.353119,52.850037,100550.73,7.1620093e-07,1.5256094
2025-01-09 12:00:00,14.1953125,5.6990356,76.87104,98774.234,0.00019557643,2.8485053
2025-01-10 12:00:00,12.116974,3.3651123,64.02746,99283.83,1.7176888e-05,3.2050314
2025-01-11 12:00:00,3.2111511,-5.637024,113.51652,101115.45,1.5896582e-06,2.4105775
2025-01-12 12:00:00,4.8736877,-3.9669495,95.41107,101125.4,7.0436195e-09,1.496404
2025-01-13 12:00:00,3.1144104,-4.452362,74.70919,100665.92,5.9370626e-07,2.4843047
2025-01-14 12:00:00,3.4876099,-2.0420227,116.60333,100485.05,3.3122199e-06,4.518364
2025-01-15 12:00:00,5.0177,-5.2314453,123.99423,101177.96,6.2655266e-07,1.6145921
2025-01-16 12:00:00,7.8065186,-4.434021,124.44437,101243.56,2.0142363e-07,1.5881735
2025-01-17 12:00:00,6.4642334,-4.8119507,123.33086,100598.125,1.7922408e-06,1.6374807
2025-01-18 12:00:00,7.179962,-4.4543457,122.64392,100367.49,5.5522656e-07,1.3221724
2025-01-19 12:00:00,5.305908,-3.7615356,68.30965,100593.86,3.8855807e-05,1.1840051
2025-01-20 12:00:00,5.7518616,0.8442383,67.82615,100467.234,2.4867775e-05,1.0019102
2025-01-21 12:00:00,5.476227,1.0497742,53.993507,100408.06,6.673908e-06,0.79147977
2025-01-22 12:00:00,12.914825,3.9375916,113.27554,99560.21,1.7095758e-07,3.8960752
2025-01-23 12:00:00,16.363861,3.7819214,123.2669,99642.73,0.0,2.8916032
2025-01-24 12:00:00,15.480377,12.010773,71.54333,99529.195,1.8226005e-05,4.757115
2025-01-25 12:00:00,16.64862,13.312714,13.89407,99263.54,0.0005474301,3.1524222
2025-01-26 12:00:00,15.056091,4.921814,52.959408,98216.07,0.00064843846,0.9614443
2025-01-27 12:00:00,4.6214905,-0.008636475,139.12221,99469.71,5.4422408e-06,4.996516
2025-01-28 12:00:00,2.6255798,-2.3697205,132.91084,100828.445,3.1641392e-07,2.5161464
2025-01-29 12:00:00,4.4579773,-4.554138,118.68241,101304.87,2.557613e-06,0.66860104
2025-01-30 12:00:00,11.656647,-2.2635803,146.86787,101059.35,0.0,1.3249516
2025-01-31 12:00:00,12.174316,-2.5540466,149.35222,101176.6,4.4522363e-07,1.6299045
2025-02-01 12:00:00,8.049225,0.20455933,25.789701,100108.086,0.00020999134,1.9554411
2025-02-02 12:00:00,7.9806213,4.51947,60.487717,100380.984,0.00013270153,3.9406095
2025-02-03 12:00:00,6.8272705,-4.009552,151.03038,101740.555,2.8846577e-08,2.6062481
2025-02-04 12:00:00,4.615906,-4.1659546,130.1079,101628.445,1.538935e-06,1.8598434
2025-02-05 12:00:00,6.242096,-3.969757,125.88384,101493.93,2.6714868e-06,1.1473148
2025-02-06 12:00:00,11.49292,-1.2644653,159.69604,100969.04,0.0,2.1535864
2025-02-07 12:00:00,9.239929,-3.6654663,165.28801,100601.766,1.8757698e-09,2.018737
2025-02-08 12:00:00,12.98819,-2.0386658,162.91751,100275.12,2.6624283e-10,1.2808584
2025-02-09 12:00:00,15.775787,0.21575928,155.85509,100463.89,0.0,2.386859
2025-02-10 12:00:00,12.286346,7.277466,32.425907,100008.52,8.3010986e-05,2.7136269
2025-02-11 12:00:00,14.640564,10.413757,28.409351,99308.08,0.00017515919,2.6989412
2025-02-12 12:00:00,16.552032,12.824188,93.152954,98893.74,0.00013626362,1.715751
2025-02-13 12:00:00,20.620392,6.6796875,153.93343,99980.76,0.0,1.4766781
2025-02-14 12:00:00,17.786224,11.367157,95.382065,99176.484,3.7711823e-05,3.4392068
2025-02-15 12:00:00,11.816437,3.8678894,180.90266,99617.87,2.0778723e-08,3.135015
2025-02-16 12:00:00,5.125366,-2.3480225,58.05343,100661.44,1.42362915e-05,2.9406075
2025-02-17 12:00:00,0.40255737,-1.8469543,80.17436,100698.24,4.456251e-05,3.5613003
2025-02-18 12:00:00,2.4441528,-11.808411,165.12402,100687.74,3.8737647e-07,1.5665257
2025-02-19 12:00:00,4.735382,-5.147644,140.35681,100391.52,3.7528086e-08,0.9117598
2025-02-20 12:00:00,7.1274414,-4.9374084,163.00876,100234.52,7.501766e-07,2.0164595
2025-02-21 12:00:00,4.093048,-7.989624,195.59152,100582.914,3.215268e-06,2.7551284
2025-02-22 12:00:00,3.9622498,-10.152954,192.72061,100972.21,3.4473928e-08,2.0610015
2025-02-23 12:00:00,8.688751,-7.1036987,200.13594,100180.66,0.0,3.084098
2025-02-24 12:00:00,6.876526,-1.7037659,116.09674,99781.91,4.278692e-06,3.7754052
2025-02-25 12:00:00,10.869476,-6.0055847,203.17664,99582.18,0.0,3.1117878
2025-02-26 12:00:00,8.954468,-3.774109,188.73825,99569.734,0.0,2.513695
2025-02-27 12:00:00,4.479645,-2.505127,183.54591,99750.305,7.873062e-07,2.8220918
2025-02-28 12:00:00,6.9567566,-7.00235,102.68216,99572.86,1.8601428e-05,1.9481604
2025-03-01 12:00:00,3.6431274,-12.719055,125.62411,100001.92,3.5853664e-05,3.2276247
2025-03-02 12:00:00,-10.117676,-17.627365,226.57036,100855.375,0.0,4.8405566
2025-03-03 12:00:00,-3.0874329,-19.058655,225.24675,100876.2,0.0,1.6523607
2025-03-04 12:00:00,-0.33224487,-7.599182,76.85161,100287.33,8.018369e-06,3.1635206
2025-03-05 12:00:00,1.8860168,-1.362854,61.92312,99992.32,5.8024078e-05,2.4890227
2025-03-06 12:00:00,2.6203918,0.12667847,61.673565,99497.66,9.91631e-05,3.1655533
2025-03-07 12:00:00,8.856018,1.3618469,185.78125,99308.31,2.8860708e-05,3.7847412
2025-03-08 12:00:00,13.963684,-2.736023,209.29729,99822.97,0.0,2.1863341
2025-03-09 12:00:00,13.446655,-4.701599,231.28056,100175.71,0.0,1.772928
2025-03-10 12:00:00,9.218292,2.39859,176.89685,100073.84,9.862181e-07,3.21826
2025-03-11 12:00:00,3.9289246,-6.7432556,199.14928,100614.91,4.6402755e-07,2.8735693
2025-03-12 12:00:00,7.217926,-7.6437073,233.52588,101103.07,3.88754e-07,0.3728719
2025-03-13 12:00:00,15.360596,-4.154297,228.89162,100657.234,0.0,1.55152
2025-03-14 12:00:00,13.629974,-1.8038025,99.79555,99566.07,2.2835377e-05,1.2747451
2025-03-15 12:00:00,12.063507,2.6190796,69.888016,99102.22,2.0176783e-05,5.2131586
2025-03-16 12:00:00,4.7136536,-0.77627563,112.2728,99836.805,5.923746e-06,2.4013517
2025-03-17 12:00:00,9.518921,-7.259613,246.72775,100332.32,6.3239287e-07,0.7690442
2025-03-18 12:00:00,18.268127,4.018402,212.403,99817.77,0.0,3.3006508
2025-03-19 12:00:00,16.722443,5.9088135,247.59314,99588.52,0.0,3.2038693
2025-03-20 12:00:00,13.828033,6.490753,53.187695,98887.414,0.00029615583,1.3088024
2025-03-21 12:00:00,7.720581,-2.3377686,79.33639,99274.414,9.081222e-05,5.2132673
2025-03-22 12:00:00,2.8395386,-5.2096252,221.9373,100883.086,1.2057074e-05,1.9571444
2025-03-23 12:00:00,10.951233,-4.785736,261.9564,101332.11,8.143856e-08,2.8020277
2025-03-24 12:00:00,16.117645,-3.339386,206.71843,100829.82,0.0,2.0779321
2025-03-25 12:00:00,15.588013,5.361664,169.96399,100821.24,5.939635e-07,0.8582864
2025-03-26 12:00:00,16.424347,2.2303772,255.31998,101180.82,2.0485324e-07,1.9368001
2025-03-27 12:00:00,18.358887,1.2869263,260.3947,101421.88,7.5074844e-08,1.7691501
2025-03-28 12:00:00,21.084137,4.387451,262.46487,101143.5,0.0,2.1844559
2025-03-29 12:00:00,19.348267,9.417267,94.5926,100755.43,2.3563332e-07,2.668308
2025-03-30 12:00:00,21.62033,15.99939,200.80156,100038.61,1.02663286e-07,4.7422285
2025-03-31 12:00:00,22.236298,15.889618,149.90016,99352.9,7.7432946e-05,5.0858994
2025-04-01 12:00:00,20.60086,11.122162,215.50266,99750.766,0.0,1.6146952
2025-04-02 12:00:00,14.682312,3.837677,274.78235,100822.68,3.8386855e-08,2.4600904
2025-04-03 12:00:00,17.40213,1.8156433,274.44775,100969.12,0.0,2.0517237
2025-04-04 12:00:00,20.206085,7.4825745,213.40544,100395.14,0.0,1.7503276
2025-04-05 12:00:00,18.279602,8.62738,32.515846,99730.34,0.00047468758,3.7243514
2025-04-06 12:00:00,8.630463,4.836609,65.65076,100250.67,0.00012936597,6.4117947
2025-04-07 12:00:00,12.51181,6.3352966,147.47018,100391.74,2.4840558e-06,3.8831508
2025-04-08 12:00:00,14.043488,4.1779785,178.00836,100221.46,1.7131357e-06,1.5747764
2025-04-09 12:00:00,19.097626,7.282196,136.31557,100042.92,1.5636342e-05,1.5621036
2025-04-10 12:00:00,23.851105,13.635712,200.69635,99848.91,4.7262433e-06,2.4843037
2025-04-11 12:00:00,22.093323,12.441071,123.862206,99970.13,0.00035077654,0.9192173
2025-04-12 12:00:00,21.528229,7.374298,295.7412,100110.625,0.0,2.1675932
2025-04-13 12:00:00,19.01062,8.342834,293.8988,100433.02,4.5071413e-08,2.9984744
2025-04-14 12:00:00,20.197723,6.2385864,299.27515,100695.445,0.0,1.5418867
2025-04-15 12:00:00,22.946564,9.221954,303.57104,100670.4,0.0,1.9683428
2025-04-16 12:00:00,25.203705,10.977325,299.97375,100170.57,0.0,2.861988
2025-04-17 12:00:00,26.27298,11.781097,264.48615,99949.59,2.8345878e-05,1.0131084
2025-04-18 12:00:00,19.098114,6.7875977,311.18594,100775.87,1.5824477e-09,3.2424686
2025-04-19 12:00:00,22.805603,5.5651855,284.0413,100644.016,0.0,1.9961071
2025-04-20 12:00:00,27.324127,11.68158,302.8428,99854.05,0.0,3.4613278
2025-04-21 12:00:00,24.965515,19.987732,148.48648,99604.7,0.0,4.796703
2025-04-22 12:00:00,20.883484,14.331329,286.1815,99952.33,6.966608e-05,1.538181
2025-04-23 12:00:00,25.277893,11.915039,288.26782,100063.2,1.3264243e-08,1.5751297
2025-04-24 12:00:00,25.450104,16.615234,219.5769,99782.336,1.1282817e-05,1.652155
2025-04-25 12:00:00,22.962585,10.905182,320.75793,100081.7,3.9805946e-05,2.1998475
2025-04-26 12:00:00,21.483582,11.593018,268.0544,99835.79,0.0,1.4651985
2025-04-27 12:00:00,25.41861,11.5815735,309.08786,99322.375,4.2383498e-08,2.06435
2025-04-28 12:00:00,30.661285,20.829956,309.3722,98931.08,0.0,3.4541795
2025-04-29 12:00:00,29.87973,19.263336,234.4967,99282.14,8.5726526e-05,1.486072
2025-04-30 12:00:00,30.0253,20.622864,314.9628,99361.88,2.7901496e-07,3.7563756
2025-05-01 12:00:00,28.229645,19.83316,153.32497,99627.27,2.0883599e-05,3.4912212
2025-05-02 12:00:00,24.173004,13.820923,128.5533,99608.22,0.00013434546,1.8181006
2025-05-03 12:00:00,15.22934,9.7977295,193.62854,99446.98,4.174006e-06,2.9078565
2025-05-04 12:00:00,17.864563,6.20697,325.29935,99176.42,1.8526615e-09,1.9919468
2025-05-05 12:00:00,20.173553,8.306488,333.94455,99460.27,0.0,1.620603
2025-05-06 12:00:00,22.56842,8.299164,327.799,99550.7,0.0,2.6316226
2025-05-07 12:00:00,23.620514,13.211456,224.76134,99105.53,0.0,3.1514418
2025-05-08 12:00:00,25.557098,12.63385,321.09503,99139.33,0.0,2.0774922
2025-05-09 12:00:00,26.935272,15.346252,328.79288,99536.555,0.0,2.3513575
2025-05-10 12:00:00,28.90271,14.788116,296.52292,99577.88,0.0,2.2223725
2025-05-11 12:00:00,29.438995,18.590485,267.85074,99622.19,0.0,3.4191086
2025-05-12 12:00:00,27.895935,19.095428,166.59694,99322.26,0.00019794286,3.2269168
2025-05-13 12:00:00,25.633606,16.461517,301.59045,99514.734,0.00024099094,0.83139366
2025-05-14 12:00:00,28.039124,17.49765,309.87274,99543.625,4.591224e-07,2.0647693
2025-05-15 12:00:00,30.896729,22.779694,311.78973,99720.234,1.4454388e-10,3.7553859
2025-05-16 12:00:00,31.717194,23.23526,320.03082,99931.52,1.5309723e-09,3.7341604
2025-05-17 12:00:00,29.65622,20.606476,178.83534,99537.734,4.4921784e-05,4.199046
2025-05-18 12:00:00,31.991028,19.387177,339.29105,99682.414,0.0,3.2701478
2025-05-19 12:00:00,30.257263,15.98172,338.17468,100169.12,8.155964e-06,1.7808033
2025-05-20 12:00:00,24.728607,14.299683,125.93132,100558.66,1.2884165e-05,2.4281666
2025-05-21 12:00:00,19.612152,14.539429,54.772144,100622.945,0.00039739124,2.4826226
2025-05-22 12:00:00,26.626709,15.357025,190.91696,100147.36,7.220552e-05,1.7698886
2025-05-23 12:00:00,25.999817,17.967377,239.142,99741.45,0.00012219646,2.355976
2025-05-24 12:00:00,24.572144,17.256805,284.7299,99685.58,3.1900167e-06,2.463209
2025-05-25 12:00:00,21.386627,7.848633,359.33868,100407.84,0.0,2.0120637
2025-05-26 12:00:00,25.29831,10.633911,327.55255,100284.586,0.0,2.0621624
2025-05-27 12:00:00,28.318695,15.189148,280.27084,100085.125,2.8524423e-07,2.468412
2025-05-28 12:00:00,30.24643,18.192627,296.1563,100083.69,1.9768331e-05,1.8665607
2025-05-29 12:00:00,31.385986,17.874939,290.90234,99813.64,1.7251687e-05,1.6859462
2025-05-30 12:00:00,29.416382,18.744415,353.50867,99895.6,7.975001e-05,0.9933776
2025-05-31 12:00:00,32.130463,15.027893,348.43484,99897.38,0.0,1.6775115
2025-06-01 12:00:00,34.632782,21.952606,341.19983,99574.42,0.0,2.9690328
2025-06-02 12:00:00,34.298676,25.524475,336.76825,99372.305,3.837729e-06,3.6659644
2025-06-03 12:00:00,31.11554,17.821045,333.72604,99290.56,0.00041427146,2.5680103
2025-06-04 12:00:00,31.186707,16.23761,356.5455,99786.06,0.0,1.6309161
2025-06-05 12:00:00,34.038025,19.10257,341.22974,99945.86,0.0,1.5949378
2025-06-06 12:00:00,33.493286,21.295776,247.13794,99790.4,0.0,2.196398
2025-06-07 12:00:00,30.121368,17.828705,360.53348,99871.71,9.40727e-06,3.625532
2025-06-08 12:00:00,24.467285,11.108978,279.03024,100184.17,0.0,1.5906132
2025-06-09 12:00:00,28.516266,14.006561,293.1414,100006.48,0.0,1.4838206
2025-06-10 12:00:00,32.16263,16.944763,282.78586,99755.7,9.101806e-06,1.8036695
2025-06-11 12:00:00,32.521027,18.167053,350.50885,99439.17,1.4559556e-05,1.657809
2025-06-12 12:00:00,32.009644,17.607666,332.39563,99197.35,0.0,2.3201094
2025-06-13 12:00:00,30.603668,17.810577,353.8233,99301.99,0.0,2.73077
2025-06-14 12:00:00,28.807465,13.088654,365.65338,99816.34,0.0,1.6764083
2025-06-15 12:00:00,30.931732,14.292236,324.3179,99661.125,0.0,2.366164
2025-06-16 12:00:00,33.858643,22.904999,252.58188,98986.65,2.0221885e-05,3.774607
2025-06-17 12:00:00,36.670288,28.348083,323.19266,98838.44,0.0,4.2106304
2025-06-18 12:00:00,36.191803,28.55362,347.57022,99124.54,0.0,4.4468026
2025-06-19 12:00:00,36.735565,28.985565,322.33325,99547.2,3.2821262e-08,4.3481774
2025-06-20 12:00:00,37.243988,28.97876,307.47314,99828.35,0.0,3.1067019
2025-06-21 12:00:00,36.312378,27.80603,285.7885,99983.445,4.4807763e-05,1.1361431
2025-06-22 12:00:00,38.59323,24.706512,324.66162,99987.09,6.9943994e-08,0.652182
2025-06-23 12:00:00,36.380737,22.486572,357.963,100219.13,6.7837886e-06,3.0947092
2025-06-24 12:00:00,32.341797,19.87439,312.0012,100268.19,0.0,2.0720305
2025-06-25 12:00:00,33.3002,20.877808,330.69327,100487.88,0.0,2.3641682
2025-06-26 12:00:00,34.1774,17.732178,361.16403,100685.16,0.0,1.9691646
2025-06-27 12:00:00,36.878174,17.946625,357.62454,100486.66,0.0,0.6333354
2025-06-28 12:00:00,38.02054,24.177155,348.95087,100245.836,0.0,2.4715354
2025-06-29 12:00:00,37.03311,24.660522,302.41852,100136.805,0.0,2.9212668
2025-06-30 12:00:00,38.849976,26.453583,257.20917,99821.06,7.9530124e-05,1.9287696
2025-07-01 12:00:00,32.1586,23.351135,290.43045,99994.12,1.1078689e-05,1.5323347
2025-07-02 12:00:00,34.383545,22.7836,257.2463,99926.78,2.4095013e-09,1.6120697
2025-07-03 12:00:00,33.263855,19.485687,93.80736,99917.14,0.0011781289,2.1312985
2025-07-04 12:00:00,31.450867,21.00055,150.3041,99756.41,0.00023627574,1.6463327
2025-07-05 12:00:00,36.80606,22.427643,307.97195,99600.91,2.4391229e-05,2.0154111
2025-07-06 12:00:00,36.55774,25.416504,341.8881,99771.13,1.7751541e-06,2.2603502
2025-07-07 12:00:00,36.72461,25.27295,343.91357,99864.34,0.0,2.3131127
2025-07-08 12:00:00,37.86154,22.942352,344.58105,99820.77,0.0,1.9563147
2025-07-09 12:00:00,39.13092,25.634613,332.9598,99880.016,0.0,1.584541
2025-07-10 12:00:00,37.991364,27.164368,225.08154,100004.02,1.0422671e-05,1.4522597
2025-07-11 12:00:00,35.62982,23.150818,339.0116,100214.82,0.0,2.781146
2025-07-12 12:00:00,33.67749,22.625824,280.7518,100145.58,0.0,2.7784517
2025-07-13 12:00:00,34.901245,23.843323,262.60834,100041.04,0.0,1.656313
2025-07-14 12:00:00,38.14569,22.396149,344.51514,99972.94,0.0,1.5905863
2025-07-15 12:00:00,35.5325,23.632507,346.6578,100135.61,0.0,2.6592994
2025-07-16 12:00:00,36.432373,18.386597,349.03152,99969.734,0.0,1.4518511
2025-07-17 12:00:00,39.64801,25.768677,275.8372,99625.78,1.2058167e-09,1.1000508
2025-07-18 12:00:00,35.38376,21.200775,341.22464,100109.28,0.0,3.0072231
2025-07-19 12:00:00,35.61438,19.167877,341.14053,100267.68,0.0,2.1976554
2025-07-20 12:00:00,37.03424,20.338684,342.35648,100150.48,0.0,1.6596833
2025-07-21 12:00:00,37.85486,22.537567,272.12115,99816.41,0.0,1.0909923
2025-07-22 12:00:00,37.742004,21.988983,319.51013,99751.64,2.2069189e-05,1.6396284
2025-07-23 12:00:00,39.113586,24.589478,332.73282,99500.88,0.0,2.0403998
2025-07-24 12:00:00,40.369476,28.353424,318.91348,99253.33,0.0,2.6556609
2025-07-25 12:00:00,40.170715,30.493439,325.9835,99263.164,0.0,3.2946365
2025-07-26 12:00:00,40.459198,28.485535,330.64655,99547.22,0.0,2.533428
2025-07-27 12:00:00,41.172394,28.631958,328.2325,99793.305,0.0,2.676042
2025-07-28 12:00:00,40.9187,29.99762,325.2257,99659.09,0.0,3.0992446
2025-07-29 12:00:00,42.71457,29.2258,293.6842,99562.375,1.9811929e-05,2.0800025
2025-07-30 12:00:00,39.16217,24.426636,283.50107,99856.97,1.0550464e-05,1.9726286
2025-07-31 12:00:00,37.334076,25.067139,288.95438,100153.84,0.000112021575,1.8008989
2025-08-01 12:00:00,36.935852,25.628235,318.4275,100314.96,0.0,1.6851032
2025-08-02 12:00:00,37.723938,23.54126,328.25317,100195.805,0.0,2.1593325
2025-08-03 12:00:00,39.28061,21.73352,327.40076,99914.42,0.0,1.5255446
2025-08-04 12:00:00,40.212128,23.860992,310.84256,99702.72,1.7631072e-07,1.22733
2025-08-05 12:00:00,39.731964,27.64331,316.54376,99628.72,0.0,2.203066
2025-08-06 12:00:00,38.11563,28.308594,272.4458,99623.76,0.0,2.6445916
2025-08-07 12:00:00,36.43524,22.344269,139.16354,99634.055,0.00013204462,2.449803
2025-08-08 12:00:00,36.39151,24.68805,244.65099,99565.3,0.0,0.937713
2025-08-09 12:00:00,37.94818,23.085876,298.04306,99709.79,0.0,0.5386259
2025-08-10 12:00:00,37.127502,26.483063,275.97528,99821.555,0.0,1.5463519
2025-08-11 12:00:00,38.36377,21.578949,316.23926,99718.59,0.0,1.8224686
2025-08-12 12:00:00,40.10565,23.098816,308.36267,99628.65,0.0,0.87890786
2025-08-13 12:00:00,41.148376,24.205048,312.6669,99686.25,0.0,0.57438874
2025-08-14 12:00:00,40.117798,23.014435,306.5541,99869.14,0.0,1.2535539
2025-08-15 12:00:00,40.12149,26.297485,292.48486,99977.46,0.0,1.8148043
2025-08-16 12:00:00,37.73752,22.775757,199.94612,99751.04,5.4512544e-05,1.9680531
2025-08-17 12:00:00,36.273438,25.383972,278.7908,99596.414,2.729761e-06,1.9322246
2025-08-18 12:00:00,35.238922,24.20758,239.37871,99448.0,0.0,2.1044412
2025-08-19 12:00:00,33.340332,28.29538,167.4473,99230.99,0.0,1.3241441
2025-08-20 12:00:00,32.555756,23.834503,263.29147,99443.914,0.0,1.5312043
2025-08-21 12:00:00,35.591522,21.930206,294.02576,99516.445,0.0,0.5012019
2025-08-22 12:00:00,37.153107,24.022797,289.12646,99711.87,0.0,2.6494038
2025-08-23 12:00:00,41.038513,29.074799,257.97586,99785.63,0.0,2.7298963
2025-08-24 12:00:00,41.5856,27.815369,263.46542,99693.43,2.6024196e-05,1.9271191
2025-08-25 12:00:00,39.968506,25.366669,282.34897,99641.266,3.1528486e-07,0.8590952
2025-08-26 12:00:00,37.998657,21.444855,221.76015,99705.09,7.0458016e-05,2.679547
2025-08-27 12:00:00,35.03943,21.48108,225.10974,99736.97,6.0852053e-05,1.4138137
2025-08-28 12:00:00,39.14496,22.607574,282.82083,99827.875,0.0,1.4681234
2025-08-29 12:00:00,39.76825,25.33017,266.3628,100042.1,0.0,0.9112381
2025-08-30 12:00:00,37.495575,25.123688,266.5274,100094.62,0.0,1.643588
2025-08-31 12:00:00,38.868988,25.917877,253.4572,99820.8,5.9547995e-07,1.2045342
2025-09-01 12:00:00,36.48993,25.899048,195.49174,99654.41,1.388164e-05,1.793416
2025-09-02 12:00:00,36.4989,24.753418,215.85228,99644.69,4.6438694e-05,0.86965644
2025-09-03 12:00:00,33.132843,23.563904,231.33458,99742.84,8.8807434e-07,1.7651094
2025-09-04 12:00:00,35.776947,24.68216,218.45044,99580.69,0.0,0.7287259
2025-09-05 12:00:00,34.026367,23.037048,170.60858,99815.22,0.00010184403,0.9881393
2025-09-06 12:00:00,33.274628,23.489288,223.49672,100110.03,0.0001263429,0.3919469
2025-09-07 12:00:00,28.76947,22.710693,98.827484,100217.12,6.4460187e-06,1.2138237
2025-09-08 12:00:00,32.67984,20.157227,264.73087,100277.16,0.0,2.1566923
2025-09-09 12:00:00,32.511047,24.032318,229.35837,100208.93,4.005285e-05,2.0356622
2025-09-10 12:00:00,31.770447,24.091705,166.93407,100013.875,6.500204e-05,1.5550381
2025-09-11 12:00:00,26.791046,19.509247,252.0018,99982.63,0.00015353873,3.0249658
2025-09-12 12:00:00,26.984558,14.370636,264.3102,100260.94,0.0,2.2864528
2025-09-13 12:00:00,27.2659,13.139984,264.95016,100361.36,0.0,2.007677
2025-09-14 12:00:00,27.544342,12.843292,264.0356,100337.98,0.0,2.1920645
2025-09-15 12:00:00,29.05478,11.686951,264.41486,100508.664,0.0,2.0784743
2025-09-16 12:00:00,31.879272,15.988434,253.25029,100589.49,0.0,2.0798342
2025-09-17 12:00:00,31.041992,18.162994,184.1667,100484.37,0.0,2.0616493
2025-09-18 12:00:00,32.148895,19.443115,227.43285,100155.33,0.0,0.85707945
2025-09-19 12:00:00,31.315582,18.647614,240.73225,99810.26,0.0,1.9779018
2025-09-20 12:00:00,27.579224,19.336578,59.348907,99672.664,0.000102164566,1.0791053
2025-09-21 12:00:00,27.243073,18.587738,167.24731,99474.63,1.1654458e-06,1.4446061
2025-09-22 12:00:00,28.113434,20.076233,191.26158,99287.58,2.7247895e-06,1.1296945
2025-09-23 12:00:00,32.472626,20.179138,197.94502,99331.95,0.0,1.6441033
2025-09-24 12:00:00,29.74237,20.00943,141.71844,99520.36,4.5604695e-05,2.1905267
2025-09-25 12:00:00,26.172302,20.75119,80.18558,99423.125,3.5799032e-05,1.1702892
2025-09-26 12:00:00,22.132172,16.309906,152.59973,99714.92,2.1867743e-06,1.837068
2025-09-27 12:00:00,25.036133,15.179169,189.99527,99457.72,4.3440738e-07,1.7141058
2025-09-28 12:00:00,21.751526,13.935333,237.48112,99943.55,0.0,3.3913245
2025-09-29 12:00:00,19.325897,7.8904724,233.5226,100387.86,0.0,1.8437234
2025-09-30 12:00:00,20.20523,4.576782,234.24028,100942.3,0.0,1.1343453
2025-10-01 12:00:00,23.328552,7.032898,226.3832,101054.22,0.0,1.4922932
2025-10-02 12:00:00,25.329712,8.007904,227.85464,100907.84,0.0,1.2838273
2025-10-03 12:00:00,25.959412,12.004761,159.14117,100733.76,0.0,1.9530054
2025-10-04 12:00:00,25.108185,10.320496,164.28146,100772.67,6.75826e-06,1.8403604
2025-10-05 12:00:00,20.477081,16.664917,59.287155,100652.74,0.00017950452,1.4567207
2025-10-06 12:00:00,21.31485,16.362427,92.31358,100424.08,4.629478e-06,1.4196771
2025-10-07 12:00:00,22.863708,14.766968,154.7722,100244.414,1.9445756e-06,1.6982744
2025-10-08 12:00:00,23.08368,14.070679,193.8938,100058.73,2.2533686e-07,1.4595212
2025-10-09 12:00:00,24.245087,12.592163,199.51237,99803.46,2.1177483e-07,1.1483463
2025-10-10 12:00:00,30.032623,13.071167,188.40977,99482.59,0.0,1.1963216
2025-10-11 12:00:00,29.53128,14.798798,199.82239,99754.414,0.0,1.4352404
2025-10-12 12:00:00,30.141571,13.19519,197.79543,99897.08,0.0,2.7141352
2025-10-13 12:00:00,31.260406,21.86084,137.60413,99435.234,0.0,1.1856954
2025-10-14 12:00:00,24.804443,13.783081,115.82326,100621.28,0.0,3.277613
2025-10-15 12:00:00,18.187408,4.1795654,198.45921,101355.234,0.0,1.2226737
2025-10-16 12:00:00,24.947388,6.176483,191.00061,100841.57,0.0,2.0079973
2025-10-17 12:00:00,32.10022,14.127045,187.06657,99721.11,0.0,2.7599947
2025-10-18 12:00:00,29.47464,16.410248,195.8737,99958.79,0.0,5.05593
2025-10-19 12:00:00,16.28946,5.0726013,194.0001,100700.86,0.0,2.4037535
2025-10-20 12:00:00,18.308533,2.4195557,189.30846,100931.23,0.0,0.84423274
2025-10-21 12:00:00,16.997955,4.693878,132.17572,101248.39,0.0,2.2089283
2025-10-22 12:00:00,18.045319,9.802124,88.961105,101111.92,0.0,1.4663912
2025-10-23 12:00:00,19.635742,5.2894287,176.83339,100800.33,0.0,1.8265637
2025-10-24 12:00:00,22.713928,7.0615234,170.18614,100426.7,0.0,1.9381627
2025-10-25 12:00:00,21.15982,12.444763,60.69325,100016.33,3.4394092e-05,2.028103
2025-10-26 12:00:00,22.420074,15.667603,139.57758,99285.766,0.000107680506,3.005164
2025-10-27 12:00:00,19.08664,9.619354,28.373363,99057.61,0.0001768498,1.3305031
2025-10-28 12:00:00,12.839966,5.914337,172.63283,99896.414,3.858657e-06,3.9352071
2025-10-29 12:00:00,11.363342,5.132019,175.17963,100198.92,0.0,4.395871
2025-10-30 12:00:00,14.77536,1.6854553,80.116104,99391.47,4.2483816e-08,1.6472467
2025-10-31 12:00:00,14.292877,7.497772,81.40718,98335.164,8.32728e-05,1.271348
2025-11-01 12:00:00,11.959351,1.978302,158.15611,99234.45,3.3091642e-06,1.8659953
2025-11-02 12:00:00,10.5177,3.7214966,163.17001,100006.05,6.196538e-07,4.152692
2025-11-03 12:00:00,11.099548,1.5325317,132.55414,100487.58,6.733826e-08,1.9729465
2025-11-04 12:00:00,12.50882,7.978424,28.89635,100189.71,0.000102367696,2.395057
2025-11-05 12:00:00,16.43811,9.305145,25.476269,100082.03,0.00028727192,2.1862772
2025-11-06 12:00:00,18.184448,10.613495,38.746563,99674.54,0.00015762629,2.63887
2025-11-07 12:00:00,13.109528,3.7536926,151.01982,100550.65,2.05366e-06,1.1778082
2025-11-08 12:00:00,17.870087,5.3678284,148.67175,99903.37,0.0,3.4248405
2025-11-09 12:00:00,18.844635,5.3740234,101.24891,99406.65,2.1570073e-05,2.3492467
2025-11-10 12:00:00,8.186249,2.202057,144.03883,100703.98,7.629964e-07,3.7729468
2025-11-11 12:00:00,6.0141907,-2.3391113,136.02266,100821.66,2.1373821e-06,1.3394369
2025-11-12 12:00:00,6.1588135,0.09448242,53.055374,100217.07,9.685925e-09,2.1093137
2025-11-13 12:00:00,5.486023,2.725525,45.65815,99696.54,2.2073988e-05,1.4520162
2025-11-14 12:00:00,10.722778,-2.2345276,132.69655,99923.03,1.7042155e-06,1.5904131
2025-11-15 12:00:00,7.73526,3.347107,48.319027,99415.555,5.0991297e-05,2.7248445
2025-11-16 12:00:00,9.719696,4.1063538,44.727886,99699.15,5.4006287e-05,2.1211379
2025-11-17 12:00:00,5.3562927,3.1220093,34.15631,100357.53,2.611934e-05,3.156497
2025-11-18 12:00:00,4.334015,2.1489868,27.359388,99319.984,0.00039755803,4.4556017
2025-11-19 12:00:00,3.1417847,-0.4765625,51.60608,98724.47,7.033002e-05,3.1086705
2025-11-20 12:00:00,6.262451,-0.44821167,109.96573,99909.74,2.746171e-06,2.2322004
2025-11-21 12:00:00,6.198456,-4.9086304,59.939392,101237.805,1.0690264e-06,1.4161884
2025-11-22 12:00:00,7.2575073,1.4390564,76.349655,101108.37,4.8419383e-07,3.1621757
2025-11-23 12:00:00,7.827942,1.087677,17.019594,99866.32,0.00062117365,6.9965615
2025-11-24 12:00:00,8.001892,1.2944641,78.58448,99914.26,2.9606346e-05,2.3743005
2025-11-25 12:00:00,6.1528015,-1.7295227,84.21611,99975.88,1.0366258e-05,0.9804336
2025-11-26 12:00:00,9.586304,1.2061768,107.24455,99838.09,1.4985544e-06,2.702981
2025-11-27 12:00:00,11.909637,2.1096802,116.81681,99918.766,7.03898e-08,1.9801315
2025-11-28 12:00:00,11.742676,1.6633301,59.671993,99532.05,1.1794178e-06,2.5414467
2025-11-29 12:00:00,12.739563,3.9896545,116.71268,100429.945,1.9140634e-05,3.379445
2025-11-30 12:00:00,10.351807,-2.7230835,109.51906,100506.57,4.712734e-07,2.0696135
2025-12-01 12:00:00,17.485992,8.4227295,88.21703,99645.2,1.5723352e-05,1.9096626
2025-12-02 12:00:00,14.530731,8.012207,26.862944,99733.164,0.0001246797,2.9247959
2025-12-03 12:00:00,16.61618,4.5533752,120.161606,99494.51,0.0001222011,3.8677213
2025-12-04 12:00:00,4.406952,-2.5803833,59.33866,101524.66,3.269055e-07,1.9544022
2025-12-05 12:00:00,1.2798462,-0.77020264,28.350523,101674.91,0.00039738574,3.3593245
2025-12-06 12:00:00,0.48233032,-0.27670288,26.373041,100871.6,0.00019524184,2.1596034
2025-12-07 12:00:00,1.7324219,0.26010132,59.54779,100478.266,3.969963e-05,2.4793978
2025-12-08 12:00:00,3.7182007,-8.315247,119.41741,101512.84,5.0964223e-07,2.3477156
2025-12-09 12:00:00,6.0899963,-10.182007,112.18306,101625.61,3.3502997e-07,2.1014986
2025-12-10 12:00:00,5.192505,-6.484131,104.49583,100930.516,0.0,2.2641673
2025-12-11 12:00:00,0.19815063,-10.694214,117.422646,101413.64,1.727375e-07,1.6865994
2025-12-12 12:00:00,3.827118,-7.9464417,66.52721,101027.88,0.0,2.7812517
2025-12-13 12:00:00,5.35968,1.0131836,16.738636,100300.11,0.00019045871,3.0476074
2025-12-14 12:00:00,5.3927,-0.13589478,63.431805,99620.74,9.989501e-05,4.0297427
2025-12-15 12:00:00,4.860504,-5.70224,114.3325,100706.016,1.0392803e-06,2.0787663
2025-12-16 12:00:00,7.9471436,-4.1255493,113.18798,100378.375,2.6624283e-10,1.2145318
2025-12-17 12:00:00,12.298737,-1.2236633,106.25882,100470.56,0.0,1.8814694
2025-12-18 12:00:00,13.878906,-0.6246948,99.34836,100244.336,1.3240016e-06,2.124083
2025-12-19 12:00:00,10.835815,2.0303955,64.33149,100296.43,3.353522e-06,0.9928046
2025-12-20 12:00:00,5.838928,1.8572998,80.83181,100684.76,5.6180875e-06,4.161324
2025-12-21 12:00:00,5.899048,0.3696289,89.33092,101358.945,2.3650089e-06,3.2002296
2025-12-22 12:00:00,7.6828003,-4.055725,97.80924,101333.47,1.0843778e-06,2.2953289
2025-12-23 12:00:00,11.6293335,4.8945007,80.396034,100869.17,4.3686054e-05,1.7838402
2025-12-24 12:00:00,7.8542786,0.8361511,81.996475,101596.97,3.3824376e-06,2.6872253
2025-12-25 12:00:00,2.9528809,-0.7022705,46.1871,102254.79,7.154755e-06,1.9955404
2025-12-26 12:00:00,1.9942627,-6.685669,109.26364,101868.6,4.6533587e-06,1.5056401
2025-12-27 12:00:00,3.0589294,-8.134155,111.38932,101272.266,1.5573717e-06,1.4540004
2025-12-28 12:00:00,4.3414307,-7.22641,77.248634,100929.95,2.734501e-06,1.1614976
2025-12-29 12:00:00,2.513855,-3.7834167,110.24821,101026.61,3.7636482e-06,2.5488877
2025-12-30 12:00:00,3.4487,-8.829224,106.12961,100392.27,1.2894651e-06,1.6025369
2025-12-31 12:00:00,0.7879944,-4.785858,49.214146,100248.0,1.0153e-06,1.0955987
